solid ASCII
  facet normal 3.482268e-17 -9.801714e-02 -9.951847e-01
    outer loop
      vertex   6.308063e+01 -4.000000e+00 0.000000e+00
      vertex   6.808063e+01 -4.000000e+00 0.000000e+00
      vertex   6.267472e+01 -4.195090e+00 1.921472e-02
    endloop
  endfacet
  facet normal 2.332251e-03 -1.618192e-01 -9.868177e-01
    outer loop
      vertex   6.267472e+01 -4.195090e+00 1.921472e-02
      vertex   6.808063e+01 -4.000000e+00 0.000000e+00
      vertex   6.454031e+01 -4.258819e+00 3.407417e-02
    endloop
  endfacet
  facet normal -2.144616e-03 -2.861952e-01 -9.581689e-01
    outer loop
      vertex   6.267472e+01 -4.195090e+00 1.921472e-02
      vertex   6.454031e+01 -4.258819e+00 3.407417e-02
      vertex   6.228441e+01 -4.382684e+00 7.612047e-02
    endloop
  endfacet
  facet normal 3.792298e-03 -3.826807e-01 -9.238729e-01
    outer loop
      vertex   6.228441e+01 -4.382684e+00 7.612047e-02
      vertex   6.454031e+01 -4.258819e+00 3.407417e-02
      vertex   6.454031e+01 -4.500000e+00 1.339746e-01
    endloop
  endfacet
  facet normal -1.714813e-03 -4.686187e-01 -8.833989e-01
    outer loop
      vertex   6.228441e+01 -4.382684e+00 7.612047e-02
      vertex   6.454031e+01 -4.500000e+00 1.339746e-01
      vertex   6.192469e+01 -4.555570e+00 1.685304e-01
    endloop
  endfacet
  facet normal 2.452207e-03 -6.087596e-01 -7.933510e-01
    outer loop
      vertex   6.192469e+01 -4.555570e+00 1.685304e-01
      vertex   6.454031e+01 -4.500000e+00 1.339746e-01
      vertex   6.454031e+01 -4.707107e+00 2.928932e-01
    endloop
  endfacet
  facet normal -5.011914e-16 -6.343933e-01 -7.730105e-01
    outer loop
      vertex   6.192469e+01 -4.555570e+00 1.685304e-01
      vertex   6.454031e+01 -4.707107e+00 2.928932e-01
      vertex   6.160940e+01 -4.707107e+00 2.928932e-01
    endloop
  endfacet
  facet normal -5.646263e-16 -7.730105e-01 -6.343933e-01
    outer loop
      vertex   6.160940e+01 -4.707107e+00 2.928932e-01
      vertex   6.454031e+01 -4.707107e+00 2.928932e-01
      vertex   6.135065e+01 -4.831470e+00 4.444298e-01
    endloop
  endfacet
  facet normal 2.010885e-03 -7.933517e-01 -6.087602e-01
    outer loop
      vertex   6.135065e+01 -4.831470e+00 4.444298e-01
      vertex   6.454031e+01 -4.707107e+00 2.928932e-01
      vertex   6.454031e+01 -4.866025e+00 5.000000e-01
    endloop
  endfacet
  facet normal -3.284651e-04 -8.575479e-01 -5.144040e-01
    outer loop
      vertex   6.135065e+01 -4.831470e+00 4.444298e-01
      vertex   6.454031e+01 -4.866025e+00 5.000000e-01
      vertex   6.124568e+01 -4.881921e+00 5.286033e-01
    endloop
  endfacet
  facet normal 6.553848e-04 -9.042382e-01 -4.270279e-01
    outer loop
      vertex   6.124568e+01 -4.881921e+00 5.286033e-01
      vertex   6.454031e+01 -4.866025e+00 5.000000e-01
      vertex   6.115838e+01 -4.923880e+00 6.173166e-01
    endloop
  endfacet
  facet normal 2.529650e-03 -9.238766e-01 -3.826822e-01
    outer loop
      vertex   6.115838e+01 -4.923880e+00 6.173166e-01
      vertex   6.454031e+01 -4.866025e+00 5.000000e-01
      vertex   6.454031e+01 -4.965926e+00 7.411810e-01
    endloop
  endfacet
  facet normal 6.161361e-04 -9.416893e-01 -3.364831e-01
    outer loop
      vertex   6.115838e+01 -4.923880e+00 6.173166e-01
      vertex   6.454031e+01 -4.965926e+00 7.411810e-01
      vertex   6.108959e+01 -4.956940e+00 7.097153e-01
    endloop
  endfacet
  facet normal -3.087980e-04 -9.699933e-01 -2.431316e-01
    outer loop
      vertex   6.108959e+01 -4.956940e+00 7.097153e-01
      vertex   6.454031e+01 -4.965926e+00 7.411810e-01
      vertex   6.103998e+01 -4.980785e+00 8.049097e-01
    endloop
  endfacet
  facet normal 1.536500e-03 -9.892441e-01 -1.462663e-01
    outer loop
      vertex   6.103998e+01 -4.980785e+00 8.049097e-01
      vertex   6.454031e+01 -4.965926e+00 7.411810e-01
      vertex   6.101002e+01 -4.995185e+00 9.019829e-01
    endloop
  endfacet
  facet normal -1.102556e-03 -9.793031e-01 -2.023961e-01
    outer loop
      vertex   6.101002e+01 -4.995185e+00 9.019829e-01
      vertex   6.454031e+01 -4.965926e+00 7.411810e-01
      vertex   6.603998e+01 -4.980785e+00 8.049097e-01
    endloop
  endfacet
  facet normal -7.028522e-16 -9.891765e-01 -1.467305e-01
    outer loop
      vertex   6.101002e+01 -4.995185e+00 9.019829e-01
      vertex   6.603998e+01 -4.980785e+00 8.049097e-01
      vertex   6.601002e+01 -4.995185e+00 9.019829e-01
    endloop
  endfacet
  facet normal -2.847009e-03 -9.214839e-02 -9.957412e-01
    outer loop
      vertex   6.808063e+01 -4.000000e+00 0.000000e+00
      vertex   6.767472e+01 -4.195090e+00 1.921472e-02
      vertex   6.454031e+01 -4.258819e+00 3.407417e-02
    endloop
  endfacet
  facet normal 1.424528e-03 -2.929974e-01 -9.561122e-01
    outer loop
      vertex   6.454031e+01 -4.258819e+00 3.407417e-02
      vertex   6.767472e+01 -4.195090e+00 1.921472e-02
      vertex   6.728441e+01 -4.382684e+00 7.612047e-02
    endloop
  endfacet
  facet normal -3.117642e-03 -3.826816e-01 -9.238750e-01
    outer loop
      vertex   6.454031e+01 -4.258819e+00 3.407417e-02
      vertex   6.728441e+01 -4.382684e+00 7.612047e-02
      vertex   6.454031e+01 -4.500000e+00 1.339746e-01
    endloop
  endfacet
  facet normal 1.709064e-03 -4.741595e-01 -8.804373e-01
    outer loop
      vertex   6.454031e+01 -4.500000e+00 1.339746e-01
      vertex   6.728441e+01 -4.382684e+00 7.612047e-02
      vertex   6.692469e+01 -4.555570e+00 1.685304e-01
    endloop
  endfacet
  facet normal -2.690025e-03 -6.087592e-01 -7.933505e-01
    outer loop
      vertex   6.454031e+01 -4.500000e+00 1.339746e-01
      vertex   6.692469e+01 -4.555570e+00 1.685304e-01
      vertex   6.454031e+01 -4.707107e+00 2.928932e-01
    endloop
  endfacet
  facet normal 0.000000e+00 -6.343933e-01 -7.730105e-01
    outer loop
      vertex   6.454031e+01 -4.707107e+00 2.928932e-01
      vertex   6.692469e+01 -4.555570e+00 1.685304e-01
      vertex   6.660940e+01 -4.707107e+00 2.928932e-01
    endloop
  endfacet
  facet normal 0.000000e+00 -7.730105e-01 -6.343933e-01
    outer loop
      vertex   6.454031e+01 -4.707107e+00 2.928932e-01
      vertex   6.660940e+01 -4.707107e+00 2.928932e-01
      vertex   6.635065e+01 -4.831470e+00 4.444298e-01
    endloop
  endfacet
  facet normal -3.543000e-03 -7.933484e-01 -6.087576e-01
    outer loop
      vertex   6.454031e+01 -4.707107e+00 2.928932e-01
      vertex   6.635065e+01 -4.831470e+00 4.444298e-01
      vertex   6.454031e+01 -4.866025e+00 5.000000e-01
    endloop
  endfacet
  facet normal 6.152106e-04 -8.580666e-01 -5.135381e-01
    outer loop
      vertex   6.454031e+01 -4.866025e+00 5.000000e-01
      vertex   6.635065e+01 -4.831470e+00 4.444298e-01
      vertex   6.624568e+01 -4.881921e+00 5.286033e-01
    endloop
  endfacet
  facet normal -1.233970e-03 -9.035187e-01 -4.285468e-01
    outer loop
      vertex   6.454031e+01 -4.866025e+00 5.000000e-01
      vertex   6.624568e+01 -4.881921e+00 5.286033e-01
      vertex   6.615838e+01 -4.923880e+00 6.173166e-01
    endloop
  endfacet
  facet normal -5.287189e-03 -9.238666e-01 -3.826781e-01
    outer loop
      vertex   6.454031e+01 -4.866025e+00 5.000000e-01
      vertex   6.615838e+01 -4.923880e+00 6.173166e-01
      vertex   6.454031e+01 -4.965926e+00 7.411810e-01
    endloop
  endfacet
  facet normal -1.402140e-03 -9.412116e-01 -3.378147e-01
    outer loop
      vertex   6.454031e+01 -4.965926e+00 7.411810e-01
      vertex   6.615838e+01 -4.923880e+00 6.173166e-01
      vertex   6.608959e+01 -4.956940e+00 7.097153e-01
    endloop
  endfacet
  facet normal 6.985389e-04 -9.701168e-01 -2.426375e-01
    outer loop
      vertex   6.454031e+01 -4.965926e+00 7.411810e-01
      vertex   6.608959e+01 -4.956940e+00 7.097153e-01
      vertex   6.603998e+01 -4.980785e+00 8.049097e-01
    endloop
  endfacet
  facet normal -7.096868e-16 -9.987955e-01 -4.906767e-02
    outer loop
      vertex   6.601002e+01 -4.995185e+00 9.019829e-01
      vertex   6.600000e+01 -5.000000e+00 1.000000e+00
      vertex   6.101002e+01 -4.995185e+00 9.019829e-01
    endloop
  endfacet
  facet normal -2.209606e-18 -9.987955e-01 -4.906767e-02
    outer loop
      vertex   6.101002e+01 -4.995185e+00 9.019829e-01
      vertex   6.600000e+01 -5.000000e+00 1.000000e+00
      vertex   6.100000e+01 -5.000000e+00 1.000000e+00
    endloop
  endfacet
  facet normal -7.653853e-02 6.123082e-02 -9.951847e-01
    outer loop
      vertex   6.808063e+01 -4.000000e+00 0.000000e+00
      vertex   6.008063e+01 -1.400000e+01 0.000000e+00
      vertex   6.767472e+01 -4.195090e+00 1.921472e-02
    endloop
  endfacet
  facet normal -1.253925e-01 9.905342e-02 -9.871500e-01
    outer loop
      vertex   6.767472e+01 -4.195090e+00 1.921472e-02
      vertex   6.008063e+01 -1.400000e+01 0.000000e+00
      vertex   6.477860e+01 -7.713215e+00 3.407417e-02
    endloop
  endfacet
  facet normal -2.275082e-01 1.832448e-01 -9.563793e-01
    outer loop
      vertex   6.767472e+01 -4.195090e+00 1.921472e-02
      vertex   6.477860e+01 -7.713215e+00 3.407417e-02
      vertex   6.728441e+01 -4.382684e+00 7.612047e-02
    endloop
  endfacet
  facet normal -3.001078e-01 2.374564e-01 -9.238776e-01
    outer loop
      vertex   6.728441e+01 -4.382684e+00 7.612047e-02
      vertex   6.477860e+01 -7.713215e+00 3.407417e-02
      vertex   6.459027e+01 -7.562551e+00 1.339746e-01
    endloop
  endfacet
  facet normal -3.687946e-01 2.964316e-01 -8.809761e-01
    outer loop
      vertex   6.728441e+01 -4.382684e+00 7.612047e-02
      vertex   6.459027e+01 -7.562551e+00 1.339746e-01
      vertex   6.692469e+01 -4.555570e+00 1.685304e-01
    endloop
  endfacet
  facet normal -4.764148e-01 3.789739e-01 -7.933522e-01
    outer loop
      vertex   6.692469e+01 -4.555570e+00 1.685304e-01
      vertex   6.459027e+01 -7.562551e+00 1.339746e-01
      vertex   6.442855e+01 -7.433172e+00 2.928932e-01
    endloop
  endfacet
  facet normal -4.953779e-01 3.963023e-01 -7.730105e-01
    outer loop
      vertex   6.692469e+01 -4.555570e+00 1.685304e-01
      vertex   6.442855e+01 -7.433172e+00 2.928932e-01
      vertex   6.660940e+01 -4.707107e+00 2.928932e-01
    endloop
  endfacet
  facet normal -6.036198e-01 4.828958e-01 -6.343933e-01
    outer loop
      vertex   6.660940e+01 -4.707107e+00 2.928932e-01
      vertex   6.442855e+01 -7.433172e+00 2.928932e-01
      vertex   6.635065e+01 -4.831470e+00 4.444298e-01
    endloop
  endfacet
  facet normal -6.207433e-01 4.940534e-01 -6.087602e-01
    outer loop
      vertex   6.635065e+01 -4.831470e+00 4.444298e-01
      vertex   6.442855e+01 -7.433172e+00 2.928932e-01
      vertex   6.430445e+01 -7.333897e+00 5.000000e-01
    endloop
  endfacet
  facet normal -6.697073e-01 5.361994e-01 -5.137920e-01
    outer loop
      vertex   6.635065e+01 -4.831470e+00 4.444298e-01
      vertex   6.430445e+01 -7.333897e+00 5.000000e-01
      vertex   6.624568e+01 -4.881921e+00 5.286033e-01
    endloop
  endfacet
  facet normal -7.061189e-01 5.640268e-01 -4.281002e-01
    outer loop
      vertex   6.624568e+01 -4.881921e+00 5.286033e-01
      vertex   6.430445e+01 -7.333897e+00 5.000000e-01
      vertex   6.615838e+01 -4.923880e+00 6.173166e-01
    endloop
  endfacet
  facet normal -7.231838e-01 5.749432e-01 -3.826819e-01
    outer loop
      vertex   6.615838e+01 -4.923880e+00 6.173166e-01
      vertex   6.430445e+01 -7.333897e+00 5.000000e-01
      vertex   6.422645e+01 -7.271489e+00 7.411810e-01
    endloop
  endfacet
  facet normal -7.355417e-01 5.875038e-01 -3.373688e-01
    outer loop
      vertex   6.615838e+01 -4.923880e+00 6.173166e-01
      vertex   6.422645e+01 -7.271489e+00 7.411810e-01
      vertex   6.608959e+01 -4.956940e+00 7.097153e-01
    endloop
  endfacet
  facet normal -7.572755e-01 6.062844e-01 -2.428025e-01
    outer loop
      vertex   6.608959e+01 -4.956940e+00 7.097153e-01
      vertex   6.422645e+01 -7.271489e+00 7.411810e-01
      vertex   6.603998e+01 -4.980785e+00 8.049097e-01
    endloop
  endfacet
  facet normal -7.734878e-01 6.164621e-01 -1.472792e-01
    outer loop
      vertex   6.603998e+01 -4.980785e+00 8.049097e-01
      vertex   6.422645e+01 -7.271489e+00 7.411810e-01
      vertex   6.601002e+01 -4.995185e+00 9.019829e-01
    endloop
  endfacet
  facet normal -7.682547e-01 6.146037e-01 -1.790169e-01
    outer loop
      vertex   6.601002e+01 -4.995185e+00 9.019829e-01
      vertex   6.422645e+01 -7.271489e+00 7.411810e-01
      vertex   6.112653e+01 -1.114639e+01 7.411810e-01
    endloop
  endfacet
  facet normal -7.651907e-01 6.126625e-01 -1.978076e-01
    outer loop
      vertex   6.601002e+01 -4.995185e+00 9.019829e-01
      vertex   6.112653e+01 -1.114639e+01 7.411810e-01
      vertex   5.803998e+01 -1.498079e+01 8.049097e-01
    endloop
  endfacet
  facet normal -7.575829e-01 6.057859e-01 -2.430876e-01
    outer loop
      vertex   5.803998e+01 -1.498079e+01 8.049097e-01
      vertex   6.112653e+01 -1.114639e+01 7.411810e-01
      vertex   5.808959e+01 -1.495694e+01 7.097153e-01
    endloop
  endfacet
  facet normal -7.350298e-01 5.885837e-01 -3.366013e-01
    outer loop
      vertex   5.808959e+01 -1.495694e+01 7.097153e-01
      vertex   6.112653e+01 -1.114639e+01 7.411810e-01
      vertex   5.815838e+01 -1.492388e+01 6.173166e-01
    endloop
  endfacet
  facet normal -7.203151e-01 5.785327e-01 -3.826828e-01
    outer loop
      vertex   5.815838e+01 -1.492388e+01 6.173166e-01
      vertex   6.112653e+01 -1.114639e+01 7.411810e-01
      vertex   6.120454e+01 -1.120880e+01 5.000000e-01
    endloop
  endfacet
  facet normal -7.057473e-01 5.651825e-01 -4.271879e-01
    outer loop
      vertex   5.815838e+01 -1.492388e+01 6.173166e-01
      vertex   6.120454e+01 -1.120880e+01 5.000000e-01
      vertex   5.824568e+01 -1.488192e+01 5.286033e-01
    endloop
  endfacet
  facet normal -6.698181e-01 5.355616e-01 -5.143125e-01
    outer loop
      vertex   5.824568e+01 -1.488192e+01 5.286033e-01
      vertex   6.120454e+01 -1.120880e+01 5.000000e-01
      vertex   5.835065e+01 -1.483147e+01 4.444298e-01
    endloop
  endfacet
  facet normal -6.186354e-01 4.966895e-01 -6.087608e-01
    outer loop
      vertex   5.835065e+01 -1.483147e+01 4.444298e-01
      vertex   6.120454e+01 -1.120880e+01 5.000000e-01
      vertex   6.132863e+01 -1.130807e+01 2.928932e-01
    endloop
  endfacet
  facet normal -6.036198e-01 4.828958e-01 -6.343933e-01
    outer loop
      vertex   5.835065e+01 -1.483147e+01 4.444298e-01
      vertex   6.132863e+01 -1.130807e+01 2.928932e-01
      vertex   5.860940e+01 -1.470711e+01 2.928932e-01
    endloop
  endfacet
  facet normal -4.953779e-01 3.963023e-01 -7.730105e-01
    outer loop
      vertex   5.860940e+01 -1.470711e+01 2.928932e-01
      vertex   6.132863e+01 -1.130807e+01 2.928932e-01
      vertex   5.892469e+01 -1.455557e+01 1.685304e-01
    endloop
  endfacet
  facet normal -4.743698e-01 3.815302e-01 -7.933523e-01
    outer loop
      vertex   5.892469e+01 -1.455557e+01 1.685304e-01
      vertex   6.132863e+01 -1.130807e+01 2.928932e-01
      vertex   6.149035e+01 -1.143745e+01 1.339746e-01
    endloop
  endfacet
  facet normal -3.674000e-01 2.925210e-01 -8.828639e-01
    outer loop
      vertex   5.892469e+01 -1.455557e+01 1.685304e-01
      vertex   6.149035e+01 -1.143745e+01 1.339746e-01
      vertex   5.928441e+01 -1.438268e+01 7.612047e-02
    endloop
  endfacet
  facet normal -2.973716e-01 2.408762e-01 -9.238770e-01
    outer loop
      vertex   5.928441e+01 -1.438268e+01 7.612047e-02
      vertex   6.149035e+01 -1.143745e+01 1.339746e-01
      vertex   6.167868e+01 -1.158811e+01 3.407417e-02
    endloop
  endfacet
  facet normal -2.255925e-01 1.788703e-01 -9.576604e-01
    outer loop
      vertex   5.928441e+01 -1.438268e+01 7.612047e-02
      vertex   6.167868e+01 -1.158811e+01 3.407417e-02
      vertex   5.967472e+01 -1.419509e+01 1.921472e-02
    endloop
  endfacet
  facet normal -7.899435e-02 6.639198e-02 -9.946618e-01
    outer loop
      vertex   5.967472e+01 -1.419509e+01 1.921472e-02
      vertex   6.167868e+01 -1.158811e+01 3.407417e-02
      vertex   6.008063e+01 -1.400000e+01 0.000000e+00
    endloop
  endfacet
  facet normal -1.019238e-01 8.153907e-02 -9.914449e-01
    outer loop
      vertex   6.008063e+01 -1.400000e+01 0.000000e+00
      vertex   6.167868e+01 -1.158811e+01 3.407417e-02
      vertex   6.477860e+01 -7.713215e+00 3.407417e-02
    endloop
  endfacet
  facet normal -7.724171e-01 6.179337e-01 -1.467305e-01
    outer loop
      vertex   5.803998e+01 -1.498079e+01 8.049097e-01
      vertex   5.801002e+01 -1.499518e+01 9.019829e-01
      vertex   6.601002e+01 -4.995185e+00 9.019829e-01
    endloop
  endfacet
  facet normal -7.799282e-01 6.239426e-01 -4.906767e-02
    outer loop
      vertex   6.601002e+01 -4.995185e+00 9.019829e-01
      vertex   5.801002e+01 -1.499518e+01 9.019829e-01
      vertex   6.600000e+01 -5.000000e+00 1.000000e+00
    endloop
  endfacet
  facet normal -7.799282e-01 6.239426e-01 -4.906767e-02
    outer loop
      vertex   6.600000e+01 -5.000000e+00 1.000000e+00
      vertex   5.801002e+01 -1.499518e+01 9.019829e-01
      vertex   5.800000e+01 -1.500000e+01 1.000000e+00
    endloop
  endfacet
  facet normal -2.988256e-01 2.390604e-01 -9.238795e-01
    outer loop
      vertex   6.459027e+01 -7.562551e+00 1.339746e-01
      vertex   6.477860e+01 -7.713215e+00 3.407417e-02
      vertex   6.167868e+01 -1.158811e+01 3.407417e-02
    endloop
  endfacet
  facet normal -4.753628e-01 3.802902e-01 -7.933533e-01
    outer loop
      vertex   6.442855e+01 -7.433172e+00 2.928932e-01
      vertex   6.459027e+01 -7.562551e+00 1.339746e-01
      vertex   6.149035e+01 -1.143745e+01 1.339746e-01
    endloop
  endfacet
  facet normal -2.988256e-01 2.390604e-01 -9.238795e-01
    outer loop
      vertex   6.149035e+01 -1.143745e+01 1.339746e-01
      vertex   6.459027e+01 -7.562551e+00 1.339746e-01
      vertex   6.167868e+01 -1.158811e+01 3.407417e-02
    endloop
  endfacet
  facet normal -6.195049e-01 4.956039e-01 -6.087614e-01
    outer loop
      vertex   6.430445e+01 -7.333897e+00 5.000000e-01
      vertex   6.442855e+01 -7.433172e+00 2.928932e-01
      vertex   6.132863e+01 -1.130807e+01 2.928932e-01
    endloop
  endfacet
  facet normal -4.753628e-01 3.802902e-01 -7.933533e-01
    outer loop
      vertex   6.132863e+01 -1.130807e+01 2.928932e-01
      vertex   6.442855e+01 -7.433172e+00 2.928932e-01
      vertex   6.149035e+01 -1.143745e+01 1.339746e-01
    endloop
  endfacet
  facet normal -7.214287e-01 5.771430e-01 -3.826834e-01
    outer loop
      vertex   6.422645e+01 -7.271489e+00 7.411810e-01
      vertex   6.430445e+01 -7.333897e+00 5.000000e-01
      vertex   6.120454e+01 -1.120880e+01 5.000000e-01
    endloop
  endfacet
  facet normal -6.195049e-01 4.956039e-01 -6.087614e-01
    outer loop
      vertex   6.120454e+01 -1.120880e+01 5.000000e-01
      vertex   6.430445e+01 -7.333897e+00 5.000000e-01
      vertex   6.132863e+01 -1.130807e+01 2.928932e-01
    endloop
  endfacet
  facet normal -7.214287e-01 5.771430e-01 -3.826834e-01
    outer loop
      vertex   6.112653e+01 -1.114639e+01 7.411810e-01
      vertex   6.422645e+01 -7.271489e+00 7.411810e-01
      vertex   6.120454e+01 -1.120880e+01 5.000000e-01
    endloop
  endfacet
  facet normal 0.000000e+00 -9.801714e-02 -9.951847e-01
    outer loop
      vertex   6.008063e+01 -1.400000e+01 0.000000e+00
      vertex   7.200000e+01 -1.400000e+01 0.000000e+00
      vertex   5.967472e+01 -1.419509e+01 1.921472e-02
    endloop
  endfacet
  facet normal 1.204468e-03 -1.730996e-01 -9.849036e-01
    outer loop
      vertex   5.967472e+01 -1.419509e+01 1.921472e-02
      vertex   7.200000e+01 -1.400000e+01 0.000000e+00
      vertex   6.266667e+01 -1.425882e+01 3.407417e-02
    endloop
  endfacet
  facet normal -1.370882e-03 -2.876714e-01 -9.577282e-01
    outer loop
      vertex   5.967472e+01 -1.419509e+01 1.921472e-02
      vertex   6.266667e+01 -1.425882e+01 3.407417e-02
      vertex   5.928441e+01 -1.438268e+01 7.612047e-02
    endloop
  endfacet
  facet normal 2.529405e-03 -3.826822e-01 -9.238766e-01
    outer loop
      vertex   5.928441e+01 -1.438268e+01 7.612047e-02
      vertex   6.266667e+01 -1.425882e+01 3.407417e-02
      vertex   6.266667e+01 -1.450000e+01 1.339746e-01
    endloop
  endfacet
  facet normal -1.181574e-03 -4.694832e-01 -8.829406e-01
    outer loop
      vertex   5.928441e+01 -1.438268e+01 7.612047e-02
      vertex   6.266667e+01 -1.450000e+01 1.339746e-01
      vertex   5.892469e+01 -1.455557e+01 1.685304e-01
    endloop
  endfacet
  facet normal 1.714082e-03 -6.087605e-01 -7.933522e-01
    outer loop
      vertex   5.892469e+01 -1.455557e+01 1.685304e-01
      vertex   6.266667e+01 -1.450000e+01 1.339746e-01
      vertex   6.266667e+01 -1.470711e+01 2.928932e-01
    endloop
  endfacet
  facet normal 8.287974e-17 -6.343933e-01 -7.730105e-01
    outer loop
      vertex   5.892469e+01 -1.455557e+01 1.685304e-01
      vertex   6.266667e+01 -1.470711e+01 2.928932e-01
      vertex   5.860940e+01 -1.470711e+01 2.928932e-01
    endloop
  endfacet
  facet normal 6.943770e-17 -7.730105e-01 -6.343933e-01
    outer loop
      vertex   5.860940e+01 -1.470711e+01 2.928932e-01
      vertex   6.266667e+01 -1.470711e+01 2.928932e-01
      vertex   5.835065e+01 -1.483147e+01 4.444298e-01
    endloop
  endfacet
  facet normal 1.486105e-03 -7.933525e-01 -6.087608e-01
    outer loop
      vertex   5.835065e+01 -1.483147e+01 4.444298e-01
      vertex   6.266667e+01 -1.470711e+01 2.928932e-01
      vertex   6.266667e+01 -1.486603e+01 5.000000e-01
    endloop
  endfacet
  facet normal -2.441132e-04 -8.575943e-01 -5.143267e-01
    outer loop
      vertex   5.835065e+01 -1.483147e+01 4.444298e-01
      vertex   6.266667e+01 -1.486603e+01 5.000000e-01
      vertex   5.824568e+01 -1.488192e+01 5.286033e-01
    endloop
  endfacet
  facet normal 4.873053e-04 -9.041744e-01 -4.271631e-01
    outer loop
      vertex   5.824568e+01 -1.488192e+01 5.286033e-01
      vertex   6.266667e+01 -1.486603e+01 5.000000e-01
      vertex   5.815838e+01 -1.492388e+01 6.173166e-01
    endloop
  endfacet
  facet normal 1.897643e-03 -9.238779e-01 -3.826827e-01
    outer loop
      vertex   5.815838e+01 -1.492388e+01 6.173166e-01
      vertex   6.266667e+01 -1.486603e+01 5.000000e-01
      vertex   6.266667e+01 -1.496593e+01 7.411810e-01
    endloop
  endfacet
  facet normal 4.652681e-04 -9.416538e-01 -3.365827e-01
    outer loop
      vertex   5.815838e+01 -1.492388e+01 6.173166e-01
      vertex   6.266667e+01 -1.496593e+01 7.411810e-01
      vertex   5.808959e+01 -1.495694e+01 7.097153e-01
    endloop
  endfacet
  facet normal -2.330807e-04 -9.700026e-01 -2.430945e-01
    outer loop
      vertex   5.808959e+01 -1.495694e+01 7.097153e-01
      vertex   6.266667e+01 -1.496593e+01 7.411810e-01
      vertex   5.803998e+01 -1.498079e+01 8.049097e-01
    endloop
  endfacet
  facet normal 1.160827e-03 -9.892278e-01 -1.463798e-01
    outer loop
      vertex   5.803998e+01 -1.498079e+01 8.049097e-01
      vertex   6.266667e+01 -1.496593e+01 7.411810e-01
      vertex   5.801002e+01 -1.499518e+01 9.019829e-01
    endloop
  endfacet
  facet normal 4.597580e-03 -9.988078e-01 -4.859834e-02
    outer loop
      vertex   5.801002e+01 -1.499518e+01 9.019829e-01
      vertex   6.266667e+01 -1.496593e+01 7.411810e-01
      vertex   5.800000e+01 -1.500000e+01 1.000000e+00
    endloop
  endfacet
  facet normal 0.000000e+00 -9.914449e-01 -1.305262e-01
    outer loop
      vertex   5.800000e+01 -1.500000e+01 1.000000e+00
      vertex   6.266667e+01 -1.496593e+01 7.411810e-01
      vertex   6.733333e+01 -1.496593e+01 7.411810e-01
    endloop
  endfacet
  facet normal -8.430927e-04 -9.870596e-01 -1.603518e-01
    outer loop
      vertex   5.800000e+01 -1.500000e+01 1.000000e+00
      vertex   6.733333e+01 -1.496593e+01 7.411810e-01
      vertex   7.100482e+01 -1.499518e+01 9.019829e-01
    endloop
  endfacet
  facet normal -1.447096e-03 -9.891443e-01 -1.469404e-01
    outer loop
      vertex   7.100482e+01 -1.499518e+01 9.019829e-01
      vertex   6.733333e+01 -1.496593e+01 7.411810e-01
      vertex   7.101922e+01 -1.498079e+01 8.049097e-01
    endloop
  endfacet
  facet normal 1.155208e-03 -9.570370e-01 -2.899636e-01
    outer loop
      vertex   7.101922e+01 -1.498079e+01 8.049097e-01
      vertex   6.733333e+01 -1.496593e+01 7.411810e-01
      vertex   7.107612e+01 -1.492388e+01 6.173166e-01
    endloop
  endfacet
  facet normal -2.285761e-03 -9.238771e-01 -3.826824e-01
    outer loop
      vertex   7.107612e+01 -1.492388e+01 6.173166e-01
      vertex   6.733333e+01 -1.496593e+01 7.411810e-01
      vertex   6.733333e+01 -1.486603e+01 5.000000e-01
    endloop
  endfacet
  facet normal 1.124971e-03 -8.821706e-01 -4.709287e-01
    outer loop
      vertex   7.107612e+01 -1.492388e+01 6.173166e-01
      vertex   6.733333e+01 -1.486603e+01 5.000000e-01
      vertex   7.116853e+01 -1.483147e+01 4.444298e-01
    endloop
  endfacet
  facet normal -1.672418e-03 -7.933522e-01 -6.087606e-01
    outer loop
      vertex   7.116853e+01 -1.483147e+01 4.444298e-01
      vertex   6.733333e+01 -1.486603e+01 5.000000e-01
      vertex   6.733333e+01 -1.470711e+01 2.928932e-01
    endloop
  endfacet
  facet normal -7.151568e-17 -7.730105e-01 -6.343933e-01
    outer loop
      vertex   7.116853e+01 -1.483147e+01 4.444298e-01
      vertex   6.733333e+01 -1.470711e+01 2.928932e-01
      vertex   7.129289e+01 -1.470711e+01 2.928932e-01
    endloop
  endfacet
  facet normal -8.669792e-17 -6.343933e-01 -7.730105e-01
    outer loop
      vertex   7.129289e+01 -1.470711e+01 2.928932e-01
      vertex   6.733333e+01 -1.470711e+01 2.928932e-01
      vertex   7.144443e+01 -1.455557e+01 1.685304e-01
    endloop
  endfacet
  facet normal -1.560181e-03 -6.087607e-01 -7.933524e-01
    outer loop
      vertex   7.144443e+01 -1.455557e+01 1.685304e-01
      vertex   6.733333e+01 -1.470711e+01 2.928932e-01
      vertex   6.733333e+01 -1.450000e+01 1.339746e-01
    endloop
  endfacet
  facet normal 1.026668e-03 -4.721948e-01 -8.814936e-01
    outer loop
      vertex   7.144443e+01 -1.455557e+01 1.685304e-01
      vertex   6.733333e+01 -1.450000e+01 1.339746e-01
      vertex   7.161732e+01 -1.438268e+01 7.612047e-02
    endloop
  endfacet
  facet normal -1.997002e-03 -3.826827e-01 -9.238777e-01
    outer loop
      vertex   7.161732e+01 -1.438268e+01 7.612047e-02
      vertex   6.733333e+01 -1.450000e+01 1.339746e-01
      vertex   6.733333e+01 -1.425882e+01 3.407417e-02
    endloop
  endfacet
  facet normal 9.706894e-04 -2.911733e-01 -9.566698e-01
    outer loop
      vertex   7.161732e+01 -1.438268e+01 7.612047e-02
      vertex   6.733333e+01 -1.425882e+01 3.407417e-02
      vertex   7.180491e+01 -1.419509e+01 1.921472e-02
    endloop
  endfacet
  facet normal -1.938131e-03 -9.609726e-02 -9.953701e-01
    outer loop
      vertex   7.180491e+01 -1.419509e+01 1.921472e-02
      vertex   6.733333e+01 -1.425882e+01 3.407417e-02
      vertex   7.200000e+01 -1.400000e+01 0.000000e+00
    endloop
  endfacet
  facet normal 0.000000e+00 -1.305262e-01 -9.914449e-01
    outer loop
      vertex   7.200000e+01 -1.400000e+01 0.000000e+00
      vertex   6.733333e+01 -1.425882e+01 3.407417e-02
      vertex   6.266667e+01 -1.425882e+01 3.407417e-02
    endloop
  endfacet
  facet normal -8.498484e-19 -9.987955e-01 -4.906767e-02
    outer loop
      vertex   7.100482e+01 -1.499518e+01 9.019829e-01
      vertex   7.100000e+01 -1.500000e+01 1.000000e+00
      vertex   5.800000e+01 -1.500000e+01 1.000000e+00
    endloop
  endfacet
  facet normal 0.000000e+00 -3.826834e-01 -9.238795e-01
    outer loop
      vertex   6.266667e+01 -1.450000e+01 1.339746e-01
      vertex   6.266667e+01 -1.425882e+01 3.407417e-02
      vertex   6.733333e+01 -1.425882e+01 3.407417e-02
    endloop
  endfacet
  facet normal 0.000000e+00 -6.087614e-01 -7.933533e-01
    outer loop
      vertex   6.266667e+01 -1.470711e+01 2.928932e-01
      vertex   6.266667e+01 -1.450000e+01 1.339746e-01
      vertex   6.733333e+01 -1.450000e+01 1.339746e-01
    endloop
  endfacet
  facet normal -0.000000e+00 -3.826834e-01 -9.238795e-01
    outer loop
      vertex   6.733333e+01 -1.450000e+01 1.339746e-01
      vertex   6.266667e+01 -1.450000e+01 1.339746e-01
      vertex   6.733333e+01 -1.425882e+01 3.407417e-02
    endloop
  endfacet
  facet normal 0.000000e+00 -7.933533e-01 -6.087614e-01
    outer loop
      vertex   6.266667e+01 -1.486603e+01 5.000000e-01
      vertex   6.266667e+01 -1.470711e+01 2.928932e-01
      vertex   6.733333e+01 -1.470711e+01 2.928932e-01
    endloop
  endfacet
  facet normal -0.000000e+00 -6.087614e-01 -7.933533e-01
    outer loop
      vertex   6.733333e+01 -1.470711e+01 2.928932e-01
      vertex   6.266667e+01 -1.470711e+01 2.928932e-01
      vertex   6.733333e+01 -1.450000e+01 1.339746e-01
    endloop
  endfacet
  facet normal 0.000000e+00 -9.238795e-01 -3.826834e-01
    outer loop
      vertex   6.266667e+01 -1.496593e+01 7.411810e-01
      vertex   6.266667e+01 -1.486603e+01 5.000000e-01
      vertex   6.733333e+01 -1.486603e+01 5.000000e-01
    endloop
  endfacet
  facet normal -0.000000e+00 -7.933533e-01 -6.087614e-01
    outer loop
      vertex   6.733333e+01 -1.486603e+01 5.000000e-01
      vertex   6.266667e+01 -1.486603e+01 5.000000e-01
      vertex   6.733333e+01 -1.470711e+01 2.928932e-01
    endloop
  endfacet
  facet normal -0.000000e+00 -9.238795e-01 -3.826834e-01
    outer loop
      vertex   6.733333e+01 -1.496593e+01 7.411810e-01
      vertex   6.266667e+01 -1.496593e+01 7.411810e-01
      vertex   6.733333e+01 -1.486603e+01 5.000000e-01
    endloop
  endfacet
  facet normal -7.799282e-01 6.239426e-01 -4.906767e-02
    outer loop
      vertex   6.700000e+01 1.500000e+01 1.000000e+00
      vertex   7.220000e+01 2.150000e+01 1.000000e+00
      vertex   6.701002e+01 1.500482e+01 9.019829e-01
    endloop
  endfacet
  facet normal -7.714520e-01 6.186729e-01 -1.486796e-01
    outer loop
      vertex   6.701002e+01 1.500482e+01 9.019829e-01
      vertex   7.220000e+01 2.150000e+01 1.000000e+00
      vertex   6.969328e+01 1.831205e+01 7.411810e-01
    endloop
  endfacet
  facet normal -7.716671e-01 6.189608e-01 -1.463466e-01
    outer loop
      vertex   6.701002e+01 1.500482e+01 9.019829e-01
      vertex   6.969328e+01 1.831205e+01 7.411810e-01
      vertex   6.703998e+01 1.501921e+01 8.049097e-01
    endloop
  endfacet
  facet normal -7.576021e-01 6.057548e-01 -2.431053e-01
    outer loop
      vertex   6.703998e+01 1.501921e+01 8.049097e-01
      vertex   6.969328e+01 1.831205e+01 7.411810e-01
      vertex   6.708959e+01 1.504306e+01 7.097153e-01
    endloop
  endfacet
  facet normal -7.349980e-01 5.886506e-01 -3.365536e-01
    outer loop
      vertex   6.708959e+01 1.504306e+01 7.097153e-01
      vertex   6.969328e+01 1.831205e+01 7.411810e-01
      vertex   6.715838e+01 1.507612e+01 6.173166e-01
    endloop
  endfacet
  facet normal -7.201270e-01 5.787670e-01 -3.826826e-01
    outer loop
      vertex   6.715838e+01 1.507612e+01 6.173166e-01
      vertex   6.969328e+01 1.831205e+01 7.411810e-01
      vertex   6.977128e+01 1.824964e+01 5.000000e-01
    endloop
  endfacet
  facet normal -7.057213e-01 5.652632e-01 -4.271241e-01
    outer loop
      vertex   6.715838e+01 1.507612e+01 6.173166e-01
      vertex   6.977128e+01 1.824964e+01 5.000000e-01
      vertex   6.724568e+01 1.511808e+01 5.286033e-01
    endloop
  endfacet
  facet normal -6.698259e-01 5.355169e-01 -5.143490e-01
    outer loop
      vertex   6.724568e+01 1.511808e+01 5.286033e-01
      vertex   6.977128e+01 1.824964e+01 5.000000e-01
      vertex   6.735065e+01 1.516853e+01 4.444298e-01
    endloop
  endfacet
  facet normal -6.184814e-01 4.968815e-01 -6.087606e-01
    outer loop
      vertex   6.735065e+01 1.516853e+01 4.444298e-01
      vertex   6.977128e+01 1.824964e+01 5.000000e-01
      vertex   6.989538e+01 1.815036e+01 2.928932e-01
    endloop
  endfacet
  facet normal -6.036198e-01 4.828958e-01 -6.343933e-01
    outer loop
      vertex   6.735065e+01 1.516853e+01 4.444298e-01
      vertex   6.989538e+01 1.815036e+01 2.928932e-01
      vertex   6.760940e+01 1.529289e+01 2.928932e-01
    endloop
  endfacet
  facet normal -4.953779e-01 3.963023e-01 -7.730105e-01
    outer loop
      vertex   6.760940e+01 1.529289e+01 2.928932e-01
      vertex   6.989538e+01 1.815036e+01 2.928932e-01
      vertex   6.792469e+01 1.544443e+01 1.685304e-01
    endloop
  endfacet
  facet normal -4.741638e-01 3.817873e-01 -7.933519e-01
    outer loop
      vertex   6.792469e+01 1.544443e+01 1.685304e-01
      vertex   6.989538e+01 1.815036e+01 2.928932e-01
      vertex   7.005710e+01 1.802099e+01 1.339746e-01
    endloop
  endfacet
  facet normal -3.672494e-01 2.920996e-01 -8.830661e-01
    outer loop
      vertex   6.792469e+01 1.544443e+01 1.685304e-01
      vertex   7.005710e+01 1.802099e+01 1.339746e-01
      vertex   6.828441e+01 1.561732e+01 7.612047e-02
    endloop
  endfacet
  facet normal -2.970335e-01 2.412979e-01 -9.238757e-01
    outer loop
      vertex   6.828441e+01 1.561732e+01 7.612047e-02
      vertex   7.005710e+01 1.802099e+01 1.339746e-01
      vertex   7.024543e+01 1.787032e+01 3.407417e-02
    endloop
  endfacet
  facet normal -2.253168e-01 1.782414e-01 -9.578425e-01
    outer loop
      vertex   6.828441e+01 1.561732e+01 7.612047e-02
      vertex   7.024543e+01 1.787032e+01 3.407417e-02
      vertex   6.867472e+01 1.580491e+01 1.921472e-02
    endloop
  endfacet
  facet normal -7.961818e-02 6.770354e-02 -9.945236e-01
    outer loop
      vertex   6.867472e+01 1.580491e+01 1.921472e-02
      vertex   7.024543e+01 1.787032e+01 3.407417e-02
      vertex   6.908063e+01 1.600000e+01 0.000000e+00
    endloop
  endfacet
  facet normal -1.019238e-01 8.153906e-02 -9.914449e-01
    outer loop
      vertex   6.908063e+01 1.600000e+01 0.000000e+00
      vertex   7.024543e+01 1.787032e+01 3.407417e-02
      vertex   7.291210e+01 2.120365e+01 3.407417e-02
    endloop
  endfacet
  facet normal -1.278808e-01 1.006200e-01 -9.866722e-01
    outer loop
      vertex   6.908063e+01 1.600000e+01 0.000000e+00
      vertex   7.291210e+01 2.120365e+01 3.407417e-02
      vertex   7.500000e+01 2.371152e+01 1.921472e-02
    endloop
  endfacet
  facet normal -2.247284e-01 1.814233e-01 -9.573833e-01
    outer loop
      vertex   7.500000e+01 2.371152e+01 1.921472e-02
      vertex   7.291210e+01 2.120365e+01 3.407417e-02
      vertex   7.500000e+01 2.401181e+01 7.612047e-02
    endloop
  endfacet
  facet normal -3.003529e-01 2.371495e-01 -9.238768e-01
    outer loop
      vertex   7.500000e+01 2.401181e+01 7.612047e-02
      vertex   7.291210e+01 2.120365e+01 3.407417e-02
      vertex   7.272377e+01 2.135432e+01 1.339746e-01
    endloop
  endfacet
  facet normal -3.664719e-01 2.946827e-01 -8.825307e-01
    outer loop
      vertex   7.500000e+01 2.401181e+01 7.612047e-02
      vertex   7.272377e+01 2.135432e+01 1.339746e-01
      vertex   7.500000e+01 2.428857e+01 1.685304e-01
    endloop
  endfacet
  facet normal -4.764412e-01 3.789408e-01 -7.933522e-01
    outer loop
      vertex   7.500000e+01 2.428857e+01 1.685304e-01
      vertex   7.272377e+01 2.135432e+01 1.339746e-01
      vertex   7.256205e+01 2.148370e+01 2.928932e-01
    endloop
  endfacet
  facet normal -4.953779e-01 3.963023e-01 -7.730105e-01
    outer loop
      vertex   7.500000e+01 2.428857e+01 1.685304e-01
      vertex   7.256205e+01 2.148370e+01 2.928932e-01
      vertex   7.500000e+01 2.453114e+01 2.928932e-01
    endloop
  endfacet
  facet normal -6.036198e-01 4.828958e-01 -6.343933e-01
    outer loop
      vertex   7.500000e+01 2.453114e+01 2.928932e-01
      vertex   7.256205e+01 2.148370e+01 2.928932e-01
      vertex   7.500000e+01 2.473022e+01 4.444298e-01
    endloop
  endfacet
  facet normal -6.204915e-01 4.943691e-01 -6.087607e-01
    outer loop
      vertex   7.500000e+01 2.473022e+01 4.444298e-01
      vertex   7.256205e+01 2.148370e+01 2.928932e-01
      vertex   7.243795e+01 2.158297e+01 5.000000e-01
    endloop
  endfacet
  facet normal -6.877851e-01 5.515659e-01 -4.719393e-01
    outer loop
      vertex   7.500000e+01 2.473022e+01 4.444298e-01
      vertex   7.243795e+01 2.158297e+01 5.000000e-01
      vertex   7.500000e+01 2.487815e+01 6.173166e-01
    endloop
  endfacet
  facet normal -7.227077e-01 5.755411e-01 -3.826826e-01
    outer loop
      vertex   7.500000e+01 2.487815e+01 6.173166e-01
      vertex   7.243795e+01 2.158297e+01 5.000000e-01
      vertex   7.235994e+01 2.164538e+01 7.411810e-01
    endloop
  endfacet
  facet normal -7.355945e-01 5.878275e-01 -3.366891e-01
    outer loop
      vertex   7.500000e+01 2.487815e+01 6.173166e-01
      vertex   7.235994e+01 2.164538e+01 7.411810e-01
      vertex   7.500000e+01 2.493107e+01 7.097153e-01
    endloop
  endfacet
  facet normal -7.572942e-01 6.061599e-01 -2.430548e-01
    outer loop
      vertex   7.500000e+01 2.493107e+01 7.097153e-01
      vertex   7.235994e+01 2.164538e+01 7.411810e-01
      vertex   7.500000e+01 2.496924e+01 8.049097e-01
    endloop
  endfacet
  facet normal -7.732322e-01 6.169678e-01 -1.465011e-01
    outer loop
      vertex   7.500000e+01 2.496924e+01 8.049097e-01
      vertex   7.235994e+01 2.164538e+01 7.411810e-01
      vertex   7.500000e+01 2.499229e+01 9.019829e-01
    endloop
  endfacet
  facet normal -7.751738e-01 6.178029e-01 -1.320046e-01
    outer loop
      vertex   7.500000e+01 2.499229e+01 9.019829e-01
      vertex   7.235994e+01 2.164538e+01 7.411810e-01
      vertex   7.220000e+01 2.150000e+01 1.000000e+00
    endloop
  endfacet
  facet normal -7.799282e-01 6.239426e-01 -4.906767e-02
    outer loop
      vertex   7.500000e+01 2.499229e+01 9.019829e-01
      vertex   7.220000e+01 2.150000e+01 1.000000e+00
      vertex   7.500000e+01 2.500000e+01 1.000000e+00
    endloop
  endfacet
  facet normal -7.653853e-02 6.123082e-02 -9.951847e-01
    outer loop
      vertex   7.500000e+01 2.371152e+01 1.921472e-02
      vertex   7.500000e+01 2.339922e+01 0.000000e+00
      vertex   6.908063e+01 1.600000e+01 0.000000e+00
    endloop
  endfacet
  facet normal -7.214287e-01 5.771430e-01 -3.826834e-01
    outer loop
      vertex   6.977128e+01 1.824964e+01 5.000000e-01
      vertex   6.969328e+01 1.831205e+01 7.411810e-01
      vertex   7.235994e+01 2.164538e+01 7.411810e-01
    endloop
  endfacet
  facet normal -7.741884e-01 6.193507e-01 -1.305262e-01
    outer loop
      vertex   7.235994e+01 2.164538e+01 7.411810e-01
      vertex   6.969328e+01 1.831205e+01 7.411810e-01
      vertex   7.220000e+01 2.150000e+01 1.000000e+00
    endloop
  endfacet
  facet normal -6.195049e-01 4.956039e-01 -6.087614e-01
    outer loop
      vertex   6.989538e+01 1.815036e+01 2.928932e-01
      vertex   6.977128e+01 1.824964e+01 5.000000e-01
      vertex   7.243795e+01 2.158297e+01 5.000000e-01
    endloop
  endfacet
  facet normal -7.214287e-01 5.771430e-01 -3.826834e-01
    outer loop
      vertex   7.243795e+01 2.158297e+01 5.000000e-01
      vertex   6.977128e+01 1.824964e+01 5.000000e-01
      vertex   7.235994e+01 2.164538e+01 7.411810e-01
    endloop
  endfacet
  facet normal -4.753628e-01 3.802902e-01 -7.933533e-01
    outer loop
      vertex   7.005710e+01 1.802099e+01 1.339746e-01
      vertex   6.989538e+01 1.815036e+01 2.928932e-01
      vertex   7.256205e+01 2.148370e+01 2.928932e-01
    endloop
  endfacet
  facet normal -6.195049e-01 4.956039e-01 -6.087614e-01
    outer loop
      vertex   7.256205e+01 2.148370e+01 2.928932e-01
      vertex   6.989538e+01 1.815036e+01 2.928932e-01
      vertex   7.243795e+01 2.158297e+01 5.000000e-01
    endloop
  endfacet
  facet normal -2.988256e-01 2.390604e-01 -9.238795e-01
    outer loop
      vertex   7.024543e+01 1.787032e+01 3.407417e-02
      vertex   7.005710e+01 1.802099e+01 1.339746e-01
      vertex   7.272377e+01 2.135432e+01 1.339746e-01
    endloop
  endfacet
  facet normal -4.753628e-01 3.802902e-01 -7.933533e-01
    outer loop
      vertex   7.272377e+01 2.135432e+01 1.339746e-01
      vertex   7.005710e+01 1.802099e+01 1.339746e-01
      vertex   7.256205e+01 2.148370e+01 2.928932e-01
    endloop
  endfacet
  facet normal -2.988256e-01 2.390604e-01 -9.238795e-01
    outer loop
      vertex   7.291210e+01 2.120365e+01 3.407417e-02
      vertex   7.024543e+01 1.787032e+01 3.407417e-02
      vertex   7.272377e+01 2.135432e+01 1.339746e-01
    endloop
  endfacet
  facet normal -9.801714e-02 -0.000000e+00 -9.951847e-01
    outer loop
      vertex   7.200000e+01 -1.400000e+01 0.000000e+00
      vertex   7.200000e+01 -2.400000e+01 0.000000e+00
      vertex   7.180491e+01 -1.419509e+01 1.921472e-02
    endloop
  endfacet
  facet normal -1.475590e-01 -9.977619e-04 -9.890527e-01
    outer loop
      vertex   7.180491e+01 -1.419509e+01 1.921472e-02
      vertex   7.200000e+01 -2.400000e+01 0.000000e+00
      vertex   7.174118e+01 -1.950000e+01 3.407417e-02
    endloop
  endfacet
  facet normal -2.910321e-01 8.163893e-04 -9.567129e-01
    outer loop
      vertex   7.180491e+01 -1.419509e+01 1.921472e-02
      vertex   7.174118e+01 -1.950000e+01 3.407417e-02
      vertex   7.161732e+01 -1.438268e+01 7.612047e-02
    endloop
  endfacet
  facet normal -3.826829e-01 -1.671799e-03 -9.238782e-01
    outer loop
      vertex   7.161732e+01 -1.438268e+01 7.612047e-02
      vertex   7.174118e+01 -1.950000e+01 3.407417e-02
      vertex   7.150000e+01 -1.950000e+01 1.339746e-01
    endloop
  endfacet
  facet normal -4.720619e-01 8.556264e-04 -8.815650e-01
    outer loop
      vertex   7.161732e+01 -1.438268e+01 7.612047e-02
      vertex   7.150000e+01 -1.950000e+01 1.339746e-01
      vertex   7.144443e+01 -1.455557e+01 1.685304e-01
    endloop
  endfacet
  facet normal -6.087609e-01 -1.297229e-03 -7.933527e-01
    outer loop
      vertex   7.144443e+01 -1.455557e+01 1.685304e-01
      vertex   7.150000e+01 -1.950000e+01 1.339746e-01
      vertex   7.129289e+01 -1.950000e+01 2.928932e-01
    endloop
  endfacet
  facet normal -6.343933e-01 1.329331e-16 -7.730105e-01
    outer loop
      vertex   7.144443e+01 -1.455557e+01 1.685304e-01
      vertex   7.129289e+01 -1.950000e+01 2.928932e-01
      vertex   7.129289e+01 -1.470711e+01 2.928932e-01
    endloop
  endfacet
  facet normal -7.730105e-01 1.102129e-16 -6.343933e-01
    outer loop
      vertex   7.129289e+01 -1.470711e+01 2.928932e-01
      vertex   7.129289e+01 -1.950000e+01 2.928932e-01
      vertex   7.116853e+01 -1.483147e+01 4.444298e-01
    endloop
  endfacet
  facet normal -7.933526e-01 -1.373892e-03 -6.087609e-01
    outer loop
      vertex   7.116853e+01 -1.483147e+01 4.444298e-01
      vertex   7.129289e+01 -1.950000e+01 2.928932e-01
      vertex   7.113398e+01 -1.950000e+01 5.000000e-01
    endloop
  endfacet
  facet normal -8.821259e-01 9.228310e-04 -4.710128e-01
    outer loop
      vertex   7.116853e+01 -1.483147e+01 4.444298e-01
      vertex   7.113398e+01 -1.950000e+01 5.000000e-01
      vertex   7.107612e+01 -1.492388e+01 6.173166e-01
    endloop
  endfacet
  facet normal -9.238779e-01 -1.869515e-03 -3.826828e-01
    outer loop
      vertex   7.107612e+01 -1.492388e+01 6.173166e-01
      vertex   7.113398e+01 -1.950000e+01 5.000000e-01
      vertex   7.103408e+01 -1.950000e+01 7.411810e-01
    endloop
  endfacet
  facet normal -9.570193e-01 9.430804e-04 -2.900226e-01
    outer loop
      vertex   7.107612e+01 -1.492388e+01 6.173166e-01
      vertex   7.103408e+01 -1.950000e+01 7.411810e-01
      vertex   7.101922e+01 -1.498079e+01 8.049097e-01
    endloop
  endfacet
  facet normal -9.891504e-01 -1.180819e-03 -1.469018e-01
    outer loop
      vertex   7.101922e+01 -1.498079e+01 8.049097e-01
      vertex   7.103408e+01 -1.950000e+01 7.411810e-01
      vertex   7.100482e+01 -1.499518e+01 9.019829e-01
    endloop
  endfacet
  facet normal -9.815979e-01 4.408899e-04 -1.909592e-01
    outer loop
      vertex   7.100482e+01 -1.499518e+01 9.019829e-01
      vertex   7.103408e+01 -1.950000e+01 7.411810e-01
      vertex   7.101922e+01 -2.498078e+01 8.049097e-01
    endloop
  endfacet
  facet normal -9.891765e-01 3.258071e-18 -1.467305e-01
    outer loop
      vertex   7.100482e+01 -1.499518e+01 9.019829e-01
      vertex   7.101922e+01 -2.498078e+01 8.049097e-01
      vertex   7.100482e+01 -2.499518e+01 9.019829e-01
    endloop
  endfacet
  facet normal -9.979412e-02 1.794535e-03 -9.950065e-01
    outer loop
      vertex   7.200000e+01 -2.400000e+01 0.000000e+00
      vertex   7.180491e+01 -2.419509e+01 1.921472e-02
      vertex   7.174118e+01 -1.950000e+01 3.407417e-02
    endloop
  endfacet
  facet normal -2.894607e-01 -8.995878e-04 -9.571895e-01
    outer loop
      vertex   7.174118e+01 -1.950000e+01 3.407417e-02
      vertex   7.180491e+01 -2.419509e+01 1.921472e-02
      vertex   7.161732e+01 -2.438268e+01 7.612047e-02
    endloop
  endfacet
  facet normal -3.826828e-01 1.752136e-03 -9.238781e-01
    outer loop
      vertex   7.174118e+01 -1.950000e+01 3.407417e-02
      vertex   7.161732e+01 -2.438268e+01 7.612047e-02
      vertex   7.150000e+01 -1.950000e+01 1.339746e-01
    endloop
  endfacet
  facet normal -4.707304e-01 -8.563172e-04 -8.822767e-01
    outer loop
      vertex   7.150000e+01 -1.950000e+01 1.339746e-01
      vertex   7.161732e+01 -2.438268e+01 7.612047e-02
      vertex   7.144443e+01 -2.455557e+01 1.685304e-01
    endloop
  endfacet
  facet normal -6.087609e-01 1.268711e-03 -7.933527e-01
    outer loop
      vertex   7.150000e+01 -1.950000e+01 1.339746e-01
      vertex   7.144443e+01 -2.455557e+01 1.685304e-01
      vertex   7.129289e+01 -1.950000e+01 2.928932e-01
    endloop
  endfacet
  facet normal -6.343933e-01 -1.071303e-16 -7.730105e-01
    outer loop
      vertex   7.129289e+01 -1.950000e+01 2.928932e-01
      vertex   7.144443e+01 -2.455557e+01 1.685304e-01
      vertex   7.129289e+01 -2.470711e+01 2.928932e-01
    endloop
  endfacet
  facet normal -7.730105e-01 -8.791960e-17 -6.343933e-01
    outer loop
      vertex   7.129289e+01 -1.950000e+01 2.928932e-01
      vertex   7.129289e+01 -2.470711e+01 2.928932e-01
      vertex   7.116853e+01 -2.483147e+01 4.444298e-01
    endloop
  endfacet
  facet normal -7.933528e-01 1.203056e-03 -6.087610e-01
    outer loop
      vertex   7.129289e+01 -1.950000e+01 2.928932e-01
      vertex   7.116853e+01 -2.483147e+01 4.444298e-01
      vertex   7.113398e+01 -1.950000e+01 5.000000e-01
    endloop
  endfacet
  facet normal -8.817436e-01 -7.981460e-04 -4.717284e-01
    outer loop
      vertex   7.113398e+01 -1.950000e+01 5.000000e-01
      vertex   7.116853e+01 -2.483147e+01 4.444298e-01
      vertex   7.107612e+01 -2.492388e+01 6.173166e-01
    endloop
  endfacet
  facet normal -9.238784e-01 1.577308e-03 -3.826830e-01
    outer loop
      vertex   7.113398e+01 -1.950000e+01 5.000000e-01
      vertex   7.107612e+01 -2.492388e+01 6.173166e-01
      vertex   7.103408e+01 -1.950000e+01 7.411810e-01
    endloop
  endfacet
  facet normal -9.568740e-01 -7.835944e-04 -2.905023e-01
    outer loop
      vertex   7.103408e+01 -1.950000e+01 7.411810e-01
      vertex   7.107612e+01 -2.492388e+01 6.173166e-01
      vertex   7.101922e+01 -2.498078e+01 8.049097e-01
    endloop
  endfacet
  facet normal -9.987955e-01 0.000000e+00 -4.906767e-02
    outer loop
      vertex   7.100000e+01 -2.500000e+01 1.000000e+00
      vertex   7.100000e+01 -1.500000e+01 1.000000e+00
      vertex   7.100482e+01 -2.499518e+01 9.019829e-01
    endloop
  endfacet
  facet normal -9.987955e-01 1.089521e-18 -4.906767e-02
    outer loop
      vertex   7.100482e+01 -2.499518e+01 9.019829e-01
      vertex   7.100000e+01 -1.500000e+01 1.000000e+00
      vertex   7.100482e+01 -1.499518e+01 9.019829e-01
    endloop
  endfacet
  facet normal 0.000000e+00 -9.801714e-02 -9.951847e-01
    outer loop
      vertex   7.200000e+01 -2.400000e+01 0.000000e+00
      vertex   7.800000e+01 -2.400000e+01 0.000000e+00
      vertex   7.180491e+01 -2.419509e+01 1.921472e-02
    endloop
  endfacet
  facet normal 1.626211e-03 -1.490317e-01 -9.888311e-01
    outer loop
      vertex   7.180491e+01 -2.419509e+01 1.921472e-02
      vertex   7.800000e+01 -2.400000e+01 0.000000e+00
      vertex   7.500000e+01 -2.425882e+01 3.407417e-02
    endloop
  endfacet
  facet normal -1.313815e-03 -2.890811e-01 -9.573037e-01
    outer loop
      vertex   7.180491e+01 -2.419509e+01 1.921472e-02
      vertex   7.500000e+01 -2.425882e+01 3.407417e-02
      vertex   7.161732e+01 -2.438268e+01 7.612047e-02
    endloop
  endfacet
  facet normal 2.529090e-03 -3.826822e-01 -9.238766e-01
    outer loop
      vertex   7.161732e+01 -2.438268e+01 7.612047e-02
      vertex   7.500000e+01 -2.425882e+01 3.407417e-02
      vertex   7.500000e+01 -2.450000e+01 1.339746e-01
    endloop
  endfacet
  facet normal -1.223521e-03 -4.704445e-01 -8.824288e-01
    outer loop
      vertex   7.161732e+01 -2.438268e+01 7.612047e-02
      vertex   7.500000e+01 -2.450000e+01 1.339746e-01
      vertex   7.144443e+01 -2.455557e+01 1.685304e-01
    endloop
  endfacet
  facet normal 1.803944e-03 -6.087604e-01 -7.933520e-01
    outer loop
      vertex   7.144443e+01 -2.455557e+01 1.685304e-01
      vertex   7.500000e+01 -2.450000e+01 1.339746e-01
      vertex   7.500000e+01 -2.470711e+01 2.928932e-01
    endloop
  endfacet
  facet normal 7.256659e-16 -6.343933e-01 -7.730105e-01
    outer loop
      vertex   7.144443e+01 -2.455557e+01 1.685304e-01
      vertex   7.500000e+01 -2.470711e+01 2.928932e-01
      vertex   7.129289e+01 -2.470711e+01 2.928932e-01
    endloop
  endfacet
  facet normal 8.358119e-16 -7.730105e-01 -6.343933e-01
    outer loop
      vertex   7.129289e+01 -2.470711e+01 2.928932e-01
      vertex   7.500000e+01 -2.470711e+01 2.928932e-01
      vertex   7.116853e+01 -2.483147e+01 4.444298e-01
    endloop
  endfacet
  facet normal 1.674045e-03 -7.933522e-01 -6.087606e-01
    outer loop
      vertex   7.116853e+01 -2.483147e+01 4.444298e-01
      vertex   7.500000e+01 -2.470711e+01 2.928932e-01
      vertex   7.500000e+01 -2.486603e+01 5.000000e-01
    endloop
  endfacet
  facet normal -1.108125e-03 -8.816744e-01 -4.718571e-01
    outer loop
      vertex   7.116853e+01 -2.483147e+01 4.444298e-01
      vertex   7.500000e+01 -2.486603e+01 5.000000e-01
      vertex   7.107612e+01 -2.492388e+01 6.173166e-01
    endloop
  endfacet
  facet normal 2.180270e-03 -9.238773e-01 -3.826825e-01
    outer loop
      vertex   7.107612e+01 -2.492388e+01 6.173166e-01
      vertex   7.500000e+01 -2.486603e+01 5.000000e-01
      vertex   7.500000e+01 -2.496593e+01 7.411810e-01
    endloop
  endfacet
  facet normal -1.080273e-03 -9.568487e-01 -2.905846e-01
    outer loop
      vertex   7.107612e+01 -2.492388e+01 6.173166e-01
      vertex   7.500000e+01 -2.496593e+01 7.411810e-01
      vertex   7.101922e+01 -2.498078e+01 8.049097e-01
    endloop
  endfacet
  facet normal 1.346608e-03 -9.892046e-01 -1.465349e-01
    outer loop
      vertex   7.101922e+01 -2.498078e+01 8.049097e-01
      vertex   7.500000e+01 -2.496593e+01 7.411810e-01
      vertex   7.100482e+01 -2.499518e+01 9.019829e-01
    endloop
  endfacet
  facet normal 5.350370e-03 -9.987940e-01 -4.880476e-02
    outer loop
      vertex   7.100482e+01 -2.499518e+01 9.019829e-01
      vertex   7.500000e+01 -2.496593e+01 7.411810e-01
      vertex   7.100000e+01 -2.500000e+01 1.000000e+00
    endloop
  endfacet
  facet normal -1.234242e-03 -9.887983e-01 -1.492527e-01
    outer loop
      vertex   7.100000e+01 -2.500000e+01 1.000000e+00
      vertex   7.500000e+01 -2.496593e+01 7.411810e-01
      vertex   7.899519e+01 -2.499518e+01 9.019829e-01
    endloop
  endfacet
  facet normal 0.000000e+00 -9.987955e-01 -4.906767e-02
    outer loop
      vertex   7.100000e+01 -2.500000e+01 1.000000e+00
      vertex   7.899519e+01 -2.499518e+01 9.019829e-01
      vertex   7.900000e+01 -2.500000e+01 1.000000e+00
    endloop
  endfacet
  facet normal -2.620318e-03 -1.006116e-01 -9.949223e-01
    outer loop
      vertex   7.800000e+01 -2.400000e+01 0.000000e+00
      vertex   7.819509e+01 -2.419509e+01 1.921472e-02
      vertex   7.500000e+01 -2.425882e+01 3.407417e-02
    endloop
  endfacet
  facet normal 1.313815e-03 -2.890811e-01 -9.573037e-01
    outer loop
      vertex   7.500000e+01 -2.425882e+01 3.407417e-02
      vertex   7.819509e+01 -2.419509e+01 1.921472e-02
      vertex   7.838268e+01 -2.438268e+01 7.612047e-02
    endloop
  endfacet
  facet normal -2.529090e-03 -3.826822e-01 -9.238766e-01
    outer loop
      vertex   7.500000e+01 -2.425882e+01 3.407417e-02
      vertex   7.838268e+01 -2.438268e+01 7.612047e-02
      vertex   7.500000e+01 -2.450000e+01 1.339746e-01
    endloop
  endfacet
  facet normal 1.223521e-03 -4.704445e-01 -8.824288e-01
    outer loop
      vertex   7.500000e+01 -2.450000e+01 1.339746e-01
      vertex   7.838268e+01 -2.438268e+01 7.612047e-02
      vertex   7.855557e+01 -2.455557e+01 1.685304e-01
    endloop
  endfacet
  facet normal -1.803944e-03 -6.087604e-01 -7.933520e-01
    outer loop
      vertex   7.500000e+01 -2.450000e+01 1.339746e-01
      vertex   7.855557e+01 -2.455557e+01 1.685304e-01
      vertex   7.500000e+01 -2.470711e+01 2.928932e-01
    endloop
  endfacet
  facet normal -1.157525e-16 -6.343933e-01 -7.730105e-01
    outer loop
      vertex   7.500000e+01 -2.470711e+01 2.928932e-01
      vertex   7.855557e+01 -2.455557e+01 1.685304e-01
      vertex   7.870711e+01 -2.470711e+01 2.928932e-01
    endloop
  endfacet
  facet normal -9.499565e-17 -7.730105e-01 -6.343933e-01
    outer loop
      vertex   7.500000e+01 -2.470711e+01 2.928932e-01
      vertex   7.870711e+01 -2.470711e+01 2.928932e-01
      vertex   7.883147e+01 -2.483147e+01 4.444298e-01
    endloop
  endfacet
  facet normal -1.674045e-03 -7.933522e-01 -6.087606e-01
    outer loop
      vertex   7.500000e+01 -2.470711e+01 2.928932e-01
      vertex   7.883147e+01 -2.483147e+01 4.444298e-01
      vertex   7.500000e+01 -2.486603e+01 5.000000e-01
    endloop
  endfacet
  facet normal 1.108125e-03 -8.816744e-01 -4.718571e-01
    outer loop
      vertex   7.500000e+01 -2.486603e+01 5.000000e-01
      vertex   7.883147e+01 -2.483147e+01 4.444298e-01
      vertex   7.892388e+01 -2.492388e+01 6.173166e-01
    endloop
  endfacet
  facet normal -2.180270e-03 -9.238773e-01 -3.826825e-01
    outer loop
      vertex   7.500000e+01 -2.486603e+01 5.000000e-01
      vertex   7.892388e+01 -2.492388e+01 6.173166e-01
      vertex   7.500000e+01 -2.496593e+01 7.411810e-01
    endloop
  endfacet
  facet normal 1.080273e-03 -9.568487e-01 -2.905846e-01
    outer loop
      vertex   7.500000e+01 -2.496593e+01 7.411810e-01
      vertex   7.892388e+01 -2.492388e+01 6.173166e-01
      vertex   7.898079e+01 -2.498078e+01 8.049097e-01
    endloop
  endfacet
  facet normal -1.346608e-03 -9.892046e-01 -1.465349e-01
    outer loop
      vertex   7.500000e+01 -2.496593e+01 7.411810e-01
      vertex   7.898079e+01 -2.498078e+01 8.049097e-01
      vertex   7.899519e+01 -2.499518e+01 9.019829e-01
    endloop
  endfacet
  facet normal 9.801714e-02 0.000000e+00 -9.951847e-01
    outer loop
      vertex   7.800000e+01 -2.400000e+01 0.000000e+00
      vertex   7.800000e+01 -1.400000e+01 0.000000e+00
      vertex   7.819509e+01 -2.419509e+01 1.921472e-02
    endloop
  endfacet
  facet normal 1.525710e-01 1.056918e-03 -9.882919e-01
    outer loop
      vertex   7.819509e+01 -2.419509e+01 1.921472e-02
      vertex   7.800000e+01 -1.400000e+01 0.000000e+00
      vertex   7.825882e+01 -1.950000e+01 3.407417e-02
    endloop
  endfacet
  facet normal 2.894607e-01 -8.995878e-04 -9.571895e-01
    outer loop
      vertex   7.819509e+01 -2.419509e+01 1.921472e-02
      vertex   7.825882e+01 -1.950000e+01 3.407417e-02
      vertex   7.838268e+01 -2.438268e+01 7.612047e-02
    endloop
  endfacet
  facet normal 3.826828e-01 1.752136e-03 -9.238781e-01
    outer loop
      vertex   7.838268e+01 -2.438268e+01 7.612047e-02
      vertex   7.825882e+01 -1.950000e+01 3.407417e-02
      vertex   7.850000e+01 -1.950000e+01 1.339746e-01
    endloop
  endfacet
  facet normal 4.707304e-01 -8.563172e-04 -8.822767e-01
    outer loop
      vertex   7.838268e+01 -2.438268e+01 7.612047e-02
      vertex   7.850000e+01 -1.950000e+01 1.339746e-01
      vertex   7.855557e+01 -2.455557e+01 1.685304e-01
    endloop
  endfacet
  facet normal 6.087609e-01 1.268711e-03 -7.933527e-01
    outer loop
      vertex   7.855557e+01 -2.455557e+01 1.685304e-01
      vertex   7.850000e+01 -1.950000e+01 1.339746e-01
      vertex   7.870711e+01 -1.950000e+01 2.928932e-01
    endloop
  endfacet
  facet normal 6.343933e-01 -1.087631e-16 -7.730105e-01
    outer loop
      vertex   7.855557e+01 -2.455557e+01 1.685304e-01
      vertex   7.870711e+01 -1.950000e+01 2.928932e-01
      vertex   7.870711e+01 -2.470711e+01 2.928932e-01
    endloop
  endfacet
  facet normal 7.730105e-01 -8.791960e-17 -6.343933e-01
    outer loop
      vertex   7.870711e+01 -2.470711e+01 2.928932e-01
      vertex   7.870711e+01 -1.950000e+01 2.928932e-01
      vertex   7.883147e+01 -2.483147e+01 4.444298e-01
    endloop
  endfacet
  facet normal 7.933528e-01 1.203056e-03 -6.087610e-01
    outer loop
      vertex   7.883147e+01 -2.483147e+01 4.444298e-01
      vertex   7.870711e+01 -1.950000e+01 2.928932e-01
      vertex   7.886603e+01 -1.950000e+01 5.000000e-01
    endloop
  endfacet
  facet normal 8.817436e-01 -7.981460e-04 -4.717284e-01
    outer loop
      vertex   7.883147e+01 -2.483147e+01 4.444298e-01
      vertex   7.886603e+01 -1.950000e+01 5.000000e-01
      vertex   7.892388e+01 -2.492388e+01 6.173166e-01
    endloop
  endfacet
  facet normal 9.238784e-01 1.577308e-03 -3.826830e-01
    outer loop
      vertex   7.892388e+01 -2.492388e+01 6.173166e-01
      vertex   7.886603e+01 -1.950000e+01 5.000000e-01
      vertex   7.896593e+01 -1.950000e+01 7.411810e-01
    endloop
  endfacet
  facet normal 9.568740e-01 -7.835944e-04 -2.905023e-01
    outer loop
      vertex   7.892388e+01 -2.492388e+01 6.173166e-01
      vertex   7.896593e+01 -1.950000e+01 7.411810e-01
      vertex   7.898079e+01 -2.498078e+01 8.049097e-01
    endloop
  endfacet
  facet normal 9.891971e-01 9.774199e-04 -1.465885e-01
    outer loop
      vertex   7.898079e+01 -2.498078e+01 8.049097e-01
      vertex   7.896593e+01 -1.950000e+01 7.411810e-01
      vertex   7.899519e+01 -2.499518e+01 9.019829e-01
    endloop
  endfacet
  facet normal 9.987973e-01 3.887810e-03 -4.887677e-02
    outer loop
      vertex   7.899519e+01 -2.499518e+01 9.019829e-01
      vertex   7.896593e+01 -1.950000e+01 7.411810e-01
      vertex   7.900000e+01 -2.500000e+01 1.000000e+00
    endloop
  endfacet
  facet normal 9.884447e-01 -1.009284e-03 -1.515789e-01
    outer loop
      vertex   7.900000e+01 -2.500000e+01 1.000000e+00
      vertex   7.896593e+01 -1.950000e+01 7.411810e-01
      vertex   7.899519e+01 -1.499518e+01 9.019829e-01
    endloop
  endfacet
  facet normal 9.987955e-01 0.000000e+00 -4.906767e-02
    outer loop
      vertex   7.900000e+01 -2.500000e+01 1.000000e+00
      vertex   7.899519e+01 -1.499518e+01 9.019829e-01
      vertex   7.900000e+01 -1.500000e+01 1.000000e+00
    endloop
  endfacet
  facet normal 9.640261e-02 -1.629926e-03 -9.953411e-01
    outer loop
      vertex   7.800000e+01 -1.400000e+01 0.000000e+00
      vertex   7.819509e+01 -1.419509e+01 1.921472e-02
      vertex   7.825882e+01 -1.950000e+01 3.407417e-02
    endloop
  endfacet
  facet normal 2.910321e-01 8.163893e-04 -9.567129e-01
    outer loop
      vertex   7.825882e+01 -1.950000e+01 3.407417e-02
      vertex   7.819509e+01 -1.419509e+01 1.921472e-02
      vertex   7.838268e+01 -1.438268e+01 7.612047e-02
    endloop
  endfacet
  facet normal 3.826829e-01 -1.671799e-03 -9.238782e-01
    outer loop
      vertex   7.825882e+01 -1.950000e+01 3.407417e-02
      vertex   7.838268e+01 -1.438268e+01 7.612047e-02
      vertex   7.850000e+01 -1.950000e+01 1.339746e-01
    endloop
  endfacet
  facet normal 4.720619e-01 8.556264e-04 -8.815650e-01
    outer loop
      vertex   7.850000e+01 -1.950000e+01 1.339746e-01
      vertex   7.838268e+01 -1.438268e+01 7.612047e-02
      vertex   7.855557e+01 -1.455557e+01 1.685304e-01
    endloop
  endfacet
  facet normal 6.087609e-01 -1.297229e-03 -7.933527e-01
    outer loop
      vertex   7.850000e+01 -1.950000e+01 1.339746e-01
      vertex   7.855557e+01 -1.455557e+01 1.685304e-01
      vertex   7.870711e+01 -1.950000e+01 2.928932e-01
    endloop
  endfacet
  facet normal 6.343933e-01 1.163888e-16 -7.730105e-01
    outer loop
      vertex   7.870711e+01 -1.950000e+01 2.928932e-01
      vertex   7.855557e+01 -1.455557e+01 1.685304e-01
      vertex   7.870711e+01 -1.470711e+01 2.928932e-01
    endloop
  endfacet
  facet normal 7.730105e-01 9.551783e-17 -6.343933e-01
    outer loop
      vertex   7.870711e+01 -1.950000e+01 2.928932e-01
      vertex   7.870711e+01 -1.470711e+01 2.928932e-01
      vertex   7.883147e+01 -1.483147e+01 4.444298e-01
    endloop
  endfacet
  facet normal 7.933526e-01 -1.373892e-03 -6.087609e-01
    outer loop
      vertex   7.870711e+01 -1.950000e+01 2.928932e-01
      vertex   7.883147e+01 -1.483147e+01 4.444298e-01
      vertex   7.886603e+01 -1.950000e+01 5.000000e-01
    endloop
  endfacet
  facet normal 8.821259e-01 9.228310e-04 -4.710128e-01
    outer loop
      vertex   7.886603e+01 -1.950000e+01 5.000000e-01
      vertex   7.883147e+01 -1.483147e+01 4.444298e-01
      vertex   7.892388e+01 -1.492388e+01 6.173166e-01
    endloop
  endfacet
  facet normal 9.238779e-01 -1.869515e-03 -3.826828e-01
    outer loop
      vertex   7.886603e+01 -1.950000e+01 5.000000e-01
      vertex   7.892388e+01 -1.492388e+01 6.173166e-01
      vertex   7.896593e+01 -1.950000e+01 7.411810e-01
    endloop
  endfacet
  facet normal 9.570193e-01 9.430804e-04 -2.900226e-01
    outer loop
      vertex   7.896593e+01 -1.950000e+01 7.411810e-01
      vertex   7.892388e+01 -1.492388e+01 6.173166e-01
      vertex   7.898079e+01 -1.498079e+01 8.049097e-01
    endloop
  endfacet
  facet normal 9.891504e-01 -1.180819e-03 -1.469018e-01
    outer loop
      vertex   7.896593e+01 -1.950000e+01 7.411810e-01
      vertex   7.898079e+01 -1.498079e+01 8.049097e-01
      vertex   7.899519e+01 -1.499518e+01 9.019829e-01
    endloop
  endfacet
  facet normal -2.921519e-17 -9.801714e-02 -9.951847e-01
    outer loop
      vertex   7.800000e+01 -1.400000e+01 0.000000e+00
      vertex   8.991938e+01 -1.400000e+01 0.000000e+00
      vertex   7.819509e+01 -1.419509e+01 1.921472e-02
    endloop
  endfacet
  facet normal 1.020796e-03 -1.585913e-01 -9.873438e-01
    outer loop
      vertex   7.819509e+01 -1.419509e+01 1.921472e-02
      vertex   8.991938e+01 -1.400000e+01 0.000000e+00
      vertex   8.266667e+01 -1.425882e+01 3.407417e-02
    endloop
  endfacet
  facet normal -9.706894e-04 -2.911733e-01 -9.566698e-01
    outer loop
      vertex   7.819509e+01 -1.419509e+01 1.921472e-02
      vertex   8.266667e+01 -1.425882e+01 3.407417e-02
      vertex   7.838268e+01 -1.438268e+01 7.612047e-02
    endloop
  endfacet
  facet normal 1.997002e-03 -3.826827e-01 -9.238777e-01
    outer loop
      vertex   7.838268e+01 -1.438268e+01 7.612047e-02
      vertex   8.266667e+01 -1.425882e+01 3.407417e-02
      vertex   8.266667e+01 -1.450000e+01 1.339746e-01
    endloop
  endfacet
  facet normal -1.026668e-03 -4.721948e-01 -8.814936e-01
    outer loop
      vertex   7.838268e+01 -1.438268e+01 7.612047e-02
      vertex   8.266667e+01 -1.450000e+01 1.339746e-01
      vertex   7.855557e+01 -1.455557e+01 1.685304e-01
    endloop
  endfacet
  facet normal 1.560181e-03 -6.087607e-01 -7.933524e-01
    outer loop
      vertex   7.855557e+01 -1.455557e+01 1.685304e-01
      vertex   8.266667e+01 -1.450000e+01 1.339746e-01
      vertex   8.266667e+01 -1.470711e+01 2.928932e-01
    endloop
  endfacet
  facet normal 5.453071e-16 -6.343933e-01 -7.730105e-01
    outer loop
      vertex   7.855557e+01 -1.455557e+01 1.685304e-01
      vertex   8.266667e+01 -1.470711e+01 2.928932e-01
      vertex   7.870711e+01 -1.470711e+01 2.928932e-01
    endloop
  endfacet
  facet normal 5.602451e-16 -7.730105e-01 -6.343933e-01
    outer loop
      vertex   7.870711e+01 -1.470711e+01 2.928932e-01
      vertex   8.266667e+01 -1.470711e+01 2.928932e-01
      vertex   7.883147e+01 -1.483147e+01 4.444298e-01
    endloop
  endfacet
  facet normal 1.672418e-03 -7.933522e-01 -6.087606e-01
    outer loop
      vertex   7.883147e+01 -1.483147e+01 4.444298e-01
      vertex   8.266667e+01 -1.470711e+01 2.928932e-01
      vertex   8.266667e+01 -1.486603e+01 5.000000e-01
    endloop
  endfacet
  facet normal -1.124971e-03 -8.821706e-01 -4.709287e-01
    outer loop
      vertex   7.883147e+01 -1.483147e+01 4.444298e-01
      vertex   8.266667e+01 -1.486603e+01 5.000000e-01
      vertex   7.892388e+01 -1.492388e+01 6.173166e-01
    endloop
  endfacet
  facet normal 2.285761e-03 -9.238771e-01 -3.826824e-01
    outer loop
      vertex   7.892388e+01 -1.492388e+01 6.173166e-01
      vertex   8.266667e+01 -1.486603e+01 5.000000e-01
      vertex   8.266667e+01 -1.496593e+01 7.411810e-01
    endloop
  endfacet
  facet normal -1.155208e-03 -9.570370e-01 -2.899636e-01
    outer loop
      vertex   7.892388e+01 -1.492388e+01 6.173166e-01
      vertex   8.266667e+01 -1.496593e+01 7.411810e-01
      vertex   7.898079e+01 -1.498079e+01 8.049097e-01
    endloop
  endfacet
  facet normal 1.447096e-03 -9.891443e-01 -1.469404e-01
    outer loop
      vertex   7.898079e+01 -1.498079e+01 8.049097e-01
      vertex   8.266667e+01 -1.496593e+01 7.411810e-01
      vertex   7.899519e+01 -1.499518e+01 9.019829e-01
    endloop
  endfacet
  facet normal 5.797937e-03 -9.987647e-01 -4.935100e-02
    outer loop
      vertex   7.899519e+01 -1.499518e+01 9.019829e-01
      vertex   8.266667e+01 -1.496593e+01 7.411810e-01
      vertex   7.900000e+01 -1.500000e+01 1.000000e+00
    endloop
  endfacet
  facet normal 0.000000e+00 -9.914449e-01 -1.305262e-01
    outer loop
      vertex   7.900000e+01 -1.500000e+01 1.000000e+00
      vertex   8.266667e+01 -1.496593e+01 7.411810e-01
      vertex   8.733333e+01 -1.496593e+01 7.411810e-01
    endloop
  endfacet
  facet normal -8.124451e-04 -9.877259e-01 -1.561953e-01
    outer loop
      vertex   7.900000e+01 -1.500000e+01 1.000000e+00
      vertex   8.733333e+01 -1.496593e+01 7.411810e-01
      vertex   9.198998e+01 -1.499518e+01 9.019829e-01
    endloop
  endfacet
  facet normal -1.160827e-03 -9.892278e-01 -1.463798e-01
    outer loop
      vertex   9.198998e+01 -1.499518e+01 9.019829e-01
      vertex   8.733333e+01 -1.496593e+01 7.411810e-01
      vertex   9.196002e+01 -1.498079e+01 8.049097e-01
    endloop
  endfacet
  facet normal 2.330807e-04 -9.700026e-01 -2.430945e-01
    outer loop
      vertex   9.196002e+01 -1.498079e+01 8.049097e-01
      vertex   8.733333e+01 -1.496593e+01 7.411810e-01
      vertex   9.191041e+01 -1.495694e+01 7.097153e-01
    endloop
  endfacet
  facet normal -4.652681e-04 -9.416538e-01 -3.365827e-01
    outer loop
      vertex   9.191041e+01 -1.495694e+01 7.097153e-01
      vertex   8.733333e+01 -1.496593e+01 7.411810e-01
      vertex   9.184162e+01 -1.492388e+01 6.173166e-01
    endloop
  endfacet
  facet normal -1.897643e-03 -9.238779e-01 -3.826827e-01
    outer loop
      vertex   9.184162e+01 -1.492388e+01 6.173166e-01
      vertex   8.733333e+01 -1.496593e+01 7.411810e-01
      vertex   8.733333e+01 -1.486603e+01 5.000000e-01
    endloop
  endfacet
  facet normal -4.873053e-04 -9.041744e-01 -4.271631e-01
    outer loop
      vertex   9.184162e+01 -1.492388e+01 6.173166e-01
      vertex   8.733333e+01 -1.486603e+01 5.000000e-01
      vertex   9.175432e+01 -1.488192e+01 5.286033e-01
    endloop
  endfacet
  facet normal 2.441132e-04 -8.575943e-01 -5.143267e-01
    outer loop
      vertex   9.175432e+01 -1.488192e+01 5.286033e-01
      vertex   8.733333e+01 -1.486603e+01 5.000000e-01
      vertex   9.164935e+01 -1.483147e+01 4.444298e-01
    endloop
  endfacet
  facet normal -1.486105e-03 -7.933525e-01 -6.087608e-01
    outer loop
      vertex   9.164935e+01 -1.483147e+01 4.444298e-01
      vertex   8.733333e+01 -1.486603e+01 5.000000e-01
      vertex   8.733333e+01 -1.470711e+01 2.928932e-01
    endloop
  endfacet
  facet normal -5.234510e-17 -7.730105e-01 -6.343933e-01
    outer loop
      vertex   9.164935e+01 -1.483147e+01 4.444298e-01
      vertex   8.733333e+01 -1.470711e+01 2.928932e-01
      vertex   9.139060e+01 -1.470711e+01 2.928932e-01
    endloop
  endfacet
  facet normal -6.345756e-17 -6.343933e-01 -7.730105e-01
    outer loop
      vertex   9.139060e+01 -1.470711e+01 2.928932e-01
      vertex   8.733333e+01 -1.470711e+01 2.928932e-01
      vertex   9.107531e+01 -1.455557e+01 1.685304e-01
    endloop
  endfacet
  facet normal -1.714082e-03 -6.087605e-01 -7.933522e-01
    outer loop
      vertex   9.107531e+01 -1.455557e+01 1.685304e-01
      vertex   8.733333e+01 -1.470711e+01 2.928932e-01
      vertex   8.733333e+01 -1.450000e+01 1.339746e-01
    endloop
  endfacet
  facet normal 1.181574e-03 -4.694832e-01 -8.829406e-01
    outer loop
      vertex   9.107531e+01 -1.455557e+01 1.685304e-01
      vertex   8.733333e+01 -1.450000e+01 1.339746e-01
      vertex   9.071560e+01 -1.438268e+01 7.612047e-02
    endloop
  endfacet
  facet normal -2.529405e-03 -3.826822e-01 -9.238766e-01
    outer loop
      vertex   9.071560e+01 -1.438268e+01 7.612047e-02
      vertex   8.733333e+01 -1.450000e+01 1.339746e-01
      vertex   8.733333e+01 -1.425882e+01 3.407417e-02
    endloop
  endfacet
  facet normal 1.370882e-03 -2.876714e-01 -9.577282e-01
    outer loop
      vertex   9.071560e+01 -1.438268e+01 7.612047e-02
      vertex   8.733333e+01 -1.425882e+01 3.407417e-02
      vertex   9.032529e+01 -1.419509e+01 1.921472e-02
    endloop
  endfacet
  facet normal -2.732065e-03 -1.036450e-01 -9.946106e-01
    outer loop
      vertex   9.032529e+01 -1.419509e+01 1.921472e-02
      vertex   8.733333e+01 -1.425882e+01 3.407417e-02
      vertex   8.991938e+01 -1.400000e+01 0.000000e+00
    endloop
  endfacet
  facet normal 0.000000e+00 -1.305262e-01 -9.914449e-01
    outer loop
      vertex   8.991938e+01 -1.400000e+01 0.000000e+00
      vertex   8.733333e+01 -1.425882e+01 3.407417e-02
      vertex   8.266667e+01 -1.425882e+01 3.407417e-02
    endloop
  endfacet
  facet normal 0.000000e+00 -9.987955e-01 -4.906767e-02
    outer loop
      vertex   9.198998e+01 -1.499518e+01 9.019829e-01
      vertex   9.200000e+01 -1.500000e+01 1.000000e+00
      vertex   7.900000e+01 -1.500000e+01 1.000000e+00
    endloop
  endfacet
  facet normal 0.000000e+00 -3.826834e-01 -9.238795e-01
    outer loop
      vertex   8.266667e+01 -1.450000e+01 1.339746e-01
      vertex   8.266667e+01 -1.425882e+01 3.407417e-02
      vertex   8.733333e+01 -1.425882e+01 3.407417e-02
    endloop
  endfacet
  facet normal 0.000000e+00 -6.087614e-01 -7.933533e-01
    outer loop
      vertex   8.266667e+01 -1.470711e+01 2.928932e-01
      vertex   8.266667e+01 -1.450000e+01 1.339746e-01
      vertex   8.733333e+01 -1.450000e+01 1.339746e-01
    endloop
  endfacet
  facet normal -0.000000e+00 -3.826834e-01 -9.238795e-01
    outer loop
      vertex   8.733333e+01 -1.450000e+01 1.339746e-01
      vertex   8.266667e+01 -1.450000e+01 1.339746e-01
      vertex   8.733333e+01 -1.425882e+01 3.407417e-02
    endloop
  endfacet
  facet normal -2.847907e-17 -7.933533e-01 -6.087614e-01
    outer loop
      vertex   8.266667e+01 -1.486603e+01 5.000000e-01
      vertex   8.266667e+01 -1.470711e+01 2.928932e-01
      vertex   8.733333e+01 -1.470711e+01 2.928932e-01
    endloop
  endfacet
  facet normal -3.774853e-17 -6.087614e-01 -7.933533e-01
    outer loop
      vertex   8.733333e+01 -1.470711e+01 2.928932e-01
      vertex   8.266667e+01 -1.470711e+01 2.928932e-01
      vertex   8.733333e+01 -1.450000e+01 1.339746e-01
    endloop
  endfacet
  facet normal 0.000000e+00 -9.238795e-01 -3.826834e-01
    outer loop
      vertex   8.266667e+01 -1.496593e+01 7.411810e-01
      vertex   8.266667e+01 -1.486603e+01 5.000000e-01
      vertex   8.733333e+01 -1.486603e+01 5.000000e-01
    endloop
  endfacet
  facet normal -0.000000e+00 -7.933533e-01 -6.087614e-01
    outer loop
      vertex   8.733333e+01 -1.486603e+01 5.000000e-01
      vertex   8.266667e+01 -1.486603e+01 5.000000e-01
      vertex   8.733333e+01 -1.470711e+01 2.928932e-01
    endloop
  endfacet
  facet normal -0.000000e+00 -9.238795e-01 -3.826834e-01
    outer loop
      vertex   8.733333e+01 -1.496593e+01 7.411810e-01
      vertex   8.266667e+01 -1.496593e+01 7.411810e-01
      vertex   8.733333e+01 -1.486603e+01 5.000000e-01
    endloop
  endfacet
  facet normal 7.653853e-02 6.123082e-02 -9.951847e-01
    outer loop
      vertex   8.991938e+01 -1.400000e+01 0.000000e+00
      vertex   8.191938e+01 -4.000000e+00 0.000000e+00
      vertex   9.032529e+01 -1.419509e+01 1.921472e-02
    endloop
  endfacet
  facet normal 1.338644e-01 1.085154e-01 -9.850405e-01
    outer loop
      vertex   9.032529e+01 -1.419509e+01 1.921472e-02
      vertex   8.191938e+01 -4.000000e+00 0.000000e+00
      vertex   8.832132e+01 -1.158811e+01 3.407417e-02
    endloop
  endfacet
  facet normal 2.255925e-01 1.788703e-01 -9.576604e-01
    outer loop
      vertex   9.032529e+01 -1.419509e+01 1.921472e-02
      vertex   8.832132e+01 -1.158811e+01 3.407417e-02
      vertex   9.071560e+01 -1.438268e+01 7.612047e-02
    endloop
  endfacet
  facet normal 2.973716e-01 2.408762e-01 -9.238770e-01
    outer loop
      vertex   9.071560e+01 -1.438268e+01 7.612047e-02
      vertex   8.832132e+01 -1.158811e+01 3.407417e-02
      vertex   8.850965e+01 -1.143745e+01 1.339746e-01
    endloop
  endfacet
  facet normal 3.674000e-01 2.925210e-01 -8.828639e-01
    outer loop
      vertex   9.071560e+01 -1.438268e+01 7.612047e-02
      vertex   8.850965e+01 -1.143745e+01 1.339746e-01
      vertex   9.107531e+01 -1.455557e+01 1.685304e-01
    endloop
  endfacet
  facet normal 4.743698e-01 3.815302e-01 -7.933523e-01
    outer loop
      vertex   9.107531e+01 -1.455557e+01 1.685304e-01
      vertex   8.850965e+01 -1.143745e+01 1.339746e-01
      vertex   8.867137e+01 -1.130807e+01 2.928932e-01
    endloop
  endfacet
  facet normal 4.953779e-01 3.963023e-01 -7.730105e-01
    outer loop
      vertex   9.107531e+01 -1.455557e+01 1.685304e-01
      vertex   8.867137e+01 -1.130807e+01 2.928932e-01
      vertex   9.139060e+01 -1.470711e+01 2.928932e-01
    endloop
  endfacet
  facet normal 6.036198e-01 4.828958e-01 -6.343933e-01
    outer loop
      vertex   9.139060e+01 -1.470711e+01 2.928932e-01
      vertex   8.867137e+01 -1.130807e+01 2.928932e-01
      vertex   9.164935e+01 -1.483147e+01 4.444298e-01
    endloop
  endfacet
  facet normal 6.186354e-01 4.966895e-01 -6.087608e-01
    outer loop
      vertex   9.164935e+01 -1.483147e+01 4.444298e-01
      vertex   8.867137e+01 -1.130807e+01 2.928932e-01
      vertex   8.879547e+01 -1.120880e+01 5.000000e-01
    endloop
  endfacet
  facet normal 6.698181e-01 5.355616e-01 -5.143125e-01
    outer loop
      vertex   9.164935e+01 -1.483147e+01 4.444298e-01
      vertex   8.879547e+01 -1.120880e+01 5.000000e-01
      vertex   9.175432e+01 -1.488192e+01 5.286033e-01
    endloop
  endfacet
  facet normal 7.057473e-01 5.651825e-01 -4.271879e-01
    outer loop
      vertex   9.175432e+01 -1.488192e+01 5.286033e-01
      vertex   8.879547e+01 -1.120880e+01 5.000000e-01
      vertex   9.184162e+01 -1.492388e+01 6.173166e-01
    endloop
  endfacet
  facet normal 7.203151e-01 5.785327e-01 -3.826828e-01
    outer loop
      vertex   9.184162e+01 -1.492388e+01 6.173166e-01
      vertex   8.879547e+01 -1.120880e+01 5.000000e-01
      vertex   8.887348e+01 -1.114639e+01 7.411810e-01
    endloop
  endfacet
  facet normal 7.350298e-01 5.885837e-01 -3.366013e-01
    outer loop
      vertex   9.184162e+01 -1.492388e+01 6.173166e-01
      vertex   8.887348e+01 -1.114639e+01 7.411810e-01
      vertex   9.191041e+01 -1.495694e+01 7.097153e-01
    endloop
  endfacet
  facet normal 7.575829e-01 6.057859e-01 -2.430876e-01
    outer loop
      vertex   9.191041e+01 -1.495694e+01 7.097153e-01
      vertex   8.887348e+01 -1.114639e+01 7.411810e-01
      vertex   9.196002e+01 -1.498079e+01 8.049097e-01
    endloop
  endfacet
  facet normal 7.717733e-01 6.188156e-01 -1.464010e-01
    outer loop
      vertex   9.196002e+01 -1.498079e+01 8.049097e-01
      vertex   8.887348e+01 -1.114639e+01 7.411810e-01
      vertex   9.198998e+01 -1.499518e+01 9.019829e-01
    endloop
  endfacet
  facet normal 7.772377e-01 6.273253e-01 -4.862648e-02
    outer loop
      vertex   9.198998e+01 -1.499518e+01 9.019829e-01
      vertex   8.887348e+01 -1.114639e+01 7.411810e-01
      vertex   9.200000e+01 -1.500000e+01 1.000000e+00
    endloop
  endfacet
  facet normal 7.731525e-01 6.175848e-01 -1.443061e-01
    outer loop
      vertex   9.200000e+01 -1.500000e+01 1.000000e+00
      vertex   8.887348e+01 -1.114639e+01 7.411810e-01
      vertex   8.398998e+01 -4.995185e+00 9.019829e-01
    endloop
  endfacet
  facet normal 7.799282e-01 6.239426e-01 -4.906767e-02
    outer loop
      vertex   9.200000e+01 -1.500000e+01 1.000000e+00
      vertex   8.398998e+01 -4.995185e+00 9.019829e-01
      vertex   8.400000e+01 -5.000000e+00 1.000000e+00
    endloop
  endfacet
  facet normal 1.019238e-01 8.153907e-02 -9.914449e-01
    outer loop
      vertex   8.832132e+01 -1.158811e+01 3.407417e-02
      vertex   8.191938e+01 -4.000000e+00 0.000000e+00
      vertex   8.522140e+01 -7.713215e+00 3.407417e-02
    endloop
  endfacet
  facet normal 7.463639e-02 5.723555e-02 -9.955669e-01
    outer loop
      vertex   8.522140e+01 -7.713215e+00 3.407417e-02
      vertex   8.191938e+01 -4.000000e+00 0.000000e+00
      vertex   8.232529e+01 -4.195090e+00 1.921472e-02
    endloop
  endfacet
  facet normal 2.275082e-01 1.832448e-01 -9.563793e-01
    outer loop
      vertex   8.522140e+01 -7.713215e+00 3.407417e-02
      vertex   8.232529e+01 -4.195090e+00 1.921472e-02
      vertex   8.271560e+01 -4.382684e+00 7.612047e-02
    endloop
  endfacet
  facet normal 3.001078e-01 2.374564e-01 -9.238776e-01
    outer loop
      vertex   8.522140e+01 -7.713215e+00 3.407417e-02
      vertex   8.271560e+01 -4.382684e+00 7.612047e-02
      vertex   8.540973e+01 -7.562551e+00 1.339746e-01
    endloop
  endfacet
  facet normal 3.687946e-01 2.964316e-01 -8.809761e-01
    outer loop
      vertex   8.540973e+01 -7.562551e+00 1.339746e-01
      vertex   8.271560e+01 -4.382684e+00 7.612047e-02
      vertex   8.307531e+01 -4.555570e+00 1.685304e-01
    endloop
  endfacet
  facet normal 4.764148e-01 3.789739e-01 -7.933522e-01
    outer loop
      vertex   8.540973e+01 -7.562551e+00 1.339746e-01
      vertex   8.307531e+01 -4.555570e+00 1.685304e-01
      vertex   8.557145e+01 -7.433172e+00 2.928932e-01
    endloop
  endfacet
  facet normal 4.953779e-01 3.963023e-01 -7.730105e-01
    outer loop
      vertex   8.557145e+01 -7.433172e+00 2.928932e-01
      vertex   8.307531e+01 -4.555570e+00 1.685304e-01
      vertex   8.339060e+01 -4.707107e+00 2.928932e-01
    endloop
  endfacet
  facet normal 6.036198e-01 4.828958e-01 -6.343933e-01
    outer loop
      vertex   8.557145e+01 -7.433172e+00 2.928932e-01
      vertex   8.339060e+01 -4.707107e+00 2.928932e-01
      vertex   8.364935e+01 -4.831470e+00 4.444298e-01
    endloop
  endfacet
  facet normal 6.207433e-01 4.940534e-01 -6.087602e-01
    outer loop
      vertex   8.557145e+01 -7.433172e+00 2.928932e-01
      vertex   8.364935e+01 -4.831470e+00 4.444298e-01
      vertex   8.569555e+01 -7.333897e+00 5.000000e-01
    endloop
  endfacet
  facet normal 6.697073e-01 5.361994e-01 -5.137920e-01
    outer loop
      vertex   8.569555e+01 -7.333897e+00 5.000000e-01
      vertex   8.364935e+01 -4.831470e+00 4.444298e-01
      vertex   8.375432e+01 -4.881921e+00 5.286033e-01
    endloop
  endfacet
  facet normal 7.061189e-01 5.640268e-01 -4.281002e-01
    outer loop
      vertex   8.569555e+01 -7.333897e+00 5.000000e-01
      vertex   8.375432e+01 -4.881921e+00 5.286033e-01
      vertex   8.384162e+01 -4.923880e+00 6.173166e-01
    endloop
  endfacet
  facet normal 7.231838e-01 5.749432e-01 -3.826819e-01
    outer loop
      vertex   8.569555e+01 -7.333897e+00 5.000000e-01
      vertex   8.384162e+01 -4.923880e+00 6.173166e-01
      vertex   8.577356e+01 -7.271489e+00 7.411810e-01
    endloop
  endfacet
  facet normal 7.355417e-01 5.875038e-01 -3.373688e-01
    outer loop
      vertex   8.577356e+01 -7.271489e+00 7.411810e-01
      vertex   8.384162e+01 -4.923880e+00 6.173166e-01
      vertex   8.391041e+01 -4.956940e+00 7.097153e-01
    endloop
  endfacet
  facet normal 7.572755e-01 6.062844e-01 -2.428025e-01
    outer loop
      vertex   8.577356e+01 -7.271489e+00 7.411810e-01
      vertex   8.391041e+01 -4.956940e+00 7.097153e-01
      vertex   8.396002e+01 -4.980785e+00 8.049097e-01
    endloop
  endfacet
  facet normal 7.734878e-01 6.164621e-01 -1.472792e-01
    outer loop
      vertex   8.396002e+01 -4.980785e+00 8.049097e-01
      vertex   8.398998e+01 -4.995185e+00 9.019829e-01
      vertex   8.577356e+01 -7.271489e+00 7.411810e-01
    endloop
  endfacet
  facet normal 7.682547e-01 6.146037e-01 -1.790169e-01
    outer loop
      vertex   8.577356e+01 -7.271489e+00 7.411810e-01
      vertex   8.398998e+01 -4.995185e+00 9.019829e-01
      vertex   8.887348e+01 -1.114639e+01 7.411810e-01
    endloop
  endfacet
  facet normal 7.214287e-01 5.771430e-01 -3.826834e-01
    outer loop
      vertex   8.577356e+01 -7.271489e+00 7.411810e-01
      vertex   8.887348e+01 -1.114639e+01 7.411810e-01
      vertex   8.569555e+01 -7.333897e+00 5.000000e-01
    endloop
  endfacet
  facet normal 7.214287e-01 5.771430e-01 -3.826834e-01
    outer loop
      vertex   8.569555e+01 -7.333897e+00 5.000000e-01
      vertex   8.887348e+01 -1.114639e+01 7.411810e-01
      vertex   8.879547e+01 -1.120880e+01 5.000000e-01
    endloop
  endfacet
  facet normal 6.195049e-01 4.956039e-01 -6.087614e-01
    outer loop
      vertex   8.569555e+01 -7.333897e+00 5.000000e-01
      vertex   8.879547e+01 -1.120880e+01 5.000000e-01
      vertex   8.557145e+01 -7.433172e+00 2.928932e-01
    endloop
  endfacet
  facet normal 6.195049e-01 4.956039e-01 -6.087614e-01
    outer loop
      vertex   8.557145e+01 -7.433172e+00 2.928932e-01
      vertex   8.879547e+01 -1.120880e+01 5.000000e-01
      vertex   8.867137e+01 -1.130807e+01 2.928932e-01
    endloop
  endfacet
  facet normal 4.753628e-01 3.802902e-01 -7.933533e-01
    outer loop
      vertex   8.557145e+01 -7.433172e+00 2.928932e-01
      vertex   8.867137e+01 -1.130807e+01 2.928932e-01
      vertex   8.540973e+01 -7.562551e+00 1.339746e-01
    endloop
  endfacet
  facet normal 4.753628e-01 3.802902e-01 -7.933533e-01
    outer loop
      vertex   8.540973e+01 -7.562551e+00 1.339746e-01
      vertex   8.867137e+01 -1.130807e+01 2.928932e-01
      vertex   8.850965e+01 -1.143745e+01 1.339746e-01
    endloop
  endfacet
  facet normal 2.988256e-01 2.390604e-01 -9.238795e-01
    outer loop
      vertex   8.540973e+01 -7.562551e+00 1.339746e-01
      vertex   8.850965e+01 -1.143745e+01 1.339746e-01
      vertex   8.522140e+01 -7.713215e+00 3.407417e-02
    endloop
  endfacet
  facet normal 2.988256e-01 2.390604e-01 -9.238795e-01
    outer loop
      vertex   8.522140e+01 -7.713215e+00 3.407417e-02
      vertex   8.850965e+01 -1.143745e+01 1.339746e-01
      vertex   8.832132e+01 -1.158811e+01 3.407417e-02
    endloop
  endfacet
  facet normal -1.392907e-16 -9.801714e-02 -9.951847e-01
    outer loop
      vertex   8.191938e+01 -4.000000e+00 0.000000e+00
      vertex   8.691938e+01 -4.000000e+00 0.000000e+00
      vertex   8.232529e+01 -4.195090e+00 1.921472e-02
    endloop
  endfacet
  facet normal 1.833254e-03 -1.406821e-01 -9.900531e-01
    outer loop
      vertex   8.232529e+01 -4.195090e+00 1.921472e-02
      vertex   8.691938e+01 -4.000000e+00 0.000000e+00
      vertex   8.545969e+01 -4.258819e+00 3.407417e-02
    endloop
  endfacet
  facet normal -1.424528e-03 -2.929974e-01 -9.561122e-01
    outer loop
      vertex   8.232529e+01 -4.195090e+00 1.921472e-02
      vertex   8.545969e+01 -4.258819e+00 3.407417e-02
      vertex   8.271560e+01 -4.382684e+00 7.612047e-02
    endloop
  endfacet
  facet normal 3.117642e-03 -3.826816e-01 -9.238750e-01
    outer loop
      vertex   8.271560e+01 -4.382684e+00 7.612047e-02
      vertex   8.545969e+01 -4.258819e+00 3.407417e-02
      vertex   8.545969e+01 -4.500000e+00 1.339746e-01
    endloop
  endfacet
  facet normal -1.709064e-03 -4.741595e-01 -8.804373e-01
    outer loop
      vertex   8.271560e+01 -4.382684e+00 7.612047e-02
      vertex   8.545969e+01 -4.500000e+00 1.339746e-01
      vertex   8.307531e+01 -4.555570e+00 1.685304e-01
    endloop
  endfacet
  facet normal 2.690025e-03 -6.087592e-01 -7.933505e-01
    outer loop
      vertex   8.307531e+01 -4.555570e+00 1.685304e-01
      vertex   8.545969e+01 -4.500000e+00 1.339746e-01
      vertex   8.545969e+01 -4.707107e+00 2.928932e-01
    endloop
  endfacet
  facet normal -4.618946e-16 -6.343933e-01 -7.730105e-01
    outer loop
      vertex   8.307531e+01 -4.555570e+00 1.685304e-01
      vertex   8.545969e+01 -4.707107e+00 2.928932e-01
      vertex   8.339060e+01 -4.707107e+00 2.928932e-01
    endloop
  endfacet
  facet normal -5.955660e-16 -7.730105e-01 -6.343933e-01
    outer loop
      vertex   8.339060e+01 -4.707107e+00 2.928932e-01
      vertex   8.545969e+01 -4.707107e+00 2.928932e-01
      vertex   8.364935e+01 -4.831470e+00 4.444298e-01
    endloop
  endfacet
  facet normal 3.543000e-03 -7.933484e-01 -6.087576e-01
    outer loop
      vertex   8.364935e+01 -4.831470e+00 4.444298e-01
      vertex   8.545969e+01 -4.707107e+00 2.928932e-01
      vertex   8.545969e+01 -4.866025e+00 5.000000e-01
    endloop
  endfacet
  facet normal -6.152106e-04 -8.580666e-01 -5.135381e-01
    outer loop
      vertex   8.364935e+01 -4.831470e+00 4.444298e-01
      vertex   8.545969e+01 -4.866025e+00 5.000000e-01
      vertex   8.375432e+01 -4.881921e+00 5.286033e-01
    endloop
  endfacet
  facet normal 1.233970e-03 -9.035187e-01 -4.285468e-01
    outer loop
      vertex   8.375432e+01 -4.881921e+00 5.286033e-01
      vertex   8.545969e+01 -4.866025e+00 5.000000e-01
      vertex   8.384162e+01 -4.923880e+00 6.173166e-01
    endloop
  endfacet
  facet normal 5.287189e-03 -9.238666e-01 -3.826781e-01
    outer loop
      vertex   8.384162e+01 -4.923880e+00 6.173166e-01
      vertex   8.545969e+01 -4.866025e+00 5.000000e-01
      vertex   8.545969e+01 -4.965926e+00 7.411810e-01
    endloop
  endfacet
  facet normal 1.402140e-03 -9.412116e-01 -3.378147e-01
    outer loop
      vertex   8.384162e+01 -4.923880e+00 6.173166e-01
      vertex   8.545969e+01 -4.965926e+00 7.411810e-01
      vertex   8.391041e+01 -4.956940e+00 7.097153e-01
    endloop
  endfacet
  facet normal -6.985389e-04 -9.701168e-01 -2.426375e-01
    outer loop
      vertex   8.391041e+01 -4.956940e+00 7.097153e-01
      vertex   8.545969e+01 -4.965926e+00 7.411810e-01
      vertex   8.396002e+01 -4.980785e+00 8.049097e-01
    endloop
  endfacet
  facet normal 3.519164e-03 -9.890122e-01 -1.477922e-01
    outer loop
      vertex   8.396002e+01 -4.980785e+00 8.049097e-01
      vertex   8.545969e+01 -4.965926e+00 7.411810e-01
      vertex   8.398998e+01 -4.995185e+00 9.019829e-01
    endloop
  endfacet
  facet normal -5.044236e-16 -9.838460e-01 -1.790169e-01
    outer loop
      vertex   8.398998e+01 -4.995185e+00 9.019829e-01
      vertex   8.545969e+01 -4.965926e+00 7.411810e-01
      vertex   8.898998e+01 -4.995185e+00 9.019829e-01
    endloop
  endfacet
  facet normal -5.268175e-16 -9.987955e-01 -4.906767e-02
    outer loop
      vertex   8.398998e+01 -4.995185e+00 9.019829e-01
      vertex   8.898998e+01 -4.995185e+00 9.019829e-01
      vertex   8.400000e+01 -5.000000e+00 1.000000e+00
    endloop
  endfacet
  facet normal 0.000000e+00 -9.987955e-01 -4.906767e-02
    outer loop
      vertex   8.400000e+01 -5.000000e+00 1.000000e+00
      vertex   8.898998e+01 -4.995185e+00 9.019829e-01
      vertex   8.900000e+01 -5.000000e+00 1.000000e+00
    endloop
  endfacet
  facet normal -4.270630e-03 -1.068126e-01 -9.942700e-01
    outer loop
      vertex   8.691938e+01 -4.000000e+00 0.000000e+00
      vertex   8.732529e+01 -4.195090e+00 1.921472e-02
      vertex   8.545969e+01 -4.258819e+00 3.407417e-02
    endloop
  endfacet
  facet normal 2.144616e-03 -2.861952e-01 -9.581689e-01
    outer loop
      vertex   8.545969e+01 -4.258819e+00 3.407417e-02
      vertex   8.732529e+01 -4.195090e+00 1.921472e-02
      vertex   8.771560e+01 -4.382684e+00 7.612047e-02
    endloop
  endfacet
  facet normal -3.792298e-03 -3.826807e-01 -9.238729e-01
    outer loop
      vertex   8.545969e+01 -4.258819e+00 3.407417e-02
      vertex   8.771560e+01 -4.382684e+00 7.612047e-02
      vertex   8.545969e+01 -4.500000e+00 1.339746e-01
    endloop
  endfacet
  facet normal 1.714813e-03 -4.686187e-01 -8.833989e-01
    outer loop
      vertex   8.545969e+01 -4.500000e+00 1.339746e-01
      vertex   8.771560e+01 -4.382684e+00 7.612047e-02
      vertex   8.807531e+01 -4.555570e+00 1.685304e-01
    endloop
  endfacet
  facet normal -2.452207e-03 -6.087596e-01 -7.933510e-01
    outer loop
      vertex   8.545969e+01 -4.500000e+00 1.339746e-01
      vertex   8.807531e+01 -4.555570e+00 1.685304e-01
      vertex   8.545969e+01 -4.707107e+00 2.928932e-01
    endloop
  endfacet
  facet normal 1.005693e-16 -6.343933e-01 -7.730105e-01
    outer loop
      vertex   8.545969e+01 -4.707107e+00 2.928932e-01
      vertex   8.807531e+01 -4.555570e+00 1.685304e-01
      vertex   8.839060e+01 -4.707107e+00 2.928932e-01
    endloop
  endfacet
  facet normal 6.055054e-18 -7.730105e-01 -6.343933e-01
    outer loop
      vertex   8.545969e+01 -4.707107e+00 2.928932e-01
      vertex   8.839060e+01 -4.707107e+00 2.928932e-01
      vertex   8.864935e+01 -4.831470e+00 4.444298e-01
    endloop
  endfacet
  facet normal -2.010885e-03 -7.933517e-01 -6.087602e-01
    outer loop
      vertex   8.545969e+01 -4.707107e+00 2.928932e-01
      vertex   8.864935e+01 -4.831470e+00 4.444298e-01
      vertex   8.545969e+01 -4.866025e+00 5.000000e-01
    endloop
  endfacet
  facet normal 3.284651e-04 -8.575479e-01 -5.144040e-01
    outer loop
      vertex   8.545969e+01 -4.866025e+00 5.000000e-01
      vertex   8.864935e+01 -4.831470e+00 4.444298e-01
      vertex   8.875432e+01 -4.881921e+00 5.286033e-01
    endloop
  endfacet
  facet normal -6.553848e-04 -9.042382e-01 -4.270279e-01
    outer loop
      vertex   8.545969e+01 -4.866025e+00 5.000000e-01
      vertex   8.875432e+01 -4.881921e+00 5.286033e-01
      vertex   8.884162e+01 -4.923880e+00 6.173166e-01
    endloop
  endfacet
  facet normal -2.529650e-03 -9.238766e-01 -3.826822e-01
    outer loop
      vertex   8.545969e+01 -4.866025e+00 5.000000e-01
      vertex   8.884162e+01 -4.923880e+00 6.173166e-01
      vertex   8.545969e+01 -4.965926e+00 7.411810e-01
    endloop
  endfacet
  facet normal -6.161361e-04 -9.416893e-01 -3.364831e-01
    outer loop
      vertex   8.545969e+01 -4.965926e+00 7.411810e-01
      vertex   8.884162e+01 -4.923880e+00 6.173166e-01
      vertex   8.891041e+01 -4.956940e+00 7.097153e-01
    endloop
  endfacet
  facet normal 3.087980e-04 -9.699933e-01 -2.431316e-01
    outer loop
      vertex   8.545969e+01 -4.965926e+00 7.411810e-01
      vertex   8.891041e+01 -4.956940e+00 7.097153e-01
      vertex   8.896002e+01 -4.980785e+00 8.049097e-01
    endloop
  endfacet
  facet normal -1.536500e-03 -9.892441e-01 -1.462663e-01
    outer loop
      vertex   8.896002e+01 -4.980785e+00 8.049097e-01
      vertex   8.898998e+01 -4.995185e+00 9.019829e-01
      vertex   8.545969e+01 -4.965926e+00 7.411810e-01
    endloop
  endfacet
  facet normal 7.799282e-01 6.239426e-01 -4.906767e-02
    outer loop
      vertex   8.100000e+01 5.000000e+00 1.000000e+00
      vertex   8.900000e+01 -5.000000e+00 1.000000e+00
      vertex   8.098998e+01 5.004815e+00 9.019829e-01
    endloop
  endfacet
  facet normal 7.731525e-01 6.175848e-01 -1.443061e-01
    outer loop
      vertex   8.098998e+01 5.004815e+00 9.019829e-01
      vertex   8.900000e+01 -5.000000e+00 1.000000e+00
      vertex   8.587348e+01 -1.146388e+00 7.411810e-01
    endloop
  endfacet
  facet normal 7.682547e-01 6.146037e-01 -1.790169e-01
    outer loop
      vertex   8.098998e+01 5.004815e+00 9.019829e-01
      vertex   8.587348e+01 -1.146388e+00 7.411810e-01
      vertex   8.277356e+01 2.728511e+00 7.411810e-01
    endloop
  endfacet
  facet normal 7.214287e-01 5.771430e-01 -3.826834e-01
    outer loop
      vertex   8.277356e+01 2.728511e+00 7.411810e-01
      vertex   8.587348e+01 -1.146388e+00 7.411810e-01
      vertex   8.269555e+01 2.666103e+00 5.000000e-01
    endloop
  endfacet
  facet normal 7.231838e-01 5.749432e-01 -3.826819e-01
    outer loop
      vertex   8.277356e+01 2.728511e+00 7.411810e-01
      vertex   8.269555e+01 2.666103e+00 5.000000e-01
      vertex   8.084162e+01 5.076121e+00 6.173166e-01
    endloop
  endfacet
  facet normal 7.061189e-01 5.640268e-01 -4.281002e-01
    outer loop
      vertex   8.084162e+01 5.076121e+00 6.173166e-01
      vertex   8.269555e+01 2.666103e+00 5.000000e-01
      vertex   8.075432e+01 5.118079e+00 5.286033e-01
    endloop
  endfacet
  facet normal 6.697073e-01 5.361994e-01 -5.137920e-01
    outer loop
      vertex   8.075432e+01 5.118079e+00 5.286033e-01
      vertex   8.269555e+01 2.666103e+00 5.000000e-01
      vertex   8.064935e+01 5.168530e+00 4.444298e-01
    endloop
  endfacet
  facet normal 6.207433e-01 4.940534e-01 -6.087602e-01
    outer loop
      vertex   8.064935e+01 5.168530e+00 4.444298e-01
      vertex   8.269555e+01 2.666103e+00 5.000000e-01
      vertex   8.257145e+01 2.566828e+00 2.928932e-01
    endloop
  endfacet
  facet normal 6.036198e-01 4.828958e-01 -6.343933e-01
    outer loop
      vertex   8.064935e+01 5.168530e+00 4.444298e-01
      vertex   8.257145e+01 2.566828e+00 2.928932e-01
      vertex   8.039060e+01 5.292893e+00 2.928932e-01
    endloop
  endfacet
  facet normal 4.953779e-01 3.963023e-01 -7.730105e-01
    outer loop
      vertex   8.039060e+01 5.292893e+00 2.928932e-01
      vertex   8.257145e+01 2.566828e+00 2.928932e-01
      vertex   8.007531e+01 5.444430e+00 1.685304e-01
    endloop
  endfacet
  facet normal 4.764148e-01 3.789739e-01 -7.933522e-01
    outer loop
      vertex   8.007531e+01 5.444430e+00 1.685304e-01
      vertex   8.257145e+01 2.566828e+00 2.928932e-01
      vertex   8.240973e+01 2.437449e+00 1.339746e-01
    endloop
  endfacet
  facet normal 3.687946e-01 2.964316e-01 -8.809761e-01
    outer loop
      vertex   8.007531e+01 5.444430e+00 1.685304e-01
      vertex   8.240973e+01 2.437449e+00 1.339746e-01
      vertex   7.971560e+01 5.617317e+00 7.612047e-02
    endloop
  endfacet
  facet normal 3.001078e-01 2.374564e-01 -9.238776e-01
    outer loop
      vertex   7.971560e+01 5.617317e+00 7.612047e-02
      vertex   8.240973e+01 2.437449e+00 1.339746e-01
      vertex   8.222140e+01 2.286785e+00 3.407417e-02
    endloop
  endfacet
  facet normal 2.275082e-01 1.832448e-01 -9.563793e-01
    outer loop
      vertex   7.971560e+01 5.617317e+00 7.612047e-02
      vertex   8.222140e+01 2.286785e+00 3.407417e-02
      vertex   7.932529e+01 5.804910e+00 1.921472e-02
    endloop
  endfacet
  facet normal 7.463639e-02 5.723555e-02 -9.955669e-01
    outer loop
      vertex   7.932529e+01 5.804910e+00 1.921472e-02
      vertex   8.222140e+01 2.286785e+00 3.407417e-02
      vertex   7.891938e+01 6.000000e+00 0.000000e+00
    endloop
  endfacet
  facet normal 1.019238e-01 8.153907e-02 -9.914449e-01
    outer loop
      vertex   7.891938e+01 6.000000e+00 0.000000e+00
      vertex   8.222140e+01 2.286785e+00 3.407417e-02
      vertex   8.532132e+01 -1.588114e+00 3.407417e-02
    endloop
  endfacet
  facet normal 1.338644e-01 1.085154e-01 -9.850405e-01
    outer loop
      vertex   7.891938e+01 6.000000e+00 0.000000e+00
      vertex   8.532132e+01 -1.588114e+00 3.407417e-02
      vertex   8.732529e+01 -4.195090e+00 1.921472e-02
    endloop
  endfacet
  facet normal 2.255925e-01 1.788703e-01 -9.576604e-01
    outer loop
      vertex   8.732529e+01 -4.195090e+00 1.921472e-02
      vertex   8.532132e+01 -1.588114e+00 3.407417e-02
      vertex   8.771560e+01 -4.382684e+00 7.612047e-02
    endloop
  endfacet
  facet normal 2.973716e-01 2.408762e-01 -9.238770e-01
    outer loop
      vertex   8.771560e+01 -4.382684e+00 7.612047e-02
      vertex   8.532132e+01 -1.588114e+00 3.407417e-02
      vertex   8.550965e+01 -1.437449e+00 1.339746e-01
    endloop
  endfacet
  facet normal 3.674000e-01 2.925210e-01 -8.828639e-01
    outer loop
      vertex   8.771560e+01 -4.382684e+00 7.612047e-02
      vertex   8.550965e+01 -1.437449e+00 1.339746e-01
      vertex   8.807531e+01 -4.555570e+00 1.685304e-01
    endloop
  endfacet
  facet normal 4.743698e-01 3.815302e-01 -7.933523e-01
    outer loop
      vertex   8.807531e+01 -4.555570e+00 1.685304e-01
      vertex   8.550965e+01 -1.437449e+00 1.339746e-01
      vertex   8.567137e+01 -1.308071e+00 2.928932e-01
    endloop
  endfacet
  facet normal 4.953779e-01 3.963023e-01 -7.730105e-01
    outer loop
      vertex   8.807531e+01 -4.555570e+00 1.685304e-01
      vertex   8.567137e+01 -1.308071e+00 2.928932e-01
      vertex   8.839060e+01 -4.707107e+00 2.928932e-01
    endloop
  endfacet
  facet normal 6.036198e-01 4.828958e-01 -6.343933e-01
    outer loop
      vertex   8.839060e+01 -4.707107e+00 2.928932e-01
      vertex   8.567137e+01 -1.308071e+00 2.928932e-01
      vertex   8.864935e+01 -4.831470e+00 4.444298e-01
    endloop
  endfacet
  facet normal 6.186354e-01 4.966895e-01 -6.087608e-01
    outer loop
      vertex   8.864935e+01 -4.831470e+00 4.444298e-01
      vertex   8.567137e+01 -1.308071e+00 2.928932e-01
      vertex   8.579547e+01 -1.208795e+00 5.000000e-01
    endloop
  endfacet
  facet normal 6.698181e-01 5.355616e-01 -5.143125e-01
    outer loop
      vertex   8.864935e+01 -4.831470e+00 4.444298e-01
      vertex   8.579547e+01 -1.208795e+00 5.000000e-01
      vertex   8.875432e+01 -4.881921e+00 5.286033e-01
    endloop
  endfacet
  facet normal 7.057473e-01 5.651825e-01 -4.271879e-01
    outer loop
      vertex   8.875432e+01 -4.881921e+00 5.286033e-01
      vertex   8.579547e+01 -1.208795e+00 5.000000e-01
      vertex   8.884162e+01 -4.923880e+00 6.173166e-01
    endloop
  endfacet
  facet normal 7.203151e-01 5.785327e-01 -3.826828e-01
    outer loop
      vertex   8.884162e+01 -4.923880e+00 6.173166e-01
      vertex   8.579547e+01 -1.208795e+00 5.000000e-01
      vertex   8.587348e+01 -1.146388e+00 7.411810e-01
    endloop
  endfacet
  facet normal 7.350298e-01 5.885837e-01 -3.366013e-01
    outer loop
      vertex   8.884162e+01 -4.923880e+00 6.173166e-01
      vertex   8.587348e+01 -1.146388e+00 7.411810e-01
      vertex   8.891041e+01 -4.956940e+00 7.097153e-01
    endloop
  endfacet
  facet normal 7.575829e-01 6.057859e-01 -2.430876e-01
    outer loop
      vertex   8.891041e+01 -4.956940e+00 7.097153e-01
      vertex   8.587348e+01 -1.146388e+00 7.411810e-01
      vertex   8.896002e+01 -4.980785e+00 8.049097e-01
    endloop
  endfacet
  facet normal 7.717733e-01 6.188156e-01 -1.464010e-01
    outer loop
      vertex   8.896002e+01 -4.980785e+00 8.049097e-01
      vertex   8.587348e+01 -1.146388e+00 7.411810e-01
      vertex   8.898998e+01 -4.995185e+00 9.019829e-01
    endloop
  endfacet
  facet normal 7.772377e-01 6.273253e-01 -4.862648e-02
    outer loop
      vertex   8.898998e+01 -4.995185e+00 9.019829e-01
      vertex   8.587348e+01 -1.146388e+00 7.411810e-01
      vertex   8.900000e+01 -5.000000e+00 1.000000e+00
    endloop
  endfacet
  facet normal 7.653853e-02 6.123082e-02 -9.951847e-01
    outer loop
      vertex   8.732529e+01 -4.195090e+00 1.921472e-02
      vertex   8.691938e+01 -4.000000e+00 0.000000e+00
      vertex   7.891938e+01 6.000000e+00 0.000000e+00
    endloop
  endfacet
  facet normal 7.355417e-01 5.875038e-01 -3.373688e-01
    outer loop
      vertex   8.084162e+01 5.076121e+00 6.173166e-01
      vertex   8.091041e+01 5.043060e+00 7.097153e-01
      vertex   8.277356e+01 2.728511e+00 7.411810e-01
    endloop
  endfacet
  facet normal 7.572755e-01 6.062844e-01 -2.428025e-01
    outer loop
      vertex   8.277356e+01 2.728511e+00 7.411810e-01
      vertex   8.091041e+01 5.043060e+00 7.097153e-01
      vertex   8.096002e+01 5.019215e+00 8.049097e-01
    endloop
  endfacet
  facet normal 7.734878e-01 6.164621e-01 -1.472792e-01
    outer loop
      vertex   8.277356e+01 2.728511e+00 7.411810e-01
      vertex   8.096002e+01 5.019215e+00 8.049097e-01
      vertex   8.098998e+01 5.004815e+00 9.019829e-01
    endloop
  endfacet
  facet normal 6.195049e-01 4.956039e-01 -6.087614e-01
    outer loop
      vertex   8.257145e+01 2.566828e+00 2.928932e-01
      vertex   8.269555e+01 2.666103e+00 5.000000e-01
      vertex   8.579547e+01 -1.208795e+00 5.000000e-01
    endloop
  endfacet
  facet normal 7.214287e-01 5.771430e-01 -3.826834e-01
    outer loop
      vertex   8.579547e+01 -1.208795e+00 5.000000e-01
      vertex   8.269555e+01 2.666103e+00 5.000000e-01
      vertex   8.587348e+01 -1.146388e+00 7.411810e-01
    endloop
  endfacet
  facet normal 4.753628e-01 3.802902e-01 -7.933533e-01
    outer loop
      vertex   8.240973e+01 2.437449e+00 1.339746e-01
      vertex   8.257145e+01 2.566828e+00 2.928932e-01
      vertex   8.567137e+01 -1.308071e+00 2.928932e-01
    endloop
  endfacet
  facet normal 6.195049e-01 4.956039e-01 -6.087614e-01
    outer loop
      vertex   8.567137e+01 -1.308071e+00 2.928932e-01
      vertex   8.257145e+01 2.566828e+00 2.928932e-01
      vertex   8.579547e+01 -1.208795e+00 5.000000e-01
    endloop
  endfacet
  facet normal 2.988256e-01 2.390604e-01 -9.238795e-01
    outer loop
      vertex   8.222140e+01 2.286785e+00 3.407417e-02
      vertex   8.240973e+01 2.437449e+00 1.339746e-01
      vertex   8.550965e+01 -1.437449e+00 1.339746e-01
    endloop
  endfacet
  facet normal 4.753628e-01 3.802902e-01 -7.933533e-01
    outer loop
      vertex   8.550965e+01 -1.437449e+00 1.339746e-01
      vertex   8.240973e+01 2.437449e+00 1.339746e-01
      vertex   8.567137e+01 -1.308071e+00 2.928932e-01
    endloop
  endfacet
  facet normal 2.988256e-01 2.390604e-01 -9.238795e-01
    outer loop
      vertex   8.532132e+01 -1.588114e+00 3.407417e-02
      vertex   8.222140e+01 2.286785e+00 3.407417e-02
      vertex   8.550965e+01 -1.437449e+00 1.339746e-01
    endloop
  endfacet
  facet normal -0.000000e+00 -9.987955e-01 -4.906767e-02
    outer loop
      vertex   8.600000e+01 5.000000e+00 1.000000e+00
      vertex   8.100000e+01 5.000000e+00 1.000000e+00
      vertex   8.598998e+01 5.004815e+00 9.019829e-01
    endloop
  endfacet
  facet normal 7.107764e-16 -9.987955e-01 -4.906767e-02
    outer loop
      vertex   8.598998e+01 5.004815e+00 9.019829e-01
      vertex   8.100000e+01 5.000000e+00 1.000000e+00
      vertex   8.098998e+01 5.004815e+00 9.019829e-01
    endloop
  endfacet
  facet normal 7.030396e-16 -9.838460e-01 -1.790169e-01
    outer loop
      vertex   8.598998e+01 5.004815e+00 9.019829e-01
      vertex   8.098998e+01 5.004815e+00 9.019829e-01
      vertex   8.245969e+01 5.034074e+00 7.411810e-01
    endloop
  endfacet
  facet normal 3.519164e-03 -9.890122e-01 -1.477922e-01
    outer loop
      vertex   8.245969e+01 5.034074e+00 7.411810e-01
      vertex   8.098998e+01 5.004815e+00 9.019829e-01
      vertex   8.096002e+01 5.019215e+00 8.049097e-01
    endloop
  endfacet
  facet normal -6.985389e-04 -9.701168e-01 -2.426375e-01
    outer loop
      vertex   8.245969e+01 5.034074e+00 7.411810e-01
      vertex   8.096002e+01 5.019215e+00 8.049097e-01
      vertex   8.091041e+01 5.043060e+00 7.097153e-01
    endloop
  endfacet
  facet normal 1.402140e-03 -9.412116e-01 -3.378147e-01
    outer loop
      vertex   8.091041e+01 5.043060e+00 7.097153e-01
      vertex   8.084162e+01 5.076121e+00 6.173166e-01
      vertex   8.245969e+01 5.034074e+00 7.411810e-01
    endloop
  endfacet
  facet normal 5.287189e-03 -9.238666e-01 -3.826781e-01
    outer loop
      vertex   8.245969e+01 5.034074e+00 7.411810e-01
      vertex   8.084162e+01 5.076121e+00 6.173166e-01
      vertex   8.245969e+01 5.133975e+00 5.000000e-01
    endloop
  endfacet
  facet normal -2.529650e-03 -9.238766e-01 -3.826822e-01
    outer loop
      vertex   8.245969e+01 5.034074e+00 7.411810e-01
      vertex   8.245969e+01 5.133975e+00 5.000000e-01
      vertex   8.584162e+01 5.076121e+00 6.173166e-01
    endloop
  endfacet
  facet normal -6.553848e-04 -9.042382e-01 -4.270279e-01
    outer loop
      vertex   8.584162e+01 5.076121e+00 6.173166e-01
      vertex   8.245969e+01 5.133975e+00 5.000000e-01
      vertex   8.575432e+01 5.118079e+00 5.286033e-01
    endloop
  endfacet
  facet normal 3.284651e-04 -8.575479e-01 -5.144040e-01
    outer loop
      vertex   8.575432e+01 5.118079e+00 5.286033e-01
      vertex   8.245969e+01 5.133975e+00 5.000000e-01
      vertex   8.564935e+01 5.168530e+00 4.444298e-01
    endloop
  endfacet
  facet normal -2.010885e-03 -7.933517e-01 -6.087602e-01
    outer loop
      vertex   8.564935e+01 5.168530e+00 4.444298e-01
      vertex   8.245969e+01 5.133975e+00 5.000000e-01
      vertex   8.245969e+01 5.292893e+00 2.928932e-01
    endloop
  endfacet
  facet normal -1.268075e-16 -7.730105e-01 -6.343933e-01
    outer loop
      vertex   8.564935e+01 5.168530e+00 4.444298e-01
      vertex   8.245969e+01 5.292893e+00 2.928932e-01
      vertex   8.539060e+01 5.292893e+00 2.928932e-01
    endloop
  endfacet
  facet normal -2.469766e-16 -6.343933e-01 -7.730105e-01
    outer loop
      vertex   8.539060e+01 5.292893e+00 2.928932e-01
      vertex   8.245969e+01 5.292893e+00 2.928932e-01
      vertex   8.507531e+01 5.444430e+00 1.685304e-01
    endloop
  endfacet
  facet normal -2.452207e-03 -6.087596e-01 -7.933510e-01
    outer loop
      vertex   8.507531e+01 5.444430e+00 1.685304e-01
      vertex   8.245969e+01 5.292893e+00 2.928932e-01
      vertex   8.245969e+01 5.500000e+00 1.339746e-01
    endloop
  endfacet
  facet normal 1.714813e-03 -4.686187e-01 -8.833989e-01
    outer loop
      vertex   8.507531e+01 5.444430e+00 1.685304e-01
      vertex   8.245969e+01 5.500000e+00 1.339746e-01
      vertex   8.471560e+01 5.617317e+00 7.612047e-02
    endloop
  endfacet
  facet normal -3.792298e-03 -3.826807e-01 -9.238729e-01
    outer loop
      vertex   8.471560e+01 5.617317e+00 7.612047e-02
      vertex   8.245969e+01 5.500000e+00 1.339746e-01
      vertex   8.245969e+01 5.741181e+00 3.407417e-02
    endloop
  endfacet
  facet normal 2.144616e-03 -2.861952e-01 -9.581689e-01
    outer loop
      vertex   8.471560e+01 5.617317e+00 7.612047e-02
      vertex   8.245969e+01 5.741181e+00 3.407417e-02
      vertex   8.432529e+01 5.804910e+00 1.921472e-02
    endloop
  endfacet
  facet normal -4.270630e-03 -1.068126e-01 -9.942700e-01
    outer loop
      vertex   8.432529e+01 5.804910e+00 1.921472e-02
      vertex   8.245969e+01 5.741181e+00 3.407417e-02
      vertex   8.391938e+01 6.000000e+00 0.000000e+00
    endloop
  endfacet
  facet normal 1.833254e-03 -1.406821e-01 -9.900531e-01
    outer loop
      vertex   8.391938e+01 6.000000e+00 0.000000e+00
      vertex   8.245969e+01 5.741181e+00 3.407417e-02
      vertex   7.932529e+01 5.804910e+00 1.921472e-02
    endloop
  endfacet
  facet normal 8.705671e-17 -9.801714e-02 -9.951847e-01
    outer loop
      vertex   8.391938e+01 6.000000e+00 0.000000e+00
      vertex   7.932529e+01 5.804910e+00 1.921472e-02
      vertex   7.891938e+01 6.000000e+00 0.000000e+00
    endloop
  endfacet
  facet normal 1.233970e-03 -9.035187e-01 -4.285468e-01
    outer loop
      vertex   8.084162e+01 5.076121e+00 6.173166e-01
      vertex   8.075432e+01 5.118079e+00 5.286033e-01
      vertex   8.245969e+01 5.133975e+00 5.000000e-01
    endloop
  endfacet
  facet normal -6.152106e-04 -8.580666e-01 -5.135381e-01
    outer loop
      vertex   8.245969e+01 5.133975e+00 5.000000e-01
      vertex   8.075432e+01 5.118079e+00 5.286033e-01
      vertex   8.064935e+01 5.168530e+00 4.444298e-01
    endloop
  endfacet
  facet normal 3.543000e-03 -7.933484e-01 -6.087576e-01
    outer loop
      vertex   8.245969e+01 5.133975e+00 5.000000e-01
      vertex   8.064935e+01 5.168530e+00 4.444298e-01
      vertex   8.245969e+01 5.292893e+00 2.928932e-01
    endloop
  endfacet
  facet normal 1.301829e-15 -7.730105e-01 -6.343933e-01
    outer loop
      vertex   8.245969e+01 5.292893e+00 2.928932e-01
      vertex   8.064935e+01 5.168530e+00 4.444298e-01
      vertex   8.039060e+01 5.292893e+00 2.928932e-01
    endloop
  endfacet
  facet normal 1.190261e-15 -6.343933e-01 -7.730105e-01
    outer loop
      vertex   8.245969e+01 5.292893e+00 2.928932e-01
      vertex   8.039060e+01 5.292893e+00 2.928932e-01
      vertex   8.007531e+01 5.444430e+00 1.685304e-01
    endloop
  endfacet
  facet normal 2.690025e-03 -6.087592e-01 -7.933505e-01
    outer loop
      vertex   8.245969e+01 5.292893e+00 2.928932e-01
      vertex   8.007531e+01 5.444430e+00 1.685304e-01
      vertex   8.245969e+01 5.500000e+00 1.339746e-01
    endloop
  endfacet
  facet normal -1.709064e-03 -4.741595e-01 -8.804373e-01
    outer loop
      vertex   8.245969e+01 5.500000e+00 1.339746e-01
      vertex   8.007531e+01 5.444430e+00 1.685304e-01
      vertex   7.971560e+01 5.617317e+00 7.612047e-02
    endloop
  endfacet
  facet normal 3.117642e-03 -3.826816e-01 -9.238750e-01
    outer loop
      vertex   8.245969e+01 5.500000e+00 1.339746e-01
      vertex   7.971560e+01 5.617317e+00 7.612047e-02
      vertex   8.245969e+01 5.741181e+00 3.407417e-02
    endloop
  endfacet
  facet normal -1.424528e-03 -2.929974e-01 -9.561122e-01
    outer loop
      vertex   8.245969e+01 5.741181e+00 3.407417e-02
      vertex   7.971560e+01 5.617317e+00 7.612047e-02
      vertex   7.932529e+01 5.804910e+00 1.921472e-02
    endloop
  endfacet
  facet normal -6.161361e-04 -9.416893e-01 -3.364831e-01
    outer loop
      vertex   8.584162e+01 5.076121e+00 6.173166e-01
      vertex   8.591041e+01 5.043060e+00 7.097153e-01
      vertex   8.245969e+01 5.034074e+00 7.411810e-01
    endloop
  endfacet
  facet normal 3.087980e-04 -9.699933e-01 -2.431316e-01
    outer loop
      vertex   8.245969e+01 5.034074e+00 7.411810e-01
      vertex   8.591041e+01 5.043060e+00 7.097153e-01
      vertex   8.596002e+01 5.019215e+00 8.049097e-01
    endloop
  endfacet
  facet normal -1.536500e-03 -9.892441e-01 -1.462663e-01
    outer loop
      vertex   8.245969e+01 5.034074e+00 7.411810e-01
      vertex   8.596002e+01 5.019215e+00 8.049097e-01
      vertex   8.598998e+01 5.004815e+00 9.019829e-01
    endloop
  endfacet
  facet normal 7.799282e-01 6.239426e-01 -4.906767e-02
    outer loop
      vertex   7.800000e+01 1.500000e+01 1.000000e+00
      vertex   8.600000e+01 5.000000e+00 1.000000e+00
      vertex   7.798998e+01 1.500482e+01 9.019829e-01
    endloop
  endfacet
  facet normal 7.731525e-01 6.175848e-01 -1.443061e-01
    outer loop
      vertex   7.798998e+01 1.500482e+01 9.019829e-01
      vertex   8.600000e+01 5.000000e+00 1.000000e+00
      vertex   8.287348e+01 8.853613e+00 7.411810e-01
    endloop
  endfacet
  facet normal 7.682547e-01 6.146037e-01 -1.790169e-01
    outer loop
      vertex   7.798998e+01 1.500482e+01 9.019829e-01
      vertex   8.287348e+01 8.853613e+00 7.411810e-01
      vertex   7.977356e+01 1.272851e+01 7.411810e-01
    endloop
  endfacet
  facet normal 7.214287e-01 5.771430e-01 -3.826834e-01
    outer loop
      vertex   7.977356e+01 1.272851e+01 7.411810e-01
      vertex   8.287348e+01 8.853613e+00 7.411810e-01
      vertex   7.969555e+01 1.266610e+01 5.000000e-01
    endloop
  endfacet
  facet normal 7.231838e-01 5.749432e-01 -3.826819e-01
    outer loop
      vertex   7.977356e+01 1.272851e+01 7.411810e-01
      vertex   7.969555e+01 1.266610e+01 5.000000e-01
      vertex   7.784162e+01 1.507612e+01 6.173166e-01
    endloop
  endfacet
  facet normal 7.061189e-01 5.640268e-01 -4.281002e-01
    outer loop
      vertex   7.784162e+01 1.507612e+01 6.173166e-01
      vertex   7.969555e+01 1.266610e+01 5.000000e-01
      vertex   7.775432e+01 1.511808e+01 5.286033e-01
    endloop
  endfacet
  facet normal 6.697073e-01 5.361994e-01 -5.137920e-01
    outer loop
      vertex   7.775432e+01 1.511808e+01 5.286033e-01
      vertex   7.969555e+01 1.266610e+01 5.000000e-01
      vertex   7.764935e+01 1.516853e+01 4.444298e-01
    endloop
  endfacet
  facet normal 6.207433e-01 4.940534e-01 -6.087602e-01
    outer loop
      vertex   7.764935e+01 1.516853e+01 4.444298e-01
      vertex   7.969555e+01 1.266610e+01 5.000000e-01
      vertex   7.957145e+01 1.256683e+01 2.928932e-01
    endloop
  endfacet
  facet normal 6.036198e-01 4.828958e-01 -6.343933e-01
    outer loop
      vertex   7.764935e+01 1.516853e+01 4.444298e-01
      vertex   7.957145e+01 1.256683e+01 2.928932e-01
      vertex   7.739060e+01 1.529289e+01 2.928932e-01
    endloop
  endfacet
  facet normal 4.953779e-01 3.963023e-01 -7.730105e-01
    outer loop
      vertex   7.739060e+01 1.529289e+01 2.928932e-01
      vertex   7.957145e+01 1.256683e+01 2.928932e-01
      vertex   7.707531e+01 1.544443e+01 1.685304e-01
    endloop
  endfacet
  facet normal 4.764148e-01 3.789739e-01 -7.933522e-01
    outer loop
      vertex   7.707531e+01 1.544443e+01 1.685304e-01
      vertex   7.957145e+01 1.256683e+01 2.928932e-01
      vertex   7.940973e+01 1.243745e+01 1.339746e-01
    endloop
  endfacet
  facet normal 3.687946e-01 2.964316e-01 -8.809761e-01
    outer loop
      vertex   7.707531e+01 1.544443e+01 1.685304e-01
      vertex   7.940973e+01 1.243745e+01 1.339746e-01
      vertex   7.671560e+01 1.561732e+01 7.612047e-02
    endloop
  endfacet
  facet normal 3.001078e-01 2.374564e-01 -9.238776e-01
    outer loop
      vertex   7.671560e+01 1.561732e+01 7.612047e-02
      vertex   7.940973e+01 1.243745e+01 1.339746e-01
      vertex   7.922140e+01 1.228678e+01 3.407417e-02
    endloop
  endfacet
  facet normal 2.275082e-01 1.832448e-01 -9.563793e-01
    outer loop
      vertex   7.671560e+01 1.561732e+01 7.612047e-02
      vertex   7.922140e+01 1.228678e+01 3.407417e-02
      vertex   7.632529e+01 1.580491e+01 1.921472e-02
    endloop
  endfacet
  facet normal 7.463639e-02 5.723555e-02 -9.955669e-01
    outer loop
      vertex   7.632529e+01 1.580491e+01 1.921472e-02
      vertex   7.922140e+01 1.228678e+01 3.407417e-02
      vertex   7.591938e+01 1.600000e+01 0.000000e+00
    endloop
  endfacet
  facet normal 1.019238e-01 8.153907e-02 -9.914449e-01
    outer loop
      vertex   7.591938e+01 1.600000e+01 0.000000e+00
      vertex   7.922140e+01 1.228678e+01 3.407417e-02
      vertex   8.232132e+01 8.411886e+00 3.407417e-02
    endloop
  endfacet
  facet normal 1.338644e-01 1.085154e-01 -9.850405e-01
    outer loop
      vertex   7.591938e+01 1.600000e+01 0.000000e+00
      vertex   8.232132e+01 8.411886e+00 3.407417e-02
      vertex   8.432529e+01 5.804910e+00 1.921472e-02
    endloop
  endfacet
  facet normal 2.255925e-01 1.788703e-01 -9.576604e-01
    outer loop
      vertex   8.432529e+01 5.804910e+00 1.921472e-02
      vertex   8.232132e+01 8.411886e+00 3.407417e-02
      vertex   8.471560e+01 5.617317e+00 7.612047e-02
    endloop
  endfacet
  facet normal 2.973716e-01 2.408762e-01 -9.238770e-01
    outer loop
      vertex   8.471560e+01 5.617317e+00 7.612047e-02
      vertex   8.232132e+01 8.411886e+00 3.407417e-02
      vertex   8.250965e+01 8.562551e+00 1.339746e-01
    endloop
  endfacet
  facet normal 3.674000e-01 2.925210e-01 -8.828639e-01
    outer loop
      vertex   8.471560e+01 5.617317e+00 7.612047e-02
      vertex   8.250965e+01 8.562551e+00 1.339746e-01
      vertex   8.507531e+01 5.444430e+00 1.685304e-01
    endloop
  endfacet
  facet normal 4.743698e-01 3.815302e-01 -7.933523e-01
    outer loop
      vertex   8.507531e+01 5.444430e+00 1.685304e-01
      vertex   8.250965e+01 8.562551e+00 1.339746e-01
      vertex   8.267137e+01 8.691930e+00 2.928932e-01
    endloop
  endfacet
  facet normal 4.953779e-01 3.963023e-01 -7.730105e-01
    outer loop
      vertex   8.507531e+01 5.444430e+00 1.685304e-01
      vertex   8.267137e+01 8.691930e+00 2.928932e-01
      vertex   8.539060e+01 5.292893e+00 2.928932e-01
    endloop
  endfacet
  facet normal 6.036198e-01 4.828958e-01 -6.343933e-01
    outer loop
      vertex   8.539060e+01 5.292893e+00 2.928932e-01
      vertex   8.267137e+01 8.691930e+00 2.928932e-01
      vertex   8.564935e+01 5.168530e+00 4.444298e-01
    endloop
  endfacet
  facet normal 6.186354e-01 4.966895e-01 -6.087608e-01
    outer loop
      vertex   8.564935e+01 5.168530e+00 4.444298e-01
      vertex   8.267137e+01 8.691930e+00 2.928932e-01
      vertex   8.279547e+01 8.791205e+00 5.000000e-01
    endloop
  endfacet
  facet normal 6.698181e-01 5.355616e-01 -5.143125e-01
    outer loop
      vertex   8.564935e+01 5.168530e+00 4.444298e-01
      vertex   8.279547e+01 8.791205e+00 5.000000e-01
      vertex   8.575432e+01 5.118079e+00 5.286033e-01
    endloop
  endfacet
  facet normal 7.057473e-01 5.651825e-01 -4.271879e-01
    outer loop
      vertex   8.575432e+01 5.118079e+00 5.286033e-01
      vertex   8.279547e+01 8.791205e+00 5.000000e-01
      vertex   8.584162e+01 5.076121e+00 6.173166e-01
    endloop
  endfacet
  facet normal 7.203151e-01 5.785327e-01 -3.826828e-01
    outer loop
      vertex   8.584162e+01 5.076121e+00 6.173166e-01
      vertex   8.279547e+01 8.791205e+00 5.000000e-01
      vertex   8.287348e+01 8.853613e+00 7.411810e-01
    endloop
  endfacet
  facet normal 7.350298e-01 5.885837e-01 -3.366013e-01
    outer loop
      vertex   8.584162e+01 5.076121e+00 6.173166e-01
      vertex   8.287348e+01 8.853613e+00 7.411810e-01
      vertex   8.591041e+01 5.043060e+00 7.097153e-01
    endloop
  endfacet
  facet normal 7.575829e-01 6.057859e-01 -2.430876e-01
    outer loop
      vertex   8.591041e+01 5.043060e+00 7.097153e-01
      vertex   8.287348e+01 8.853613e+00 7.411810e-01
      vertex   8.596002e+01 5.019215e+00 8.049097e-01
    endloop
  endfacet
  facet normal 7.717733e-01 6.188156e-01 -1.464010e-01
    outer loop
      vertex   8.596002e+01 5.019215e+00 8.049097e-01
      vertex   8.287348e+01 8.853613e+00 7.411810e-01
      vertex   8.598998e+01 5.004815e+00 9.019829e-01
    endloop
  endfacet
  facet normal 7.772377e-01 6.273253e-01 -4.862648e-02
    outer loop
      vertex   8.598998e+01 5.004815e+00 9.019829e-01
      vertex   8.287348e+01 8.853613e+00 7.411810e-01
      vertex   8.600000e+01 5.000000e+00 1.000000e+00
    endloop
  endfacet
  facet normal 7.653853e-02 6.123082e-02 -9.951847e-01
    outer loop
      vertex   8.432529e+01 5.804910e+00 1.921472e-02
      vertex   8.391938e+01 6.000000e+00 0.000000e+00
      vertex   7.591938e+01 1.600000e+01 0.000000e+00
    endloop
  endfacet
  facet normal 7.355417e-01 5.875038e-01 -3.373688e-01
    outer loop
      vertex   7.784162e+01 1.507612e+01 6.173166e-01
      vertex   7.791041e+01 1.504306e+01 7.097153e-01
      vertex   7.977356e+01 1.272851e+01 7.411810e-01
    endloop
  endfacet
  facet normal 7.572755e-01 6.062844e-01 -2.428025e-01
    outer loop
      vertex   7.977356e+01 1.272851e+01 7.411810e-01
      vertex   7.791041e+01 1.504306e+01 7.097153e-01
      vertex   7.796002e+01 1.501921e+01 8.049097e-01
    endloop
  endfacet
  facet normal 7.734878e-01 6.164621e-01 -1.472792e-01
    outer loop
      vertex   7.977356e+01 1.272851e+01 7.411810e-01
      vertex   7.796002e+01 1.501921e+01 8.049097e-01
      vertex   7.798998e+01 1.500482e+01 9.019829e-01
    endloop
  endfacet
  facet normal 6.195049e-01 4.956039e-01 -6.087614e-01
    outer loop
      vertex   7.957145e+01 1.256683e+01 2.928932e-01
      vertex   7.969555e+01 1.266610e+01 5.000000e-01
      vertex   8.279547e+01 8.791205e+00 5.000000e-01
    endloop
  endfacet
  facet normal 7.214287e-01 5.771430e-01 -3.826834e-01
    outer loop
      vertex   8.279547e+01 8.791205e+00 5.000000e-01
      vertex   7.969555e+01 1.266610e+01 5.000000e-01
      vertex   8.287348e+01 8.853613e+00 7.411810e-01
    endloop
  endfacet
  facet normal 4.753628e-01 3.802902e-01 -7.933533e-01
    outer loop
      vertex   7.940973e+01 1.243745e+01 1.339746e-01
      vertex   7.957145e+01 1.256683e+01 2.928932e-01
      vertex   8.267137e+01 8.691930e+00 2.928932e-01
    endloop
  endfacet
  facet normal 6.195049e-01 4.956039e-01 -6.087614e-01
    outer loop
      vertex   8.267137e+01 8.691930e+00 2.928932e-01
      vertex   7.957145e+01 1.256683e+01 2.928932e-01
      vertex   8.279547e+01 8.791205e+00 5.000000e-01
    endloop
  endfacet
  facet normal 2.988256e-01 2.390604e-01 -9.238795e-01
    outer loop
      vertex   7.922140e+01 1.228678e+01 3.407417e-02
      vertex   7.940973e+01 1.243745e+01 1.339746e-01
      vertex   8.250965e+01 8.562551e+00 1.339746e-01
    endloop
  endfacet
  facet normal 4.753628e-01 3.802902e-01 -7.933533e-01
    outer loop
      vertex   8.250965e+01 8.562551e+00 1.339746e-01
      vertex   7.940973e+01 1.243745e+01 1.339746e-01
      vertex   8.267137e+01 8.691930e+00 2.928932e-01
    endloop
  endfacet
  facet normal 2.988256e-01 2.390604e-01 -9.238795e-01
    outer loop
      vertex   8.232132e+01 8.411886e+00 3.407417e-02
      vertex   7.922140e+01 1.228678e+01 3.407417e-02
      vertex   8.250965e+01 8.562551e+00 1.339746e-01
    endloop
  endfacet
  facet normal -0.000000e+00 -9.987955e-01 -4.906767e-02
    outer loop
      vertex   8.300000e+01 1.500000e+01 1.000000e+00
      vertex   7.800000e+01 1.500000e+01 1.000000e+00
      vertex   8.298998e+01 1.500482e+01 9.019829e-01
    endloop
  endfacet
  facet normal -3.515749e-16 -9.987955e-01 -4.906767e-02
    outer loop
      vertex   8.298998e+01 1.500482e+01 9.019829e-01
      vertex   7.800000e+01 1.500000e+01 1.000000e+00
      vertex   7.798998e+01 1.500482e+01 9.019829e-01
    endloop
  endfacet
  facet normal -3.376074e-16 -9.838460e-01 -1.790169e-01
    outer loop
      vertex   8.298998e+01 1.500482e+01 9.019829e-01
      vertex   7.798998e+01 1.500482e+01 9.019829e-01
      vertex   7.945969e+01 1.503407e+01 7.411810e-01
    endloop
  endfacet
  facet normal 3.519164e-03 -9.890122e-01 -1.477922e-01
    outer loop
      vertex   7.945969e+01 1.503407e+01 7.411810e-01
      vertex   7.798998e+01 1.500482e+01 9.019829e-01
      vertex   7.796002e+01 1.501921e+01 8.049097e-01
    endloop
  endfacet
  facet normal -6.985389e-04 -9.701168e-01 -2.426375e-01
    outer loop
      vertex   7.945969e+01 1.503407e+01 7.411810e-01
      vertex   7.796002e+01 1.501921e+01 8.049097e-01
      vertex   7.791041e+01 1.504306e+01 7.097153e-01
    endloop
  endfacet
  facet normal 1.402140e-03 -9.412116e-01 -3.378147e-01
    outer loop
      vertex   7.791041e+01 1.504306e+01 7.097153e-01
      vertex   7.784162e+01 1.507612e+01 6.173166e-01
      vertex   7.945969e+01 1.503407e+01 7.411810e-01
    endloop
  endfacet
  facet normal 5.287189e-03 -9.238666e-01 -3.826781e-01
    outer loop
      vertex   7.945969e+01 1.503407e+01 7.411810e-01
      vertex   7.784162e+01 1.507612e+01 6.173166e-01
      vertex   7.945969e+01 1.513397e+01 5.000000e-01
    endloop
  endfacet
  facet normal -2.529650e-03 -9.238766e-01 -3.826822e-01
    outer loop
      vertex   7.945969e+01 1.503407e+01 7.411810e-01
      vertex   7.945969e+01 1.513397e+01 5.000000e-01
      vertex   8.284162e+01 1.507612e+01 6.173166e-01
    endloop
  endfacet
  facet normal -6.553848e-04 -9.042382e-01 -4.270279e-01
    outer loop
      vertex   8.284162e+01 1.507612e+01 6.173166e-01
      vertex   7.945969e+01 1.513397e+01 5.000000e-01
      vertex   8.275432e+01 1.511808e+01 5.286033e-01
    endloop
  endfacet
  facet normal 3.284651e-04 -8.575479e-01 -5.144040e-01
    outer loop
      vertex   8.275432e+01 1.511808e+01 5.286033e-01
      vertex   7.945969e+01 1.513397e+01 5.000000e-01
      vertex   8.264935e+01 1.516853e+01 4.444298e-01
    endloop
  endfacet
  facet normal -2.010885e-03 -7.933517e-01 -6.087602e-01
    outer loop
      vertex   8.264935e+01 1.516853e+01 4.444298e-01
      vertex   7.945969e+01 1.513397e+01 5.000000e-01
      vertex   7.945969e+01 1.529289e+01 2.928932e-01
    endloop
  endfacet
  facet normal 4.830760e-17 -7.730105e-01 -6.343933e-01
    outer loop
      vertex   8.264935e+01 1.516853e+01 4.444298e-01
      vertex   7.945969e+01 1.529289e+01 2.928932e-01
      vertex   8.239060e+01 1.529289e+01 2.928932e-01
    endloop
  endfacet
  facet normal 5.856294e-17 -6.343933e-01 -7.730105e-01
    outer loop
      vertex   8.239060e+01 1.529289e+01 2.928932e-01
      vertex   7.945969e+01 1.529289e+01 2.928932e-01
      vertex   8.207531e+01 1.544443e+01 1.685304e-01
    endloop
  endfacet
  facet normal -2.452207e-03 -6.087596e-01 -7.933510e-01
    outer loop
      vertex   8.207531e+01 1.544443e+01 1.685304e-01
      vertex   7.945969e+01 1.529289e+01 2.928932e-01
      vertex   7.945969e+01 1.550000e+01 1.339746e-01
    endloop
  endfacet
  facet normal 1.714813e-03 -4.686187e-01 -8.833989e-01
    outer loop
      vertex   8.207531e+01 1.544443e+01 1.685304e-01
      vertex   7.945969e+01 1.550000e+01 1.339746e-01
      vertex   8.171560e+01 1.561732e+01 7.612047e-02
    endloop
  endfacet
  facet normal -3.792298e-03 -3.826807e-01 -9.238729e-01
    outer loop
      vertex   8.171560e+01 1.561732e+01 7.612047e-02
      vertex   7.945969e+01 1.550000e+01 1.339746e-01
      vertex   7.945969e+01 1.574118e+01 3.407417e-02
    endloop
  endfacet
  facet normal 2.144616e-03 -2.861952e-01 -9.581689e-01
    outer loop
      vertex   8.171560e+01 1.561732e+01 7.612047e-02
      vertex   7.945969e+01 1.574118e+01 3.407417e-02
      vertex   8.132529e+01 1.580491e+01 1.921472e-02
    endloop
  endfacet
  facet normal -4.270631e-03 -1.068126e-01 -9.942700e-01
    outer loop
      vertex   8.132529e+01 1.580491e+01 1.921472e-02
      vertex   7.945969e+01 1.574118e+01 3.407417e-02
      vertex   8.091938e+01 1.600000e+01 0.000000e+00
    endloop
  endfacet
  facet normal 1.833254e-03 -1.406821e-01 -9.900531e-01
    outer loop
      vertex   8.091938e+01 1.600000e+01 0.000000e+00
      vertex   7.945969e+01 1.574118e+01 3.407417e-02
      vertex   7.632529e+01 1.580491e+01 1.921472e-02
    endloop
  endfacet
  facet normal -0.000000e+00 -9.801714e-02 -9.951847e-01
    outer loop
      vertex   8.091938e+01 1.600000e+01 0.000000e+00
      vertex   7.632529e+01 1.580491e+01 1.921472e-02
      vertex   7.591938e+01 1.600000e+01 0.000000e+00
    endloop
  endfacet
  facet normal 1.233970e-03 -9.035187e-01 -4.285468e-01
    outer loop
      vertex   7.784162e+01 1.507612e+01 6.173166e-01
      vertex   7.775432e+01 1.511808e+01 5.286033e-01
      vertex   7.945969e+01 1.513397e+01 5.000000e-01
    endloop
  endfacet
  facet normal -6.152106e-04 -8.580666e-01 -5.135381e-01
    outer loop
      vertex   7.945969e+01 1.513397e+01 5.000000e-01
      vertex   7.775432e+01 1.511808e+01 5.286033e-01
      vertex   7.764935e+01 1.516853e+01 4.444298e-01
    endloop
  endfacet
  facet normal 3.543000e-03 -7.933484e-01 -6.087576e-01
    outer loop
      vertex   7.945969e+01 1.513397e+01 5.000000e-01
      vertex   7.764935e+01 1.516853e+01 4.444298e-01
      vertex   7.945969e+01 1.529289e+01 2.928932e-01
    endloop
  endfacet
  facet normal 1.702001e-16 -7.730105e-01 -6.343933e-01
    outer loop
      vertex   7.945969e+01 1.529289e+01 2.928932e-01
      vertex   7.764935e+01 1.516853e+01 4.444298e-01
      vertex   7.739060e+01 1.529289e+01 2.928932e-01
    endloop
  endfacet
  facet normal 2.073894e-16 -6.343933e-01 -7.730105e-01
    outer loop
      vertex   7.945969e+01 1.529289e+01 2.928932e-01
      vertex   7.739060e+01 1.529289e+01 2.928932e-01
      vertex   7.707531e+01 1.544443e+01 1.685304e-01
    endloop
  endfacet
  facet normal 2.690025e-03 -6.087592e-01 -7.933505e-01
    outer loop
      vertex   7.945969e+01 1.529289e+01 2.928932e-01
      vertex   7.707531e+01 1.544443e+01 1.685304e-01
      vertex   7.945969e+01 1.550000e+01 1.339746e-01
    endloop
  endfacet
  facet normal -1.709064e-03 -4.741595e-01 -8.804373e-01
    outer loop
      vertex   7.945969e+01 1.550000e+01 1.339746e-01
      vertex   7.707531e+01 1.544443e+01 1.685304e-01
      vertex   7.671560e+01 1.561732e+01 7.612047e-02
    endloop
  endfacet
  facet normal 3.117642e-03 -3.826816e-01 -9.238750e-01
    outer loop
      vertex   7.945969e+01 1.550000e+01 1.339746e-01
      vertex   7.671560e+01 1.561732e+01 7.612047e-02
      vertex   7.945969e+01 1.574118e+01 3.407417e-02
    endloop
  endfacet
  facet normal -1.424528e-03 -2.929974e-01 -9.561122e-01
    outer loop
      vertex   7.945969e+01 1.574118e+01 3.407417e-02
      vertex   7.671560e+01 1.561732e+01 7.612047e-02
      vertex   7.632529e+01 1.580491e+01 1.921472e-02
    endloop
  endfacet
  facet normal -6.161361e-04 -9.416893e-01 -3.364831e-01
    outer loop
      vertex   8.284162e+01 1.507612e+01 6.173166e-01
      vertex   8.291041e+01 1.504306e+01 7.097153e-01
      vertex   7.945969e+01 1.503407e+01 7.411810e-01
    endloop
  endfacet
  facet normal 3.087980e-04 -9.699933e-01 -2.431316e-01
    outer loop
      vertex   7.945969e+01 1.503407e+01 7.411810e-01
      vertex   8.291041e+01 1.504306e+01 7.097153e-01
      vertex   8.296002e+01 1.501921e+01 8.049097e-01
    endloop
  endfacet
  facet normal -1.536500e-03 -9.892441e-01 -1.462663e-01
    outer loop
      vertex   7.945969e+01 1.503407e+01 7.411810e-01
      vertex   8.296002e+01 1.501921e+01 8.049097e-01
      vertex   8.298998e+01 1.500482e+01 9.019829e-01
    endloop
  endfacet
  facet normal 7.799282e-01 6.239426e-01 -4.906767e-02
    outer loop
      vertex   7.500000e+01 2.500000e+01 1.000000e+00
      vertex   7.780000e+01 2.150000e+01 1.000000e+00
      vertex   7.500000e+01 2.499229e+01 9.019829e-01
    endloop
  endfacet
  facet normal 7.751738e-01 6.178029e-01 -1.320046e-01
    outer loop
      vertex   7.500000e+01 2.499229e+01 9.019829e-01
      vertex   7.780000e+01 2.150000e+01 1.000000e+00
      vertex   7.764006e+01 2.164538e+01 7.411810e-01
    endloop
  endfacet
  facet normal 7.732322e-01 6.169679e-01 -1.465011e-01
    outer loop
      vertex   7.500000e+01 2.499229e+01 9.019829e-01
      vertex   7.764006e+01 2.164538e+01 7.411810e-01
      vertex   7.500000e+01 2.496924e+01 8.049097e-01
    endloop
  endfacet
  facet normal 7.572942e-01 6.061599e-01 -2.430548e-01
    outer loop
      vertex   7.500000e+01 2.496924e+01 8.049097e-01
      vertex   7.764006e+01 2.164538e+01 7.411810e-01
      vertex   7.500000e+01 2.493107e+01 7.097153e-01
    endloop
  endfacet
  facet normal 7.355945e-01 5.878275e-01 -3.366891e-01
    outer loop
      vertex   7.500000e+01 2.493107e+01 7.097153e-01
      vertex   7.764006e+01 2.164538e+01 7.411810e-01
      vertex   7.500000e+01 2.487815e+01 6.173166e-01
    endloop
  endfacet
  facet normal 7.227077e-01 5.755411e-01 -3.826826e-01
    outer loop
      vertex   7.500000e+01 2.487815e+01 6.173166e-01
      vertex   7.764006e+01 2.164538e+01 7.411810e-01
      vertex   7.756205e+01 2.158297e+01 5.000000e-01
    endloop
  endfacet
  facet normal 6.877850e-01 5.515660e-01 -4.719393e-01
    outer loop
      vertex   7.500000e+01 2.487815e+01 6.173166e-01
      vertex   7.756205e+01 2.158297e+01 5.000000e-01
      vertex   7.500000e+01 2.473022e+01 4.444298e-01
    endloop
  endfacet
  facet normal 6.204915e-01 4.943691e-01 -6.087607e-01
    outer loop
      vertex   7.500000e+01 2.473022e+01 4.444298e-01
      vertex   7.756205e+01 2.158297e+01 5.000000e-01
      vertex   7.743796e+01 2.148370e+01 2.928932e-01
    endloop
  endfacet
  facet normal 6.036197e-01 4.828958e-01 -6.343933e-01
    outer loop
      vertex   7.500000e+01 2.473022e+01 4.444298e-01
      vertex   7.743796e+01 2.148370e+01 2.928932e-01
      vertex   7.500000e+01 2.453114e+01 2.928932e-01
    endloop
  endfacet
  facet normal 4.953779e-01 3.963024e-01 -7.730105e-01
    outer loop
      vertex   7.500000e+01 2.453114e+01 2.928932e-01
      vertex   7.743796e+01 2.148370e+01 2.928932e-01
      vertex   7.500000e+01 2.428857e+01 1.685304e-01
    endloop
  endfacet
  facet normal 4.764412e-01 3.789409e-01 -7.933522e-01
    outer loop
      vertex   7.500000e+01 2.428857e+01 1.685304e-01
      vertex   7.743796e+01 2.148370e+01 2.928932e-01
      vertex   7.727623e+01 2.135432e+01 1.339746e-01
    endloop
  endfacet
  facet normal 3.664718e-01 2.946827e-01 -8.825307e-01
    outer loop
      vertex   7.500000e+01 2.428857e+01 1.685304e-01
      vertex   7.727623e+01 2.135432e+01 1.339746e-01
      vertex   7.500000e+01 2.401181e+01 7.612047e-02
    endloop
  endfacet
  facet normal 3.003529e-01 2.371495e-01 -9.238768e-01
    outer loop
      vertex   7.500000e+01 2.401181e+01 7.612047e-02
      vertex   7.727623e+01 2.135432e+01 1.339746e-01
      vertex   7.708790e+01 2.120365e+01 3.407417e-02
    endloop
  endfacet
  facet normal 2.247284e-01 1.814233e-01 -9.573833e-01
    outer loop
      vertex   7.500000e+01 2.401181e+01 7.612047e-02
      vertex   7.708790e+01 2.120365e+01 3.407417e-02
      vertex   7.500000e+01 2.371152e+01 1.921472e-02
    endloop
  endfacet
  facet normal 8.060352e-02 6.121115e-02 -9.948649e-01
    outer loop
      vertex   7.500000e+01 2.371152e+01 1.921472e-02
      vertex   7.708790e+01 2.120365e+01 3.407417e-02
      vertex   7.500000e+01 2.339922e+01 0.000000e+00
    endloop
  endfacet
  facet normal 1.019238e-01 8.153907e-02 -9.914449e-01
    outer loop
      vertex   7.500000e+01 2.339922e+01 0.000000e+00
      vertex   7.708790e+01 2.120365e+01 3.407417e-02
      vertex   7.975457e+01 1.787032e+01 3.407417e-02
    endloop
  endfacet
  facet normal 1.323258e-01 1.077209e-01 -9.853355e-01
    outer loop
      vertex   7.500000e+01 2.339922e+01 0.000000e+00
      vertex   7.975457e+01 1.787032e+01 3.407417e-02
      vertex   8.132529e+01 1.580491e+01 1.921472e-02
    endloop
  endfacet
  facet normal 2.253168e-01 1.782414e-01 -9.578425e-01
    outer loop
      vertex   8.132529e+01 1.580491e+01 1.921472e-02
      vertex   7.975457e+01 1.787032e+01 3.407417e-02
      vertex   8.171560e+01 1.561732e+01 7.612047e-02
    endloop
  endfacet
  facet normal 2.970335e-01 2.412980e-01 -9.238757e-01
    outer loop
      vertex   8.171560e+01 1.561732e+01 7.612047e-02
      vertex   7.975457e+01 1.787032e+01 3.407417e-02
      vertex   7.994290e+01 1.802099e+01 1.339746e-01
    endloop
  endfacet
  facet normal 3.672494e-01 2.920997e-01 -8.830661e-01
    outer loop
      vertex   8.171560e+01 1.561732e+01 7.612047e-02
      vertex   7.994290e+01 1.802099e+01 1.339746e-01
      vertex   8.207531e+01 1.544443e+01 1.685304e-01
    endloop
  endfacet
  facet normal 4.741637e-01 3.817873e-01 -7.933519e-01
    outer loop
      vertex   8.207531e+01 1.544443e+01 1.685304e-01
      vertex   7.994290e+01 1.802099e+01 1.339746e-01
      vertex   8.010462e+01 1.815036e+01 2.928932e-01
    endloop
  endfacet
  facet normal 4.953779e-01 3.963024e-01 -7.730105e-01
    outer loop
      vertex   8.207531e+01 1.544443e+01 1.685304e-01
      vertex   8.010462e+01 1.815036e+01 2.928932e-01
      vertex   8.239060e+01 1.529289e+01 2.928932e-01
    endloop
  endfacet
  facet normal 6.036197e-01 4.828958e-01 -6.343933e-01
    outer loop
      vertex   8.239060e+01 1.529289e+01 2.928932e-01
      vertex   8.010462e+01 1.815036e+01 2.928932e-01
      vertex   8.264935e+01 1.516853e+01 4.444298e-01
    endloop
  endfacet
  facet normal 6.184814e-01 4.968816e-01 -6.087606e-01
    outer loop
      vertex   8.264935e+01 1.516853e+01 4.444298e-01
      vertex   8.010462e+01 1.815036e+01 2.928932e-01
      vertex   8.022872e+01 1.824964e+01 5.000000e-01
    endloop
  endfacet
  facet normal 6.698259e-01 5.355169e-01 -5.143490e-01
    outer loop
      vertex   8.264935e+01 1.516853e+01 4.444298e-01
      vertex   8.022872e+01 1.824964e+01 5.000000e-01
      vertex   8.275432e+01 1.511808e+01 5.286033e-01
    endloop
  endfacet
  facet normal 7.057213e-01 5.652633e-01 -4.271241e-01
    outer loop
      vertex   8.275432e+01 1.511808e+01 5.286033e-01
      vertex   8.022872e+01 1.824964e+01 5.000000e-01
      vertex   8.284162e+01 1.507612e+01 6.173166e-01
    endloop
  endfacet
  facet normal 7.201269e-01 5.787670e-01 -3.826826e-01
    outer loop
      vertex   8.284162e+01 1.507612e+01 6.173166e-01
      vertex   8.022872e+01 1.824964e+01 5.000000e-01
      vertex   8.030673e+01 1.831205e+01 7.411810e-01
    endloop
  endfacet
  facet normal 7.349980e-01 5.886507e-01 -3.365536e-01
    outer loop
      vertex   8.284162e+01 1.507612e+01 6.173166e-01
      vertex   8.030673e+01 1.831205e+01 7.411810e-01
      vertex   8.291041e+01 1.504306e+01 7.097153e-01
    endloop
  endfacet
  facet normal 7.576020e-01 6.057549e-01 -2.431053e-01
    outer loop
      vertex   8.291041e+01 1.504306e+01 7.097153e-01
      vertex   8.030673e+01 1.831205e+01 7.411810e-01
      vertex   8.296002e+01 1.501921e+01 8.049097e-01
    endloop
  endfacet
  facet normal 7.716671e-01 6.189608e-01 -1.463466e-01
    outer loop
      vertex   8.296002e+01 1.501921e+01 8.049097e-01
      vertex   8.030673e+01 1.831205e+01 7.411810e-01
      vertex   8.298998e+01 1.500482e+01 9.019829e-01
    endloop
  endfacet
  facet normal 7.767964e-01 6.278772e-01 -4.855427e-02
    outer loop
      vertex   8.298998e+01 1.500482e+01 9.019829e-01
      vertex   8.030673e+01 1.831205e+01 7.411810e-01
      vertex   8.300000e+01 1.500000e+01 1.000000e+00
    endloop
  endfacet
  facet normal 7.741884e-01 6.193507e-01 -1.305262e-01
    outer loop
      vertex   8.300000e+01 1.500000e+01 1.000000e+00
      vertex   8.030673e+01 1.831205e+01 7.411810e-01
      vertex   7.780000e+01 2.150000e+01 1.000000e+00
    endloop
  endfacet
  facet normal 7.741884e-01 6.193507e-01 -1.305262e-01
    outer loop
      vertex   7.780000e+01 2.150000e+01 1.000000e+00
      vertex   8.030673e+01 1.831205e+01 7.411810e-01
      vertex   7.764006e+01 2.164538e+01 7.411810e-01
    endloop
  endfacet
  facet normal 7.653853e-02 6.123082e-02 -9.951847e-01
    outer loop
      vertex   8.132529e+01 1.580491e+01 1.921472e-02
      vertex   8.091938e+01 1.600000e+01 0.000000e+00
      vertex   7.500000e+01 2.339922e+01 0.000000e+00
    endloop
  endfacet
  facet normal 7.214287e-01 5.771430e-01 -3.826834e-01
    outer loop
      vertex   7.756205e+01 2.158297e+01 5.000000e-01
      vertex   7.764006e+01 2.164538e+01 7.411810e-01
      vertex   8.030673e+01 1.831205e+01 7.411810e-01
    endloop
  endfacet
  facet normal 6.195049e-01 4.956039e-01 -6.087614e-01
    outer loop
      vertex   7.743796e+01 2.148370e+01 2.928932e-01
      vertex   7.756205e+01 2.158297e+01 5.000000e-01
      vertex   8.022872e+01 1.824964e+01 5.000000e-01
    endloop
  endfacet
  facet normal 7.214287e-01 5.771430e-01 -3.826834e-01
    outer loop
      vertex   8.022872e+01 1.824964e+01 5.000000e-01
      vertex   7.756205e+01 2.158297e+01 5.000000e-01
      vertex   8.030673e+01 1.831205e+01 7.411810e-01
    endloop
  endfacet
  facet normal 4.753628e-01 3.802903e-01 -7.933533e-01
    outer loop
      vertex   7.727623e+01 2.135432e+01 1.339746e-01
      vertex   7.743796e+01 2.148370e+01 2.928932e-01
      vertex   8.010462e+01 1.815036e+01 2.928932e-01
    endloop
  endfacet
  facet normal 6.195049e-01 4.956039e-01 -6.087614e-01
    outer loop
      vertex   8.010462e+01 1.815036e+01 2.928932e-01
      vertex   7.743796e+01 2.148370e+01 2.928932e-01
      vertex   8.022872e+01 1.824964e+01 5.000000e-01
    endloop
  endfacet
  facet normal 2.988256e-01 2.390605e-01 -9.238795e-01
    outer loop
      vertex   7.708790e+01 2.120365e+01 3.407417e-02
      vertex   7.727623e+01 2.135432e+01 1.339746e-01
      vertex   7.994290e+01 1.802099e+01 1.339746e-01
    endloop
  endfacet
  facet normal 4.753628e-01 3.802903e-01 -7.933533e-01
    outer loop
      vertex   7.994290e+01 1.802099e+01 1.339746e-01
      vertex   7.727623e+01 2.135432e+01 1.339746e-01
      vertex   8.010462e+01 1.815036e+01 2.928932e-01
    endloop
  endfacet
  facet normal 2.988256e-01 2.390605e-01 -9.238795e-01
    outer loop
      vertex   7.975457e+01 1.787032e+01 3.407417e-02
      vertex   7.708790e+01 2.120365e+01 3.407417e-02
      vertex   7.994290e+01 1.802099e+01 1.339746e-01
    endloop
  endfacet
  facet normal 0.000000e+00 -9.987955e-01 -4.906767e-02
    outer loop
      vertex   6.700000e+01 1.500000e+01 1.000000e+00
      vertex   6.701002e+01 1.500482e+01 9.019829e-01
      vertex   7.200000e+01 1.500000e+01 1.000000e+00
    endloop
  endfacet
  facet normal 1.421550e-15 -9.987955e-01 -4.906767e-02
    outer loop
      vertex   7.200000e+01 1.500000e+01 1.000000e+00
      vertex   6.701002e+01 1.500482e+01 9.019829e-01
      vertex   7.201002e+01 1.500482e+01 9.019829e-01
    endloop
  endfacet
  facet normal 1.412220e-15 -9.891765e-01 -1.467305e-01
    outer loop
      vertex   7.201002e+01 1.500482e+01 9.019829e-01
      vertex   6.701002e+01 1.500482e+01 9.019829e-01
      vertex   7.203998e+01 1.501921e+01 8.049097e-01
    endloop
  endfacet
  facet normal -1.102556e-03 -9.793031e-01 -2.023961e-01
    outer loop
      vertex   7.203998e+01 1.501921e+01 8.049097e-01
      vertex   6.701002e+01 1.500482e+01 9.019829e-01
      vertex   7.054031e+01 1.503407e+01 7.411810e-01
    endloop
  endfacet
  facet normal 6.985389e-04 -9.701168e-01 -2.426375e-01
    outer loop
      vertex   7.203998e+01 1.501921e+01 8.049097e-01
      vertex   7.054031e+01 1.503407e+01 7.411810e-01
      vertex   7.208959e+01 1.504306e+01 7.097153e-01
    endloop
  endfacet
  facet normal -1.402140e-03 -9.412116e-01 -3.378147e-01
    outer loop
      vertex   7.208959e+01 1.504306e+01 7.097153e-01
      vertex   7.054031e+01 1.503407e+01 7.411810e-01
      vertex   7.215838e+01 1.507612e+01 6.173166e-01
    endloop
  endfacet
  facet normal -5.287189e-03 -9.238666e-01 -3.826781e-01
    outer loop
      vertex   7.215838e+01 1.507612e+01 6.173166e-01
      vertex   7.054031e+01 1.503407e+01 7.411810e-01
      vertex   7.054031e+01 1.513397e+01 5.000000e-01
    endloop
  endfacet
  facet normal -1.233970e-03 -9.035187e-01 -4.285468e-01
    outer loop
      vertex   7.215838e+01 1.507612e+01 6.173166e-01
      vertex   7.054031e+01 1.513397e+01 5.000000e-01
      vertex   7.224568e+01 1.511808e+01 5.286033e-01
    endloop
  endfacet
  facet normal 6.152106e-04 -8.580666e-01 -5.135381e-01
    outer loop
      vertex   7.224568e+01 1.511808e+01 5.286033e-01
      vertex   7.054031e+01 1.513397e+01 5.000000e-01
      vertex   7.235065e+01 1.516853e+01 4.444298e-01
    endloop
  endfacet
  facet normal -3.543000e-03 -7.933484e-01 -6.087576e-01
    outer loop
      vertex   7.235065e+01 1.516853e+01 4.444298e-01
      vertex   7.054031e+01 1.513397e+01 5.000000e-01
      vertex   7.054031e+01 1.529289e+01 2.928932e-01
    endloop
  endfacet
  facet normal -3.678050e-16 -7.730105e-01 -6.343933e-01
    outer loop
      vertex   7.235065e+01 1.516853e+01 4.444298e-01
      vertex   7.054031e+01 1.529289e+01 2.928932e-01
      vertex   7.260940e+01 1.529289e+01 2.928932e-01
    endloop
  endfacet
  facet normal -4.562567e-16 -6.343933e-01 -7.730105e-01
    outer loop
      vertex   7.260940e+01 1.529289e+01 2.928932e-01
      vertex   7.054031e+01 1.529289e+01 2.928932e-01
      vertex   7.292469e+01 1.544443e+01 1.685304e-01
    endloop
  endfacet
  facet normal -2.690025e-03 -6.087592e-01 -7.933505e-01
    outer loop
      vertex   7.292469e+01 1.544443e+01 1.685304e-01
      vertex   7.054031e+01 1.529289e+01 2.928932e-01
      vertex   7.054031e+01 1.550000e+01 1.339746e-01
    endloop
  endfacet
  facet normal 1.709064e-03 -4.741595e-01 -8.804373e-01
    outer loop
      vertex   7.292469e+01 1.544443e+01 1.685304e-01
      vertex   7.054031e+01 1.550000e+01 1.339746e-01
      vertex   7.328441e+01 1.561732e+01 7.612047e-02
    endloop
  endfacet
  facet normal -3.117642e-03 -3.826816e-01 -9.238750e-01
    outer loop
      vertex   7.328441e+01 1.561732e+01 7.612047e-02
      vertex   7.054031e+01 1.550000e+01 1.339746e-01
      vertex   7.054031e+01 1.574118e+01 3.407417e-02
    endloop
  endfacet
  facet normal 1.424528e-03 -2.929974e-01 -9.561122e-01
    outer loop
      vertex   7.328441e+01 1.561732e+01 7.612047e-02
      vertex   7.054031e+01 1.574118e+01 3.407417e-02
      vertex   7.367472e+01 1.580491e+01 1.921472e-02
    endloop
  endfacet
  facet normal -2.847009e-03 -9.214839e-02 -9.957412e-01
    outer loop
      vertex   7.367472e+01 1.580491e+01 1.921472e-02
      vertex   7.054031e+01 1.574118e+01 3.407417e-02
      vertex   7.408063e+01 1.600000e+01 0.000000e+00
    endloop
  endfacet
  facet normal 2.332250e-03 -1.618192e-01 -9.868177e-01
    outer loop
      vertex   7.408063e+01 1.600000e+01 0.000000e+00
      vertex   7.054031e+01 1.574118e+01 3.407417e-02
      vertex   6.867472e+01 1.580491e+01 1.921472e-02
    endloop
  endfacet
  facet normal -0.000000e+00 -9.801714e-02 -9.951847e-01
    outer loop
      vertex   7.408063e+01 1.600000e+01 0.000000e+00
      vertex   6.867472e+01 1.580491e+01 1.921472e-02
      vertex   6.908063e+01 1.600000e+01 0.000000e+00
    endloop
  endfacet
  facet normal 1.536500e-03 -9.892441e-01 -1.462663e-01
    outer loop
      vertex   6.701002e+01 1.500482e+01 9.019829e-01
      vertex   6.703998e+01 1.501921e+01 8.049097e-01
      vertex   7.054031e+01 1.503407e+01 7.411810e-01
    endloop
  endfacet
  facet normal -3.087980e-04 -9.699933e-01 -2.431316e-01
    outer loop
      vertex   7.054031e+01 1.503407e+01 7.411810e-01
      vertex   6.703998e+01 1.501921e+01 8.049097e-01
      vertex   6.708959e+01 1.504306e+01 7.097153e-01
    endloop
  endfacet
  facet normal 6.161361e-04 -9.416893e-01 -3.364831e-01
    outer loop
      vertex   7.054031e+01 1.503407e+01 7.411810e-01
      vertex   6.708959e+01 1.504306e+01 7.097153e-01
      vertex   6.715838e+01 1.507612e+01 6.173166e-01
    endloop
  endfacet
  facet normal 2.529650e-03 -9.238766e-01 -3.826822e-01
    outer loop
      vertex   7.054031e+01 1.503407e+01 7.411810e-01
      vertex   6.715838e+01 1.507612e+01 6.173166e-01
      vertex   7.054031e+01 1.513397e+01 5.000000e-01
    endloop
  endfacet
  facet normal 6.553848e-04 -9.042382e-01 -4.270279e-01
    outer loop
      vertex   7.054031e+01 1.513397e+01 5.000000e-01
      vertex   6.715838e+01 1.507612e+01 6.173166e-01
      vertex   6.724568e+01 1.511808e+01 5.286033e-01
    endloop
  endfacet
  facet normal -3.284651e-04 -8.575479e-01 -5.144040e-01
    outer loop
      vertex   7.054031e+01 1.513397e+01 5.000000e-01
      vertex   6.724568e+01 1.511808e+01 5.286033e-01
      vertex   6.735065e+01 1.516853e+01 4.444298e-01
    endloop
  endfacet
  facet normal 2.010885e-03 -7.933517e-01 -6.087602e-01
    outer loop
      vertex   7.054031e+01 1.513397e+01 5.000000e-01
      vertex   6.735065e+01 1.516853e+01 4.444298e-01
      vertex   7.054031e+01 1.529289e+01 2.928932e-01
    endloop
  endfacet
  facet normal 1.237391e-15 -7.730105e-01 -6.343933e-01
    outer loop
      vertex   7.054031e+01 1.529289e+01 2.928932e-01
      vertex   6.735065e+01 1.516853e+01 4.444298e-01
      vertex   6.760940e+01 1.529289e+01 2.928932e-01
    endloop
  endfacet
  facet normal 1.135000e-15 -6.343933e-01 -7.730105e-01
    outer loop
      vertex   7.054031e+01 1.529289e+01 2.928932e-01
      vertex   6.760940e+01 1.529289e+01 2.928932e-01
      vertex   6.792469e+01 1.544443e+01 1.685304e-01
    endloop
  endfacet
  facet normal 2.452207e-03 -6.087596e-01 -7.933510e-01
    outer loop
      vertex   7.054031e+01 1.529289e+01 2.928932e-01
      vertex   6.792469e+01 1.544443e+01 1.685304e-01
      vertex   7.054031e+01 1.550000e+01 1.339746e-01
    endloop
  endfacet
  facet normal -1.714813e-03 -4.686187e-01 -8.833989e-01
    outer loop
      vertex   7.054031e+01 1.550000e+01 1.339746e-01
      vertex   6.792469e+01 1.544443e+01 1.685304e-01
      vertex   6.828441e+01 1.561732e+01 7.612047e-02
    endloop
  endfacet
  facet normal 3.792298e-03 -3.826807e-01 -9.238729e-01
    outer loop
      vertex   7.054031e+01 1.550000e+01 1.339746e-01
      vertex   6.828441e+01 1.561732e+01 7.612047e-02
      vertex   7.054031e+01 1.574118e+01 3.407417e-02
    endloop
  endfacet
  facet normal -2.144615e-03 -2.861952e-01 -9.581689e-01
    outer loop
      vertex   7.054031e+01 1.574118e+01 3.407417e-02
      vertex   6.828441e+01 1.561732e+01 7.612047e-02
      vertex   6.867472e+01 1.580491e+01 1.921472e-02
    endloop
  endfacet
  facet normal -7.799282e-01 6.239426e-01 -4.906767e-02
    outer loop
      vertex   6.400000e+01 5.000000e+00 1.000000e+00
      vertex   7.200000e+01 1.500000e+01 1.000000e+00
      vertex   6.401002e+01 5.004815e+00 9.019829e-01
    endloop
  endfacet
  facet normal -7.799282e-01 6.239426e-01 -4.906767e-02
    outer loop
      vertex   6.401002e+01 5.004815e+00 9.019829e-01
      vertex   7.200000e+01 1.500000e+01 1.000000e+00
      vertex   7.201002e+01 1.500482e+01 9.019829e-01
    endloop
  endfacet
  facet normal -7.724171e-01 6.179337e-01 -1.467305e-01
    outer loop
      vertex   6.401002e+01 5.004815e+00 9.019829e-01
      vertex   7.201002e+01 1.500482e+01 9.019829e-01
      vertex   6.403998e+01 5.019215e+00 8.049097e-01
    endloop
  endfacet
  facet normal -7.651907e-01 6.126625e-01 -1.978076e-01
    outer loop
      vertex   6.403998e+01 5.019215e+00 8.049097e-01
      vertex   7.201002e+01 1.500482e+01 9.019829e-01
      vertex   6.712653e+01 8.853613e+00 7.411810e-01
    endloop
  endfacet
  facet normal -7.575829e-01 6.057859e-01 -2.430876e-01
    outer loop
      vertex   6.403998e+01 5.019215e+00 8.049097e-01
      vertex   6.712653e+01 8.853613e+00 7.411810e-01
      vertex   6.408959e+01 5.043060e+00 7.097153e-01
    endloop
  endfacet
  facet normal -7.350298e-01 5.885837e-01 -3.366013e-01
    outer loop
      vertex   6.408959e+01 5.043060e+00 7.097153e-01
      vertex   6.712653e+01 8.853613e+00 7.411810e-01
      vertex   6.415838e+01 5.076121e+00 6.173166e-01
    endloop
  endfacet
  facet normal -7.203151e-01 5.785327e-01 -3.826828e-01
    outer loop
      vertex   6.415838e+01 5.076121e+00 6.173166e-01
      vertex   6.712653e+01 8.853613e+00 7.411810e-01
      vertex   6.720454e+01 8.791205e+00 5.000000e-01
    endloop
  endfacet
  facet normal -7.057473e-01 5.651825e-01 -4.271879e-01
    outer loop
      vertex   6.415838e+01 5.076121e+00 6.173166e-01
      vertex   6.720454e+01 8.791205e+00 5.000000e-01
      vertex   6.424568e+01 5.118079e+00 5.286033e-01
    endloop
  endfacet
  facet normal -6.698181e-01 5.355616e-01 -5.143125e-01
    outer loop
      vertex   6.424568e+01 5.118079e+00 5.286033e-01
      vertex   6.720454e+01 8.791205e+00 5.000000e-01
      vertex   6.435065e+01 5.168530e+00 4.444298e-01
    endloop
  endfacet
  facet normal -6.186354e-01 4.966895e-01 -6.087608e-01
    outer loop
      vertex   6.435065e+01 5.168530e+00 4.444298e-01
      vertex   6.720454e+01 8.791205e+00 5.000000e-01
      vertex   6.732863e+01 8.691930e+00 2.928932e-01
    endloop
  endfacet
  facet normal -6.036198e-01 4.828958e-01 -6.343933e-01
    outer loop
      vertex   6.435065e+01 5.168530e+00 4.444298e-01
      vertex   6.732863e+01 8.691930e+00 2.928932e-01
      vertex   6.460940e+01 5.292893e+00 2.928932e-01
    endloop
  endfacet
  facet normal -4.953779e-01 3.963023e-01 -7.730105e-01
    outer loop
      vertex   6.460940e+01 5.292893e+00 2.928932e-01
      vertex   6.732863e+01 8.691930e+00 2.928932e-01
      vertex   6.492469e+01 5.444430e+00 1.685304e-01
    endloop
  endfacet
  facet normal -4.743698e-01 3.815302e-01 -7.933523e-01
    outer loop
      vertex   6.492469e+01 5.444430e+00 1.685304e-01
      vertex   6.732863e+01 8.691930e+00 2.928932e-01
      vertex   6.749035e+01 8.562551e+00 1.339746e-01
    endloop
  endfacet
  facet normal -3.674000e-01 2.925210e-01 -8.828639e-01
    outer loop
      vertex   6.492469e+01 5.444430e+00 1.685304e-01
      vertex   6.749035e+01 8.562551e+00 1.339746e-01
      vertex   6.528441e+01 5.617317e+00 7.612047e-02
    endloop
  endfacet
  facet normal -2.973716e-01 2.408762e-01 -9.238770e-01
    outer loop
      vertex   6.528441e+01 5.617317e+00 7.612047e-02
      vertex   6.749035e+01 8.562551e+00 1.339746e-01
      vertex   6.767868e+01 8.411886e+00 3.407417e-02
    endloop
  endfacet
  facet normal -2.255925e-01 1.788703e-01 -9.576604e-01
    outer loop
      vertex   6.528441e+01 5.617317e+00 7.612047e-02
      vertex   6.767868e+01 8.411886e+00 3.407417e-02
      vertex   6.567472e+01 5.804910e+00 1.921472e-02
    endloop
  endfacet
  facet normal -7.899435e-02 6.639198e-02 -9.946618e-01
    outer loop
      vertex   6.567472e+01 5.804910e+00 1.921472e-02
      vertex   6.767868e+01 8.411886e+00 3.407417e-02
      vertex   6.608063e+01 6.000000e+00 0.000000e+00
    endloop
  endfacet
  facet normal -1.019238e-01 8.153907e-02 -9.914449e-01
    outer loop
      vertex   6.608063e+01 6.000000e+00 0.000000e+00
      vertex   6.767868e+01 8.411886e+00 3.407417e-02
      vertex   7.077860e+01 1.228678e+01 3.407417e-02
    endloop
  endfacet
  facet normal -1.253925e-01 9.905342e-02 -9.871500e-01
    outer loop
      vertex   6.608063e+01 6.000000e+00 0.000000e+00
      vertex   7.077860e+01 1.228678e+01 3.407417e-02
      vertex   7.367472e+01 1.580491e+01 1.921472e-02
    endloop
  endfacet
  facet normal -2.275082e-01 1.832448e-01 -9.563793e-01
    outer loop
      vertex   7.367472e+01 1.580491e+01 1.921472e-02
      vertex   7.077860e+01 1.228678e+01 3.407417e-02
      vertex   7.328441e+01 1.561732e+01 7.612047e-02
    endloop
  endfacet
  facet normal -3.001078e-01 2.374564e-01 -9.238776e-01
    outer loop
      vertex   7.328441e+01 1.561732e+01 7.612047e-02
      vertex   7.077860e+01 1.228678e+01 3.407417e-02
      vertex   7.059027e+01 1.243745e+01 1.339746e-01
    endloop
  endfacet
  facet normal -3.687946e-01 2.964316e-01 -8.809761e-01
    outer loop
      vertex   7.328441e+01 1.561732e+01 7.612047e-02
      vertex   7.059027e+01 1.243745e+01 1.339746e-01
      vertex   7.292469e+01 1.544443e+01 1.685304e-01
    endloop
  endfacet
  facet normal -4.764148e-01 3.789739e-01 -7.933522e-01
    outer loop
      vertex   7.292469e+01 1.544443e+01 1.685304e-01
      vertex   7.059027e+01 1.243745e+01 1.339746e-01
      vertex   7.042855e+01 1.256683e+01 2.928932e-01
    endloop
  endfacet
  facet normal -4.953779e-01 3.963023e-01 -7.730105e-01
    outer loop
      vertex   7.292469e+01 1.544443e+01 1.685304e-01
      vertex   7.042855e+01 1.256683e+01 2.928932e-01
      vertex   7.260940e+01 1.529289e+01 2.928932e-01
    endloop
  endfacet
  facet normal -6.036198e-01 4.828958e-01 -6.343933e-01
    outer loop
      vertex   7.260940e+01 1.529289e+01 2.928932e-01
      vertex   7.042855e+01 1.256683e+01 2.928932e-01
      vertex   7.235065e+01 1.516853e+01 4.444298e-01
    endloop
  endfacet
  facet normal -6.207433e-01 4.940534e-01 -6.087602e-01
    outer loop
      vertex   7.235065e+01 1.516853e+01 4.444298e-01
      vertex   7.042855e+01 1.256683e+01 2.928932e-01
      vertex   7.030445e+01 1.266610e+01 5.000000e-01
    endloop
  endfacet
  facet normal -6.697073e-01 5.361994e-01 -5.137920e-01
    outer loop
      vertex   7.235065e+01 1.516853e+01 4.444298e-01
      vertex   7.030445e+01 1.266610e+01 5.000000e-01
      vertex   7.224568e+01 1.511808e+01 5.286033e-01
    endloop
  endfacet
  facet normal -7.061189e-01 5.640268e-01 -4.281002e-01
    outer loop
      vertex   7.224568e+01 1.511808e+01 5.286033e-01
      vertex   7.030445e+01 1.266610e+01 5.000000e-01
      vertex   7.215838e+01 1.507612e+01 6.173166e-01
    endloop
  endfacet
  facet normal -7.231838e-01 5.749432e-01 -3.826819e-01
    outer loop
      vertex   7.215838e+01 1.507612e+01 6.173166e-01
      vertex   7.030445e+01 1.266610e+01 5.000000e-01
      vertex   7.022645e+01 1.272851e+01 7.411810e-01
    endloop
  endfacet
  facet normal -7.355417e-01 5.875038e-01 -3.373688e-01
    outer loop
      vertex   7.215838e+01 1.507612e+01 6.173166e-01
      vertex   7.022645e+01 1.272851e+01 7.411810e-01
      vertex   7.208959e+01 1.504306e+01 7.097153e-01
    endloop
  endfacet
  facet normal -7.572755e-01 6.062844e-01 -2.428025e-01
    outer loop
      vertex   7.208959e+01 1.504306e+01 7.097153e-01
      vertex   7.022645e+01 1.272851e+01 7.411810e-01
      vertex   7.203998e+01 1.501921e+01 8.049097e-01
    endloop
  endfacet
  facet normal -7.734878e-01 6.164621e-01 -1.472792e-01
    outer loop
      vertex   7.203998e+01 1.501921e+01 8.049097e-01
      vertex   7.022645e+01 1.272851e+01 7.411810e-01
      vertex   7.201002e+01 1.500482e+01 9.019829e-01
    endloop
  endfacet
  facet normal -7.682547e-01 6.146037e-01 -1.790169e-01
    outer loop
      vertex   7.201002e+01 1.500482e+01 9.019829e-01
      vertex   7.022645e+01 1.272851e+01 7.411810e-01
      vertex   6.712653e+01 8.853613e+00 7.411810e-01
    endloop
  endfacet
  facet normal -7.653853e-02 6.123082e-02 -9.951847e-01
    outer loop
      vertex   7.367472e+01 1.580491e+01 1.921472e-02
      vertex   7.408063e+01 1.600000e+01 0.000000e+00
      vertex   6.608063e+01 6.000000e+00 0.000000e+00
    endloop
  endfacet
  facet normal -7.214287e-01 5.771430e-01 -3.826834e-01
    outer loop
      vertex   6.720454e+01 8.791205e+00 5.000000e-01
      vertex   6.712653e+01 8.853613e+00 7.411810e-01
      vertex   7.022645e+01 1.272851e+01 7.411810e-01
    endloop
  endfacet
  facet normal -6.195049e-01 4.956039e-01 -6.087614e-01
    outer loop
      vertex   6.732863e+01 8.691930e+00 2.928932e-01
      vertex   6.720454e+01 8.791205e+00 5.000000e-01
      vertex   7.030445e+01 1.266610e+01 5.000000e-01
    endloop
  endfacet
  facet normal -7.214287e-01 5.771430e-01 -3.826834e-01
    outer loop
      vertex   7.030445e+01 1.266610e+01 5.000000e-01
      vertex   6.720454e+01 8.791205e+00 5.000000e-01
      vertex   7.022645e+01 1.272851e+01 7.411810e-01
    endloop
  endfacet
  facet normal -4.753628e-01 3.802902e-01 -7.933533e-01
    outer loop
      vertex   6.749035e+01 8.562551e+00 1.339746e-01
      vertex   6.732863e+01 8.691930e+00 2.928932e-01
      vertex   7.042855e+01 1.256683e+01 2.928932e-01
    endloop
  endfacet
  facet normal -6.195049e-01 4.956039e-01 -6.087614e-01
    outer loop
      vertex   7.042855e+01 1.256683e+01 2.928932e-01
      vertex   6.732863e+01 8.691930e+00 2.928932e-01
      vertex   7.030445e+01 1.266610e+01 5.000000e-01
    endloop
  endfacet
  facet normal -2.988256e-01 2.390604e-01 -9.238795e-01
    outer loop
      vertex   6.767868e+01 8.411886e+00 3.407417e-02
      vertex   6.749035e+01 8.562551e+00 1.339746e-01
      vertex   7.059027e+01 1.243745e+01 1.339746e-01
    endloop
  endfacet
  facet normal -4.753628e-01 3.802902e-01 -7.933533e-01
    outer loop
      vertex   7.059027e+01 1.243745e+01 1.339746e-01
      vertex   6.749035e+01 8.562551e+00 1.339746e-01
      vertex   7.042855e+01 1.256683e+01 2.928932e-01
    endloop
  endfacet
  facet normal -2.988256e-01 2.390604e-01 -9.238795e-01
    outer loop
      vertex   7.077860e+01 1.228678e+01 3.407417e-02
      vertex   6.767868e+01 8.411886e+00 3.407417e-02
      vertex   7.059027e+01 1.243745e+01 1.339746e-01
    endloop
  endfacet
  facet normal -2.179042e-18 -9.987955e-01 -4.906767e-02
    outer loop
      vertex   6.400000e+01 5.000000e+00 1.000000e+00
      vertex   6.401002e+01 5.004815e+00 9.019829e-01
      vertex   6.900000e+01 5.000000e+00 1.000000e+00
    endloop
  endfacet
  facet normal -5.311892e-16 -9.987955e-01 -4.906767e-02
    outer loop
      vertex   6.900000e+01 5.000000e+00 1.000000e+00
      vertex   6.401002e+01 5.004815e+00 9.019829e-01
      vertex   6.901002e+01 5.004815e+00 9.019829e-01
    endloop
  endfacet
  facet normal -5.238811e-16 -9.891765e-01 -1.467305e-01
    outer loop
      vertex   6.901002e+01 5.004815e+00 9.019829e-01
      vertex   6.401002e+01 5.004815e+00 9.019829e-01
      vertex   6.903998e+01 5.019215e+00 8.049097e-01
    endloop
  endfacet
  facet normal -1.102556e-03 -9.793031e-01 -2.023961e-01
    outer loop
      vertex   6.903998e+01 5.019215e+00 8.049097e-01
      vertex   6.401002e+01 5.004815e+00 9.019829e-01
      vertex   6.754031e+01 5.034074e+00 7.411810e-01
    endloop
  endfacet
  facet normal 6.985389e-04 -9.701168e-01 -2.426375e-01
    outer loop
      vertex   6.903998e+01 5.019215e+00 8.049097e-01
      vertex   6.754031e+01 5.034074e+00 7.411810e-01
      vertex   6.908959e+01 5.043060e+00 7.097153e-01
    endloop
  endfacet
  facet normal -1.402140e-03 -9.412116e-01 -3.378147e-01
    outer loop
      vertex   6.908959e+01 5.043060e+00 7.097153e-01
      vertex   6.754031e+01 5.034074e+00 7.411810e-01
      vertex   6.915838e+01 5.076121e+00 6.173166e-01
    endloop
  endfacet
  facet normal -5.287189e-03 -9.238666e-01 -3.826781e-01
    outer loop
      vertex   6.915838e+01 5.076121e+00 6.173166e-01
      vertex   6.754031e+01 5.034074e+00 7.411810e-01
      vertex   6.754031e+01 5.133975e+00 5.000000e-01
    endloop
  endfacet
  facet normal -1.233970e-03 -9.035187e-01 -4.285468e-01
    outer loop
      vertex   6.915838e+01 5.076121e+00 6.173166e-01
      vertex   6.754031e+01 5.133975e+00 5.000000e-01
      vertex   6.924568e+01 5.118079e+00 5.286033e-01
    endloop
  endfacet
  facet normal 6.152106e-04 -8.580666e-01 -5.135381e-01
    outer loop
      vertex   6.924568e+01 5.118079e+00 5.286033e-01
      vertex   6.754031e+01 5.133975e+00 5.000000e-01
      vertex   6.935065e+01 5.168530e+00 4.444298e-01
    endloop
  endfacet
  facet normal -3.543000e-03 -7.933484e-01 -6.087576e-01
    outer loop
      vertex   6.935065e+01 5.168530e+00 4.444298e-01
      vertex   6.754031e+01 5.133975e+00 5.000000e-01
      vertex   6.754031e+01 5.292893e+00 2.928932e-01
    endloop
  endfacet
  facet normal -1.967329e-16 -7.730105e-01 -6.343933e-01
    outer loop
      vertex   6.935065e+01 5.168530e+00 4.444298e-01
      vertex   6.754031e+01 5.292893e+00 2.928932e-01
      vertex   6.960940e+01 5.292893e+00 2.928932e-01
    endloop
  endfacet
  facet normal -1.064086e-16 -6.343933e-01 -7.730105e-01
    outer loop
      vertex   6.960940e+01 5.292893e+00 2.928932e-01
      vertex   6.754031e+01 5.292893e+00 2.928932e-01
      vertex   6.992469e+01 5.444430e+00 1.685304e-01
    endloop
  endfacet
  facet normal -2.690025e-03 -6.087592e-01 -7.933505e-01
    outer loop
      vertex   6.992469e+01 5.444430e+00 1.685304e-01
      vertex   6.754031e+01 5.292893e+00 2.928932e-01
      vertex   6.754031e+01 5.500000e+00 1.339746e-01
    endloop
  endfacet
  facet normal 1.709064e-03 -4.741595e-01 -8.804373e-01
    outer loop
      vertex   6.992469e+01 5.444430e+00 1.685304e-01
      vertex   6.754031e+01 5.500000e+00 1.339746e-01
      vertex   7.028441e+01 5.617317e+00 7.612047e-02
    endloop
  endfacet
  facet normal -3.117642e-03 -3.826816e-01 -9.238750e-01
    outer loop
      vertex   7.028441e+01 5.617317e+00 7.612047e-02
      vertex   6.754031e+01 5.500000e+00 1.339746e-01
      vertex   6.754031e+01 5.741181e+00 3.407417e-02
    endloop
  endfacet
  facet normal 1.424528e-03 -2.929974e-01 -9.561122e-01
    outer loop
      vertex   7.028441e+01 5.617317e+00 7.612047e-02
      vertex   6.754031e+01 5.741181e+00 3.407417e-02
      vertex   7.067472e+01 5.804910e+00 1.921472e-02
    endloop
  endfacet
  facet normal -2.847009e-03 -9.214839e-02 -9.957412e-01
    outer loop
      vertex   7.067472e+01 5.804910e+00 1.921472e-02
      vertex   6.754031e+01 5.741181e+00 3.407417e-02
      vertex   7.108063e+01 6.000000e+00 0.000000e+00
    endloop
  endfacet
  facet normal 2.332251e-03 -1.618192e-01 -9.868177e-01
    outer loop
      vertex   7.108063e+01 6.000000e+00 0.000000e+00
      vertex   6.754031e+01 5.741181e+00 3.407417e-02
      vertex   6.567472e+01 5.804910e+00 1.921472e-02
    endloop
  endfacet
  facet normal -3.482268e-17 -9.801714e-02 -9.951847e-01
    outer loop
      vertex   7.108063e+01 6.000000e+00 0.000000e+00
      vertex   6.567472e+01 5.804910e+00 1.921472e-02
      vertex   6.608063e+01 6.000000e+00 0.000000e+00
    endloop
  endfacet
  facet normal 1.536500e-03 -9.892441e-01 -1.462663e-01
    outer loop
      vertex   6.401002e+01 5.004815e+00 9.019829e-01
      vertex   6.403998e+01 5.019215e+00 8.049097e-01
      vertex   6.754031e+01 5.034074e+00 7.411810e-01
    endloop
  endfacet
  facet normal -3.087980e-04 -9.699933e-01 -2.431316e-01
    outer loop
      vertex   6.754031e+01 5.034074e+00 7.411810e-01
      vertex   6.403998e+01 5.019215e+00 8.049097e-01
      vertex   6.408959e+01 5.043060e+00 7.097153e-01
    endloop
  endfacet
  facet normal 6.161361e-04 -9.416893e-01 -3.364831e-01
    outer loop
      vertex   6.754031e+01 5.034074e+00 7.411810e-01
      vertex   6.408959e+01 5.043060e+00 7.097153e-01
      vertex   6.415838e+01 5.076121e+00 6.173166e-01
    endloop
  endfacet
  facet normal 2.529650e-03 -9.238766e-01 -3.826822e-01
    outer loop
      vertex   6.754031e+01 5.034074e+00 7.411810e-01
      vertex   6.415838e+01 5.076121e+00 6.173166e-01
      vertex   6.754031e+01 5.133975e+00 5.000000e-01
    endloop
  endfacet
  facet normal 6.553848e-04 -9.042382e-01 -4.270279e-01
    outer loop
      vertex   6.754031e+01 5.133975e+00 5.000000e-01
      vertex   6.415838e+01 5.076121e+00 6.173166e-01
      vertex   6.424568e+01 5.118079e+00 5.286033e-01
    endloop
  endfacet
  facet normal -3.284651e-04 -8.575479e-01 -5.144040e-01
    outer loop
      vertex   6.754031e+01 5.133975e+00 5.000000e-01
      vertex   6.424568e+01 5.118079e+00 5.286033e-01
      vertex   6.435065e+01 5.168530e+00 4.444298e-01
    endloop
  endfacet
  facet normal 2.010885e-03 -7.933517e-01 -6.087602e-01
    outer loop
      vertex   6.754031e+01 5.133975e+00 5.000000e-01
      vertex   6.435065e+01 5.168530e+00 4.444298e-01
      vertex   6.754031e+01 5.292893e+00 2.928932e-01
    endloop
  endfacet
  facet normal -4.685035e-16 -7.730105e-01 -6.343933e-01
    outer loop
      vertex   6.754031e+01 5.292893e+00 2.928932e-01
      vertex   6.435065e+01 5.168530e+00 4.444298e-01
      vertex   6.460940e+01 5.292893e+00 2.928932e-01
    endloop
  endfacet
  facet normal -3.844909e-16 -6.343933e-01 -7.730105e-01
    outer loop
      vertex   6.754031e+01 5.292893e+00 2.928932e-01
      vertex   6.460940e+01 5.292893e+00 2.928932e-01
      vertex   6.492469e+01 5.444430e+00 1.685304e-01
    endloop
  endfacet
  facet normal 2.452207e-03 -6.087596e-01 -7.933510e-01
    outer loop
      vertex   6.754031e+01 5.292893e+00 2.928932e-01
      vertex   6.492469e+01 5.444430e+00 1.685304e-01
      vertex   6.754031e+01 5.500000e+00 1.339746e-01
    endloop
  endfacet
  facet normal -1.714813e-03 -4.686187e-01 -8.833989e-01
    outer loop
      vertex   6.754031e+01 5.500000e+00 1.339746e-01
      vertex   6.492469e+01 5.444430e+00 1.685304e-01
      vertex   6.528441e+01 5.617317e+00 7.612047e-02
    endloop
  endfacet
  facet normal 3.792298e-03 -3.826807e-01 -9.238729e-01
    outer loop
      vertex   6.754031e+01 5.500000e+00 1.339746e-01
      vertex   6.528441e+01 5.617317e+00 7.612047e-02
      vertex   6.754031e+01 5.741181e+00 3.407417e-02
    endloop
  endfacet
  facet normal -2.144616e-03 -2.861952e-01 -9.581689e-01
    outer loop
      vertex   6.754031e+01 5.741181e+00 3.407417e-02
      vertex   6.528441e+01 5.617317e+00 7.612047e-02
      vertex   6.567472e+01 5.804910e+00 1.921472e-02
    endloop
  endfacet
  facet normal -7.799282e-01 6.239426e-01 -4.906767e-02
    outer loop
      vertex   6.100000e+01 -5.000000e+00 1.000000e+00
      vertex   6.900000e+01 5.000000e+00 1.000000e+00
      vertex   6.101002e+01 -4.995185e+00 9.019829e-01
    endloop
  endfacet
  facet normal -7.799282e-01 6.239426e-01 -4.906767e-02
    outer loop
      vertex   6.101002e+01 -4.995185e+00 9.019829e-01
      vertex   6.900000e+01 5.000000e+00 1.000000e+00
      vertex   6.901002e+01 5.004815e+00 9.019829e-01
    endloop
  endfacet
  facet normal -7.724171e-01 6.179337e-01 -1.467305e-01
    outer loop
      vertex   6.101002e+01 -4.995185e+00 9.019829e-01
      vertex   6.901002e+01 5.004815e+00 9.019829e-01
      vertex   6.103998e+01 -4.980785e+00 8.049097e-01
    endloop
  endfacet
  facet normal -7.651907e-01 6.126625e-01 -1.978076e-01
    outer loop
      vertex   6.103998e+01 -4.980785e+00 8.049097e-01
      vertex   6.901002e+01 5.004815e+00 9.019829e-01
      vertex   6.412653e+01 -1.146388e+00 7.411810e-01
    endloop
  endfacet
  facet normal -7.575829e-01 6.057859e-01 -2.430876e-01
    outer loop
      vertex   6.103998e+01 -4.980785e+00 8.049097e-01
      vertex   6.412653e+01 -1.146388e+00 7.411810e-01
      vertex   6.108959e+01 -4.956940e+00 7.097153e-01
    endloop
  endfacet
  facet normal -7.350298e-01 5.885837e-01 -3.366013e-01
    outer loop
      vertex   6.108959e+01 -4.956940e+00 7.097153e-01
      vertex   6.412653e+01 -1.146388e+00 7.411810e-01
      vertex   6.115838e+01 -4.923880e+00 6.173166e-01
    endloop
  endfacet
  facet normal -7.203151e-01 5.785327e-01 -3.826828e-01
    outer loop
      vertex   6.115838e+01 -4.923880e+00 6.173166e-01
      vertex   6.412653e+01 -1.146388e+00 7.411810e-01
      vertex   6.420454e+01 -1.208795e+00 5.000000e-01
    endloop
  endfacet
  facet normal -7.057473e-01 5.651825e-01 -4.271879e-01
    outer loop
      vertex   6.115838e+01 -4.923880e+00 6.173166e-01
      vertex   6.420454e+01 -1.208795e+00 5.000000e-01
      vertex   6.124568e+01 -4.881921e+00 5.286033e-01
    endloop
  endfacet
  facet normal -6.698181e-01 5.355616e-01 -5.143125e-01
    outer loop
      vertex   6.124568e+01 -4.881921e+00 5.286033e-01
      vertex   6.420454e+01 -1.208795e+00 5.000000e-01
      vertex   6.135065e+01 -4.831470e+00 4.444298e-01
    endloop
  endfacet
  facet normal -6.186354e-01 4.966895e-01 -6.087608e-01
    outer loop
      vertex   6.135065e+01 -4.831470e+00 4.444298e-01
      vertex   6.420454e+01 -1.208795e+00 5.000000e-01
      vertex   6.432863e+01 -1.308071e+00 2.928932e-01
    endloop
  endfacet
  facet normal -6.036198e-01 4.828958e-01 -6.343933e-01
    outer loop
      vertex   6.135065e+01 -4.831470e+00 4.444298e-01
      vertex   6.432863e+01 -1.308071e+00 2.928932e-01
      vertex   6.160940e+01 -4.707107e+00 2.928932e-01
    endloop
  endfacet
  facet normal -4.953779e-01 3.963023e-01 -7.730105e-01
    outer loop
      vertex   6.160940e+01 -4.707107e+00 2.928932e-01
      vertex   6.432863e+01 -1.308071e+00 2.928932e-01
      vertex   6.192469e+01 -4.555570e+00 1.685304e-01
    endloop
  endfacet
  facet normal -4.743698e-01 3.815302e-01 -7.933523e-01
    outer loop
      vertex   6.192469e+01 -4.555570e+00 1.685304e-01
      vertex   6.432863e+01 -1.308071e+00 2.928932e-01
      vertex   6.449035e+01 -1.437449e+00 1.339746e-01
    endloop
  endfacet
  facet normal -3.674000e-01 2.925210e-01 -8.828639e-01
    outer loop
      vertex   6.192469e+01 -4.555570e+00 1.685304e-01
      vertex   6.449035e+01 -1.437449e+00 1.339746e-01
      vertex   6.228441e+01 -4.382684e+00 7.612047e-02
    endloop
  endfacet
  facet normal -2.973716e-01 2.408762e-01 -9.238770e-01
    outer loop
      vertex   6.228441e+01 -4.382684e+00 7.612047e-02
      vertex   6.449035e+01 -1.437449e+00 1.339746e-01
      vertex   6.467868e+01 -1.588114e+00 3.407417e-02
    endloop
  endfacet
  facet normal -2.255925e-01 1.788703e-01 -9.576604e-01
    outer loop
      vertex   6.228441e+01 -4.382684e+00 7.612047e-02
      vertex   6.467868e+01 -1.588114e+00 3.407417e-02
      vertex   6.267472e+01 -4.195090e+00 1.921472e-02
    endloop
  endfacet
  facet normal -7.899435e-02 6.639198e-02 -9.946618e-01
    outer loop
      vertex   6.267472e+01 -4.195090e+00 1.921472e-02
      vertex   6.467868e+01 -1.588114e+00 3.407417e-02
      vertex   6.308063e+01 -4.000000e+00 0.000000e+00
    endloop
  endfacet
  facet normal -1.019238e-01 8.153907e-02 -9.914449e-01
    outer loop
      vertex   6.308063e+01 -4.000000e+00 0.000000e+00
      vertex   6.467868e+01 -1.588114e+00 3.407417e-02
      vertex   6.777860e+01 2.286785e+00 3.407417e-02
    endloop
  endfacet
  facet normal -1.253925e-01 9.905342e-02 -9.871500e-01
    outer loop
      vertex   6.308063e+01 -4.000000e+00 0.000000e+00
      vertex   6.777860e+01 2.286785e+00 3.407417e-02
      vertex   7.067472e+01 5.804910e+00 1.921472e-02
    endloop
  endfacet
  facet normal -2.275082e-01 1.832448e-01 -9.563793e-01
    outer loop
      vertex   7.067472e+01 5.804910e+00 1.921472e-02
      vertex   6.777860e+01 2.286785e+00 3.407417e-02
      vertex   7.028441e+01 5.617317e+00 7.612047e-02
    endloop
  endfacet
  facet normal -3.001078e-01 2.374564e-01 -9.238776e-01
    outer loop
      vertex   7.028441e+01 5.617317e+00 7.612047e-02
      vertex   6.777860e+01 2.286785e+00 3.407417e-02
      vertex   6.759027e+01 2.437449e+00 1.339746e-01
    endloop
  endfacet
  facet normal -3.687946e-01 2.964316e-01 -8.809761e-01
    outer loop
      vertex   7.028441e+01 5.617317e+00 7.612047e-02
      vertex   6.759027e+01 2.437449e+00 1.339746e-01
      vertex   6.992469e+01 5.444430e+00 1.685304e-01
    endloop
  endfacet
  facet normal -4.764148e-01 3.789739e-01 -7.933522e-01
    outer loop
      vertex   6.992469e+01 5.444430e+00 1.685304e-01
      vertex   6.759027e+01 2.437449e+00 1.339746e-01
      vertex   6.742855e+01 2.566828e+00 2.928932e-01
    endloop
  endfacet
  facet normal -4.953779e-01 3.963023e-01 -7.730105e-01
    outer loop
      vertex   6.992469e+01 5.444430e+00 1.685304e-01
      vertex   6.742855e+01 2.566828e+00 2.928932e-01
      vertex   6.960940e+01 5.292893e+00 2.928932e-01
    endloop
  endfacet
  facet normal -6.036198e-01 4.828958e-01 -6.343933e-01
    outer loop
      vertex   6.960940e+01 5.292893e+00 2.928932e-01
      vertex   6.742855e+01 2.566828e+00 2.928932e-01
      vertex   6.935065e+01 5.168530e+00 4.444298e-01
    endloop
  endfacet
  facet normal -6.207433e-01 4.940534e-01 -6.087602e-01
    outer loop
      vertex   6.935065e+01 5.168530e+00 4.444298e-01
      vertex   6.742855e+01 2.566828e+00 2.928932e-01
      vertex   6.730445e+01 2.666103e+00 5.000000e-01
    endloop
  endfacet
  facet normal -6.697073e-01 5.361994e-01 -5.137920e-01
    outer loop
      vertex   6.935065e+01 5.168530e+00 4.444298e-01
      vertex   6.730445e+01 2.666103e+00 5.000000e-01
      vertex   6.924568e+01 5.118079e+00 5.286033e-01
    endloop
  endfacet
  facet normal -7.061189e-01 5.640268e-01 -4.281002e-01
    outer loop
      vertex   6.924568e+01 5.118079e+00 5.286033e-01
      vertex   6.730445e+01 2.666103e+00 5.000000e-01
      vertex   6.915838e+01 5.076121e+00 6.173166e-01
    endloop
  endfacet
  facet normal -7.231838e-01 5.749432e-01 -3.826819e-01
    outer loop
      vertex   6.915838e+01 5.076121e+00 6.173166e-01
      vertex   6.730445e+01 2.666103e+00 5.000000e-01
      vertex   6.722645e+01 2.728511e+00 7.411810e-01
    endloop
  endfacet
  facet normal -7.355417e-01 5.875038e-01 -3.373688e-01
    outer loop
      vertex   6.915838e+01 5.076121e+00 6.173166e-01
      vertex   6.722645e+01 2.728511e+00 7.411810e-01
      vertex   6.908959e+01 5.043060e+00 7.097153e-01
    endloop
  endfacet
  facet normal -7.572755e-01 6.062844e-01 -2.428025e-01
    outer loop
      vertex   6.908959e+01 5.043060e+00 7.097153e-01
      vertex   6.722645e+01 2.728511e+00 7.411810e-01
      vertex   6.903998e+01 5.019215e+00 8.049097e-01
    endloop
  endfacet
  facet normal -7.734878e-01 6.164621e-01 -1.472792e-01
    outer loop
      vertex   6.903998e+01 5.019215e+00 8.049097e-01
      vertex   6.722645e+01 2.728511e+00 7.411810e-01
      vertex   6.901002e+01 5.004815e+00 9.019829e-01
    endloop
  endfacet
  facet normal -7.682547e-01 6.146037e-01 -1.790169e-01
    outer loop
      vertex   6.901002e+01 5.004815e+00 9.019829e-01
      vertex   6.722645e+01 2.728511e+00 7.411810e-01
      vertex   6.412653e+01 -1.146388e+00 7.411810e-01
    endloop
  endfacet
  facet normal -7.653853e-02 6.123082e-02 -9.951847e-01
    outer loop
      vertex   7.067472e+01 5.804910e+00 1.921472e-02
      vertex   7.108063e+01 6.000000e+00 0.000000e+00
      vertex   6.308063e+01 -4.000000e+00 0.000000e+00
    endloop
  endfacet
  facet normal -7.214287e-01 5.771430e-01 -3.826834e-01
    outer loop
      vertex   6.420454e+01 -1.208795e+00 5.000000e-01
      vertex   6.412653e+01 -1.146388e+00 7.411810e-01
      vertex   6.722645e+01 2.728511e+00 7.411810e-01
    endloop
  endfacet
  facet normal -6.195049e-01 4.956039e-01 -6.087614e-01
    outer loop
      vertex   6.432863e+01 -1.308071e+00 2.928932e-01
      vertex   6.420454e+01 -1.208795e+00 5.000000e-01
      vertex   6.730445e+01 2.666103e+00 5.000000e-01
    endloop
  endfacet
  facet normal -7.214287e-01 5.771430e-01 -3.826834e-01
    outer loop
      vertex   6.730445e+01 2.666103e+00 5.000000e-01
      vertex   6.420454e+01 -1.208795e+00 5.000000e-01
      vertex   6.722645e+01 2.728511e+00 7.411810e-01
    endloop
  endfacet
  facet normal -4.753628e-01 3.802902e-01 -7.933533e-01
    outer loop
      vertex   6.449035e+01 -1.437449e+00 1.339746e-01
      vertex   6.432863e+01 -1.308071e+00 2.928932e-01
      vertex   6.742855e+01 2.566828e+00 2.928932e-01
    endloop
  endfacet
  facet normal -6.195049e-01 4.956039e-01 -6.087614e-01
    outer loop
      vertex   6.742855e+01 2.566828e+00 2.928932e-01
      vertex   6.432863e+01 -1.308071e+00 2.928932e-01
      vertex   6.730445e+01 2.666103e+00 5.000000e-01
    endloop
  endfacet
  facet normal -2.988256e-01 2.390604e-01 -9.238795e-01
    outer loop
      vertex   6.467868e+01 -1.588114e+00 3.407417e-02
      vertex   6.449035e+01 -1.437449e+00 1.339746e-01
      vertex   6.759027e+01 2.437449e+00 1.339746e-01
    endloop
  endfacet
  facet normal -4.753628e-01 3.802902e-01 -7.933533e-01
    outer loop
      vertex   6.759027e+01 2.437449e+00 1.339746e-01
      vertex   6.449035e+01 -1.437449e+00 1.339746e-01
      vertex   6.742855e+01 2.566828e+00 2.928932e-01
    endloop
  endfacet
  facet normal -2.988256e-01 2.390604e-01 -9.238795e-01
    outer loop
      vertex   6.777860e+01 2.286785e+00 3.407417e-02
      vertex   6.467868e+01 -1.588114e+00 3.407417e-02
      vertex   6.759027e+01 2.437449e+00 1.339746e-01
    endloop
  endfacet
  facet normal 1.000000e+00 0.000000e+00 0.000000e+00
    outer loop
      vertex   7.900000e+01 -2.500000e+01 1.000000e+00
      vertex   7.900000e+01 -1.500000e+01 1.000000e+00
      vertex   7.900000e+01 -2.500000e+01 4.000000e+00
    endloop
  endfacet
  facet normal 1.000000e+00 -0.000000e+00 0.000000e+00
    outer loop
      vertex   7.900000e+01 -2.500000e+01 4.000000e+00
      vertex   7.900000e+01 -1.500000e+01 1.000000e+00
      vertex   7.900000e+01 -1.500000e+01 4.000000e+00
    endloop
  endfacet
  facet normal 0.000000e+00 -1.000000e+00 0.000000e+00
    outer loop
      vertex   7.900000e+01 -1.500000e+01 1.000000e+00
      vertex   9.200000e+01 -1.500000e+01 1.000000e+00
      vertex   7.900000e+01 -1.500000e+01 4.000000e+00
    endloop
  endfacet
  facet normal 0.000000e+00 -1.000000e+00 0.000000e+00
    outer loop
      vertex   7.900000e+01 -1.500000e+01 4.000000e+00
      vertex   9.200000e+01 -1.500000e+01 1.000000e+00
      vertex   9.200000e+01 -1.500000e+01 4.000000e+00
    endloop
  endfacet
  facet normal 7.808688e-01 6.246950e-01 -0.000000e+00
    outer loop
      vertex   9.200000e+01 -1.500000e+01 1.000000e+00
      vertex   8.400000e+01 -5.000000e+00 1.000000e+00
      vertex   9.200000e+01 -1.500000e+01 4.000000e+00
    endloop
  endfacet
  facet normal 7.808688e-01 6.246950e-01 0.000000e+00
    outer loop
      vertex   9.200000e+01 -1.500000e+01 4.000000e+00
      vertex   8.400000e+01 -5.000000e+00 1.000000e+00
      vertex   8.400000e+01 -5.000000e+00 4.000000e+00
    endloop
  endfacet
  facet normal 0.000000e+00 -1.000000e+00 0.000000e+00
    outer loop
      vertex   8.400000e+01 -5.000000e+00 1.000000e+00
      vertex   8.900000e+01 -5.000000e+00 1.000000e+00
      vertex   8.400000e+01 -5.000000e+00 4.000000e+00
    endloop
  endfacet
  facet normal 0.000000e+00 -1.000000e+00 0.000000e+00
    outer loop
      vertex   8.400000e+01 -5.000000e+00 4.000000e+00
      vertex   8.900000e+01 -5.000000e+00 1.000000e+00
      vertex   8.900000e+01 -5.000000e+00 4.000000e+00
    endloop
  endfacet
  facet normal 7.808688e-01 6.246950e-01 -0.000000e+00
    outer loop
      vertex   8.900000e+01 -5.000000e+00 1.000000e+00
      vertex   8.100000e+01 5.000000e+00 1.000000e+00
      vertex   8.900000e+01 -5.000000e+00 4.000000e+00
    endloop
  endfacet
  facet normal 7.808688e-01 6.246950e-01 0.000000e+00
    outer loop
      vertex   8.900000e+01 -5.000000e+00 4.000000e+00
      vertex   8.100000e+01 5.000000e+00 1.000000e+00
      vertex   8.100000e+01 5.000000e+00 4.000000e+00
    endloop
  endfacet
  facet normal 0.000000e+00 -1.000000e+00 0.000000e+00
    outer loop
      vertex   8.100000e+01 5.000000e+00 1.000000e+00
      vertex   8.600000e+01 5.000000e+00 1.000000e+00
      vertex   8.100000e+01 5.000000e+00 4.000000e+00
    endloop
  endfacet
  facet normal 0.000000e+00 -1.000000e+00 0.000000e+00
    outer loop
      vertex   8.100000e+01 5.000000e+00 4.000000e+00
      vertex   8.600000e+01 5.000000e+00 1.000000e+00
      vertex   8.600000e+01 5.000000e+00 4.000000e+00
    endloop
  endfacet
  facet normal 7.808688e-01 6.246950e-01 -0.000000e+00
    outer loop
      vertex   8.600000e+01 5.000000e+00 1.000000e+00
      vertex   7.800000e+01 1.500000e+01 1.000000e+00
      vertex   8.600000e+01 5.000000e+00 4.000000e+00
    endloop
  endfacet
  facet normal 7.808688e-01 6.246950e-01 0.000000e+00
    outer loop
      vertex   8.600000e+01 5.000000e+00 4.000000e+00
      vertex   7.800000e+01 1.500000e+01 1.000000e+00
      vertex   7.800000e+01 1.500000e+01 4.000000e+00
    endloop
  endfacet
  facet normal 0.000000e+00 -1.000000e+00 0.000000e+00
    outer loop
      vertex   7.800000e+01 1.500000e+01 1.000000e+00
      vertex   8.300000e+01 1.500000e+01 1.000000e+00
      vertex   7.800000e+01 1.500000e+01 4.000000e+00
    endloop
  endfacet
  facet normal 0.000000e+00 -1.000000e+00 0.000000e+00
    outer loop
      vertex   7.800000e+01 1.500000e+01 4.000000e+00
      vertex   8.300000e+01 1.500000e+01 1.000000e+00
      vertex   8.300000e+01 1.500000e+01 4.000000e+00
    endloop
  endfacet
  facet normal 7.808688e-01 6.246951e-01 -6.187671e-14
    outer loop
      vertex   7.780000e+01 2.150000e+01 1.000000e+00
      vertex   7.500000e+01 2.500000e+01 1.000000e+00
      vertex   7.756589e+01 2.179264e+01 1.028822e+00
    endloop
  endfacet
  facet normal 7.808688e-01 6.246951e-01 3.290772e-14
    outer loop
      vertex   7.756589e+01 2.179264e+01 1.028822e+00
      vertex   7.500000e+01 2.500000e+01 1.000000e+00
      vertex   7.734078e+01 2.207403e+01 1.114181e+00
    endloop
  endfacet
  facet normal 7.808688e-01 6.246951e-01 -1.135482e-14
    outer loop
      vertex   7.734078e+01 2.207403e+01 1.114181e+00
      vertex   7.500000e+01 2.500000e+01 1.000000e+00
      vertex   7.713332e+01 2.233336e+01 1.252796e+00
    endloop
  endfacet
  facet normal 7.808688e-01 6.246951e-01 4.499447e-14
    outer loop
      vertex   7.713332e+01 2.233336e+01 1.252796e+00
      vertex   7.500000e+01 2.500000e+01 1.000000e+00
      vertex   7.695147e+01 2.256066e+01 1.439340e+00
    endloop
  endfacet
  facet normal 7.808688e-01 6.246951e-01 -1.232782e-14
    outer loop
      vertex   7.695147e+01 2.256066e+01 1.439340e+00
      vertex   7.500000e+01 2.500000e+01 1.000000e+00
      vertex   7.680224e+01 2.274720e+01 1.666645e+00
    endloop
  endfacet
  facet normal 7.808688e-01 6.246951e-01 -2.825198e-14
    outer loop
      vertex   7.680224e+01 2.274720e+01 1.666645e+00
      vertex   7.500000e+01 2.500000e+01 1.000000e+00
      vertex   7.669135e+01 2.288582e+01 1.925975e+00
    endloop
  endfacet
  facet normal 7.808688e-01 6.246951e-01 2.797827e-15
    outer loop
      vertex   7.669135e+01 2.288582e+01 1.925975e+00
      vertex   7.500000e+01 2.500000e+01 1.000000e+00
      vertex   7.662306e+01 2.297118e+01 2.207365e+00
    endloop
  endfacet
  facet normal 7.808688e-01 6.246951e-01 8.758987e-15
    outer loop
      vertex   7.662306e+01 2.297118e+01 2.207365e+00
      vertex   7.500000e+01 2.500000e+01 1.000000e+00
      vertex   7.660000e+01 2.300000e+01 2.500000e+00
    endloop
  endfacet
  facet normal 7.808688e-01 6.246951e-01 0.000000e+00
    outer loop
      vertex   7.660000e+01 2.300000e+01 2.500000e+00
      vertex   7.500000e+01 2.500000e+01 1.000000e+00
      vertex   7.500000e+01 2.500000e+01 4.000000e+00
    endloop
  endfacet
  facet normal 7.808688e-01 6.246951e-01 -8.767609e-15
    outer loop
      vertex   7.660000e+01 2.300000e+01 2.500000e+00
      vertex   7.500000e+01 2.500000e+01 4.000000e+00
      vertex   7.662306e+01 2.297118e+01 2.792636e+00
    endloop
  endfacet
  facet normal 7.808688e-01 6.246951e-01 -2.797827e-15
    outer loop
      vertex   7.662306e+01 2.297118e+01 2.792636e+00
      vertex   7.500000e+01 2.500000e+01 4.000000e+00
      vertex   7.669135e+01 2.288582e+01 3.074025e+00
    endloop
  endfacet
  facet normal 7.808688e-01 6.246951e-01 2.825199e-14
    outer loop
      vertex   7.669135e+01 2.288582e+01 3.074025e+00
      vertex   7.500000e+01 2.500000e+01 4.000000e+00
      vertex   7.680224e+01 2.274720e+01 3.333355e+00
    endloop
  endfacet
  facet normal 7.808688e-01 6.246951e-01 -3.473584e-15
    outer loop
      vertex   7.680224e+01 2.274720e+01 3.333355e+00
      vertex   7.500000e+01 2.500000e+01 4.000000e+00
      vertex   7.695147e+01 2.256066e+01 3.560660e+00
    endloop
  endfacet
  facet normal 7.808688e-01 6.246951e-01 -2.359085e-14
    outer loop
      vertex   7.695147e+01 2.256066e+01 3.560660e+00
      vertex   7.500000e+01 2.500000e+01 4.000000e+00
      vertex   7.713332e+01 2.233336e+01 3.747204e+00
    endloop
  endfacet
  facet normal 7.808688e-01 6.246951e-01 1.135482e-14
    outer loop
      vertex   7.713332e+01 2.233336e+01 3.747204e+00
      vertex   7.500000e+01 2.500000e+01 4.000000e+00
      vertex   7.734078e+01 2.207403e+01 3.885819e+00
    endloop
  endfacet
  facet normal 7.808688e-01 6.246951e-01 -3.290773e-14
    outer loop
      vertex   7.734078e+01 2.207403e+01 3.885819e+00
      vertex   7.500000e+01 2.500000e+01 4.000000e+00
      vertex   7.756589e+01 2.179264e+01 3.971178e+00
    endloop
  endfacet
  facet normal 7.808688e-01 6.246951e-01 6.187687e-14
    outer loop
      vertex   7.756589e+01 2.179264e+01 3.971178e+00
      vertex   7.500000e+01 2.500000e+01 4.000000e+00
      vertex   7.780000e+01 2.150000e+01 4.000000e+00
    endloop
  endfacet
  facet normal 7.808688e-01 6.246951e-01 6.200892e-14
    outer loop
      vertex   7.780000e+01 2.150000e+01 1.000000e+00
      vertex   7.803411e+01 2.120736e+01 1.028822e+00
      vertex   8.300000e+01 1.500000e+01 1.000000e+00
    endloop
  endfacet
  facet normal 7.808688e-01 6.246951e-01 -3.609811e-14
    outer loop
      vertex   8.300000e+01 1.500000e+01 1.000000e+00
      vertex   7.803411e+01 2.120736e+01 1.028822e+00
      vertex   7.825922e+01 2.092598e+01 1.114181e+00
    endloop
  endfacet
  facet normal 7.808688e-01 6.246951e-01 1.303914e-14
    outer loop
      vertex   8.300000e+01 1.500000e+01 1.000000e+00
      vertex   7.825922e+01 2.092598e+01 1.114181e+00
      vertex   7.846669e+01 2.066664e+01 1.252796e+00
    endloop
  endfacet
  facet normal 7.808688e-01 6.246951e-01 3.142486e-14
    outer loop
      vertex   7.846669e+01 2.066664e+01 1.252796e+00
      vertex   7.864853e+01 2.043934e+01 1.439340e+00
      vertex   8.300000e+01 1.500000e+01 1.000000e+00
    endloop
  endfacet
  facet normal 7.808688e-01 6.246951e-01 -4.839909e-14
    outer loop
      vertex   8.300000e+01 1.500000e+01 1.000000e+00
      vertex   7.864853e+01 2.043934e+01 1.439340e+00
      vertex   7.879776e+01 2.025280e+01 1.666645e+00
    endloop
  endfacet
  facet normal 7.808688e-01 6.246951e-01 3.242194e-14
    outer loop
      vertex   8.300000e+01 1.500000e+01 1.000000e+00
      vertex   7.879776e+01 2.025280e+01 1.666645e+00
      vertex   7.890866e+01 2.011418e+01 1.925975e+00
    endloop
  endfacet
  facet normal 7.808688e-01 6.246951e-01 -3.312157e-15
    outer loop
      vertex   7.890866e+01 2.011418e+01 1.925975e+00
      vertex   7.897694e+01 2.002882e+01 2.207365e+00
      vertex   8.300000e+01 1.500000e+01 1.000000e+00
    endloop
  endfacet
  facet normal 7.808688e-01 6.246951e-01 -9.207992e-15
    outer loop
      vertex   8.300000e+01 1.500000e+01 1.000000e+00
      vertex   7.897694e+01 2.002882e+01 2.207365e+00
      vertex   7.900000e+01 2.000000e+01 2.500000e+00
    endloop
  endfacet
  facet normal 7.808688e-01 6.246951e-01 -0.000000e+00
    outer loop
      vertex   8.300000e+01 1.500000e+01 1.000000e+00
      vertex   7.900000e+01 2.000000e+01 2.500000e+00
      vertex   8.300000e+01 1.500000e+01 4.000000e+00
    endloop
  endfacet
  facet normal 7.808688e-01 6.246951e-01 9.207992e-15
    outer loop
      vertex   8.300000e+01 1.500000e+01 4.000000e+00
      vertex   7.900000e+01 2.000000e+01 2.500000e+00
      vertex   7.897694e+01 2.002882e+01 2.792636e+00
    endloop
  endfacet
  facet normal 7.808688e-01 6.246951e-01 3.654794e-15
    outer loop
      vertex   8.300000e+01 1.500000e+01 4.000000e+00
      vertex   7.897694e+01 2.002882e+01 2.792636e+00
      vertex   7.890866e+01 2.011418e+01 3.074025e+00
    endloop
  endfacet
  facet normal 7.808688e-01 6.246951e-01 -3.128956e-14
    outer loop
      vertex   7.890866e+01 2.011418e+01 3.074025e+00
      vertex   7.879776e+01 2.025280e+01 3.333355e+00
      vertex   8.300000e+01 1.500000e+01 4.000000e+00
    endloop
  endfacet
  facet normal 7.808688e-01 6.246951e-01 2.946032e-14
    outer loop
      vertex   8.300000e+01 1.500000e+01 4.000000e+00
      vertex   7.879776e+01 2.025280e+01 3.333355e+00
      vertex   7.864853e+01 2.043934e+01 3.560660e+00
    endloop
  endfacet
  facet normal 7.808688e-01 6.246951e-01 -9.956392e-15
    outer loop
      vertex   8.300000e+01 1.500000e+01 4.000000e+00
      vertex   7.864853e+01 2.043934e+01 3.560660e+00
      vertex   7.846669e+01 2.066664e+01 3.747204e+00
    endloop
  endfacet
  facet normal 7.808688e-01 6.246951e-01 -1.222419e-14
    outer loop
      vertex   7.846669e+01 2.066664e+01 3.747204e+00
      vertex   7.825922e+01 2.092598e+01 3.885819e+00
      vertex   8.300000e+01 1.500000e+01 4.000000e+00
    endloop
  endfacet
  facet normal 7.808688e-01 6.246951e-01 3.609811e-14
    outer loop
      vertex   8.300000e+01 1.500000e+01 4.000000e+00
      vertex   7.825922e+01 2.092598e+01 3.885819e+00
      vertex   7.803411e+01 2.120736e+01 3.971178e+00
    endloop
  endfacet
  facet normal 7.808688e-01 6.246951e-01 -5.923256e-14
    outer loop
      vertex   8.300000e+01 1.500000e+01 4.000000e+00
      vertex   7.803411e+01 2.120736e+01 3.971178e+00
      vertex   7.780000e+01 2.150000e+01 4.000000e+00
    endloop
  endfacet
  facet normal -7.808688e-01 6.246950e-01 -1.684422e-13
    outer loop
      vertex   7.220000e+01 2.150000e+01 1.000000e+00
      vertex   7.243411e+01 2.179264e+01 1.028822e+00
      vertex   7.500000e+01 2.500000e+01 1.000000e+00
    endloop
  endfacet
  facet normal -7.808688e-01 6.246950e-01 6.150977e-14
    outer loop
      vertex   7.500000e+01 2.500000e+01 1.000000e+00
      vertex   7.243411e+01 2.179264e+01 1.028822e+00
      vertex   7.265922e+01 2.207403e+01 1.114181e+00
    endloop
  endfacet
  facet normal -7.808688e-01 6.246950e-01 -3.187317e-15
    outer loop
      vertex   7.500000e+01 2.500000e+01 1.000000e+00
      vertex   7.265922e+01 2.207403e+01 1.114181e+00
      vertex   7.286669e+01 2.233336e+01 1.252796e+00
    endloop
  endfacet
  facet normal -7.808688e-01 6.246950e-01 -1.288904e-14
    outer loop
      vertex   7.286669e+01 2.233336e+01 1.252796e+00
      vertex   7.304853e+01 2.256066e+01 1.439340e+00
      vertex   7.500000e+01 2.500000e+01 1.000000e+00
    endloop
  endfacet
  facet normal -7.808688e-01 6.246950e-01 3.051305e-14
    outer loop
      vertex   7.500000e+01 2.500000e+01 1.000000e+00
      vertex   7.304853e+01 2.256066e+01 1.439340e+00
      vertex   7.319776e+01 2.274720e+01 1.666645e+00
    endloop
  endfacet
  facet normal -7.808688e-01 6.246950e-01 -2.152532e-14
    outer loop
      vertex   7.500000e+01 2.500000e+01 1.000000e+00
      vertex   7.319776e+01 2.274720e+01 1.666645e+00
      vertex   7.330866e+01 2.288582e+01 1.925975e+00
    endloop
  endfacet
  facet normal -7.808688e-01 6.246950e-01 3.601800e-15
    outer loop
      vertex   7.330866e+01 2.288582e+01 1.925975e+00
      vertex   7.337694e+01 2.297118e+01 2.207365e+00
      vertex   7.500000e+01 2.500000e+01 1.000000e+00
    endloop
  endfacet
  facet normal -7.808688e-01 6.246950e-01 -1.655242e-15
    outer loop
      vertex   7.500000e+01 2.500000e+01 1.000000e+00
      vertex   7.337694e+01 2.297118e+01 2.207365e+00
      vertex   7.340000e+01 2.300000e+01 2.500000e+00
    endloop
  endfacet
  facet normal -7.808688e-01 6.246950e-01 0.000000e+00
    outer loop
      vertex   7.500000e+01 2.500000e+01 1.000000e+00
      vertex   7.340000e+01 2.300000e+01 2.500000e+00
      vertex   7.500000e+01 2.500000e+01 4.000000e+00
    endloop
  endfacet
  facet normal -7.808688e-01 6.246950e-01 1.655242e-15
    outer loop
      vertex   7.500000e+01 2.500000e+01 4.000000e+00
      vertex   7.340000e+01 2.300000e+01 2.500000e+00
      vertex   7.337694e+01 2.297118e+01 2.792636e+00
    endloop
  endfacet
  facet normal -7.808688e-01 6.246950e-01 -3.601800e-15
    outer loop
      vertex   7.500000e+01 2.500000e+01 4.000000e+00
      vertex   7.337694e+01 2.297118e+01 2.792636e+00
      vertex   7.330866e+01 2.288582e+01 3.074025e+00
    endloop
  endfacet
  facet normal -7.808688e-01 6.246950e-01 2.123704e-14
    outer loop
      vertex   7.330866e+01 2.288582e+01 3.074025e+00
      vertex   7.319776e+01 2.274720e+01 3.333355e+00
      vertex   7.500000e+01 2.500000e+01 4.000000e+00
    endloop
  endfacet
  facet normal -7.808688e-01 6.246950e-01 -3.051305e-14
    outer loop
      vertex   7.500000e+01 2.500000e+01 4.000000e+00
      vertex   7.319776e+01 2.274720e+01 3.333355e+00
      vertex   7.304853e+01 2.256066e+01 3.560660e+00
    endloop
  endfacet
  facet normal -7.808688e-01 6.246950e-01 1.249846e-14
    outer loop
      vertex   7.500000e+01 2.500000e+01 4.000000e+00
      vertex   7.304853e+01 2.256066e+01 3.560660e+00
      vertex   7.286669e+01 2.233336e+01 3.747204e+00
    endloop
  endfacet
  facet normal -7.808688e-01 6.246950e-01 2.191280e-15
    outer loop
      vertex   7.286669e+01 2.233336e+01 3.747204e+00
      vertex   7.265922e+01 2.207403e+01 3.885819e+00
      vertex   7.500000e+01 2.500000e+01 4.000000e+00
    endloop
  endfacet
  facet normal -7.808688e-01 6.246950e-01 -6.150977e-14
    outer loop
      vertex   7.500000e+01 2.500000e+01 4.000000e+00
      vertex   7.265922e+01 2.207403e+01 3.885819e+00
      vertex   7.243411e+01 2.179264e+01 3.971178e+00
    endloop
  endfacet
  facet normal -7.808688e-01 6.246950e-01 1.650050e-13
    outer loop
      vertex   7.500000e+01 2.500000e+01 4.000000e+00
      vertex   7.243411e+01 2.179264e+01 3.971178e+00
      vertex   7.220000e+01 2.150000e+01 4.000000e+00
    endloop
  endfacet
  facet normal 0.000000e+00 0.000000e+00 -1.000000e+00
    outer loop
      vertex   6.908063e+01 1.600000e+01 0.000000e+00
      vertex   7.500000e+01 2.339922e+01 0.000000e+00
      vertex   7.408063e+01 1.600000e+01 0.000000e+00
    endloop
  endfacet
  facet normal 0.000000e+00 0.000000e+00 -1.000000e+00
    outer loop
      vertex   7.408063e+01 1.600000e+01 0.000000e+00
      vertex   7.500000e+01 2.339922e+01 0.000000e+00
      vertex   7.591938e+01 1.600000e+01 0.000000e+00
    endloop
  endfacet
  facet normal 0.000000e+00 -0.000000e+00 -1.000000e+00
    outer loop
      vertex   7.408063e+01 1.600000e+01 0.000000e+00
      vertex   7.591938e+01 1.600000e+01 0.000000e+00
      vertex   7.108063e+01 6.000000e+00 0.000000e+00
    endloop
  endfacet
  facet normal 0.000000e+00 0.000000e+00 -1.000000e+00
    outer loop
      vertex   7.108063e+01 6.000000e+00 0.000000e+00
      vertex   7.591938e+01 1.600000e+01 0.000000e+00
      vertex   7.891938e+01 6.000000e+00 0.000000e+00
    endloop
  endfacet
  facet normal 0.000000e+00 -0.000000e+00 -1.000000e+00
    outer loop
      vertex   7.108063e+01 6.000000e+00 0.000000e+00
      vertex   7.891938e+01 6.000000e+00 0.000000e+00
      vertex   6.808063e+01 -4.000000e+00 0.000000e+00
    endloop
  endfacet
  facet normal 0.000000e+00 0.000000e+00 -1.000000e+00
    outer loop
      vertex   6.808063e+01 -4.000000e+00 0.000000e+00
      vertex   7.891938e+01 6.000000e+00 0.000000e+00
      vertex   8.191938e+01 -4.000000e+00 0.000000e+00
    endloop
  endfacet
  facet normal 0.000000e+00 0.000000e+00 -1.000000e+00
    outer loop
      vertex   6.808063e+01 -4.000000e+00 0.000000e+00
      vertex   8.191938e+01 -4.000000e+00 0.000000e+00
      vertex   7.200000e+01 -1.400000e+01 0.000000e+00
    endloop
  endfacet
  facet normal 0.000000e+00 0.000000e+00 -1.000000e+00
    outer loop
      vertex   7.200000e+01 -1.400000e+01 0.000000e+00
      vertex   8.191938e+01 -4.000000e+00 0.000000e+00
      vertex   7.800000e+01 -1.400000e+01 0.000000e+00
    endloop
  endfacet
  facet normal 0.000000e+00 0.000000e+00 -1.000000e+00
    outer loop
      vertex   7.200000e+01 -1.400000e+01 0.000000e+00
      vertex   7.800000e+01 -1.400000e+01 0.000000e+00
      vertex   7.200000e+01 -2.400000e+01 0.000000e+00
    endloop
  endfacet
  facet normal 0.000000e+00 0.000000e+00 -1.000000e+00
    outer loop
      vertex   7.200000e+01 -2.400000e+01 0.000000e+00
      vertex   7.800000e+01 -1.400000e+01 0.000000e+00
      vertex   7.800000e+01 -2.400000e+01 0.000000e+00
    endloop
  endfacet
  facet normal 0.000000e+00 0.000000e+00 -1.000000e+00
    outer loop
      vertex   7.500000e+01 2.339922e+01 0.000000e+00
      vertex   8.091938e+01 1.600000e+01 0.000000e+00
      vertex   7.591938e+01 1.600000e+01 0.000000e+00
    endloop
  endfacet
  facet normal 0.000000e+00 0.000000e+00 -1.000000e+00
    outer loop
      vertex   7.591938e+01 1.600000e+01 0.000000e+00
      vertex   8.391938e+01 6.000000e+00 0.000000e+00
      vertex   7.891938e+01 6.000000e+00 0.000000e+00
    endloop
  endfacet
  facet normal 0.000000e+00 0.000000e+00 -1.000000e+00
    outer loop
      vertex   7.891938e+01 6.000000e+00 0.000000e+00
      vertex   8.691938e+01 -4.000000e+00 0.000000e+00
      vertex   8.191938e+01 -4.000000e+00 0.000000e+00
    endloop
  endfacet
  facet normal 0.000000e+00 -0.000000e+00 -1.000000e+00
    outer loop
      vertex   8.191938e+01 -4.000000e+00 0.000000e+00
      vertex   8.991938e+01 -1.400000e+01 0.000000e+00
      vertex   7.800000e+01 -1.400000e+01 0.000000e+00
    endloop
  endfacet
  facet normal 0.000000e+00 0.000000e+00 -1.000000e+00
    outer loop
      vertex   7.200000e+01 -1.400000e+01 0.000000e+00
      vertex   6.008063e+01 -1.400000e+01 0.000000e+00
      vertex   6.808063e+01 -4.000000e+00 0.000000e+00
    endloop
  endfacet
  facet normal -0.000000e+00 0.000000e+00 -1.000000e+00
    outer loop
      vertex   6.808063e+01 -4.000000e+00 0.000000e+00
      vertex   6.308063e+01 -4.000000e+00 0.000000e+00
      vertex   7.108063e+01 6.000000e+00 0.000000e+00
    endloop
  endfacet
  facet normal 0.000000e+00 0.000000e+00 -1.000000e+00
    outer loop
      vertex   7.108063e+01 6.000000e+00 0.000000e+00
      vertex   6.608063e+01 6.000000e+00 0.000000e+00
      vertex   7.408063e+01 1.600000e+01 0.000000e+00
    endloop
  endfacet
  facet normal -7.653853e-02 6.123082e-02 9.951847e-01
    outer loop
      vertex   6.308063e+01 -4.000000e+00 5.000000e+00
      vertex   7.108063e+01 6.000000e+00 5.000000e+00
      vertex   6.267472e+01 -4.195090e+00 4.980785e+00
    endloop
  endfacet
  facet normal -1.338644e-01 1.085154e-01 9.850405e-01
    outer loop
      vertex   6.267472e+01 -4.195090e+00 4.980785e+00
      vertex   7.108063e+01 6.000000e+00 5.000000e+00
      vertex   6.467868e+01 -1.588114e+00 4.965926e+00
    endloop
  endfacet
  facet normal -2.255925e-01 1.788703e-01 9.576604e-01
    outer loop
      vertex   6.267472e+01 -4.195090e+00 4.980785e+00
      vertex   6.467868e+01 -1.588114e+00 4.965926e+00
      vertex   6.228441e+01 -4.382684e+00 4.923880e+00
    endloop
  endfacet
  facet normal -2.973716e-01 2.408762e-01 9.238770e-01
    outer loop
      vertex   6.228441e+01 -4.382684e+00 4.923880e+00
      vertex   6.467868e+01 -1.588114e+00 4.965926e+00
      vertex   6.449035e+01 -1.437449e+00 4.866025e+00
    endloop
  endfacet
  facet normal -3.674000e-01 2.925210e-01 8.828639e-01
    outer loop
      vertex   6.228441e+01 -4.382684e+00 4.923880e+00
      vertex   6.449035e+01 -1.437449e+00 4.866025e+00
      vertex   6.192469e+01 -4.555570e+00 4.831470e+00
    endloop
  endfacet
  facet normal -4.743698e-01 3.815302e-01 7.933523e-01
    outer loop
      vertex   6.192469e+01 -4.555570e+00 4.831470e+00
      vertex   6.449035e+01 -1.437449e+00 4.866025e+00
      vertex   6.432863e+01 -1.308071e+00 4.707107e+00
    endloop
  endfacet
  facet normal -4.953779e-01 3.963023e-01 7.730105e-01
    outer loop
      vertex   6.192469e+01 -4.555570e+00 4.831470e+00
      vertex   6.432863e+01 -1.308071e+00 4.707107e+00
      vertex   6.160940e+01 -4.707107e+00 4.707107e+00
    endloop
  endfacet
  facet normal -6.036198e-01 4.828958e-01 6.343933e-01
    outer loop
      vertex   6.160940e+01 -4.707107e+00 4.707107e+00
      vertex   6.432863e+01 -1.308071e+00 4.707107e+00
      vertex   6.135065e+01 -4.831470e+00 4.555570e+00
    endloop
  endfacet
  facet normal -6.186354e-01 4.966895e-01 6.087608e-01
    outer loop
      vertex   6.135065e+01 -4.831470e+00 4.555570e+00
      vertex   6.432863e+01 -1.308071e+00 4.707107e+00
      vertex   6.420454e+01 -1.208795e+00 4.500000e+00
    endloop
  endfacet
  facet normal -6.698181e-01 5.355616e-01 5.143125e-01
    outer loop
      vertex   6.135065e+01 -4.831470e+00 4.555570e+00
      vertex   6.420454e+01 -1.208795e+00 4.500000e+00
      vertex   6.124568e+01 -4.881921e+00 4.471397e+00
    endloop
  endfacet
  facet normal -7.057473e-01 5.651825e-01 4.271879e-01
    outer loop
      vertex   6.124568e+01 -4.881921e+00 4.471397e+00
      vertex   6.420454e+01 -1.208795e+00 4.500000e+00
      vertex   6.115838e+01 -4.923880e+00 4.382683e+00
    endloop
  endfacet
  facet normal -7.203151e-01 5.785327e-01 3.826828e-01
    outer loop
      vertex   6.115838e+01 -4.923880e+00 4.382683e+00
      vertex   6.420454e+01 -1.208795e+00 4.500000e+00
      vertex   6.412653e+01 -1.146388e+00 4.258819e+00
    endloop
  endfacet
  facet normal -7.350298e-01 5.885837e-01 3.366013e-01
    outer loop
      vertex   6.115838e+01 -4.923880e+00 4.382683e+00
      vertex   6.412653e+01 -1.146388e+00 4.258819e+00
      vertex   6.108959e+01 -4.956940e+00 4.290285e+00
    endloop
  endfacet
  facet normal -7.575829e-01 6.057859e-01 2.430876e-01
    outer loop
      vertex   6.108959e+01 -4.956940e+00 4.290285e+00
      vertex   6.412653e+01 -1.146388e+00 4.258819e+00
      vertex   6.103998e+01 -4.980785e+00 4.195090e+00
    endloop
  endfacet
  facet normal -7.717733e-01 6.188156e-01 1.464010e-01
    outer loop
      vertex   6.103998e+01 -4.980785e+00 4.195090e+00
      vertex   6.412653e+01 -1.146388e+00 4.258819e+00
      vertex   6.101002e+01 -4.995185e+00 4.098017e+00
    endloop
  endfacet
  facet normal -7.772377e-01 6.273253e-01 4.862648e-02
    outer loop
      vertex   6.101002e+01 -4.995185e+00 4.098017e+00
      vertex   6.412653e+01 -1.146388e+00 4.258819e+00
      vertex   6.100000e+01 -5.000000e+00 4.000000e+00
    endloop
  endfacet
  facet normal -7.731525e-01 6.175848e-01 1.443061e-01
    outer loop
      vertex   6.100000e+01 -5.000000e+00 4.000000e+00
      vertex   6.412653e+01 -1.146388e+00 4.258819e+00
      vertex   6.901002e+01 5.004815e+00 4.098017e+00
    endloop
  endfacet
  facet normal -7.799282e-01 6.239426e-01 4.906767e-02
    outer loop
      vertex   6.100000e+01 -5.000000e+00 4.000000e+00
      vertex   6.901002e+01 5.004815e+00 4.098017e+00
      vertex   6.900000e+01 5.000000e+00 4.000000e+00
    endloop
  endfacet
  facet normal -1.019238e-01 8.153907e-02 9.914449e-01
    outer loop
      vertex   6.467868e+01 -1.588114e+00 4.965926e+00
      vertex   7.108063e+01 6.000000e+00 5.000000e+00
      vertex   6.777860e+01 2.286785e+00 4.965926e+00
    endloop
  endfacet
  facet normal -7.463639e-02 5.723555e-02 9.955669e-01
    outer loop
      vertex   6.777860e+01 2.286785e+00 4.965926e+00
      vertex   7.108063e+01 6.000000e+00 5.000000e+00
      vertex   7.067472e+01 5.804910e+00 4.980785e+00
    endloop
  endfacet
  facet normal -2.275082e-01 1.832448e-01 9.563793e-01
    outer loop
      vertex   6.777860e+01 2.286785e+00 4.965926e+00
      vertex   7.067472e+01 5.804910e+00 4.980785e+00
      vertex   7.028441e+01 5.617317e+00 4.923880e+00
    endloop
  endfacet
  facet normal -3.001078e-01 2.374564e-01 9.238776e-01
    outer loop
      vertex   6.777860e+01 2.286785e+00 4.965926e+00
      vertex   7.028441e+01 5.617317e+00 4.923880e+00
      vertex   6.759027e+01 2.437449e+00 4.866025e+00
    endloop
  endfacet
  facet normal -3.687946e-01 2.964316e-01 8.809761e-01
    outer loop
      vertex   6.759027e+01 2.437449e+00 4.866025e+00
      vertex   7.028441e+01 5.617317e+00 4.923880e+00
      vertex   6.992469e+01 5.444430e+00 4.831470e+00
    endloop
  endfacet
  facet normal -4.764148e-01 3.789739e-01 7.933522e-01
    outer loop
      vertex   6.759027e+01 2.437449e+00 4.866025e+00
      vertex   6.992469e+01 5.444430e+00 4.831470e+00
      vertex   6.742855e+01 2.566828e+00 4.707107e+00
    endloop
  endfacet
  facet normal -4.953779e-01 3.963023e-01 7.730105e-01
    outer loop
      vertex   6.742855e+01 2.566828e+00 4.707107e+00
      vertex   6.992469e+01 5.444430e+00 4.831470e+00
      vertex   6.960940e+01 5.292893e+00 4.707107e+00
    endloop
  endfacet
  facet normal -6.036198e-01 4.828958e-01 6.343933e-01
    outer loop
      vertex   6.742855e+01 2.566828e+00 4.707107e+00
      vertex   6.960940e+01 5.292893e+00 4.707107e+00
      vertex   6.935065e+01 5.168530e+00 4.555570e+00
    endloop
  endfacet
  facet normal -6.207433e-01 4.940534e-01 6.087602e-01
    outer loop
      vertex   6.742855e+01 2.566828e+00 4.707107e+00
      vertex   6.935065e+01 5.168530e+00 4.555570e+00
      vertex   6.730445e+01 2.666103e+00 4.500000e+00
    endloop
  endfacet
  facet normal -6.697073e-01 5.361994e-01 5.137920e-01
    outer loop
      vertex   6.730445e+01 2.666103e+00 4.500000e+00
      vertex   6.935065e+01 5.168530e+00 4.555570e+00
      vertex   6.924568e+01 5.118079e+00 4.471397e+00
    endloop
  endfacet
  facet normal -7.061189e-01 5.640268e-01 4.281002e-01
    outer loop
      vertex   6.730445e+01 2.666103e+00 4.500000e+00
      vertex   6.924568e+01 5.118079e+00 4.471397e+00
      vertex   6.915838e+01 5.076121e+00 4.382683e+00
    endloop
  endfacet
  facet normal -7.231838e-01 5.749432e-01 3.826819e-01
    outer loop
      vertex   6.730445e+01 2.666103e+00 4.500000e+00
      vertex   6.915838e+01 5.076121e+00 4.382683e+00
      vertex   6.722645e+01 2.728511e+00 4.258819e+00
    endloop
  endfacet
  facet normal -7.355417e-01 5.875038e-01 3.373688e-01
    outer loop
      vertex   6.722645e+01 2.728511e+00 4.258819e+00
      vertex   6.915838e+01 5.076121e+00 4.382683e+00
      vertex   6.908959e+01 5.043060e+00 4.290285e+00
    endloop
  endfacet
  facet normal -7.572755e-01 6.062844e-01 2.428025e-01
    outer loop
      vertex   6.722645e+01 2.728511e+00 4.258819e+00
      vertex   6.908959e+01 5.043060e+00 4.290285e+00
      vertex   6.903998e+01 5.019215e+00 4.195090e+00
    endloop
  endfacet
  facet normal -7.734878e-01 6.164621e-01 1.472792e-01
    outer loop
      vertex   6.903998e+01 5.019215e+00 4.195090e+00
      vertex   6.901002e+01 5.004815e+00 4.098017e+00
      vertex   6.722645e+01 2.728511e+00 4.258819e+00
    endloop
  endfacet
  facet normal -7.682547e-01 6.146037e-01 1.790169e-01
    outer loop
      vertex   6.722645e+01 2.728511e+00 4.258819e+00
      vertex   6.901002e+01 5.004815e+00 4.098017e+00
      vertex   6.412653e+01 -1.146388e+00 4.258819e+00
    endloop
  endfacet
  facet normal -7.214287e-01 5.771430e-01 3.826834e-01
    outer loop
      vertex   6.722645e+01 2.728511e+00 4.258819e+00
      vertex   6.412653e+01 -1.146388e+00 4.258819e+00
      vertex   6.730445e+01 2.666103e+00 4.500000e+00
    endloop
  endfacet
  facet normal -7.214287e-01 5.771430e-01 3.826834e-01
    outer loop
      vertex   6.730445e+01 2.666103e+00 4.500000e+00
      vertex   6.412653e+01 -1.146388e+00 4.258819e+00
      vertex   6.420454e+01 -1.208795e+00 4.500000e+00
    endloop
  endfacet
  facet normal -6.195049e-01 4.956039e-01 6.087614e-01
    outer loop
      vertex   6.730445e+01 2.666103e+00 4.500000e+00
      vertex   6.420454e+01 -1.208795e+00 4.500000e+00
      vertex   6.742855e+01 2.566828e+00 4.707107e+00
    endloop
  endfacet
  facet normal -6.195049e-01 4.956039e-01 6.087614e-01
    outer loop
      vertex   6.742855e+01 2.566828e+00 4.707107e+00
      vertex   6.420454e+01 -1.208795e+00 4.500000e+00
      vertex   6.432863e+01 -1.308071e+00 4.707107e+00
    endloop
  endfacet
  facet normal -4.753628e-01 3.802902e-01 7.933533e-01
    outer loop
      vertex   6.742855e+01 2.566828e+00 4.707107e+00
      vertex   6.432863e+01 -1.308071e+00 4.707107e+00
      vertex   6.759027e+01 2.437449e+00 4.866025e+00
    endloop
  endfacet
  facet normal -4.753628e-01 3.802902e-01 7.933533e-01
    outer loop
      vertex   6.759027e+01 2.437449e+00 4.866025e+00
      vertex   6.432863e+01 -1.308071e+00 4.707107e+00
      vertex   6.449035e+01 -1.437449e+00 4.866025e+00
    endloop
  endfacet
  facet normal -2.988256e-01 2.390604e-01 9.238795e-01
    outer loop
      vertex   6.759027e+01 2.437449e+00 4.866025e+00
      vertex   6.449035e+01 -1.437449e+00 4.866025e+00
      vertex   6.777860e+01 2.286785e+00 4.965926e+00
    endloop
  endfacet
  facet normal -2.988256e-01 2.390604e-01 9.238795e-01
    outer loop
      vertex   6.777860e+01 2.286785e+00 4.965926e+00
      vertex   6.449035e+01 -1.437449e+00 4.866025e+00
      vertex   6.467868e+01 -1.588114e+00 4.965926e+00
    endloop
  endfacet
  facet normal -1.741134e-17 -9.801714e-02 9.951847e-01
    outer loop
      vertex   7.108063e+01 6.000000e+00 5.000000e+00
      vertex   6.608063e+01 6.000000e+00 5.000000e+00
      vertex   7.067472e+01 5.804910e+00 4.980785e+00
    endloop
  endfacet
  facet normal -1.833254e-03 -1.406821e-01 9.900531e-01
    outer loop
      vertex   7.067472e+01 5.804910e+00 4.980785e+00
      vertex   6.608063e+01 6.000000e+00 5.000000e+00
      vertex   6.754031e+01 5.741181e+00 4.965926e+00
    endloop
  endfacet
  facet normal 1.424528e-03 -2.929974e-01 9.561122e-01
    outer loop
      vertex   7.067472e+01 5.804910e+00 4.980785e+00
      vertex   6.754031e+01 5.741181e+00 4.965926e+00
      vertex   7.028441e+01 5.617317e+00 4.923880e+00
    endloop
  endfacet
  facet normal -3.117642e-03 -3.826816e-01 9.238750e-01
    outer loop
      vertex   7.028441e+01 5.617317e+00 4.923880e+00
      vertex   6.754031e+01 5.741181e+00 4.965926e+00
      vertex   6.754031e+01 5.500000e+00 4.866025e+00
    endloop
  endfacet
  facet normal 1.709064e-03 -4.741595e-01 8.804373e-01
    outer loop
      vertex   7.028441e+01 5.617317e+00 4.923880e+00
      vertex   6.754031e+01 5.500000e+00 4.866025e+00
      vertex   6.992469e+01 5.444430e+00 4.831470e+00
    endloop
  endfacet
  facet normal -2.690025e-03 -6.087592e-01 7.933505e-01
    outer loop
      vertex   6.992469e+01 5.444430e+00 4.831470e+00
      vertex   6.754031e+01 5.500000e+00 4.866025e+00
      vertex   6.754031e+01 5.292893e+00 4.707107e+00
    endloop
  endfacet
  facet normal 8.810212e-16 -6.343933e-01 7.730105e-01
    outer loop
      vertex   6.992469e+01 5.444430e+00 4.831470e+00
      vertex   6.754031e+01 5.292893e+00 4.707107e+00
      vertex   6.960940e+01 5.292893e+00 4.707107e+00
    endloop
  endfacet
  facet normal 9.359662e-16 -7.730105e-01 6.343933e-01
    outer loop
      vertex   6.960940e+01 5.292893e+00 4.707107e+00
      vertex   6.754031e+01 5.292893e+00 4.707107e+00
      vertex   6.935065e+01 5.168530e+00 4.555570e+00
    endloop
  endfacet
  facet normal -3.543000e-03 -7.933484e-01 6.087576e-01
    outer loop
      vertex   6.935065e+01 5.168530e+00 4.555570e+00
      vertex   6.754031e+01 5.292893e+00 4.707107e+00
      vertex   6.754031e+01 5.133975e+00 4.500000e+00
    endloop
  endfacet
  facet normal 6.152106e-04 -8.580666e-01 5.135381e-01
    outer loop
      vertex   6.935065e+01 5.168530e+00 4.555570e+00
      vertex   6.754031e+01 5.133975e+00 4.500000e+00
      vertex   6.924568e+01 5.118079e+00 4.471397e+00
    endloop
  endfacet
  facet normal -1.233970e-03 -9.035187e-01 4.285468e-01
    outer loop
      vertex   6.924568e+01 5.118079e+00 4.471397e+00
      vertex   6.754031e+01 5.133975e+00 4.500000e+00
      vertex   6.915838e+01 5.076121e+00 4.382683e+00
    endloop
  endfacet
  facet normal -5.287189e-03 -9.238666e-01 3.826781e-01
    outer loop
      vertex   6.915838e+01 5.076121e+00 4.382683e+00
      vertex   6.754031e+01 5.133975e+00 4.500000e+00
      vertex   6.754031e+01 5.034074e+00 4.258819e+00
    endloop
  endfacet
  facet normal -1.402140e-03 -9.412116e-01 3.378147e-01
    outer loop
      vertex   6.915838e+01 5.076121e+00 4.382683e+00
      vertex   6.754031e+01 5.034074e+00 4.258819e+00
      vertex   6.908959e+01 5.043060e+00 4.290285e+00
    endloop
  endfacet
  facet normal 6.985389e-04 -9.701168e-01 2.426375e-01
    outer loop
      vertex   6.908959e+01 5.043060e+00 4.290285e+00
      vertex   6.754031e+01 5.034074e+00 4.258819e+00
      vertex   6.903998e+01 5.019215e+00 4.195090e+00
    endloop
  endfacet
  facet normal -3.519164e-03 -9.890122e-01 1.477922e-01
    outer loop
      vertex   6.903998e+01 5.019215e+00 4.195090e+00
      vertex   6.754031e+01 5.034074e+00 4.258819e+00
      vertex   6.901002e+01 5.004815e+00 4.098017e+00
    endloop
  endfacet
  facet normal 6.990646e-16 -9.838460e-01 1.790169e-01
    outer loop
      vertex   6.901002e+01 5.004815e+00 4.098017e+00
      vertex   6.754031e+01 5.034074e+00 4.258819e+00
      vertex   6.401002e+01 5.004815e+00 4.098017e+00
    endloop
  endfacet
  facet normal 7.096868e-16 -9.987955e-01 4.906767e-02
    outer loop
      vertex   6.901002e+01 5.004815e+00 4.098017e+00
      vertex   6.401002e+01 5.004815e+00 4.098017e+00
      vertex   6.900000e+01 5.000000e+00 4.000000e+00
    endloop
  endfacet
  facet normal 0.000000e+00 -9.987955e-01 4.906767e-02
    outer loop
      vertex   6.900000e+01 5.000000e+00 4.000000e+00
      vertex   6.401002e+01 5.004815e+00 4.098017e+00
      vertex   6.400000e+01 5.000000e+00 4.000000e+00
    endloop
  endfacet
  facet normal 4.270630e-03 -1.068126e-01 9.942700e-01
    outer loop
      vertex   6.608063e+01 6.000000e+00 5.000000e+00
      vertex   6.567472e+01 5.804910e+00 4.980785e+00
      vertex   6.754031e+01 5.741181e+00 4.965926e+00
    endloop
  endfacet
  facet normal -2.144616e-03 -2.861952e-01 9.581689e-01
    outer loop
      vertex   6.754031e+01 5.741181e+00 4.965926e+00
      vertex   6.567472e+01 5.804910e+00 4.980785e+00
      vertex   6.528441e+01 5.617317e+00 4.923880e+00
    endloop
  endfacet
  facet normal 3.792298e-03 -3.826807e-01 9.238729e-01
    outer loop
      vertex   6.754031e+01 5.741181e+00 4.965926e+00
      vertex   6.528441e+01 5.617317e+00 4.923880e+00
      vertex   6.754031e+01 5.500000e+00 4.866025e+00
    endloop
  endfacet
  facet normal -1.714813e-03 -4.686187e-01 8.833989e-01
    outer loop
      vertex   6.754031e+01 5.500000e+00 4.866025e+00
      vertex   6.528441e+01 5.617317e+00 4.923880e+00
      vertex   6.492469e+01 5.444430e+00 4.831470e+00
    endloop
  endfacet
  facet normal 2.452207e-03 -6.087596e-01 7.933510e-01
    outer loop
      vertex   6.754031e+01 5.500000e+00 4.866025e+00
      vertex   6.492469e+01 5.444430e+00 4.831470e+00
      vertex   6.754031e+01 5.292893e+00 4.707107e+00
    endloop
  endfacet
  facet normal -2.342518e-16 -6.343933e-01 7.730105e-01
    outer loop
      vertex   6.754031e+01 5.292893e+00 4.707107e+00
      vertex   6.492469e+01 5.444430e+00 4.831470e+00
      vertex   6.460940e+01 5.292893e+00 4.707107e+00
    endloop
  endfacet
  facet normal -1.922455e-16 -7.730105e-01 6.343933e-01
    outer loop
      vertex   6.754031e+01 5.292893e+00 4.707107e+00
      vertex   6.460940e+01 5.292893e+00 4.707107e+00
      vertex   6.435065e+01 5.168530e+00 4.555570e+00
    endloop
  endfacet
  facet normal 2.010885e-03 -7.933517e-01 6.087602e-01
    outer loop
      vertex   6.754031e+01 5.292893e+00 4.707107e+00
      vertex   6.435065e+01 5.168530e+00 4.555570e+00
      vertex   6.754031e+01 5.133975e+00 4.500000e+00
    endloop
  endfacet
  facet normal -3.284651e-04 -8.575479e-01 5.144040e-01
    outer loop
      vertex   6.754031e+01 5.133975e+00 4.500000e+00
      vertex   6.435065e+01 5.168530e+00 4.555570e+00
      vertex   6.424568e+01 5.118079e+00 4.471397e+00
    endloop
  endfacet
  facet normal 6.553848e-04 -9.042382e-01 4.270279e-01
    outer loop
      vertex   6.754031e+01 5.133975e+00 4.500000e+00
      vertex   6.424568e+01 5.118079e+00 4.471397e+00
      vertex   6.415838e+01 5.076121e+00 4.382683e+00
    endloop
  endfacet
  facet normal 2.529650e-03 -9.238766e-01 3.826822e-01
    outer loop
      vertex   6.754031e+01 5.133975e+00 4.500000e+00
      vertex   6.415838e+01 5.076121e+00 4.382683e+00
      vertex   6.754031e+01 5.034074e+00 4.258819e+00
    endloop
  endfacet
  facet normal 6.161361e-04 -9.416893e-01 3.364831e-01
    outer loop
      vertex   6.754031e+01 5.034074e+00 4.258819e+00
      vertex   6.415838e+01 5.076121e+00 4.382683e+00
      vertex   6.408959e+01 5.043060e+00 4.290285e+00
    endloop
  endfacet
  facet normal -3.087980e-04 -9.699933e-01 2.431316e-01
    outer loop
      vertex   6.754031e+01 5.034074e+00 4.258819e+00
      vertex   6.408959e+01 5.043060e+00 4.290285e+00
      vertex   6.403998e+01 5.019215e+00 4.195090e+00
    endloop
  endfacet
  facet normal 1.536500e-03 -9.892441e-01 1.462663e-01
    outer loop
      vertex   6.403998e+01 5.019215e+00 4.195090e+00
      vertex   6.401002e+01 5.004815e+00 4.098017e+00
      vertex   6.754031e+01 5.034074e+00 4.258819e+00
    endloop
  endfacet
  facet normal -7.653853e-02 6.123082e-02 9.951847e-01
    outer loop
      vertex   6.608063e+01 6.000000e+00 5.000000e+00
      vertex   7.408063e+01 1.600000e+01 5.000000e+00
      vertex   6.567472e+01 5.804910e+00 4.980785e+00
    endloop
  endfacet
  facet normal -1.338644e-01 1.085154e-01 9.850405e-01
    outer loop
      vertex   6.567472e+01 5.804910e+00 4.980785e+00
      vertex   7.408063e+01 1.600000e+01 5.000000e+00
      vertex   6.767868e+01 8.411886e+00 4.965926e+00
    endloop
  endfacet
  facet normal -2.255925e-01 1.788703e-01 9.576604e-01
    outer loop
      vertex   6.567472e+01 5.804910e+00 4.980785e+00
      vertex   6.767868e+01 8.411886e+00 4.965926e+00
      vertex   6.528441e+01 5.617317e+00 4.923880e+00
    endloop
  endfacet
  facet normal -2.973716e-01 2.408762e-01 9.238770e-01
    outer loop
      vertex   6.528441e+01 5.617317e+00 4.923880e+00
      vertex   6.767868e+01 8.411886e+00 4.965926e+00
      vertex   6.749035e+01 8.562551e+00 4.866025e+00
    endloop
  endfacet
  facet normal -3.674000e-01 2.925210e-01 8.828639e-01
    outer loop
      vertex   6.528441e+01 5.617317e+00 4.923880e+00
      vertex   6.749035e+01 8.562551e+00 4.866025e+00
      vertex   6.492469e+01 5.444430e+00 4.831470e+00
    endloop
  endfacet
  facet normal -4.743698e-01 3.815302e-01 7.933523e-01
    outer loop
      vertex   6.492469e+01 5.444430e+00 4.831470e+00
      vertex   6.749035e+01 8.562551e+00 4.866025e+00
      vertex   6.732863e+01 8.691930e+00 4.707107e+00
    endloop
  endfacet
  facet normal -4.953779e-01 3.963023e-01 7.730105e-01
    outer loop
      vertex   6.492469e+01 5.444430e+00 4.831470e+00
      vertex   6.732863e+01 8.691930e+00 4.707107e+00
      vertex   6.460940e+01 5.292893e+00 4.707107e+00
    endloop
  endfacet
  facet normal -6.036198e-01 4.828958e-01 6.343933e-01
    outer loop
      vertex   6.460940e+01 5.292893e+00 4.707107e+00
      vertex   6.732863e+01 8.691930e+00 4.707107e+00
      vertex   6.435065e+01 5.168530e+00 4.555570e+00
    endloop
  endfacet
  facet normal -6.186354e-01 4.966895e-01 6.087608e-01
    outer loop
      vertex   6.435065e+01 5.168530e+00 4.555570e+00
      vertex   6.732863e+01 8.691930e+00 4.707107e+00
      vertex   6.720454e+01 8.791205e+00 4.500000e+00
    endloop
  endfacet
  facet normal -6.698181e-01 5.355616e-01 5.143125e-01
    outer loop
      vertex   6.435065e+01 5.168530e+00 4.555570e+00
      vertex   6.720454e+01 8.791205e+00 4.500000e+00
      vertex   6.424568e+01 5.118079e+00 4.471397e+00
    endloop
  endfacet
  facet normal -7.057473e-01 5.651825e-01 4.271879e-01
    outer loop
      vertex   6.424568e+01 5.118079e+00 4.471397e+00
      vertex   6.720454e+01 8.791205e+00 4.500000e+00
      vertex   6.415838e+01 5.076121e+00 4.382683e+00
    endloop
  endfacet
  facet normal -7.203151e-01 5.785327e-01 3.826828e-01
    outer loop
      vertex   6.415838e+01 5.076121e+00 4.382683e+00
      vertex   6.720454e+01 8.791205e+00 4.500000e+00
      vertex   6.712653e+01 8.853613e+00 4.258819e+00
    endloop
  endfacet
  facet normal -7.350298e-01 5.885837e-01 3.366013e-01
    outer loop
      vertex   6.415838e+01 5.076121e+00 4.382683e+00
      vertex   6.712653e+01 8.853613e+00 4.258819e+00
      vertex   6.408959e+01 5.043060e+00 4.290285e+00
    endloop
  endfacet
  facet normal -7.575829e-01 6.057859e-01 2.430876e-01
    outer loop
      vertex   6.408959e+01 5.043060e+00 4.290285e+00
      vertex   6.712653e+01 8.853613e+00 4.258819e+00
      vertex   6.403998e+01 5.019215e+00 4.195090e+00
    endloop
  endfacet
  facet normal -7.717733e-01 6.188156e-01 1.464010e-01
    outer loop
      vertex   6.403998e+01 5.019215e+00 4.195090e+00
      vertex   6.712653e+01 8.853613e+00 4.258819e+00
      vertex   6.401002e+01 5.004815e+00 4.098017e+00
    endloop
  endfacet
  facet normal -7.772377e-01 6.273253e-01 4.862648e-02
    outer loop
      vertex   6.401002e+01 5.004815e+00 4.098017e+00
      vertex   6.712653e+01 8.853613e+00 4.258819e+00
      vertex   6.400000e+01 5.000000e+00 4.000000e+00
    endloop
  endfacet
  facet normal -7.731525e-01 6.175848e-01 1.443061e-01
    outer loop
      vertex   6.400000e+01 5.000000e+00 4.000000e+00
      vertex   6.712653e+01 8.853613e+00 4.258819e+00
      vertex   7.201002e+01 1.500482e+01 4.098017e+00
    endloop
  endfacet
  facet normal -7.799282e-01 6.239426e-01 4.906767e-02
    outer loop
      vertex   6.400000e+01 5.000000e+00 4.000000e+00
      vertex   7.201002e+01 1.500482e+01 4.098017e+00
      vertex   7.200000e+01 1.500000e+01 4.000000e+00
    endloop
  endfacet
  facet normal -1.019238e-01 8.153907e-02 9.914449e-01
    outer loop
      vertex   6.767868e+01 8.411886e+00 4.965926e+00
      vertex   7.408063e+01 1.600000e+01 5.000000e+00
      vertex   7.077860e+01 1.228678e+01 4.965926e+00
    endloop
  endfacet
  facet normal -7.463639e-02 5.723555e-02 9.955669e-01
    outer loop
      vertex   7.077860e+01 1.228678e+01 4.965926e+00
      vertex   7.408063e+01 1.600000e+01 5.000000e+00
      vertex   7.367472e+01 1.580491e+01 4.980785e+00
    endloop
  endfacet
  facet normal -2.275082e-01 1.832448e-01 9.563793e-01
    outer loop
      vertex   7.077860e+01 1.228678e+01 4.965926e+00
      vertex   7.367472e+01 1.580491e+01 4.980785e+00
      vertex   7.328441e+01 1.561732e+01 4.923880e+00
    endloop
  endfacet
  facet normal -3.001078e-01 2.374564e-01 9.238776e-01
    outer loop
      vertex   7.077860e+01 1.228678e+01 4.965926e+00
      vertex   7.328441e+01 1.561732e+01 4.923880e+00
      vertex   7.059027e+01 1.243745e+01 4.866025e+00
    endloop
  endfacet
  facet normal -3.687946e-01 2.964316e-01 8.809761e-01
    outer loop
      vertex   7.059027e+01 1.243745e+01 4.866025e+00
      vertex   7.328441e+01 1.561732e+01 4.923880e+00
      vertex   7.292469e+01 1.544443e+01 4.831470e+00
    endloop
  endfacet
  facet normal -4.764148e-01 3.789739e-01 7.933522e-01
    outer loop
      vertex   7.059027e+01 1.243745e+01 4.866025e+00
      vertex   7.292469e+01 1.544443e+01 4.831470e+00
      vertex   7.042855e+01 1.256683e+01 4.707107e+00
    endloop
  endfacet
  facet normal -4.953779e-01 3.963023e-01 7.730105e-01
    outer loop
      vertex   7.042855e+01 1.256683e+01 4.707107e+00
      vertex   7.292469e+01 1.544443e+01 4.831470e+00
      vertex   7.260940e+01 1.529289e+01 4.707107e+00
    endloop
  endfacet
  facet normal -6.036198e-01 4.828958e-01 6.343933e-01
    outer loop
      vertex   7.042855e+01 1.256683e+01 4.707107e+00
      vertex   7.260940e+01 1.529289e+01 4.707107e+00
      vertex   7.235065e+01 1.516853e+01 4.555570e+00
    endloop
  endfacet
  facet normal -6.207433e-01 4.940534e-01 6.087602e-01
    outer loop
      vertex   7.042855e+01 1.256683e+01 4.707107e+00
      vertex   7.235065e+01 1.516853e+01 4.555570e+00
      vertex   7.030445e+01 1.266610e+01 4.500000e+00
    endloop
  endfacet
  facet normal -6.697073e-01 5.361994e-01 5.137920e-01
    outer loop
      vertex   7.030445e+01 1.266610e+01 4.500000e+00
      vertex   7.235065e+01 1.516853e+01 4.555570e+00
      vertex   7.224568e+01 1.511808e+01 4.471397e+00
    endloop
  endfacet
  facet normal -7.061189e-01 5.640268e-01 4.281002e-01
    outer loop
      vertex   7.030445e+01 1.266610e+01 4.500000e+00
      vertex   7.224568e+01 1.511808e+01 4.471397e+00
      vertex   7.215838e+01 1.507612e+01 4.382683e+00
    endloop
  endfacet
  facet normal -7.231838e-01 5.749432e-01 3.826819e-01
    outer loop
      vertex   7.030445e+01 1.266610e+01 4.500000e+00
      vertex   7.215838e+01 1.507612e+01 4.382683e+00
      vertex   7.022645e+01 1.272851e+01 4.258819e+00
    endloop
  endfacet
  facet normal -7.355417e-01 5.875038e-01 3.373688e-01
    outer loop
      vertex   7.022645e+01 1.272851e+01 4.258819e+00
      vertex   7.215838e+01 1.507612e+01 4.382683e+00
      vertex   7.208959e+01 1.504306e+01 4.290285e+00
    endloop
  endfacet
  facet normal -7.572755e-01 6.062844e-01 2.428025e-01
    outer loop
      vertex   7.022645e+01 1.272851e+01 4.258819e+00
      vertex   7.208959e+01 1.504306e+01 4.290285e+00
      vertex   7.203998e+01 1.501921e+01 4.195090e+00
    endloop
  endfacet
  facet normal -7.734878e-01 6.164621e-01 1.472792e-01
    outer loop
      vertex   7.203998e+01 1.501921e+01 4.195090e+00
      vertex   7.201002e+01 1.500482e+01 4.098017e+00
      vertex   7.022645e+01 1.272851e+01 4.258819e+00
    endloop
  endfacet
  facet normal -7.682547e-01 6.146037e-01 1.790169e-01
    outer loop
      vertex   7.022645e+01 1.272851e+01 4.258819e+00
      vertex   7.201002e+01 1.500482e+01 4.098017e+00
      vertex   6.712653e+01 8.853613e+00 4.258819e+00
    endloop
  endfacet
  facet normal -7.214287e-01 5.771430e-01 3.826834e-01
    outer loop
      vertex   7.022645e+01 1.272851e+01 4.258819e+00
      vertex   6.712653e+01 8.853613e+00 4.258819e+00
      vertex   7.030445e+01 1.266610e+01 4.500000e+00
    endloop
  endfacet
  facet normal -7.214287e-01 5.771430e-01 3.826834e-01
    outer loop
      vertex   7.030445e+01 1.266610e+01 4.500000e+00
      vertex   6.712653e+01 8.853613e+00 4.258819e+00
      vertex   6.720454e+01 8.791205e+00 4.500000e+00
    endloop
  endfacet
  facet normal -6.195049e-01 4.956039e-01 6.087614e-01
    outer loop
      vertex   7.030445e+01 1.266610e+01 4.500000e+00
      vertex   6.720454e+01 8.791205e+00 4.500000e+00
      vertex   7.042855e+01 1.256683e+01 4.707107e+00
    endloop
  endfacet
  facet normal -6.195049e-01 4.956039e-01 6.087614e-01
    outer loop
      vertex   7.042855e+01 1.256683e+01 4.707107e+00
      vertex   6.720454e+01 8.791205e+00 4.500000e+00
      vertex   6.732863e+01 8.691930e+00 4.707107e+00
    endloop
  endfacet
  facet normal -4.753628e-01 3.802902e-01 7.933533e-01
    outer loop
      vertex   7.042855e+01 1.256683e+01 4.707107e+00
      vertex   6.732863e+01 8.691930e+00 4.707107e+00
      vertex   7.059027e+01 1.243745e+01 4.866025e+00
    endloop
  endfacet
  facet normal -4.753628e-01 3.802902e-01 7.933533e-01
    outer loop
      vertex   7.059027e+01 1.243745e+01 4.866025e+00
      vertex   6.732863e+01 8.691930e+00 4.707107e+00
      vertex   6.749035e+01 8.562551e+00 4.866025e+00
    endloop
  endfacet
  facet normal -2.988256e-01 2.390604e-01 9.238795e-01
    outer loop
      vertex   7.059027e+01 1.243745e+01 4.866025e+00
      vertex   6.749035e+01 8.562551e+00 4.866025e+00
      vertex   7.077860e+01 1.228678e+01 4.965926e+00
    endloop
  endfacet
  facet normal -2.988256e-01 2.390604e-01 9.238795e-01
    outer loop
      vertex   7.077860e+01 1.228678e+01 4.965926e+00
      vertex   6.749035e+01 8.562551e+00 4.866025e+00
      vertex   6.767868e+01 8.411886e+00 4.965926e+00
    endloop
  endfacet
  facet normal 6.964537e-17 -9.801714e-02 9.951847e-01
    outer loop
      vertex   7.408063e+01 1.600000e+01 5.000000e+00
      vertex   6.908063e+01 1.600000e+01 5.000000e+00
      vertex   7.367472e+01 1.580491e+01 4.980785e+00
    endloop
  endfacet
  facet normal -1.833254e-03 -1.406821e-01 9.900531e-01
    outer loop
      vertex   7.367472e+01 1.580491e+01 4.980785e+00
      vertex   6.908063e+01 1.600000e+01 5.000000e+00
      vertex   7.054031e+01 1.574118e+01 4.965926e+00
    endloop
  endfacet
  facet normal 1.424528e-03 -2.929974e-01 9.561122e-01
    outer loop
      vertex   7.367472e+01 1.580491e+01 4.980785e+00
      vertex   7.054031e+01 1.574118e+01 4.965926e+00
      vertex   7.328441e+01 1.561732e+01 4.923880e+00
    endloop
  endfacet
  facet normal -3.117642e-03 -3.826816e-01 9.238750e-01
    outer loop
      vertex   7.328441e+01 1.561732e+01 4.923880e+00
      vertex   7.054031e+01 1.574118e+01 4.965926e+00
      vertex   7.054031e+01 1.550000e+01 4.866025e+00
    endloop
  endfacet
  facet normal 1.709064e-03 -4.741595e-01 8.804373e-01
    outer loop
      vertex   7.328441e+01 1.561732e+01 4.923880e+00
      vertex   7.054031e+01 1.550000e+01 4.866025e+00
      vertex   7.292469e+01 1.544443e+01 4.831470e+00
    endloop
  endfacet
  facet normal -2.690025e-03 -6.087592e-01 7.933505e-01
    outer loop
      vertex   7.292469e+01 1.544443e+01 4.831470e+00
      vertex   7.054031e+01 1.550000e+01 4.866025e+00
      vertex   7.054031e+01 1.529289e+01 4.707107e+00
    endloop
  endfacet
  facet normal 0.000000e+00 -6.343933e-01 7.730105e-01
    outer loop
      vertex   7.292469e+01 1.544443e+01 4.831470e+00
      vertex   7.054031e+01 1.529289e+01 4.707107e+00
      vertex   7.260940e+01 1.529289e+01 4.707107e+00
    endloop
  endfacet
  facet normal 0.000000e+00 -7.730105e-01 6.343933e-01
    outer loop
      vertex   7.260940e+01 1.529289e+01 4.707107e+00
      vertex   7.054031e+01 1.529289e+01 4.707107e+00
      vertex   7.235065e+01 1.516853e+01 4.555570e+00
    endloop
  endfacet
  facet normal -3.543000e-03 -7.933484e-01 6.087576e-01
    outer loop
      vertex   7.235065e+01 1.516853e+01 4.555570e+00
      vertex   7.054031e+01 1.529289e+01 4.707107e+00
      vertex   7.054031e+01 1.513397e+01 4.500000e+00
    endloop
  endfacet
  facet normal 6.152106e-04 -8.580666e-01 5.135381e-01
    outer loop
      vertex   7.235065e+01 1.516853e+01 4.555570e+00
      vertex   7.054031e+01 1.513397e+01 4.500000e+00
      vertex   7.224568e+01 1.511808e+01 4.471397e+00
    endloop
  endfacet
  facet normal -1.233970e-03 -9.035187e-01 4.285468e-01
    outer loop
      vertex   7.224568e+01 1.511808e+01 4.471397e+00
      vertex   7.054031e+01 1.513397e+01 4.500000e+00
      vertex   7.215838e+01 1.507612e+01 4.382683e+00
    endloop
  endfacet
  facet normal -5.287189e-03 -9.238666e-01 3.826781e-01
    outer loop
      vertex   7.215838e+01 1.507612e+01 4.382683e+00
      vertex   7.054031e+01 1.513397e+01 4.500000e+00
      vertex   7.054031e+01 1.503407e+01 4.258819e+00
    endloop
  endfacet
  facet normal -1.402140e-03 -9.412116e-01 3.378147e-01
    outer loop
      vertex   7.215838e+01 1.507612e+01 4.382683e+00
      vertex   7.054031e+01 1.503407e+01 4.258819e+00
      vertex   7.208959e+01 1.504306e+01 4.290285e+00
    endloop
  endfacet
  facet normal 6.985389e-04 -9.701168e-01 2.426375e-01
    outer loop
      vertex   7.208959e+01 1.504306e+01 4.290285e+00
      vertex   7.054031e+01 1.503407e+01 4.258819e+00
      vertex   7.203998e+01 1.501921e+01 4.195090e+00
    endloop
  endfacet
  facet normal -3.519164e-03 -9.890122e-01 1.477922e-01
    outer loop
      vertex   7.203998e+01 1.501921e+01 4.195090e+00
      vertex   7.054031e+01 1.503407e+01 4.258819e+00
      vertex   7.201002e+01 1.500482e+01 4.098017e+00
    endloop
  endfacet
  facet normal 0.000000e+00 -9.838460e-01 1.790169e-01
    outer loop
      vertex   7.201002e+01 1.500482e+01 4.098017e+00
      vertex   7.054031e+01 1.503407e+01 4.258819e+00
      vertex   6.701002e+01 1.500482e+01 4.098017e+00
    endloop
  endfacet
  facet normal 0.000000e+00 -9.987955e-01 4.906767e-02
    outer loop
      vertex   7.201002e+01 1.500482e+01 4.098017e+00
      vertex   6.701002e+01 1.500482e+01 4.098017e+00
      vertex   7.200000e+01 1.500000e+01 4.000000e+00
    endloop
  endfacet
  facet normal 0.000000e+00 -9.987955e-01 4.906767e-02
    outer loop
      vertex   7.200000e+01 1.500000e+01 4.000000e+00
      vertex   6.701002e+01 1.500482e+01 4.098017e+00
      vertex   6.700000e+01 1.500000e+01 4.000000e+00
    endloop
  endfacet
  facet normal 4.270630e-03 -1.068126e-01 9.942700e-01
    outer loop
      vertex   6.908063e+01 1.600000e+01 5.000000e+00
      vertex   6.867472e+01 1.580491e+01 4.980785e+00
      vertex   7.054031e+01 1.574118e+01 4.965926e+00
    endloop
  endfacet
  facet normal -2.144615e-03 -2.861952e-01 9.581689e-01
    outer loop
      vertex   7.054031e+01 1.574118e+01 4.965926e+00
      vertex   6.867472e+01 1.580491e+01 4.980785e+00
      vertex   6.828441e+01 1.561732e+01 4.923880e+00
    endloop
  endfacet
  facet normal 3.792298e-03 -3.826807e-01 9.238729e-01
    outer loop
      vertex   7.054031e+01 1.574118e+01 4.965926e+00
      vertex   6.828441e+01 1.561732e+01 4.923880e+00
      vertex   7.054031e+01 1.550000e+01 4.866025e+00
    endloop
  endfacet
  facet normal -1.714813e-03 -4.686187e-01 8.833989e-01
    outer loop
      vertex   7.054031e+01 1.550000e+01 4.866025e+00
      vertex   6.828441e+01 1.561732e+01 4.923880e+00
      vertex   6.792469e+01 1.544443e+01 4.831470e+00
    endloop
  endfacet
  facet normal 2.452207e-03 -6.087596e-01 7.933510e-01
    outer loop
      vertex   7.054031e+01 1.550000e+01 4.866025e+00
      vertex   6.792469e+01 1.544443e+01 4.831470e+00
      vertex   7.054031e+01 1.529289e+01 4.707107e+00
    endloop
  endfacet
  facet normal -2.342518e-16 -6.343933e-01 7.730105e-01
    outer loop
      vertex   7.054031e+01 1.529289e+01 4.707107e+00
      vertex   6.792469e+01 1.544443e+01 4.831470e+00
      vertex   6.760940e+01 1.529289e+01 4.707107e+00
    endloop
  endfacet
  facet normal -1.922455e-16 -7.730105e-01 6.343933e-01
    outer loop
      vertex   7.054031e+01 1.529289e+01 4.707107e+00
      vertex   6.760940e+01 1.529289e+01 4.707107e+00
      vertex   6.735065e+01 1.516853e+01 4.555570e+00
    endloop
  endfacet
  facet normal 2.010885e-03 -7.933517e-01 6.087602e-01
    outer loop
      vertex   7.054031e+01 1.529289e+01 4.707107e+00
      vertex   6.735065e+01 1.516853e+01 4.555570e+00
      vertex   7.054031e+01 1.513397e+01 4.500000e+00
    endloop
  endfacet
  facet normal -3.284651e-04 -8.575479e-01 5.144040e-01
    outer loop
      vertex   7.054031e+01 1.513397e+01 4.500000e+00
      vertex   6.735065e+01 1.516853e+01 4.555570e+00
      vertex   6.724568e+01 1.511808e+01 4.471397e+00
    endloop
  endfacet
  facet normal 6.553848e-04 -9.042382e-01 4.270279e-01
    outer loop
      vertex   7.054031e+01 1.513397e+01 4.500000e+00
      vertex   6.724568e+01 1.511808e+01 4.471397e+00
      vertex   6.715838e+01 1.507612e+01 4.382683e+00
    endloop
  endfacet
  facet normal 2.529650e-03 -9.238766e-01 3.826822e-01
    outer loop
      vertex   7.054031e+01 1.513397e+01 4.500000e+00
      vertex   6.715838e+01 1.507612e+01 4.382683e+00
      vertex   7.054031e+01 1.503407e+01 4.258819e+00
    endloop
  endfacet
  facet normal 6.161361e-04 -9.416893e-01 3.364831e-01
    outer loop
      vertex   7.054031e+01 1.503407e+01 4.258819e+00
      vertex   6.715838e+01 1.507612e+01 4.382683e+00
      vertex   6.708959e+01 1.504306e+01 4.290285e+00
    endloop
  endfacet
  facet normal -3.087980e-04 -9.699933e-01 2.431316e-01
    outer loop
      vertex   7.054031e+01 1.503407e+01 4.258819e+00
      vertex   6.708959e+01 1.504306e+01 4.290285e+00
      vertex   6.703998e+01 1.501921e+01 4.195090e+00
    endloop
  endfacet
  facet normal 1.536500e-03 -9.892441e-01 1.462663e-01
    outer loop
      vertex   6.703998e+01 1.501921e+01 4.195090e+00
      vertex   6.701002e+01 1.500482e+01 4.098017e+00
      vertex   7.054031e+01 1.503407e+01 4.258819e+00
    endloop
  endfacet
  facet normal -7.653853e-02 6.123082e-02 9.951847e-01
    outer loop
      vertex   6.908063e+01 1.600000e+01 5.000000e+00
      vertex   7.500000e+01 2.339922e+01 5.000000e+00
      vertex   6.867472e+01 1.580491e+01 4.980785e+00
    endloop
  endfacet
  facet normal -1.323258e-01 1.077208e-01 9.853355e-01
    outer loop
      vertex   6.867472e+01 1.580491e+01 4.980785e+00
      vertex   7.500000e+01 2.339922e+01 5.000000e+00
      vertex   7.024543e+01 1.787032e+01 4.965926e+00
    endloop
  endfacet
  facet normal -2.253168e-01 1.782414e-01 9.578425e-01
    outer loop
      vertex   6.867472e+01 1.580491e+01 4.980785e+00
      vertex   7.024543e+01 1.787032e+01 4.965926e+00
      vertex   6.828441e+01 1.561732e+01 4.923880e+00
    endloop
  endfacet
  facet normal -2.970335e-01 2.412979e-01 9.238757e-01
    outer loop
      vertex   6.828441e+01 1.561732e+01 4.923880e+00
      vertex   7.024543e+01 1.787032e+01 4.965926e+00
      vertex   7.005710e+01 1.802099e+01 4.866025e+00
    endloop
  endfacet
  facet normal -3.672494e-01 2.920996e-01 8.830661e-01
    outer loop
      vertex   6.828441e+01 1.561732e+01 4.923880e+00
      vertex   7.005710e+01 1.802099e+01 4.866025e+00
      vertex   6.792469e+01 1.544443e+01 4.831470e+00
    endloop
  endfacet
  facet normal -4.741638e-01 3.817873e-01 7.933519e-01
    outer loop
      vertex   6.792469e+01 1.544443e+01 4.831470e+00
      vertex   7.005710e+01 1.802099e+01 4.866025e+00
      vertex   6.989538e+01 1.815036e+01 4.707107e+00
    endloop
  endfacet
  facet normal -4.953779e-01 3.963023e-01 7.730105e-01
    outer loop
      vertex   6.792469e+01 1.544443e+01 4.831470e+00
      vertex   6.989538e+01 1.815036e+01 4.707107e+00
      vertex   6.760940e+01 1.529289e+01 4.707107e+00
    endloop
  endfacet
  facet normal -6.036198e-01 4.828958e-01 6.343933e-01
    outer loop
      vertex   6.760940e+01 1.529289e+01 4.707107e+00
      vertex   6.989538e+01 1.815036e+01 4.707107e+00
      vertex   6.735065e+01 1.516853e+01 4.555570e+00
    endloop
  endfacet
  facet normal -6.184814e-01 4.968815e-01 6.087606e-01
    outer loop
      vertex   6.735065e+01 1.516853e+01 4.555570e+00
      vertex   6.989538e+01 1.815036e+01 4.707107e+00
      vertex   6.977128e+01 1.824964e+01 4.500000e+00
    endloop
  endfacet
  facet normal -6.698259e-01 5.355169e-01 5.143490e-01
    outer loop
      vertex   6.735065e+01 1.516853e+01 4.555570e+00
      vertex   6.977128e+01 1.824964e+01 4.500000e+00
      vertex   6.724568e+01 1.511808e+01 4.471397e+00
    endloop
  endfacet
  facet normal -7.057213e-01 5.652632e-01 4.271241e-01
    outer loop
      vertex   6.724568e+01 1.511808e+01 4.471397e+00
      vertex   6.977128e+01 1.824964e+01 4.500000e+00
      vertex   6.715838e+01 1.507612e+01 4.382683e+00
    endloop
  endfacet
  facet normal -7.201270e-01 5.787670e-01 3.826826e-01
    outer loop
      vertex   6.715838e+01 1.507612e+01 4.382683e+00
      vertex   6.977128e+01 1.824964e+01 4.500000e+00
      vertex   6.969328e+01 1.831205e+01 4.258819e+00
    endloop
  endfacet
  facet normal -7.349980e-01 5.886506e-01 3.365536e-01
    outer loop
      vertex   6.715838e+01 1.507612e+01 4.382683e+00
      vertex   6.969328e+01 1.831205e+01 4.258819e+00
      vertex   6.708959e+01 1.504306e+01 4.290285e+00
    endloop
  endfacet
  facet normal -7.576021e-01 6.057548e-01 2.431053e-01
    outer loop
      vertex   6.708959e+01 1.504306e+01 4.290285e+00
      vertex   6.969328e+01 1.831205e+01 4.258819e+00
      vertex   6.703998e+01 1.501921e+01 4.195090e+00
    endloop
  endfacet
  facet normal -7.716671e-01 6.189608e-01 1.463466e-01
    outer loop
      vertex   6.703998e+01 1.501921e+01 4.195090e+00
      vertex   6.969328e+01 1.831205e+01 4.258819e+00
      vertex   6.701002e+01 1.500482e+01 4.098017e+00
    endloop
  endfacet
  facet normal -7.767965e-01 6.278772e-01 4.855427e-02
    outer loop
      vertex   6.701002e+01 1.500482e+01 4.098017e+00
      vertex   6.969328e+01 1.831205e+01 4.258819e+00
      vertex   6.700000e+01 1.500000e+01 4.000000e+00
    endloop
  endfacet
  facet normal -7.741884e-01 6.193507e-01 1.305262e-01
    outer loop
      vertex   6.700000e+01 1.500000e+01 4.000000e+00
      vertex   6.969328e+01 1.831205e+01 4.258819e+00
      vertex   7.220000e+01 2.150000e+01 4.000000e+00
    endloop
  endfacet
  facet normal -7.741884e-01 6.193507e-01 1.305262e-01
    outer loop
      vertex   7.220000e+01 2.150000e+01 4.000000e+00
      vertex   6.969328e+01 1.831205e+01 4.258819e+00
      vertex   7.235994e+01 2.164538e+01 4.258819e+00
    endloop
  endfacet
  facet normal -7.751738e-01 6.178029e-01 1.320046e-01
    outer loop
      vertex   7.220000e+01 2.150000e+01 4.000000e+00
      vertex   7.235994e+01 2.164538e+01 4.258819e+00
      vertex   7.500000e+01 2.499229e+01 4.098017e+00
    endloop
  endfacet
  facet normal -7.732322e-01 6.169678e-01 1.465011e-01
    outer loop
      vertex   7.500000e+01 2.499229e+01 4.098017e+00
      vertex   7.235994e+01 2.164538e+01 4.258819e+00
      vertex   7.500000e+01 2.496924e+01 4.195090e+00
    endloop
  endfacet
  facet normal -7.572942e-01 6.061599e-01 2.430548e-01
    outer loop
      vertex   7.500000e+01 2.496924e+01 4.195090e+00
      vertex   7.235994e+01 2.164538e+01 4.258819e+00
      vertex   7.500000e+01 2.493107e+01 4.290285e+00
    endloop
  endfacet
  facet normal -7.355945e-01 5.878275e-01 3.366891e-01
    outer loop
      vertex   7.500000e+01 2.493107e+01 4.290285e+00
      vertex   7.235994e+01 2.164538e+01 4.258819e+00
      vertex   7.500000e+01 2.487815e+01 4.382683e+00
    endloop
  endfacet
  facet normal -7.227077e-01 5.755411e-01 3.826826e-01
    outer loop
      vertex   7.500000e+01 2.487815e+01 4.382683e+00
      vertex   7.235994e+01 2.164538e+01 4.258819e+00
      vertex   7.243795e+01 2.158297e+01 4.500000e+00
    endloop
  endfacet
  facet normal -6.877851e-01 5.515659e-01 4.719393e-01
    outer loop
      vertex   7.500000e+01 2.487815e+01 4.382683e+00
      vertex   7.243795e+01 2.158297e+01 4.500000e+00
      vertex   7.500000e+01 2.473022e+01 4.555570e+00
    endloop
  endfacet
  facet normal -6.204915e-01 4.943691e-01 6.087607e-01
    outer loop
      vertex   7.500000e+01 2.473022e+01 4.555570e+00
      vertex   7.243795e+01 2.158297e+01 4.500000e+00
      vertex   7.256205e+01 2.148370e+01 4.707107e+00
    endloop
  endfacet
  facet normal -6.036198e-01 4.828958e-01 6.343933e-01
    outer loop
      vertex   7.500000e+01 2.473022e+01 4.555570e+00
      vertex   7.256205e+01 2.148370e+01 4.707107e+00
      vertex   7.500000e+01 2.453114e+01 4.707107e+00
    endloop
  endfacet
  facet normal -4.953779e-01 3.963023e-01 7.730105e-01
    outer loop
      vertex   7.500000e+01 2.453114e+01 4.707107e+00
      vertex   7.256205e+01 2.148370e+01 4.707107e+00
      vertex   7.500000e+01 2.428857e+01 4.831470e+00
    endloop
  endfacet
  facet normal -4.764412e-01 3.789408e-01 7.933522e-01
    outer loop
      vertex   7.500000e+01 2.428857e+01 4.831470e+00
      vertex   7.256205e+01 2.148370e+01 4.707107e+00
      vertex   7.272377e+01 2.135432e+01 4.866025e+00
    endloop
  endfacet
  facet normal -3.664719e-01 2.946827e-01 8.825307e-01
    outer loop
      vertex   7.500000e+01 2.428857e+01 4.831470e+00
      vertex   7.272377e+01 2.135432e+01 4.866025e+00
      vertex   7.500000e+01 2.401181e+01 4.923880e+00
    endloop
  endfacet
  facet normal -3.003529e-01 2.371495e-01 9.238768e-01
    outer loop
      vertex   7.500000e+01 2.401181e+01 4.923880e+00
      vertex   7.272377e+01 2.135432e+01 4.866025e+00
      vertex   7.291210e+01 2.120365e+01 4.965926e+00
    endloop
  endfacet
  facet normal -2.247284e-01 1.814233e-01 9.573833e-01
    outer loop
      vertex   7.500000e+01 2.401181e+01 4.923880e+00
      vertex   7.291210e+01 2.120365e+01 4.965926e+00
      vertex   7.500000e+01 2.371152e+01 4.980785e+00
    endloop
  endfacet
  facet normal -8.060352e-02 6.121115e-02 9.948649e-01
    outer loop
      vertex   7.500000e+01 2.371152e+01 4.980785e+00
      vertex   7.291210e+01 2.120365e+01 4.965926e+00
      vertex   7.500000e+01 2.339922e+01 5.000000e+00
    endloop
  endfacet
  facet normal -1.019238e-01 8.153906e-02 9.914449e-01
    outer loop
      vertex   7.500000e+01 2.339922e+01 5.000000e+00
      vertex   7.291210e+01 2.120365e+01 4.965926e+00
      vertex   7.024543e+01 1.787032e+01 4.965926e+00
    endloop
  endfacet
  facet normal -7.799282e-01 6.239426e-01 4.906767e-02
    outer loop
      vertex   7.500000e+01 2.499229e+01 4.098017e+00
      vertex   7.500000e+01 2.500000e+01 4.000000e+00
      vertex   7.220000e+01 2.150000e+01 4.000000e+00
    endloop
  endfacet
  facet normal -2.988256e-01 2.390604e-01 9.238795e-01
    outer loop
      vertex   7.005710e+01 1.802099e+01 4.866025e+00
      vertex   7.024543e+01 1.787032e+01 4.965926e+00
      vertex   7.291210e+01 2.120365e+01 4.965926e+00
    endloop
  endfacet
  facet normal -4.753628e-01 3.802902e-01 7.933533e-01
    outer loop
      vertex   6.989538e+01 1.815036e+01 4.707107e+00
      vertex   7.005710e+01 1.802099e+01 4.866025e+00
      vertex   7.272377e+01 2.135432e+01 4.866025e+00
    endloop
  endfacet
  facet normal -2.988256e-01 2.390604e-01 9.238795e-01
    outer loop
      vertex   7.272377e+01 2.135432e+01 4.866025e+00
      vertex   7.005710e+01 1.802099e+01 4.866025e+00
      vertex   7.291210e+01 2.120365e+01 4.965926e+00
    endloop
  endfacet
  facet normal -6.195049e-01 4.956039e-01 6.087614e-01
    outer loop
      vertex   6.977128e+01 1.824964e+01 4.500000e+00
      vertex   6.989538e+01 1.815036e+01 4.707107e+00
      vertex   7.256205e+01 2.148370e+01 4.707107e+00
    endloop
  endfacet
  facet normal -4.753628e-01 3.802902e-01 7.933533e-01
    outer loop
      vertex   7.256205e+01 2.148370e+01 4.707107e+00
      vertex   6.989538e+01 1.815036e+01 4.707107e+00
      vertex   7.272377e+01 2.135432e+01 4.866025e+00
    endloop
  endfacet
  facet normal -7.214287e-01 5.771430e-01 3.826834e-01
    outer loop
      vertex   6.969328e+01 1.831205e+01 4.258819e+00
      vertex   6.977128e+01 1.824964e+01 4.500000e+00
      vertex   7.243795e+01 2.158297e+01 4.500000e+00
    endloop
  endfacet
  facet normal -6.195049e-01 4.956039e-01 6.087614e-01
    outer loop
      vertex   7.243795e+01 2.158297e+01 4.500000e+00
      vertex   6.977128e+01 1.824964e+01 4.500000e+00
      vertex   7.256205e+01 2.148370e+01 4.707107e+00
    endloop
  endfacet
  facet normal -7.214287e-01 5.771430e-01 3.826834e-01
    outer loop
      vertex   7.235994e+01 2.164538e+01 4.258819e+00
      vertex   6.969328e+01 1.831205e+01 4.258819e+00
      vertex   7.243795e+01 2.158297e+01 4.500000e+00
    endloop
  endfacet
  facet normal 7.653853e-02 6.123082e-02 9.951847e-01
    outer loop
      vertex   7.500000e+01 2.339922e+01 5.000000e+00
      vertex   8.091938e+01 1.600000e+01 5.000000e+00
      vertex   7.500000e+01 2.371152e+01 4.980785e+00
    endloop
  endfacet
  facet normal 1.278808e-01 1.006200e-01 9.866722e-01
    outer loop
      vertex   7.500000e+01 2.371152e+01 4.980785e+00
      vertex   8.091938e+01 1.600000e+01 5.000000e+00
      vertex   7.708790e+01 2.120365e+01 4.965926e+00
    endloop
  endfacet
  facet normal 2.247284e-01 1.814233e-01 9.573833e-01
    outer loop
      vertex   7.500000e+01 2.371152e+01 4.980785e+00
      vertex   7.708790e+01 2.120365e+01 4.965926e+00
      vertex   7.500000e+01 2.401181e+01 4.923880e+00
    endloop
  endfacet
  facet normal 3.003529e-01 2.371495e-01 9.238768e-01
    outer loop
      vertex   7.500000e+01 2.401181e+01 4.923880e+00
      vertex   7.708790e+01 2.120365e+01 4.965926e+00
      vertex   7.727623e+01 2.135432e+01 4.866025e+00
    endloop
  endfacet
  facet normal 3.664718e-01 2.946827e-01 8.825307e-01
    outer loop
      vertex   7.500000e+01 2.401181e+01 4.923880e+00
      vertex   7.727623e+01 2.135432e+01 4.866025e+00
      vertex   7.500000e+01 2.428857e+01 4.831470e+00
    endloop
  endfacet
  facet normal 4.764412e-01 3.789409e-01 7.933522e-01
    outer loop
      vertex   7.500000e+01 2.428857e+01 4.831470e+00
      vertex   7.727623e+01 2.135432e+01 4.866025e+00
      vertex   7.743796e+01 2.148370e+01 4.707107e+00
    endloop
  endfacet
  facet normal 4.953779e-01 3.963024e-01 7.730105e-01
    outer loop
      vertex   7.500000e+01 2.428857e+01 4.831470e+00
      vertex   7.743796e+01 2.148370e+01 4.707107e+00
      vertex   7.500000e+01 2.453114e+01 4.707107e+00
    endloop
  endfacet
  facet normal 6.036197e-01 4.828958e-01 6.343933e-01
    outer loop
      vertex   7.500000e+01 2.453114e+01 4.707107e+00
      vertex   7.743796e+01 2.148370e+01 4.707107e+00
      vertex   7.500000e+01 2.473022e+01 4.555570e+00
    endloop
  endfacet
  facet normal 6.204915e-01 4.943691e-01 6.087607e-01
    outer loop
      vertex   7.500000e+01 2.473022e+01 4.555570e+00
      vertex   7.743796e+01 2.148370e+01 4.707107e+00
      vertex   7.756205e+01 2.158297e+01 4.500000e+00
    endloop
  endfacet
  facet normal 6.877850e-01 5.515660e-01 4.719393e-01
    outer loop
      vertex   7.500000e+01 2.473022e+01 4.555570e+00
      vertex   7.756205e+01 2.158297e+01 4.500000e+00
      vertex   7.500000e+01 2.487815e+01 4.382683e+00
    endloop
  endfacet
  facet normal 7.227077e-01 5.755411e-01 3.826826e-01
    outer loop
      vertex   7.500000e+01 2.487815e+01 4.382683e+00
      vertex   7.756205e+01 2.158297e+01 4.500000e+00
      vertex   7.764006e+01 2.164538e+01 4.258819e+00
    endloop
  endfacet
  facet normal 7.355945e-01 5.878275e-01 3.366891e-01
    outer loop
      vertex   7.500000e+01 2.487815e+01 4.382683e+00
      vertex   7.764006e+01 2.164538e+01 4.258819e+00
      vertex   7.500000e+01 2.493107e+01 4.290285e+00
    endloop
  endfacet
  facet normal 7.572942e-01 6.061599e-01 2.430548e-01
    outer loop
      vertex   7.500000e+01 2.493107e+01 4.290285e+00
      vertex   7.764006e+01 2.164538e+01 4.258819e+00
      vertex   7.500000e+01 2.496924e+01 4.195090e+00
    endloop
  endfacet
  facet normal 7.732322e-01 6.169679e-01 1.465011e-01
    outer loop
      vertex   7.500000e+01 2.496924e+01 4.195090e+00
      vertex   7.764006e+01 2.164538e+01 4.258819e+00
      vertex   7.500000e+01 2.499229e+01 4.098017e+00
    endloop
  endfacet
  facet normal 7.751738e-01 6.178029e-01 1.320046e-01
    outer loop
      vertex   7.500000e+01 2.499229e+01 4.098017e+00
      vertex   7.764006e+01 2.164538e+01 4.258819e+00
      vertex   7.780000e+01 2.150000e+01 4.000000e+00
    endloop
  endfacet
  facet normal 7.799282e-01 6.239426e-01 4.906767e-02
    outer loop
      vertex   7.500000e+01 2.499229e+01 4.098017e+00
      vertex   7.780000e+01 2.150000e+01 4.000000e+00
      vertex   7.500000e+01 2.500000e+01 4.000000e+00
    endloop
  endfacet
  facet normal 1.019238e-01 8.153907e-02 9.914449e-01
    outer loop
      vertex   7.708790e+01 2.120365e+01 4.965926e+00
      vertex   8.091938e+01 1.600000e+01 5.000000e+00
      vertex   7.975457e+01 1.787032e+01 4.965926e+00
    endloop
  endfacet
  facet normal 7.961818e-02 6.770355e-02 9.945236e-01
    outer loop
      vertex   7.975457e+01 1.787032e+01 4.965926e+00
      vertex   8.091938e+01 1.600000e+01 5.000000e+00
      vertex   8.132529e+01 1.580491e+01 4.980785e+00
    endloop
  endfacet
  facet normal 2.253168e-01 1.782414e-01 9.578425e-01
    outer loop
      vertex   7.975457e+01 1.787032e+01 4.965926e+00
      vertex   8.132529e+01 1.580491e+01 4.980785e+00
      vertex   8.171560e+01 1.561732e+01 4.923880e+00
    endloop
  endfacet
  facet normal 2.970335e-01 2.412980e-01 9.238757e-01
    outer loop
      vertex   7.975457e+01 1.787032e+01 4.965926e+00
      vertex   8.171560e+01 1.561732e+01 4.923880e+00
      vertex   7.994290e+01 1.802099e+01 4.866025e+00
    endloop
  endfacet
  facet normal 3.672494e-01 2.920997e-01 8.830661e-01
    outer loop
      vertex   7.994290e+01 1.802099e+01 4.866025e+00
      vertex   8.171560e+01 1.561732e+01 4.923880e+00
      vertex   8.207531e+01 1.544443e+01 4.831470e+00
    endloop
  endfacet
  facet normal 4.741637e-01 3.817873e-01 7.933519e-01
    outer loop
      vertex   7.994290e+01 1.802099e+01 4.866025e+00
      vertex   8.207531e+01 1.544443e+01 4.831470e+00
      vertex   8.010462e+01 1.815036e+01 4.707107e+00
    endloop
  endfacet
  facet normal 4.953779e-01 3.963024e-01 7.730105e-01
    outer loop
      vertex   8.010462e+01 1.815036e+01 4.707107e+00
      vertex   8.207531e+01 1.544443e+01 4.831470e+00
      vertex   8.239060e+01 1.529289e+01 4.707107e+00
    endloop
  endfacet
  facet normal 6.036197e-01 4.828958e-01 6.343933e-01
    outer loop
      vertex   8.010462e+01 1.815036e+01 4.707107e+00
      vertex   8.239060e+01 1.529289e+01 4.707107e+00
      vertex   8.264935e+01 1.516853e+01 4.555570e+00
    endloop
  endfacet
  facet normal 6.184814e-01 4.968816e-01 6.087606e-01
    outer loop
      vertex   8.010462e+01 1.815036e+01 4.707107e+00
      vertex   8.264935e+01 1.516853e+01 4.555570e+00
      vertex   8.022872e+01 1.824964e+01 4.500000e+00
    endloop
  endfacet
  facet normal 6.698259e-01 5.355169e-01 5.143490e-01
    outer loop
      vertex   8.022872e+01 1.824964e+01 4.500000e+00
      vertex   8.264935e+01 1.516853e+01 4.555570e+00
      vertex   8.275432e+01 1.511808e+01 4.471397e+00
    endloop
  endfacet
  facet normal 7.057213e-01 5.652633e-01 4.271241e-01
    outer loop
      vertex   8.022872e+01 1.824964e+01 4.500000e+00
      vertex   8.275432e+01 1.511808e+01 4.471397e+00
      vertex   8.284162e+01 1.507612e+01 4.382683e+00
    endloop
  endfacet
  facet normal 7.201269e-01 5.787670e-01 3.826826e-01
    outer loop
      vertex   8.022872e+01 1.824964e+01 4.500000e+00
      vertex   8.284162e+01 1.507612e+01 4.382683e+00
      vertex   8.030673e+01 1.831205e+01 4.258819e+00
    endloop
  endfacet
  facet normal 7.349980e-01 5.886507e-01 3.365536e-01
    outer loop
      vertex   8.030673e+01 1.831205e+01 4.258819e+00
      vertex   8.284162e+01 1.507612e+01 4.382683e+00
      vertex   8.291041e+01 1.504306e+01 4.290285e+00
    endloop
  endfacet
  facet normal 7.576020e-01 6.057549e-01 2.431053e-01
    outer loop
      vertex   8.030673e+01 1.831205e+01 4.258819e+00
      vertex   8.291041e+01 1.504306e+01 4.290285e+00
      vertex   8.296002e+01 1.501921e+01 4.195090e+00
    endloop
  endfacet
  facet normal 7.716671e-01 6.189608e-01 1.463466e-01
    outer loop
      vertex   8.296002e+01 1.501921e+01 4.195090e+00
      vertex   8.298998e+01 1.500482e+01 4.098017e+00
      vertex   8.030673e+01 1.831205e+01 4.258819e+00
    endloop
  endfacet
  facet normal 7.714520e-01 6.186729e-01 1.486796e-01
    outer loop
      vertex   8.030673e+01 1.831205e+01 4.258819e+00
      vertex   8.298998e+01 1.500482e+01 4.098017e+00
      vertex   7.780000e+01 2.150000e+01 4.000000e+00
    endloop
  endfacet
  facet normal 7.741884e-01 6.193507e-01 1.305262e-01
    outer loop
      vertex   8.030673e+01 1.831205e+01 4.258819e+00
      vertex   7.780000e+01 2.150000e+01 4.000000e+00
      vertex   7.764006e+01 2.164538e+01 4.258819e+00
    endloop
  endfacet
  facet normal 7.799282e-01 6.239426e-01 4.906767e-02
    outer loop
      vertex   8.298998e+01 1.500482e+01 4.098017e+00
      vertex   8.300000e+01 1.500000e+01 4.000000e+00
      vertex   7.780000e+01 2.150000e+01 4.000000e+00
    endloop
  endfacet
  facet normal 2.988256e-01 2.390605e-01 9.238795e-01
    outer loop
      vertex   7.727623e+01 2.135432e+01 4.866025e+00
      vertex   7.708790e+01 2.120365e+01 4.965926e+00
      vertex   7.975457e+01 1.787032e+01 4.965926e+00
    endloop
  endfacet
  facet normal 4.753628e-01 3.802903e-01 7.933533e-01
    outer loop
      vertex   7.743796e+01 2.148370e+01 4.707107e+00
      vertex   7.727623e+01 2.135432e+01 4.866025e+00
      vertex   7.994290e+01 1.802099e+01 4.866025e+00
    endloop
  endfacet
  facet normal 2.988256e-01 2.390605e-01 9.238795e-01
    outer loop
      vertex   7.994290e+01 1.802099e+01 4.866025e+00
      vertex   7.727623e+01 2.135432e+01 4.866025e+00
      vertex   7.975457e+01 1.787032e+01 4.965926e+00
    endloop
  endfacet
  facet normal 6.195049e-01 4.956039e-01 6.087614e-01
    outer loop
      vertex   7.756205e+01 2.158297e+01 4.500000e+00
      vertex   7.743796e+01 2.148370e+01 4.707107e+00
      vertex   8.010462e+01 1.815036e+01 4.707107e+00
    endloop
  endfacet
  facet normal 4.753628e-01 3.802903e-01 7.933533e-01
    outer loop
      vertex   8.010462e+01 1.815036e+01 4.707107e+00
      vertex   7.743796e+01 2.148370e+01 4.707107e+00
      vertex   7.994290e+01 1.802099e+01 4.866025e+00
    endloop
  endfacet
  facet normal 7.214287e-01 5.771430e-01 3.826834e-01
    outer loop
      vertex   7.764006e+01 2.164538e+01 4.258819e+00
      vertex   7.756205e+01 2.158297e+01 4.500000e+00
      vertex   8.022872e+01 1.824964e+01 4.500000e+00
    endloop
  endfacet
  facet normal 6.195049e-01 4.956039e-01 6.087614e-01
    outer loop
      vertex   8.022872e+01 1.824964e+01 4.500000e+00
      vertex   7.756205e+01 2.158297e+01 4.500000e+00
      vertex   8.010462e+01 1.815036e+01 4.707107e+00
    endloop
  endfacet
  facet normal 7.214287e-01 5.771430e-01 3.826834e-01
    outer loop
      vertex   8.030673e+01 1.831205e+01 4.258819e+00
      vertex   7.764006e+01 2.164538e+01 4.258819e+00
      vertex   8.022872e+01 1.824964e+01 4.500000e+00
    endloop
  endfacet
  facet normal -1.392907e-16 -9.801714e-02 9.951847e-01
    outer loop
      vertex   8.091938e+01 1.600000e+01 5.000000e+00
      vertex   7.591938e+01 1.600000e+01 5.000000e+00
      vertex   8.132529e+01 1.580491e+01 4.980785e+00
    endloop
  endfacet
  facet normal -2.332251e-03 -1.618192e-01 9.868177e-01
    outer loop
      vertex   8.132529e+01 1.580491e+01 4.980785e+00
      vertex   7.591938e+01 1.600000e+01 5.000000e+00
      vertex   7.945969e+01 1.574118e+01 4.965926e+00
    endloop
  endfacet
  facet normal 2.144616e-03 -2.861952e-01 9.581689e-01
    outer loop
      vertex   8.132529e+01 1.580491e+01 4.980785e+00
      vertex   7.945969e+01 1.574118e+01 4.965926e+00
      vertex   8.171560e+01 1.561732e+01 4.923880e+00
    endloop
  endfacet
  facet normal -3.792298e-03 -3.826807e-01 9.238729e-01
    outer loop
      vertex   8.171560e+01 1.561732e+01 4.923880e+00
      vertex   7.945969e+01 1.574118e+01 4.965926e+00
      vertex   7.945969e+01 1.550000e+01 4.866025e+00
    endloop
  endfacet
  facet normal 1.714813e-03 -4.686187e-01 8.833989e-01
    outer loop
      vertex   8.171560e+01 1.561732e+01 4.923880e+00
      vertex   7.945969e+01 1.550000e+01 4.866025e+00
      vertex   8.207531e+01 1.544443e+01 4.831470e+00
    endloop
  endfacet
  facet normal -2.452207e-03 -6.087596e-01 7.933510e-01
    outer loop
      vertex   8.207531e+01 1.544443e+01 4.831470e+00
      vertex   7.945969e+01 1.550000e+01 4.866025e+00
      vertex   7.945969e+01 1.529289e+01 4.707107e+00
    endloop
  endfacet
  facet normal -7.729217e-16 -6.343933e-01 7.730105e-01
    outer loop
      vertex   8.207531e+01 1.544443e+01 4.831470e+00
      vertex   7.945969e+01 1.529289e+01 4.707107e+00
      vertex   8.239060e+01 1.529289e+01 4.707107e+00
    endloop
  endfacet
  facet normal -9.370071e-16 -7.730105e-01 6.343933e-01
    outer loop
      vertex   8.239060e+01 1.529289e+01 4.707107e+00
      vertex   7.945969e+01 1.529289e+01 4.707107e+00
      vertex   8.264935e+01 1.516853e+01 4.555570e+00
    endloop
  endfacet
  facet normal -2.010885e-03 -7.933517e-01 6.087602e-01
    outer loop
      vertex   8.264935e+01 1.516853e+01 4.555570e+00
      vertex   7.945969e+01 1.529289e+01 4.707107e+00
      vertex   7.945969e+01 1.513397e+01 4.500000e+00
    endloop
  endfacet
  facet normal 3.284651e-04 -8.575479e-01 5.144040e-01
    outer loop
      vertex   8.264935e+01 1.516853e+01 4.555570e+00
      vertex   7.945969e+01 1.513397e+01 4.500000e+00
      vertex   8.275432e+01 1.511808e+01 4.471397e+00
    endloop
  endfacet
  facet normal -6.553848e-04 -9.042382e-01 4.270279e-01
    outer loop
      vertex   8.275432e+01 1.511808e+01 4.471397e+00
      vertex   7.945969e+01 1.513397e+01 4.500000e+00
      vertex   8.284162e+01 1.507612e+01 4.382683e+00
    endloop
  endfacet
  facet normal -2.529650e-03 -9.238766e-01 3.826822e-01
    outer loop
      vertex   8.284162e+01 1.507612e+01 4.382683e+00
      vertex   7.945969e+01 1.513397e+01 4.500000e+00
      vertex   7.945969e+01 1.503407e+01 4.258819e+00
    endloop
  endfacet
  facet normal -6.161361e-04 -9.416893e-01 3.364831e-01
    outer loop
      vertex   8.284162e+01 1.507612e+01 4.382683e+00
      vertex   7.945969e+01 1.503407e+01 4.258819e+00
      vertex   8.291041e+01 1.504306e+01 4.290285e+00
    endloop
  endfacet
  facet normal 3.087980e-04 -9.699933e-01 2.431316e-01
    outer loop
      vertex   8.291041e+01 1.504306e+01 4.290285e+00
      vertex   7.945969e+01 1.503407e+01 4.258819e+00
      vertex   8.296002e+01 1.501921e+01 4.195090e+00
    endloop
  endfacet
  facet normal -1.536500e-03 -9.892441e-01 1.462663e-01
    outer loop
      vertex   8.296002e+01 1.501921e+01 4.195090e+00
      vertex   7.945969e+01 1.503407e+01 4.258819e+00
      vertex   8.298998e+01 1.500482e+01 4.098017e+00
    endloop
  endfacet
  facet normal -1.016797e-15 -9.838460e-01 1.790169e-01
    outer loop
      vertex   8.298998e+01 1.500482e+01 4.098017e+00
      vertex   7.945969e+01 1.503407e+01 4.258819e+00
      vertex   7.798998e+01 1.500482e+01 4.098017e+00
    endloop
  endfacet
  facet normal -1.055814e-15 -9.987955e-01 4.906767e-02
    outer loop
      vertex   8.298998e+01 1.500482e+01 4.098017e+00
      vertex   7.798998e+01 1.500482e+01 4.098017e+00
      vertex   7.800000e+01 1.500000e+01 4.000000e+00
    endloop
  endfacet
  facet normal 2.847009e-03 -9.214839e-02 9.957412e-01
    outer loop
      vertex   7.591938e+01 1.600000e+01 5.000000e+00
      vertex   7.632529e+01 1.580491e+01 4.980785e+00
      vertex   7.945969e+01 1.574118e+01 4.965926e+00
    endloop
  endfacet
  facet normal -1.424528e-03 -2.929974e-01 9.561122e-01
    outer loop
      vertex   7.945969e+01 1.574118e+01 4.965926e+00
      vertex   7.632529e+01 1.580491e+01 4.980785e+00
      vertex   7.671560e+01 1.561732e+01 4.923880e+00
    endloop
  endfacet
  facet normal 3.117642e-03 -3.826816e-01 9.238750e-01
    outer loop
      vertex   7.945969e+01 1.574118e+01 4.965926e+00
      vertex   7.671560e+01 1.561732e+01 4.923880e+00
      vertex   7.945969e+01 1.550000e+01 4.866025e+00
    endloop
  endfacet
  facet normal -1.709064e-03 -4.741595e-01 8.804373e-01
    outer loop
      vertex   7.945969e+01 1.550000e+01 4.866025e+00
      vertex   7.671560e+01 1.561732e+01 4.923880e+00
      vertex   7.707531e+01 1.544443e+01 4.831470e+00
    endloop
  endfacet
  facet normal 2.690025e-03 -6.087592e-01 7.933505e-01
    outer loop
      vertex   7.945969e+01 1.550000e+01 4.866025e+00
      vertex   7.707531e+01 1.544443e+01 4.831470e+00
      vertex   7.945969e+01 1.529289e+01 4.707107e+00
    endloop
  endfacet
  facet normal 1.190058e-16 -6.343933e-01 7.730105e-01
    outer loop
      vertex   7.945969e+01 1.529289e+01 4.707107e+00
      vertex   7.707531e+01 1.544443e+01 4.831470e+00
      vertex   7.739060e+01 1.529289e+01 4.707107e+00
    endloop
  endfacet
  facet normal -1.190058e-16 -7.730105e-01 6.343933e-01
    outer loop
      vertex   7.945969e+01 1.529289e+01 4.707107e+00
      vertex   7.739060e+01 1.529289e+01 4.707107e+00
      vertex   7.764935e+01 1.516853e+01 4.555570e+00
    endloop
  endfacet
  facet normal 3.543000e-03 -7.933484e-01 6.087576e-01
    outer loop
      vertex   7.945969e+01 1.529289e+01 4.707107e+00
      vertex   7.764935e+01 1.516853e+01 4.555570e+00
      vertex   7.945969e+01 1.513397e+01 4.500000e+00
    endloop
  endfacet
  facet normal -6.152106e-04 -8.580666e-01 5.135381e-01
    outer loop
      vertex   7.945969e+01 1.513397e+01 4.500000e+00
      vertex   7.764935e+01 1.516853e+01 4.555570e+00
      vertex   7.775432e+01 1.511808e+01 4.471397e+00
    endloop
  endfacet
  facet normal 1.233970e-03 -9.035187e-01 4.285468e-01
    outer loop
      vertex   7.945969e+01 1.513397e+01 4.500000e+00
      vertex   7.775432e+01 1.511808e+01 4.471397e+00
      vertex   7.784162e+01 1.507612e+01 4.382683e+00
    endloop
  endfacet
  facet normal 5.287189e-03 -9.238666e-01 3.826781e-01
    outer loop
      vertex   7.945969e+01 1.513397e+01 4.500000e+00
      vertex   7.784162e+01 1.507612e+01 4.382683e+00
      vertex   7.945969e+01 1.503407e+01 4.258819e+00
    endloop
  endfacet
  facet normal 1.402140e-03 -9.412116e-01 3.378147e-01
    outer loop
      vertex   7.945969e+01 1.503407e+01 4.258819e+00
      vertex   7.784162e+01 1.507612e+01 4.382683e+00
      vertex   7.791041e+01 1.504306e+01 4.290285e+00
    endloop
  endfacet
  facet normal -6.985389e-04 -9.701168e-01 2.426375e-01
    outer loop
      vertex   7.945969e+01 1.503407e+01 4.258819e+00
      vertex   7.791041e+01 1.504306e+01 4.290285e+00
      vertex   7.796002e+01 1.501921e+01 4.195090e+00
    endloop
  endfacet
  facet normal 3.519164e-03 -9.890122e-01 1.477922e-01
    outer loop
      vertex   7.796002e+01 1.501921e+01 4.195090e+00
      vertex   7.798998e+01 1.500482e+01 4.098017e+00
      vertex   7.945969e+01 1.503407e+01 4.258819e+00
    endloop
  endfacet
  facet normal 0.000000e+00 -9.987955e-01 4.906767e-02
    outer loop
      vertex   7.800000e+01 1.500000e+01 4.000000e+00
      vertex   8.300000e+01 1.500000e+01 4.000000e+00
      vertex   8.298998e+01 1.500482e+01 4.098017e+00
    endloop
  endfacet
  facet normal 7.653853e-02 6.123082e-02 9.951847e-01
    outer loop
      vertex   7.591938e+01 1.600000e+01 5.000000e+00
      vertex   8.391938e+01 6.000000e+00 5.000000e+00
      vertex   7.632529e+01 1.580491e+01 4.980785e+00
    endloop
  endfacet
  facet normal 1.253925e-01 9.905342e-02 9.871500e-01
    outer loop
      vertex   7.632529e+01 1.580491e+01 4.980785e+00
      vertex   8.391938e+01 6.000000e+00 5.000000e+00
      vertex   7.922140e+01 1.228678e+01 4.965926e+00
    endloop
  endfacet
  facet normal 2.275082e-01 1.832448e-01 9.563793e-01
    outer loop
      vertex   7.632529e+01 1.580491e+01 4.980785e+00
      vertex   7.922140e+01 1.228678e+01 4.965926e+00
      vertex   7.671560e+01 1.561732e+01 4.923880e+00
    endloop
  endfacet
  facet normal 3.001078e-01 2.374564e-01 9.238776e-01
    outer loop
      vertex   7.671560e+01 1.561732e+01 4.923880e+00
      vertex   7.922140e+01 1.228678e+01 4.965926e+00
      vertex   7.940973e+01 1.243745e+01 4.866025e+00
    endloop
  endfacet
  facet normal 3.687946e-01 2.964316e-01 8.809761e-01
    outer loop
      vertex   7.671560e+01 1.561732e+01 4.923880e+00
      vertex   7.940973e+01 1.243745e+01 4.866025e+00
      vertex   7.707531e+01 1.544443e+01 4.831470e+00
    endloop
  endfacet
  facet normal 4.764148e-01 3.789739e-01 7.933522e-01
    outer loop
      vertex   7.707531e+01 1.544443e+01 4.831470e+00
      vertex   7.940973e+01 1.243745e+01 4.866025e+00
      vertex   7.957145e+01 1.256683e+01 4.707107e+00
    endloop
  endfacet
  facet normal 4.953779e-01 3.963023e-01 7.730105e-01
    outer loop
      vertex   7.707531e+01 1.544443e+01 4.831470e+00
      vertex   7.957145e+01 1.256683e+01 4.707107e+00
      vertex   7.739060e+01 1.529289e+01 4.707107e+00
    endloop
  endfacet
  facet normal 6.036198e-01 4.828958e-01 6.343933e-01
    outer loop
      vertex   7.739060e+01 1.529289e+01 4.707107e+00
      vertex   7.957145e+01 1.256683e+01 4.707107e+00
      vertex   7.764935e+01 1.516853e+01 4.555570e+00
    endloop
  endfacet
  facet normal 6.207433e-01 4.940534e-01 6.087602e-01
    outer loop
      vertex   7.764935e+01 1.516853e+01 4.555570e+00
      vertex   7.957145e+01 1.256683e+01 4.707107e+00
      vertex   7.969555e+01 1.266610e+01 4.500000e+00
    endloop
  endfacet
  facet normal 6.697073e-01 5.361994e-01 5.137920e-01
    outer loop
      vertex   7.764935e+01 1.516853e+01 4.555570e+00
      vertex   7.969555e+01 1.266610e+01 4.500000e+00
      vertex   7.775432e+01 1.511808e+01 4.471397e+00
    endloop
  endfacet
  facet normal 7.061189e-01 5.640268e-01 4.281002e-01
    outer loop
      vertex   7.775432e+01 1.511808e+01 4.471397e+00
      vertex   7.969555e+01 1.266610e+01 4.500000e+00
      vertex   7.784162e+01 1.507612e+01 4.382683e+00
    endloop
  endfacet
  facet normal 7.231838e-01 5.749432e-01 3.826819e-01
    outer loop
      vertex   7.784162e+01 1.507612e+01 4.382683e+00
      vertex   7.969555e+01 1.266610e+01 4.500000e+00
      vertex   7.977356e+01 1.272851e+01 4.258819e+00
    endloop
  endfacet
  facet normal 7.355417e-01 5.875038e-01 3.373688e-01
    outer loop
      vertex   7.784162e+01 1.507612e+01 4.382683e+00
      vertex   7.977356e+01 1.272851e+01 4.258819e+00
      vertex   7.791041e+01 1.504306e+01 4.290285e+00
    endloop
  endfacet
  facet normal 7.572755e-01 6.062844e-01 2.428025e-01
    outer loop
      vertex   7.791041e+01 1.504306e+01 4.290285e+00
      vertex   7.977356e+01 1.272851e+01 4.258819e+00
      vertex   7.796002e+01 1.501921e+01 4.195090e+00
    endloop
  endfacet
  facet normal 7.734878e-01 6.164621e-01 1.472792e-01
    outer loop
      vertex   7.796002e+01 1.501921e+01 4.195090e+00
      vertex   7.977356e+01 1.272851e+01 4.258819e+00
      vertex   7.798998e+01 1.500482e+01 4.098017e+00
    endloop
  endfacet
  facet normal 7.844607e-01 6.181747e-01 4.981432e-02
    outer loop
      vertex   7.798998e+01 1.500482e+01 4.098017e+00
      vertex   7.977356e+01 1.272851e+01 4.258819e+00
      vertex   7.800000e+01 1.500000e+01 4.000000e+00
    endloop
  endfacet
  facet normal 7.741884e-01 6.193507e-01 1.305262e-01
    outer loop
      vertex   7.800000e+01 1.500000e+01 4.000000e+00
      vertex   7.977356e+01 1.272851e+01 4.258819e+00
      vertex   8.287348e+01 8.853613e+00 4.258819e+00
    endloop
  endfacet
  facet normal 7.709579e-01 6.178079e-01 1.547167e-01
    outer loop
      vertex   7.800000e+01 1.500000e+01 4.000000e+00
      vertex   8.287348e+01 8.853613e+00 4.258819e+00
      vertex   8.598998e+01 5.004815e+00 4.098017e+00
    endloop
  endfacet
  facet normal 7.717733e-01 6.188156e-01 1.464010e-01
    outer loop
      vertex   8.598998e+01 5.004815e+00 4.098017e+00
      vertex   8.287348e+01 8.853613e+00 4.258819e+00
      vertex   8.596002e+01 5.019215e+00 4.195090e+00
    endloop
  endfacet
  facet normal 7.575829e-01 6.057859e-01 2.430876e-01
    outer loop
      vertex   8.596002e+01 5.019215e+00 4.195090e+00
      vertex   8.287348e+01 8.853613e+00 4.258819e+00
      vertex   8.591041e+01 5.043060e+00 4.290285e+00
    endloop
  endfacet
  facet normal 7.350298e-01 5.885837e-01 3.366013e-01
    outer loop
      vertex   8.591041e+01 5.043060e+00 4.290285e+00
      vertex   8.287348e+01 8.853613e+00 4.258819e+00
      vertex   8.584162e+01 5.076121e+00 4.382683e+00
    endloop
  endfacet
  facet normal 7.203151e-01 5.785327e-01 3.826828e-01
    outer loop
      vertex   8.584162e+01 5.076121e+00 4.382683e+00
      vertex   8.287348e+01 8.853613e+00 4.258819e+00
      vertex   8.279547e+01 8.791205e+00 4.500000e+00
    endloop
  endfacet
  facet normal 7.057473e-01 5.651825e-01 4.271879e-01
    outer loop
      vertex   8.584162e+01 5.076121e+00 4.382683e+00
      vertex   8.279547e+01 8.791205e+00 4.500000e+00
      vertex   8.575432e+01 5.118079e+00 4.471397e+00
    endloop
  endfacet
  facet normal 6.698181e-01 5.355616e-01 5.143125e-01
    outer loop
      vertex   8.575432e+01 5.118079e+00 4.471397e+00
      vertex   8.279547e+01 8.791205e+00 4.500000e+00
      vertex   8.564935e+01 5.168530e+00 4.555570e+00
    endloop
  endfacet
  facet normal 6.186354e-01 4.966895e-01 6.087608e-01
    outer loop
      vertex   8.564935e+01 5.168530e+00 4.555570e+00
      vertex   8.279547e+01 8.791205e+00 4.500000e+00
      vertex   8.267137e+01 8.691930e+00 4.707107e+00
    endloop
  endfacet
  facet normal 6.036198e-01 4.828958e-01 6.343933e-01
    outer loop
      vertex   8.564935e+01 5.168530e+00 4.555570e+00
      vertex   8.267137e+01 8.691930e+00 4.707107e+00
      vertex   8.539060e+01 5.292893e+00 4.707107e+00
    endloop
  endfacet
  facet normal 4.953779e-01 3.963023e-01 7.730105e-01
    outer loop
      vertex   8.539060e+01 5.292893e+00 4.707107e+00
      vertex   8.267137e+01 8.691930e+00 4.707107e+00
      vertex   8.507531e+01 5.444430e+00 4.831470e+00
    endloop
  endfacet
  facet normal 4.743698e-01 3.815302e-01 7.933523e-01
    outer loop
      vertex   8.507531e+01 5.444430e+00 4.831470e+00
      vertex   8.267137e+01 8.691930e+00 4.707107e+00
      vertex   8.250965e+01 8.562551e+00 4.866025e+00
    endloop
  endfacet
  facet normal 3.674000e-01 2.925210e-01 8.828639e-01
    outer loop
      vertex   8.507531e+01 5.444430e+00 4.831470e+00
      vertex   8.250965e+01 8.562551e+00 4.866025e+00
      vertex   8.471560e+01 5.617317e+00 4.923880e+00
    endloop
  endfacet
  facet normal 2.973716e-01 2.408762e-01 9.238770e-01
    outer loop
      vertex   8.471560e+01 5.617317e+00 4.923880e+00
      vertex   8.250965e+01 8.562551e+00 4.866025e+00
      vertex   8.232132e+01 8.411886e+00 4.965926e+00
    endloop
  endfacet
  facet normal 2.255925e-01 1.788703e-01 9.576604e-01
    outer loop
      vertex   8.471560e+01 5.617317e+00 4.923880e+00
      vertex   8.232132e+01 8.411886e+00 4.965926e+00
      vertex   8.432529e+01 5.804910e+00 4.980785e+00
    endloop
  endfacet
  facet normal 7.899435e-02 6.639198e-02 9.946618e-01
    outer loop
      vertex   8.432529e+01 5.804910e+00 4.980785e+00
      vertex   8.232132e+01 8.411886e+00 4.965926e+00
      vertex   8.391938e+01 6.000000e+00 5.000000e+00
    endloop
  endfacet
  facet normal 1.019238e-01 8.153907e-02 9.914449e-01
    outer loop
      vertex   8.391938e+01 6.000000e+00 5.000000e+00
      vertex   8.232132e+01 8.411886e+00 4.965926e+00
      vertex   7.922140e+01 1.228678e+01 4.965926e+00
    endloop
  endfacet
  facet normal 7.799282e-01 6.239426e-01 4.906767e-02
    outer loop
      vertex   8.598998e+01 5.004815e+00 4.098017e+00
      vertex   8.600000e+01 5.000000e+00 4.000000e+00
      vertex   7.800000e+01 1.500000e+01 4.000000e+00
    endloop
  endfacet
  facet normal 2.988256e-01 2.390604e-01 9.238795e-01
    outer loop
      vertex   7.940973e+01 1.243745e+01 4.866025e+00
      vertex   7.922140e+01 1.228678e+01 4.965926e+00
      vertex   8.232132e+01 8.411886e+00 4.965926e+00
    endloop
  endfacet
  facet normal 4.753628e-01 3.802902e-01 7.933533e-01
    outer loop
      vertex   7.957145e+01 1.256683e+01 4.707107e+00
      vertex   7.940973e+01 1.243745e+01 4.866025e+00
      vertex   8.250965e+01 8.562551e+00 4.866025e+00
    endloop
  endfacet
  facet normal 2.988256e-01 2.390604e-01 9.238795e-01
    outer loop
      vertex   8.250965e+01 8.562551e+00 4.866025e+00
      vertex   7.940973e+01 1.243745e+01 4.866025e+00
      vertex   8.232132e+01 8.411886e+00 4.965926e+00
    endloop
  endfacet
  facet normal 6.195049e-01 4.956039e-01 6.087614e-01
    outer loop
      vertex   7.969555e+01 1.266610e+01 4.500000e+00
      vertex   7.957145e+01 1.256683e+01 4.707107e+00
      vertex   8.267137e+01 8.691930e+00 4.707107e+00
    endloop
  endfacet
  facet normal 4.753628e-01 3.802902e-01 7.933533e-01
    outer loop
      vertex   8.267137e+01 8.691930e+00 4.707107e+00
      vertex   7.957145e+01 1.256683e+01 4.707107e+00
      vertex   8.250965e+01 8.562551e+00 4.866025e+00
    endloop
  endfacet
  facet normal 7.214287e-01 5.771430e-01 3.826834e-01
    outer loop
      vertex   7.977356e+01 1.272851e+01 4.258819e+00
      vertex   7.969555e+01 1.266610e+01 4.500000e+00
      vertex   8.279547e+01 8.791205e+00 4.500000e+00
    endloop
  endfacet
  facet normal 6.195049e-01 4.956039e-01 6.087614e-01
    outer loop
      vertex   8.279547e+01 8.791205e+00 4.500000e+00
      vertex   7.969555e+01 1.266610e+01 4.500000e+00
      vertex   8.267137e+01 8.691930e+00 4.707107e+00
    endloop
  endfacet
  facet normal 7.214287e-01 5.771430e-01 3.826834e-01
    outer loop
      vertex   8.287348e+01 8.853613e+00 4.258819e+00
      vertex   7.977356e+01 1.272851e+01 4.258819e+00
      vertex   8.279547e+01 8.791205e+00 4.500000e+00
    endloop
  endfacet
  facet normal -6.964537e-17 -9.801714e-02 9.951847e-01
    outer loop
      vertex   8.391938e+01 6.000000e+00 5.000000e+00
      vertex   7.891938e+01 6.000000e+00 5.000000e+00
      vertex   8.432529e+01 5.804910e+00 4.980785e+00
    endloop
  endfacet
  facet normal -2.332251e-03 -1.618192e-01 9.868177e-01
    outer loop
      vertex   8.432529e+01 5.804910e+00 4.980785e+00
      vertex   7.891938e+01 6.000000e+00 5.000000e+00
      vertex   8.245969e+01 5.741181e+00 4.965926e+00
    endloop
  endfacet
  facet normal 2.144616e-03 -2.861952e-01 9.581689e-01
    outer loop
      vertex   8.432529e+01 5.804910e+00 4.980785e+00
      vertex   8.245969e+01 5.741181e+00 4.965926e+00
      vertex   8.471560e+01 5.617317e+00 4.923880e+00
    endloop
  endfacet
  facet normal -3.792298e-03 -3.826807e-01 9.238729e-01
    outer loop
      vertex   8.471560e+01 5.617317e+00 4.923880e+00
      vertex   8.245969e+01 5.741181e+00 4.965926e+00
      vertex   8.245969e+01 5.500000e+00 4.866025e+00
    endloop
  endfacet
  facet normal 1.714813e-03 -4.686187e-01 8.833989e-01
    outer loop
      vertex   8.471560e+01 5.617317e+00 4.923880e+00
      vertex   8.245969e+01 5.500000e+00 4.866025e+00
      vertex   8.507531e+01 5.444430e+00 4.831470e+00
    endloop
  endfacet
  facet normal -2.452207e-03 -6.087596e-01 7.933510e-01
    outer loop
      vertex   8.507531e+01 5.444430e+00 4.831470e+00
      vertex   8.245969e+01 5.500000e+00 4.866025e+00
      vertex   8.245969e+01 5.292893e+00 4.707107e+00
    endloop
  endfacet
  facet normal 6.219604e-16 -6.343933e-01 7.730105e-01
    outer loop
      vertex   8.507531e+01 5.444430e+00 4.831470e+00
      vertex   8.245969e+01 5.292893e+00 4.707107e+00
      vertex   8.539060e+01 5.292893e+00 4.707107e+00
    endloop
  endfacet
  facet normal 6.607490e-16 -7.730105e-01 6.343933e-01
    outer loop
      vertex   8.539060e+01 5.292893e+00 4.707107e+00
      vertex   8.245969e+01 5.292893e+00 4.707107e+00
      vertex   8.564935e+01 5.168530e+00 4.555570e+00
    endloop
  endfacet
  facet normal -2.010885e-03 -7.933517e-01 6.087602e-01
    outer loop
      vertex   8.564935e+01 5.168530e+00 4.555570e+00
      vertex   8.245969e+01 5.292893e+00 4.707107e+00
      vertex   8.245969e+01 5.133975e+00 4.500000e+00
    endloop
  endfacet
  facet normal 3.284651e-04 -8.575479e-01 5.144040e-01
    outer loop
      vertex   8.564935e+01 5.168530e+00 4.555570e+00
      vertex   8.245969e+01 5.133975e+00 4.500000e+00
      vertex   8.575432e+01 5.118079e+00 4.471397e+00
    endloop
  endfacet
  facet normal -6.553848e-04 -9.042382e-01 4.270279e-01
    outer loop
      vertex   8.575432e+01 5.118079e+00 4.471397e+00
      vertex   8.245969e+01 5.133975e+00 4.500000e+00
      vertex   8.584162e+01 5.076121e+00 4.382683e+00
    endloop
  endfacet
  facet normal -2.529650e-03 -9.238766e-01 3.826822e-01
    outer loop
      vertex   8.584162e+01 5.076121e+00 4.382683e+00
      vertex   8.245969e+01 5.133975e+00 4.500000e+00
      vertex   8.245969e+01 5.034074e+00 4.258819e+00
    endloop
  endfacet
  facet normal -6.161361e-04 -9.416893e-01 3.364831e-01
    outer loop
      vertex   8.584162e+01 5.076121e+00 4.382683e+00
      vertex   8.245969e+01 5.034074e+00 4.258819e+00
      vertex   8.591041e+01 5.043060e+00 4.290285e+00
    endloop
  endfacet
  facet normal 3.087980e-04 -9.699933e-01 2.431316e-01
    outer loop
      vertex   8.591041e+01 5.043060e+00 4.290285e+00
      vertex   8.245969e+01 5.034074e+00 4.258819e+00
      vertex   8.596002e+01 5.019215e+00 4.195090e+00
    endloop
  endfacet
  facet normal -1.536500e-03 -9.892441e-01 1.462663e-01
    outer loop
      vertex   8.596002e+01 5.019215e+00 4.195090e+00
      vertex   8.245969e+01 5.034074e+00 4.258819e+00
      vertex   8.598998e+01 5.004815e+00 4.098017e+00
    endloop
  endfacet
  facet normal 5.242985e-16 -9.838460e-01 1.790169e-01
    outer loop
      vertex   8.598998e+01 5.004815e+00 4.098017e+00
      vertex   8.245969e+01 5.034074e+00 4.258819e+00
      vertex   8.098998e+01 5.004815e+00 4.098017e+00
    endloop
  endfacet
  facet normal 5.322651e-16 -9.987955e-01 4.906767e-02
    outer loop
      vertex   8.598998e+01 5.004815e+00 4.098017e+00
      vertex   8.098998e+01 5.004815e+00 4.098017e+00
      vertex   8.100000e+01 5.000000e+00 4.000000e+00
    endloop
  endfacet
  facet normal 2.847009e-03 -9.214839e-02 9.957412e-01
    outer loop
      vertex   7.891938e+01 6.000000e+00 5.000000e+00
      vertex   7.932529e+01 5.804910e+00 4.980785e+00
      vertex   8.245969e+01 5.741181e+00 4.965926e+00
    endloop
  endfacet
  facet normal -1.424528e-03 -2.929974e-01 9.561122e-01
    outer loop
      vertex   8.245969e+01 5.741181e+00 4.965926e+00
      vertex   7.932529e+01 5.804910e+00 4.980785e+00
      vertex   7.971560e+01 5.617317e+00 4.923880e+00
    endloop
  endfacet
  facet normal 3.117642e-03 -3.826816e-01 9.238750e-01
    outer loop
      vertex   8.245969e+01 5.741181e+00 4.965926e+00
      vertex   7.971560e+01 5.617317e+00 4.923880e+00
      vertex   8.245969e+01 5.500000e+00 4.866025e+00
    endloop
  endfacet
  facet normal -1.709064e-03 -4.741595e-01 8.804373e-01
    outer loop
      vertex   8.245969e+01 5.500000e+00 4.866025e+00
      vertex   7.971560e+01 5.617317e+00 4.923880e+00
      vertex   8.007531e+01 5.444430e+00 4.831470e+00
    endloop
  endfacet
  facet normal 2.690025e-03 -6.087592e-01 7.933505e-01
    outer loop
      vertex   8.245969e+01 5.500000e+00 4.866025e+00
      vertex   8.007531e+01 5.444430e+00 4.831470e+00
      vertex   8.245969e+01 5.292893e+00 4.707107e+00
    endloop
  endfacet
  facet normal 0.000000e+00 -6.343933e-01 7.730105e-01
    outer loop
      vertex   8.245969e+01 5.292893e+00 4.707107e+00
      vertex   8.007531e+01 5.444430e+00 4.831470e+00
      vertex   8.039060e+01 5.292893e+00 4.707107e+00
    endloop
  endfacet
  facet normal 0.000000e+00 -7.730105e-01 6.343933e-01
    outer loop
      vertex   8.245969e+01 5.292893e+00 4.707107e+00
      vertex   8.039060e+01 5.292893e+00 4.707107e+00
      vertex   8.064935e+01 5.168530e+00 4.555570e+00
    endloop
  endfacet
  facet normal 3.543000e-03 -7.933484e-01 6.087576e-01
    outer loop
      vertex   8.245969e+01 5.292893e+00 4.707107e+00
      vertex   8.064935e+01 5.168530e+00 4.555570e+00
      vertex   8.245969e+01 5.133975e+00 4.500000e+00
    endloop
  endfacet
  facet normal -6.152106e-04 -8.580666e-01 5.135381e-01
    outer loop
      vertex   8.245969e+01 5.133975e+00 4.500000e+00
      vertex   8.064935e+01 5.168530e+00 4.555570e+00
      vertex   8.075432e+01 5.118079e+00 4.471397e+00
    endloop
  endfacet
  facet normal 1.233970e-03 -9.035187e-01 4.285468e-01
    outer loop
      vertex   8.245969e+01 5.133975e+00 4.500000e+00
      vertex   8.075432e+01 5.118079e+00 4.471397e+00
      vertex   8.084162e+01 5.076121e+00 4.382683e+00
    endloop
  endfacet
  facet normal 5.287189e-03 -9.238666e-01 3.826781e-01
    outer loop
      vertex   8.245969e+01 5.133975e+00 4.500000e+00
      vertex   8.084162e+01 5.076121e+00 4.382683e+00
      vertex   8.245969e+01 5.034074e+00 4.258819e+00
    endloop
  endfacet
  facet normal 1.402140e-03 -9.412116e-01 3.378147e-01
    outer loop
      vertex   8.245969e+01 5.034074e+00 4.258819e+00
      vertex   8.084162e+01 5.076121e+00 4.382683e+00
      vertex   8.091041e+01 5.043060e+00 4.290285e+00
    endloop
  endfacet
  facet normal -6.985389e-04 -9.701168e-01 2.426375e-01
    outer loop
      vertex   8.245969e+01 5.034074e+00 4.258819e+00
      vertex   8.091041e+01 5.043060e+00 4.290285e+00
      vertex   8.096002e+01 5.019215e+00 4.195090e+00
    endloop
  endfacet
  facet normal 3.519164e-03 -9.890122e-01 1.477922e-01
    outer loop
      vertex   8.096002e+01 5.019215e+00 4.195090e+00
      vertex   8.098998e+01 5.004815e+00 4.098017e+00
      vertex   8.245969e+01 5.034074e+00 4.258819e+00
    endloop
  endfacet
  facet normal 0.000000e+00 -9.987955e-01 4.906767e-02
    outer loop
      vertex   8.100000e+01 5.000000e+00 4.000000e+00
      vertex   8.600000e+01 5.000000e+00 4.000000e+00
      vertex   8.598998e+01 5.004815e+00 4.098017e+00
    endloop
  endfacet
  facet normal 7.653853e-02 6.123082e-02 9.951847e-01
    outer loop
      vertex   7.891938e+01 6.000000e+00 5.000000e+00
      vertex   8.691938e+01 -4.000000e+00 5.000000e+00
      vertex   7.932529e+01 5.804910e+00 4.980785e+00
    endloop
  endfacet
  facet normal 1.253925e-01 9.905342e-02 9.871500e-01
    outer loop
      vertex   7.932529e+01 5.804910e+00 4.980785e+00
      vertex   8.691938e+01 -4.000000e+00 5.000000e+00
      vertex   8.222140e+01 2.286785e+00 4.965926e+00
    endloop
  endfacet
  facet normal 2.275082e-01 1.832448e-01 9.563793e-01
    outer loop
      vertex   7.932529e+01 5.804910e+00 4.980785e+00
      vertex   8.222140e+01 2.286785e+00 4.965926e+00
      vertex   7.971560e+01 5.617317e+00 4.923880e+00
    endloop
  endfacet
  facet normal 3.001078e-01 2.374564e-01 9.238776e-01
    outer loop
      vertex   7.971560e+01 5.617317e+00 4.923880e+00
      vertex   8.222140e+01 2.286785e+00 4.965926e+00
      vertex   8.240973e+01 2.437449e+00 4.866025e+00
    endloop
  endfacet
  facet normal 3.687946e-01 2.964316e-01 8.809761e-01
    outer loop
      vertex   7.971560e+01 5.617317e+00 4.923880e+00
      vertex   8.240973e+01 2.437449e+00 4.866025e+00
      vertex   8.007531e+01 5.444430e+00 4.831470e+00
    endloop
  endfacet
  facet normal 4.764148e-01 3.789739e-01 7.933522e-01
    outer loop
      vertex   8.007531e+01 5.444430e+00 4.831470e+00
      vertex   8.240973e+01 2.437449e+00 4.866025e+00
      vertex   8.257145e+01 2.566828e+00 4.707107e+00
    endloop
  endfacet
  facet normal 4.953779e-01 3.963023e-01 7.730105e-01
    outer loop
      vertex   8.007531e+01 5.444430e+00 4.831470e+00
      vertex   8.257145e+01 2.566828e+00 4.707107e+00
      vertex   8.039060e+01 5.292893e+00 4.707107e+00
    endloop
  endfacet
  facet normal 6.036198e-01 4.828958e-01 6.343933e-01
    outer loop
      vertex   8.039060e+01 5.292893e+00 4.707107e+00
      vertex   8.257145e+01 2.566828e+00 4.707107e+00
      vertex   8.064935e+01 5.168530e+00 4.555570e+00
    endloop
  endfacet
  facet normal 6.207433e-01 4.940534e-01 6.087602e-01
    outer loop
      vertex   8.064935e+01 5.168530e+00 4.555570e+00
      vertex   8.257145e+01 2.566828e+00 4.707107e+00
      vertex   8.269555e+01 2.666103e+00 4.500000e+00
    endloop
  endfacet
  facet normal 6.697073e-01 5.361994e-01 5.137920e-01
    outer loop
      vertex   8.064935e+01 5.168530e+00 4.555570e+00
      vertex   8.269555e+01 2.666103e+00 4.500000e+00
      vertex   8.075432e+01 5.118079e+00 4.471397e+00
    endloop
  endfacet
  facet normal 7.061189e-01 5.640268e-01 4.281002e-01
    outer loop
      vertex   8.075432e+01 5.118079e+00 4.471397e+00
      vertex   8.269555e+01 2.666103e+00 4.500000e+00
      vertex   8.084162e+01 5.076121e+00 4.382683e+00
    endloop
  endfacet
  facet normal 7.231838e-01 5.749432e-01 3.826819e-01
    outer loop
      vertex   8.084162e+01 5.076121e+00 4.382683e+00
      vertex   8.269555e+01 2.666103e+00 4.500000e+00
      vertex   8.277356e+01 2.728511e+00 4.258819e+00
    endloop
  endfacet
  facet normal 7.355417e-01 5.875038e-01 3.373688e-01
    outer loop
      vertex   8.084162e+01 5.076121e+00 4.382683e+00
      vertex   8.277356e+01 2.728511e+00 4.258819e+00
      vertex   8.091041e+01 5.043060e+00 4.290285e+00
    endloop
  endfacet
  facet normal 7.572755e-01 6.062844e-01 2.428025e-01
    outer loop
      vertex   8.091041e+01 5.043060e+00 4.290285e+00
      vertex   8.277356e+01 2.728511e+00 4.258819e+00
      vertex   8.096002e+01 5.019215e+00 4.195090e+00
    endloop
  endfacet
  facet normal 7.734878e-01 6.164621e-01 1.472792e-01
    outer loop
      vertex   8.096002e+01 5.019215e+00 4.195090e+00
      vertex   8.277356e+01 2.728511e+00 4.258819e+00
      vertex   8.098998e+01 5.004815e+00 4.098017e+00
    endloop
  endfacet
  facet normal 7.844607e-01 6.181747e-01 4.981432e-02
    outer loop
      vertex   8.098998e+01 5.004815e+00 4.098017e+00
      vertex   8.277356e+01 2.728511e+00 4.258819e+00
      vertex   8.100000e+01 5.000000e+00 4.000000e+00
    endloop
  endfacet
  facet normal 7.741884e-01 6.193507e-01 1.305262e-01
    outer loop
      vertex   8.100000e+01 5.000000e+00 4.000000e+00
      vertex   8.277356e+01 2.728511e+00 4.258819e+00
      vertex   8.587348e+01 -1.146388e+00 4.258819e+00
    endloop
  endfacet
  facet normal 7.709579e-01 6.178079e-01 1.547167e-01
    outer loop
      vertex   8.100000e+01 5.000000e+00 4.000000e+00
      vertex   8.587348e+01 -1.146388e+00 4.258819e+00
      vertex   8.898998e+01 -4.995185e+00 4.098017e+00
    endloop
  endfacet
  facet normal 7.717733e-01 6.188156e-01 1.464010e-01
    outer loop
      vertex   8.898998e+01 -4.995185e+00 4.098017e+00
      vertex   8.587348e+01 -1.146388e+00 4.258819e+00
      vertex   8.896002e+01 -4.980785e+00 4.195090e+00
    endloop
  endfacet
  facet normal 7.575829e-01 6.057859e-01 2.430876e-01
    outer loop
      vertex   8.896002e+01 -4.980785e+00 4.195090e+00
      vertex   8.587348e+01 -1.146388e+00 4.258819e+00
      vertex   8.891041e+01 -4.956940e+00 4.290285e+00
    endloop
  endfacet
  facet normal 7.350298e-01 5.885837e-01 3.366013e-01
    outer loop
      vertex   8.891041e+01 -4.956940e+00 4.290285e+00
      vertex   8.587348e+01 -1.146388e+00 4.258819e+00
      vertex   8.884162e+01 -4.923880e+00 4.382683e+00
    endloop
  endfacet
  facet normal 7.203151e-01 5.785327e-01 3.826828e-01
    outer loop
      vertex   8.884162e+01 -4.923880e+00 4.382683e+00
      vertex   8.587348e+01 -1.146388e+00 4.258819e+00
      vertex   8.579547e+01 -1.208795e+00 4.500000e+00
    endloop
  endfacet
  facet normal 7.057473e-01 5.651825e-01 4.271879e-01
    outer loop
      vertex   8.884162e+01 -4.923880e+00 4.382683e+00
      vertex   8.579547e+01 -1.208795e+00 4.500000e+00
      vertex   8.875432e+01 -4.881921e+00 4.471397e+00
    endloop
  endfacet
  facet normal 6.698181e-01 5.355616e-01 5.143125e-01
    outer loop
      vertex   8.875432e+01 -4.881921e+00 4.471397e+00
      vertex   8.579547e+01 -1.208795e+00 4.500000e+00
      vertex   8.864935e+01 -4.831470e+00 4.555570e+00
    endloop
  endfacet
  facet normal 6.186354e-01 4.966895e-01 6.087608e-01
    outer loop
      vertex   8.864935e+01 -4.831470e+00 4.555570e+00
      vertex   8.579547e+01 -1.208795e+00 4.500000e+00
      vertex   8.567137e+01 -1.308071e+00 4.707107e+00
    endloop
  endfacet
  facet normal 6.036198e-01 4.828958e-01 6.343933e-01
    outer loop
      vertex   8.864935e+01 -4.831470e+00 4.555570e+00
      vertex   8.567137e+01 -1.308071e+00 4.707107e+00
      vertex   8.839060e+01 -4.707107e+00 4.707107e+00
    endloop
  endfacet
  facet normal 4.953779e-01 3.963023e-01 7.730105e-01
    outer loop
      vertex   8.839060e+01 -4.707107e+00 4.707107e+00
      vertex   8.567137e+01 -1.308071e+00 4.707107e+00
      vertex   8.807531e+01 -4.555570e+00 4.831470e+00
    endloop
  endfacet
  facet normal 4.743698e-01 3.815302e-01 7.933523e-01
    outer loop
      vertex   8.807531e+01 -4.555570e+00 4.831470e+00
      vertex   8.567137e+01 -1.308071e+00 4.707107e+00
      vertex   8.550965e+01 -1.437449e+00 4.866025e+00
    endloop
  endfacet
  facet normal 3.674000e-01 2.925210e-01 8.828639e-01
    outer loop
      vertex   8.807531e+01 -4.555570e+00 4.831470e+00
      vertex   8.550965e+01 -1.437449e+00 4.866025e+00
      vertex   8.771560e+01 -4.382684e+00 4.923880e+00
    endloop
  endfacet
  facet normal 2.973716e-01 2.408762e-01 9.238770e-01
    outer loop
      vertex   8.771560e+01 -4.382684e+00 4.923880e+00
      vertex   8.550965e+01 -1.437449e+00 4.866025e+00
      vertex   8.532132e+01 -1.588114e+00 4.965926e+00
    endloop
  endfacet
  facet normal 2.255925e-01 1.788703e-01 9.576604e-01
    outer loop
      vertex   8.771560e+01 -4.382684e+00 4.923880e+00
      vertex   8.532132e+01 -1.588114e+00 4.965926e+00
      vertex   8.732529e+01 -4.195090e+00 4.980785e+00
    endloop
  endfacet
  facet normal 7.899435e-02 6.639198e-02 9.946618e-01
    outer loop
      vertex   8.732529e+01 -4.195090e+00 4.980785e+00
      vertex   8.532132e+01 -1.588114e+00 4.965926e+00
      vertex   8.691938e+01 -4.000000e+00 5.000000e+00
    endloop
  endfacet
  facet normal 1.019238e-01 8.153907e-02 9.914449e-01
    outer loop
      vertex   8.691938e+01 -4.000000e+00 5.000000e+00
      vertex   8.532132e+01 -1.588114e+00 4.965926e+00
      vertex   8.222140e+01 2.286785e+00 4.965926e+00
    endloop
  endfacet
  facet normal 7.799282e-01 6.239426e-01 4.906767e-02
    outer loop
      vertex   8.898998e+01 -4.995185e+00 4.098017e+00
      vertex   8.900000e+01 -5.000000e+00 4.000000e+00
      vertex   8.100000e+01 5.000000e+00 4.000000e+00
    endloop
  endfacet
  facet normal 2.988256e-01 2.390604e-01 9.238795e-01
    outer loop
      vertex   8.240973e+01 2.437449e+00 4.866025e+00
      vertex   8.222140e+01 2.286785e+00 4.965926e+00
      vertex   8.532132e+01 -1.588114e+00 4.965926e+00
    endloop
  endfacet
  facet normal 4.753628e-01 3.802902e-01 7.933533e-01
    outer loop
      vertex   8.257145e+01 2.566828e+00 4.707107e+00
      vertex   8.240973e+01 2.437449e+00 4.866025e+00
      vertex   8.550965e+01 -1.437449e+00 4.866025e+00
    endloop
  endfacet
  facet normal 2.988256e-01 2.390604e-01 9.238795e-01
    outer loop
      vertex   8.550965e+01 -1.437449e+00 4.866025e+00
      vertex   8.240973e+01 2.437449e+00 4.866025e+00
      vertex   8.532132e+01 -1.588114e+00 4.965926e+00
    endloop
  endfacet
  facet normal 6.195049e-01 4.956039e-01 6.087614e-01
    outer loop
      vertex   8.269555e+01 2.666103e+00 4.500000e+00
      vertex   8.257145e+01 2.566828e+00 4.707107e+00
      vertex   8.567137e+01 -1.308071e+00 4.707107e+00
    endloop
  endfacet
  facet normal 4.753628e-01 3.802902e-01 7.933533e-01
    outer loop
      vertex   8.567137e+01 -1.308071e+00 4.707107e+00
      vertex   8.257145e+01 2.566828e+00 4.707107e+00
      vertex   8.550965e+01 -1.437449e+00 4.866025e+00
    endloop
  endfacet
  facet normal 7.214287e-01 5.771430e-01 3.826834e-01
    outer loop
      vertex   8.277356e+01 2.728511e+00 4.258819e+00
      vertex   8.269555e+01 2.666103e+00 4.500000e+00
      vertex   8.579547e+01 -1.208795e+00 4.500000e+00
    endloop
  endfacet
  facet normal 6.195049e-01 4.956039e-01 6.087614e-01
    outer loop
      vertex   8.579547e+01 -1.208795e+00 4.500000e+00
      vertex   8.269555e+01 2.666103e+00 4.500000e+00
      vertex   8.567137e+01 -1.308071e+00 4.707107e+00
    endloop
  endfacet
  facet normal 7.214287e-01 5.771430e-01 3.826834e-01
    outer loop
      vertex   8.587348e+01 -1.146388e+00 4.258819e+00
      vertex   8.277356e+01 2.728511e+00 4.258819e+00
      vertex   8.579547e+01 -1.208795e+00 4.500000e+00
    endloop
  endfacet
  facet normal 0.000000e+00 -9.987955e-01 4.906767e-02
    outer loop
      vertex   8.900000e+01 -5.000000e+00 4.000000e+00
      vertex   8.898998e+01 -4.995185e+00 4.098017e+00
      vertex   8.400000e+01 -5.000000e+00 4.000000e+00
    endloop
  endfacet
  facet normal -2.306497e-15 -9.987955e-01 4.906767e-02
    outer loop
      vertex   8.400000e+01 -5.000000e+00 4.000000e+00
      vertex   8.898998e+01 -4.995185e+00 4.098017e+00
      vertex   8.398998e+01 -4.995185e+00 4.098017e+00
    endloop
  endfacet
  facet normal -2.271960e-15 -9.838460e-01 1.790169e-01
    outer loop
      vertex   8.398998e+01 -4.995185e+00 4.098017e+00
      vertex   8.898998e+01 -4.995185e+00 4.098017e+00
      vertex   8.545969e+01 -4.965926e+00 4.258819e+00
    endloop
  endfacet
  facet normal 3.519164e-03 -9.890122e-01 1.477922e-01
    outer loop
      vertex   8.398998e+01 -4.995185e+00 4.098017e+00
      vertex   8.545969e+01 -4.965926e+00 4.258819e+00
      vertex   8.396002e+01 -4.980785e+00 4.195090e+00
    endloop
  endfacet
  facet normal -6.985389e-04 -9.701168e-01 2.426375e-01
    outer loop
      vertex   8.396002e+01 -4.980785e+00 4.195090e+00
      vertex   8.545969e+01 -4.965926e+00 4.258819e+00
      vertex   8.391041e+01 -4.956940e+00 4.290285e+00
    endloop
  endfacet
  facet normal 1.402140e-03 -9.412116e-01 3.378147e-01
    outer loop
      vertex   8.391041e+01 -4.956940e+00 4.290285e+00
      vertex   8.545969e+01 -4.965926e+00 4.258819e+00
      vertex   8.384162e+01 -4.923880e+00 4.382683e+00
    endloop
  endfacet
  facet normal 5.287189e-03 -9.238666e-01 3.826781e-01
    outer loop
      vertex   8.384162e+01 -4.923880e+00 4.382683e+00
      vertex   8.545969e+01 -4.965926e+00 4.258819e+00
      vertex   8.545969e+01 -4.866025e+00 4.500000e+00
    endloop
  endfacet
  facet normal 1.233970e-03 -9.035187e-01 4.285468e-01
    outer loop
      vertex   8.384162e+01 -4.923880e+00 4.382683e+00
      vertex   8.545969e+01 -4.866025e+00 4.500000e+00
      vertex   8.375432e+01 -4.881921e+00 4.471397e+00
    endloop
  endfacet
  facet normal -6.152106e-04 -8.580666e-01 5.135381e-01
    outer loop
      vertex   8.375432e+01 -4.881921e+00 4.471397e+00
      vertex   8.545969e+01 -4.866025e+00 4.500000e+00
      vertex   8.364935e+01 -4.831470e+00 4.555570e+00
    endloop
  endfacet
  facet normal 3.543000e-03 -7.933484e-01 6.087576e-01
    outer loop
      vertex   8.364935e+01 -4.831470e+00 4.555570e+00
      vertex   8.545969e+01 -4.866025e+00 4.500000e+00
      vertex   8.545969e+01 -4.707107e+00 4.707107e+00
    endloop
  endfacet
  facet normal 2.138401e-16 -7.730105e-01 6.343933e-01
    outer loop
      vertex   8.364935e+01 -4.831470e+00 4.555570e+00
      vertex   8.545969e+01 -4.707107e+00 4.707107e+00
      vertex   8.339060e+01 -4.707107e+00 4.707107e+00
    endloop
  endfacet
  facet normal 3.913259e-16 -6.343933e-01 7.730105e-01
    outer loop
      vertex   8.339060e+01 -4.707107e+00 4.707107e+00
      vertex   8.545969e+01 -4.707107e+00 4.707107e+00
      vertex   8.307531e+01 -4.555570e+00 4.831470e+00
    endloop
  endfacet
  facet normal 2.690025e-03 -6.087592e-01 7.933505e-01
    outer loop
      vertex   8.307531e+01 -4.555570e+00 4.831470e+00
      vertex   8.545969e+01 -4.707107e+00 4.707107e+00
      vertex   8.545969e+01 -4.500000e+00 4.866025e+00
    endloop
  endfacet
  facet normal -1.709064e-03 -4.741595e-01 8.804373e-01
    outer loop
      vertex   8.307531e+01 -4.555570e+00 4.831470e+00
      vertex   8.545969e+01 -4.500000e+00 4.866025e+00
      vertex   8.271560e+01 -4.382684e+00 4.923880e+00
    endloop
  endfacet
  facet normal 3.117642e-03 -3.826816e-01 9.238750e-01
    outer loop
      vertex   8.271560e+01 -4.382684e+00 4.923880e+00
      vertex   8.545969e+01 -4.500000e+00 4.866025e+00
      vertex   8.545969e+01 -4.258819e+00 4.965926e+00
    endloop
  endfacet
  facet normal -1.424528e-03 -2.929974e-01 9.561122e-01
    outer loop
      vertex   8.271560e+01 -4.382684e+00 4.923880e+00
      vertex   8.545969e+01 -4.258819e+00 4.965926e+00
      vertex   8.232529e+01 -4.195090e+00 4.980785e+00
    endloop
  endfacet
  facet normal 2.847009e-03 -9.214839e-02 9.957412e-01
    outer loop
      vertex   8.232529e+01 -4.195090e+00 4.980785e+00
      vertex   8.545969e+01 -4.258819e+00 4.965926e+00
      vertex   8.191938e+01 -4.000000e+00 5.000000e+00
    endloop
  endfacet
  facet normal -2.332251e-03 -1.618192e-01 9.868177e-01
    outer loop
      vertex   8.191938e+01 -4.000000e+00 5.000000e+00
      vertex   8.545969e+01 -4.258819e+00 4.965926e+00
      vertex   8.732529e+01 -4.195090e+00 4.980785e+00
    endloop
  endfacet
  facet normal 3.482268e-17 -9.801714e-02 9.951847e-01
    outer loop
      vertex   8.191938e+01 -4.000000e+00 5.000000e+00
      vertex   8.732529e+01 -4.195090e+00 4.980785e+00
      vertex   8.691938e+01 -4.000000e+00 5.000000e+00
    endloop
  endfacet
  facet normal -1.536500e-03 -9.892441e-01 1.462663e-01
    outer loop
      vertex   8.898998e+01 -4.995185e+00 4.098017e+00
      vertex   8.896002e+01 -4.980785e+00 4.195090e+00
      vertex   8.545969e+01 -4.965926e+00 4.258819e+00
    endloop
  endfacet
  facet normal 3.087980e-04 -9.699933e-01 2.431316e-01
    outer loop
      vertex   8.545969e+01 -4.965926e+00 4.258819e+00
      vertex   8.896002e+01 -4.980785e+00 4.195090e+00
      vertex   8.891041e+01 -4.956940e+00 4.290285e+00
    endloop
  endfacet
  facet normal -6.161361e-04 -9.416893e-01 3.364831e-01
    outer loop
      vertex   8.545969e+01 -4.965926e+00 4.258819e+00
      vertex   8.891041e+01 -4.956940e+00 4.290285e+00
      vertex   8.884162e+01 -4.923880e+00 4.382683e+00
    endloop
  endfacet
  facet normal -2.529650e-03 -9.238766e-01 3.826822e-01
    outer loop
      vertex   8.545969e+01 -4.965926e+00 4.258819e+00
      vertex   8.884162e+01 -4.923880e+00 4.382683e+00
      vertex   8.545969e+01 -4.866025e+00 4.500000e+00
    endloop
  endfacet
  facet normal -6.553848e-04 -9.042382e-01 4.270279e-01
    outer loop
      vertex   8.545969e+01 -4.866025e+00 4.500000e+00
      vertex   8.884162e+01 -4.923880e+00 4.382683e+00
      vertex   8.875432e+01 -4.881921e+00 4.471397e+00
    endloop
  endfacet
  facet normal 3.284651e-04 -8.575479e-01 5.144040e-01
    outer loop
      vertex   8.545969e+01 -4.866025e+00 4.500000e+00
      vertex   8.875432e+01 -4.881921e+00 4.471397e+00
      vertex   8.864935e+01 -4.831470e+00 4.555570e+00
    endloop
  endfacet
  facet normal -2.010885e-03 -7.933517e-01 6.087602e-01
    outer loop
      vertex   8.545969e+01 -4.866025e+00 4.500000e+00
      vertex   8.864935e+01 -4.831470e+00 4.555570e+00
      vertex   8.545969e+01 -4.707107e+00 4.707107e+00
    endloop
  endfacet
  facet normal -2.258505e-15 -7.730105e-01 6.343933e-01
    outer loop
      vertex   8.545969e+01 -4.707107e+00 4.707107e+00
      vertex   8.864935e+01 -4.831470e+00 4.555570e+00
      vertex   8.839060e+01 -4.707107e+00 4.707107e+00
    endloop
  endfacet
  facet normal -2.006467e-15 -6.343933e-01 7.730105e-01
    outer loop
      vertex   8.545969e+01 -4.707107e+00 4.707107e+00
      vertex   8.839060e+01 -4.707107e+00 4.707107e+00
      vertex   8.807531e+01 -4.555570e+00 4.831470e+00
    endloop
  endfacet
  facet normal -2.452207e-03 -6.087596e-01 7.933510e-01
    outer loop
      vertex   8.545969e+01 -4.707107e+00 4.707107e+00
      vertex   8.807531e+01 -4.555570e+00 4.831470e+00
      vertex   8.545969e+01 -4.500000e+00 4.866025e+00
    endloop
  endfacet
  facet normal 1.714813e-03 -4.686187e-01 8.833989e-01
    outer loop
      vertex   8.545969e+01 -4.500000e+00 4.866025e+00
      vertex   8.807531e+01 -4.555570e+00 4.831470e+00
      vertex   8.771560e+01 -4.382684e+00 4.923880e+00
    endloop
  endfacet
  facet normal -3.792298e-03 -3.826807e-01 9.238729e-01
    outer loop
      vertex   8.545969e+01 -4.500000e+00 4.866025e+00
      vertex   8.771560e+01 -4.382684e+00 4.923880e+00
      vertex   8.545969e+01 -4.258819e+00 4.965926e+00
    endloop
  endfacet
  facet normal 2.144616e-03 -2.861952e-01 9.581689e-01
    outer loop
      vertex   8.545969e+01 -4.258819e+00 4.965926e+00
      vertex   8.771560e+01 -4.382684e+00 4.923880e+00
      vertex   8.732529e+01 -4.195090e+00 4.980785e+00
    endloop
  endfacet
  facet normal 7.799282e-01 6.239426e-01 4.906767e-02
    outer loop
      vertex   9.200000e+01 -1.500000e+01 4.000000e+00
      vertex   8.400000e+01 -5.000000e+00 4.000000e+00
      vertex   9.198998e+01 -1.499518e+01 4.098017e+00
    endloop
  endfacet
  facet normal 7.709579e-01 6.178079e-01 1.547167e-01
    outer loop
      vertex   9.198998e+01 -1.499518e+01 4.098017e+00
      vertex   8.400000e+01 -5.000000e+00 4.000000e+00
      vertex   8.887348e+01 -1.114639e+01 4.258819e+00
    endloop
  endfacet
  facet normal 7.717733e-01 6.188156e-01 1.464010e-01
    outer loop
      vertex   9.198998e+01 -1.499518e+01 4.098017e+00
      vertex   8.887348e+01 -1.114639e+01 4.258819e+00
      vertex   9.196002e+01 -1.498079e+01 4.195090e+00
    endloop
  endfacet
  facet normal 7.575829e-01 6.057859e-01 2.430876e-01
    outer loop
      vertex   9.196002e+01 -1.498079e+01 4.195090e+00
      vertex   8.887348e+01 -1.114639e+01 4.258819e+00
      vertex   9.191041e+01 -1.495694e+01 4.290285e+00
    endloop
  endfacet
  facet normal 7.350298e-01 5.885837e-01 3.366013e-01
    outer loop
      vertex   9.191041e+01 -1.495694e+01 4.290285e+00
      vertex   8.887348e+01 -1.114639e+01 4.258819e+00
      vertex   9.184162e+01 -1.492388e+01 4.382683e+00
    endloop
  endfacet
  facet normal 7.203151e-01 5.785327e-01 3.826828e-01
    outer loop
      vertex   9.184162e+01 -1.492388e+01 4.382683e+00
      vertex   8.887348e+01 -1.114639e+01 4.258819e+00
      vertex   8.879547e+01 -1.120880e+01 4.500000e+00
    endloop
  endfacet
  facet normal 7.057473e-01 5.651825e-01 4.271879e-01
    outer loop
      vertex   9.184162e+01 -1.492388e+01 4.382683e+00
      vertex   8.879547e+01 -1.120880e+01 4.500000e+00
      vertex   9.175432e+01 -1.488192e+01 4.471397e+00
    endloop
  endfacet
  facet normal 6.698181e-01 5.355616e-01 5.143125e-01
    outer loop
      vertex   9.175432e+01 -1.488192e+01 4.471397e+00
      vertex   8.879547e+01 -1.120880e+01 4.500000e+00
      vertex   9.164935e+01 -1.483147e+01 4.555570e+00
    endloop
  endfacet
  facet normal 6.186354e-01 4.966895e-01 6.087608e-01
    outer loop
      vertex   9.164935e+01 -1.483147e+01 4.555570e+00
      vertex   8.879547e+01 -1.120880e+01 4.500000e+00
      vertex   8.867137e+01 -1.130807e+01 4.707107e+00
    endloop
  endfacet
  facet normal 6.036198e-01 4.828958e-01 6.343933e-01
    outer loop
      vertex   9.164935e+01 -1.483147e+01 4.555570e+00
      vertex   8.867137e+01 -1.130807e+01 4.707107e+00
      vertex   9.139060e+01 -1.470711e+01 4.707107e+00
    endloop
  endfacet
  facet normal 4.953779e-01 3.963023e-01 7.730105e-01
    outer loop
      vertex   9.139060e+01 -1.470711e+01 4.707107e+00
      vertex   8.867137e+01 -1.130807e+01 4.707107e+00
      vertex   9.107531e+01 -1.455557e+01 4.831470e+00
    endloop
  endfacet
  facet normal 4.743698e-01 3.815302e-01 7.933523e-01
    outer loop
      vertex   9.107531e+01 -1.455557e+01 4.831470e+00
      vertex   8.867137e+01 -1.130807e+01 4.707107e+00
      vertex   8.850965e+01 -1.143745e+01 4.866025e+00
    endloop
  endfacet
  facet normal 3.674000e-01 2.925210e-01 8.828639e-01
    outer loop
      vertex   9.107531e+01 -1.455557e+01 4.831470e+00
      vertex   8.850965e+01 -1.143745e+01 4.866025e+00
      vertex   9.071560e+01 -1.438268e+01 4.923880e+00
    endloop
  endfacet
  facet normal 2.973716e-01 2.408762e-01 9.238770e-01
    outer loop
      vertex   9.071560e+01 -1.438268e+01 4.923880e+00
      vertex   8.850965e+01 -1.143745e+01 4.866025e+00
      vertex   8.832132e+01 -1.158811e+01 4.965926e+00
    endloop
  endfacet
  facet normal 2.255925e-01 1.788703e-01 9.576604e-01
    outer loop
      vertex   9.071560e+01 -1.438268e+01 4.923880e+00
      vertex   8.832132e+01 -1.158811e+01 4.965926e+00
      vertex   9.032529e+01 -1.419509e+01 4.980785e+00
    endloop
  endfacet
  facet normal 7.899435e-02 6.639198e-02 9.946618e-01
    outer loop
      vertex   9.032529e+01 -1.419509e+01 4.980785e+00
      vertex   8.832132e+01 -1.158811e+01 4.965926e+00
      vertex   8.991938e+01 -1.400000e+01 5.000000e+00
    endloop
  endfacet
  facet normal 1.019238e-01 8.153907e-02 9.914449e-01
    outer loop
      vertex   8.991938e+01 -1.400000e+01 5.000000e+00
      vertex   8.832132e+01 -1.158811e+01 4.965926e+00
      vertex   8.522140e+01 -7.713215e+00 4.965926e+00
    endloop
  endfacet
  facet normal 1.253925e-01 9.905342e-02 9.871500e-01
    outer loop
      vertex   8.991938e+01 -1.400000e+01 5.000000e+00
      vertex   8.522140e+01 -7.713215e+00 4.965926e+00
      vertex   8.232529e+01 -4.195090e+00 4.980785e+00
    endloop
  endfacet
  facet normal 2.275082e-01 1.832448e-01 9.563793e-01
    outer loop
      vertex   8.232529e+01 -4.195090e+00 4.980785e+00
      vertex   8.522140e+01 -7.713215e+00 4.965926e+00
      vertex   8.271560e+01 -4.382684e+00 4.923880e+00
    endloop
  endfacet
  facet normal 3.001078e-01 2.374564e-01 9.238776e-01
    outer loop
      vertex   8.271560e+01 -4.382684e+00 4.923880e+00
      vertex   8.522140e+01 -7.713215e+00 4.965926e+00
      vertex   8.540973e+01 -7.562551e+00 4.866025e+00
    endloop
  endfacet
  facet normal 3.687946e-01 2.964316e-01 8.809761e-01
    outer loop
      vertex   8.271560e+01 -4.382684e+00 4.923880e+00
      vertex   8.540973e+01 -7.562551e+00 4.866025e+00
      vertex   8.307531e+01 -4.555570e+00 4.831470e+00
    endloop
  endfacet
  facet normal 4.764148e-01 3.789739e-01 7.933522e-01
    outer loop
      vertex   8.307531e+01 -4.555570e+00 4.831470e+00
      vertex   8.540973e+01 -7.562551e+00 4.866025e+00
      vertex   8.557145e+01 -7.433172e+00 4.707107e+00
    endloop
  endfacet
  facet normal 4.953779e-01 3.963023e-01 7.730105e-01
    outer loop
      vertex   8.307531e+01 -4.555570e+00 4.831470e+00
      vertex   8.557145e+01 -7.433172e+00 4.707107e+00
      vertex   8.339060e+01 -4.707107e+00 4.707107e+00
    endloop
  endfacet
  facet normal 6.036198e-01 4.828958e-01 6.343933e-01
    outer loop
      vertex   8.339060e+01 -4.707107e+00 4.707107e+00
      vertex   8.557145e+01 -7.433172e+00 4.707107e+00
      vertex   8.364935e+01 -4.831470e+00 4.555570e+00
    endloop
  endfacet
  facet normal 6.207433e-01 4.940534e-01 6.087602e-01
    outer loop
      vertex   8.364935e+01 -4.831470e+00 4.555570e+00
      vertex   8.557145e+01 -7.433172e+00 4.707107e+00
      vertex   8.569555e+01 -7.333897e+00 4.500000e+00
    endloop
  endfacet
  facet normal 6.697073e-01 5.361994e-01 5.137920e-01
    outer loop
      vertex   8.364935e+01 -4.831470e+00 4.555570e+00
      vertex   8.569555e+01 -7.333897e+00 4.500000e+00
      vertex   8.375432e+01 -4.881921e+00 4.471397e+00
    endloop
  endfacet
  facet normal 7.061189e-01 5.640268e-01 4.281002e-01
    outer loop
      vertex   8.375432e+01 -4.881921e+00 4.471397e+00
      vertex   8.569555e+01 -7.333897e+00 4.500000e+00
      vertex   8.384162e+01 -4.923880e+00 4.382683e+00
    endloop
  endfacet
  facet normal 7.231838e-01 5.749432e-01 3.826819e-01
    outer loop
      vertex   8.384162e+01 -4.923880e+00 4.382683e+00
      vertex   8.569555e+01 -7.333897e+00 4.500000e+00
      vertex   8.577356e+01 -7.271489e+00 4.258819e+00
    endloop
  endfacet
  facet normal 7.355417e-01 5.875038e-01 3.373688e-01
    outer loop
      vertex   8.384162e+01 -4.923880e+00 4.382683e+00
      vertex   8.577356e+01 -7.271489e+00 4.258819e+00
      vertex   8.391041e+01 -4.956940e+00 4.290285e+00
    endloop
  endfacet
  facet normal 7.572755e-01 6.062844e-01 2.428025e-01
    outer loop
      vertex   8.391041e+01 -4.956940e+00 4.290285e+00
      vertex   8.577356e+01 -7.271489e+00 4.258819e+00
      vertex   8.396002e+01 -4.980785e+00 4.195090e+00
    endloop
  endfacet
  facet normal 7.734878e-01 6.164621e-01 1.472792e-01
    outer loop
      vertex   8.396002e+01 -4.980785e+00 4.195090e+00
      vertex   8.577356e+01 -7.271489e+00 4.258819e+00
      vertex   8.398998e+01 -4.995185e+00 4.098017e+00
    endloop
  endfacet
  facet normal 7.844607e-01 6.181747e-01 4.981432e-02
    outer loop
      vertex   8.398998e+01 -4.995185e+00 4.098017e+00
      vertex   8.577356e+01 -7.271489e+00 4.258819e+00
      vertex   8.400000e+01 -5.000000e+00 4.000000e+00
    endloop
  endfacet
  facet normal 7.741884e-01 6.193507e-01 1.305262e-01
    outer loop
      vertex   8.400000e+01 -5.000000e+00 4.000000e+00
      vertex   8.577356e+01 -7.271489e+00 4.258819e+00
      vertex   8.887348e+01 -1.114639e+01 4.258819e+00
    endloop
  endfacet
  facet normal 7.653853e-02 6.123082e-02 9.951847e-01
    outer loop
      vertex   8.232529e+01 -4.195090e+00 4.980785e+00
      vertex   8.191938e+01 -4.000000e+00 5.000000e+00
      vertex   8.991938e+01 -1.400000e+01 5.000000e+00
    endloop
  endfacet
  facet normal 7.214287e-01 5.771430e-01 3.826834e-01
    outer loop
      vertex   8.879547e+01 -1.120880e+01 4.500000e+00
      vertex   8.887348e+01 -1.114639e+01 4.258819e+00
      vertex   8.577356e+01 -7.271489e+00 4.258819e+00
    endloop
  endfacet
  facet normal 6.195049e-01 4.956039e-01 6.087614e-01
    outer loop
      vertex   8.867137e+01 -1.130807e+01 4.707107e+00
      vertex   8.879547e+01 -1.120880e+01 4.500000e+00
      vertex   8.569555e+01 -7.333897e+00 4.500000e+00
    endloop
  endfacet
  facet normal 7.214287e-01 5.771430e-01 3.826834e-01
    outer loop
      vertex   8.569555e+01 -7.333897e+00 4.500000e+00
      vertex   8.879547e+01 -1.120880e+01 4.500000e+00
      vertex   8.577356e+01 -7.271489e+00 4.258819e+00
    endloop
  endfacet
  facet normal 4.753628e-01 3.802902e-01 7.933533e-01
    outer loop
      vertex   8.850965e+01 -1.143745e+01 4.866025e+00
      vertex   8.867137e+01 -1.130807e+01 4.707107e+00
      vertex   8.557145e+01 -7.433172e+00 4.707107e+00
    endloop
  endfacet
  facet normal 6.195049e-01 4.956039e-01 6.087614e-01
    outer loop
      vertex   8.557145e+01 -7.433172e+00 4.707107e+00
      vertex   8.867137e+01 -1.130807e+01 4.707107e+00
      vertex   8.569555e+01 -7.333897e+00 4.500000e+00
    endloop
  endfacet
  facet normal 2.988256e-01 2.390604e-01 9.238795e-01
    outer loop
      vertex   8.832132e+01 -1.158811e+01 4.965926e+00
      vertex   8.850965e+01 -1.143745e+01 4.866025e+00
      vertex   8.540973e+01 -7.562551e+00 4.866025e+00
    endloop
  endfacet
  facet normal 4.753628e-01 3.802902e-01 7.933533e-01
    outer loop
      vertex   8.540973e+01 -7.562551e+00 4.866025e+00
      vertex   8.850965e+01 -1.143745e+01 4.866025e+00
      vertex   8.557145e+01 -7.433172e+00 4.707107e+00
    endloop
  endfacet
  facet normal 2.988256e-01 2.390604e-01 9.238795e-01
    outer loop
      vertex   8.522140e+01 -7.713215e+00 4.965926e+00
      vertex   8.832132e+01 -1.158811e+01 4.965926e+00
      vertex   8.540973e+01 -7.562551e+00 4.866025e+00
    endloop
  endfacet
  facet normal 0.000000e+00 -9.987955e-01 4.906767e-02
    outer loop
      vertex   7.900000e+01 -1.500000e+01 4.000000e+00
      vertex   9.200000e+01 -1.500000e+01 4.000000e+00
      vertex   7.899519e+01 -1.499518e+01 4.098017e+00
    endloop
  endfacet
  facet normal 8.430927e-04 -9.870596e-01 1.603518e-01
    outer loop
      vertex   7.899519e+01 -1.499518e+01 4.098017e+00
      vertex   9.200000e+01 -1.500000e+01 4.000000e+00
      vertex   8.266667e+01 -1.496593e+01 4.258819e+00
    endloop
  endfacet
  facet normal 1.447096e-03 -9.891443e-01 1.469404e-01
    outer loop
      vertex   7.899519e+01 -1.499518e+01 4.098017e+00
      vertex   8.266667e+01 -1.496593e+01 4.258819e+00
      vertex   7.898079e+01 -1.498079e+01 4.195090e+00
    endloop
  endfacet
  facet normal -1.155208e-03 -9.570370e-01 2.899636e-01
    outer loop
      vertex   7.898079e+01 -1.498079e+01 4.195090e+00
      vertex   8.266667e+01 -1.496593e+01 4.258819e+00
      vertex   7.892388e+01 -1.492388e+01 4.382683e+00
    endloop
  endfacet
  facet normal 2.285761e-03 -9.238771e-01 3.826824e-01
    outer loop
      vertex   7.892388e+01 -1.492388e+01 4.382683e+00
      vertex   8.266667e+01 -1.496593e+01 4.258819e+00
      vertex   8.266667e+01 -1.486603e+01 4.500000e+00
    endloop
  endfacet
  facet normal -1.124971e-03 -8.821706e-01 4.709287e-01
    outer loop
      vertex   7.892388e+01 -1.492388e+01 4.382683e+00
      vertex   8.266667e+01 -1.486603e+01 4.500000e+00
      vertex   7.883147e+01 -1.483147e+01 4.555570e+00
    endloop
  endfacet
  facet normal 1.672418e-03 -7.933522e-01 6.087606e-01
    outer loop
      vertex   7.883147e+01 -1.483147e+01 4.555570e+00
      vertex   8.266667e+01 -1.486603e+01 4.500000e+00
      vertex   8.266667e+01 -1.470711e+01 4.707107e+00
    endloop
  endfacet
  facet normal 0.000000e+00 -7.730105e-01 6.343933e-01
    outer loop
      vertex   7.883147e+01 -1.483147e+01 4.555570e+00
      vertex   8.266667e+01 -1.470711e+01 4.707107e+00
      vertex   7.870711e+01 -1.470711e+01 4.707107e+00
    endloop
  endfacet
  facet normal 0.000000e+00 -6.343933e-01 7.730105e-01
    outer loop
      vertex   7.870711e+01 -1.470711e+01 4.707107e+00
      vertex   8.266667e+01 -1.470711e+01 4.707107e+00
      vertex   7.855557e+01 -1.455557e+01 4.831470e+00
    endloop
  endfacet
  facet normal 1.560181e-03 -6.087607e-01 7.933524e-01
    outer loop
      vertex   7.855557e+01 -1.455557e+01 4.831470e+00
      vertex   8.266667e+01 -1.470711e+01 4.707107e+00
      vertex   8.266667e+01 -1.450000e+01 4.866025e+00
    endloop
  endfacet
  facet normal -1.026668e-03 -4.721948e-01 8.814936e-01
    outer loop
      vertex   7.855557e+01 -1.455557e+01 4.831470e+00
      vertex   8.266667e+01 -1.450000e+01 4.866025e+00
      vertex   7.838268e+01 -1.438268e+01 4.923880e+00
    endloop
  endfacet
  facet normal 1.997002e-03 -3.826827e-01 9.238777e-01
    outer loop
      vertex   7.838268e+01 -1.438268e+01 4.923880e+00
      vertex   8.266667e+01 -1.450000e+01 4.866025e+00
      vertex   8.266667e+01 -1.425882e+01 4.965926e+00
    endloop
  endfacet
  facet normal -9.706894e-04 -2.911733e-01 9.566698e-01
    outer loop
      vertex   7.838268e+01 -1.438268e+01 4.923880e+00
      vertex   8.266667e+01 -1.425882e+01 4.965926e+00
      vertex   7.819509e+01 -1.419509e+01 4.980785e+00
    endloop
  endfacet
  facet normal 1.938131e-03 -9.609726e-02 9.953701e-01
    outer loop
      vertex   7.819509e+01 -1.419509e+01 4.980785e+00
      vertex   8.266667e+01 -1.425882e+01 4.965926e+00
      vertex   7.800000e+01 -1.400000e+01 5.000000e+00
    endloop
  endfacet
  facet normal 0.000000e+00 -1.305262e-01 9.914449e-01
    outer loop
      vertex   7.800000e+01 -1.400000e+01 5.000000e+00
      vertex   8.266667e+01 -1.425882e+01 4.965926e+00
      vertex   8.733333e+01 -1.425882e+01 4.965926e+00
    endloop
  endfacet
  facet normal -1.204468e-03 -1.730996e-01 9.849036e-01
    outer loop
      vertex   7.800000e+01 -1.400000e+01 5.000000e+00
      vertex   8.733333e+01 -1.425882e+01 4.965926e+00
      vertex   9.032529e+01 -1.419509e+01 4.980785e+00
    endloop
  endfacet
  facet normal 1.370882e-03 -2.876714e-01 9.577282e-01
    outer loop
      vertex   9.032529e+01 -1.419509e+01 4.980785e+00
      vertex   8.733333e+01 -1.425882e+01 4.965926e+00
      vertex   9.071560e+01 -1.438268e+01 4.923880e+00
    endloop
  endfacet
  facet normal -2.529405e-03 -3.826822e-01 9.238766e-01
    outer loop
      vertex   9.071560e+01 -1.438268e+01 4.923880e+00
      vertex   8.733333e+01 -1.425882e+01 4.965926e+00
      vertex   8.733333e+01 -1.450000e+01 4.866025e+00
    endloop
  endfacet
  facet normal 1.181574e-03 -4.694832e-01 8.829406e-01
    outer loop
      vertex   9.071560e+01 -1.438268e+01 4.923880e+00
      vertex   8.733333e+01 -1.450000e+01 4.866025e+00
      vertex   9.107531e+01 -1.455557e+01 4.831470e+00
    endloop
  endfacet
  facet normal -1.714082e-03 -6.087605e-01 7.933522e-01
    outer loop
      vertex   9.107531e+01 -1.455557e+01 4.831470e+00
      vertex   8.733333e+01 -1.450000e+01 4.866025e+00
      vertex   8.733333e+01 -1.470711e+01 4.707107e+00
    endloop
  endfacet
  facet normal 0.000000e+00 -6.343933e-01 7.730105e-01
    outer loop
      vertex   9.107531e+01 -1.455557e+01 4.831470e+00
      vertex   8.733333e+01 -1.470711e+01 4.707107e+00
      vertex   9.139060e+01 -1.470711e+01 4.707107e+00
    endloop
  endfacet
  facet normal 0.000000e+00 -7.730105e-01 6.343933e-01
    outer loop
      vertex   9.139060e+01 -1.470711e+01 4.707107e+00
      vertex   8.733333e+01 -1.470711e+01 4.707107e+00
      vertex   9.164935e+01 -1.483147e+01 4.555570e+00
    endloop
  endfacet
  facet normal -1.486105e-03 -7.933525e-01 6.087608e-01
    outer loop
      vertex   9.164935e+01 -1.483147e+01 4.555570e+00
      vertex   8.733333e+01 -1.470711e+01 4.707107e+00
      vertex   8.733333e+01 -1.486603e+01 4.500000e+00
    endloop
  endfacet
  facet normal 2.441132e-04 -8.575943e-01 5.143267e-01
    outer loop
      vertex   9.164935e+01 -1.483147e+01 4.555570e+00
      vertex   8.733333e+01 -1.486603e+01 4.500000e+00
      vertex   9.175432e+01 -1.488192e+01 4.471397e+00
    endloop
  endfacet
  facet normal -4.873053e-04 -9.041744e-01 4.271631e-01
    outer loop
      vertex   9.175432e+01 -1.488192e+01 4.471397e+00
      vertex   8.733333e+01 -1.486603e+01 4.500000e+00
      vertex   9.184162e+01 -1.492388e+01 4.382683e+00
    endloop
  endfacet
  facet normal -1.897643e-03 -9.238779e-01 3.826827e-01
    outer loop
      vertex   9.184162e+01 -1.492388e+01 4.382683e+00
      vertex   8.733333e+01 -1.486603e+01 4.500000e+00
      vertex   8.733333e+01 -1.496593e+01 4.258819e+00
    endloop
  endfacet
  facet normal -4.652681e-04 -9.416538e-01 3.365827e-01
    outer loop
      vertex   9.184162e+01 -1.492388e+01 4.382683e+00
      vertex   8.733333e+01 -1.496593e+01 4.258819e+00
      vertex   9.191041e+01 -1.495694e+01 4.290285e+00
    endloop
  endfacet
  facet normal 2.330807e-04 -9.700026e-01 2.430945e-01
    outer loop
      vertex   9.191041e+01 -1.495694e+01 4.290285e+00
      vertex   8.733333e+01 -1.496593e+01 4.258819e+00
      vertex   9.196002e+01 -1.498079e+01 4.195090e+00
    endloop
  endfacet
  facet normal -1.160827e-03 -9.892278e-01 1.463798e-01
    outer loop
      vertex   9.196002e+01 -1.498079e+01 4.195090e+00
      vertex   8.733333e+01 -1.496593e+01 4.258819e+00
      vertex   9.198998e+01 -1.499518e+01 4.098017e+00
    endloop
  endfacet
  facet normal -4.597580e-03 -9.988078e-01 4.859834e-02
    outer loop
      vertex   9.198998e+01 -1.499518e+01 4.098017e+00
      vertex   8.733333e+01 -1.496593e+01 4.258819e+00
      vertex   9.200000e+01 -1.500000e+01 4.000000e+00
    endloop
  endfacet
  facet normal 0.000000e+00 -9.914449e-01 1.305262e-01
    outer loop
      vertex   9.200000e+01 -1.500000e+01 4.000000e+00
      vertex   8.733333e+01 -1.496593e+01 4.258819e+00
      vertex   8.266667e+01 -1.496593e+01 4.258819e+00
    endloop
  endfacet
  facet normal 0.000000e+00 -9.801714e-02 9.951847e-01
    outer loop
      vertex   9.032529e+01 -1.419509e+01 4.980785e+00
      vertex   8.991938e+01 -1.400000e+01 5.000000e+00
      vertex   7.800000e+01 -1.400000e+01 5.000000e+00
    endloop
  endfacet
  facet normal 0.000000e+00 -9.238795e-01 3.826834e-01
    outer loop
      vertex   8.266667e+01 -1.486603e+01 4.500000e+00
      vertex   8.266667e+01 -1.496593e+01 4.258819e+00
      vertex   8.733333e+01 -1.496593e+01 4.258819e+00
    endloop
  endfacet
  facet normal 0.000000e+00 -7.933533e-01 6.087614e-01
    outer loop
      vertex   8.266667e+01 -1.470711e+01 4.707107e+00
      vertex   8.266667e+01 -1.486603e+01 4.500000e+00
      vertex   8.733333e+01 -1.486603e+01 4.500000e+00
    endloop
  endfacet
  facet normal 0.000000e+00 -9.238795e-01 3.826834e-01
    outer loop
      vertex   8.733333e+01 -1.486603e+01 4.500000e+00
      vertex   8.266667e+01 -1.486603e+01 4.500000e+00
      vertex   8.733333e+01 -1.496593e+01 4.258819e+00
    endloop
  endfacet
  facet normal 0.000000e+00 -6.087614e-01 7.933533e-01
    outer loop
      vertex   8.266667e+01 -1.450000e+01 4.866025e+00
      vertex   8.266667e+01 -1.470711e+01 4.707107e+00
      vertex   8.733333e+01 -1.470711e+01 4.707107e+00
    endloop
  endfacet
  facet normal 0.000000e+00 -7.933533e-01 6.087614e-01
    outer loop
      vertex   8.733333e+01 -1.470711e+01 4.707107e+00
      vertex   8.266667e+01 -1.470711e+01 4.707107e+00
      vertex   8.733333e+01 -1.486603e+01 4.500000e+00
    endloop
  endfacet
  facet normal 0.000000e+00 -3.826834e-01 9.238795e-01
    outer loop
      vertex   8.266667e+01 -1.425882e+01 4.965926e+00
      vertex   8.266667e+01 -1.450000e+01 4.866025e+00
      vertex   8.733333e+01 -1.450000e+01 4.866025e+00
    endloop
  endfacet
  facet normal 0.000000e+00 -6.087614e-01 7.933533e-01
    outer loop
      vertex   8.733333e+01 -1.450000e+01 4.866025e+00
      vertex   8.266667e+01 -1.450000e+01 4.866025e+00
      vertex   8.733333e+01 -1.470711e+01 4.707107e+00
    endloop
  endfacet
  facet normal 0.000000e+00 -3.826834e-01 9.238795e-01
    outer loop
      vertex   8.733333e+01 -1.425882e+01 4.965926e+00
      vertex   8.266667e+01 -1.425882e+01 4.965926e+00
      vertex   8.733333e+01 -1.450000e+01 4.866025e+00
    endloop
  endfacet
  facet normal 9.987955e-01 -0.000000e+00 4.906767e-02
    outer loop
      vertex   7.900000e+01 -2.500000e+01 4.000000e+00
      vertex   7.900000e+01 -1.500000e+01 4.000000e+00
      vertex   7.899519e+01 -2.499518e+01 4.098017e+00
    endloop
  endfacet
  facet normal 9.891359e-01 9.650290e-04 1.470008e-01
    outer loop
      vertex   7.899519e+01 -2.499518e+01 4.098017e+00
      vertex   7.900000e+01 -1.500000e+01 4.000000e+00
      vertex   7.896593e+01 -1.950000e+01 4.258819e+00
    endloop
  endfacet
  facet normal 9.891971e-01 9.774199e-04 1.465885e-01
    outer loop
      vertex   7.899519e+01 -2.499518e+01 4.098017e+00
      vertex   7.896593e+01 -1.950000e+01 4.258819e+00
      vertex   7.898079e+01 -2.498078e+01 4.195090e+00
    endloop
  endfacet
  facet normal 9.568740e-01 -7.835944e-04 2.905023e-01
    outer loop
      vertex   7.898079e+01 -2.498078e+01 4.195090e+00
      vertex   7.896593e+01 -1.950000e+01 4.258819e+00
      vertex   7.892388e+01 -2.492388e+01 4.382683e+00
    endloop
  endfacet
  facet normal 9.238784e-01 1.577308e-03 3.826830e-01
    outer loop
      vertex   7.892388e+01 -2.492388e+01 4.382683e+00
      vertex   7.896593e+01 -1.950000e+01 4.258819e+00
      vertex   7.886603e+01 -1.950000e+01 4.500000e+00
    endloop
  endfacet
  facet normal 8.817436e-01 -7.981460e-04 4.717284e-01
    outer loop
      vertex   7.892388e+01 -2.492388e+01 4.382683e+00
      vertex   7.886603e+01 -1.950000e+01 4.500000e+00
      vertex   7.883147e+01 -2.483147e+01 4.555570e+00
    endloop
  endfacet
  facet normal 7.933528e-01 1.203056e-03 6.087610e-01
    outer loop
      vertex   7.883147e+01 -2.483147e+01 4.555570e+00
      vertex   7.886603e+01 -1.950000e+01 4.500000e+00
      vertex   7.870711e+01 -1.950000e+01 4.707107e+00
    endloop
  endfacet
  facet normal 7.730105e-01 -1.087631e-16 6.343933e-01
    outer loop
      vertex   7.883147e+01 -2.483147e+01 4.555570e+00
      vertex   7.870711e+01 -1.950000e+01 4.707107e+00
      vertex   7.870711e+01 -2.470711e+01 4.707107e+00
    endloop
  endfacet
  facet normal 6.343933e-01 -1.318527e-16 7.730105e-01
    outer loop
      vertex   7.870711e+01 -2.470711e+01 4.707107e+00
      vertex   7.870711e+01 -1.950000e+01 4.707107e+00
      vertex   7.855557e+01 -2.455557e+01 4.831470e+00
    endloop
  endfacet
  facet normal 6.087609e-01 1.268711e-03 7.933527e-01
    outer loop
      vertex   7.855557e+01 -2.455557e+01 4.831470e+00
      vertex   7.870711e+01 -1.950000e+01 4.707107e+00
      vertex   7.850000e+01 -1.950000e+01 4.866025e+00
    endloop
  endfacet
  facet normal 4.707304e-01 -8.563172e-04 8.822767e-01
    outer loop
      vertex   7.855557e+01 -2.455557e+01 4.831470e+00
      vertex   7.850000e+01 -1.950000e+01 4.866025e+00
      vertex   7.838268e+01 -2.438268e+01 4.923880e+00
    endloop
  endfacet
  facet normal 3.826828e-01 1.752136e-03 9.238781e-01
    outer loop
      vertex   7.838268e+01 -2.438268e+01 4.923880e+00
      vertex   7.850000e+01 -1.950000e+01 4.866025e+00
      vertex   7.825882e+01 -1.950000e+01 4.965926e+00
    endloop
  endfacet
  facet normal 2.894607e-01 -8.995878e-04 9.571895e-01
    outer loop
      vertex   7.838268e+01 -2.438268e+01 4.923880e+00
      vertex   7.825882e+01 -1.950000e+01 4.965926e+00
      vertex   7.819509e+01 -2.419509e+01 4.980785e+00
    endloop
  endfacet
  facet normal 9.979412e-02 1.794535e-03 9.950065e-01
    outer loop
      vertex   7.819509e+01 -2.419509e+01 4.980785e+00
      vertex   7.825882e+01 -1.950000e+01 4.965926e+00
      vertex   7.800000e+01 -2.400000e+01 5.000000e+00
    endloop
  endfacet
  facet normal 1.475590e-01 -9.977619e-04 9.890527e-01
    outer loop
      vertex   7.800000e+01 -2.400000e+01 5.000000e+00
      vertex   7.825882e+01 -1.950000e+01 4.965926e+00
      vertex   7.819509e+01 -1.419509e+01 4.980785e+00
    endloop
  endfacet
  facet normal 9.801714e-02 -0.000000e+00 9.951847e-01
    outer loop
      vertex   7.800000e+01 -2.400000e+01 5.000000e+00
      vertex   7.819509e+01 -1.419509e+01 4.980785e+00
      vertex   7.800000e+01 -1.400000e+01 5.000000e+00
    endloop
  endfacet
  facet normal 9.987729e-01 -4.727310e-03 4.929880e-02
    outer loop
      vertex   7.900000e+01 -1.500000e+01 4.000000e+00
      vertex   7.899519e+01 -1.499518e+01 4.098017e+00
      vertex   7.896593e+01 -1.950000e+01 4.258819e+00
    endloop
  endfacet
  facet normal 9.891504e-01 -1.180819e-03 1.469018e-01
    outer loop
      vertex   7.896593e+01 -1.950000e+01 4.258819e+00
      vertex   7.899519e+01 -1.499518e+01 4.098017e+00
      vertex   7.898079e+01 -1.498079e+01 4.195090e+00
    endloop
  endfacet
  facet normal 9.570193e-01 9.430804e-04 2.900226e-01
    outer loop
      vertex   7.896593e+01 -1.950000e+01 4.258819e+00
      vertex   7.898079e+01 -1.498079e+01 4.195090e+00
      vertex   7.892388e+01 -1.492388e+01 4.382683e+00
    endloop
  endfacet
  facet normal 9.238779e-01 -1.869515e-03 3.826828e-01
    outer loop
      vertex   7.896593e+01 -1.950000e+01 4.258819e+00
      vertex   7.892388e+01 -1.492388e+01 4.382683e+00
      vertex   7.886603e+01 -1.950000e+01 4.500000e+00
    endloop
  endfacet
  facet normal 8.821259e-01 9.228310e-04 4.710128e-01
    outer loop
      vertex   7.886603e+01 -1.950000e+01 4.500000e+00
      vertex   7.892388e+01 -1.492388e+01 4.382683e+00
      vertex   7.883147e+01 -1.483147e+01 4.555570e+00
    endloop
  endfacet
  facet normal 7.933526e-01 -1.373892e-03 6.087609e-01
    outer loop
      vertex   7.886603e+01 -1.950000e+01 4.500000e+00
      vertex   7.883147e+01 -1.483147e+01 4.555570e+00
      vertex   7.870711e+01 -1.950000e+01 4.707107e+00
    endloop
  endfacet
  facet normal 7.730105e-01 1.175604e-16 6.343933e-01
    outer loop
      vertex   7.870711e+01 -1.950000e+01 4.707107e+00
      vertex   7.883147e+01 -1.483147e+01 4.555570e+00
      vertex   7.870711e+01 -1.470711e+01 4.707107e+00
    endloop
  endfacet
  facet normal 6.343933e-01 1.432478e-16 7.730105e-01
    outer loop
      vertex   7.870711e+01 -1.950000e+01 4.707107e+00
      vertex   7.870711e+01 -1.470711e+01 4.707107e+00
      vertex   7.855557e+01 -1.455557e+01 4.831470e+00
    endloop
  endfacet
  facet normal 6.087609e-01 -1.297229e-03 7.933527e-01
    outer loop
      vertex   7.870711e+01 -1.950000e+01 4.707107e+00
      vertex   7.855557e+01 -1.455557e+01 4.831470e+00
      vertex   7.850000e+01 -1.950000e+01 4.866025e+00
    endloop
  endfacet
  facet normal 4.720619e-01 8.556264e-04 8.815650e-01
    outer loop
      vertex   7.850000e+01 -1.950000e+01 4.866025e+00
      vertex   7.855557e+01 -1.455557e+01 4.831470e+00
      vertex   7.838268e+01 -1.438268e+01 4.923880e+00
    endloop
  endfacet
  facet normal 3.826829e-01 -1.671799e-03 9.238782e-01
    outer loop
      vertex   7.850000e+01 -1.950000e+01 4.866025e+00
      vertex   7.838268e+01 -1.438268e+01 4.923880e+00
      vertex   7.825882e+01 -1.950000e+01 4.965926e+00
    endloop
  endfacet
  facet normal 2.910321e-01 8.163893e-04 9.567129e-01
    outer loop
      vertex   7.825882e+01 -1.950000e+01 4.965926e+00
      vertex   7.838268e+01 -1.438268e+01 4.923880e+00
      vertex   7.819509e+01 -1.419509e+01 4.980785e+00
    endloop
  endfacet
  facet normal 0.000000e+00 -9.987955e-01 4.906767e-02
    outer loop
      vertex   7.100000e+01 -2.500000e+01 4.000000e+00
      vertex   7.900000e+01 -2.500000e+01 4.000000e+00
      vertex   7.100482e+01 -2.499518e+01 4.098017e+00
    endloop
  endfacet
  facet normal 1.234242e-03 -9.887983e-01 1.492527e-01
    outer loop
      vertex   7.100482e+01 -2.499518e+01 4.098017e+00
      vertex   7.900000e+01 -2.500000e+01 4.000000e+00
      vertex   7.500000e+01 -2.496593e+01 4.258819e+00
    endloop
  endfacet
  facet normal 1.346608e-03 -9.892046e-01 1.465349e-01
    outer loop
      vertex   7.100482e+01 -2.499518e+01 4.098017e+00
      vertex   7.500000e+01 -2.496593e+01 4.258819e+00
      vertex   7.101922e+01 -2.498078e+01 4.195090e+00
    endloop
  endfacet
  facet normal -1.080273e-03 -9.568487e-01 2.905846e-01
    outer loop
      vertex   7.101922e+01 -2.498078e+01 4.195090e+00
      vertex   7.500000e+01 -2.496593e+01 4.258819e+00
      vertex   7.107612e+01 -2.492388e+01 4.382683e+00
    endloop
  endfacet
  facet normal 2.180270e-03 -9.238773e-01 3.826825e-01
    outer loop
      vertex   7.107612e+01 -2.492388e+01 4.382683e+00
      vertex   7.500000e+01 -2.496593e+01 4.258819e+00
      vertex   7.500000e+01 -2.486603e+01 4.500000e+00
    endloop
  endfacet
  facet normal -1.108125e-03 -8.816744e-01 4.718571e-01
    outer loop
      vertex   7.107612e+01 -2.492388e+01 4.382683e+00
      vertex   7.500000e+01 -2.486603e+01 4.500000e+00
      vertex   7.116853e+01 -2.483147e+01 4.555570e+00
    endloop
  endfacet
  facet normal 1.674045e-03 -7.933522e-01 6.087606e-01
    outer loop
      vertex   7.116853e+01 -2.483147e+01 4.555570e+00
      vertex   7.500000e+01 -2.486603e+01 4.500000e+00
      vertex   7.500000e+01 -2.470711e+01 4.707107e+00
    endloop
  endfacet
  facet normal 0.000000e+00 -7.730105e-01 6.343933e-01
    outer loop
      vertex   7.116853e+01 -2.483147e+01 4.555570e+00
      vertex   7.500000e+01 -2.470711e+01 4.707107e+00
      vertex   7.129289e+01 -2.470711e+01 4.707107e+00
    endloop
  endfacet
  facet normal 0.000000e+00 -6.343933e-01 7.730105e-01
    outer loop
      vertex   7.129289e+01 -2.470711e+01 4.707107e+00
      vertex   7.500000e+01 -2.470711e+01 4.707107e+00
      vertex   7.144443e+01 -2.455557e+01 4.831470e+00
    endloop
  endfacet
  facet normal 1.803944e-03 -6.087604e-01 7.933520e-01
    outer loop
      vertex   7.144443e+01 -2.455557e+01 4.831470e+00
      vertex   7.500000e+01 -2.470711e+01 4.707107e+00
      vertex   7.500000e+01 -2.450000e+01 4.866025e+00
    endloop
  endfacet
  facet normal -1.223521e-03 -4.704445e-01 8.824288e-01
    outer loop
      vertex   7.144443e+01 -2.455557e+01 4.831470e+00
      vertex   7.500000e+01 -2.450000e+01 4.866025e+00
      vertex   7.161732e+01 -2.438268e+01 4.923880e+00
    endloop
  endfacet
  facet normal 2.529090e-03 -3.826822e-01 9.238766e-01
    outer loop
      vertex   7.161732e+01 -2.438268e+01 4.923880e+00
      vertex   7.500000e+01 -2.450000e+01 4.866025e+00
      vertex   7.500000e+01 -2.425882e+01 4.965926e+00
    endloop
  endfacet
  facet normal -1.313815e-03 -2.890811e-01 9.573037e-01
    outer loop
      vertex   7.161732e+01 -2.438268e+01 4.923880e+00
      vertex   7.500000e+01 -2.425882e+01 4.965926e+00
      vertex   7.180491e+01 -2.419509e+01 4.980785e+00
    endloop
  endfacet
  facet normal 2.620318e-03 -1.006116e-01 9.949223e-01
    outer loop
      vertex   7.180491e+01 -2.419509e+01 4.980785e+00
      vertex   7.500000e+01 -2.425882e+01 4.965926e+00
      vertex   7.200000e+01 -2.400000e+01 5.000000e+00
    endloop
  endfacet
  facet normal -1.626211e-03 -1.490317e-01 9.888311e-01
    outer loop
      vertex   7.200000e+01 -2.400000e+01 5.000000e+00
      vertex   7.500000e+01 -2.425882e+01 4.965926e+00
      vertex   7.819509e+01 -2.419509e+01 4.980785e+00
    endloop
  endfacet
  facet normal 0.000000e+00 -9.801714e-02 9.951847e-01
    outer loop
      vertex   7.200000e+01 -2.400000e+01 5.000000e+00
      vertex   7.819509e+01 -2.419509e+01 4.980785e+00
      vertex   7.800000e+01 -2.400000e+01 5.000000e+00
    endloop
  endfacet
  facet normal -5.350370e-03 -9.987940e-01 4.880476e-02
    outer loop
      vertex   7.900000e+01 -2.500000e+01 4.000000e+00
      vertex   7.899519e+01 -2.499518e+01 4.098017e+00
      vertex   7.500000e+01 -2.496593e+01 4.258819e+00
    endloop
  endfacet
  facet normal -1.346608e-03 -9.892046e-01 1.465349e-01
    outer loop
      vertex   7.500000e+01 -2.496593e+01 4.258819e+00
      vertex   7.899519e+01 -2.499518e+01 4.098017e+00
      vertex   7.898079e+01 -2.498078e+01 4.195090e+00
    endloop
  endfacet
  facet normal 1.080273e-03 -9.568487e-01 2.905846e-01
    outer loop
      vertex   7.500000e+01 -2.496593e+01 4.258819e+00
      vertex   7.898079e+01 -2.498078e+01 4.195090e+00
      vertex   7.892388e+01 -2.492388e+01 4.382683e+00
    endloop
  endfacet
  facet normal -2.180270e-03 -9.238773e-01 3.826825e-01
    outer loop
      vertex   7.500000e+01 -2.496593e+01 4.258819e+00
      vertex   7.892388e+01 -2.492388e+01 4.382683e+00
      vertex   7.500000e+01 -2.486603e+01 4.500000e+00
    endloop
  endfacet
  facet normal 1.108125e-03 -8.816744e-01 4.718571e-01
    outer loop
      vertex   7.500000e+01 -2.486603e+01 4.500000e+00
      vertex   7.892388e+01 -2.492388e+01 4.382683e+00
      vertex   7.883147e+01 -2.483147e+01 4.555570e+00
    endloop
  endfacet
  facet normal -1.674045e-03 -7.933522e-01 6.087606e-01
    outer loop
      vertex   7.500000e+01 -2.486603e+01 4.500000e+00
      vertex   7.883147e+01 -2.483147e+01 4.555570e+00
      vertex   7.500000e+01 -2.470711e+01 4.707107e+00
    endloop
  endfacet
  facet normal -7.408162e-16 -7.730105e-01 6.343933e-01
    outer loop
      vertex   7.500000e+01 -2.470711e+01 4.707107e+00
      vertex   7.883147e+01 -2.483147e+01 4.555570e+00
      vertex   7.870711e+01 -2.470711e+01 4.707107e+00
    endloop
  endfacet
  facet normal -6.079721e-16 -6.343933e-01 7.730105e-01
    outer loop
      vertex   7.500000e+01 -2.470711e+01 4.707107e+00
      vertex   7.870711e+01 -2.470711e+01 4.707107e+00
      vertex   7.855557e+01 -2.455557e+01 4.831470e+00
    endloop
  endfacet
  facet normal -1.803944e-03 -6.087604e-01 7.933520e-01
    outer loop
      vertex   7.500000e+01 -2.470711e+01 4.707107e+00
      vertex   7.855557e+01 -2.455557e+01 4.831470e+00
      vertex   7.500000e+01 -2.450000e+01 4.866025e+00
    endloop
  endfacet
  facet normal 1.223521e-03 -4.704445e-01 8.824288e-01
    outer loop
      vertex   7.500000e+01 -2.450000e+01 4.866025e+00
      vertex   7.855557e+01 -2.455557e+01 4.831470e+00
      vertex   7.838268e+01 -2.438268e+01 4.923880e+00
    endloop
  endfacet
  facet normal -2.529090e-03 -3.826822e-01 9.238766e-01
    outer loop
      vertex   7.500000e+01 -2.450000e+01 4.866025e+00
      vertex   7.838268e+01 -2.438268e+01 4.923880e+00
      vertex   7.500000e+01 -2.425882e+01 4.965926e+00
    endloop
  endfacet
  facet normal 1.313815e-03 -2.890811e-01 9.573037e-01
    outer loop
      vertex   7.500000e+01 -2.425882e+01 4.965926e+00
      vertex   7.838268e+01 -2.438268e+01 4.923880e+00
      vertex   7.819509e+01 -2.419509e+01 4.980785e+00
    endloop
  endfacet
  facet normal -9.987955e-01 0.000000e+00 4.906767e-02
    outer loop
      vertex   7.100000e+01 -1.500000e+01 4.000000e+00
      vertex   7.100000e+01 -2.500000e+01 4.000000e+00
      vertex   7.100482e+01 -1.499518e+01 4.098017e+00
    endloop
  endfacet
  facet normal -9.884447e-01 -1.009284e-03 1.515789e-01
    outer loop
      vertex   7.100482e+01 -1.499518e+01 4.098017e+00
      vertex   7.100000e+01 -2.500000e+01 4.000000e+00
      vertex   7.103408e+01 -1.950000e+01 4.258819e+00
    endloop
  endfacet
  facet normal -9.891504e-01 -1.180819e-03 1.469018e-01
    outer loop
      vertex   7.100482e+01 -1.499518e+01 4.098017e+00
      vertex   7.103408e+01 -1.950000e+01 4.258819e+00
      vertex   7.101922e+01 -1.498079e+01 4.195090e+00
    endloop
  endfacet
  facet normal -9.570193e-01 9.430804e-04 2.900226e-01
    outer loop
      vertex   7.101922e+01 -1.498079e+01 4.195090e+00
      vertex   7.103408e+01 -1.950000e+01 4.258819e+00
      vertex   7.107612e+01 -1.492388e+01 4.382683e+00
    endloop
  endfacet
  facet normal -9.238779e-01 -1.869515e-03 3.826828e-01
    outer loop
      vertex   7.107612e+01 -1.492388e+01 4.382683e+00
      vertex   7.103408e+01 -1.950000e+01 4.258819e+00
      vertex   7.113398e+01 -1.950000e+01 4.500000e+00
    endloop
  endfacet
  facet normal -8.821259e-01 9.228310e-04 4.710128e-01
    outer loop
      vertex   7.107612e+01 -1.492388e+01 4.382683e+00
      vertex   7.113398e+01 -1.950000e+01 4.500000e+00
      vertex   7.116853e+01 -1.483147e+01 4.555570e+00
    endloop
  endfacet
  facet normal -7.933526e-01 -1.373892e-03 6.087609e-01
    outer loop
      vertex   7.116853e+01 -1.483147e+01 4.555570e+00
      vertex   7.113398e+01 -1.950000e+01 4.500000e+00
      vertex   7.129289e+01 -1.950000e+01 4.707107e+00
    endloop
  endfacet
  facet normal -7.730105e-01 1.181627e-16 6.343933e-01
    outer loop
      vertex   7.116853e+01 -1.483147e+01 4.555570e+00
      vertex   7.129289e+01 -1.950000e+01 4.707107e+00
      vertex   7.129289e+01 -1.470711e+01 4.707107e+00
    endloop
  endfacet
  facet normal -6.343933e-01 1.432478e-16 7.730105e-01
    outer loop
      vertex   7.129289e+01 -1.470711e+01 4.707107e+00
      vertex   7.129289e+01 -1.950000e+01 4.707107e+00
      vertex   7.144443e+01 -1.455557e+01 4.831470e+00
    endloop
  endfacet
  facet normal -6.087609e-01 -1.297229e-03 7.933527e-01
    outer loop
      vertex   7.144443e+01 -1.455557e+01 4.831470e+00
      vertex   7.129289e+01 -1.950000e+01 4.707107e+00
      vertex   7.150000e+01 -1.950000e+01 4.866025e+00
    endloop
  endfacet
  facet normal -4.720619e-01 8.556264e-04 8.815650e-01
    outer loop
      vertex   7.144443e+01 -1.455557e+01 4.831470e+00
      vertex   7.150000e+01 -1.950000e+01 4.866025e+00
      vertex   7.161732e+01 -1.438268e+01 4.923880e+00
    endloop
  endfacet
  facet normal -3.826829e-01 -1.671799e-03 9.238782e-01
    outer loop
      vertex   7.161732e+01 -1.438268e+01 4.923880e+00
      vertex   7.150000e+01 -1.950000e+01 4.866025e+00
      vertex   7.174118e+01 -1.950000e+01 4.965926e+00
    endloop
  endfacet
  facet normal -2.910321e-01 8.163893e-04 9.567129e-01
    outer loop
      vertex   7.161732e+01 -1.438268e+01 4.923880e+00
      vertex   7.174118e+01 -1.950000e+01 4.965926e+00
      vertex   7.180491e+01 -1.419509e+01 4.980785e+00
    endloop
  endfacet
  facet normal -9.640261e-02 -1.629926e-03 9.953411e-01
    outer loop
      vertex   7.180491e+01 -1.419509e+01 4.980785e+00
      vertex   7.174118e+01 -1.950000e+01 4.965926e+00
      vertex   7.200000e+01 -1.400000e+01 5.000000e+00
    endloop
  endfacet
  facet normal -1.525710e-01 1.056918e-03 9.882919e-01
    outer loop
      vertex   7.200000e+01 -1.400000e+01 5.000000e+00
      vertex   7.174118e+01 -1.950000e+01 4.965926e+00
      vertex   7.180491e+01 -2.419509e+01 4.980785e+00
    endloop
  endfacet
  facet normal -9.801714e-02 0.000000e+00 9.951847e-01
    outer loop
      vertex   7.200000e+01 -1.400000e+01 5.000000e+00
      vertex   7.180491e+01 -2.419509e+01 4.980785e+00
      vertex   7.200000e+01 -2.400000e+01 5.000000e+00
    endloop
  endfacet
  facet normal -9.987973e-01 3.887810e-03 4.887677e-02
    outer loop
      vertex   7.100000e+01 -2.500000e+01 4.000000e+00
      vertex   7.100482e+01 -2.499518e+01 4.098017e+00
      vertex   7.103408e+01 -1.950000e+01 4.258819e+00
    endloop
  endfacet
  facet normal -9.891971e-01 9.774199e-04 1.465885e-01
    outer loop
      vertex   7.103408e+01 -1.950000e+01 4.258819e+00
      vertex   7.100482e+01 -2.499518e+01 4.098017e+00
      vertex   7.101922e+01 -2.498078e+01 4.195090e+00
    endloop
  endfacet
  facet normal -9.568740e-01 -7.835944e-04 2.905023e-01
    outer loop
      vertex   7.103408e+01 -1.950000e+01 4.258819e+00
      vertex   7.101922e+01 -2.498078e+01 4.195090e+00
      vertex   7.107612e+01 -2.492388e+01 4.382683e+00
    endloop
  endfacet
  facet normal -9.238784e-01 1.577308e-03 3.826830e-01
    outer loop
      vertex   7.103408e+01 -1.950000e+01 4.258819e+00
      vertex   7.107612e+01 -2.492388e+01 4.382683e+00
      vertex   7.113398e+01 -1.950000e+01 4.500000e+00
    endloop
  endfacet
  facet normal -8.817436e-01 -7.981460e-04 4.717284e-01
    outer loop
      vertex   7.113398e+01 -1.950000e+01 4.500000e+00
      vertex   7.107612e+01 -2.492388e+01 4.382683e+00
      vertex   7.116853e+01 -2.483147e+01 4.555570e+00
    endloop
  endfacet
  facet normal -7.933528e-01 1.203056e-03 6.087610e-01
    outer loop
      vertex   7.113398e+01 -1.950000e+01 4.500000e+00
      vertex   7.116853e+01 -2.483147e+01 4.555570e+00
      vertex   7.129289e+01 -1.950000e+01 4.707107e+00
    endloop
  endfacet
  facet normal -7.730105e-01 -1.082087e-16 6.343933e-01
    outer loop
      vertex   7.129289e+01 -1.950000e+01 4.707107e+00
      vertex   7.116853e+01 -2.483147e+01 4.555570e+00
      vertex   7.129289e+01 -2.470711e+01 4.707107e+00
    endloop
  endfacet
  facet normal -6.343933e-01 -1.318527e-16 7.730105e-01
    outer loop
      vertex   7.129289e+01 -1.950000e+01 4.707107e+00
      vertex   7.129289e+01 -2.470711e+01 4.707107e+00
      vertex   7.144443e+01 -2.455557e+01 4.831470e+00
    endloop
  endfacet
  facet normal -6.087609e-01 1.268711e-03 7.933527e-01
    outer loop
      vertex   7.129289e+01 -1.950000e+01 4.707107e+00
      vertex   7.144443e+01 -2.455557e+01 4.831470e+00
      vertex   7.150000e+01 -1.950000e+01 4.866025e+00
    endloop
  endfacet
  facet normal -4.707304e-01 -8.563172e-04 8.822767e-01
    outer loop
      vertex   7.150000e+01 -1.950000e+01 4.866025e+00
      vertex   7.144443e+01 -2.455557e+01 4.831470e+00
      vertex   7.161732e+01 -2.438268e+01 4.923880e+00
    endloop
  endfacet
  facet normal -3.826828e-01 1.752136e-03 9.238781e-01
    outer loop
      vertex   7.150000e+01 -1.950000e+01 4.866025e+00
      vertex   7.161732e+01 -2.438268e+01 4.923880e+00
      vertex   7.174118e+01 -1.950000e+01 4.965926e+00
    endloop
  endfacet
  facet normal -2.894607e-01 -8.995878e-04 9.571895e-01
    outer loop
      vertex   7.174118e+01 -1.950000e+01 4.965926e+00
      vertex   7.161732e+01 -2.438268e+01 4.923880e+00
      vertex   7.180491e+01 -2.419509e+01 4.980785e+00
    endloop
  endfacet
  facet normal 0.000000e+00 -9.987955e-01 4.906767e-02
    outer loop
      vertex   5.800000e+01 -1.500000e+01 4.000000e+00
      vertex   7.100000e+01 -1.500000e+01 4.000000e+00
      vertex   5.801002e+01 -1.499518e+01 4.098017e+00
    endloop
  endfacet
  facet normal 8.124451e-04 -9.877259e-01 1.561953e-01
    outer loop
      vertex   5.801002e+01 -1.499518e+01 4.098017e+00
      vertex   7.100000e+01 -1.500000e+01 4.000000e+00
      vertex   6.266667e+01 -1.496593e+01 4.258819e+00
    endloop
  endfacet
  facet normal 1.160827e-03 -9.892278e-01 1.463798e-01
    outer loop
      vertex   5.801002e+01 -1.499518e+01 4.098017e+00
      vertex   6.266667e+01 -1.496593e+01 4.258819e+00
      vertex   5.803998e+01 -1.498079e+01 4.195090e+00
    endloop
  endfacet
  facet normal -2.330807e-04 -9.700026e-01 2.430945e-01
    outer loop
      vertex   5.803998e+01 -1.498079e+01 4.195090e+00
      vertex   6.266667e+01 -1.496593e+01 4.258819e+00
      vertex   5.808959e+01 -1.495694e+01 4.290285e+00
    endloop
  endfacet
  facet normal 4.652681e-04 -9.416538e-01 3.365827e-01
    outer loop
      vertex   5.808959e+01 -1.495694e+01 4.290285e+00
      vertex   6.266667e+01 -1.496593e+01 4.258819e+00
      vertex   5.815838e+01 -1.492388e+01 4.382683e+00
    endloop
  endfacet
  facet normal 1.897643e-03 -9.238779e-01 3.826827e-01
    outer loop
      vertex   5.815838e+01 -1.492388e+01 4.382683e+00
      vertex   6.266667e+01 -1.496593e+01 4.258819e+00
      vertex   6.266667e+01 -1.486603e+01 4.500000e+00
    endloop
  endfacet
  facet normal 4.873053e-04 -9.041744e-01 4.271631e-01
    outer loop
      vertex   5.815838e+01 -1.492388e+01 4.382683e+00
      vertex   6.266667e+01 -1.486603e+01 4.500000e+00
      vertex   5.824568e+01 -1.488192e+01 4.471397e+00
    endloop
  endfacet
  facet normal -2.441132e-04 -8.575943e-01 5.143267e-01
    outer loop
      vertex   5.824568e+01 -1.488192e+01 4.471397e+00
      vertex   6.266667e+01 -1.486603e+01 4.500000e+00
      vertex   5.835065e+01 -1.483147e+01 4.555570e+00
    endloop
  endfacet
  facet normal 1.486105e-03 -7.933525e-01 6.087608e-01
    outer loop
      vertex   5.835065e+01 -1.483147e+01 4.555570e+00
      vertex   6.266667e+01 -1.486603e+01 4.500000e+00
      vertex   6.266667e+01 -1.470711e+01 4.707107e+00
    endloop
  endfacet
  facet normal 0.000000e+00 -7.730105e-01 6.343933e-01
    outer loop
      vertex   5.835065e+01 -1.483147e+01 4.555570e+00
      vertex   6.266667e+01 -1.470711e+01 4.707107e+00
      vertex   5.860940e+01 -1.470711e+01 4.707107e+00
    endloop
  endfacet
  facet normal 0.000000e+00 -6.343933e-01 7.730105e-01
    outer loop
      vertex   5.860940e+01 -1.470711e+01 4.707107e+00
      vertex   6.266667e+01 -1.470711e+01 4.707107e+00
      vertex   5.892469e+01 -1.455557e+01 4.831470e+00
    endloop
  endfacet
  facet normal 1.714082e-03 -6.087605e-01 7.933522e-01
    outer loop
      vertex   5.892469e+01 -1.455557e+01 4.831470e+00
      vertex   6.266667e+01 -1.470711e+01 4.707107e+00
      vertex   6.266667e+01 -1.450000e+01 4.866025e+00
    endloop
  endfacet
  facet normal -1.181574e-03 -4.694832e-01 8.829406e-01
    outer loop
      vertex   5.892469e+01 -1.455557e+01 4.831470e+00
      vertex   6.266667e+01 -1.450000e+01 4.866025e+00
      vertex   5.928441e+01 -1.438268e+01 4.923880e+00
    endloop
  endfacet
  facet normal 2.529405e-03 -3.826822e-01 9.238766e-01
    outer loop
      vertex   5.928441e+01 -1.438268e+01 4.923880e+00
      vertex   6.266667e+01 -1.450000e+01 4.866025e+00
      vertex   6.266667e+01 -1.425882e+01 4.965926e+00
    endloop
  endfacet
  facet normal -1.370882e-03 -2.876714e-01 9.577282e-01
    outer loop
      vertex   5.928441e+01 -1.438268e+01 4.923880e+00
      vertex   6.266667e+01 -1.425882e+01 4.965926e+00
      vertex   5.967472e+01 -1.419509e+01 4.980785e+00
    endloop
  endfacet
  facet normal 2.732065e-03 -1.036450e-01 9.946106e-01
    outer loop
      vertex   5.967472e+01 -1.419509e+01 4.980785e+00
      vertex   6.266667e+01 -1.425882e+01 4.965926e+00
      vertex   6.008063e+01 -1.400000e+01 5.000000e+00
    endloop
  endfacet
  facet normal 0.000000e+00 -1.305262e-01 9.914449e-01
    outer loop
      vertex   6.008063e+01 -1.400000e+01 5.000000e+00
      vertex   6.266667e+01 -1.425882e+01 4.965926e+00
      vertex   6.733333e+01 -1.425882e+01 4.965926e+00
    endloop
  endfacet
  facet normal -1.020796e-03 -1.585913e-01 9.873438e-01
    outer loop
      vertex   6.008063e+01 -1.400000e+01 5.000000e+00
      vertex   6.733333e+01 -1.425882e+01 4.965926e+00
      vertex   7.180491e+01 -1.419509e+01 4.980785e+00
    endloop
  endfacet
  facet normal 9.706894e-04 -2.911733e-01 9.566698e-01
    outer loop
      vertex   7.180491e+01 -1.419509e+01 4.980785e+00
      vertex   6.733333e+01 -1.425882e+01 4.965926e+00
      vertex   7.161732e+01 -1.438268e+01 4.923880e+00
    endloop
  endfacet
  facet normal -1.997002e-03 -3.826827e-01 9.238777e-01
    outer loop
      vertex   7.161732e+01 -1.438268e+01 4.923880e+00
      vertex   6.733333e+01 -1.425882e+01 4.965926e+00
      vertex   6.733333e+01 -1.450000e+01 4.866025e+00
    endloop
  endfacet
  facet normal 1.026668e-03 -4.721948e-01 8.814936e-01
    outer loop
      vertex   7.161732e+01 -1.438268e+01 4.923880e+00
      vertex   6.733333e+01 -1.450000e+01 4.866025e+00
      vertex   7.144443e+01 -1.455557e+01 4.831470e+00
    endloop
  endfacet
  facet normal -1.560181e-03 -6.087607e-01 7.933524e-01
    outer loop
      vertex   7.144443e+01 -1.455557e+01 4.831470e+00
      vertex   6.733333e+01 -1.450000e+01 4.866025e+00
      vertex   6.733333e+01 -1.470711e+01 4.707107e+00
    endloop
  endfacet
  facet normal -6.302320e-16 -6.343933e-01 7.730105e-01
    outer loop
      vertex   7.144443e+01 -1.455557e+01 4.831470e+00
      vertex   6.733333e+01 -1.470711e+01 4.707107e+00
      vertex   7.129289e+01 -1.470711e+01 4.707107e+00
    endloop
  endfacet
  facet normal -6.313962e-16 -7.730105e-01 6.343933e-01
    outer loop
      vertex   7.129289e+01 -1.470711e+01 4.707107e+00
      vertex   6.733333e+01 -1.470711e+01 4.707107e+00
      vertex   7.116853e+01 -1.483147e+01 4.555570e+00
    endloop
  endfacet
  facet normal -1.672418e-03 -7.933522e-01 6.087606e-01
    outer loop
      vertex   7.116853e+01 -1.483147e+01 4.555570e+00
      vertex   6.733333e+01 -1.470711e+01 4.707107e+00
      vertex   6.733333e+01 -1.486603e+01 4.500000e+00
    endloop
  endfacet
  facet normal 1.124971e-03 -8.821706e-01 4.709287e-01
    outer loop
      vertex   7.116853e+01 -1.483147e+01 4.555570e+00
      vertex   6.733333e+01 -1.486603e+01 4.500000e+00
      vertex   7.107612e+01 -1.492388e+01 4.382683e+00
    endloop
  endfacet
  facet normal -2.285761e-03 -9.238771e-01 3.826824e-01
    outer loop
      vertex   7.107612e+01 -1.492388e+01 4.382683e+00
      vertex   6.733333e+01 -1.486603e+01 4.500000e+00
      vertex   6.733333e+01 -1.496593e+01 4.258819e+00
    endloop
  endfacet
  facet normal 1.155208e-03 -9.570370e-01 2.899636e-01
    outer loop
      vertex   7.107612e+01 -1.492388e+01 4.382683e+00
      vertex   6.733333e+01 -1.496593e+01 4.258819e+00
      vertex   7.101922e+01 -1.498079e+01 4.195090e+00
    endloop
  endfacet
  facet normal -1.447096e-03 -9.891443e-01 1.469404e-01
    outer loop
      vertex   7.101922e+01 -1.498079e+01 4.195090e+00
      vertex   6.733333e+01 -1.496593e+01 4.258819e+00
      vertex   7.100482e+01 -1.499518e+01 4.098017e+00
    endloop
  endfacet
  facet normal -5.797937e-03 -9.987647e-01 4.935100e-02
    outer loop
      vertex   7.100482e+01 -1.499518e+01 4.098017e+00
      vertex   6.733333e+01 -1.496593e+01 4.258819e+00
      vertex   7.100000e+01 -1.500000e+01 4.000000e+00
    endloop
  endfacet
  facet normal 0.000000e+00 -9.914449e-01 1.305262e-01
    outer loop
      vertex   7.100000e+01 -1.500000e+01 4.000000e+00
      vertex   6.733333e+01 -1.496593e+01 4.258819e+00
      vertex   6.266667e+01 -1.496593e+01 4.258819e+00
    endloop
  endfacet
  facet normal 1.466263e-17 -9.801714e-02 9.951847e-01
    outer loop
      vertex   7.180491e+01 -1.419509e+01 4.980785e+00
      vertex   7.200000e+01 -1.400000e+01 5.000000e+00
      vertex   6.008063e+01 -1.400000e+01 5.000000e+00
    endloop
  endfacet
  facet normal 0.000000e+00 -9.238795e-01 3.826834e-01
    outer loop
      vertex   6.266667e+01 -1.486603e+01 4.500000e+00
      vertex   6.266667e+01 -1.496593e+01 4.258819e+00
      vertex   6.733333e+01 -1.496593e+01 4.258819e+00
    endloop
  endfacet
  facet normal 0.000000e+00 -7.933533e-01 6.087614e-01
    outer loop
      vertex   6.266667e+01 -1.470711e+01 4.707107e+00
      vertex   6.266667e+01 -1.486603e+01 4.500000e+00
      vertex   6.733333e+01 -1.486603e+01 4.500000e+00
    endloop
  endfacet
  facet normal 0.000000e+00 -9.238795e-01 3.826834e-01
    outer loop
      vertex   6.733333e+01 -1.486603e+01 4.500000e+00
      vertex   6.266667e+01 -1.486603e+01 4.500000e+00
      vertex   6.733333e+01 -1.496593e+01 4.258819e+00
    endloop
  endfacet
  facet normal 1.537870e-16 -6.087614e-01 7.933533e-01
    outer loop
      vertex   6.266667e+01 -1.450000e+01 4.866025e+00
      vertex   6.266667e+01 -1.470711e+01 4.707107e+00
      vertex   6.733333e+01 -1.470711e+01 4.707107e+00
    endloop
  endfacet
  facet normal 1.158619e-16 -7.933533e-01 6.087614e-01
    outer loop
      vertex   6.733333e+01 -1.470711e+01 4.707107e+00
      vertex   6.266667e+01 -1.470711e+01 4.707107e+00
      vertex   6.733333e+01 -1.486603e+01 4.500000e+00
    endloop
  endfacet
  facet normal 0.000000e+00 -3.826834e-01 9.238795e-01
    outer loop
      vertex   6.266667e+01 -1.425882e+01 4.965926e+00
      vertex   6.266667e+01 -1.450000e+01 4.866025e+00
      vertex   6.733333e+01 -1.450000e+01 4.866025e+00
    endloop
  endfacet
  facet normal 0.000000e+00 -6.087614e-01 7.933533e-01
    outer loop
      vertex   6.733333e+01 -1.450000e+01 4.866025e+00
      vertex   6.266667e+01 -1.450000e+01 4.866025e+00
      vertex   6.733333e+01 -1.470711e+01 4.707107e+00
    endloop
  endfacet
  facet normal 0.000000e+00 -3.826834e-01 9.238795e-01
    outer loop
      vertex   6.733333e+01 -1.425882e+01 4.965926e+00
      vertex   6.266667e+01 -1.425882e+01 4.965926e+00
      vertex   6.733333e+01 -1.450000e+01 4.866025e+00
    endloop
  endfacet
  facet normal -7.799282e-01 6.239426e-01 4.906767e-02
    outer loop
      vertex   6.600000e+01 -5.000000e+00 4.000000e+00
      vertex   5.800000e+01 -1.500000e+01 4.000000e+00
      vertex   6.601002e+01 -4.995185e+00 4.098017e+00
    endloop
  endfacet
  facet normal -7.731525e-01 6.175848e-01 1.443061e-01
    outer loop
      vertex   6.601002e+01 -4.995185e+00 4.098017e+00
      vertex   5.800000e+01 -1.500000e+01 4.000000e+00
      vertex   6.112653e+01 -1.114639e+01 4.258819e+00
    endloop
  endfacet
  facet normal -7.682547e-01 6.146037e-01 1.790169e-01
    outer loop
      vertex   6.601002e+01 -4.995185e+00 4.098017e+00
      vertex   6.112653e+01 -1.114639e+01 4.258819e+00
      vertex   6.422645e+01 -7.271489e+00 4.258819e+00
    endloop
  endfacet
  facet normal -7.214287e-01 5.771430e-01 3.826834e-01
    outer loop
      vertex   6.422645e+01 -7.271489e+00 4.258819e+00
      vertex   6.112653e+01 -1.114639e+01 4.258819e+00
      vertex   6.430445e+01 -7.333897e+00 4.500000e+00
    endloop
  endfacet
  facet normal -7.231838e-01 5.749432e-01 3.826819e-01
    outer loop
      vertex   6.422645e+01 -7.271489e+00 4.258819e+00
      vertex   6.430445e+01 -7.333897e+00 4.500000e+00
      vertex   6.615838e+01 -4.923880e+00 4.382683e+00
    endloop
  endfacet
  facet normal -7.061189e-01 5.640268e-01 4.281002e-01
    outer loop
      vertex   6.615838e+01 -4.923880e+00 4.382683e+00
      vertex   6.430445e+01 -7.333897e+00 4.500000e+00
      vertex   6.624568e+01 -4.881921e+00 4.471397e+00
    endloop
  endfacet
  facet normal -6.697073e-01 5.361994e-01 5.137920e-01
    outer loop
      vertex   6.624568e+01 -4.881921e+00 4.471397e+00
      vertex   6.430445e+01 -7.333897e+00 4.500000e+00
      vertex   6.635065e+01 -4.831470e+00 4.555570e+00
    endloop
  endfacet
  facet normal -6.207433e-01 4.940534e-01 6.087602e-01
    outer loop
      vertex   6.635065e+01 -4.831470e+00 4.555570e+00
      vertex   6.430445e+01 -7.333897e+00 4.500000e+00
      vertex   6.442855e+01 -7.433172e+00 4.707107e+00
    endloop
  endfacet
  facet normal -6.036198e-01 4.828958e-01 6.343933e-01
    outer loop
      vertex   6.635065e+01 -4.831470e+00 4.555570e+00
      vertex   6.442855e+01 -7.433172e+00 4.707107e+00
      vertex   6.660940e+01 -4.707107e+00 4.707107e+00
    endloop
  endfacet
  facet normal -4.953779e-01 3.963023e-01 7.730105e-01
    outer loop
      vertex   6.660940e+01 -4.707107e+00 4.707107e+00
      vertex   6.442855e+01 -7.433172e+00 4.707107e+00
      vertex   6.692469e+01 -4.555570e+00 4.831470e+00
    endloop
  endfacet
  facet normal -4.764148e-01 3.789739e-01 7.933522e-01
    outer loop
      vertex   6.692469e+01 -4.555570e+00 4.831470e+00
      vertex   6.442855e+01 -7.433172e+00 4.707107e+00
      vertex   6.459027e+01 -7.562551e+00 4.866025e+00
    endloop
  endfacet
  facet normal -3.687946e-01 2.964316e-01 8.809761e-01
    outer loop
      vertex   6.692469e+01 -4.555570e+00 4.831470e+00
      vertex   6.459027e+01 -7.562551e+00 4.866025e+00
      vertex   6.728441e+01 -4.382684e+00 4.923880e+00
    endloop
  endfacet
  facet normal -3.001078e-01 2.374564e-01 9.238776e-01
    outer loop
      vertex   6.728441e+01 -4.382684e+00 4.923880e+00
      vertex   6.459027e+01 -7.562551e+00 4.866025e+00
      vertex   6.477860e+01 -7.713215e+00 4.965926e+00
    endloop
  endfacet
  facet normal -2.275082e-01 1.832448e-01 9.563793e-01
    outer loop
      vertex   6.728441e+01 -4.382684e+00 4.923880e+00
      vertex   6.477860e+01 -7.713215e+00 4.965926e+00
      vertex   6.767472e+01 -4.195090e+00 4.980785e+00
    endloop
  endfacet
  facet normal -7.463639e-02 5.723555e-02 9.955669e-01
    outer loop
      vertex   6.767472e+01 -4.195090e+00 4.980785e+00
      vertex   6.477860e+01 -7.713215e+00 4.965926e+00
      vertex   6.808063e+01 -4.000000e+00 5.000000e+00
    endloop
  endfacet
  facet normal -1.019238e-01 8.153907e-02 9.914449e-01
    outer loop
      vertex   6.808063e+01 -4.000000e+00 5.000000e+00
      vertex   6.477860e+01 -7.713215e+00 4.965926e+00
      vertex   6.167868e+01 -1.158811e+01 4.965926e+00
    endloop
  endfacet
  facet normal -1.338644e-01 1.085154e-01 9.850405e-01
    outer loop
      vertex   6.808063e+01 -4.000000e+00 5.000000e+00
      vertex   6.167868e+01 -1.158811e+01 4.965926e+00
      vertex   5.967472e+01 -1.419509e+01 4.980785e+00
    endloop
  endfacet
  facet normal -2.255925e-01 1.788703e-01 9.576604e-01
    outer loop
      vertex   5.967472e+01 -1.419509e+01 4.980785e+00
      vertex   6.167868e+01 -1.158811e+01 4.965926e+00
      vertex   5.928441e+01 -1.438268e+01 4.923880e+00
    endloop
  endfacet
  facet normal -2.973716e-01 2.408762e-01 9.238770e-01
    outer loop
      vertex   5.928441e+01 -1.438268e+01 4.923880e+00
      vertex   6.167868e+01 -1.158811e+01 4.965926e+00
      vertex   6.149035e+01 -1.143745e+01 4.866025e+00
    endloop
  endfacet
  facet normal -3.674000e-01 2.925210e-01 8.828639e-01
    outer loop
      vertex   5.928441e+01 -1.438268e+01 4.923880e+00
      vertex   6.149035e+01 -1.143745e+01 4.866025e+00
      vertex   5.892469e+01 -1.455557e+01 4.831470e+00
    endloop
  endfacet
  facet normal -4.743698e-01 3.815302e-01 7.933523e-01
    outer loop
      vertex   5.892469e+01 -1.455557e+01 4.831470e+00
      vertex   6.149035e+01 -1.143745e+01 4.866025e+00
      vertex   6.132863e+01 -1.130807e+01 4.707107e+00
    endloop
  endfacet
  facet normal -4.953779e-01 3.963023e-01 7.730105e-01
    outer loop
      vertex   5.892469e+01 -1.455557e+01 4.831470e+00
      vertex   6.132863e+01 -1.130807e+01 4.707107e+00
      vertex   5.860940e+01 -1.470711e+01 4.707107e+00
    endloop
  endfacet
  facet normal -6.036198e-01 4.828958e-01 6.343933e-01
    outer loop
      vertex   5.860940e+01 -1.470711e+01 4.707107e+00
      vertex   6.132863e+01 -1.130807e+01 4.707107e+00
      vertex   5.835065e+01 -1.483147e+01 4.555570e+00
    endloop
  endfacet
  facet normal -6.186354e-01 4.966895e-01 6.087608e-01
    outer loop
      vertex   5.835065e+01 -1.483147e+01 4.555570e+00
      vertex   6.132863e+01 -1.130807e+01 4.707107e+00
      vertex   6.120454e+01 -1.120880e+01 4.500000e+00
    endloop
  endfacet
  facet normal -6.698181e-01 5.355616e-01 5.143125e-01
    outer loop
      vertex   5.835065e+01 -1.483147e+01 4.555570e+00
      vertex   6.120454e+01 -1.120880e+01 4.500000e+00
      vertex   5.824568e+01 -1.488192e+01 4.471397e+00
    endloop
  endfacet
  facet normal -7.057473e-01 5.651825e-01 4.271879e-01
    outer loop
      vertex   5.824568e+01 -1.488192e+01 4.471397e+00
      vertex   6.120454e+01 -1.120880e+01 4.500000e+00
      vertex   5.815838e+01 -1.492388e+01 4.382683e+00
    endloop
  endfacet
  facet normal -7.203151e-01 5.785327e-01 3.826828e-01
    outer loop
      vertex   5.815838e+01 -1.492388e+01 4.382683e+00
      vertex   6.120454e+01 -1.120880e+01 4.500000e+00
      vertex   6.112653e+01 -1.114639e+01 4.258819e+00
    endloop
  endfacet
  facet normal -7.350298e-01 5.885837e-01 3.366013e-01
    outer loop
      vertex   5.815838e+01 -1.492388e+01 4.382683e+00
      vertex   6.112653e+01 -1.114639e+01 4.258819e+00
      vertex   5.808959e+01 -1.495694e+01 4.290285e+00
    endloop
  endfacet
  facet normal -7.575829e-01 6.057859e-01 2.430876e-01
    outer loop
      vertex   5.808959e+01 -1.495694e+01 4.290285e+00
      vertex   6.112653e+01 -1.114639e+01 4.258819e+00
      vertex   5.803998e+01 -1.498079e+01 4.195090e+00
    endloop
  endfacet
  facet normal -7.717733e-01 6.188156e-01 1.464010e-01
    outer loop
      vertex   5.803998e+01 -1.498079e+01 4.195090e+00
      vertex   6.112653e+01 -1.114639e+01 4.258819e+00
      vertex   5.801002e+01 -1.499518e+01 4.098017e+00
    endloop
  endfacet
  facet normal -7.772377e-01 6.273253e-01 4.862648e-02
    outer loop
      vertex   5.801002e+01 -1.499518e+01 4.098017e+00
      vertex   6.112653e+01 -1.114639e+01 4.258819e+00
      vertex   5.800000e+01 -1.500000e+01 4.000000e+00
    endloop
  endfacet
  facet normal -7.653853e-02 6.123082e-02 9.951847e-01
    outer loop
      vertex   5.967472e+01 -1.419509e+01 4.980785e+00
      vertex   6.008063e+01 -1.400000e+01 5.000000e+00
      vertex   6.808063e+01 -4.000000e+00 5.000000e+00
    endloop
  endfacet
  facet normal -7.355417e-01 5.875038e-01 3.373688e-01
    outer loop
      vertex   6.615838e+01 -4.923880e+00 4.382683e+00
      vertex   6.608959e+01 -4.956940e+00 4.290285e+00
      vertex   6.422645e+01 -7.271489e+00 4.258819e+00
    endloop
  endfacet
  facet normal -7.572755e-01 6.062844e-01 2.428025e-01
    outer loop
      vertex   6.422645e+01 -7.271489e+00 4.258819e+00
      vertex   6.608959e+01 -4.956940e+00 4.290285e+00
      vertex   6.603998e+01 -4.980785e+00 4.195090e+00
    endloop
  endfacet
  facet normal -7.734878e-01 6.164621e-01 1.472792e-01
    outer loop
      vertex   6.422645e+01 -7.271489e+00 4.258819e+00
      vertex   6.603998e+01 -4.980785e+00 4.195090e+00
      vertex   6.601002e+01 -4.995185e+00 4.098017e+00
    endloop
  endfacet
  facet normal -6.195049e-01 4.956039e-01 6.087614e-01
    outer loop
      vertex   6.442855e+01 -7.433172e+00 4.707107e+00
      vertex   6.430445e+01 -7.333897e+00 4.500000e+00
      vertex   6.120454e+01 -1.120880e+01 4.500000e+00
    endloop
  endfacet
  facet normal -7.214287e-01 5.771430e-01 3.826834e-01
    outer loop
      vertex   6.120454e+01 -1.120880e+01 4.500000e+00
      vertex   6.430445e+01 -7.333897e+00 4.500000e+00
      vertex   6.112653e+01 -1.114639e+01 4.258819e+00
    endloop
  endfacet
  facet normal -4.753628e-01 3.802902e-01 7.933533e-01
    outer loop
      vertex   6.459027e+01 -7.562551e+00 4.866025e+00
      vertex   6.442855e+01 -7.433172e+00 4.707107e+00
      vertex   6.132863e+01 -1.130807e+01 4.707107e+00
    endloop
  endfacet
  facet normal -6.195049e-01 4.956039e-01 6.087614e-01
    outer loop
      vertex   6.132863e+01 -1.130807e+01 4.707107e+00
      vertex   6.442855e+01 -7.433172e+00 4.707107e+00
      vertex   6.120454e+01 -1.120880e+01 4.500000e+00
    endloop
  endfacet
  facet normal -2.988256e-01 2.390604e-01 9.238795e-01
    outer loop
      vertex   6.477860e+01 -7.713215e+00 4.965926e+00
      vertex   6.459027e+01 -7.562551e+00 4.866025e+00
      vertex   6.149035e+01 -1.143745e+01 4.866025e+00
    endloop
  endfacet
  facet normal -4.753628e-01 3.802902e-01 7.933533e-01
    outer loop
      vertex   6.149035e+01 -1.143745e+01 4.866025e+00
      vertex   6.459027e+01 -7.562551e+00 4.866025e+00
      vertex   6.132863e+01 -1.130807e+01 4.707107e+00
    endloop
  endfacet
  facet normal -2.988256e-01 2.390604e-01 9.238795e-01
    outer loop
      vertex   6.167868e+01 -1.158811e+01 4.965926e+00
      vertex   6.477860e+01 -7.713215e+00 4.965926e+00
      vertex   6.149035e+01 -1.143745e+01 4.866025e+00
    endloop
  endfacet
  facet normal 0.000000e+00 -9.987955e-01 4.906767e-02
    outer loop
      vertex   6.100000e+01 -5.000000e+00 4.000000e+00
      vertex   6.600000e+01 -5.000000e+00 4.000000e+00
      vertex   6.101002e+01 -4.995185e+00 4.098017e+00
    endloop
  endfacet
  facet normal 5.322651e-16 -9.987955e-01 4.906767e-02
    outer loop
      vertex   6.101002e+01 -4.995185e+00 4.098017e+00
      vertex   6.600000e+01 -5.000000e+00 4.000000e+00
      vertex   6.601002e+01 -4.995185e+00 4.098017e+00
    endloop
  endfacet
  facet normal 5.242985e-16 -9.838460e-01 1.790169e-01
    outer loop
      vertex   6.101002e+01 -4.995185e+00 4.098017e+00
      vertex   6.601002e+01 -4.995185e+00 4.098017e+00
      vertex   6.454031e+01 -4.965926e+00 4.258819e+00
    endloop
  endfacet
  facet normal -3.519164e-03 -9.890122e-01 1.477922e-01
    outer loop
      vertex   6.454031e+01 -4.965926e+00 4.258819e+00
      vertex   6.601002e+01 -4.995185e+00 4.098017e+00
      vertex   6.603998e+01 -4.980785e+00 4.195090e+00
    endloop
  endfacet
  facet normal 6.985389e-04 -9.701168e-01 2.426375e-01
    outer loop
      vertex   6.454031e+01 -4.965926e+00 4.258819e+00
      vertex   6.603998e+01 -4.980785e+00 4.195090e+00
      vertex   6.608959e+01 -4.956940e+00 4.290285e+00
    endloop
  endfacet
  facet normal -1.402140e-03 -9.412116e-01 3.378147e-01
    outer loop
      vertex   6.608959e+01 -4.956940e+00 4.290285e+00
      vertex   6.615838e+01 -4.923880e+00 4.382683e+00
      vertex   6.454031e+01 -4.965926e+00 4.258819e+00
    endloop
  endfacet
  facet normal -5.287189e-03 -9.238666e-01 3.826781e-01
    outer loop
      vertex   6.454031e+01 -4.965926e+00 4.258819e+00
      vertex   6.615838e+01 -4.923880e+00 4.382683e+00
      vertex   6.454031e+01 -4.866025e+00 4.500000e+00
    endloop
  endfacet
  facet normal 2.529650e-03 -9.238766e-01 3.826822e-01
    outer loop
      vertex   6.454031e+01 -4.965926e+00 4.258819e+00
      vertex   6.454031e+01 -4.866025e+00 4.500000e+00
      vertex   6.115838e+01 -4.923880e+00 4.382683e+00
    endloop
  endfacet
  facet normal 6.553848e-04 -9.042382e-01 4.270279e-01
    outer loop
      vertex   6.115838e+01 -4.923880e+00 4.382683e+00
      vertex   6.454031e+01 -4.866025e+00 4.500000e+00
      vertex   6.124568e+01 -4.881921e+00 4.471397e+00
    endloop
  endfacet
  facet normal -3.284651e-04 -8.575479e-01 5.144040e-01
    outer loop
      vertex   6.124568e+01 -4.881921e+00 4.471397e+00
      vertex   6.454031e+01 -4.866025e+00 4.500000e+00
      vertex   6.135065e+01 -4.831470e+00 4.555570e+00
    endloop
  endfacet
  facet normal 2.010885e-03 -7.933517e-01 6.087602e-01
    outer loop
      vertex   6.135065e+01 -4.831470e+00 4.555570e+00
      vertex   6.454031e+01 -4.866025e+00 4.500000e+00
      vertex   6.454031e+01 -4.707107e+00 4.707107e+00
    endloop
  endfacet
  facet normal 4.226915e-17 -7.730105e-01 6.343933e-01
    outer loop
      vertex   6.135065e+01 -4.831470e+00 4.555570e+00
      vertex   6.454031e+01 -4.707107e+00 4.707107e+00
      vertex   6.160940e+01 -4.707107e+00 4.707107e+00
    endloop
  endfacet
  facet normal -4.200631e-17 -6.343933e-01 7.730105e-01
    outer loop
      vertex   6.160940e+01 -4.707107e+00 4.707107e+00
      vertex   6.454031e+01 -4.707107e+00 4.707107e+00
      vertex   6.192469e+01 -4.555570e+00 4.831470e+00
    endloop
  endfacet
  facet normal 2.452207e-03 -6.087596e-01 7.933510e-01
    outer loop
      vertex   6.192469e+01 -4.555570e+00 4.831470e+00
      vertex   6.454031e+01 -4.707107e+00 4.707107e+00
      vertex   6.454031e+01 -4.500000e+00 4.866025e+00
    endloop
  endfacet
  facet normal -1.714813e-03 -4.686187e-01 8.833989e-01
    outer loop
      vertex   6.192469e+01 -4.555570e+00 4.831470e+00
      vertex   6.454031e+01 -4.500000e+00 4.866025e+00
      vertex   6.228441e+01 -4.382684e+00 4.923880e+00
    endloop
  endfacet
  facet normal 3.792298e-03 -3.826807e-01 9.238729e-01
    outer loop
      vertex   6.228441e+01 -4.382684e+00 4.923880e+00
      vertex   6.454031e+01 -4.500000e+00 4.866025e+00
      vertex   6.454031e+01 -4.258819e+00 4.965926e+00
    endloop
  endfacet
  facet normal -2.144616e-03 -2.861952e-01 9.581689e-01
    outer loop
      vertex   6.228441e+01 -4.382684e+00 4.923880e+00
      vertex   6.454031e+01 -4.258819e+00 4.965926e+00
      vertex   6.267472e+01 -4.195090e+00 4.980785e+00
    endloop
  endfacet
  facet normal 4.270630e-03 -1.068126e-01 9.942700e-01
    outer loop
      vertex   6.267472e+01 -4.195090e+00 4.980785e+00
      vertex   6.454031e+01 -4.258819e+00 4.965926e+00
      vertex   6.308063e+01 -4.000000e+00 5.000000e+00
    endloop
  endfacet
  facet normal -1.833254e-03 -1.406821e-01 9.900531e-01
    outer loop
      vertex   6.308063e+01 -4.000000e+00 5.000000e+00
      vertex   6.454031e+01 -4.258819e+00 4.965926e+00
      vertex   6.767472e+01 -4.195090e+00 4.980785e+00
    endloop
  endfacet
  facet normal 8.705671e-17 -9.801714e-02 9.951847e-01
    outer loop
      vertex   6.308063e+01 -4.000000e+00 5.000000e+00
      vertex   6.767472e+01 -4.195090e+00 4.980785e+00
      vertex   6.808063e+01 -4.000000e+00 5.000000e+00
    endloop
  endfacet
  facet normal -1.233970e-03 -9.035187e-01 4.285468e-01
    outer loop
      vertex   6.615838e+01 -4.923880e+00 4.382683e+00
      vertex   6.624568e+01 -4.881921e+00 4.471397e+00
      vertex   6.454031e+01 -4.866025e+00 4.500000e+00
    endloop
  endfacet
  facet normal 6.152106e-04 -8.580666e-01 5.135381e-01
    outer loop
      vertex   6.454031e+01 -4.866025e+00 4.500000e+00
      vertex   6.624568e+01 -4.881921e+00 4.471397e+00
      vertex   6.635065e+01 -4.831470e+00 4.555570e+00
    endloop
  endfacet
  facet normal -3.543000e-03 -7.933484e-01 6.087576e-01
    outer loop
      vertex   6.454031e+01 -4.866025e+00 4.500000e+00
      vertex   6.635065e+01 -4.831470e+00 4.555570e+00
      vertex   6.454031e+01 -4.707107e+00 4.707107e+00
    endloop
  endfacet
  facet normal 6.636460e-16 -7.730105e-01 6.343933e-01
    outer loop
      vertex   6.454031e+01 -4.707107e+00 4.707107e+00
      vertex   6.635065e+01 -4.831470e+00 4.555570e+00
      vertex   6.660940e+01 -4.707107e+00 4.707107e+00
    endloop
  endfacet
  facet normal 5.446402e-16 -6.343933e-01 7.730105e-01
    outer loop
      vertex   6.454031e+01 -4.707107e+00 4.707107e+00
      vertex   6.660940e+01 -4.707107e+00 4.707107e+00
      vertex   6.692469e+01 -4.555570e+00 4.831470e+00
    endloop
  endfacet
  facet normal -2.690025e-03 -6.087592e-01 7.933505e-01
    outer loop
      vertex   6.454031e+01 -4.707107e+00 4.707107e+00
      vertex   6.692469e+01 -4.555570e+00 4.831470e+00
      vertex   6.454031e+01 -4.500000e+00 4.866025e+00
    endloop
  endfacet
  facet normal 1.709064e-03 -4.741595e-01 8.804373e-01
    outer loop
      vertex   6.454031e+01 -4.500000e+00 4.866025e+00
      vertex   6.692469e+01 -4.555570e+00 4.831470e+00
      vertex   6.728441e+01 -4.382684e+00 4.923880e+00
    endloop
  endfacet
  facet normal -3.117642e-03 -3.826816e-01 9.238750e-01
    outer loop
      vertex   6.454031e+01 -4.500000e+00 4.866025e+00
      vertex   6.728441e+01 -4.382684e+00 4.923880e+00
      vertex   6.454031e+01 -4.258819e+00 4.965926e+00
    endloop
  endfacet
  facet normal 1.424528e-03 -2.929974e-01 9.561122e-01
    outer loop
      vertex   6.454031e+01 -4.258819e+00 4.965926e+00
      vertex   6.728441e+01 -4.382684e+00 4.923880e+00
      vertex   6.767472e+01 -4.195090e+00 4.980785e+00
    endloop
  endfacet
  facet normal 6.161361e-04 -9.416893e-01 3.364831e-01
    outer loop
      vertex   6.115838e+01 -4.923880e+00 4.382683e+00
      vertex   6.108959e+01 -4.956940e+00 4.290285e+00
      vertex   6.454031e+01 -4.965926e+00 4.258819e+00
    endloop
  endfacet
  facet normal -3.087980e-04 -9.699933e-01 2.431316e-01
    outer loop
      vertex   6.454031e+01 -4.965926e+00 4.258819e+00
      vertex   6.108959e+01 -4.956940e+00 4.290285e+00
      vertex   6.103998e+01 -4.980785e+00 4.195090e+00
    endloop
  endfacet
  facet normal 1.536500e-03 -9.892441e-01 1.462663e-01
    outer loop
      vertex   6.454031e+01 -4.965926e+00 4.258819e+00
      vertex   6.103998e+01 -4.980785e+00 4.195090e+00
      vertex   6.101002e+01 -4.995185e+00 4.098017e+00
    endloop
  endfacet
  facet normal 0.000000e+00 -1.000000e+00 0.000000e+00
    outer loop
      vertex   7.100000e+01 -2.500000e+01 1.000000e+00
      vertex   7.900000e+01 -2.500000e+01 1.000000e+00
      vertex   7.100000e+01 -2.500000e+01 4.000000e+00
    endloop
  endfacet
  facet normal 0.000000e+00 -1.000000e+00 0.000000e+00
    outer loop
      vertex   7.100000e+01 -2.500000e+01 4.000000e+00
      vertex   7.900000e+01 -2.500000e+01 1.000000e+00
      vertex   7.900000e+01 -2.500000e+01 4.000000e+00
    endloop
  endfacet
  facet normal -1.000000e+00 0.000000e+00 0.000000e+00
    outer loop
      vertex   7.100000e+01 -1.500000e+01 1.000000e+00
      vertex   7.100000e+01 -2.500000e+01 1.000000e+00
      vertex   7.100000e+01 -1.500000e+01 4.000000e+00
    endloop
  endfacet
  facet normal -1.000000e+00 -0.000000e+00 0.000000e+00
    outer loop
      vertex   7.100000e+01 -1.500000e+01 4.000000e+00
      vertex   7.100000e+01 -2.500000e+01 1.000000e+00
      vertex   7.100000e+01 -2.500000e+01 4.000000e+00
    endloop
  endfacet
  facet normal 0.000000e+00 -1.000000e+00 0.000000e+00
    outer loop
      vertex   5.800000e+01 -1.500000e+01 1.000000e+00
      vertex   7.100000e+01 -1.500000e+01 1.000000e+00
      vertex   5.800000e+01 -1.500000e+01 4.000000e+00
    endloop
  endfacet
  facet normal 0.000000e+00 -1.000000e+00 0.000000e+00
    outer loop
      vertex   5.800000e+01 -1.500000e+01 4.000000e+00
      vertex   7.100000e+01 -1.500000e+01 1.000000e+00
      vertex   7.100000e+01 -1.500000e+01 4.000000e+00
    endloop
  endfacet
  facet normal -7.808688e-01 6.246950e-01 0.000000e+00
    outer loop
      vertex   6.600000e+01 -5.000000e+00 1.000000e+00
      vertex   5.800000e+01 -1.500000e+01 1.000000e+00
      vertex   6.600000e+01 -5.000000e+00 4.000000e+00
    endloop
  endfacet
  facet normal -7.808688e-01 6.246950e-01 0.000000e+00
    outer loop
      vertex   6.600000e+01 -5.000000e+00 4.000000e+00
      vertex   5.800000e+01 -1.500000e+01 1.000000e+00
      vertex   5.800000e+01 -1.500000e+01 4.000000e+00
    endloop
  endfacet
  facet normal 0.000000e+00 -1.000000e+00 0.000000e+00
    outer loop
      vertex   6.100000e+01 -5.000000e+00 1.000000e+00
      vertex   6.600000e+01 -5.000000e+00 1.000000e+00
      vertex   6.100000e+01 -5.000000e+00 4.000000e+00
    endloop
  endfacet
  facet normal 0.000000e+00 -1.000000e+00 0.000000e+00
    outer loop
      vertex   6.100000e+01 -5.000000e+00 4.000000e+00
      vertex   6.600000e+01 -5.000000e+00 1.000000e+00
      vertex   6.600000e+01 -5.000000e+00 4.000000e+00
    endloop
  endfacet
  facet normal -7.808688e-01 6.246950e-01 0.000000e+00
    outer loop
      vertex   6.900000e+01 5.000000e+00 1.000000e+00
      vertex   6.100000e+01 -5.000000e+00 1.000000e+00
      vertex   6.900000e+01 5.000000e+00 4.000000e+00
    endloop
  endfacet
  facet normal -7.808688e-01 6.246950e-01 0.000000e+00
    outer loop
      vertex   6.900000e+01 5.000000e+00 4.000000e+00
      vertex   6.100000e+01 -5.000000e+00 1.000000e+00
      vertex   6.100000e+01 -5.000000e+00 4.000000e+00
    endloop
  endfacet
  facet normal 0.000000e+00 0.000000e+00 1.000000e+00
    outer loop
      vertex   6.308063e+01 -4.000000e+00 5.000000e+00
      vertex   6.808063e+01 -4.000000e+00 5.000000e+00
      vertex   7.108063e+01 6.000000e+00 5.000000e+00
    endloop
  endfacet
  facet normal 0.000000e+00 0.000000e+00 1.000000e+00
    outer loop
      vertex   7.108063e+01 6.000000e+00 5.000000e+00
      vertex   6.808063e+01 -4.000000e+00 5.000000e+00
      vertex   8.191938e+01 -4.000000e+00 5.000000e+00
    endloop
  endfacet
  facet normal -0.000000e+00 0.000000e+00 1.000000e+00
    outer loop
      vertex   7.108063e+01 6.000000e+00 5.000000e+00
      vertex   8.191938e+01 -4.000000e+00 5.000000e+00
      vertex   7.891938e+01 6.000000e+00 5.000000e+00
    endloop
  endfacet
  facet normal 0.000000e+00 0.000000e+00 1.000000e+00
    outer loop
      vertex   7.891938e+01 6.000000e+00 5.000000e+00
      vertex   8.191938e+01 -4.000000e+00 5.000000e+00
      vertex   8.691938e+01 -4.000000e+00 5.000000e+00
    endloop
  endfacet
  facet normal 0.000000e+00 0.000000e+00 1.000000e+00
    outer loop
      vertex   6.008063e+01 -1.400000e+01 5.000000e+00
      vertex   7.200000e+01 -1.400000e+01 5.000000e+00
      vertex   6.808063e+01 -4.000000e+00 5.000000e+00
    endloop
  endfacet
  facet normal 0.000000e+00 0.000000e+00 1.000000e+00
    outer loop
      vertex   6.808063e+01 -4.000000e+00 5.000000e+00
      vertex   7.200000e+01 -1.400000e+01 5.000000e+00
      vertex   7.800000e+01 -1.400000e+01 5.000000e+00
    endloop
  endfacet
  facet normal 0.000000e+00 0.000000e+00 1.000000e+00
    outer loop
      vertex   6.808063e+01 -4.000000e+00 5.000000e+00
      vertex   7.800000e+01 -1.400000e+01 5.000000e+00
      vertex   8.191938e+01 -4.000000e+00 5.000000e+00
    endloop
  endfacet
  facet normal 0.000000e+00 0.000000e+00 1.000000e+00
    outer loop
      vertex   8.191938e+01 -4.000000e+00 5.000000e+00
      vertex   7.800000e+01 -1.400000e+01 5.000000e+00
      vertex   8.991938e+01 -1.400000e+01 5.000000e+00
    endloop
  endfacet
  facet normal 0.000000e+00 0.000000e+00 1.000000e+00
    outer loop
      vertex   7.200000e+01 -2.400000e+01 5.000000e+00
      vertex   7.800000e+01 -2.400000e+01 5.000000e+00
      vertex   7.200000e+01 -1.400000e+01 5.000000e+00
    endloop
  endfacet
  facet normal -0.000000e+00 0.000000e+00 1.000000e+00
    outer loop
      vertex   7.200000e+01 -1.400000e+01 5.000000e+00
      vertex   7.800000e+01 -2.400000e+01 5.000000e+00
      vertex   7.800000e+01 -1.400000e+01 5.000000e+00
    endloop
  endfacet
  facet normal 0.000000e+00 0.000000e+00 1.000000e+00
    outer loop
      vertex   8.391938e+01 6.000000e+00 5.000000e+00
      vertex   7.591938e+01 1.600000e+01 5.000000e+00
      vertex   7.891938e+01 6.000000e+00 5.000000e+00
    endloop
  endfacet
  facet normal 0.000000e+00 0.000000e+00 1.000000e+00
    outer loop
      vertex   7.891938e+01 6.000000e+00 5.000000e+00
      vertex   7.591938e+01 1.600000e+01 5.000000e+00
      vertex   7.408063e+01 1.600000e+01 5.000000e+00
    endloop
  endfacet
  facet normal 0.000000e+00 0.000000e+00 1.000000e+00
    outer loop
      vertex   7.891938e+01 6.000000e+00 5.000000e+00
      vertex   7.408063e+01 1.600000e+01 5.000000e+00
      vertex   7.108063e+01 6.000000e+00 5.000000e+00
    endloop
  endfacet
  facet normal 0.000000e+00 -0.000000e+00 1.000000e+00
    outer loop
      vertex   7.108063e+01 6.000000e+00 5.000000e+00
      vertex   7.408063e+01 1.600000e+01 5.000000e+00
      vertex   6.608063e+01 6.000000e+00 5.000000e+00
    endloop
  endfacet
  facet normal 0.000000e+00 0.000000e+00 1.000000e+00
    outer loop
      vertex   8.091938e+01 1.600000e+01 5.000000e+00
      vertex   7.500000e+01 2.339922e+01 5.000000e+00
      vertex   7.591938e+01 1.600000e+01 5.000000e+00
    endloop
  endfacet
  facet normal 0.000000e+00 0.000000e+00 1.000000e+00
    outer loop
      vertex   7.591938e+01 1.600000e+01 5.000000e+00
      vertex   7.500000e+01 2.339922e+01 5.000000e+00
      vertex   7.408063e+01 1.600000e+01 5.000000e+00
    endloop
  endfacet
  facet normal 0.000000e+00 0.000000e+00 1.000000e+00
    outer loop
      vertex   7.500000e+01 2.339922e+01 5.000000e+00
      vertex   6.908063e+01 1.600000e+01 5.000000e+00
      vertex   7.408063e+01 1.600000e+01 5.000000e+00
    endloop
  endfacet
  facet normal 5.296217e-09 9.801719e-02 9.951847e-01
    outer loop
      vertex   7.803411e+01 2.120736e+01 1.028822e+00
      vertex   7.780000e+01 2.150000e+01 1.000000e+00
      vertex   7.500000e+01 2.150000e+01 1.000000e+00
    endloop
  endfacet
  facet normal 5.296217e-09 -9.801719e-02 9.951847e-01
    outer loop
      vertex   7.500000e+01 2.150000e+01 1.000000e+00
      vertex   7.780000e+01 2.150000e+01 1.000000e+00
      vertex   7.756589e+01 2.179264e+01 1.028822e+00
    endloop
  endfacet
  facet normal 1.607208e-03 -1.119643e-01 9.937109e-01
    outer loop
      vertex   7.500000e+01 2.150000e+01 1.000000e+00
      vertex   7.756589e+01 2.179264e+01 1.028822e+00
      vertex   7.500000e+01 2.183378e+01 1.037608e+00
    endloop
  endfacet
  facet normal -1.395651e-03 -2.913067e-01 9.566287e-01
    outer loop
      vertex   7.500000e+01 2.183378e+01 1.037608e+00
      vertex   7.756589e+01 2.179264e+01 1.028822e+00
      vertex   7.734078e+01 2.207403e+01 1.114181e+00
    endloop
  endfacet
  facet normal 3.021162e-03 -3.302776e-01 9.438790e-01
    outer loop
      vertex   7.500000e+01 2.183378e+01 1.037608e+00
      vertex   7.734078e+01 2.207403e+01 1.114181e+00
      vertex   7.500000e+01 2.215083e+01 1.148547e+00
    endloop
  endfacet
  facet normal -2.583910e-03 -4.730022e-01 8.810575e-01
    outer loop
      vertex   7.500000e+01 2.215083e+01 1.148547e+00
      vertex   7.734078e+01 2.207403e+01 1.114181e+00
      vertex   7.713332e+01 2.233336e+01 1.252796e+00
    endloop
  endfacet
  facet normal 4.144510e-03 -5.320275e-01 8.467169e-01
    outer loop
      vertex   7.500000e+01 2.215083e+01 1.148547e+00
      vertex   7.713332e+01 2.233336e+01 1.252796e+00
      vertex   7.500000e+01 2.243524e+01 1.327253e+00
    endloop
  endfacet
  facet normal -3.442308e-03 -6.360336e-01 7.716537e-01
    outer loop
      vertex   7.500000e+01 2.243524e+01 1.327253e+00
      vertex   7.713332e+01 2.233336e+01 1.252796e+00
      vertex   7.695147e+01 2.256066e+01 1.439340e+00
    endloop
  endfacet
  facet normal 4.227685e-17 -6.663466e-01 7.456422e-01
    outer loop
      vertex   7.500000e+01 2.243524e+01 1.327253e+00
      vertex   7.695147e+01 2.256066e+01 1.439340e+00
      vertex   7.304853e+01 2.256066e+01 1.439340e+00
    endloop
  endfacet
  facet normal 3.790950e-17 -7.456422e-01 6.663466e-01
    outer loop
      vertex   7.304853e+01 2.256066e+01 1.439340e+00
      vertex   7.695147e+01 2.256066e+01 1.439340e+00
      vertex   7.500000e+01 2.267275e+01 1.564765e+00
    endloop
  endfacet
  facet normal 3.791345e-03 -7.742241e-01 6.329002e-01
    outer loop
      vertex   7.304853e+01 2.256066e+01 1.439340e+00
      vertex   7.500000e+01 2.267275e+01 1.564765e+00
      vertex   7.319776e+01 2.274720e+01 1.666645e+00
    endloop
  endfacet
  facet normal -4.905859e-03 -8.467140e-01 5.320257e-01
    outer loop
      vertex   7.319776e+01 2.274720e+01 1.666645e+00
      vertex   7.500000e+01 2.267275e+01 1.564765e+00
      vertex   7.500000e+01 2.285145e+01 1.849174e+00
    endloop
  endfacet
  facet normal 3.421564e-03 -8.825236e-01 4.702556e-01
    outer loop
      vertex   7.319776e+01 2.274720e+01 1.666645e+00
      vertex   7.500000e+01 2.285145e+01 1.849174e+00
      vertex   7.330866e+01 2.288582e+01 1.925975e+00
    endloop
  endfacet
  facet normal -4.181197e-03 -9.438751e-01 3.302762e-01
    outer loop
      vertex   7.330866e+01 2.288582e+01 1.925975e+00
      vertex   7.500000e+01 2.285145e+01 1.849174e+00
      vertex   7.500000e+01 2.296239e+01 2.166219e+00
    endloop
  endfacet
  facet normal 2.165793e-03 -9.570840e-01 2.898027e-01
    outer loop
      vertex   7.330866e+01 2.288582e+01 1.925975e+00
      vertex   7.500000e+01 2.296239e+01 2.166219e+00
      vertex   7.337694e+01 2.297118e+01 2.207365e+00
    endloop
  endfacet
  facet normal -2.540829e-03 -9.937090e-01 1.119641e-01
    outer loop
      vertex   7.337694e+01 2.297118e+01 2.207365e+00
      vertex   7.500000e+01 2.296239e+01 2.166219e+00
      vertex   7.500000e+01 2.300000e+01 2.500000e+00
    endloop
  endfacet
  facet normal 2.580982e-17 -9.951847e-01 9.801714e-02
    outer loop
      vertex   7.337694e+01 2.297118e+01 2.207365e+00
      vertex   7.500000e+01 2.300000e+01 2.500000e+00
      vertex   7.340000e+01 2.300000e+01 2.500000e+00
    endloop
  endfacet
  facet normal -2.720522e-17 -9.951847e-01 -9.801714e-02
    outer loop
      vertex   7.340000e+01 2.300000e+01 2.500000e+00
      vertex   7.500000e+01 2.300000e+01 2.500000e+00
      vertex   7.337694e+01 2.297118e+01 2.792636e+00
    endloop
  endfacet
  facet normal -2.540829e-03 -9.937090e-01 -1.119641e-01
    outer loop
      vertex   7.337694e+01 2.297118e+01 2.792636e+00
      vertex   7.500000e+01 2.300000e+01 2.500000e+00
      vertex   7.500000e+01 2.296239e+01 2.833781e+00
    endloop
  endfacet
  facet normal 2.165793e-03 -9.570840e-01 -2.898027e-01
    outer loop
      vertex   7.337694e+01 2.297118e+01 2.792636e+00
      vertex   7.500000e+01 2.296239e+01 2.833781e+00
      vertex   7.330866e+01 2.288582e+01 3.074025e+00
    endloop
  endfacet
  facet normal -4.181197e-03 -9.438751e-01 -3.302762e-01
    outer loop
      vertex   7.330866e+01 2.288582e+01 3.074025e+00
      vertex   7.500000e+01 2.296239e+01 2.833781e+00
      vertex   7.500000e+01 2.285145e+01 3.150826e+00
    endloop
  endfacet
  facet normal 3.421564e-03 -8.825236e-01 -4.702556e-01
    outer loop
      vertex   7.330866e+01 2.288582e+01 3.074025e+00
      vertex   7.500000e+01 2.285145e+01 3.150826e+00
      vertex   7.319776e+01 2.274720e+01 3.333355e+00
    endloop
  endfacet
  facet normal -4.905859e-03 -8.467140e-01 -5.320257e-01
    outer loop
      vertex   7.319776e+01 2.274720e+01 3.333355e+00
      vertex   7.500000e+01 2.285145e+01 3.150826e+00
      vertex   7.500000e+01 2.267275e+01 3.435235e+00
    endloop
  endfacet
  facet normal 3.791345e-03 -7.742241e-01 -6.329002e-01
    outer loop
      vertex   7.319776e+01 2.274720e+01 3.333355e+00
      vertex   7.500000e+01 2.267275e+01 3.435235e+00
      vertex   7.304853e+01 2.256066e+01 3.560660e+00
    endloop
  endfacet
  facet normal 1.281645e-15 -7.456422e-01 -6.663466e-01
    outer loop
      vertex   7.304853e+01 2.256066e+01 3.560660e+00
      vertex   7.500000e+01 2.267275e+01 3.435235e+00
      vertex   7.695147e+01 2.256066e+01 3.560660e+00
    endloop
  endfacet
  facet normal 1.128263e-15 -6.663466e-01 -7.456422e-01
    outer loop
      vertex   7.304853e+01 2.256066e+01 3.560660e+00
      vertex   7.695147e+01 2.256066e+01 3.560660e+00
      vertex   7.500000e+01 2.243524e+01 3.672747e+00
    endloop
  endfacet
  facet normal -3.442308e-03 -6.360336e-01 -7.716537e-01
    outer loop
      vertex   7.500000e+01 2.243524e+01 3.672747e+00
      vertex   7.695147e+01 2.256066e+01 3.560660e+00
      vertex   7.713332e+01 2.233336e+01 3.747204e+00
    endloop
  endfacet
  facet normal 4.144510e-03 -5.320275e-01 -8.467169e-01
    outer loop
      vertex   7.500000e+01 2.243524e+01 3.672747e+00
      vertex   7.713332e+01 2.233336e+01 3.747204e+00
      vertex   7.500000e+01 2.215083e+01 3.851453e+00
    endloop
  endfacet
  facet normal -2.583910e-03 -4.730022e-01 -8.810575e-01
    outer loop
      vertex   7.500000e+01 2.215083e+01 3.851453e+00
      vertex   7.713332e+01 2.233336e+01 3.747204e+00
      vertex   7.734078e+01 2.207403e+01 3.885819e+00
    endloop
  endfacet
  facet normal 3.021162e-03 -3.302776e-01 -9.438790e-01
    outer loop
      vertex   7.500000e+01 2.215083e+01 3.851453e+00
      vertex   7.734078e+01 2.207403e+01 3.885819e+00
      vertex   7.500000e+01 2.183378e+01 3.962392e+00
    endloop
  endfacet
  facet normal -1.395651e-03 -2.913067e-01 -9.566287e-01
    outer loop
      vertex   7.500000e+01 2.183378e+01 3.962392e+00
      vertex   7.734078e+01 2.207403e+01 3.885819e+00
      vertex   7.756589e+01 2.179264e+01 3.971178e+00
    endloop
  endfacet
  facet normal 1.607208e-03 -1.119643e-01 -9.937109e-01
    outer loop
      vertex   7.500000e+01 2.183378e+01 3.962392e+00
      vertex   7.756589e+01 2.179264e+01 3.971178e+00
      vertex   7.500000e+01 2.150000e+01 4.000000e+00
    endloop
  endfacet
  facet normal -2.118487e-08 -9.801696e-02 -9.951847e-01
    outer loop
      vertex   7.500000e+01 2.150000e+01 4.000000e+00
      vertex   7.756589e+01 2.179264e+01 3.971178e+00
      vertex   7.780000e+01 2.150000e+01 4.000000e+00
    endloop
  endfacet
  facet normal -2.118487e-08 9.801692e-02 -9.951847e-01
    outer loop
      vertex   7.500000e+01 2.150000e+01 4.000000e+00
      vertex   7.780000e+01 2.150000e+01 4.000000e+00
      vertex   7.803411e+01 2.120736e+01 3.971178e+00
    endloop
  endfacet
  facet normal -3.791345e-03 -7.742241e-01 6.329002e-01
    outer loop
      vertex   7.695147e+01 2.256066e+01 1.439340e+00
      vertex   7.680224e+01 2.274720e+01 1.666645e+00
      vertex   7.500000e+01 2.267275e+01 1.564765e+00
    endloop
  endfacet
  facet normal 4.905859e-03 -8.467140e-01 5.320257e-01
    outer loop
      vertex   7.500000e+01 2.267275e+01 1.564765e+00
      vertex   7.680224e+01 2.274720e+01 1.666645e+00
      vertex   7.500000e+01 2.285145e+01 1.849174e+00
    endloop
  endfacet
  facet normal -3.421564e-03 -8.825236e-01 4.702556e-01
    outer loop
      vertex   7.680224e+01 2.274720e+01 1.666645e+00
      vertex   7.669135e+01 2.288582e+01 1.925975e+00
      vertex   7.500000e+01 2.285145e+01 1.849174e+00
    endloop
  endfacet
  facet normal 4.181198e-03 -9.438751e-01 3.302762e-01
    outer loop
      vertex   7.500000e+01 2.285145e+01 1.849174e+00
      vertex   7.669135e+01 2.288582e+01 1.925975e+00
      vertex   7.500000e+01 2.296239e+01 2.166219e+00
    endloop
  endfacet
  facet normal -2.165793e-03 -9.570840e-01 2.898027e-01
    outer loop
      vertex   7.669135e+01 2.288582e+01 1.925975e+00
      vertex   7.662306e+01 2.297118e+01 2.207365e+00
      vertex   7.500000e+01 2.296239e+01 2.166219e+00
    endloop
  endfacet
  facet normal 2.540830e-03 -9.937090e-01 1.119641e-01
    outer loop
      vertex   7.500000e+01 2.296239e+01 2.166219e+00
      vertex   7.662306e+01 2.297118e+01 2.207365e+00
      vertex   7.500000e+01 2.300000e+01 2.500000e+00
    endloop
  endfacet
  facet normal 0.000000e+00 -9.951847e-01 9.801714e-02
    outer loop
      vertex   7.662306e+01 2.297118e+01 2.207365e+00
      vertex   7.660000e+01 2.300000e+01 2.500000e+00
      vertex   7.500000e+01 2.300000e+01 2.500000e+00
    endloop
  endfacet
  facet normal 0.000000e+00 -9.951847e-01 -9.801714e-02
    outer loop
      vertex   7.500000e+01 2.300000e+01 2.500000e+00
      vertex   7.660000e+01 2.300000e+01 2.500000e+00
      vertex   7.662306e+01 2.297118e+01 2.792636e+00
    endloop
  endfacet
  facet normal 2.540830e-03 -9.937090e-01 -1.119641e-01
    outer loop
      vertex   7.500000e+01 2.300000e+01 2.500000e+00
      vertex   7.662306e+01 2.297118e+01 2.792636e+00
      vertex   7.500000e+01 2.296239e+01 2.833781e+00
    endloop
  endfacet
  facet normal -2.165793e-03 -9.570840e-01 -2.898027e-01
    outer loop
      vertex   7.500000e+01 2.296239e+01 2.833781e+00
      vertex   7.662306e+01 2.297118e+01 2.792636e+00
      vertex   7.669135e+01 2.288582e+01 3.074025e+00
    endloop
  endfacet
  facet normal 4.181198e-03 -9.438751e-01 -3.302762e-01
    outer loop
      vertex   7.500000e+01 2.296239e+01 2.833781e+00
      vertex   7.669135e+01 2.288582e+01 3.074025e+00
      vertex   7.500000e+01 2.285145e+01 3.150826e+00
    endloop
  endfacet
  facet normal -3.421564e-03 -8.825236e-01 -4.702556e-01
    outer loop
      vertex   7.500000e+01 2.285145e+01 3.150826e+00
      vertex   7.669135e+01 2.288582e+01 3.074025e+00
      vertex   7.680224e+01 2.274720e+01 3.333355e+00
    endloop
  endfacet
  facet normal 4.905859e-03 -8.467140e-01 -5.320257e-01
    outer loop
      vertex   7.500000e+01 2.285145e+01 3.150826e+00
      vertex   7.680224e+01 2.274720e+01 3.333355e+00
      vertex   7.500000e+01 2.267275e+01 3.435235e+00
    endloop
  endfacet
  facet normal -3.791345e-03 -7.742241e-01 -6.329002e-01
    outer loop
      vertex   7.500000e+01 2.267275e+01 3.435235e+00
      vertex   7.680224e+01 2.274720e+01 3.333355e+00
      vertex   7.695147e+01 2.256066e+01 3.560660e+00
    endloop
  endfacet
  facet normal 1.359188e-03 1.119644e-01 -9.937113e-01
    outer loop
      vertex   7.500000e+01 2.150000e+01 4.000000e+00
      vertex   7.803411e+01 2.120736e+01 3.971178e+00
      vertex   7.500000e+01 2.116622e+01 3.962392e+00
    endloop
  endfacet
  facet normal -1.153315e-03 2.894395e-01 -9.571956e-01
    outer loop
      vertex   7.500000e+01 2.116622e+01 3.962392e+00
      vertex   7.803411e+01 2.120736e+01 3.971178e+00
      vertex   7.825922e+01 2.092598e+01 3.885819e+00
    endloop
  endfacet
  facet normal 2.169811e-03 3.302783e-01 -9.438811e-01
    outer loop
      vertex   7.500000e+01 2.116622e+01 3.962392e+00
      vertex   7.825922e+01 2.092598e+01 3.885819e+00
      vertex   7.500000e+01 2.084917e+01 3.851453e+00
    endloop
  endfacet
  facet normal -1.776550e-03 4.702902e-01 -8.825100e-01
    outer loop
      vertex   7.500000e+01 2.084917e+01 3.851453e+00
      vertex   7.825922e+01 2.092598e+01 3.885819e+00
      vertex   7.846669e+01 2.066664e+01 3.747204e+00
    endloop
  endfacet
  facet normal 2.550447e-03 5.320303e-01 -8.467214e-01
    outer loop
      vertex   7.500000e+01 2.084917e+01 3.851453e+00
      vertex   7.846669e+01 2.066664e+01 3.747204e+00
      vertex   7.500000e+01 2.056477e+01 3.672747e+00
    endloop
  endfacet
  facet normal -1.996100e-03 6.334373e-01 -7.737914e-01
    outer loop
      vertex   7.500000e+01 2.056477e+01 3.672747e+00
      vertex   7.846669e+01 2.066664e+01 3.747204e+00
      vertex   7.864853e+01 2.043934e+01 3.560660e+00
    endloop
  endfacet
  facet normal 2.585057e-03 7.071044e-01 -7.071044e-01
    outer loop
      vertex   7.500000e+01 2.056477e+01 3.672747e+00
      vertex   7.864853e+01 2.043934e+01 3.560660e+00
      vertex   7.500000e+01 2.032725e+01 3.435235e+00
    endloop
  endfacet
  facet normal -1.894941e-03 7.723986e-01 -6.351353e-01
    outer loop
      vertex   7.500000e+01 2.032725e+01 3.435235e+00
      vertex   7.864853e+01 2.043934e+01 3.560660e+00
      vertex   7.879776e+01 2.025280e+01 3.333355e+00
    endloop
  endfacet
  facet normal 2.328107e-03 8.467219e-01 -5.320306e-01
    outer loop
      vertex   7.500000e+01 2.032725e+01 3.435235e+00
      vertex   7.879776e+01 2.025280e+01 3.333355e+00
      vertex   7.500000e+01 2.014855e+01 3.150826e+00
    endloop
  endfacet
  facet normal -1.520601e-03 8.816498e-01 -4.719018e-01
    outer loop
      vertex   7.500000e+01 2.014855e+01 3.150826e+00
      vertex   7.879776e+01 2.025280e+01 3.333355e+00
      vertex   7.890866e+01 2.011418e+01 3.074025e+00
    endloop
  endfacet
  facet normal 1.809291e-03 9.438818e-01 -3.302785e-01
    outer loop
      vertex   7.500000e+01 2.014855e+01 3.150826e+00
      vertex   7.890866e+01 2.011418e+01 3.074025e+00
      vertex   7.500000e+01 2.003761e+01 2.833781e+00
    endloop
  endfacet
  facet normal -8.913830e-04 9.568798e-01 -2.904826e-01
    outer loop
      vertex   7.500000e+01 2.003761e+01 2.833781e+00
      vertex   7.890866e+01 2.011418e+01 3.074025e+00
      vertex   7.897694e+01 2.002882e+01 2.792636e+00
    endloop
  endfacet
  facet normal 1.036958e-03 9.937117e-01 -1.119644e-01
    outer loop
      vertex   7.500000e+01 2.003761e+01 2.833781e+00
      vertex   7.897694e+01 2.002882e+01 2.792636e+00
      vertex   7.500000e+01 2.000000e+01 2.500000e+00
    endloop
  endfacet
  facet normal 0.000000e+00 9.951847e-01 -9.801714e-02
    outer loop
      vertex   7.500000e+01 2.000000e+01 2.500000e+00
      vertex   7.897694e+01 2.002882e+01 2.792636e+00
      vertex   7.900000e+01 2.000000e+01 2.500000e+00
    endloop
  endfacet
  facet normal -0.000000e+00 9.951847e-01 9.801714e-02
    outer loop
      vertex   7.500000e+01 2.000000e+01 2.500000e+00
      vertex   7.900000e+01 2.000000e+01 2.500000e+00
      vertex   7.897694e+01 2.002882e+01 2.207365e+00
    endloop
  endfacet
  facet normal 1.036958e-03 9.937117e-01 1.119644e-01
    outer loop
      vertex   7.500000e+01 2.000000e+01 2.500000e+00
      vertex   7.897694e+01 2.002882e+01 2.207365e+00
      vertex   7.500000e+01 2.003761e+01 2.166219e+00
    endloop
  endfacet
  facet normal -8.913830e-04 9.568798e-01 2.904826e-01
    outer loop
      vertex   7.500000e+01 2.003761e+01 2.166219e+00
      vertex   7.897694e+01 2.002882e+01 2.207365e+00
      vertex   7.890866e+01 2.011418e+01 1.925975e+00
    endloop
  endfacet
  facet normal 1.809291e-03 9.438818e-01 3.302785e-01
    outer loop
      vertex   7.500000e+01 2.003761e+01 2.166219e+00
      vertex   7.890866e+01 2.011418e+01 1.925975e+00
      vertex   7.500000e+01 2.014855e+01 1.849174e+00
    endloop
  endfacet
  facet normal -1.520601e-03 8.816498e-01 4.719018e-01
    outer loop
      vertex   7.500000e+01 2.014855e+01 1.849174e+00
      vertex   7.890866e+01 2.011418e+01 1.925975e+00
      vertex   7.879776e+01 2.025280e+01 1.666645e+00
    endloop
  endfacet
  facet normal 2.328107e-03 8.467219e-01 5.320306e-01
    outer loop
      vertex   7.500000e+01 2.014855e+01 1.849174e+00
      vertex   7.879776e+01 2.025280e+01 1.666645e+00
      vertex   7.500000e+01 2.032725e+01 1.564765e+00
    endloop
  endfacet
  facet normal -1.894941e-03 7.723986e-01 6.351353e-01
    outer loop
      vertex   7.500000e+01 2.032725e+01 1.564765e+00
      vertex   7.879776e+01 2.025280e+01 1.666645e+00
      vertex   7.864853e+01 2.043934e+01 1.439340e+00
    endloop
  endfacet
  facet normal 2.585057e-03 7.071044e-01 7.071044e-01
    outer loop
      vertex   7.500000e+01 2.032725e+01 1.564765e+00
      vertex   7.864853e+01 2.043934e+01 1.439340e+00
      vertex   7.500000e+01 2.056477e+01 1.327253e+00
    endloop
  endfacet
  facet normal -1.996100e-03 6.334373e-01 7.737914e-01
    outer loop
      vertex   7.500000e+01 2.056477e+01 1.327253e+00
      vertex   7.864853e+01 2.043934e+01 1.439340e+00
      vertex   7.846669e+01 2.066664e+01 1.252796e+00
    endloop
  endfacet
  facet normal 2.550447e-03 5.320303e-01 8.467214e-01
    outer loop
      vertex   7.500000e+01 2.056477e+01 1.327253e+00
      vertex   7.846669e+01 2.066664e+01 1.252796e+00
      vertex   7.500000e+01 2.084917e+01 1.148547e+00
    endloop
  endfacet
  facet normal -1.776550e-03 4.702902e-01 8.825100e-01
    outer loop
      vertex   7.500000e+01 2.084917e+01 1.148547e+00
      vertex   7.846669e+01 2.066664e+01 1.252796e+00
      vertex   7.825922e+01 2.092598e+01 1.114181e+00
    endloop
  endfacet
  facet normal 2.169811e-03 3.302783e-01 9.438811e-01
    outer loop
      vertex   7.500000e+01 2.084917e+01 1.148547e+00
      vertex   7.825922e+01 2.092598e+01 1.114181e+00
      vertex   7.500000e+01 2.116622e+01 1.037608e+00
    endloop
  endfacet
  facet normal -1.153315e-03 2.894395e-01 9.571956e-01
    outer loop
      vertex   7.500000e+01 2.116622e+01 1.037608e+00
      vertex   7.825922e+01 2.092598e+01 1.114181e+00
      vertex   7.803411e+01 2.120736e+01 1.028822e+00
    endloop
  endfacet
  facet normal 1.359188e-03 1.119644e-01 9.937113e-01
    outer loop
      vertex   7.500000e+01 2.116622e+01 1.037608e+00
      vertex   7.803411e+01 2.120736e+01 1.028822e+00
      vertex   7.500000e+01 2.150000e+01 1.000000e+00
    endloop
  endfacet
  facet normal -5.296217e-09 -9.801719e-02 9.951847e-01
    outer loop
      vertex   7.243411e+01 2.179264e+01 1.028822e+00
      vertex   7.220000e+01 2.150000e+01 1.000000e+00
      vertex   7.500000e+01 2.150000e+01 1.000000e+00
    endloop
  endfacet
  facet normal -5.296217e-09 9.801719e-02 9.951847e-01
    outer loop
      vertex   7.500000e+01 2.150000e+01 1.000000e+00
      vertex   7.220000e+01 2.150000e+01 1.000000e+00
      vertex   7.196589e+01 2.120736e+01 1.028822e+00
    endloop
  endfacet
  facet normal -1.359188e-03 1.119644e-01 9.937113e-01
    outer loop
      vertex   7.500000e+01 2.150000e+01 1.000000e+00
      vertex   7.196589e+01 2.120736e+01 1.028822e+00
      vertex   7.500000e+01 2.116622e+01 1.037608e+00
    endloop
  endfacet
  facet normal 1.153315e-03 2.894395e-01 9.571956e-01
    outer loop
      vertex   7.500000e+01 2.116622e+01 1.037608e+00
      vertex   7.196589e+01 2.120736e+01 1.028822e+00
      vertex   7.174078e+01 2.092598e+01 1.114181e+00
    endloop
  endfacet
  facet normal -2.169811e-03 3.302783e-01 9.438811e-01
    outer loop
      vertex   7.500000e+01 2.116622e+01 1.037608e+00
      vertex   7.174078e+01 2.092598e+01 1.114181e+00
      vertex   7.500000e+01 2.084917e+01 1.148547e+00
    endloop
  endfacet
  facet normal 1.776550e-03 4.702902e-01 8.825100e-01
    outer loop
      vertex   7.500000e+01 2.084917e+01 1.148547e+00
      vertex   7.174078e+01 2.092598e+01 1.114181e+00
      vertex   7.153332e+01 2.066664e+01 1.252796e+00
    endloop
  endfacet
  facet normal -2.550447e-03 5.320303e-01 8.467214e-01
    outer loop
      vertex   7.500000e+01 2.084917e+01 1.148547e+00
      vertex   7.153332e+01 2.066664e+01 1.252796e+00
      vertex   7.500000e+01 2.056477e+01 1.327253e+00
    endloop
  endfacet
  facet normal 1.996100e-03 6.334373e-01 7.737914e-01
    outer loop
      vertex   7.500000e+01 2.056477e+01 1.327253e+00
      vertex   7.153332e+01 2.066664e+01 1.252796e+00
      vertex   7.135147e+01 2.043934e+01 1.439340e+00
    endloop
  endfacet
  facet normal -2.585057e-03 7.071044e-01 7.071044e-01
    outer loop
      vertex   7.500000e+01 2.056477e+01 1.327253e+00
      vertex   7.135147e+01 2.043934e+01 1.439340e+00
      vertex   7.500000e+01 2.032725e+01 1.564765e+00
    endloop
  endfacet
  facet normal 1.894941e-03 7.723986e-01 6.351353e-01
    outer loop
      vertex   7.500000e+01 2.032725e+01 1.564765e+00
      vertex   7.135147e+01 2.043934e+01 1.439340e+00
      vertex   7.120224e+01 2.025280e+01 1.666645e+00
    endloop
  endfacet
  facet normal -2.328107e-03 8.467219e-01 5.320306e-01
    outer loop
      vertex   7.500000e+01 2.032725e+01 1.564765e+00
      vertex   7.120224e+01 2.025280e+01 1.666645e+00
      vertex   7.500000e+01 2.014855e+01 1.849174e+00
    endloop
  endfacet
  facet normal 1.520601e-03 8.816498e-01 4.719018e-01
    outer loop
      vertex   7.500000e+01 2.014855e+01 1.849174e+00
      vertex   7.120224e+01 2.025280e+01 1.666645e+00
      vertex   7.109135e+01 2.011418e+01 1.925975e+00
    endloop
  endfacet
  facet normal -1.809291e-03 9.438818e-01 3.302785e-01
    outer loop
      vertex   7.500000e+01 2.014855e+01 1.849174e+00
      vertex   7.109135e+01 2.011418e+01 1.925975e+00
      vertex   7.500000e+01 2.003761e+01 2.166219e+00
    endloop
  endfacet
  facet normal 8.913830e-04 9.568798e-01 2.904826e-01
    outer loop
      vertex   7.500000e+01 2.003761e+01 2.166219e+00
      vertex   7.109135e+01 2.011418e+01 1.925975e+00
      vertex   7.102306e+01 2.002882e+01 2.207365e+00
    endloop
  endfacet
  facet normal -1.036958e-03 9.937117e-01 1.119644e-01
    outer loop
      vertex   7.500000e+01 2.003761e+01 2.166219e+00
      vertex   7.102306e+01 2.002882e+01 2.207365e+00
      vertex   7.500000e+01 2.000000e+01 2.500000e+00
    endloop
  endfacet
  facet normal 0.000000e+00 9.951847e-01 9.801714e-02
    outer loop
      vertex   7.500000e+01 2.000000e+01 2.500000e+00
      vertex   7.102306e+01 2.002882e+01 2.207365e+00
      vertex   7.100000e+01 2.000000e+01 2.500000e+00
    endloop
  endfacet
  facet normal 0.000000e+00 9.951847e-01 -9.801714e-02
    outer loop
      vertex   7.500000e+01 2.000000e+01 2.500000e+00
      vertex   7.100000e+01 2.000000e+01 2.500000e+00
      vertex   7.102306e+01 2.002882e+01 2.792636e+00
    endloop
  endfacet
  facet normal -1.036958e-03 9.937117e-01 -1.119644e-01
    outer loop
      vertex   7.500000e+01 2.000000e+01 2.500000e+00
      vertex   7.102306e+01 2.002882e+01 2.792636e+00
      vertex   7.500000e+01 2.003761e+01 2.833781e+00
    endloop
  endfacet
  facet normal 8.913830e-04 9.568798e-01 -2.904826e-01
    outer loop
      vertex   7.500000e+01 2.003761e+01 2.833781e+00
      vertex   7.102306e+01 2.002882e+01 2.792636e+00
      vertex   7.109135e+01 2.011418e+01 3.074025e+00
    endloop
  endfacet
  facet normal -1.809291e-03 9.438818e-01 -3.302785e-01
    outer loop
      vertex   7.500000e+01 2.003761e+01 2.833781e+00
      vertex   7.109135e+01 2.011418e+01 3.074025e+00
      vertex   7.500000e+01 2.014855e+01 3.150826e+00
    endloop
  endfacet
  facet normal 1.520601e-03 8.816498e-01 -4.719018e-01
    outer loop
      vertex   7.500000e+01 2.014855e+01 3.150826e+00
      vertex   7.109135e+01 2.011418e+01 3.074025e+00
      vertex   7.120224e+01 2.025280e+01 3.333355e+00
    endloop
  endfacet
  facet normal -2.328107e-03 8.467219e-01 -5.320306e-01
    outer loop
      vertex   7.500000e+01 2.014855e+01 3.150826e+00
      vertex   7.120224e+01 2.025280e+01 3.333355e+00
      vertex   7.500000e+01 2.032725e+01 3.435235e+00
    endloop
  endfacet
  facet normal 1.894941e-03 7.723986e-01 -6.351353e-01
    outer loop
      vertex   7.500000e+01 2.032725e+01 3.435235e+00
      vertex   7.120224e+01 2.025280e+01 3.333355e+00
      vertex   7.135147e+01 2.043934e+01 3.560660e+00
    endloop
  endfacet
  facet normal -2.585057e-03 7.071044e-01 -7.071044e-01
    outer loop
      vertex   7.500000e+01 2.032725e+01 3.435235e+00
      vertex   7.135147e+01 2.043934e+01 3.560660e+00
      vertex   7.500000e+01 2.056477e+01 3.672747e+00
    endloop
  endfacet
  facet normal 1.996100e-03 6.334373e-01 -7.737914e-01
    outer loop
      vertex   7.500000e+01 2.056477e+01 3.672747e+00
      vertex   7.135147e+01 2.043934e+01 3.560660e+00
      vertex   7.153332e+01 2.066664e+01 3.747204e+00
    endloop
  endfacet
  facet normal -2.550447e-03 5.320303e-01 -8.467214e-01
    outer loop
      vertex   7.500000e+01 2.056477e+01 3.672747e+00
      vertex   7.153332e+01 2.066664e+01 3.747204e+00
      vertex   7.500000e+01 2.084917e+01 3.851453e+00
    endloop
  endfacet
  facet normal 1.776550e-03 4.702902e-01 -8.825100e-01
    outer loop
      vertex   7.500000e+01 2.084917e+01 3.851453e+00
      vertex   7.153332e+01 2.066664e+01 3.747204e+00
      vertex   7.174078e+01 2.092598e+01 3.885819e+00
    endloop
  endfacet
  facet normal -2.169811e-03 3.302783e-01 -9.438811e-01
    outer loop
      vertex   7.500000e+01 2.084917e+01 3.851453e+00
      vertex   7.174078e+01 2.092598e+01 3.885819e+00
      vertex   7.500000e+01 2.116622e+01 3.962392e+00
    endloop
  endfacet
  facet normal 1.153315e-03 2.894395e-01 -9.571956e-01
    outer loop
      vertex   7.500000e+01 2.116622e+01 3.962392e+00
      vertex   7.174078e+01 2.092598e+01 3.885819e+00
      vertex   7.196589e+01 2.120736e+01 3.971178e+00
    endloop
  endfacet
  facet normal -1.359188e-03 1.119644e-01 -9.937113e-01
    outer loop
      vertex   7.500000e+01 2.116622e+01 3.962392e+00
      vertex   7.196589e+01 2.120736e+01 3.971178e+00
      vertex   7.500000e+01 2.150000e+01 4.000000e+00
    endloop
  endfacet
  facet normal 2.118487e-08 9.801692e-02 -9.951847e-01
    outer loop
      vertex   7.500000e+01 2.150000e+01 4.000000e+00
      vertex   7.196589e+01 2.120736e+01 3.971178e+00
      vertex   7.220000e+01 2.150000e+01 4.000000e+00
    endloop
  endfacet
  facet normal 2.118487e-08 -9.801696e-02 -9.951847e-01
    outer loop
      vertex   7.500000e+01 2.150000e+01 4.000000e+00
      vertex   7.220000e+01 2.150000e+01 4.000000e+00
      vertex   7.243411e+01 2.179264e+01 3.971178e+00
    endloop
  endfacet
  facet normal -1.607208e-03 -1.119643e-01 -9.937109e-01
    outer loop
      vertex   7.500000e+01 2.150000e+01 4.000000e+00
      vertex   7.243411e+01 2.179264e+01 3.971178e+00
      vertex   7.500000e+01 2.183378e+01 3.962392e+00
    endloop
  endfacet
  facet normal 1.395651e-03 -2.913067e-01 -9.566287e-01
    outer loop
      vertex   7.500000e+01 2.183378e+01 3.962392e+00
      vertex   7.243411e+01 2.179264e+01 3.971178e+00
      vertex   7.265922e+01 2.207403e+01 3.885819e+00
    endloop
  endfacet
  facet normal -3.021162e-03 -3.302776e-01 -9.438790e-01
    outer loop
      vertex   7.500000e+01 2.183378e+01 3.962392e+00
      vertex   7.265922e+01 2.207403e+01 3.885819e+00
      vertex   7.500000e+01 2.215083e+01 3.851453e+00
    endloop
  endfacet
  facet normal 2.583910e-03 -4.730022e-01 -8.810575e-01
    outer loop
      vertex   7.500000e+01 2.215083e+01 3.851453e+00
      vertex   7.265922e+01 2.207403e+01 3.885819e+00
      vertex   7.286669e+01 2.233336e+01 3.747204e+00
    endloop
  endfacet
  facet normal -4.144510e-03 -5.320275e-01 -8.467169e-01
    outer loop
      vertex   7.500000e+01 2.215083e+01 3.851453e+00
      vertex   7.286669e+01 2.233336e+01 3.747204e+00
      vertex   7.500000e+01 2.243524e+01 3.672747e+00
    endloop
  endfacet
  facet normal 3.442307e-03 -6.360336e-01 -7.716537e-01
    outer loop
      vertex   7.500000e+01 2.243524e+01 3.672747e+00
      vertex   7.286669e+01 2.233336e+01 3.747204e+00
      vertex   7.304853e+01 2.256066e+01 3.560660e+00
    endloop
  endfacet
  facet normal 3.442307e-03 -6.360336e-01 7.716537e-01
    outer loop
      vertex   7.304853e+01 2.256066e+01 1.439340e+00
      vertex   7.286669e+01 2.233336e+01 1.252796e+00
      vertex   7.500000e+01 2.243524e+01 1.327253e+00
    endloop
  endfacet
  facet normal -4.144510e-03 -5.320275e-01 8.467169e-01
    outer loop
      vertex   7.500000e+01 2.243524e+01 1.327253e+00
      vertex   7.286669e+01 2.233336e+01 1.252796e+00
      vertex   7.500000e+01 2.215083e+01 1.148547e+00
    endloop
  endfacet
  facet normal 2.583910e-03 -4.730022e-01 8.810575e-01
    outer loop
      vertex   7.286669e+01 2.233336e+01 1.252796e+00
      vertex   7.265922e+01 2.207403e+01 1.114181e+00
      vertex   7.500000e+01 2.215083e+01 1.148547e+00
    endloop
  endfacet
  facet normal -3.021162e-03 -3.302776e-01 9.438790e-01
    outer loop
      vertex   7.500000e+01 2.215083e+01 1.148547e+00
      vertex   7.265922e+01 2.207403e+01 1.114181e+00
      vertex   7.500000e+01 2.183378e+01 1.037608e+00
    endloop
  endfacet
  facet normal 1.395651e-03 -2.913067e-01 9.566287e-01
    outer loop
      vertex   7.265922e+01 2.207403e+01 1.114181e+00
      vertex   7.243411e+01 2.179264e+01 1.028822e+00
      vertex   7.500000e+01 2.183378e+01 1.037608e+00
    endloop
  endfacet
  facet normal -1.607208e-03 -1.119643e-01 9.937109e-01
    outer loop
      vertex   7.500000e+01 2.183378e+01 1.037608e+00
      vertex   7.243411e+01 2.179264e+01 1.028822e+00
      vertex   7.500000e+01 2.150000e+01 1.000000e+00
    endloop
  endfacet
  facet normal 0.000000e+00 -1.000000e+00 0.000000e+00
    outer loop
      vertex   6.400000e+01 5.000000e+00 1.000000e+00
      vertex   6.900000e+01 5.000000e+00 1.000000e+00
      vertex   6.400000e+01 5.000000e+00 4.000000e+00
    endloop
  endfacet
  facet normal 0.000000e+00 -1.000000e+00 0.000000e+00
    outer loop
      vertex   6.400000e+01 5.000000e+00 4.000000e+00
      vertex   6.900000e+01 5.000000e+00 1.000000e+00
      vertex   6.900000e+01 5.000000e+00 4.000000e+00
    endloop
  endfacet
  facet normal -7.808688e-01 6.246950e-01 0.000000e+00
    outer loop
      vertex   7.200000e+01 1.500000e+01 1.000000e+00
      vertex   6.400000e+01 5.000000e+00 1.000000e+00
      vertex   7.200000e+01 1.500000e+01 4.000000e+00
    endloop
  endfacet
  facet normal -7.808688e-01 6.246950e-01 0.000000e+00
    outer loop
      vertex   7.200000e+01 1.500000e+01 4.000000e+00
      vertex   6.400000e+01 5.000000e+00 1.000000e+00
      vertex   6.400000e+01 5.000000e+00 4.000000e+00
    endloop
  endfacet
  facet normal 0.000000e+00 -1.000000e+00 0.000000e+00
    outer loop
      vertex   6.700000e+01 1.500000e+01 1.000000e+00
      vertex   7.200000e+01 1.500000e+01 1.000000e+00
      vertex   6.700000e+01 1.500000e+01 4.000000e+00
    endloop
  endfacet
  facet normal 0.000000e+00 -1.000000e+00 0.000000e+00
    outer loop
      vertex   6.700000e+01 1.500000e+01 4.000000e+00
      vertex   7.200000e+01 1.500000e+01 1.000000e+00
      vertex   7.200000e+01 1.500000e+01 4.000000e+00
    endloop
  endfacet
  facet normal -7.808688e-01 6.246950e-01 1.693677e-13
    outer loop
      vertex   7.220000e+01 2.150000e+01 1.000000e+00
      vertex   6.700000e+01 1.500000e+01 1.000000e+00
      vertex   7.196589e+01 2.120736e+01 1.028822e+00
    endloop
  endfacet
  facet normal -7.808688e-01 6.246950e-01 -6.478321e-14
    outer loop
      vertex   7.196589e+01 2.120736e+01 1.028822e+00
      vertex   6.700000e+01 1.500000e+01 1.000000e+00
      vertex   7.174078e+01 2.092598e+01 1.114181e+00
    endloop
  endfacet
  facet normal -7.808688e-01 6.246950e-01 2.648575e-15
    outer loop
      vertex   7.174078e+01 2.092598e+01 1.114181e+00
      vertex   6.700000e+01 1.500000e+01 1.000000e+00
      vertex   7.153332e+01 2.066664e+01 1.252796e+00
    endloop
  endfacet
  facet normal -7.808688e-01 6.246950e-01 1.384561e-14
    outer loop
      vertex   7.153332e+01 2.066664e+01 1.252796e+00
      vertex   6.700000e+01 1.500000e+01 1.000000e+00
      vertex   7.135147e+01 2.043934e+01 1.439340e+00
    endloop
  endfacet
  facet normal -7.808688e-01 6.246950e-01 1.177097e-14
    outer loop
      vertex   7.135147e+01 2.043934e+01 1.439340e+00
      vertex   6.700000e+01 1.500000e+01 1.000000e+00
      vertex   7.120224e+01 2.025280e+01 1.666645e+00
    endloop
  endfacet
  facet normal -7.808688e-01 6.246950e-01 -1.519779e-14
    outer loop
      vertex   7.120224e+01 2.025280e+01 1.666645e+00
      vertex   6.700000e+01 1.500000e+01 1.000000e+00
      vertex   7.109135e+01 2.011418e+01 1.925975e+00
    endloop
  endfacet
  facet normal -7.808688e-01 6.246950e-01 -3.911771e-15
    outer loop
      vertex   7.109135e+01 2.011418e+01 1.925975e+00
      vertex   6.700000e+01 1.500000e+01 1.000000e+00
      vertex   7.102306e+01 2.002882e+01 2.207365e+00
    endloop
  endfacet
  facet normal -7.808688e-01 6.246950e-01 1.769661e-15
    outer loop
      vertex   7.102306e+01 2.002882e+01 2.207365e+00
      vertex   6.700000e+01 1.500000e+01 1.000000e+00
      vertex   7.100000e+01 2.000000e+01 2.500000e+00
    endloop
  endfacet
  facet normal -7.808688e-01 6.246950e-01 0.000000e+00
    outer loop
      vertex   7.100000e+01 2.000000e+01 2.500000e+00
      vertex   6.700000e+01 1.500000e+01 1.000000e+00
      vertex   6.700000e+01 1.500000e+01 4.000000e+00
    endloop
  endfacet
  facet normal -7.808688e-01 6.246950e-01 -1.776855e-15
    outer loop
      vertex   7.100000e+01 2.000000e+01 2.500000e+00
      vertex   6.700000e+01 1.500000e+01 4.000000e+00
      vertex   7.102306e+01 2.002882e+01 2.792636e+00
    endloop
  endfacet
  facet normal -7.808688e-01 6.246950e-01 3.911771e-15
    outer loop
      vertex   7.102306e+01 2.002882e+01 2.792636e+00
      vertex   6.700000e+01 1.500000e+01 4.000000e+00
      vertex   7.109135e+01 2.011418e+01 3.074025e+00
    endloop
  endfacet
  facet normal -7.808688e-01 6.246950e-01 1.525738e-14
    outer loop
      vertex   7.109135e+01 2.011418e+01 3.074025e+00
      vertex   6.700000e+01 1.500000e+01 4.000000e+00
      vertex   7.120224e+01 2.025280e+01 3.333355e+00
    endloop
  endfacet
  facet normal -7.808688e-01 6.246950e-01 5.918367e-15
    outer loop
      vertex   7.120224e+01 2.025280e+01 3.333355e+00
      vertex   6.700000e+01 1.500000e+01 4.000000e+00
      vertex   7.135147e+01 2.043934e+01 3.560660e+00
    endloop
  endfacet
  facet normal -7.808688e-01 6.246950e-01 -3.632527e-14
    outer loop
      vertex   7.135147e+01 2.043934e+01 3.560660e+00
      vertex   6.700000e+01 1.500000e+01 4.000000e+00
      vertex   7.153332e+01 2.066664e+01 3.747204e+00
    endloop
  endfacet
  facet normal -7.808688e-01 6.246950e-01 -2.648575e-15
    outer loop
      vertex   7.153332e+01 2.066664e+01 3.747204e+00
      vertex   6.700000e+01 1.500000e+01 4.000000e+00
      vertex   7.174078e+01 2.092598e+01 3.885819e+00
    endloop
  endfacet
  facet normal -7.808688e-01 6.246950e-01 6.478322e-14
    outer loop
      vertex   7.174078e+01 2.092598e+01 3.885819e+00
      vertex   6.700000e+01 1.500000e+01 4.000000e+00
      vertex   7.196589e+01 2.120736e+01 3.971178e+00
    endloop
  endfacet
  facet normal -7.808688e-01 6.246950e-01 -1.693681e-13
    outer loop
      vertex   7.196589e+01 2.120736e+01 3.971178e+00
      vertex   6.700000e+01 1.500000e+01 4.000000e+00
      vertex   7.220000e+01 2.150000e+01 4.000000e+00
    endloop
  endfacet
endsolid
