solid ASCII
  facet normal -5.000000e-01 -8.660254e-01 -0.000000e+00
    outer loop
      vertex   3.900000e+01 -1.055662e+01 1.000000e+00
      vertex   3.650000e+01 -9.113249e+00 1.000000e+00
      vertex   3.900000e+01 -1.055662e+01 0.000000e+00
    endloop
  endfacet
  facet normal -5.000000e-01 -8.660254e-01 0.000000e+00
    outer loop
      vertex   3.900000e+01 -1.055662e+01 0.000000e+00
      vertex   3.650000e+01 -9.113249e+00 1.000000e+00
      vertex   3.650000e+01 -9.113249e+00 0.000000e+00
    endloop
  endfacet
  facet normal 5.000000e-01 -8.660254e-01 0.000000e+00
    outer loop
      vertex   3.650000e+01 -9.113249e+00 1.000000e+00
      vertex   3.400000e+01 -1.055662e+01 1.000000e+00
      vertex   3.650000e+01 -9.113249e+00 0.000000e+00
    endloop
  endfacet
  facet normal 5.000000e-01 -8.660254e-01 0.000000e+00
    outer loop
      vertex   3.650000e+01 -9.113249e+00 0.000000e+00
      vertex   3.400000e+01 -1.055662e+01 1.000000e+00
      vertex   3.400000e+01 -1.055662e+01 0.000000e+00
    endloop
  endfacet
  facet normal 1.000000e+00 0.000000e+00 0.000000e+00
    outer loop
      vertex   3.400000e+01 -1.055662e+01 1.000000e+00
      vertex   3.400000e+01 -1.344338e+01 1.000000e+00
      vertex   3.400000e+01 -1.055662e+01 0.000000e+00
    endloop
  endfacet
  facet normal 1.000000e+00 0.000000e+00 0.000000e+00
    outer loop
      vertex   3.400000e+01 -1.055662e+01 0.000000e+00
      vertex   3.400000e+01 -1.344338e+01 1.000000e+00
      vertex   3.400000e+01 -1.344338e+01 0.000000e+00
    endloop
  endfacet
  facet normal 5.000000e-01 8.660254e-01 0.000000e+00
    outer loop
      vertex   3.400000e+01 -1.344338e+01 1.000000e+00
      vertex   3.650000e+01 -1.488675e+01 1.000000e+00
      vertex   3.400000e+01 -1.344338e+01 0.000000e+00
    endloop
  endfacet
  facet normal 5.000000e-01 8.660254e-01 0.000000e+00
    outer loop
      vertex   3.400000e+01 -1.344338e+01 0.000000e+00
      vertex   3.650000e+01 -1.488675e+01 1.000000e+00
      vertex   3.650000e+01 -1.488675e+01 0.000000e+00
    endloop
  endfacet
  facet normal -5.000000e-01 8.660254e-01 0.000000e+00
    outer loop
      vertex   3.650000e+01 -1.488675e+01 1.000000e+00
      vertex   3.900000e+01 -1.344338e+01 1.000000e+00
      vertex   3.650000e+01 -1.488675e+01 0.000000e+00
    endloop
  endfacet
  facet normal -5.000000e-01 8.660254e-01 0.000000e+00
    outer loop
      vertex   3.650000e+01 -1.488675e+01 0.000000e+00
      vertex   3.900000e+01 -1.344338e+01 1.000000e+00
      vertex   3.900000e+01 -1.344338e+01 0.000000e+00
    endloop
  endfacet
  facet normal -1.000000e+00 0.000000e+00 0.000000e+00
    outer loop
      vertex   3.900000e+01 -1.344338e+01 1.000000e+00
      vertex   3.900000e+01 -1.055662e+01 1.000000e+00
      vertex   3.900000e+01 -1.344338e+01 0.000000e+00
    endloop
  endfacet
  facet normal -1.000000e+00 0.000000e+00 0.000000e+00
    outer loop
      vertex   3.900000e+01 -1.344338e+01 0.000000e+00
      vertex   3.900000e+01 -1.055662e+01 1.000000e+00
      vertex   3.900000e+01 -1.055662e+01 0.000000e+00
    endloop
  endfacet
  facet normal 1.000000e+00 0.000000e+00 0.000000e+00
    outer loop
      vertex   2.800000e+01 -1.055662e+01 1.000000e+00
      vertex   2.800000e+01 -1.344338e+01 1.000000e+00
      vertex   2.800000e+01 -1.055662e+01 0.000000e+00
    endloop
  endfacet
  facet normal 1.000000e+00 0.000000e+00 0.000000e+00
    outer loop
      vertex   2.800000e+01 -1.055662e+01 0.000000e+00
      vertex   2.800000e+01 -1.344338e+01 1.000000e+00
      vertex   2.800000e+01 -1.344338e+01 0.000000e+00
    endloop
  endfacet
  facet normal 5.000000e-01 8.660254e-01 0.000000e+00
    outer loop
      vertex   2.800000e+01 -1.344338e+01 1.000000e+00
      vertex   3.050000e+01 -1.488675e+01 1.000000e+00
      vertex   2.800000e+01 -1.344338e+01 0.000000e+00
    endloop
  endfacet
  facet normal 5.000000e-01 8.660254e-01 0.000000e+00
    outer loop
      vertex   2.800000e+01 -1.344338e+01 0.000000e+00
      vertex   3.050000e+01 -1.488675e+01 1.000000e+00
      vertex   3.050000e+01 -1.488675e+01 0.000000e+00
    endloop
  endfacet
  facet normal -5.000000e-01 8.660254e-01 0.000000e+00
    outer loop
      vertex   3.050000e+01 -1.488675e+01 1.000000e+00
      vertex   3.300000e+01 -1.344338e+01 1.000000e+00
      vertex   3.050000e+01 -1.488675e+01 0.000000e+00
    endloop
  endfacet
  facet normal -5.000000e-01 8.660254e-01 0.000000e+00
    outer loop
      vertex   3.050000e+01 -1.488675e+01 0.000000e+00
      vertex   3.300000e+01 -1.344338e+01 1.000000e+00
      vertex   3.300000e+01 -1.344338e+01 0.000000e+00
    endloop
  endfacet
  facet normal -1.000000e+00 0.000000e+00 0.000000e+00
    outer loop
      vertex   3.300000e+01 -1.344338e+01 1.000000e+00
      vertex   3.300000e+01 -1.055662e+01 1.000000e+00
      vertex   3.300000e+01 -1.344338e+01 0.000000e+00
    endloop
  endfacet
  facet normal -1.000000e+00 0.000000e+00 0.000000e+00
    outer loop
      vertex   3.300000e+01 -1.344338e+01 0.000000e+00
      vertex   3.300000e+01 -1.055662e+01 1.000000e+00
      vertex   3.300000e+01 -1.055662e+01 0.000000e+00
    endloop
  endfacet
  facet normal -5.000000e-01 -8.660254e-01 -0.000000e+00
    outer loop
      vertex   3.300000e+01 -1.055662e+01 1.000000e+00
      vertex   3.050000e+01 -9.113249e+00 1.000000e+00
      vertex   3.300000e+01 -1.055662e+01 0.000000e+00
    endloop
  endfacet
  facet normal -5.000000e-01 -8.660254e-01 0.000000e+00
    outer loop
      vertex   3.300000e+01 -1.055662e+01 0.000000e+00
      vertex   3.050000e+01 -9.113249e+00 1.000000e+00
      vertex   3.050000e+01 -9.113249e+00 0.000000e+00
    endloop
  endfacet
  facet normal 5.000000e-01 -8.660254e-01 0.000000e+00
    outer loop
      vertex   3.050000e+01 -9.113249e+00 1.000000e+00
      vertex   2.800000e+01 -1.055662e+01 1.000000e+00
      vertex   3.050000e+01 -9.113249e+00 0.000000e+00
    endloop
  endfacet
  facet normal 5.000000e-01 -8.660254e-01 0.000000e+00
    outer loop
      vertex   3.050000e+01 -9.113249e+00 0.000000e+00
      vertex   2.800000e+01 -1.055662e+01 1.000000e+00
      vertex   2.800000e+01 -1.055662e+01 0.000000e+00
    endloop
  endfacet
  facet normal -5.000000e-01 -8.660254e-01 -0.000000e+00
    outer loop
      vertex   2.400000e+01 -5.556624e+00 1.000000e+00
      vertex   2.150000e+01 -4.113249e+00 1.000000e+00
      vertex   2.400000e+01 -5.556624e+00 0.000000e+00
    endloop
  endfacet
  facet normal -5.000000e-01 -8.660254e-01 0.000000e+00
    outer loop
      vertex   2.400000e+01 -5.556624e+00 0.000000e+00
      vertex   2.150000e+01 -4.113249e+00 1.000000e+00
      vertex   2.150000e+01 -4.113249e+00 0.000000e+00
    endloop
  endfacet
  facet normal 5.000000e-01 -8.660254e-01 0.000000e+00
    outer loop
      vertex   2.150000e+01 -4.113249e+00 1.000000e+00
      vertex   1.900000e+01 -5.556624e+00 1.000000e+00
      vertex   2.150000e+01 -4.113249e+00 0.000000e+00
    endloop
  endfacet
  facet normal 5.000000e-01 -8.660254e-01 0.000000e+00
    outer loop
      vertex   2.150000e+01 -4.113249e+00 0.000000e+00
      vertex   1.900000e+01 -5.556624e+00 1.000000e+00
      vertex   1.900000e+01 -5.556624e+00 0.000000e+00
    endloop
  endfacet
  facet normal 1.000000e+00 0.000000e+00 0.000000e+00
    outer loop
      vertex   1.900000e+01 -5.556624e+00 1.000000e+00
      vertex   1.900000e+01 -8.443376e+00 1.000000e+00
      vertex   1.900000e+01 -5.556624e+00 0.000000e+00
    endloop
  endfacet
  facet normal 1.000000e+00 0.000000e+00 0.000000e+00
    outer loop
      vertex   1.900000e+01 -5.556624e+00 0.000000e+00
      vertex   1.900000e+01 -8.443376e+00 1.000000e+00
      vertex   1.900000e+01 -8.443376e+00 0.000000e+00
    endloop
  endfacet
  facet normal 5.000000e-01 8.660254e-01 0.000000e+00
    outer loop
      vertex   1.900000e+01 -8.443376e+00 1.000000e+00
      vertex   2.150000e+01 -9.886751e+00 1.000000e+00
      vertex   1.900000e+01 -8.443376e+00 0.000000e+00
    endloop
  endfacet
  facet normal 5.000000e-01 8.660254e-01 0.000000e+00
    outer loop
      vertex   1.900000e+01 -8.443376e+00 0.000000e+00
      vertex   2.150000e+01 -9.886751e+00 1.000000e+00
      vertex   2.150000e+01 -9.886751e+00 0.000000e+00
    endloop
  endfacet
  facet normal -5.000000e-01 8.660254e-01 0.000000e+00
    outer loop
      vertex   2.150000e+01 -9.886751e+00 1.000000e+00
      vertex   2.400000e+01 -8.443376e+00 1.000000e+00
      vertex   2.150000e+01 -9.886751e+00 0.000000e+00
    endloop
  endfacet
  facet normal -5.000000e-01 8.660254e-01 0.000000e+00
    outer loop
      vertex   2.150000e+01 -9.886751e+00 0.000000e+00
      vertex   2.400000e+01 -8.443376e+00 1.000000e+00
      vertex   2.400000e+01 -8.443376e+00 0.000000e+00
    endloop
  endfacet
  facet normal -1.000000e+00 1.230696e-15 0.000000e+00
    outer loop
      vertex   2.400000e+01 -8.443376e+00 1.000000e+00
      vertex   2.400000e+01 -5.556624e+00 1.000000e+00
      vertex   2.400000e+01 -8.443376e+00 0.000000e+00
    endloop
  endfacet
  facet normal -1.000000e+00 1.230696e-15 0.000000e+00
    outer loop
      vertex   2.400000e+01 -8.443376e+00 0.000000e+00
      vertex   2.400000e+01 -5.556624e+00 1.000000e+00
      vertex   2.400000e+01 -5.556624e+00 0.000000e+00
    endloop
  endfacet
  facet normal 1.000000e+00 0.000000e+00 0.000000e+00
    outer loop
      vertex   1.300000e+01 -5.556624e+00 1.000000e+00
      vertex   1.300000e+01 -8.443376e+00 1.000000e+00
      vertex   1.300000e+01 -5.556624e+00 0.000000e+00
    endloop
  endfacet
  facet normal 1.000000e+00 0.000000e+00 0.000000e+00
    outer loop
      vertex   1.300000e+01 -5.556624e+00 0.000000e+00
      vertex   1.300000e+01 -8.443376e+00 1.000000e+00
      vertex   1.300000e+01 -8.443376e+00 0.000000e+00
    endloop
  endfacet
  facet normal 5.000000e-01 8.660254e-01 0.000000e+00
    outer loop
      vertex   1.300000e+01 -8.443376e+00 1.000000e+00
      vertex   1.550000e+01 -9.886751e+00 1.000000e+00
      vertex   1.300000e+01 -8.443376e+00 0.000000e+00
    endloop
  endfacet
  facet normal 5.000000e-01 8.660254e-01 0.000000e+00
    outer loop
      vertex   1.300000e+01 -8.443376e+00 0.000000e+00
      vertex   1.550000e+01 -9.886751e+00 1.000000e+00
      vertex   1.550000e+01 -9.886751e+00 0.000000e+00
    endloop
  endfacet
  facet normal -5.000000e-01 8.660254e-01 0.000000e+00
    outer loop
      vertex   1.550000e+01 -9.886751e+00 1.000000e+00
      vertex   1.800000e+01 -8.443376e+00 1.000000e+00
      vertex   1.550000e+01 -9.886751e+00 0.000000e+00
    endloop
  endfacet
  facet normal -5.000000e-01 8.660254e-01 0.000000e+00
    outer loop
      vertex   1.550000e+01 -9.886751e+00 0.000000e+00
      vertex   1.800000e+01 -8.443376e+00 1.000000e+00
      vertex   1.800000e+01 -8.443376e+00 0.000000e+00
    endloop
  endfacet
  facet normal -1.000000e+00 0.000000e+00 0.000000e+00
    outer loop
      vertex   1.800000e+01 -8.443376e+00 1.000000e+00
      vertex   1.800000e+01 -5.556624e+00 1.000000e+00
      vertex   1.800000e+01 -8.443376e+00 0.000000e+00
    endloop
  endfacet
  facet normal -1.000000e+00 0.000000e+00 0.000000e+00
    outer loop
      vertex   1.800000e+01 -8.443376e+00 0.000000e+00
      vertex   1.800000e+01 -5.556624e+00 1.000000e+00
      vertex   1.800000e+01 -5.556624e+00 0.000000e+00
    endloop
  endfacet
  facet normal -5.000000e-01 -8.660254e-01 -0.000000e+00
    outer loop
      vertex   1.800000e+01 -5.556624e+00 1.000000e+00
      vertex   1.550000e+01 -4.113249e+00 1.000000e+00
      vertex   1.800000e+01 -5.556624e+00 0.000000e+00
    endloop
  endfacet
  facet normal -5.000000e-01 -8.660254e-01 0.000000e+00
    outer loop
      vertex   1.800000e+01 -5.556624e+00 0.000000e+00
      vertex   1.550000e+01 -4.113249e+00 1.000000e+00
      vertex   1.550000e+01 -4.113249e+00 0.000000e+00
    endloop
  endfacet
  facet normal 5.000000e-01 -8.660254e-01 0.000000e+00
    outer loop
      vertex   1.550000e+01 -4.113249e+00 1.000000e+00
      vertex   1.300000e+01 -5.556624e+00 1.000000e+00
      vertex   1.550000e+01 -4.113249e+00 0.000000e+00
    endloop
  endfacet
  facet normal 5.000000e-01 -8.660254e-01 0.000000e+00
    outer loop
      vertex   1.550000e+01 -4.113249e+00 0.000000e+00
      vertex   1.300000e+01 -5.556624e+00 1.000000e+00
      vertex   1.300000e+01 -5.556624e+00 0.000000e+00
    endloop
  endfacet
  facet normal -5.000000e-01 -8.660254e-01 -0.000000e+00
    outer loop
      vertex   9.000000e+00 -2.055662e+01 1.000000e+00
      vertex   6.500000e+00 -1.911325e+01 1.000000e+00
      vertex   9.000000e+00 -2.055662e+01 0.000000e+00
    endloop
  endfacet
  facet normal -5.000000e-01 -8.660254e-01 0.000000e+00
    outer loop
      vertex   9.000000e+00 -2.055662e+01 0.000000e+00
      vertex   6.500000e+00 -1.911325e+01 1.000000e+00
      vertex   6.500000e+00 -1.911325e+01 0.000000e+00
    endloop
  endfacet
  facet normal 5.000000e-01 -8.660254e-01 0.000000e+00
    outer loop
      vertex   6.500000e+00 -1.911325e+01 1.000000e+00
      vertex   4.000000e+00 -2.055662e+01 1.000000e+00
      vertex   6.500000e+00 -1.911325e+01 0.000000e+00
    endloop
  endfacet
  facet normal 5.000000e-01 -8.660254e-01 0.000000e+00
    outer loop
      vertex   6.500000e+00 -1.911325e+01 0.000000e+00
      vertex   4.000000e+00 -2.055662e+01 1.000000e+00
      vertex   4.000000e+00 -2.055662e+01 0.000000e+00
    endloop
  endfacet
  facet normal 1.000000e+00 0.000000e+00 0.000000e+00
    outer loop
      vertex   4.000000e+00 -2.055662e+01 1.000000e+00
      vertex   4.000000e+00 -2.344338e+01 1.000000e+00
      vertex   4.000000e+00 -2.055662e+01 0.000000e+00
    endloop
  endfacet
  facet normal 1.000000e+00 0.000000e+00 0.000000e+00
    outer loop
      vertex   4.000000e+00 -2.055662e+01 0.000000e+00
      vertex   4.000000e+00 -2.344338e+01 1.000000e+00
      vertex   4.000000e+00 -2.344338e+01 0.000000e+00
    endloop
  endfacet
  facet normal 5.000000e-01 8.660254e-01 0.000000e+00
    outer loop
      vertex   4.000000e+00 -2.344338e+01 1.000000e+00
      vertex   6.500000e+00 -2.488675e+01 1.000000e+00
      vertex   4.000000e+00 -2.344338e+01 0.000000e+00
    endloop
  endfacet
  facet normal 5.000000e-01 8.660254e-01 0.000000e+00
    outer loop
      vertex   4.000000e+00 -2.344338e+01 0.000000e+00
      vertex   6.500000e+00 -2.488675e+01 1.000000e+00
      vertex   6.500000e+00 -2.488675e+01 0.000000e+00
    endloop
  endfacet
  facet normal -5.000000e-01 8.660254e-01 0.000000e+00
    outer loop
      vertex   6.500000e+00 -2.488675e+01 1.000000e+00
      vertex   9.000000e+00 -2.344338e+01 1.000000e+00
      vertex   6.500000e+00 -2.488675e+01 0.000000e+00
    endloop
  endfacet
  facet normal -5.000000e-01 8.660254e-01 0.000000e+00
    outer loop
      vertex   6.500000e+00 -2.488675e+01 0.000000e+00
      vertex   9.000000e+00 -2.344338e+01 1.000000e+00
      vertex   9.000000e+00 -2.344338e+01 0.000000e+00
    endloop
  endfacet
  facet normal -1.000000e+00 6.153481e-16 0.000000e+00
    outer loop
      vertex   9.000000e+00 -2.344338e+01 1.000000e+00
      vertex   9.000000e+00 -2.055662e+01 1.000000e+00
      vertex   9.000000e+00 -2.344338e+01 0.000000e+00
    endloop
  endfacet
  facet normal -1.000000e+00 6.153481e-16 0.000000e+00
    outer loop
      vertex   9.000000e+00 -2.344338e+01 0.000000e+00
      vertex   9.000000e+00 -2.055662e+01 1.000000e+00
      vertex   9.000000e+00 -2.055662e+01 0.000000e+00
    endloop
  endfacet
  facet normal -5.000000e-01 -8.660254e-01 -0.000000e+00
    outer loop
      vertex   3.000000e+01 -2.555662e+01 1.000000e+00
      vertex   2.750000e+01 -2.411325e+01 1.000000e+00
      vertex   3.000000e+01 -2.555662e+01 0.000000e+00
    endloop
  endfacet
  facet normal -5.000000e-01 -8.660254e-01 0.000000e+00
    outer loop
      vertex   3.000000e+01 -2.555662e+01 0.000000e+00
      vertex   2.750000e+01 -2.411325e+01 1.000000e+00
      vertex   2.750000e+01 -2.411325e+01 0.000000e+00
    endloop
  endfacet
  facet normal 5.000000e-01 -8.660254e-01 0.000000e+00
    outer loop
      vertex   2.750000e+01 -2.411325e+01 1.000000e+00
      vertex   2.500000e+01 -2.555662e+01 1.000000e+00
      vertex   2.750000e+01 -2.411325e+01 0.000000e+00
    endloop
  endfacet
  facet normal 5.000000e-01 -8.660254e-01 0.000000e+00
    outer loop
      vertex   2.750000e+01 -2.411325e+01 0.000000e+00
      vertex   2.500000e+01 -2.555662e+01 1.000000e+00
      vertex   2.500000e+01 -2.555662e+01 0.000000e+00
    endloop
  endfacet
  facet normal 1.000000e+00 0.000000e+00 0.000000e+00
    outer loop
      vertex   2.500000e+01 -2.555662e+01 1.000000e+00
      vertex   2.500000e+01 -2.844338e+01 1.000000e+00
      vertex   2.500000e+01 -2.555662e+01 0.000000e+00
    endloop
  endfacet
  facet normal 1.000000e+00 0.000000e+00 0.000000e+00
    outer loop
      vertex   2.500000e+01 -2.555662e+01 0.000000e+00
      vertex   2.500000e+01 -2.844338e+01 1.000000e+00
      vertex   2.500000e+01 -2.844338e+01 0.000000e+00
    endloop
  endfacet
  facet normal 5.000000e-01 8.660254e-01 0.000000e+00
    outer loop
      vertex   2.500000e+01 -2.844338e+01 1.000000e+00
      vertex   2.750000e+01 -2.988675e+01 1.000000e+00
      vertex   2.500000e+01 -2.844338e+01 0.000000e+00
    endloop
  endfacet
  facet normal 5.000000e-01 8.660254e-01 0.000000e+00
    outer loop
      vertex   2.500000e+01 -2.844338e+01 0.000000e+00
      vertex   2.750000e+01 -2.988675e+01 1.000000e+00
      vertex   2.750000e+01 -2.988675e+01 0.000000e+00
    endloop
  endfacet
  facet normal -5.000000e-01 8.660254e-01 0.000000e+00
    outer loop
      vertex   2.750000e+01 -2.988675e+01 1.000000e+00
      vertex   3.000000e+01 -2.844338e+01 1.000000e+00
      vertex   2.750000e+01 -2.988675e+01 0.000000e+00
    endloop
  endfacet
  facet normal -5.000000e-01 8.660254e-01 0.000000e+00
    outer loop
      vertex   2.750000e+01 -2.988675e+01 0.000000e+00
      vertex   3.000000e+01 -2.844338e+01 1.000000e+00
      vertex   3.000000e+01 -2.844338e+01 0.000000e+00
    endloop
  endfacet
  facet normal -1.000000e+00 0.000000e+00 0.000000e+00
    outer loop
      vertex   3.000000e+01 -2.844338e+01 1.000000e+00
      vertex   3.000000e+01 -2.555662e+01 1.000000e+00
      vertex   3.000000e+01 -2.844338e+01 0.000000e+00
    endloop
  endfacet
  facet normal -1.000000e+00 0.000000e+00 0.000000e+00
    outer loop
      vertex   3.000000e+01 -2.844338e+01 0.000000e+00
      vertex   3.000000e+01 -2.555662e+01 1.000000e+00
      vertex   3.000000e+01 -2.555662e+01 0.000000e+00
    endloop
  endfacet
  facet normal 5.000000e-01 8.660254e-01 0.000000e+00
    outer loop
      vertex   7.000000e+00 -2.844338e+01 1.000000e+00
      vertex   9.500000e+00 -2.988675e+01 1.000000e+00
      vertex   7.000000e+00 -2.844338e+01 0.000000e+00
    endloop
  endfacet
  facet normal 5.000000e-01 8.660254e-01 0.000000e+00
    outer loop
      vertex   7.000000e+00 -2.844338e+01 0.000000e+00
      vertex   9.500000e+00 -2.988675e+01 1.000000e+00
      vertex   9.500000e+00 -2.988675e+01 0.000000e+00
    endloop
  endfacet
  facet normal -5.000000e-01 8.660254e-01 0.000000e+00
    outer loop
      vertex   9.500000e+00 -2.988675e+01 1.000000e+00
      vertex   1.200000e+01 -2.844338e+01 1.000000e+00
      vertex   9.500000e+00 -2.988675e+01 0.000000e+00
    endloop
  endfacet
  facet normal -5.000000e-01 8.660254e-01 0.000000e+00
    outer loop
      vertex   9.500000e+00 -2.988675e+01 0.000000e+00
      vertex   1.200000e+01 -2.844338e+01 1.000000e+00
      vertex   1.200000e+01 -2.844338e+01 0.000000e+00
    endloop
  endfacet
  facet normal -1.000000e+00 0.000000e+00 0.000000e+00
    outer loop
      vertex   1.200000e+01 -2.844338e+01 1.000000e+00
      vertex   1.200000e+01 -2.555662e+01 1.000000e+00
      vertex   1.200000e+01 -2.844338e+01 0.000000e+00
    endloop
  endfacet
  facet normal -1.000000e+00 0.000000e+00 0.000000e+00
    outer loop
      vertex   1.200000e+01 -2.844338e+01 0.000000e+00
      vertex   1.200000e+01 -2.555662e+01 1.000000e+00
      vertex   1.200000e+01 -2.555662e+01 0.000000e+00
    endloop
  endfacet
  facet normal -5.000000e-01 -8.660254e-01 -0.000000e+00
    outer loop
      vertex   1.200000e+01 -2.555662e+01 1.000000e+00
      vertex   9.500000e+00 -2.411325e+01 1.000000e+00
      vertex   1.200000e+01 -2.555662e+01 0.000000e+00
    endloop
  endfacet
  facet normal -5.000000e-01 -8.660254e-01 0.000000e+00
    outer loop
      vertex   1.200000e+01 -2.555662e+01 0.000000e+00
      vertex   9.500000e+00 -2.411325e+01 1.000000e+00
      vertex   9.500000e+00 -2.411325e+01 0.000000e+00
    endloop
  endfacet
  facet normal 5.000000e-01 -8.660254e-01 0.000000e+00
    outer loop
      vertex   9.500000e+00 -2.411325e+01 1.000000e+00
      vertex   7.000000e+00 -2.555662e+01 1.000000e+00
      vertex   9.500000e+00 -2.411325e+01 0.000000e+00
    endloop
  endfacet
  facet normal 5.000000e-01 -8.660254e-01 0.000000e+00
    outer loop
      vertex   9.500000e+00 -2.411325e+01 0.000000e+00
      vertex   7.000000e+00 -2.555662e+01 1.000000e+00
      vertex   7.000000e+00 -2.555662e+01 0.000000e+00
    endloop
  endfacet
  facet normal 1.000000e+00 3.076740e-16 0.000000e+00
    outer loop
      vertex   7.000000e+00 -2.555662e+01 1.000000e+00
      vertex   7.000000e+00 -2.844338e+01 1.000000e+00
      vertex   7.000000e+00 -2.555662e+01 0.000000e+00
    endloop
  endfacet
  facet normal 1.000000e+00 3.076740e-16 0.000000e+00
    outer loop
      vertex   7.000000e+00 -2.555662e+01 0.000000e+00
      vertex   7.000000e+00 -2.844338e+01 1.000000e+00
      vertex   7.000000e+00 -2.844338e+01 0.000000e+00
    endloop
  endfacet
  facet normal 1.000000e+00 0.000000e+00 0.000000e+00
    outer loop
      vertex   2.800000e+01 -2.055662e+01 1.000000e+00
      vertex   2.800000e+01 -2.344338e+01 1.000000e+00
      vertex   2.800000e+01 -2.055662e+01 0.000000e+00
    endloop
  endfacet
  facet normal 1.000000e+00 0.000000e+00 0.000000e+00
    outer loop
      vertex   2.800000e+01 -2.055662e+01 0.000000e+00
      vertex   2.800000e+01 -2.344338e+01 1.000000e+00
      vertex   2.800000e+01 -2.344338e+01 0.000000e+00
    endloop
  endfacet
  facet normal 5.000000e-01 8.660254e-01 0.000000e+00
    outer loop
      vertex   2.800000e+01 -2.344338e+01 1.000000e+00
      vertex   3.050000e+01 -2.488675e+01 1.000000e+00
      vertex   2.800000e+01 -2.344338e+01 0.000000e+00
    endloop
  endfacet
  facet normal 5.000000e-01 8.660254e-01 0.000000e+00
    outer loop
      vertex   2.800000e+01 -2.344338e+01 0.000000e+00
      vertex   3.050000e+01 -2.488675e+01 1.000000e+00
      vertex   3.050000e+01 -2.488675e+01 0.000000e+00
    endloop
  endfacet
  facet normal -5.000000e-01 8.660254e-01 0.000000e+00
    outer loop
      vertex   3.050000e+01 -2.488675e+01 1.000000e+00
      vertex   3.300000e+01 -2.344338e+01 1.000000e+00
      vertex   3.050000e+01 -2.488675e+01 0.000000e+00
    endloop
  endfacet
  facet normal -5.000000e-01 8.660254e-01 0.000000e+00
    outer loop
      vertex   3.050000e+01 -2.488675e+01 0.000000e+00
      vertex   3.300000e+01 -2.344338e+01 1.000000e+00
      vertex   3.300000e+01 -2.344338e+01 0.000000e+00
    endloop
  endfacet
  facet normal -1.000000e+00 0.000000e+00 0.000000e+00
    outer loop
      vertex   3.300000e+01 -2.344338e+01 1.000000e+00
      vertex   3.300000e+01 -2.055662e+01 1.000000e+00
      vertex   3.300000e+01 -2.344338e+01 0.000000e+00
    endloop
  endfacet
  facet normal -1.000000e+00 0.000000e+00 0.000000e+00
    outer loop
      vertex   3.300000e+01 -2.344338e+01 0.000000e+00
      vertex   3.300000e+01 -2.055662e+01 1.000000e+00
      vertex   3.300000e+01 -2.055662e+01 0.000000e+00
    endloop
  endfacet
  facet normal -5.000000e-01 -8.660254e-01 -0.000000e+00
    outer loop
      vertex   3.300000e+01 -2.055662e+01 1.000000e+00
      vertex   3.050000e+01 -1.911325e+01 1.000000e+00
      vertex   3.300000e+01 -2.055662e+01 0.000000e+00
    endloop
  endfacet
  facet normal -5.000000e-01 -8.660254e-01 0.000000e+00
    outer loop
      vertex   3.300000e+01 -2.055662e+01 0.000000e+00
      vertex   3.050000e+01 -1.911325e+01 1.000000e+00
      vertex   3.050000e+01 -1.911325e+01 0.000000e+00
    endloop
  endfacet
  facet normal 5.000000e-01 -8.660254e-01 0.000000e+00
    outer loop
      vertex   3.050000e+01 -1.911325e+01 1.000000e+00
      vertex   2.800000e+01 -2.055662e+01 1.000000e+00
      vertex   3.050000e+01 -1.911325e+01 0.000000e+00
    endloop
  endfacet
  facet normal 5.000000e-01 -8.660254e-01 0.000000e+00
    outer loop
      vertex   3.050000e+01 -1.911325e+01 0.000000e+00
      vertex   2.800000e+01 -2.055662e+01 1.000000e+00
      vertex   2.800000e+01 -2.055662e+01 0.000000e+00
    endloop
  endfacet
  facet normal -5.000000e-01 -8.660254e-01 -0.000000e+00
    outer loop
      vertex   3.000000e+01 -5.556624e+00 1.000000e+00
      vertex   2.750000e+01 -4.113249e+00 1.000000e+00
      vertex   3.000000e+01 -5.556624e+00 0.000000e+00
    endloop
  endfacet
  facet normal -5.000000e-01 -8.660254e-01 0.000000e+00
    outer loop
      vertex   3.000000e+01 -5.556624e+00 0.000000e+00
      vertex   2.750000e+01 -4.113249e+00 1.000000e+00
      vertex   2.750000e+01 -4.113249e+00 0.000000e+00
    endloop
  endfacet
  facet normal 5.000000e-01 -8.660254e-01 0.000000e+00
    outer loop
      vertex   2.750000e+01 -4.113249e+00 1.000000e+00
      vertex   2.500000e+01 -5.556624e+00 1.000000e+00
      vertex   2.750000e+01 -4.113249e+00 0.000000e+00
    endloop
  endfacet
  facet normal 5.000000e-01 -8.660254e-01 0.000000e+00
    outer loop
      vertex   2.750000e+01 -4.113249e+00 0.000000e+00
      vertex   2.500000e+01 -5.556624e+00 1.000000e+00
      vertex   2.500000e+01 -5.556624e+00 0.000000e+00
    endloop
  endfacet
  facet normal 1.000000e+00 0.000000e+00 0.000000e+00
    outer loop
      vertex   2.500000e+01 -5.556624e+00 1.000000e+00
      vertex   2.500000e+01 -8.443376e+00 1.000000e+00
      vertex   2.500000e+01 -5.556624e+00 0.000000e+00
    endloop
  endfacet
  facet normal 1.000000e+00 0.000000e+00 0.000000e+00
    outer loop
      vertex   2.500000e+01 -5.556624e+00 0.000000e+00
      vertex   2.500000e+01 -8.443376e+00 1.000000e+00
      vertex   2.500000e+01 -8.443376e+00 0.000000e+00
    endloop
  endfacet
  facet normal 5.000000e-01 8.660254e-01 0.000000e+00
    outer loop
      vertex   2.500000e+01 -8.443376e+00 1.000000e+00
      vertex   2.750000e+01 -9.886751e+00 1.000000e+00
      vertex   2.500000e+01 -8.443376e+00 0.000000e+00
    endloop
  endfacet
  facet normal 5.000000e-01 8.660254e-01 0.000000e+00
    outer loop
      vertex   2.500000e+01 -8.443376e+00 0.000000e+00
      vertex   2.750000e+01 -9.886751e+00 1.000000e+00
      vertex   2.750000e+01 -9.886751e+00 0.000000e+00
    endloop
  endfacet
  facet normal -5.000000e-01 8.660254e-01 0.000000e+00
    outer loop
      vertex   2.750000e+01 -9.886751e+00 1.000000e+00
      vertex   3.000000e+01 -8.443376e+00 1.000000e+00
      vertex   2.750000e+01 -9.886751e+00 0.000000e+00
    endloop
  endfacet
  facet normal -5.000000e-01 8.660254e-01 0.000000e+00
    outer loop
      vertex   2.750000e+01 -9.886751e+00 0.000000e+00
      vertex   3.000000e+01 -8.443376e+00 1.000000e+00
      vertex   3.000000e+01 -8.443376e+00 0.000000e+00
    endloop
  endfacet
  facet normal -1.000000e+00 0.000000e+00 0.000000e+00
    outer loop
      vertex   3.000000e+01 -8.443376e+00 1.000000e+00
      vertex   3.000000e+01 -5.556624e+00 1.000000e+00
      vertex   3.000000e+01 -8.443376e+00 0.000000e+00
    endloop
  endfacet
  facet normal -1.000000e+00 0.000000e+00 0.000000e+00
    outer loop
      vertex   3.000000e+01 -8.443376e+00 0.000000e+00
      vertex   3.000000e+01 -5.556624e+00 1.000000e+00
      vertex   3.000000e+01 -5.556624e+00 0.000000e+00
    endloop
  endfacet
  facet normal -5.000000e-01 -8.660254e-01 -0.000000e+00
    outer loop
      vertex   1.800000e+01 -1.555662e+01 1.000000e+00
      vertex   1.550000e+01 -1.411325e+01 1.000000e+00
      vertex   1.800000e+01 -1.555662e+01 0.000000e+00
    endloop
  endfacet
  facet normal -5.000000e-01 -8.660254e-01 0.000000e+00
    outer loop
      vertex   1.800000e+01 -1.555662e+01 0.000000e+00
      vertex   1.550000e+01 -1.411325e+01 1.000000e+00
      vertex   1.550000e+01 -1.411325e+01 0.000000e+00
    endloop
  endfacet
  facet normal 5.000000e-01 -8.660254e-01 0.000000e+00
    outer loop
      vertex   1.550000e+01 -1.411325e+01 1.000000e+00
      vertex   1.300000e+01 -1.555662e+01 1.000000e+00
      vertex   1.550000e+01 -1.411325e+01 0.000000e+00
    endloop
  endfacet
  facet normal 5.000000e-01 -8.660254e-01 0.000000e+00
    outer loop
      vertex   1.550000e+01 -1.411325e+01 0.000000e+00
      vertex   1.300000e+01 -1.555662e+01 1.000000e+00
      vertex   1.300000e+01 -1.555662e+01 0.000000e+00
    endloop
  endfacet
  facet normal 1.000000e+00 0.000000e+00 0.000000e+00
    outer loop
      vertex   1.300000e+01 -1.555662e+01 1.000000e+00
      vertex   1.300000e+01 -1.844338e+01 1.000000e+00
      vertex   1.300000e+01 -1.555662e+01 0.000000e+00
    endloop
  endfacet
  facet normal 1.000000e+00 0.000000e+00 0.000000e+00
    outer loop
      vertex   1.300000e+01 -1.555662e+01 0.000000e+00
      vertex   1.300000e+01 -1.844338e+01 1.000000e+00
      vertex   1.300000e+01 -1.844338e+01 0.000000e+00
    endloop
  endfacet
  facet normal 5.000000e-01 8.660254e-01 0.000000e+00
    outer loop
      vertex   1.300000e+01 -1.844338e+01 1.000000e+00
      vertex   1.550000e+01 -1.988675e+01 1.000000e+00
      vertex   1.300000e+01 -1.844338e+01 0.000000e+00
    endloop
  endfacet
  facet normal 5.000000e-01 8.660254e-01 0.000000e+00
    outer loop
      vertex   1.300000e+01 -1.844338e+01 0.000000e+00
      vertex   1.550000e+01 -1.988675e+01 1.000000e+00
      vertex   1.550000e+01 -1.988675e+01 0.000000e+00
    endloop
  endfacet
  facet normal -5.000000e-01 8.660254e-01 0.000000e+00
    outer loop
      vertex   1.550000e+01 -1.988675e+01 1.000000e+00
      vertex   1.800000e+01 -1.844338e+01 1.000000e+00
      vertex   1.550000e+01 -1.988675e+01 0.000000e+00
    endloop
  endfacet
  facet normal -5.000000e-01 8.660254e-01 0.000000e+00
    outer loop
      vertex   1.550000e+01 -1.988675e+01 0.000000e+00
      vertex   1.800000e+01 -1.844338e+01 1.000000e+00
      vertex   1.800000e+01 -1.844338e+01 0.000000e+00
    endloop
  endfacet
  facet normal -1.000000e+00 0.000000e+00 0.000000e+00
    outer loop
      vertex   1.800000e+01 -1.844338e+01 1.000000e+00
      vertex   1.800000e+01 -1.555662e+01 1.000000e+00
      vertex   1.800000e+01 -1.844338e+01 0.000000e+00
    endloop
  endfacet
  facet normal -1.000000e+00 0.000000e+00 0.000000e+00
    outer loop
      vertex   1.800000e+01 -1.844338e+01 0.000000e+00
      vertex   1.800000e+01 -1.555662e+01 1.000000e+00
      vertex   1.800000e+01 -1.555662e+01 0.000000e+00
    endloop
  endfacet
  facet normal -5.000000e-01 8.660254e-01 0.000000e+00
    outer loop
      vertex   1.850000e+01 -2.488675e+01 1.000000e+00
      vertex   2.100000e+01 -2.344338e+01 1.000000e+00
      vertex   1.850000e+01 -2.488675e+01 0.000000e+00
    endloop
  endfacet
  facet normal -5.000000e-01 8.660254e-01 0.000000e+00
    outer loop
      vertex   1.850000e+01 -2.488675e+01 0.000000e+00
      vertex   2.100000e+01 -2.344338e+01 1.000000e+00
      vertex   2.100000e+01 -2.344338e+01 0.000000e+00
    endloop
  endfacet
  facet normal -1.000000e+00 2.461392e-15 0.000000e+00
    outer loop
      vertex   2.100000e+01 -2.344338e+01 1.000000e+00
      vertex   2.100000e+01 -2.055662e+01 1.000000e+00
      vertex   2.100000e+01 -2.344338e+01 0.000000e+00
    endloop
  endfacet
  facet normal -1.000000e+00 2.461392e-15 0.000000e+00
    outer loop
      vertex   2.100000e+01 -2.344338e+01 0.000000e+00
      vertex   2.100000e+01 -2.055662e+01 1.000000e+00
      vertex   2.100000e+01 -2.055662e+01 0.000000e+00
    endloop
  endfacet
  facet normal -5.000000e-01 -8.660254e-01 -0.000000e+00
    outer loop
      vertex   2.100000e+01 -2.055662e+01 1.000000e+00
      vertex   1.850000e+01 -1.911325e+01 1.000000e+00
      vertex   2.100000e+01 -2.055662e+01 0.000000e+00
    endloop
  endfacet
  facet normal -5.000000e-01 -8.660254e-01 0.000000e+00
    outer loop
      vertex   2.100000e+01 -2.055662e+01 0.000000e+00
      vertex   1.850000e+01 -1.911325e+01 1.000000e+00
      vertex   1.850000e+01 -1.911325e+01 0.000000e+00
    endloop
  endfacet
  facet normal 5.000000e-01 -8.660254e-01 0.000000e+00
    outer loop
      vertex   1.850000e+01 -1.911325e+01 1.000000e+00
      vertex   1.600000e+01 -2.055662e+01 1.000000e+00
      vertex   1.850000e+01 -1.911325e+01 0.000000e+00
    endloop
  endfacet
  facet normal 5.000000e-01 -8.660254e-01 0.000000e+00
    outer loop
      vertex   1.850000e+01 -1.911325e+01 0.000000e+00
      vertex   1.600000e+01 -2.055662e+01 1.000000e+00
      vertex   1.600000e+01 -2.055662e+01 0.000000e+00
    endloop
  endfacet
  facet normal 1.000000e+00 0.000000e+00 0.000000e+00
    outer loop
      vertex   1.600000e+01 -2.055662e+01 1.000000e+00
      vertex   1.600000e+01 -2.344338e+01 1.000000e+00
      vertex   1.600000e+01 -2.055662e+01 0.000000e+00
    endloop
  endfacet
  facet normal 1.000000e+00 0.000000e+00 0.000000e+00
    outer loop
      vertex   1.600000e+01 -2.055662e+01 0.000000e+00
      vertex   1.600000e+01 -2.344338e+01 1.000000e+00
      vertex   1.600000e+01 -2.344338e+01 0.000000e+00
    endloop
  endfacet
  facet normal 5.000000e-01 8.660254e-01 0.000000e+00
    outer loop
      vertex   1.600000e+01 -2.344338e+01 1.000000e+00
      vertex   1.850000e+01 -2.488675e+01 1.000000e+00
      vertex   1.600000e+01 -2.344338e+01 0.000000e+00
    endloop
  endfacet
  facet normal 5.000000e-01 8.660254e-01 0.000000e+00
    outer loop
      vertex   1.600000e+01 -2.344338e+01 0.000000e+00
      vertex   1.850000e+01 -2.488675e+01 1.000000e+00
      vertex   1.850000e+01 -2.488675e+01 0.000000e+00
    endloop
  endfacet
  facet normal -1.000000e+00 6.153481e-16 0.000000e+00
    outer loop
      vertex   9.000000e+00 -1.344338e+01 1.000000e+00
      vertex   9.000000e+00 -1.055662e+01 1.000000e+00
      vertex   9.000000e+00 -1.344338e+01 0.000000e+00
    endloop
  endfacet
  facet normal -1.000000e+00 6.153481e-16 0.000000e+00
    outer loop
      vertex   9.000000e+00 -1.344338e+01 0.000000e+00
      vertex   9.000000e+00 -1.055662e+01 1.000000e+00
      vertex   9.000000e+00 -1.055662e+01 0.000000e+00
    endloop
  endfacet
  facet normal -5.000000e-01 -8.660254e-01 -0.000000e+00
    outer loop
      vertex   9.000000e+00 -1.055662e+01 1.000000e+00
      vertex   6.500000e+00 -9.113249e+00 1.000000e+00
      vertex   9.000000e+00 -1.055662e+01 0.000000e+00
    endloop
  endfacet
  facet normal -5.000000e-01 -8.660254e-01 0.000000e+00
    outer loop
      vertex   9.000000e+00 -1.055662e+01 0.000000e+00
      vertex   6.500000e+00 -9.113249e+00 1.000000e+00
      vertex   6.500000e+00 -9.113249e+00 0.000000e+00
    endloop
  endfacet
  facet normal 5.000000e-01 -8.660254e-01 0.000000e+00
    outer loop
      vertex   6.500000e+00 -9.113249e+00 1.000000e+00
      vertex   4.000000e+00 -1.055662e+01 1.000000e+00
      vertex   6.500000e+00 -9.113249e+00 0.000000e+00
    endloop
  endfacet
  facet normal 5.000000e-01 -8.660254e-01 0.000000e+00
    outer loop
      vertex   6.500000e+00 -9.113249e+00 0.000000e+00
      vertex   4.000000e+00 -1.055662e+01 1.000000e+00
      vertex   4.000000e+00 -1.055662e+01 0.000000e+00
    endloop
  endfacet
  facet normal 1.000000e+00 0.000000e+00 0.000000e+00
    outer loop
      vertex   4.000000e+00 -1.055662e+01 1.000000e+00
      vertex   4.000000e+00 -1.344338e+01 1.000000e+00
      vertex   4.000000e+00 -1.055662e+01 0.000000e+00
    endloop
  endfacet
  facet normal 1.000000e+00 0.000000e+00 0.000000e+00
    outer loop
      vertex   4.000000e+00 -1.055662e+01 0.000000e+00
      vertex   4.000000e+00 -1.344338e+01 1.000000e+00
      vertex   4.000000e+00 -1.344338e+01 0.000000e+00
    endloop
  endfacet
  facet normal 5.000000e-01 8.660254e-01 0.000000e+00
    outer loop
      vertex   4.000000e+00 -1.344338e+01 1.000000e+00
      vertex   6.500000e+00 -1.488675e+01 1.000000e+00
      vertex   4.000000e+00 -1.344338e+01 0.000000e+00
    endloop
  endfacet
  facet normal 5.000000e-01 8.660254e-01 0.000000e+00
    outer loop
      vertex   4.000000e+00 -1.344338e+01 0.000000e+00
      vertex   6.500000e+00 -1.488675e+01 1.000000e+00
      vertex   6.500000e+00 -1.488675e+01 0.000000e+00
    endloop
  endfacet
  facet normal -5.000000e-01 8.660254e-01 0.000000e+00
    outer loop
      vertex   6.500000e+00 -1.488675e+01 1.000000e+00
      vertex   9.000000e+00 -1.344338e+01 1.000000e+00
      vertex   6.500000e+00 -1.488675e+01 0.000000e+00
    endloop
  endfacet
  facet normal -5.000000e-01 8.660254e-01 0.000000e+00
    outer loop
      vertex   6.500000e+00 -1.488675e+01 0.000000e+00
      vertex   9.000000e+00 -1.344338e+01 1.000000e+00
      vertex   9.000000e+00 -1.344338e+01 0.000000e+00
    endloop
  endfacet
  facet normal -5.000000e-01 8.660254e-01 0.000000e+00
    outer loop
      vertex   2.450000e+01 -1.488675e+01 1.000000e+00
      vertex   2.700000e+01 -1.344338e+01 1.000000e+00
      vertex   2.450000e+01 -1.488675e+01 0.000000e+00
    endloop
  endfacet
  facet normal -5.000000e-01 8.660254e-01 0.000000e+00
    outer loop
      vertex   2.450000e+01 -1.488675e+01 0.000000e+00
      vertex   2.700000e+01 -1.344338e+01 1.000000e+00
      vertex   2.700000e+01 -1.344338e+01 0.000000e+00
    endloop
  endfacet
  facet normal -1.000000e+00 0.000000e+00 0.000000e+00
    outer loop
      vertex   2.700000e+01 -1.344338e+01 1.000000e+00
      vertex   2.700000e+01 -1.055662e+01 1.000000e+00
      vertex   2.700000e+01 -1.344338e+01 0.000000e+00
    endloop
  endfacet
  facet normal -1.000000e+00 0.000000e+00 0.000000e+00
    outer loop
      vertex   2.700000e+01 -1.344338e+01 0.000000e+00
      vertex   2.700000e+01 -1.055662e+01 1.000000e+00
      vertex   2.700000e+01 -1.055662e+01 0.000000e+00
    endloop
  endfacet
  facet normal -5.000000e-01 -8.660254e-01 -0.000000e+00
    outer loop
      vertex   2.700000e+01 -1.055662e+01 1.000000e+00
      vertex   2.450000e+01 -9.113249e+00 1.000000e+00
      vertex   2.700000e+01 -1.055662e+01 0.000000e+00
    endloop
  endfacet
  facet normal -5.000000e-01 -8.660254e-01 0.000000e+00
    outer loop
      vertex   2.700000e+01 -1.055662e+01 0.000000e+00
      vertex   2.450000e+01 -9.113249e+00 1.000000e+00
      vertex   2.450000e+01 -9.113249e+00 0.000000e+00
    endloop
  endfacet
  facet normal 5.000000e-01 -8.660254e-01 0.000000e+00
    outer loop
      vertex   2.450000e+01 -9.113249e+00 1.000000e+00
      vertex   2.200000e+01 -1.055662e+01 1.000000e+00
      vertex   2.450000e+01 -9.113249e+00 0.000000e+00
    endloop
  endfacet
  facet normal 5.000000e-01 -8.660254e-01 0.000000e+00
    outer loop
      vertex   2.450000e+01 -9.113249e+00 0.000000e+00
      vertex   2.200000e+01 -1.055662e+01 1.000000e+00
      vertex   2.200000e+01 -1.055662e+01 0.000000e+00
    endloop
  endfacet
  facet normal 1.000000e+00 0.000000e+00 0.000000e+00
    outer loop
      vertex   2.200000e+01 -1.055662e+01 1.000000e+00
      vertex   2.200000e+01 -1.344338e+01 1.000000e+00
      vertex   2.200000e+01 -1.055662e+01 0.000000e+00
    endloop
  endfacet
  facet normal 1.000000e+00 0.000000e+00 0.000000e+00
    outer loop
      vertex   2.200000e+01 -1.055662e+01 0.000000e+00
      vertex   2.200000e+01 -1.344338e+01 1.000000e+00
      vertex   2.200000e+01 -1.344338e+01 0.000000e+00
    endloop
  endfacet
  facet normal 5.000000e-01 8.660254e-01 0.000000e+00
    outer loop
      vertex   2.200000e+01 -1.344338e+01 1.000000e+00
      vertex   2.450000e+01 -1.488675e+01 1.000000e+00
      vertex   2.200000e+01 -1.344338e+01 0.000000e+00
    endloop
  endfacet
  facet normal 5.000000e-01 8.660254e-01 0.000000e+00
    outer loop
      vertex   2.200000e+01 -1.344338e+01 0.000000e+00
      vertex   2.450000e+01 -1.488675e+01 1.000000e+00
      vertex   2.450000e+01 -1.488675e+01 0.000000e+00
    endloop
  endfacet
  facet normal 5.000000e-01 8.660254e-01 0.000000e+00
    outer loop
      vertex   7.000000e+00 -1.844338e+01 1.000000e+00
      vertex   9.500000e+00 -1.988675e+01 1.000000e+00
      vertex   7.000000e+00 -1.844338e+01 0.000000e+00
    endloop
  endfacet
  facet normal 5.000000e-01 8.660254e-01 0.000000e+00
    outer loop
      vertex   7.000000e+00 -1.844338e+01 0.000000e+00
      vertex   9.500000e+00 -1.988675e+01 1.000000e+00
      vertex   9.500000e+00 -1.988675e+01 0.000000e+00
    endloop
  endfacet
  facet normal -5.000000e-01 8.660254e-01 0.000000e+00
    outer loop
      vertex   9.500000e+00 -1.988675e+01 1.000000e+00
      vertex   1.200000e+01 -1.844338e+01 1.000000e+00
      vertex   9.500000e+00 -1.988675e+01 0.000000e+00
    endloop
  endfacet
  facet normal -5.000000e-01 8.660254e-01 0.000000e+00
    outer loop
      vertex   9.500000e+00 -1.988675e+01 0.000000e+00
      vertex   1.200000e+01 -1.844338e+01 1.000000e+00
      vertex   1.200000e+01 -1.844338e+01 0.000000e+00
    endloop
  endfacet
  facet normal -1.000000e+00 6.153481e-16 0.000000e+00
    outer loop
      vertex   1.200000e+01 -1.844338e+01 1.000000e+00
      vertex   1.200000e+01 -1.555662e+01 1.000000e+00
      vertex   1.200000e+01 -1.844338e+01 0.000000e+00
    endloop
  endfacet
  facet normal -1.000000e+00 6.153481e-16 0.000000e+00
    outer loop
      vertex   1.200000e+01 -1.844338e+01 0.000000e+00
      vertex   1.200000e+01 -1.555662e+01 1.000000e+00
      vertex   1.200000e+01 -1.555662e+01 0.000000e+00
    endloop
  endfacet
  facet normal -5.000000e-01 -8.660254e-01 -0.000000e+00
    outer loop
      vertex   1.200000e+01 -1.555662e+01 1.000000e+00
      vertex   9.500000e+00 -1.411325e+01 1.000000e+00
      vertex   1.200000e+01 -1.555662e+01 0.000000e+00
    endloop
  endfacet
  facet normal -5.000000e-01 -8.660254e-01 0.000000e+00
    outer loop
      vertex   1.200000e+01 -1.555662e+01 0.000000e+00
      vertex   9.500000e+00 -1.411325e+01 1.000000e+00
      vertex   9.500000e+00 -1.411325e+01 0.000000e+00
    endloop
  endfacet
  facet normal 5.000000e-01 -8.660254e-01 0.000000e+00
    outer loop
      vertex   9.500000e+00 -1.411325e+01 1.000000e+00
      vertex   7.000000e+00 -1.555662e+01 1.000000e+00
      vertex   9.500000e+00 -1.411325e+01 0.000000e+00
    endloop
  endfacet
  facet normal 5.000000e-01 -8.660254e-01 0.000000e+00
    outer loop
      vertex   9.500000e+00 -1.411325e+01 0.000000e+00
      vertex   7.000000e+00 -1.555662e+01 1.000000e+00
      vertex   7.000000e+00 -1.555662e+01 0.000000e+00
    endloop
  endfacet
  facet normal 1.000000e+00 -3.076740e-16 0.000000e+00
    outer loop
      vertex   7.000000e+00 -1.555662e+01 1.000000e+00
      vertex   7.000000e+00 -1.844338e+01 1.000000e+00
      vertex   7.000000e+00 -1.555662e+01 0.000000e+00
    endloop
  endfacet
  facet normal 1.000000e+00 -3.076740e-16 0.000000e+00
    outer loop
      vertex   7.000000e+00 -1.555662e+01 0.000000e+00
      vertex   7.000000e+00 -1.844338e+01 1.000000e+00
      vertex   7.000000e+00 -1.844338e+01 0.000000e+00
    endloop
  endfacet
  facet normal -5.000000e-01 -8.660254e-01 -0.000000e+00
    outer loop
      vertex   3.600000e+01 -2.555662e+01 1.000000e+00
      vertex   3.350000e+01 -2.411325e+01 1.000000e+00
      vertex   3.600000e+01 -2.555662e+01 0.000000e+00
    endloop
  endfacet
  facet normal -5.000000e-01 -8.660254e-01 0.000000e+00
    outer loop
      vertex   3.600000e+01 -2.555662e+01 0.000000e+00
      vertex   3.350000e+01 -2.411325e+01 1.000000e+00
      vertex   3.350000e+01 -2.411325e+01 0.000000e+00
    endloop
  endfacet
  facet normal 5.000000e-01 -8.660254e-01 0.000000e+00
    outer loop
      vertex   3.350000e+01 -2.411325e+01 1.000000e+00
      vertex   3.100000e+01 -2.555662e+01 1.000000e+00
      vertex   3.350000e+01 -2.411325e+01 0.000000e+00
    endloop
  endfacet
  facet normal 5.000000e-01 -8.660254e-01 0.000000e+00
    outer loop
      vertex   3.350000e+01 -2.411325e+01 0.000000e+00
      vertex   3.100000e+01 -2.555662e+01 1.000000e+00
      vertex   3.100000e+01 -2.555662e+01 0.000000e+00
    endloop
  endfacet
  facet normal 1.000000e+00 0.000000e+00 0.000000e+00
    outer loop
      vertex   3.100000e+01 -2.555662e+01 1.000000e+00
      vertex   3.100000e+01 -2.844338e+01 1.000000e+00
      vertex   3.100000e+01 -2.555662e+01 0.000000e+00
    endloop
  endfacet
  facet normal 1.000000e+00 0.000000e+00 0.000000e+00
    outer loop
      vertex   3.100000e+01 -2.555662e+01 0.000000e+00
      vertex   3.100000e+01 -2.844338e+01 1.000000e+00
      vertex   3.100000e+01 -2.844338e+01 0.000000e+00
    endloop
  endfacet
  facet normal 5.000000e-01 8.660254e-01 0.000000e+00
    outer loop
      vertex   3.100000e+01 -2.844338e+01 1.000000e+00
      vertex   3.350000e+01 -2.988675e+01 1.000000e+00
      vertex   3.100000e+01 -2.844338e+01 0.000000e+00
    endloop
  endfacet
  facet normal 5.000000e-01 8.660254e-01 0.000000e+00
    outer loop
      vertex   3.100000e+01 -2.844338e+01 0.000000e+00
      vertex   3.350000e+01 -2.988675e+01 1.000000e+00
      vertex   3.350000e+01 -2.988675e+01 0.000000e+00
    endloop
  endfacet
  facet normal -5.000000e-01 8.660254e-01 0.000000e+00
    outer loop
      vertex   3.350000e+01 -2.988675e+01 1.000000e+00
      vertex   3.600000e+01 -2.844338e+01 1.000000e+00
      vertex   3.350000e+01 -2.988675e+01 0.000000e+00
    endloop
  endfacet
  facet normal -5.000000e-01 8.660254e-01 0.000000e+00
    outer loop
      vertex   3.350000e+01 -2.988675e+01 0.000000e+00
      vertex   3.600000e+01 -2.844338e+01 1.000000e+00
      vertex   3.600000e+01 -2.844338e+01 0.000000e+00
    endloop
  endfacet
  facet normal -1.000000e+00 0.000000e+00 0.000000e+00
    outer loop
      vertex   3.600000e+01 -2.844338e+01 1.000000e+00
      vertex   3.600000e+01 -2.555662e+01 1.000000e+00
      vertex   3.600000e+01 -2.844338e+01 0.000000e+00
    endloop
  endfacet
  facet normal -1.000000e+00 0.000000e+00 0.000000e+00
    outer loop
      vertex   3.600000e+01 -2.844338e+01 0.000000e+00
      vertex   3.600000e+01 -2.555662e+01 1.000000e+00
      vertex   3.600000e+01 -2.555662e+01 0.000000e+00
    endloop
  endfacet
  facet normal -1.000000e+00 1.230696e-15 0.000000e+00
    outer loop
      vertex   2.400000e+01 -1.844338e+01 1.000000e+00
      vertex   2.400000e+01 -1.555662e+01 1.000000e+00
      vertex   2.400000e+01 -1.844338e+01 0.000000e+00
    endloop
  endfacet
  facet normal -1.000000e+00 1.230696e-15 0.000000e+00
    outer loop
      vertex   2.400000e+01 -1.844338e+01 0.000000e+00
      vertex   2.400000e+01 -1.555662e+01 1.000000e+00
      vertex   2.400000e+01 -1.555662e+01 0.000000e+00
    endloop
  endfacet
  facet normal -5.000000e-01 -8.660254e-01 -0.000000e+00
    outer loop
      vertex   2.400000e+01 -1.555662e+01 1.000000e+00
      vertex   2.150000e+01 -1.411325e+01 1.000000e+00
      vertex   2.400000e+01 -1.555662e+01 0.000000e+00
    endloop
  endfacet
  facet normal -5.000000e-01 -8.660254e-01 0.000000e+00
    outer loop
      vertex   2.400000e+01 -1.555662e+01 0.000000e+00
      vertex   2.150000e+01 -1.411325e+01 1.000000e+00
      vertex   2.150000e+01 -1.411325e+01 0.000000e+00
    endloop
  endfacet
  facet normal 5.000000e-01 -8.660254e-01 0.000000e+00
    outer loop
      vertex   2.150000e+01 -1.411325e+01 1.000000e+00
      vertex   1.900000e+01 -1.555662e+01 1.000000e+00
      vertex   2.150000e+01 -1.411325e+01 0.000000e+00
    endloop
  endfacet
  facet normal 5.000000e-01 -8.660254e-01 0.000000e+00
    outer loop
      vertex   2.150000e+01 -1.411325e+01 0.000000e+00
      vertex   1.900000e+01 -1.555662e+01 1.000000e+00
      vertex   1.900000e+01 -1.555662e+01 0.000000e+00
    endloop
  endfacet
  facet normal 1.000000e+00 0.000000e+00 0.000000e+00
    outer loop
      vertex   1.900000e+01 -1.555662e+01 1.000000e+00
      vertex   1.900000e+01 -1.844338e+01 1.000000e+00
      vertex   1.900000e+01 -1.555662e+01 0.000000e+00
    endloop
  endfacet
  facet normal 1.000000e+00 0.000000e+00 0.000000e+00
    outer loop
      vertex   1.900000e+01 -1.555662e+01 0.000000e+00
      vertex   1.900000e+01 -1.844338e+01 1.000000e+00
      vertex   1.900000e+01 -1.844338e+01 0.000000e+00
    endloop
  endfacet
  facet normal 5.000000e-01 8.660254e-01 0.000000e+00
    outer loop
      vertex   1.900000e+01 -1.844338e+01 1.000000e+00
      vertex   2.150000e+01 -1.988675e+01 1.000000e+00
      vertex   1.900000e+01 -1.844338e+01 0.000000e+00
    endloop
  endfacet
  facet normal 5.000000e-01 8.660254e-01 0.000000e+00
    outer loop
      vertex   1.900000e+01 -1.844338e+01 0.000000e+00
      vertex   2.150000e+01 -1.988675e+01 1.000000e+00
      vertex   2.150000e+01 -1.988675e+01 0.000000e+00
    endloop
  endfacet
  facet normal -5.000000e-01 8.660254e-01 0.000000e+00
    outer loop
      vertex   2.150000e+01 -1.988675e+01 1.000000e+00
      vertex   2.400000e+01 -1.844338e+01 1.000000e+00
      vertex   2.150000e+01 -1.988675e+01 0.000000e+00
    endloop
  endfacet
  facet normal -5.000000e-01 8.660254e-01 0.000000e+00
    outer loop
      vertex   2.150000e+01 -1.988675e+01 0.000000e+00
      vertex   2.400000e+01 -1.844338e+01 1.000000e+00
      vertex   2.400000e+01 -1.844338e+01 0.000000e+00
    endloop
  endfacet
  facet normal -5.000000e-01 -8.660254e-01 -0.000000e+00
    outer loop
      vertex   3.000000e+01 -1.555662e+01 1.000000e+00
      vertex   2.750000e+01 -1.411325e+01 1.000000e+00
      vertex   3.000000e+01 -1.555662e+01 0.000000e+00
    endloop
  endfacet
  facet normal -5.000000e-01 -8.660254e-01 0.000000e+00
    outer loop
      vertex   3.000000e+01 -1.555662e+01 0.000000e+00
      vertex   2.750000e+01 -1.411325e+01 1.000000e+00
      vertex   2.750000e+01 -1.411325e+01 0.000000e+00
    endloop
  endfacet
  facet normal 5.000000e-01 -8.660254e-01 0.000000e+00
    outer loop
      vertex   2.750000e+01 -1.411325e+01 1.000000e+00
      vertex   2.500000e+01 -1.555662e+01 1.000000e+00
      vertex   2.750000e+01 -1.411325e+01 0.000000e+00
    endloop
  endfacet
  facet normal 5.000000e-01 -8.660254e-01 0.000000e+00
    outer loop
      vertex   2.750000e+01 -1.411325e+01 0.000000e+00
      vertex   2.500000e+01 -1.555662e+01 1.000000e+00
      vertex   2.500000e+01 -1.555662e+01 0.000000e+00
    endloop
  endfacet
  facet normal 1.000000e+00 0.000000e+00 0.000000e+00
    outer loop
      vertex   2.500000e+01 -1.555662e+01 1.000000e+00
      vertex   2.500000e+01 -1.844338e+01 1.000000e+00
      vertex   2.500000e+01 -1.555662e+01 0.000000e+00
    endloop
  endfacet
  facet normal 1.000000e+00 0.000000e+00 0.000000e+00
    outer loop
      vertex   2.500000e+01 -1.555662e+01 0.000000e+00
      vertex   2.500000e+01 -1.844338e+01 1.000000e+00
      vertex   2.500000e+01 -1.844338e+01 0.000000e+00
    endloop
  endfacet
  facet normal 5.000000e-01 8.660254e-01 0.000000e+00
    outer loop
      vertex   2.500000e+01 -1.844338e+01 1.000000e+00
      vertex   2.750000e+01 -1.988675e+01 1.000000e+00
      vertex   2.500000e+01 -1.844338e+01 0.000000e+00
    endloop
  endfacet
  facet normal 5.000000e-01 8.660254e-01 0.000000e+00
    outer loop
      vertex   2.500000e+01 -1.844338e+01 0.000000e+00
      vertex   2.750000e+01 -1.988675e+01 1.000000e+00
      vertex   2.750000e+01 -1.988675e+01 0.000000e+00
    endloop
  endfacet
  facet normal -5.000000e-01 8.660254e-01 0.000000e+00
    outer loop
      vertex   2.750000e+01 -1.988675e+01 1.000000e+00
      vertex   3.000000e+01 -1.844338e+01 1.000000e+00
      vertex   2.750000e+01 -1.988675e+01 0.000000e+00
    endloop
  endfacet
  facet normal -5.000000e-01 8.660254e-01 0.000000e+00
    outer loop
      vertex   2.750000e+01 -1.988675e+01 0.000000e+00
      vertex   3.000000e+01 -1.844338e+01 1.000000e+00
      vertex   3.000000e+01 -1.844338e+01 0.000000e+00
    endloop
  endfacet
  facet normal -1.000000e+00 0.000000e+00 0.000000e+00
    outer loop
      vertex   3.000000e+01 -1.844338e+01 1.000000e+00
      vertex   3.000000e+01 -1.555662e+01 1.000000e+00
      vertex   3.000000e+01 -1.844338e+01 0.000000e+00
    endloop
  endfacet
  facet normal -1.000000e+00 0.000000e+00 0.000000e+00
    outer loop
      vertex   3.000000e+01 -1.844338e+01 0.000000e+00
      vertex   3.000000e+01 -1.555662e+01 1.000000e+00
      vertex   3.000000e+01 -1.555662e+01 0.000000e+00
    endloop
  endfacet
  facet normal 1.000000e+00 0.000000e+00 0.000000e+00
    outer loop
      vertex   3.100000e+01 -5.556624e+00 1.000000e+00
      vertex   3.100000e+01 -8.443376e+00 1.000000e+00
      vertex   3.100000e+01 -5.556624e+00 0.000000e+00
    endloop
  endfacet
  facet normal 1.000000e+00 0.000000e+00 0.000000e+00
    outer loop
      vertex   3.100000e+01 -5.556624e+00 0.000000e+00
      vertex   3.100000e+01 -8.443376e+00 1.000000e+00
      vertex   3.100000e+01 -8.443376e+00 0.000000e+00
    endloop
  endfacet
  facet normal 5.000000e-01 8.660254e-01 0.000000e+00
    outer loop
      vertex   3.100000e+01 -8.443376e+00 1.000000e+00
      vertex   3.350000e+01 -9.886751e+00 1.000000e+00
      vertex   3.100000e+01 -8.443376e+00 0.000000e+00
    endloop
  endfacet
  facet normal 5.000000e-01 8.660254e-01 0.000000e+00
    outer loop
      vertex   3.100000e+01 -8.443376e+00 0.000000e+00
      vertex   3.350000e+01 -9.886751e+00 1.000000e+00
      vertex   3.350000e+01 -9.886751e+00 0.000000e+00
    endloop
  endfacet
  facet normal -5.000000e-01 8.660254e-01 0.000000e+00
    outer loop
      vertex   3.350000e+01 -9.886751e+00 1.000000e+00
      vertex   3.600000e+01 -8.443376e+00 1.000000e+00
      vertex   3.350000e+01 -9.886751e+00 0.000000e+00
    endloop
  endfacet
  facet normal -5.000000e-01 8.660254e-01 0.000000e+00
    outer loop
      vertex   3.350000e+01 -9.886751e+00 0.000000e+00
      vertex   3.600000e+01 -8.443376e+00 1.000000e+00
      vertex   3.600000e+01 -8.443376e+00 0.000000e+00
    endloop
  endfacet
  facet normal -1.000000e+00 0.000000e+00 0.000000e+00
    outer loop
      vertex   3.600000e+01 -8.443376e+00 1.000000e+00
      vertex   3.600000e+01 -5.556624e+00 1.000000e+00
      vertex   3.600000e+01 -8.443376e+00 0.000000e+00
    endloop
  endfacet
  facet normal -1.000000e+00 0.000000e+00 0.000000e+00
    outer loop
      vertex   3.600000e+01 -8.443376e+00 0.000000e+00
      vertex   3.600000e+01 -5.556624e+00 1.000000e+00
      vertex   3.600000e+01 -5.556624e+00 0.000000e+00
    endloop
  endfacet
  facet normal -5.000000e-01 -8.660254e-01 -0.000000e+00
    outer loop
      vertex   3.600000e+01 -5.556624e+00 1.000000e+00
      vertex   3.350000e+01 -4.113249e+00 1.000000e+00
      vertex   3.600000e+01 -5.556624e+00 0.000000e+00
    endloop
  endfacet
  facet normal -5.000000e-01 -8.660254e-01 0.000000e+00
    outer loop
      vertex   3.600000e+01 -5.556624e+00 0.000000e+00
      vertex   3.350000e+01 -4.113249e+00 1.000000e+00
      vertex   3.350000e+01 -4.113249e+00 0.000000e+00
    endloop
  endfacet
  facet normal 5.000000e-01 -8.660254e-01 0.000000e+00
    outer loop
      vertex   3.350000e+01 -4.113249e+00 1.000000e+00
      vertex   3.100000e+01 -5.556624e+00 1.000000e+00
      vertex   3.350000e+01 -4.113249e+00 0.000000e+00
    endloop
  endfacet
  facet normal 5.000000e-01 -8.660254e-01 0.000000e+00
    outer loop
      vertex   3.350000e+01 -4.113249e+00 0.000000e+00
      vertex   3.100000e+01 -5.556624e+00 1.000000e+00
      vertex   3.100000e+01 -5.556624e+00 0.000000e+00
    endloop
  endfacet
  facet normal -5.000000e-01 -8.660254e-01 -0.000000e+00
    outer loop
      vertex   1.200000e+01 -5.556624e+00 1.000000e+00
      vertex   9.500000e+00 -4.113249e+00 1.000000e+00
      vertex   1.200000e+01 -5.556624e+00 0.000000e+00
    endloop
  endfacet
  facet normal -5.000000e-01 -8.660254e-01 0.000000e+00
    outer loop
      vertex   1.200000e+01 -5.556624e+00 0.000000e+00
      vertex   9.500000e+00 -4.113249e+00 1.000000e+00
      vertex   9.500000e+00 -4.113249e+00 0.000000e+00
    endloop
  endfacet
  facet normal 5.000000e-01 -8.660254e-01 0.000000e+00
    outer loop
      vertex   9.500000e+00 -4.113249e+00 1.000000e+00
      vertex   7.000000e+00 -5.556624e+00 1.000000e+00
      vertex   9.500000e+00 -4.113249e+00 0.000000e+00
    endloop
  endfacet
  facet normal 5.000000e-01 -8.660254e-01 0.000000e+00
    outer loop
      vertex   9.500000e+00 -4.113249e+00 0.000000e+00
      vertex   7.000000e+00 -5.556624e+00 1.000000e+00
      vertex   7.000000e+00 -5.556624e+00 0.000000e+00
    endloop
  endfacet
  facet normal 1.000000e+00 -3.076740e-16 0.000000e+00
    outer loop
      vertex   7.000000e+00 -5.556624e+00 1.000000e+00
      vertex   7.000000e+00 -8.443376e+00 1.000000e+00
      vertex   7.000000e+00 -5.556624e+00 0.000000e+00
    endloop
  endfacet
  facet normal 1.000000e+00 -3.076740e-16 0.000000e+00
    outer loop
      vertex   7.000000e+00 -5.556624e+00 0.000000e+00
      vertex   7.000000e+00 -8.443376e+00 1.000000e+00
      vertex   7.000000e+00 -8.443376e+00 0.000000e+00
    endloop
  endfacet
  facet normal 5.000000e-01 8.660254e-01 0.000000e+00
    outer loop
      vertex   7.000000e+00 -8.443376e+00 1.000000e+00
      vertex   9.500000e+00 -9.886751e+00 1.000000e+00
      vertex   7.000000e+00 -8.443376e+00 0.000000e+00
    endloop
  endfacet
  facet normal 5.000000e-01 8.660254e-01 0.000000e+00
    outer loop
      vertex   7.000000e+00 -8.443376e+00 0.000000e+00
      vertex   9.500000e+00 -9.886751e+00 1.000000e+00
      vertex   9.500000e+00 -9.886751e+00 0.000000e+00
    endloop
  endfacet
  facet normal -5.000000e-01 8.660254e-01 0.000000e+00
    outer loop
      vertex   9.500000e+00 -9.886751e+00 1.000000e+00
      vertex   1.200000e+01 -8.443376e+00 1.000000e+00
      vertex   9.500000e+00 -9.886751e+00 0.000000e+00
    endloop
  endfacet
  facet normal -5.000000e-01 8.660254e-01 0.000000e+00
    outer loop
      vertex   9.500000e+00 -9.886751e+00 0.000000e+00
      vertex   1.200000e+01 -8.443376e+00 1.000000e+00
      vertex   1.200000e+01 -8.443376e+00 0.000000e+00
    endloop
  endfacet
  facet normal -1.000000e+00 6.153481e-16 0.000000e+00
    outer loop
      vertex   1.200000e+01 -8.443376e+00 1.000000e+00
      vertex   1.200000e+01 -5.556624e+00 1.000000e+00
      vertex   1.200000e+01 -8.443376e+00 0.000000e+00
    endloop
  endfacet
  facet normal -1.000000e+00 6.153481e-16 0.000000e+00
    outer loop
      vertex   1.200000e+01 -8.443376e+00 0.000000e+00
      vertex   1.200000e+01 -5.556624e+00 1.000000e+00
      vertex   1.200000e+01 -5.556624e+00 0.000000e+00
    endloop
  endfacet
  facet normal -5.000000e-01 -8.660254e-01 -0.000000e+00
    outer loop
      vertex   1.500000e+01 -1.055662e+01 1.000000e+00
      vertex   1.250000e+01 -9.113249e+00 1.000000e+00
      vertex   1.500000e+01 -1.055662e+01 0.000000e+00
    endloop
  endfacet
  facet normal -5.000000e-01 -8.660254e-01 0.000000e+00
    outer loop
      vertex   1.500000e+01 -1.055662e+01 0.000000e+00
      vertex   1.250000e+01 -9.113249e+00 1.000000e+00
      vertex   1.250000e+01 -9.113249e+00 0.000000e+00
    endloop
  endfacet
  facet normal 5.000000e-01 -8.660254e-01 0.000000e+00
    outer loop
      vertex   1.250000e+01 -9.113249e+00 1.000000e+00
      vertex   1.000000e+01 -1.055662e+01 1.000000e+00
      vertex   1.250000e+01 -9.113249e+00 0.000000e+00
    endloop
  endfacet
  facet normal 5.000000e-01 -8.660254e-01 0.000000e+00
    outer loop
      vertex   1.250000e+01 -9.113249e+00 0.000000e+00
      vertex   1.000000e+01 -1.055662e+01 1.000000e+00
      vertex   1.000000e+01 -1.055662e+01 0.000000e+00
    endloop
  endfacet
  facet normal 1.000000e+00 0.000000e+00 0.000000e+00
    outer loop
      vertex   1.000000e+01 -1.055662e+01 1.000000e+00
      vertex   1.000000e+01 -1.344338e+01 1.000000e+00
      vertex   1.000000e+01 -1.055662e+01 0.000000e+00
    endloop
  endfacet
  facet normal 1.000000e+00 0.000000e+00 0.000000e+00
    outer loop
      vertex   1.000000e+01 -1.055662e+01 0.000000e+00
      vertex   1.000000e+01 -1.344338e+01 1.000000e+00
      vertex   1.000000e+01 -1.344338e+01 0.000000e+00
    endloop
  endfacet
  facet normal 5.000000e-01 8.660254e-01 0.000000e+00
    outer loop
      vertex   1.000000e+01 -1.344338e+01 1.000000e+00
      vertex   1.250000e+01 -1.488675e+01 1.000000e+00
      vertex   1.000000e+01 -1.344338e+01 0.000000e+00
    endloop
  endfacet
  facet normal 5.000000e-01 8.660254e-01 0.000000e+00
    outer loop
      vertex   1.000000e+01 -1.344338e+01 0.000000e+00
      vertex   1.250000e+01 -1.488675e+01 1.000000e+00
      vertex   1.250000e+01 -1.488675e+01 0.000000e+00
    endloop
  endfacet
  facet normal -5.000000e-01 8.660254e-01 0.000000e+00
    outer loop
      vertex   1.250000e+01 -1.488675e+01 1.000000e+00
      vertex   1.500000e+01 -1.344338e+01 1.000000e+00
      vertex   1.250000e+01 -1.488675e+01 0.000000e+00
    endloop
  endfacet
  facet normal -5.000000e-01 8.660254e-01 0.000000e+00
    outer loop
      vertex   1.250000e+01 -1.488675e+01 0.000000e+00
      vertex   1.500000e+01 -1.344338e+01 1.000000e+00
      vertex   1.500000e+01 -1.344338e+01 0.000000e+00
    endloop
  endfacet
  facet normal -1.000000e+00 1.846044e-15 0.000000e+00
    outer loop
      vertex   1.500000e+01 -1.344338e+01 1.000000e+00
      vertex   1.500000e+01 -1.055662e+01 1.000000e+00
      vertex   1.500000e+01 -1.344338e+01 0.000000e+00
    endloop
  endfacet
  facet normal -1.000000e+00 1.846044e-15 0.000000e+00
    outer loop
      vertex   1.500000e+01 -1.344338e+01 0.000000e+00
      vertex   1.500000e+01 -1.055662e+01 1.000000e+00
      vertex   1.500000e+01 -1.055662e+01 0.000000e+00
    endloop
  endfacet
  facet normal 5.000000e-01 8.660254e-01 0.000000e+00
    outer loop
      vertex   2.200000e+01 -2.344338e+01 1.000000e+00
      vertex   2.450000e+01 -2.488675e+01 1.000000e+00
      vertex   2.200000e+01 -2.344338e+01 0.000000e+00
    endloop
  endfacet
  facet normal 5.000000e-01 8.660254e-01 0.000000e+00
    outer loop
      vertex   2.200000e+01 -2.344338e+01 0.000000e+00
      vertex   2.450000e+01 -2.488675e+01 1.000000e+00
      vertex   2.450000e+01 -2.488675e+01 0.000000e+00
    endloop
  endfacet
  facet normal -5.000000e-01 8.660254e-01 0.000000e+00
    outer loop
      vertex   2.450000e+01 -2.488675e+01 1.000000e+00
      vertex   2.700000e+01 -2.344338e+01 1.000000e+00
      vertex   2.450000e+01 -2.488675e+01 0.000000e+00
    endloop
  endfacet
  facet normal -5.000000e-01 8.660254e-01 0.000000e+00
    outer loop
      vertex   2.450000e+01 -2.488675e+01 0.000000e+00
      vertex   2.700000e+01 -2.344338e+01 1.000000e+00
      vertex   2.700000e+01 -2.344338e+01 0.000000e+00
    endloop
  endfacet
  facet normal -1.000000e+00 0.000000e+00 0.000000e+00
    outer loop
      vertex   2.700000e+01 -2.344338e+01 1.000000e+00
      vertex   2.700000e+01 -2.055662e+01 1.000000e+00
      vertex   2.700000e+01 -2.344338e+01 0.000000e+00
    endloop
  endfacet
  facet normal -1.000000e+00 0.000000e+00 0.000000e+00
    outer loop
      vertex   2.700000e+01 -2.344338e+01 0.000000e+00
      vertex   2.700000e+01 -2.055662e+01 1.000000e+00
      vertex   2.700000e+01 -2.055662e+01 0.000000e+00
    endloop
  endfacet
  facet normal -5.000000e-01 -8.660254e-01 -0.000000e+00
    outer loop
      vertex   2.700000e+01 -2.055662e+01 1.000000e+00
      vertex   2.450000e+01 -1.911325e+01 1.000000e+00
      vertex   2.700000e+01 -2.055662e+01 0.000000e+00
    endloop
  endfacet
  facet normal -5.000000e-01 -8.660254e-01 0.000000e+00
    outer loop
      vertex   2.700000e+01 -2.055662e+01 0.000000e+00
      vertex   2.450000e+01 -1.911325e+01 1.000000e+00
      vertex   2.450000e+01 -1.911325e+01 0.000000e+00
    endloop
  endfacet
  facet normal 5.000000e-01 -8.660254e-01 0.000000e+00
    outer loop
      vertex   2.450000e+01 -1.911325e+01 1.000000e+00
      vertex   2.200000e+01 -2.055662e+01 1.000000e+00
      vertex   2.450000e+01 -1.911325e+01 0.000000e+00
    endloop
  endfacet
  facet normal 5.000000e-01 -8.660254e-01 0.000000e+00
    outer loop
      vertex   2.450000e+01 -1.911325e+01 0.000000e+00
      vertex   2.200000e+01 -2.055662e+01 1.000000e+00
      vertex   2.200000e+01 -2.055662e+01 0.000000e+00
    endloop
  endfacet
  facet normal 1.000000e+00 0.000000e+00 0.000000e+00
    outer loop
      vertex   2.200000e+01 -2.055662e+01 1.000000e+00
      vertex   2.200000e+01 -2.344338e+01 1.000000e+00
      vertex   2.200000e+01 -2.055662e+01 0.000000e+00
    endloop
  endfacet
  facet normal 1.000000e+00 0.000000e+00 0.000000e+00
    outer loop
      vertex   2.200000e+01 -2.055662e+01 0.000000e+00
      vertex   2.200000e+01 -2.344338e+01 1.000000e+00
      vertex   2.200000e+01 -2.344338e+01 0.000000e+00
    endloop
  endfacet
  facet normal -5.000000e-01 -8.660254e-01 -0.000000e+00
    outer loop
      vertex   2.400000e+01 -2.555662e+01 1.000000e+00
      vertex   2.150000e+01 -2.411325e+01 1.000000e+00
      vertex   2.400000e+01 -2.555662e+01 0.000000e+00
    endloop
  endfacet
  facet normal -5.000000e-01 -8.660254e-01 0.000000e+00
    outer loop
      vertex   2.400000e+01 -2.555662e+01 0.000000e+00
      vertex   2.150000e+01 -2.411325e+01 1.000000e+00
      vertex   2.150000e+01 -2.411325e+01 0.000000e+00
    endloop
  endfacet
  facet normal 5.000000e-01 -8.660254e-01 0.000000e+00
    outer loop
      vertex   2.150000e+01 -2.411325e+01 1.000000e+00
      vertex   1.900000e+01 -2.555662e+01 1.000000e+00
      vertex   2.150000e+01 -2.411325e+01 0.000000e+00
    endloop
  endfacet
  facet normal 5.000000e-01 -8.660254e-01 0.000000e+00
    outer loop
      vertex   2.150000e+01 -2.411325e+01 0.000000e+00
      vertex   1.900000e+01 -2.555662e+01 1.000000e+00
      vertex   1.900000e+01 -2.555662e+01 0.000000e+00
    endloop
  endfacet
  facet normal 1.000000e+00 0.000000e+00 0.000000e+00
    outer loop
      vertex   1.900000e+01 -2.555662e+01 1.000000e+00
      vertex   1.900000e+01 -2.844338e+01 1.000000e+00
      vertex   1.900000e+01 -2.555662e+01 0.000000e+00
    endloop
  endfacet
  facet normal 1.000000e+00 0.000000e+00 0.000000e+00
    outer loop
      vertex   1.900000e+01 -2.555662e+01 0.000000e+00
      vertex   1.900000e+01 -2.844338e+01 1.000000e+00
      vertex   1.900000e+01 -2.844338e+01 0.000000e+00
    endloop
  endfacet
  facet normal 5.000000e-01 8.660254e-01 0.000000e+00
    outer loop
      vertex   1.900000e+01 -2.844338e+01 1.000000e+00
      vertex   2.150000e+01 -2.988675e+01 1.000000e+00
      vertex   1.900000e+01 -2.844338e+01 0.000000e+00
    endloop
  endfacet
  facet normal 5.000000e-01 8.660254e-01 0.000000e+00
    outer loop
      vertex   1.900000e+01 -2.844338e+01 0.000000e+00
      vertex   2.150000e+01 -2.988675e+01 1.000000e+00
      vertex   2.150000e+01 -2.988675e+01 0.000000e+00
    endloop
  endfacet
  facet normal -5.000000e-01 8.660254e-01 0.000000e+00
    outer loop
      vertex   2.150000e+01 -2.988675e+01 1.000000e+00
      vertex   2.400000e+01 -2.844338e+01 1.000000e+00
      vertex   2.150000e+01 -2.988675e+01 0.000000e+00
    endloop
  endfacet
  facet normal -5.000000e-01 8.660254e-01 0.000000e+00
    outer loop
      vertex   2.150000e+01 -2.988675e+01 0.000000e+00
      vertex   2.400000e+01 -2.844338e+01 1.000000e+00
      vertex   2.400000e+01 -2.844338e+01 0.000000e+00
    endloop
  endfacet
  facet normal -1.000000e+00 0.000000e+00 0.000000e+00
    outer loop
      vertex   2.400000e+01 -2.844338e+01 1.000000e+00
      vertex   2.400000e+01 -2.555662e+01 1.000000e+00
      vertex   2.400000e+01 -2.844338e+01 0.000000e+00
    endloop
  endfacet
  facet normal -1.000000e+00 0.000000e+00 0.000000e+00
    outer loop
      vertex   2.400000e+01 -2.844338e+01 0.000000e+00
      vertex   2.400000e+01 -2.555662e+01 1.000000e+00
      vertex   2.400000e+01 -2.555662e+01 0.000000e+00
    endloop
  endfacet
  facet normal 5.000000e-01 -8.660254e-01 0.000000e+00
    outer loop
      vertex   1.850000e+01 -9.113249e+00 1.000000e+00
      vertex   1.600000e+01 -1.055662e+01 1.000000e+00
      vertex   1.850000e+01 -9.113249e+00 0.000000e+00
    endloop
  endfacet
  facet normal 5.000000e-01 -8.660254e-01 0.000000e+00
    outer loop
      vertex   1.850000e+01 -9.113249e+00 0.000000e+00
      vertex   1.600000e+01 -1.055662e+01 1.000000e+00
      vertex   1.600000e+01 -1.055662e+01 0.000000e+00
    endloop
  endfacet
  facet normal 1.000000e+00 0.000000e+00 0.000000e+00
    outer loop
      vertex   1.600000e+01 -1.055662e+01 1.000000e+00
      vertex   1.600000e+01 -1.344338e+01 1.000000e+00
      vertex   1.600000e+01 -1.055662e+01 0.000000e+00
    endloop
  endfacet
  facet normal 1.000000e+00 0.000000e+00 0.000000e+00
    outer loop
      vertex   1.600000e+01 -1.055662e+01 0.000000e+00
      vertex   1.600000e+01 -1.344338e+01 1.000000e+00
      vertex   1.600000e+01 -1.344338e+01 0.000000e+00
    endloop
  endfacet
  facet normal 5.000000e-01 8.660254e-01 0.000000e+00
    outer loop
      vertex   1.600000e+01 -1.344338e+01 1.000000e+00
      vertex   1.850000e+01 -1.488675e+01 1.000000e+00
      vertex   1.600000e+01 -1.344338e+01 0.000000e+00
    endloop
  endfacet
  facet normal 5.000000e-01 8.660254e-01 0.000000e+00
    outer loop
      vertex   1.600000e+01 -1.344338e+01 0.000000e+00
      vertex   1.850000e+01 -1.488675e+01 1.000000e+00
      vertex   1.850000e+01 -1.488675e+01 0.000000e+00
    endloop
  endfacet
  facet normal -5.000000e-01 8.660254e-01 0.000000e+00
    outer loop
      vertex   1.850000e+01 -1.488675e+01 1.000000e+00
      vertex   2.100000e+01 -1.344338e+01 1.000000e+00
      vertex   1.850000e+01 -1.488675e+01 0.000000e+00
    endloop
  endfacet
  facet normal -5.000000e-01 8.660254e-01 0.000000e+00
    outer loop
      vertex   1.850000e+01 -1.488675e+01 0.000000e+00
      vertex   2.100000e+01 -1.344338e+01 1.000000e+00
      vertex   2.100000e+01 -1.344338e+01 0.000000e+00
    endloop
  endfacet
  facet normal -1.000000e+00 2.461392e-15 0.000000e+00
    outer loop
      vertex   2.100000e+01 -1.344338e+01 1.000000e+00
      vertex   2.100000e+01 -1.055662e+01 1.000000e+00
      vertex   2.100000e+01 -1.344338e+01 0.000000e+00
    endloop
  endfacet
  facet normal -1.000000e+00 2.461392e-15 0.000000e+00
    outer loop
      vertex   2.100000e+01 -1.344338e+01 0.000000e+00
      vertex   2.100000e+01 -1.055662e+01 1.000000e+00
      vertex   2.100000e+01 -1.055662e+01 0.000000e+00
    endloop
  endfacet
  facet normal -5.000000e-01 -8.660254e-01 -0.000000e+00
    outer loop
      vertex   2.100000e+01 -1.055662e+01 1.000000e+00
      vertex   1.850000e+01 -9.113249e+00 1.000000e+00
      vertex   2.100000e+01 -1.055662e+01 0.000000e+00
    endloop
  endfacet
  facet normal -5.000000e-01 -8.660254e-01 0.000000e+00
    outer loop
      vertex   2.100000e+01 -1.055662e+01 0.000000e+00
      vertex   1.850000e+01 -9.113249e+00 1.000000e+00
      vertex   1.850000e+01 -9.113249e+00 0.000000e+00
    endloop
  endfacet
  facet normal -5.000000e-01 -8.660254e-01 -0.000000e+00
    outer loop
      vertex   1.800000e+01 -2.555662e+01 1.000000e+00
      vertex   1.550000e+01 -2.411325e+01 1.000000e+00
      vertex   1.800000e+01 -2.555662e+01 0.000000e+00
    endloop
  endfacet
  facet normal -5.000000e-01 -8.660254e-01 0.000000e+00
    outer loop
      vertex   1.800000e+01 -2.555662e+01 0.000000e+00
      vertex   1.550000e+01 -2.411325e+01 1.000000e+00
      vertex   1.550000e+01 -2.411325e+01 0.000000e+00
    endloop
  endfacet
  facet normal 5.000000e-01 -8.660254e-01 0.000000e+00
    outer loop
      vertex   1.550000e+01 -2.411325e+01 1.000000e+00
      vertex   1.300000e+01 -2.555662e+01 1.000000e+00
      vertex   1.550000e+01 -2.411325e+01 0.000000e+00
    endloop
  endfacet
  facet normal 5.000000e-01 -8.660254e-01 0.000000e+00
    outer loop
      vertex   1.550000e+01 -2.411325e+01 0.000000e+00
      vertex   1.300000e+01 -2.555662e+01 1.000000e+00
      vertex   1.300000e+01 -2.555662e+01 0.000000e+00
    endloop
  endfacet
  facet normal 1.000000e+00 0.000000e+00 0.000000e+00
    outer loop
      vertex   1.300000e+01 -2.555662e+01 1.000000e+00
      vertex   1.300000e+01 -2.844338e+01 1.000000e+00
      vertex   1.300000e+01 -2.555662e+01 0.000000e+00
    endloop
  endfacet
  facet normal 1.000000e+00 0.000000e+00 0.000000e+00
    outer loop
      vertex   1.300000e+01 -2.555662e+01 0.000000e+00
      vertex   1.300000e+01 -2.844338e+01 1.000000e+00
      vertex   1.300000e+01 -2.844338e+01 0.000000e+00
    endloop
  endfacet
  facet normal 5.000000e-01 8.660254e-01 0.000000e+00
    outer loop
      vertex   1.300000e+01 -2.844338e+01 1.000000e+00
      vertex   1.550000e+01 -2.988675e+01 1.000000e+00
      vertex   1.300000e+01 -2.844338e+01 0.000000e+00
    endloop
  endfacet
  facet normal 5.000000e-01 8.660254e-01 0.000000e+00
    outer loop
      vertex   1.300000e+01 -2.844338e+01 0.000000e+00
      vertex   1.550000e+01 -2.988675e+01 1.000000e+00
      vertex   1.550000e+01 -2.988675e+01 0.000000e+00
    endloop
  endfacet
  facet normal -5.000000e-01 8.660254e-01 0.000000e+00
    outer loop
      vertex   1.550000e+01 -2.988675e+01 1.000000e+00
      vertex   1.800000e+01 -2.844338e+01 1.000000e+00
      vertex   1.550000e+01 -2.988675e+01 0.000000e+00
    endloop
  endfacet
  facet normal -5.000000e-01 8.660254e-01 0.000000e+00
    outer loop
      vertex   1.550000e+01 -2.988675e+01 0.000000e+00
      vertex   1.800000e+01 -2.844338e+01 1.000000e+00
      vertex   1.800000e+01 -2.844338e+01 0.000000e+00
    endloop
  endfacet
  facet normal -1.000000e+00 0.000000e+00 0.000000e+00
    outer loop
      vertex   1.800000e+01 -2.844338e+01 1.000000e+00
      vertex   1.800000e+01 -2.555662e+01 1.000000e+00
      vertex   1.800000e+01 -2.844338e+01 0.000000e+00
    endloop
  endfacet
  facet normal -1.000000e+00 0.000000e+00 0.000000e+00
    outer loop
      vertex   1.800000e+01 -2.844338e+01 0.000000e+00
      vertex   1.800000e+01 -2.555662e+01 1.000000e+00
      vertex   1.800000e+01 -2.555662e+01 0.000000e+00
    endloop
  endfacet
  facet normal 1.000000e+00 0.000000e+00 0.000000e+00
    outer loop
      vertex   1.000000e+01 -2.055662e+01 1.000000e+00
      vertex   1.000000e+01 -2.344338e+01 1.000000e+00
      vertex   1.000000e+01 -2.055662e+01 0.000000e+00
    endloop
  endfacet
  facet normal 1.000000e+00 0.000000e+00 0.000000e+00
    outer loop
      vertex   1.000000e+01 -2.055662e+01 0.000000e+00
      vertex   1.000000e+01 -2.344338e+01 1.000000e+00
      vertex   1.000000e+01 -2.344338e+01 0.000000e+00
    endloop
  endfacet
  facet normal 5.000000e-01 8.660254e-01 0.000000e+00
    outer loop
      vertex   1.000000e+01 -2.344338e+01 1.000000e+00
      vertex   1.250000e+01 -2.488675e+01 1.000000e+00
      vertex   1.000000e+01 -2.344338e+01 0.000000e+00
    endloop
  endfacet
  facet normal 5.000000e-01 8.660254e-01 0.000000e+00
    outer loop
      vertex   1.000000e+01 -2.344338e+01 0.000000e+00
      vertex   1.250000e+01 -2.488675e+01 1.000000e+00
      vertex   1.250000e+01 -2.488675e+01 0.000000e+00
    endloop
  endfacet
  facet normal -5.000000e-01 8.660254e-01 0.000000e+00
    outer loop
      vertex   1.250000e+01 -2.488675e+01 1.000000e+00
      vertex   1.500000e+01 -2.344338e+01 1.000000e+00
      vertex   1.250000e+01 -2.488675e+01 0.000000e+00
    endloop
  endfacet
  facet normal -5.000000e-01 8.660254e-01 0.000000e+00
    outer loop
      vertex   1.250000e+01 -2.488675e+01 0.000000e+00
      vertex   1.500000e+01 -2.344338e+01 1.000000e+00
      vertex   1.500000e+01 -2.344338e+01 0.000000e+00
    endloop
  endfacet
  facet normal -1.000000e+00 1.846044e-15 0.000000e+00
    outer loop
      vertex   1.500000e+01 -2.344338e+01 1.000000e+00
      vertex   1.500000e+01 -2.055662e+01 1.000000e+00
      vertex   1.500000e+01 -2.344338e+01 0.000000e+00
    endloop
  endfacet
  facet normal -1.000000e+00 1.846044e-15 0.000000e+00
    outer loop
      vertex   1.500000e+01 -2.344338e+01 0.000000e+00
      vertex   1.500000e+01 -2.055662e+01 1.000000e+00
      vertex   1.500000e+01 -2.055662e+01 0.000000e+00
    endloop
  endfacet
  facet normal -5.000000e-01 -8.660254e-01 -0.000000e+00
    outer loop
      vertex   1.500000e+01 -2.055662e+01 1.000000e+00
      vertex   1.250000e+01 -1.911325e+01 1.000000e+00
      vertex   1.500000e+01 -2.055662e+01 0.000000e+00
    endloop
  endfacet
  facet normal -5.000000e-01 -8.660254e-01 0.000000e+00
    outer loop
      vertex   1.500000e+01 -2.055662e+01 0.000000e+00
      vertex   1.250000e+01 -1.911325e+01 1.000000e+00
      vertex   1.250000e+01 -1.911325e+01 0.000000e+00
    endloop
  endfacet
  facet normal 5.000000e-01 -8.660254e-01 0.000000e+00
    outer loop
      vertex   1.250000e+01 -1.911325e+01 1.000000e+00
      vertex   1.000000e+01 -2.055662e+01 1.000000e+00
      vertex   1.250000e+01 -1.911325e+01 0.000000e+00
    endloop
  endfacet
  facet normal 5.000000e-01 -8.660254e-01 0.000000e+00
    outer loop
      vertex   1.250000e+01 -1.911325e+01 0.000000e+00
      vertex   1.000000e+01 -2.055662e+01 1.000000e+00
      vertex   1.000000e+01 -2.055662e+01 0.000000e+00
    endloop
  endfacet
  facet normal 1.000000e+00 0.000000e+00 0.000000e+00
    outer loop
      vertex   3.100000e+01 -1.555662e+01 1.000000e+00
      vertex   3.100000e+01 -1.844338e+01 1.000000e+00
      vertex   3.100000e+01 -1.555662e+01 0.000000e+00
    endloop
  endfacet
  facet normal 1.000000e+00 0.000000e+00 0.000000e+00
    outer loop
      vertex   3.100000e+01 -1.555662e+01 0.000000e+00
      vertex   3.100000e+01 -1.844338e+01 1.000000e+00
      vertex   3.100000e+01 -1.844338e+01 0.000000e+00
    endloop
  endfacet
  facet normal 5.000000e-01 8.660254e-01 0.000000e+00
    outer loop
      vertex   3.100000e+01 -1.844338e+01 1.000000e+00
      vertex   3.350000e+01 -1.988675e+01 1.000000e+00
      vertex   3.100000e+01 -1.844338e+01 0.000000e+00
    endloop
  endfacet
  facet normal 5.000000e-01 8.660254e-01 0.000000e+00
    outer loop
      vertex   3.100000e+01 -1.844338e+01 0.000000e+00
      vertex   3.350000e+01 -1.988675e+01 1.000000e+00
      vertex   3.350000e+01 -1.988675e+01 0.000000e+00
    endloop
  endfacet
  facet normal -5.000000e-01 8.660254e-01 0.000000e+00
    outer loop
      vertex   3.350000e+01 -1.988675e+01 1.000000e+00
      vertex   3.600000e+01 -1.844338e+01 1.000000e+00
      vertex   3.350000e+01 -1.988675e+01 0.000000e+00
    endloop
  endfacet
  facet normal -5.000000e-01 8.660254e-01 0.000000e+00
    outer loop
      vertex   3.350000e+01 -1.988675e+01 0.000000e+00
      vertex   3.600000e+01 -1.844338e+01 1.000000e+00
      vertex   3.600000e+01 -1.844338e+01 0.000000e+00
    endloop
  endfacet
  facet normal -1.000000e+00 0.000000e+00 0.000000e+00
    outer loop
      vertex   3.600000e+01 -1.844338e+01 1.000000e+00
      vertex   3.600000e+01 -1.555662e+01 1.000000e+00
      vertex   3.600000e+01 -1.844338e+01 0.000000e+00
    endloop
  endfacet
  facet normal -1.000000e+00 0.000000e+00 0.000000e+00
    outer loop
      vertex   3.600000e+01 -1.844338e+01 0.000000e+00
      vertex   3.600000e+01 -1.555662e+01 1.000000e+00
      vertex   3.600000e+01 -1.555662e+01 0.000000e+00
    endloop
  endfacet
  facet normal -5.000000e-01 -8.660254e-01 -0.000000e+00
    outer loop
      vertex   3.600000e+01 -1.555662e+01 1.000000e+00
      vertex   3.350000e+01 -1.411325e+01 1.000000e+00
      vertex   3.600000e+01 -1.555662e+01 0.000000e+00
    endloop
  endfacet
  facet normal -5.000000e-01 -8.660254e-01 0.000000e+00
    outer loop
      vertex   3.600000e+01 -1.555662e+01 0.000000e+00
      vertex   3.350000e+01 -1.411325e+01 1.000000e+00
      vertex   3.350000e+01 -1.411325e+01 0.000000e+00
    endloop
  endfacet
  facet normal 5.000000e-01 -8.660254e-01 0.000000e+00
    outer loop
      vertex   3.350000e+01 -1.411325e+01 1.000000e+00
      vertex   3.100000e+01 -1.555662e+01 1.000000e+00
      vertex   3.350000e+01 -1.411325e+01 0.000000e+00
    endloop
  endfacet
  facet normal 5.000000e-01 -8.660254e-01 0.000000e+00
    outer loop
      vertex   3.350000e+01 -1.411325e+01 0.000000e+00
      vertex   3.100000e+01 -1.555662e+01 1.000000e+00
      vertex   3.100000e+01 -1.555662e+01 0.000000e+00
    endloop
  endfacet
  facet normal -5.000000e-01 -8.660254e-01 -0.000000e+00
    outer loop
      vertex   3.900000e+01 -2.055662e+01 1.000000e+00
      vertex   3.650000e+01 -1.911325e+01 1.000000e+00
      vertex   3.900000e+01 -2.055662e+01 0.000000e+00
    endloop
  endfacet
  facet normal -5.000000e-01 -8.660254e-01 0.000000e+00
    outer loop
      vertex   3.900000e+01 -2.055662e+01 0.000000e+00
      vertex   3.650000e+01 -1.911325e+01 1.000000e+00
      vertex   3.650000e+01 -1.911325e+01 0.000000e+00
    endloop
  endfacet
  facet normal 5.000000e-01 -8.660254e-01 0.000000e+00
    outer loop
      vertex   3.650000e+01 -1.911325e+01 1.000000e+00
      vertex   3.400000e+01 -2.055662e+01 1.000000e+00
      vertex   3.650000e+01 -1.911325e+01 0.000000e+00
    endloop
  endfacet
  facet normal 5.000000e-01 -8.660254e-01 0.000000e+00
    outer loop
      vertex   3.650000e+01 -1.911325e+01 0.000000e+00
      vertex   3.400000e+01 -2.055662e+01 1.000000e+00
      vertex   3.400000e+01 -2.055662e+01 0.000000e+00
    endloop
  endfacet
  facet normal 1.000000e+00 0.000000e+00 0.000000e+00
    outer loop
      vertex   3.400000e+01 -2.055662e+01 1.000000e+00
      vertex   3.400000e+01 -2.344338e+01 1.000000e+00
      vertex   3.400000e+01 -2.055662e+01 0.000000e+00
    endloop
  endfacet
  facet normal 1.000000e+00 0.000000e+00 0.000000e+00
    outer loop
      vertex   3.400000e+01 -2.055662e+01 0.000000e+00
      vertex   3.400000e+01 -2.344338e+01 1.000000e+00
      vertex   3.400000e+01 -2.344338e+01 0.000000e+00
    endloop
  endfacet
  facet normal 5.000000e-01 8.660254e-01 0.000000e+00
    outer loop
      vertex   3.400000e+01 -2.344338e+01 1.000000e+00
      vertex   3.650000e+01 -2.488675e+01 1.000000e+00
      vertex   3.400000e+01 -2.344338e+01 0.000000e+00
    endloop
  endfacet
  facet normal 5.000000e-01 8.660254e-01 0.000000e+00
    outer loop
      vertex   3.400000e+01 -2.344338e+01 0.000000e+00
      vertex   3.650000e+01 -2.488675e+01 1.000000e+00
      vertex   3.650000e+01 -2.488675e+01 0.000000e+00
    endloop
  endfacet
  facet normal -5.000000e-01 8.660254e-01 0.000000e+00
    outer loop
      vertex   3.650000e+01 -2.488675e+01 1.000000e+00
      vertex   3.900000e+01 -2.344338e+01 1.000000e+00
      vertex   3.650000e+01 -2.488675e+01 0.000000e+00
    endloop
  endfacet
  facet normal -5.000000e-01 8.660254e-01 0.000000e+00
    outer loop
      vertex   3.650000e+01 -2.488675e+01 0.000000e+00
      vertex   3.900000e+01 -2.344338e+01 1.000000e+00
      vertex   3.900000e+01 -2.344338e+01 0.000000e+00
    endloop
  endfacet
  facet normal -1.000000e+00 0.000000e+00 0.000000e+00
    outer loop
      vertex   3.900000e+01 -2.344338e+01 1.000000e+00
      vertex   3.900000e+01 -2.055662e+01 1.000000e+00
      vertex   3.900000e+01 -2.344338e+01 0.000000e+00
    endloop
  endfacet
  facet normal -1.000000e+00 0.000000e+00 0.000000e+00
    outer loop
      vertex   3.900000e+01 -2.344338e+01 0.000000e+00
      vertex   3.900000e+01 -2.055662e+01 1.000000e+00
      vertex   3.900000e+01 -2.055662e+01 0.000000e+00
    endloop
  endfacet
  facet normal -1.000000e+00 0.000000e+00 1.230696e-15
    outer loop
      vertex   1.800000e+01 -3.300000e+01 6.443376e+00
      vertex   1.800000e+01 -3.300000e+01 3.556624e+00
      vertex   1.800000e+01 -3.400000e+01 6.443376e+00
    endloop
  endfacet
  facet normal -1.000000e+00 0.000000e+00 1.230696e-15
    outer loop
      vertex   1.800000e+01 -3.400000e+01 6.443376e+00
      vertex   1.800000e+01 -3.300000e+01 3.556624e+00
      vertex   1.800000e+01 -3.400000e+01 3.556624e+00
    endloop
  endfacet
  facet normal -1.000000e+00 0.000000e+00 1.230696e-15
    outer loop
      vertex   1.800000e+01 -1.000000e+00 3.556624e+00
      vertex   1.800000e+01 -1.000000e+00 6.443376e+00
      vertex   1.800000e+01 0.000000e+00 3.556624e+00
    endloop
  endfacet
  facet normal -1.000000e+00 0.000000e+00 1.230696e-15
    outer loop
      vertex   1.800000e+01 0.000000e+00 3.556624e+00
      vertex   1.800000e+01 -1.000000e+00 6.443376e+00
      vertex   1.800000e+01 0.000000e+00 6.443376e+00
    endloop
  endfacet
  facet normal -5.000000e-01 0.000000e+00 8.660254e-01
    outer loop
      vertex   1.800000e+01 -3.300000e+01 3.556624e+00
      vertex   1.550000e+01 -3.300000e+01 2.113249e+00
      vertex   1.800000e+01 -3.400000e+01 3.556624e+00
    endloop
  endfacet
  facet normal -5.000000e-01 0.000000e+00 8.660254e-01
    outer loop
      vertex   1.800000e+01 -3.400000e+01 3.556624e+00
      vertex   1.550000e+01 -3.300000e+01 2.113249e+00
      vertex   1.550000e+01 -3.400000e+01 2.113249e+00
    endloop
  endfacet
  facet normal -5.000000e-01 0.000000e+00 8.660254e-01
    outer loop
      vertex   1.550000e+01 -1.000000e+00 2.113249e+00
      vertex   1.800000e+01 -1.000000e+00 3.556624e+00
      vertex   1.550000e+01 0.000000e+00 2.113249e+00
    endloop
  endfacet
  facet normal -5.000000e-01 0.000000e+00 8.660254e-01
    outer loop
      vertex   1.550000e+01 0.000000e+00 2.113249e+00
      vertex   1.800000e+01 -1.000000e+00 3.556624e+00
      vertex   1.800000e+01 0.000000e+00 3.556624e+00
    endloop
  endfacet
  facet normal -5.000000e-01 -0.000000e+00 -8.660254e-01
    outer loop
      vertex   1.550000e+01 -3.300000e+01 7.886751e+00
      vertex   1.800000e+01 -3.300000e+01 6.443376e+00
      vertex   1.550000e+01 -3.400000e+01 7.886751e+00
    endloop
  endfacet
  facet normal -5.000000e-01 0.000000e+00 -8.660254e-01
    outer loop
      vertex   1.550000e+01 -3.400000e+01 7.886751e+00
      vertex   1.800000e+01 -3.300000e+01 6.443376e+00
      vertex   1.800000e+01 -3.400000e+01 6.443376e+00
    endloop
  endfacet
  facet normal 5.000000e-01 0.000000e+00 8.660254e-01
    outer loop
      vertex   1.550000e+01 -3.300000e+01 2.113249e+00
      vertex   1.300000e+01 -3.300000e+01 3.556624e+00
      vertex   1.550000e+01 -3.400000e+01 2.113249e+00
    endloop
  endfacet
  facet normal 5.000000e-01 0.000000e+00 8.660254e-01
    outer loop
      vertex   1.550000e+01 -3.400000e+01 2.113249e+00
      vertex   1.300000e+01 -3.300000e+01 3.556624e+00
      vertex   1.300000e+01 -3.400000e+01 3.556624e+00
    endloop
  endfacet
  facet normal 5.000000e-01 -0.000000e+00 8.660254e-01
    outer loop
      vertex   1.300000e+01 -1.000000e+00 3.556624e+00
      vertex   1.550000e+01 -1.000000e+00 2.113249e+00
      vertex   1.300000e+01 0.000000e+00 3.556624e+00
    endloop
  endfacet
  facet normal 5.000000e-01 0.000000e+00 8.660254e-01
    outer loop
      vertex   1.300000e+01 0.000000e+00 3.556624e+00
      vertex   1.550000e+01 -1.000000e+00 2.113249e+00
      vertex   1.550000e+01 0.000000e+00 2.113249e+00
    endloop
  endfacet
  facet normal 5.000000e-01 0.000000e+00 -8.660254e-01
    outer loop
      vertex   1.300000e+01 -3.300000e+01 6.443376e+00
      vertex   1.550000e+01 -3.300000e+01 7.886751e+00
      vertex   1.300000e+01 -3.400000e+01 6.443376e+00
    endloop
  endfacet
  facet normal 5.000000e-01 0.000000e+00 -8.660254e-01
    outer loop
      vertex   1.300000e+01 -3.400000e+01 6.443376e+00
      vertex   1.550000e+01 -3.300000e+01 7.886751e+00
      vertex   1.550000e+01 -3.400000e+01 7.886751e+00
    endloop
  endfacet
  facet normal 1.000000e+00 0.000000e+00 -6.153481e-16
    outer loop
      vertex   1.300000e+01 -3.300000e+01 3.556624e+00
      vertex   1.300000e+01 -3.300000e+01 6.443376e+00
      vertex   1.300000e+01 -3.400000e+01 3.556624e+00
    endloop
  endfacet
  facet normal 1.000000e+00 0.000000e+00 -6.153481e-16
    outer loop
      vertex   1.300000e+01 -3.400000e+01 3.556624e+00
      vertex   1.300000e+01 -3.300000e+01 6.443376e+00
      vertex   1.300000e+01 -3.400000e+01 6.443376e+00
    endloop
  endfacet
  facet normal 1.000000e+00 0.000000e+00 -6.153481e-16
    outer loop
      vertex   1.300000e+01 -1.000000e+00 6.443376e+00
      vertex   1.300000e+01 -1.000000e+00 3.556624e+00
      vertex   1.300000e+01 0.000000e+00 6.443376e+00
    endloop
  endfacet
  facet normal 1.000000e+00 0.000000e+00 -6.153481e-16
    outer loop
      vertex   1.300000e+01 0.000000e+00 6.443376e+00
      vertex   1.300000e+01 -1.000000e+00 3.556624e+00
      vertex   1.300000e+01 0.000000e+00 3.556624e+00
    endloop
  endfacet
  facet normal -5.000000e-01 0.000000e+00 -8.660254e-01
    outer loop
      vertex   1.800000e+01 -1.000000e+00 6.443376e+00
      vertex   1.550000e+01 -1.000000e+00 7.886751e+00
      vertex   1.800000e+01 0.000000e+00 6.443376e+00
    endloop
  endfacet
  facet normal -5.000000e-01 0.000000e+00 -8.660254e-01
    outer loop
      vertex   1.800000e+01 0.000000e+00 6.443376e+00
      vertex   1.550000e+01 -1.000000e+00 7.886751e+00
      vertex   1.550000e+01 0.000000e+00 7.886751e+00
    endloop
  endfacet
  facet normal 5.000000e-01 0.000000e+00 -8.660254e-01
    outer loop
      vertex   1.550000e+01 -1.000000e+00 7.886751e+00
      vertex   1.300000e+01 -1.000000e+00 6.443376e+00
      vertex   1.550000e+01 0.000000e+00 7.886751e+00
    endloop
  endfacet
  facet normal 5.000000e-01 0.000000e+00 -8.660254e-01
    outer loop
      vertex   1.550000e+01 0.000000e+00 7.886751e+00
      vertex   1.300000e+01 -1.000000e+00 6.443376e+00
      vertex   1.300000e+01 0.000000e+00 6.443376e+00
    endloop
  endfacet
  facet normal -5.000000e-01 -0.000000e+00 -8.660254e-01
    outer loop
      vertex   2.750000e+01 -3.300000e+01 7.886751e+00
      vertex   3.000000e+01 -3.300000e+01 6.443376e+00
      vertex   2.750000e+01 -3.400000e+01 7.886751e+00
    endloop
  endfacet
  facet normal -5.000000e-01 0.000000e+00 -8.660254e-01
    outer loop
      vertex   2.750000e+01 -3.400000e+01 7.886751e+00
      vertex   3.000000e+01 -3.300000e+01 6.443376e+00
      vertex   3.000000e+01 -3.400000e+01 6.443376e+00
    endloop
  endfacet
  facet normal -5.000000e-01 0.000000e+00 -8.660254e-01
    outer loop
      vertex   3.000000e+01 -1.000000e+00 6.443376e+00
      vertex   2.750000e+01 -1.000000e+00 7.886751e+00
      vertex   3.000000e+01 0.000000e+00 6.443376e+00
    endloop
  endfacet
  facet normal -5.000000e-01 0.000000e+00 -8.660254e-01
    outer loop
      vertex   3.000000e+01 0.000000e+00 6.443376e+00
      vertex   2.750000e+01 -1.000000e+00 7.886751e+00
      vertex   2.750000e+01 0.000000e+00 7.886751e+00
    endloop
  endfacet
  facet normal -1.000000e+00 -0.000000e+00 -0.000000e+00
    outer loop
      vertex   3.000000e+01 -3.300000e+01 6.443376e+00
      vertex   3.000000e+01 -3.300000e+01 3.556624e+00
      vertex   3.000000e+01 -3.400000e+01 6.443376e+00
    endloop
  endfacet
  facet normal -1.000000e+00 0.000000e+00 0.000000e+00
    outer loop
      vertex   3.000000e+01 -3.400000e+01 6.443376e+00
      vertex   3.000000e+01 -3.300000e+01 3.556624e+00
      vertex   3.000000e+01 -3.400000e+01 3.556624e+00
    endloop
  endfacet
  facet normal -1.000000e+00 0.000000e+00 0.000000e+00
    outer loop
      vertex   3.000000e+01 -1.000000e+00 3.556624e+00
      vertex   3.000000e+01 -1.000000e+00 6.443376e+00
      vertex   3.000000e+01 0.000000e+00 3.556624e+00
    endloop
  endfacet
  facet normal -1.000000e+00 0.000000e+00 0.000000e+00
    outer loop
      vertex   3.000000e+01 0.000000e+00 3.556624e+00
      vertex   3.000000e+01 -1.000000e+00 6.443376e+00
      vertex   3.000000e+01 0.000000e+00 6.443376e+00
    endloop
  endfacet
  facet normal 5.000000e-01 0.000000e+00 -8.660254e-01
    outer loop
      vertex   2.500000e+01 -3.300000e+01 6.443376e+00
      vertex   2.750000e+01 -3.300000e+01 7.886751e+00
      vertex   2.500000e+01 -3.400000e+01 6.443376e+00
    endloop
  endfacet
  facet normal 5.000000e-01 0.000000e+00 -8.660254e-01
    outer loop
      vertex   2.500000e+01 -3.400000e+01 6.443376e+00
      vertex   2.750000e+01 -3.300000e+01 7.886751e+00
      vertex   2.750000e+01 -3.400000e+01 7.886751e+00
    endloop
  endfacet
  facet normal -5.000000e-01 0.000000e+00 8.660254e-01
    outer loop
      vertex   3.000000e+01 -3.300000e+01 3.556624e+00
      vertex   2.750000e+01 -3.300000e+01 2.113249e+00
      vertex   3.000000e+01 -3.400000e+01 3.556624e+00
    endloop
  endfacet
  facet normal -5.000000e-01 0.000000e+00 8.660254e-01
    outer loop
      vertex   3.000000e+01 -3.400000e+01 3.556624e+00
      vertex   2.750000e+01 -3.300000e+01 2.113249e+00
      vertex   2.750000e+01 -3.400000e+01 2.113249e+00
    endloop
  endfacet
  facet normal -5.000000e-01 0.000000e+00 8.660254e-01
    outer loop
      vertex   2.750000e+01 -1.000000e+00 2.113249e+00
      vertex   3.000000e+01 -1.000000e+00 3.556624e+00
      vertex   2.750000e+01 0.000000e+00 2.113249e+00
    endloop
  endfacet
  facet normal -5.000000e-01 0.000000e+00 8.660254e-01
    outer loop
      vertex   2.750000e+01 0.000000e+00 2.113249e+00
      vertex   3.000000e+01 -1.000000e+00 3.556624e+00
      vertex   3.000000e+01 0.000000e+00 3.556624e+00
    endloop
  endfacet
  facet normal 1.000000e+00 0.000000e+00 -0.000000e+00
    outer loop
      vertex   2.500000e+01 -3.300000e+01 3.556624e+00
      vertex   2.500000e+01 -3.300000e+01 6.443376e+00
      vertex   2.500000e+01 -3.400000e+01 3.556624e+00
    endloop
  endfacet
  facet normal 1.000000e+00 0.000000e+00 0.000000e+00
    outer loop
      vertex   2.500000e+01 -3.400000e+01 3.556624e+00
      vertex   2.500000e+01 -3.300000e+01 6.443376e+00
      vertex   2.500000e+01 -3.400000e+01 6.443376e+00
    endloop
  endfacet
  facet normal 5.000000e-01 0.000000e+00 8.660254e-01
    outer loop
      vertex   2.750000e+01 -3.300000e+01 2.113249e+00
      vertex   2.500000e+01 -3.300000e+01 3.556624e+00
      vertex   2.750000e+01 -3.400000e+01 2.113249e+00
    endloop
  endfacet
  facet normal 5.000000e-01 0.000000e+00 8.660254e-01
    outer loop
      vertex   2.750000e+01 -3.400000e+01 2.113249e+00
      vertex   2.500000e+01 -3.300000e+01 3.556624e+00
      vertex   2.500000e+01 -3.400000e+01 3.556624e+00
    endloop
  endfacet
  facet normal 5.000000e-01 -0.000000e+00 8.660254e-01
    outer loop
      vertex   2.500000e+01 -1.000000e+00 3.556624e+00
      vertex   2.750000e+01 -1.000000e+00 2.113249e+00
      vertex   2.500000e+01 0.000000e+00 3.556624e+00
    endloop
  endfacet
  facet normal 5.000000e-01 0.000000e+00 8.660254e-01
    outer loop
      vertex   2.500000e+01 0.000000e+00 3.556624e+00
      vertex   2.750000e+01 -1.000000e+00 2.113249e+00
      vertex   2.750000e+01 0.000000e+00 2.113249e+00
    endloop
  endfacet
  facet normal 5.000000e-01 0.000000e+00 -8.660254e-01
    outer loop
      vertex   2.750000e+01 -1.000000e+00 7.886751e+00
      vertex   2.500000e+01 -1.000000e+00 6.443376e+00
      vertex   2.750000e+01 0.000000e+00 7.886751e+00
    endloop
  endfacet
  facet normal 5.000000e-01 0.000000e+00 -8.660254e-01
    outer loop
      vertex   2.750000e+01 0.000000e+00 7.886751e+00
      vertex   2.500000e+01 -1.000000e+00 6.443376e+00
      vertex   2.500000e+01 0.000000e+00 6.443376e+00
    endloop
  endfacet
  facet normal 1.000000e+00 -0.000000e+00 0.000000e+00
    outer loop
      vertex   2.500000e+01 -1.000000e+00 6.443376e+00
      vertex   2.500000e+01 -1.000000e+00 3.556624e+00
      vertex   2.500000e+01 0.000000e+00 6.443376e+00
    endloop
  endfacet
  facet normal 1.000000e+00 0.000000e+00 0.000000e+00
    outer loop
      vertex   2.500000e+01 0.000000e+00 6.443376e+00
      vertex   2.500000e+01 -1.000000e+00 3.556624e+00
      vertex   2.500000e+01 0.000000e+00 3.556624e+00
    endloop
  endfacet
  facet normal 5.000000e-01 0.000000e+00 8.660254e-01
    outer loop
      vertex   2.150000e+01 -3.300000e+01 2.113249e+00
      vertex   1.900000e+01 -3.300000e+01 3.556624e+00
      vertex   2.150000e+01 -3.400000e+01 2.113249e+00
    endloop
  endfacet
  facet normal 5.000000e-01 0.000000e+00 8.660254e-01
    outer loop
      vertex   2.150000e+01 -3.400000e+01 2.113249e+00
      vertex   1.900000e+01 -3.300000e+01 3.556624e+00
      vertex   1.900000e+01 -3.400000e+01 3.556624e+00
    endloop
  endfacet
  facet normal 5.000000e-01 -0.000000e+00 8.660254e-01
    outer loop
      vertex   1.900000e+01 -1.000000e+00 3.556624e+00
      vertex   2.150000e+01 -1.000000e+00 2.113249e+00
      vertex   1.900000e+01 0.000000e+00 3.556624e+00
    endloop
  endfacet
  facet normal 5.000000e-01 0.000000e+00 8.660254e-01
    outer loop
      vertex   1.900000e+01 0.000000e+00 3.556624e+00
      vertex   2.150000e+01 -1.000000e+00 2.113249e+00
      vertex   2.150000e+01 0.000000e+00 2.113249e+00
    endloop
  endfacet
  facet normal 1.000000e+00 0.000000e+00 -1.230696e-15
    outer loop
      vertex   1.900000e+01 -3.300000e+01 3.556624e+00
      vertex   1.900000e+01 -3.300000e+01 6.443376e+00
      vertex   1.900000e+01 -3.400000e+01 3.556624e+00
    endloop
  endfacet
  facet normal 1.000000e+00 0.000000e+00 -1.230696e-15
    outer loop
      vertex   1.900000e+01 -3.400000e+01 3.556624e+00
      vertex   1.900000e+01 -3.300000e+01 6.443376e+00
      vertex   1.900000e+01 -3.400000e+01 6.443376e+00
    endloop
  endfacet
  facet normal 1.000000e+00 0.000000e+00 -1.230696e-15
    outer loop
      vertex   1.900000e+01 -1.000000e+00 6.443376e+00
      vertex   1.900000e+01 -1.000000e+00 3.556624e+00
      vertex   1.900000e+01 0.000000e+00 6.443376e+00
    endloop
  endfacet
  facet normal 1.000000e+00 0.000000e+00 -1.230696e-15
    outer loop
      vertex   1.900000e+01 0.000000e+00 6.443376e+00
      vertex   1.900000e+01 -1.000000e+00 3.556624e+00
      vertex   1.900000e+01 0.000000e+00 3.556624e+00
    endloop
  endfacet
  facet normal -5.000000e-01 0.000000e+00 8.660254e-01
    outer loop
      vertex   2.400000e+01 -3.300000e+01 3.556624e+00
      vertex   2.150000e+01 -3.300000e+01 2.113249e+00
      vertex   2.400000e+01 -3.400000e+01 3.556624e+00
    endloop
  endfacet
  facet normal -5.000000e-01 0.000000e+00 8.660254e-01
    outer loop
      vertex   2.400000e+01 -3.400000e+01 3.556624e+00
      vertex   2.150000e+01 -3.300000e+01 2.113249e+00
      vertex   2.150000e+01 -3.400000e+01 2.113249e+00
    endloop
  endfacet
  facet normal 5.000000e-01 0.000000e+00 -8.660254e-01
    outer loop
      vertex   1.900000e+01 -3.300000e+01 6.443376e+00
      vertex   2.150000e+01 -3.300000e+01 7.886751e+00
      vertex   1.900000e+01 -3.400000e+01 6.443376e+00
    endloop
  endfacet
  facet normal 5.000000e-01 0.000000e+00 -8.660254e-01
    outer loop
      vertex   1.900000e+01 -3.400000e+01 6.443376e+00
      vertex   2.150000e+01 -3.300000e+01 7.886751e+00
      vertex   2.150000e+01 -3.400000e+01 7.886751e+00
    endloop
  endfacet
  facet normal 5.000000e-01 0.000000e+00 -8.660254e-01
    outer loop
      vertex   2.150000e+01 -1.000000e+00 7.886751e+00
      vertex   1.900000e+01 -1.000000e+00 6.443376e+00
      vertex   2.150000e+01 0.000000e+00 7.886751e+00
    endloop
  endfacet
  facet normal 5.000000e-01 0.000000e+00 -8.660254e-01
    outer loop
      vertex   2.150000e+01 0.000000e+00 7.886751e+00
      vertex   1.900000e+01 -1.000000e+00 6.443376e+00
      vertex   1.900000e+01 0.000000e+00 6.443376e+00
    endloop
  endfacet
  facet normal -1.000000e+00 0.000000e+00 2.461392e-15
    outer loop
      vertex   2.400000e+01 -3.300000e+01 6.443376e+00
      vertex   2.400000e+01 -3.300000e+01 3.556624e+00
      vertex   2.400000e+01 -3.400000e+01 6.443376e+00
    endloop
  endfacet
  facet normal -1.000000e+00 0.000000e+00 2.461392e-15
    outer loop
      vertex   2.400000e+01 -3.400000e+01 6.443376e+00
      vertex   2.400000e+01 -3.300000e+01 3.556624e+00
      vertex   2.400000e+01 -3.400000e+01 3.556624e+00
    endloop
  endfacet
  facet normal -5.000000e-01 -0.000000e+00 -8.660254e-01
    outer loop
      vertex   2.150000e+01 -3.300000e+01 7.886751e+00
      vertex   2.400000e+01 -3.300000e+01 6.443376e+00
      vertex   2.150000e+01 -3.400000e+01 7.886751e+00
    endloop
  endfacet
  facet normal -5.000000e-01 0.000000e+00 -8.660254e-01
    outer loop
      vertex   2.150000e+01 -3.400000e+01 7.886751e+00
      vertex   2.400000e+01 -3.300000e+01 6.443376e+00
      vertex   2.400000e+01 -3.400000e+01 6.443376e+00
    endloop
  endfacet
  facet normal -5.000000e-01 0.000000e+00 -8.660254e-01
    outer loop
      vertex   2.400000e+01 -1.000000e+00 6.443376e+00
      vertex   2.150000e+01 -1.000000e+00 7.886751e+00
      vertex   2.400000e+01 0.000000e+00 6.443376e+00
    endloop
  endfacet
  facet normal -5.000000e-01 0.000000e+00 -8.660254e-01
    outer loop
      vertex   2.400000e+01 0.000000e+00 6.443376e+00
      vertex   2.150000e+01 -1.000000e+00 7.886751e+00
      vertex   2.150000e+01 0.000000e+00 7.886751e+00
    endloop
  endfacet
  facet normal -5.000000e-01 0.000000e+00 8.660254e-01
    outer loop
      vertex   2.150000e+01 -1.000000e+00 2.113249e+00
      vertex   2.400000e+01 -1.000000e+00 3.556624e+00
      vertex   2.150000e+01 0.000000e+00 2.113249e+00
    endloop
  endfacet
  facet normal -5.000000e-01 0.000000e+00 8.660254e-01
    outer loop
      vertex   2.150000e+01 0.000000e+00 2.113249e+00
      vertex   2.400000e+01 -1.000000e+00 3.556624e+00
      vertex   2.400000e+01 0.000000e+00 3.556624e+00
    endloop
  endfacet
  facet normal -1.000000e+00 0.000000e+00 2.461392e-15
    outer loop
      vertex   2.400000e+01 -1.000000e+00 3.556624e+00
      vertex   2.400000e+01 -1.000000e+00 6.443376e+00
      vertex   2.400000e+01 0.000000e+00 3.556624e+00
    endloop
  endfacet
  facet normal -1.000000e+00 0.000000e+00 2.461392e-15
    outer loop
      vertex   2.400000e+01 0.000000e+00 3.556624e+00
      vertex   2.400000e+01 -1.000000e+00 6.443376e+00
      vertex   2.400000e+01 0.000000e+00 6.443376e+00
    endloop
  endfacet
  facet normal 1.000000e+00 0.000000e+00 -2.461392e-15
    outer loop
      vertex   3.100000e+01 -3.300000e+01 3.556624e+00
      vertex   3.100000e+01 -3.300000e+01 6.443376e+00
      vertex   3.100000e+01 -3.400000e+01 3.556624e+00
    endloop
  endfacet
  facet normal 1.000000e+00 0.000000e+00 -2.461392e-15
    outer loop
      vertex   3.100000e+01 -3.400000e+01 3.556624e+00
      vertex   3.100000e+01 -3.300000e+01 6.443376e+00
      vertex   3.100000e+01 -3.400000e+01 6.443376e+00
    endloop
  endfacet
  facet normal 1.000000e+00 0.000000e+00 -2.461392e-15
    outer loop
      vertex   3.100000e+01 -1.000000e+00 6.443376e+00
      vertex   3.100000e+01 -1.000000e+00 3.556624e+00
      vertex   3.100000e+01 0.000000e+00 6.443376e+00
    endloop
  endfacet
  facet normal 1.000000e+00 0.000000e+00 -2.461392e-15
    outer loop
      vertex   3.100000e+01 0.000000e+00 6.443376e+00
      vertex   3.100000e+01 -1.000000e+00 3.556624e+00
      vertex   3.100000e+01 0.000000e+00 3.556624e+00
    endloop
  endfacet
  facet normal 5.000000e-01 0.000000e+00 -8.660254e-01
    outer loop
      vertex   3.100000e+01 -3.300000e+01 6.443376e+00
      vertex   3.350000e+01 -3.300000e+01 7.886751e+00
      vertex   3.100000e+01 -3.400000e+01 6.443376e+00
    endloop
  endfacet
  facet normal 5.000000e-01 0.000000e+00 -8.660254e-01
    outer loop
      vertex   3.100000e+01 -3.400000e+01 6.443376e+00
      vertex   3.350000e+01 -3.300000e+01 7.886751e+00
      vertex   3.350000e+01 -3.400000e+01 7.886751e+00
    endloop
  endfacet
  facet normal 5.000000e-01 0.000000e+00 -8.660254e-01
    outer loop
      vertex   3.350000e+01 -1.000000e+00 7.886751e+00
      vertex   3.100000e+01 -1.000000e+00 6.443376e+00
      vertex   3.350000e+01 0.000000e+00 7.886751e+00
    endloop
  endfacet
  facet normal 5.000000e-01 0.000000e+00 -8.660254e-01
    outer loop
      vertex   3.350000e+01 0.000000e+00 7.886751e+00
      vertex   3.100000e+01 -1.000000e+00 6.443376e+00
      vertex   3.100000e+01 0.000000e+00 6.443376e+00
    endloop
  endfacet
  facet normal 5.000000e-01 0.000000e+00 8.660254e-01
    outer loop
      vertex   3.350000e+01 -3.300000e+01 2.113249e+00
      vertex   3.100000e+01 -3.300000e+01 3.556624e+00
      vertex   3.350000e+01 -3.400000e+01 2.113249e+00
    endloop
  endfacet
  facet normal 5.000000e-01 0.000000e+00 8.660254e-01
    outer loop
      vertex   3.350000e+01 -3.400000e+01 2.113249e+00
      vertex   3.100000e+01 -3.300000e+01 3.556624e+00
      vertex   3.100000e+01 -3.400000e+01 3.556624e+00
    endloop
  endfacet
  facet normal -5.000000e-01 -0.000000e+00 -8.660254e-01
    outer loop
      vertex   3.350000e+01 -3.300000e+01 7.886751e+00
      vertex   3.600000e+01 -3.300000e+01 6.443376e+00
      vertex   3.350000e+01 -3.400000e+01 7.886751e+00
    endloop
  endfacet
  facet normal -5.000000e-01 0.000000e+00 -8.660254e-01
    outer loop
      vertex   3.350000e+01 -3.400000e+01 7.886751e+00
      vertex   3.600000e+01 -3.300000e+01 6.443376e+00
      vertex   3.600000e+01 -3.400000e+01 6.443376e+00
    endloop
  endfacet
  facet normal -5.000000e-01 0.000000e+00 -8.660254e-01
    outer loop
      vertex   3.600000e+01 -1.000000e+00 6.443376e+00
      vertex   3.350000e+01 -1.000000e+00 7.886751e+00
      vertex   3.600000e+01 0.000000e+00 6.443376e+00
    endloop
  endfacet
  facet normal -5.000000e-01 0.000000e+00 -8.660254e-01
    outer loop
      vertex   3.600000e+01 0.000000e+00 6.443376e+00
      vertex   3.350000e+01 -1.000000e+00 7.886751e+00
      vertex   3.350000e+01 0.000000e+00 7.886751e+00
    endloop
  endfacet
  facet normal -5.000000e-01 0.000000e+00 8.660254e-01
    outer loop
      vertex   3.600000e+01 -3.300000e+01 3.556624e+00
      vertex   3.350000e+01 -3.300000e+01 2.113249e+00
      vertex   3.600000e+01 -3.400000e+01 3.556624e+00
    endloop
  endfacet
  facet normal -5.000000e-01 0.000000e+00 8.660254e-01
    outer loop
      vertex   3.600000e+01 -3.400000e+01 3.556624e+00
      vertex   3.350000e+01 -3.300000e+01 2.113249e+00
      vertex   3.350000e+01 -3.400000e+01 2.113249e+00
    endloop
  endfacet
  facet normal -1.000000e+00 -0.000000e+00 -0.000000e+00
    outer loop
      vertex   3.600000e+01 -3.300000e+01 6.443376e+00
      vertex   3.600000e+01 -3.300000e+01 3.556624e+00
      vertex   3.600000e+01 -3.400000e+01 6.443376e+00
    endloop
  endfacet
  facet normal -1.000000e+00 0.000000e+00 0.000000e+00
    outer loop
      vertex   3.600000e+01 -3.400000e+01 6.443376e+00
      vertex   3.600000e+01 -3.300000e+01 3.556624e+00
      vertex   3.600000e+01 -3.400000e+01 3.556624e+00
    endloop
  endfacet
  facet normal -1.000000e+00 0.000000e+00 0.000000e+00
    outer loop
      vertex   3.600000e+01 -1.000000e+00 3.556624e+00
      vertex   3.600000e+01 -1.000000e+00 6.443376e+00
      vertex   3.600000e+01 0.000000e+00 3.556624e+00
    endloop
  endfacet
  facet normal -1.000000e+00 0.000000e+00 0.000000e+00
    outer loop
      vertex   3.600000e+01 0.000000e+00 3.556624e+00
      vertex   3.600000e+01 -1.000000e+00 6.443376e+00
      vertex   3.600000e+01 0.000000e+00 6.443376e+00
    endloop
  endfacet
  facet normal 5.000000e-01 -0.000000e+00 8.660254e-01
    outer loop
      vertex   3.100000e+01 -1.000000e+00 3.556624e+00
      vertex   3.350000e+01 -1.000000e+00 2.113249e+00
      vertex   3.100000e+01 0.000000e+00 3.556624e+00
    endloop
  endfacet
  facet normal 5.000000e-01 0.000000e+00 8.660254e-01
    outer loop
      vertex   3.100000e+01 0.000000e+00 3.556624e+00
      vertex   3.350000e+01 -1.000000e+00 2.113249e+00
      vertex   3.350000e+01 0.000000e+00 2.113249e+00
    endloop
  endfacet
  facet normal -5.000000e-01 0.000000e+00 8.660254e-01
    outer loop
      vertex   3.350000e+01 -1.000000e+00 2.113249e+00
      vertex   3.600000e+01 -1.000000e+00 3.556624e+00
      vertex   3.350000e+01 0.000000e+00 2.113249e+00
    endloop
  endfacet
  facet normal -5.000000e-01 0.000000e+00 8.660254e-01
    outer loop
      vertex   3.350000e+01 0.000000e+00 2.113249e+00
      vertex   3.600000e+01 -1.000000e+00 3.556624e+00
      vertex   3.600000e+01 0.000000e+00 3.556624e+00
    endloop
  endfacet
  facet normal -5.000000e-01 0.000000e+00 8.660254e-01
    outer loop
      vertex   1.200000e+01 -3.300000e+01 3.556624e+00
      vertex   9.500000e+00 -3.300000e+01 2.113249e+00
      vertex   1.200000e+01 -3.400000e+01 3.556624e+00
    endloop
  endfacet
  facet normal -5.000000e-01 0.000000e+00 8.660254e-01
    outer loop
      vertex   1.200000e+01 -3.400000e+01 3.556624e+00
      vertex   9.500000e+00 -3.300000e+01 2.113249e+00
      vertex   9.500000e+00 -3.400000e+01 2.113249e+00
    endloop
  endfacet
  facet normal -5.000000e-01 0.000000e+00 8.660254e-01
    outer loop
      vertex   9.500000e+00 -1.000000e+00 2.113249e+00
      vertex   1.200000e+01 -1.000000e+00 3.556624e+00
      vertex   9.500000e+00 0.000000e+00 2.113249e+00
    endloop
  endfacet
  facet normal -5.000000e-01 0.000000e+00 8.660254e-01
    outer loop
      vertex   9.500000e+00 0.000000e+00 2.113249e+00
      vertex   1.200000e+01 -1.000000e+00 3.556624e+00
      vertex   1.200000e+01 0.000000e+00 3.556624e+00
    endloop
  endfacet
  facet normal 5.000000e-01 0.000000e+00 8.660254e-01
    outer loop
      vertex   9.500000e+00 -3.300000e+01 2.113249e+00
      vertex   7.000000e+00 -3.300000e+01 3.556624e+00
      vertex   9.500000e+00 -3.400000e+01 2.113249e+00
    endloop
  endfacet
  facet normal 5.000000e-01 0.000000e+00 8.660254e-01
    outer loop
      vertex   9.500000e+00 -3.400000e+01 2.113249e+00
      vertex   7.000000e+00 -3.300000e+01 3.556624e+00
      vertex   7.000000e+00 -3.400000e+01 3.556624e+00
    endloop
  endfacet
  facet normal 5.000000e-01 -0.000000e+00 8.660254e-01
    outer loop
      vertex   7.000000e+00 -1.000000e+00 3.556624e+00
      vertex   9.500000e+00 -1.000000e+00 2.113249e+00
      vertex   7.000000e+00 0.000000e+00 3.556624e+00
    endloop
  endfacet
  facet normal 5.000000e-01 0.000000e+00 8.660254e-01
    outer loop
      vertex   7.000000e+00 0.000000e+00 3.556624e+00
      vertex   9.500000e+00 -1.000000e+00 2.113249e+00
      vertex   9.500000e+00 0.000000e+00 2.113249e+00
    endloop
  endfacet
  facet normal -1.000000e+00 0.000000e+00 6.153481e-16
    outer loop
      vertex   1.200000e+01 -3.300000e+01 6.443376e+00
      vertex   1.200000e+01 -3.300000e+01 3.556624e+00
      vertex   1.200000e+01 -3.400000e+01 6.443376e+00
    endloop
  endfacet
  facet normal -1.000000e+00 0.000000e+00 6.153481e-16
    outer loop
      vertex   1.200000e+01 -3.400000e+01 6.443376e+00
      vertex   1.200000e+01 -3.300000e+01 3.556624e+00
      vertex   1.200000e+01 -3.400000e+01 3.556624e+00
    endloop
  endfacet
  facet normal 1.000000e+00 0.000000e+00 -9.230221e-16
    outer loop
      vertex   7.000000e+00 -3.300000e+01 3.556624e+00
      vertex   7.000000e+00 -3.300000e+01 6.443376e+00
      vertex   7.000000e+00 -3.400000e+01 3.556624e+00
    endloop
  endfacet
  facet normal 1.000000e+00 0.000000e+00 -9.230221e-16
    outer loop
      vertex   7.000000e+00 -3.400000e+01 3.556624e+00
      vertex   7.000000e+00 -3.300000e+01 6.443376e+00
      vertex   7.000000e+00 -3.400000e+01 6.443376e+00
    endloop
  endfacet
  facet normal 1.000000e+00 0.000000e+00 -9.230221e-16
    outer loop
      vertex   7.000000e+00 -1.000000e+00 6.443376e+00
      vertex   7.000000e+00 -1.000000e+00 3.556624e+00
      vertex   7.000000e+00 0.000000e+00 6.443376e+00
    endloop
  endfacet
  facet normal 1.000000e+00 0.000000e+00 -9.230221e-16
    outer loop
      vertex   7.000000e+00 0.000000e+00 6.443376e+00
      vertex   7.000000e+00 -1.000000e+00 3.556624e+00
      vertex   7.000000e+00 0.000000e+00 3.556624e+00
    endloop
  endfacet
  facet normal -5.000000e-01 -0.000000e+00 -8.660254e-01
    outer loop
      vertex   9.500000e+00 -3.300000e+01 7.886751e+00
      vertex   1.200000e+01 -3.300000e+01 6.443376e+00
      vertex   9.500000e+00 -3.400000e+01 7.886751e+00
    endloop
  endfacet
  facet normal -5.000000e-01 0.000000e+00 -8.660254e-01
    outer loop
      vertex   9.500000e+00 -3.400000e+01 7.886751e+00
      vertex   1.200000e+01 -3.300000e+01 6.443376e+00
      vertex   1.200000e+01 -3.400000e+01 6.443376e+00
    endloop
  endfacet
  facet normal 5.000000e-01 0.000000e+00 -8.660254e-01
    outer loop
      vertex   7.000000e+00 -3.300000e+01 6.443376e+00
      vertex   9.500000e+00 -3.300000e+01 7.886751e+00
      vertex   7.000000e+00 -3.400000e+01 6.443376e+00
    endloop
  endfacet
  facet normal 5.000000e-01 0.000000e+00 -8.660254e-01
    outer loop
      vertex   7.000000e+00 -3.400000e+01 6.443376e+00
      vertex   9.500000e+00 -3.300000e+01 7.886751e+00
      vertex   9.500000e+00 -3.400000e+01 7.886751e+00
    endloop
  endfacet
  facet normal 5.000000e-01 0.000000e+00 -8.660254e-01
    outer loop
      vertex   9.500000e+00 -1.000000e+00 7.886751e+00
      vertex   7.000000e+00 -1.000000e+00 6.443376e+00
      vertex   9.500000e+00 0.000000e+00 7.886751e+00
    endloop
  endfacet
  facet normal 5.000000e-01 0.000000e+00 -8.660254e-01
    outer loop
      vertex   9.500000e+00 0.000000e+00 7.886751e+00
      vertex   7.000000e+00 -1.000000e+00 6.443376e+00
      vertex   7.000000e+00 0.000000e+00 6.443376e+00
    endloop
  endfacet
  facet normal -1.000000e+00 0.000000e+00 6.153481e-16
    outer loop
      vertex   1.200000e+01 -1.000000e+00 3.556624e+00
      vertex   1.200000e+01 -1.000000e+00 6.443376e+00
      vertex   1.200000e+01 0.000000e+00 3.556624e+00
    endloop
  endfacet
  facet normal -1.000000e+00 0.000000e+00 6.153481e-16
    outer loop
      vertex   1.200000e+01 0.000000e+00 3.556624e+00
      vertex   1.200000e+01 -1.000000e+00 6.443376e+00
      vertex   1.200000e+01 0.000000e+00 6.443376e+00
    endloop
  endfacet
  facet normal -5.000000e-01 0.000000e+00 -8.660254e-01
    outer loop
      vertex   1.200000e+01 -1.000000e+00 6.443376e+00
      vertex   9.500000e+00 -1.000000e+00 7.886751e+00
      vertex   1.200000e+01 0.000000e+00 6.443376e+00
    endloop
  endfacet
  facet normal -5.000000e-01 0.000000e+00 -8.660254e-01
    outer loop
      vertex   1.200000e+01 0.000000e+00 6.443376e+00
      vertex   9.500000e+00 -1.000000e+00 7.886751e+00
      vertex   9.500000e+00 0.000000e+00 7.886751e+00
    endloop
  endfacet
  facet normal -5.000000e-01 0.000000e+00 -8.660254e-01
    outer loop
      vertex   6.000000e+00 -1.000000e+00 6.443376e+00
      vertex   3.500000e+00 -1.000000e+00 7.886751e+00
      vertex   6.000000e+00 0.000000e+00 6.443376e+00
    endloop
  endfacet
  facet normal -5.000000e-01 0.000000e+00 -8.660254e-01
    outer loop
      vertex   6.000000e+00 0.000000e+00 6.443376e+00
      vertex   3.500000e+00 -1.000000e+00 7.886751e+00
      vertex   3.500000e+00 0.000000e+00 7.886751e+00
    endloop
  endfacet
  facet normal -5.000000e-01 -0.000000e+00 -8.660254e-01
    outer loop
      vertex   3.500000e+00 -3.300000e+01 7.886751e+00
      vertex   6.000000e+00 -3.300000e+01 6.443376e+00
      vertex   3.500000e+00 -3.400000e+01 7.886751e+00
    endloop
  endfacet
  facet normal -5.000000e-01 0.000000e+00 -8.660254e-01
    outer loop
      vertex   3.500000e+00 -3.400000e+01 7.886751e+00
      vertex   6.000000e+00 -3.300000e+01 6.443376e+00
      vertex   6.000000e+00 -3.400000e+01 6.443376e+00
    endloop
  endfacet
  facet normal -1.000000e+00 0.000000e+00 6.153481e-16
    outer loop
      vertex   6.000000e+00 -1.000000e+00 3.556624e+00
      vertex   6.000000e+00 -1.000000e+00 6.443376e+00
      vertex   6.000000e+00 0.000000e+00 3.556624e+00
    endloop
  endfacet
  facet normal -1.000000e+00 0.000000e+00 6.153481e-16
    outer loop
      vertex   6.000000e+00 0.000000e+00 3.556624e+00
      vertex   6.000000e+00 -1.000000e+00 6.443376e+00
      vertex   6.000000e+00 0.000000e+00 6.443376e+00
    endloop
  endfacet
  facet normal -1.000000e+00 0.000000e+00 6.153481e-16
    outer loop
      vertex   6.000000e+00 -3.300000e+01 6.443376e+00
      vertex   6.000000e+00 -3.300000e+01 3.556624e+00
      vertex   6.000000e+00 -3.400000e+01 6.443376e+00
    endloop
  endfacet
  facet normal -1.000000e+00 0.000000e+00 6.153481e-16
    outer loop
      vertex   6.000000e+00 -3.400000e+01 6.443376e+00
      vertex   6.000000e+00 -3.300000e+01 3.556624e+00
      vertex   6.000000e+00 -3.400000e+01 3.556624e+00
    endloop
  endfacet
  facet normal 5.000000e-01 4.655467e-16 -8.660254e-01
    outer loop
      vertex   1.000000e+00 -1.000000e+00 6.443376e+00
      vertex   1.000000e+00 0.000000e+00 6.443376e+00
      vertex   3.500000e+00 -1.000000e+00 7.886751e+00
    endloop
  endfacet
  facet normal 5.000000e-01 0.000000e+00 -8.660254e-01
    outer loop
      vertex   3.500000e+00 -1.000000e+00 7.886751e+00
      vertex   1.000000e+00 0.000000e+00 6.443376e+00
      vertex   3.500000e+00 0.000000e+00 7.886751e+00
    endloop
  endfacet
  facet normal 5.000000e-01 -4.655469e-16 -8.660254e-01
    outer loop
      vertex   1.000000e+00 -3.300000e+01 6.443376e+00
      vertex   3.500000e+00 -3.300000e+01 7.886751e+00
      vertex   1.000000e+00 -3.400000e+01 6.443376e+00
    endloop
  endfacet
  facet normal 5.000000e-01 0.000000e+00 -8.660254e-01
    outer loop
      vertex   1.000000e+00 -3.400000e+01 6.443376e+00
      vertex   3.500000e+00 -3.300000e+01 7.886751e+00
      vertex   3.500000e+00 -3.400000e+01 7.886751e+00
    endloop
  endfacet
  facet normal -5.000000e-01 0.000000e+00 8.660254e-01
    outer loop
      vertex   5.035898e+00 -1.000000e+00 3.000000e+00
      vertex   6.000000e+00 -1.000000e+00 3.556624e+00
      vertex   5.035898e+00 0.000000e+00 3.000000e+00
    endloop
  endfacet
  facet normal -5.000000e-01 0.000000e+00 8.660254e-01
    outer loop
      vertex   5.035898e+00 0.000000e+00 3.000000e+00
      vertex   6.000000e+00 -1.000000e+00 3.556624e+00
      vertex   6.000000e+00 0.000000e+00 3.556624e+00
    endloop
  endfacet
  facet normal 5.000000e-01 -8.821695e-17 8.660254e-01
    outer loop
      vertex   1.964102e+00 -1.000000e+00 3.000000e+00
      vertex   1.964102e+00 0.000000e+00 3.000000e+00
      vertex   1.000000e+00 -1.000000e+00 3.556624e+00
    endloop
  endfacet
  facet normal 5.000000e-01 -0.000000e+00 8.660254e-01
    outer loop
      vertex   1.000000e+00 -1.000000e+00 3.556624e+00
      vertex   1.964102e+00 0.000000e+00 3.000000e+00
      vertex   1.000000e+00 0.000000e+00 3.556624e+00
    endloop
  endfacet
  facet normal -5.000000e-01 0.000000e+00 8.660254e-01
    outer loop
      vertex   6.000000e+00 -3.300000e+01 3.556624e+00
      vertex   5.035898e+00 -3.300000e+01 3.000000e+00
      vertex   6.000000e+00 -3.400000e+01 3.556624e+00
    endloop
  endfacet
  facet normal -5.000000e-01 0.000000e+00 8.660254e-01
    outer loop
      vertex   6.000000e+00 -3.400000e+01 3.556624e+00
      vertex   5.035898e+00 -3.300000e+01 3.000000e+00
      vertex   5.035898e+00 -3.400000e+01 3.000000e+00
    endloop
  endfacet
  facet normal 5.000000e-01 1.992393e-16 8.660254e-01
    outer loop
      vertex   1.964102e+00 -3.300000e+01 3.000000e+00
      vertex   1.000000e+00 -3.300000e+01 3.556624e+00
      vertex   1.964102e+00 -3.400000e+01 3.000000e+00
    endloop
  endfacet
  facet normal 5.000000e-01 0.000000e+00 8.660254e-01
    outer loop
      vertex   1.964102e+00 -3.400000e+01 3.000000e+00
      vertex   1.000000e+00 -3.300000e+01 3.556624e+00
      vertex   1.000000e+00 -3.400000e+01 3.556624e+00
    endloop
  endfacet
  facet normal 0.000000e+00 -1.000000e+00 0.000000e+00
    outer loop
      vertex   1.964102e+00 -1.000000e+00 3.000000e+00
      vertex   1.000000e+00 -1.000000e+00 3.556624e+00
      vertex   1.000000e+00 -1.000000e+00 3.000000e+00
    endloop
  endfacet
  facet normal 0.000000e+00 -1.000000e+00 0.000000e+00
    outer loop
      vertex   1.000000e+00 -1.000000e+00 6.443376e+00
      vertex   3.500000e+00 -1.000000e+00 7.886751e+00
      vertex   1.000000e+00 -1.000000e+00 1.000000e+01
    endloop
  endfacet
  facet normal 0.000000e+00 -1.000000e+00 0.000000e+00
    outer loop
      vertex   1.000000e+00 -1.000000e+00 1.000000e+01
      vertex   3.500000e+00 -1.000000e+00 7.886751e+00
      vertex   9.500000e+00 -1.000000e+00 7.886751e+00
    endloop
  endfacet
  facet normal 0.000000e+00 -1.000000e+00 0.000000e+00
    outer loop
      vertex   1.000000e+00 -1.000000e+00 1.000000e+01
      vertex   9.500000e+00 -1.000000e+00 7.886751e+00
      vertex   1.550000e+01 -1.000000e+00 7.886751e+00
    endloop
  endfacet
  facet normal -0.000000e+00 -1.000000e+00 0.000000e+00
    outer loop
      vertex   1.550000e+01 -1.000000e+00 7.886751e+00
      vertex   9.500000e+00 -1.000000e+00 7.886751e+00
      vertex   1.300000e+01 -1.000000e+00 6.443376e+00
    endloop
  endfacet
  facet normal -0.000000e+00 -1.000000e+00 0.000000e+00
    outer loop
      vertex   1.300000e+01 -1.000000e+00 6.443376e+00
      vertex   9.500000e+00 -1.000000e+00 7.886751e+00
      vertex   1.200000e+01 -1.000000e+00 6.443376e+00
    endloop
  endfacet
  facet normal 0.000000e+00 -1.000000e+00 0.000000e+00
    outer loop
      vertex   1.300000e+01 -1.000000e+00 6.443376e+00
      vertex   1.200000e+01 -1.000000e+00 6.443376e+00
      vertex   1.300000e+01 -1.000000e+00 3.556624e+00
    endloop
  endfacet
  facet normal -0.000000e+00 -1.000000e+00 0.000000e+00
    outer loop
      vertex   1.300000e+01 -1.000000e+00 3.556624e+00
      vertex   1.200000e+01 -1.000000e+00 6.443376e+00
      vertex   1.200000e+01 -1.000000e+00 3.556624e+00
    endloop
  endfacet
  facet normal 0.000000e+00 -1.000000e+00 -0.000000e+00
    outer loop
      vertex   1.300000e+01 -1.000000e+00 3.556624e+00
      vertex   1.200000e+01 -1.000000e+00 3.556624e+00
      vertex   1.550000e+01 -1.000000e+00 2.113249e+00
    endloop
  endfacet
  facet normal 0.000000e+00 -1.000000e+00 0.000000e+00
    outer loop
      vertex   1.550000e+01 -1.000000e+00 2.113249e+00
      vertex   1.200000e+01 -1.000000e+00 3.556624e+00
      vertex   9.500000e+00 -1.000000e+00 2.113249e+00
    endloop
  endfacet
  facet normal 0.000000e+00 -1.000000e+00 1.994564e-16
    outer loop
      vertex   1.550000e+01 -1.000000e+00 2.113249e+00
      vertex   9.500000e+00 -1.000000e+00 2.113249e+00
      vertex   5.000000e+00 -1.000000e+00 1.000000e+00
    endloop
  endfacet
  facet normal 2.197517e-17 -1.000000e+00 1.106279e-16
    outer loop
      vertex   5.000000e+00 -1.000000e+00 1.000000e+00
      vertex   9.500000e+00 -1.000000e+00 2.113249e+00
      vertex   5.035898e+00 -1.000000e+00 3.000000e+00
    endloop
  endfacet
  facet normal 6.185361e-15 -1.000000e+00 0.000000e+00
    outer loop
      vertex   5.000000e+00 -1.000000e+00 1.000000e+00
      vertex   5.035898e+00 -1.000000e+00 3.000000e+00
      vertex   5.000000e+00 -1.000000e+00 3.000000e+00
    endloop
  endfacet
  facet normal -0.000000e+00 -1.000000e+00 0.000000e+00
    outer loop
      vertex   9.500000e+00 -1.000000e+00 7.886751e+00
      vertex   3.500000e+00 -1.000000e+00 7.886751e+00
      vertex   7.000000e+00 -1.000000e+00 6.443376e+00
    endloop
  endfacet
  facet normal -0.000000e+00 -1.000000e+00 0.000000e+00
    outer loop
      vertex   7.000000e+00 -1.000000e+00 6.443376e+00
      vertex   3.500000e+00 -1.000000e+00 7.886751e+00
      vertex   6.000000e+00 -1.000000e+00 6.443376e+00
    endloop
  endfacet
  facet normal 0.000000e+00 -1.000000e+00 0.000000e+00
    outer loop
      vertex   7.000000e+00 -1.000000e+00 6.443376e+00
      vertex   6.000000e+00 -1.000000e+00 6.443376e+00
      vertex   7.000000e+00 -1.000000e+00 3.556624e+00
    endloop
  endfacet
  facet normal -0.000000e+00 -1.000000e+00 0.000000e+00
    outer loop
      vertex   7.000000e+00 -1.000000e+00 3.556624e+00
      vertex   6.000000e+00 -1.000000e+00 6.443376e+00
      vertex   6.000000e+00 -1.000000e+00 3.556624e+00
    endloop
  endfacet
  facet normal 0.000000e+00 -1.000000e+00 0.000000e+00
    outer loop
      vertex   7.000000e+00 -1.000000e+00 3.556624e+00
      vertex   6.000000e+00 -1.000000e+00 3.556624e+00
      vertex   5.035898e+00 -1.000000e+00 3.000000e+00
    endloop
  endfacet
  facet normal 0.000000e+00 -1.000000e+00 1.994564e-16
    outer loop
      vertex   1.550000e+01 -1.000000e+00 2.113249e+00
      vertex   5.000000e+00 -1.000000e+00 1.000000e+00
      vertex   2.150000e+01 -1.000000e+00 2.113249e+00
    endloop
  endfacet
  facet normal 6.938894e-18 -1.000000e+00 9.661171e-17
    outer loop
      vertex   2.150000e+01 -1.000000e+00 2.113249e+00
      vertex   5.000000e+00 -1.000000e+00 1.000000e+00
      vertex   3.700000e+01 -1.000000e+00 1.000000e+00
    endloop
  endfacet
  facet normal 0.000000e+00 -1.000000e+00 0.000000e+00
    outer loop
      vertex   2.150000e+01 -1.000000e+00 2.113249e+00
      vertex   3.700000e+01 -1.000000e+00 1.000000e+00
      vertex   2.750000e+01 -1.000000e+00 2.113249e+00
    endloop
  endfacet
  facet normal 0.000000e+00 -1.000000e+00 0.000000e+00
    outer loop
      vertex   2.750000e+01 -1.000000e+00 2.113249e+00
      vertex   3.700000e+01 -1.000000e+00 1.000000e+00
      vertex   3.350000e+01 -1.000000e+00 2.113249e+00
    endloop
  endfacet
  facet normal 0.000000e+00 -1.000000e+00 0.000000e+00
    outer loop
      vertex   2.750000e+01 -1.000000e+00 2.113249e+00
      vertex   3.350000e+01 -1.000000e+00 2.113249e+00
      vertex   3.000000e+01 -1.000000e+00 3.556624e+00
    endloop
  endfacet
  facet normal 0.000000e+00 -1.000000e+00 0.000000e+00
    outer loop
      vertex   3.000000e+01 -1.000000e+00 3.556624e+00
      vertex   3.350000e+01 -1.000000e+00 2.113249e+00
      vertex   3.100000e+01 -1.000000e+00 3.556624e+00
    endloop
  endfacet
  facet normal 0.000000e+00 -1.000000e+00 0.000000e+00
    outer loop
      vertex   3.000000e+01 -1.000000e+00 3.556624e+00
      vertex   3.100000e+01 -1.000000e+00 3.556624e+00
      vertex   3.000000e+01 -1.000000e+00 6.443376e+00
    endloop
  endfacet
  facet normal 0.000000e+00 -1.000000e+00 0.000000e+00
    outer loop
      vertex   3.000000e+01 -1.000000e+00 6.443376e+00
      vertex   3.100000e+01 -1.000000e+00 3.556624e+00
      vertex   3.100000e+01 -1.000000e+00 6.443376e+00
    endloop
  endfacet
  facet normal 0.000000e+00 -1.000000e+00 0.000000e+00
    outer loop
      vertex   3.000000e+01 -1.000000e+00 6.443376e+00
      vertex   3.100000e+01 -1.000000e+00 6.443376e+00
      vertex   2.750000e+01 -1.000000e+00 7.886751e+00
    endloop
  endfacet
  facet normal 0.000000e+00 -1.000000e+00 0.000000e+00
    outer loop
      vertex   2.750000e+01 -1.000000e+00 7.886751e+00
      vertex   3.100000e+01 -1.000000e+00 6.443376e+00
      vertex   3.350000e+01 -1.000000e+00 7.886751e+00
    endloop
  endfacet
  facet normal 0.000000e+00 -1.000000e+00 0.000000e+00
    outer loop
      vertex   2.750000e+01 -1.000000e+00 7.886751e+00
      vertex   3.350000e+01 -1.000000e+00 7.886751e+00
      vertex   4.100000e+01 -1.000000e+00 1.000000e+01
    endloop
  endfacet
  facet normal 0.000000e+00 -1.000000e+00 0.000000e+00
    outer loop
      vertex   4.100000e+01 -1.000000e+00 1.000000e+01
      vertex   3.350000e+01 -1.000000e+00 7.886751e+00
      vertex   3.600000e+01 -1.000000e+00 6.443376e+00
    endloop
  endfacet
  facet normal 0.000000e+00 -1.000000e+00 -0.000000e+00
    outer loop
      vertex   4.100000e+01 -1.000000e+00 1.000000e+01
      vertex   3.600000e+01 -1.000000e+00 6.443376e+00
      vertex   4.100000e+01 -1.000000e+00 3.000000e+00
    endloop
  endfacet
  facet normal 0.000000e+00 -1.000000e+00 0.000000e+00
    outer loop
      vertex   4.100000e+01 -1.000000e+00 3.000000e+00
      vertex   3.600000e+01 -1.000000e+00 6.443376e+00
      vertex   3.600000e+01 -1.000000e+00 3.556624e+00
    endloop
  endfacet
  facet normal 0.000000e+00 -1.000000e+00 0.000000e+00
    outer loop
      vertex   4.100000e+01 -1.000000e+00 3.000000e+00
      vertex   3.600000e+01 -1.000000e+00 3.556624e+00
      vertex   3.700000e+01 -1.000000e+00 3.000000e+00
    endloop
  endfacet
  facet normal -0.000000e+00 -1.000000e+00 0.000000e+00
    outer loop
      vertex   3.700000e+01 -1.000000e+00 3.000000e+00
      vertex   3.600000e+01 -1.000000e+00 3.556624e+00
      vertex   3.350000e+01 -1.000000e+00 2.113249e+00
    endloop
  endfacet
  facet normal 0.000000e+00 -1.000000e+00 -0.000000e+00
    outer loop
      vertex   3.700000e+01 -1.000000e+00 3.000000e+00
      vertex   3.350000e+01 -1.000000e+00 2.113249e+00
      vertex   3.700000e+01 -1.000000e+00 1.000000e+00
    endloop
  endfacet
  facet normal 0.000000e+00 -1.000000e+00 0.000000e+00
    outer loop
      vertex   2.750000e+01 -1.000000e+00 7.886751e+00
      vertex   4.100000e+01 -1.000000e+00 1.000000e+01
      vertex   2.150000e+01 -1.000000e+00 7.886751e+00
    endloop
  endfacet
  facet normal 0.000000e+00 -1.000000e+00 0.000000e+00
    outer loop
      vertex   2.150000e+01 -1.000000e+00 7.886751e+00
      vertex   4.100000e+01 -1.000000e+00 1.000000e+01
      vertex   1.000000e+00 -1.000000e+00 1.000000e+01
    endloop
  endfacet
  facet normal 0.000000e+00 -1.000000e+00 0.000000e+00
    outer loop
      vertex   2.150000e+01 -1.000000e+00 7.886751e+00
      vertex   1.000000e+00 -1.000000e+00 1.000000e+01
      vertex   1.550000e+01 -1.000000e+00 7.886751e+00
    endloop
  endfacet
  facet normal 0.000000e+00 -1.000000e+00 0.000000e+00
    outer loop
      vertex   9.500000e+00 -1.000000e+00 2.113249e+00
      vertex   7.000000e+00 -1.000000e+00 3.556624e+00
      vertex   5.035898e+00 -1.000000e+00 3.000000e+00
    endloop
  endfacet
  facet normal -0.000000e+00 -1.000000e+00 0.000000e+00
    outer loop
      vertex   2.750000e+01 -1.000000e+00 7.886751e+00
      vertex   2.150000e+01 -1.000000e+00 7.886751e+00
      vertex   2.500000e+01 -1.000000e+00 6.443376e+00
    endloop
  endfacet
  facet normal -0.000000e+00 -1.000000e+00 0.000000e+00
    outer loop
      vertex   2.500000e+01 -1.000000e+00 6.443376e+00
      vertex   2.150000e+01 -1.000000e+00 7.886751e+00
      vertex   2.400000e+01 -1.000000e+00 6.443376e+00
    endloop
  endfacet
  facet normal 0.000000e+00 -1.000000e+00 -0.000000e+00
    outer loop
      vertex   2.500000e+01 -1.000000e+00 6.443376e+00
      vertex   2.400000e+01 -1.000000e+00 6.443376e+00
      vertex   2.500000e+01 -1.000000e+00 3.556624e+00
    endloop
  endfacet
  facet normal -0.000000e+00 -1.000000e+00 0.000000e+00
    outer loop
      vertex   2.500000e+01 -1.000000e+00 3.556624e+00
      vertex   2.400000e+01 -1.000000e+00 6.443376e+00
      vertex   2.400000e+01 -1.000000e+00 3.556624e+00
    endloop
  endfacet
  facet normal 0.000000e+00 -1.000000e+00 -0.000000e+00
    outer loop
      vertex   2.500000e+01 -1.000000e+00 3.556624e+00
      vertex   2.400000e+01 -1.000000e+00 3.556624e+00
      vertex   2.750000e+01 -1.000000e+00 2.113249e+00
    endloop
  endfacet
  facet normal 0.000000e+00 -1.000000e+00 0.000000e+00
    outer loop
      vertex   2.750000e+01 -1.000000e+00 2.113249e+00
      vertex   2.400000e+01 -1.000000e+00 3.556624e+00
      vertex   2.150000e+01 -1.000000e+00 2.113249e+00
    endloop
  endfacet
  facet normal 0.000000e+00 -1.000000e+00 0.000000e+00
    outer loop
      vertex   1.550000e+01 -1.000000e+00 2.113249e+00
      vertex   2.150000e+01 -1.000000e+00 2.113249e+00
      vertex   1.800000e+01 -1.000000e+00 3.556624e+00
    endloop
  endfacet
  facet normal 0.000000e+00 -1.000000e+00 0.000000e+00
    outer loop
      vertex   1.800000e+01 -1.000000e+00 3.556624e+00
      vertex   2.150000e+01 -1.000000e+00 2.113249e+00
      vertex   1.900000e+01 -1.000000e+00 3.556624e+00
    endloop
  endfacet
  facet normal 0.000000e+00 -1.000000e+00 0.000000e+00
    outer loop
      vertex   1.800000e+01 -1.000000e+00 3.556624e+00
      vertex   1.900000e+01 -1.000000e+00 3.556624e+00
      vertex   1.800000e+01 -1.000000e+00 6.443376e+00
    endloop
  endfacet
  facet normal 0.000000e+00 -1.000000e+00 0.000000e+00
    outer loop
      vertex   1.800000e+01 -1.000000e+00 6.443376e+00
      vertex   1.900000e+01 -1.000000e+00 3.556624e+00
      vertex   1.900000e+01 -1.000000e+00 6.443376e+00
    endloop
  endfacet
  facet normal 0.000000e+00 -1.000000e+00 0.000000e+00
    outer loop
      vertex   1.800000e+01 -1.000000e+00 6.443376e+00
      vertex   1.900000e+01 -1.000000e+00 6.443376e+00
      vertex   1.550000e+01 -1.000000e+00 7.886751e+00
    endloop
  endfacet
  facet normal 0.000000e+00 -1.000000e+00 0.000000e+00
    outer loop
      vertex   1.550000e+01 -1.000000e+00 7.886751e+00
      vertex   1.900000e+01 -1.000000e+00 6.443376e+00
      vertex   2.150000e+01 -1.000000e+00 7.886751e+00
    endloop
  endfacet
  facet normal 0.000000e+00 1.000000e+00 0.000000e+00
    outer loop
      vertex   1.000000e+00 -3.300000e+01 3.556624e+00
      vertex   1.964102e+00 -3.300000e+01 3.000000e+00
      vertex   1.000000e+00 -3.300000e+01 3.000000e+00
    endloop
  endfacet
  facet normal -0.000000e+00 1.000000e+00 0.000000e+00
    outer loop
      vertex   5.000000e+00 -3.300000e+01 3.000000e+00
      vertex   5.035898e+00 -3.300000e+01 3.000000e+00
      vertex   5.000000e+00 -3.300000e+01 1.000000e+00
    endloop
  endfacet
  facet normal 0.000000e+00 1.000000e+00 0.000000e+00
    outer loop
      vertex   5.000000e+00 -3.300000e+01 1.000000e+00
      vertex   5.035898e+00 -3.300000e+01 3.000000e+00
      vertex   9.500000e+00 -3.300000e+01 2.113249e+00
    endloop
  endfacet
  facet normal 0.000000e+00 1.000000e+00 0.000000e+00
    outer loop
      vertex   5.000000e+00 -3.300000e+01 1.000000e+00
      vertex   9.500000e+00 -3.300000e+01 2.113249e+00
      vertex   1.550000e+01 -3.300000e+01 2.113249e+00
    endloop
  endfacet
  facet normal 0.000000e+00 1.000000e+00 0.000000e+00
    outer loop
      vertex   1.550000e+01 -3.300000e+01 2.113249e+00
      vertex   9.500000e+00 -3.300000e+01 2.113249e+00
      vertex   1.300000e+01 -3.300000e+01 3.556624e+00
    endloop
  endfacet
  facet normal 0.000000e+00 1.000000e+00 0.000000e+00
    outer loop
      vertex   1.300000e+01 -3.300000e+01 3.556624e+00
      vertex   9.500000e+00 -3.300000e+01 2.113249e+00
      vertex   1.200000e+01 -3.300000e+01 3.556624e+00
    endloop
  endfacet
  facet normal 0.000000e+00 1.000000e+00 -0.000000e+00
    outer loop
      vertex   1.300000e+01 -3.300000e+01 3.556624e+00
      vertex   1.200000e+01 -3.300000e+01 3.556624e+00
      vertex   1.300000e+01 -3.300000e+01 6.443376e+00
    endloop
  endfacet
  facet normal 0.000000e+00 1.000000e+00 0.000000e+00
    outer loop
      vertex   1.300000e+01 -3.300000e+01 6.443376e+00
      vertex   1.200000e+01 -3.300000e+01 3.556624e+00
      vertex   1.200000e+01 -3.300000e+01 6.443376e+00
    endloop
  endfacet
  facet normal 0.000000e+00 1.000000e+00 -0.000000e+00
    outer loop
      vertex   1.300000e+01 -3.300000e+01 6.443376e+00
      vertex   1.200000e+01 -3.300000e+01 6.443376e+00
      vertex   1.550000e+01 -3.300000e+01 7.886751e+00
    endloop
  endfacet
  facet normal 0.000000e+00 1.000000e+00 0.000000e+00
    outer loop
      vertex   1.550000e+01 -3.300000e+01 7.886751e+00
      vertex   1.200000e+01 -3.300000e+01 6.443376e+00
      vertex   9.500000e+00 -3.300000e+01 7.886751e+00
    endloop
  endfacet
  facet normal 0.000000e+00 1.000000e+00 0.000000e+00
    outer loop
      vertex   1.550000e+01 -3.300000e+01 7.886751e+00
      vertex   9.500000e+00 -3.300000e+01 7.886751e+00
      vertex   1.000000e+00 -3.300000e+01 1.000000e+01
    endloop
  endfacet
  facet normal 0.000000e+00 1.000000e+00 0.000000e+00
    outer loop
      vertex   1.000000e+00 -3.300000e+01 1.000000e+01
      vertex   9.500000e+00 -3.300000e+01 7.886751e+00
      vertex   3.500000e+00 -3.300000e+01 7.886751e+00
    endloop
  endfacet
  facet normal 0.000000e+00 1.000000e+00 0.000000e+00
    outer loop
      vertex   1.000000e+00 -3.300000e+01 1.000000e+01
      vertex   3.500000e+00 -3.300000e+01 7.886751e+00
      vertex   1.000000e+00 -3.300000e+01 6.443376e+00
    endloop
  endfacet
  facet normal 0.000000e+00 1.000000e+00 0.000000e+00
    outer loop
      vertex   9.500000e+00 -3.300000e+01 2.113249e+00
      vertex   5.035898e+00 -3.300000e+01 3.000000e+00
      vertex   7.000000e+00 -3.300000e+01 3.556624e+00
    endloop
  endfacet
  facet normal 0.000000e+00 1.000000e+00 0.000000e+00
    outer loop
      vertex   7.000000e+00 -3.300000e+01 3.556624e+00
      vertex   5.035898e+00 -3.300000e+01 3.000000e+00
      vertex   6.000000e+00 -3.300000e+01 3.556624e+00
    endloop
  endfacet
  facet normal 0.000000e+00 1.000000e+00 -0.000000e+00
    outer loop
      vertex   7.000000e+00 -3.300000e+01 3.556624e+00
      vertex   6.000000e+00 -3.300000e+01 3.556624e+00
      vertex   7.000000e+00 -3.300000e+01 6.443376e+00
    endloop
  endfacet
  facet normal 0.000000e+00 1.000000e+00 0.000000e+00
    outer loop
      vertex   7.000000e+00 -3.300000e+01 6.443376e+00
      vertex   6.000000e+00 -3.300000e+01 3.556624e+00
      vertex   6.000000e+00 -3.300000e+01 6.443376e+00
    endloop
  endfacet
  facet normal 0.000000e+00 1.000000e+00 -0.000000e+00
    outer loop
      vertex   7.000000e+00 -3.300000e+01 6.443376e+00
      vertex   6.000000e+00 -3.300000e+01 6.443376e+00
      vertex   9.500000e+00 -3.300000e+01 7.886751e+00
    endloop
  endfacet
  facet normal 0.000000e+00 1.000000e+00 0.000000e+00
    outer loop
      vertex   9.500000e+00 -3.300000e+01 7.886751e+00
      vertex   6.000000e+00 -3.300000e+01 6.443376e+00
      vertex   3.500000e+00 -3.300000e+01 7.886751e+00
    endloop
  endfacet
  facet normal 0.000000e+00 1.000000e+00 -0.000000e+00
    outer loop
      vertex   1.550000e+01 -3.300000e+01 7.886751e+00
      vertex   1.000000e+00 -3.300000e+01 1.000000e+01
      vertex   2.150000e+01 -3.300000e+01 7.886751e+00
    endloop
  endfacet
  facet normal 0.000000e+00 1.000000e+00 -0.000000e+00
    outer loop
      vertex   2.150000e+01 -3.300000e+01 7.886751e+00
      vertex   1.000000e+00 -3.300000e+01 1.000000e+01
      vertex   4.100000e+01 -3.300000e+01 1.000000e+01
    endloop
  endfacet
  facet normal 0.000000e+00 1.000000e+00 0.000000e+00
    outer loop
      vertex   2.150000e+01 -3.300000e+01 7.886751e+00
      vertex   4.100000e+01 -3.300000e+01 1.000000e+01
      vertex   2.750000e+01 -3.300000e+01 7.886751e+00
    endloop
  endfacet
  facet normal 0.000000e+00 1.000000e+00 0.000000e+00
    outer loop
      vertex   2.750000e+01 -3.300000e+01 7.886751e+00
      vertex   4.100000e+01 -3.300000e+01 1.000000e+01
      vertex   3.350000e+01 -3.300000e+01 7.886751e+00
    endloop
  endfacet
  facet normal -0.000000e+00 1.000000e+00 0.000000e+00
    outer loop
      vertex   2.750000e+01 -3.300000e+01 7.886751e+00
      vertex   3.350000e+01 -3.300000e+01 7.886751e+00
      vertex   3.000000e+01 -3.300000e+01 6.443376e+00
    endloop
  endfacet
  facet normal 0.000000e+00 1.000000e+00 0.000000e+00
    outer loop
      vertex   3.000000e+01 -3.300000e+01 6.443376e+00
      vertex   3.350000e+01 -3.300000e+01 7.886751e+00
      vertex   3.100000e+01 -3.300000e+01 6.443376e+00
    endloop
  endfacet
  facet normal -0.000000e+00 1.000000e+00 0.000000e+00
    outer loop
      vertex   3.000000e+01 -3.300000e+01 6.443376e+00
      vertex   3.100000e+01 -3.300000e+01 6.443376e+00
      vertex   3.000000e+01 -3.300000e+01 3.556624e+00
    endloop
  endfacet
  facet normal 0.000000e+00 1.000000e+00 0.000000e+00
    outer loop
      vertex   3.000000e+01 -3.300000e+01 3.556624e+00
      vertex   3.100000e+01 -3.300000e+01 6.443376e+00
      vertex   3.100000e+01 -3.300000e+01 3.556624e+00
    endloop
  endfacet
  facet normal -0.000000e+00 1.000000e+00 0.000000e+00
    outer loop
      vertex   3.000000e+01 -3.300000e+01 3.556624e+00
      vertex   3.100000e+01 -3.300000e+01 3.556624e+00
      vertex   2.750000e+01 -3.300000e+01 2.113249e+00
    endloop
  endfacet
  facet normal 0.000000e+00 1.000000e+00 0.000000e+00
    outer loop
      vertex   2.750000e+01 -3.300000e+01 2.113249e+00
      vertex   3.100000e+01 -3.300000e+01 3.556624e+00
      vertex   3.350000e+01 -3.300000e+01 2.113249e+00
    endloop
  endfacet
  facet normal -0.000000e+00 1.000000e+00 0.000000e+00
    outer loop
      vertex   2.750000e+01 -3.300000e+01 2.113249e+00
      vertex   3.350000e+01 -3.300000e+01 2.113249e+00
      vertex   3.700000e+01 -3.300000e+01 1.000000e+00
    endloop
  endfacet
  facet normal 0.000000e+00 1.000000e+00 -0.000000e+00
    outer loop
      vertex   3.700000e+01 -3.300000e+01 1.000000e+00
      vertex   3.350000e+01 -3.300000e+01 2.113249e+00
      vertex   3.700000e+01 -3.300000e+01 3.000000e+00
    endloop
  endfacet
  facet normal 0.000000e+00 1.000000e+00 0.000000e+00
    outer loop
      vertex   3.700000e+01 -3.300000e+01 3.000000e+00
      vertex   3.350000e+01 -3.300000e+01 2.113249e+00
      vertex   3.600000e+01 -3.300000e+01 3.556624e+00
    endloop
  endfacet
  facet normal 0.000000e+00 1.000000e+00 -0.000000e+00
    outer loop
      vertex   3.700000e+01 -3.300000e+01 3.000000e+00
      vertex   3.600000e+01 -3.300000e+01 3.556624e+00
      vertex   4.100000e+01 -3.300000e+01 3.000000e+00
    endloop
  endfacet
  facet normal 0.000000e+00 1.000000e+00 0.000000e+00
    outer loop
      vertex   4.100000e+01 -3.300000e+01 3.000000e+00
      vertex   3.600000e+01 -3.300000e+01 3.556624e+00
      vertex   3.600000e+01 -3.300000e+01 6.443376e+00
    endloop
  endfacet
  facet normal 0.000000e+00 1.000000e+00 -0.000000e+00
    outer loop
      vertex   4.100000e+01 -3.300000e+01 3.000000e+00
      vertex   3.600000e+01 -3.300000e+01 6.443376e+00
      vertex   4.100000e+01 -3.300000e+01 1.000000e+01
    endloop
  endfacet
  facet normal 0.000000e+00 1.000000e+00 0.000000e+00
    outer loop
      vertex   4.100000e+01 -3.300000e+01 1.000000e+01
      vertex   3.600000e+01 -3.300000e+01 6.443376e+00
      vertex   3.350000e+01 -3.300000e+01 7.886751e+00
    endloop
  endfacet
  facet normal 0.000000e+00 1.000000e+00 0.000000e+00
    outer loop
      vertex   2.750000e+01 -3.300000e+01 2.113249e+00
      vertex   3.700000e+01 -3.300000e+01 1.000000e+00
      vertex   2.150000e+01 -3.300000e+01 2.113249e+00
    endloop
  endfacet
  facet normal 0.000000e+00 1.000000e+00 0.000000e+00
    outer loop
      vertex   2.150000e+01 -3.300000e+01 2.113249e+00
      vertex   3.700000e+01 -3.300000e+01 1.000000e+00
      vertex   5.000000e+00 -3.300000e+01 1.000000e+00
    endloop
  endfacet
  facet normal 0.000000e+00 1.000000e+00 0.000000e+00
    outer loop
      vertex   2.150000e+01 -3.300000e+01 2.113249e+00
      vertex   5.000000e+00 -3.300000e+01 1.000000e+00
      vertex   1.550000e+01 -3.300000e+01 2.113249e+00
    endloop
  endfacet
  facet normal -0.000000e+00 1.000000e+00 0.000000e+00
    outer loop
      vertex   2.150000e+01 -3.300000e+01 7.886751e+00
      vertex   2.750000e+01 -3.300000e+01 7.886751e+00
      vertex   2.400000e+01 -3.300000e+01 6.443376e+00
    endloop
  endfacet
  facet normal 0.000000e+00 1.000000e+00 0.000000e+00
    outer loop
      vertex   2.400000e+01 -3.300000e+01 6.443376e+00
      vertex   2.750000e+01 -3.300000e+01 7.886751e+00
      vertex   2.500000e+01 -3.300000e+01 6.443376e+00
    endloop
  endfacet
  facet normal -0.000000e+00 1.000000e+00 0.000000e+00
    outer loop
      vertex   2.400000e+01 -3.300000e+01 6.443376e+00
      vertex   2.500000e+01 -3.300000e+01 6.443376e+00
      vertex   2.400000e+01 -3.300000e+01 3.556624e+00
    endloop
  endfacet
  facet normal 0.000000e+00 1.000000e+00 0.000000e+00
    outer loop
      vertex   2.400000e+01 -3.300000e+01 3.556624e+00
      vertex   2.500000e+01 -3.300000e+01 6.443376e+00
      vertex   2.500000e+01 -3.300000e+01 3.556624e+00
    endloop
  endfacet
  facet normal -0.000000e+00 1.000000e+00 0.000000e+00
    outer loop
      vertex   2.400000e+01 -3.300000e+01 3.556624e+00
      vertex   2.500000e+01 -3.300000e+01 3.556624e+00
      vertex   2.150000e+01 -3.300000e+01 2.113249e+00
    endloop
  endfacet
  facet normal 0.000000e+00 1.000000e+00 0.000000e+00
    outer loop
      vertex   2.150000e+01 -3.300000e+01 2.113249e+00
      vertex   2.500000e+01 -3.300000e+01 3.556624e+00
      vertex   2.750000e+01 -3.300000e+01 2.113249e+00
    endloop
  endfacet
  facet normal -0.000000e+00 1.000000e+00 0.000000e+00
    outer loop
      vertex   1.550000e+01 -3.300000e+01 7.886751e+00
      vertex   2.150000e+01 -3.300000e+01 7.886751e+00
      vertex   1.800000e+01 -3.300000e+01 6.443376e+00
    endloop
  endfacet
  facet normal 0.000000e+00 1.000000e+00 0.000000e+00
    outer loop
      vertex   1.800000e+01 -3.300000e+01 6.443376e+00
      vertex   2.150000e+01 -3.300000e+01 7.886751e+00
      vertex   1.900000e+01 -3.300000e+01 6.443376e+00
    endloop
  endfacet
  facet normal -0.000000e+00 1.000000e+00 0.000000e+00
    outer loop
      vertex   1.800000e+01 -3.300000e+01 6.443376e+00
      vertex   1.900000e+01 -3.300000e+01 6.443376e+00
      vertex   1.800000e+01 -3.300000e+01 3.556624e+00
    endloop
  endfacet
  facet normal 0.000000e+00 1.000000e+00 0.000000e+00
    outer loop
      vertex   1.800000e+01 -3.300000e+01 3.556624e+00
      vertex   1.900000e+01 -3.300000e+01 6.443376e+00
      vertex   1.900000e+01 -3.300000e+01 3.556624e+00
    endloop
  endfacet
  facet normal -0.000000e+00 1.000000e+00 0.000000e+00
    outer loop
      vertex   1.800000e+01 -3.300000e+01 3.556624e+00
      vertex   1.900000e+01 -3.300000e+01 3.556624e+00
      vertex   1.550000e+01 -3.300000e+01 2.113249e+00
    endloop
  endfacet
  facet normal 0.000000e+00 1.000000e+00 0.000000e+00
    outer loop
      vertex   1.550000e+01 -3.300000e+01 2.113249e+00
      vertex   1.900000e+01 -3.300000e+01 3.556624e+00
      vertex   2.150000e+01 -3.300000e+01 2.113249e+00
    endloop
  endfacet
  facet normal 0.000000e+00 1.000000e+00 6.265261e-08
    outer loop
      vertex   4.200000e+01 -3.050000e+01 1.000000e+01
      vertex   4.200000e+01 -3.050000e+01 5.600000e+00
      vertex   4.100000e+01 -3.050000e+01 1.000000e+01
    endloop
  endfacet
  facet normal 0.000000e+00 1.000000e+00 6.265261e-08
    outer loop
      vertex   4.100000e+01 -3.050000e+01 1.000000e+01
      vertex   4.200000e+01 -3.050000e+01 5.600000e+00
      vertex   4.100000e+01 -3.050000e+01 5.600000e+00
    endloop
  endfacet
  facet normal -0.000000e+00 9.914449e-01 1.305262e-01
    outer loop
      vertex   4.100000e+01 -3.050000e+01 5.600000e+00
      vertex   4.200000e+01 -3.050000e+01 5.600000e+00
      vertex   4.100000e+01 -3.046593e+01 5.341181e+00
    endloop
  endfacet
  facet normal -0.000000e+00 9.914449e-01 1.305262e-01
    outer loop
      vertex   4.100000e+01 -3.046593e+01 5.341181e+00
      vertex   4.200000e+01 -3.050000e+01 5.600000e+00
      vertex   4.200000e+01 -3.046593e+01 5.341181e+00
    endloop
  endfacet
  facet normal -0.000000e+00 9.238795e-01 3.826834e-01
    outer loop
      vertex   4.100000e+01 -3.046593e+01 5.341181e+00
      vertex   4.200000e+01 -3.046593e+01 5.341181e+00
      vertex   4.100000e+01 -3.036603e+01 5.100000e+00
    endloop
  endfacet
  facet normal 3.398914e-16 9.238795e-01 3.826834e-01
    outer loop
      vertex   4.100000e+01 -3.036603e+01 5.100000e+00
      vertex   4.200000e+01 -3.046593e+01 5.341181e+00
      vertex   4.200000e+01 -3.036603e+01 5.100000e+00
    endloop
  endfacet
  facet normal 5.406891e-16 7.933533e-01 6.087614e-01
    outer loop
      vertex   4.100000e+01 -3.036603e+01 5.100000e+00
      vertex   4.200000e+01 -3.036603e+01 5.100000e+00
      vertex   4.100000e+01 -3.020711e+01 4.892893e+00
    endloop
  endfacet
  facet normal -0.000000e+00 7.933533e-01 6.087614e-01
    outer loop
      vertex   4.100000e+01 -3.020711e+01 4.892893e+00
      vertex   4.200000e+01 -3.036603e+01 5.100000e+00
      vertex   4.200000e+01 -3.020711e+01 4.892893e+00
    endloop
  endfacet
  facet normal -0.000000e+00 6.087614e-01 7.933533e-01
    outer loop
      vertex   4.100000e+01 -3.020711e+01 4.892893e+00
      vertex   4.200000e+01 -3.020711e+01 4.892893e+00
      vertex   4.100000e+01 -3.000000e+01 4.733975e+00
    endloop
  endfacet
  facet normal -0.000000e+00 6.087614e-01 7.933533e-01
    outer loop
      vertex   4.100000e+01 -3.000000e+01 4.733975e+00
      vertex   4.200000e+01 -3.020711e+01 4.892893e+00
      vertex   4.200000e+01 -3.000000e+01 4.733975e+00
    endloop
  endfacet
  facet normal -0.000000e+00 3.826834e-01 9.238795e-01
    outer loop
      vertex   4.100000e+01 -3.000000e+01 4.733975e+00
      vertex   4.200000e+01 -3.000000e+01 4.733975e+00
      vertex   4.100000e+01 -2.975882e+01 4.634074e+00
    endloop
  endfacet
  facet normal -0.000000e+00 3.826834e-01 9.238795e-01
    outer loop
      vertex   4.100000e+01 -2.975882e+01 4.634074e+00
      vertex   4.200000e+01 -3.000000e+01 4.733975e+00
      vertex   4.200000e+01 -2.975882e+01 4.634074e+00
    endloop
  endfacet
  facet normal -0.000000e+00 1.305262e-01 9.914449e-01
    outer loop
      vertex   4.100000e+01 -2.975882e+01 4.634074e+00
      vertex   4.200000e+01 -2.975882e+01 4.634074e+00
      vertex   4.200000e+01 -2.950000e+01 4.600000e+00
    endloop
  endfacet
  facet normal 0.000000e+00 1.305262e-01 9.914449e-01
    outer loop
      vertex   4.200000e+01 -2.950000e+01 4.600000e+00
      vertex   4.100000e+01 -2.950000e+01 4.600000e+00
      vertex   4.100000e+01 -2.975882e+01 4.634074e+00
    endloop
  endfacet
  facet normal 0.000000e+00 -0.000000e+00 1.000000e+00
    outer loop
      vertex   4.200000e+01 -2.950000e+01 4.600000e+00
      vertex   4.200000e+01 -2.650000e+01 4.600000e+00
      vertex   4.100000e+01 -2.950000e+01 4.600000e+00
    endloop
  endfacet
  facet normal 0.000000e+00 0.000000e+00 1.000000e+00
    outer loop
      vertex   4.100000e+01 -2.950000e+01 4.600000e+00
      vertex   4.200000e+01 -2.650000e+01 4.600000e+00
      vertex   4.100000e+01 -2.650000e+01 4.600000e+00
    endloop
  endfacet
  facet normal 0.000000e+00 -1.305262e-01 9.914449e-01
    outer loop
      vertex   4.100000e+01 -2.650000e+01 4.600000e+00
      vertex   4.200000e+01 -2.650000e+01 4.600000e+00
      vertex   4.100000e+01 -2.624118e+01 4.634074e+00
    endloop
  endfacet
  facet normal 0.000000e+00 -1.305262e-01 9.914449e-01
    outer loop
      vertex   4.100000e+01 -2.624118e+01 4.634074e+00
      vertex   4.200000e+01 -2.650000e+01 4.600000e+00
      vertex   4.200000e+01 -2.624118e+01 4.634074e+00
    endloop
  endfacet
  facet normal 0.000000e+00 -3.826834e-01 9.238795e-01
    outer loop
      vertex   4.100000e+01 -2.624118e+01 4.634074e+00
      vertex   4.200000e+01 -2.624118e+01 4.634074e+00
      vertex   4.100000e+01 -2.600000e+01 4.733975e+00
    endloop
  endfacet
  facet normal 0.000000e+00 -3.826834e-01 9.238795e-01
    outer loop
      vertex   4.100000e+01 -2.600000e+01 4.733975e+00
      vertex   4.200000e+01 -2.624118e+01 4.634074e+00
      vertex   4.200000e+01 -2.600000e+01 4.733975e+00
    endloop
  endfacet
  facet normal 0.000000e+00 -6.087614e-01 7.933533e-01
    outer loop
      vertex   4.100000e+01 -2.600000e+01 4.733975e+00
      vertex   4.200000e+01 -2.600000e+01 4.733975e+00
      vertex   4.100000e+01 -2.579289e+01 4.892893e+00
    endloop
  endfacet
  facet normal 0.000000e+00 -6.087614e-01 7.933533e-01
    outer loop
      vertex   4.100000e+01 -2.579289e+01 4.892893e+00
      vertex   4.200000e+01 -2.600000e+01 4.733975e+00
      vertex   4.200000e+01 -2.579289e+01 4.892893e+00
    endloop
  endfacet
  facet normal 0.000000e+00 -7.933533e-01 6.087614e-01
    outer loop
      vertex   4.100000e+01 -2.579289e+01 4.892893e+00
      vertex   4.200000e+01 -2.579289e+01 4.892893e+00
      vertex   4.100000e+01 -2.563397e+01 5.100000e+00
    endloop
  endfacet
  facet normal 0.000000e+00 -7.933533e-01 6.087614e-01
    outer loop
      vertex   4.100000e+01 -2.563397e+01 5.100000e+00
      vertex   4.200000e+01 -2.579289e+01 4.892893e+00
      vertex   4.200000e+01 -2.563397e+01 5.100000e+00
    endloop
  endfacet
  facet normal 0.000000e+00 -9.238795e-01 3.826834e-01
    outer loop
      vertex   4.100000e+01 -2.563397e+01 5.100000e+00
      vertex   4.200000e+01 -2.563397e+01 5.100000e+00
      vertex   4.100000e+01 -2.553407e+01 5.341181e+00
    endloop
  endfacet
  facet normal 0.000000e+00 -9.238795e-01 3.826834e-01
    outer loop
      vertex   4.100000e+01 -2.553407e+01 5.341181e+00
      vertex   4.200000e+01 -2.563397e+01 5.100000e+00
      vertex   4.200000e+01 -2.553407e+01 5.341181e+00
    endloop
  endfacet
  facet normal 0.000000e+00 -9.914449e-01 1.305262e-01
    outer loop
      vertex   4.100000e+01 -2.553407e+01 5.341181e+00
      vertex   4.200000e+01 -2.553407e+01 5.341181e+00
      vertex   4.200000e+01 -2.550000e+01 5.600000e+00
    endloop
  endfacet
  facet normal 0.000000e+00 -9.914449e-01 1.305262e-01
    outer loop
      vertex   4.200000e+01 -2.550000e+01 5.600000e+00
      vertex   4.100000e+01 -2.550000e+01 5.600000e+00
      vertex   4.100000e+01 -2.553407e+01 5.341181e+00
    endloop
  endfacet
  facet normal 0.000000e+00 -1.000000e+00 -4.571947e-08
    outer loop
      vertex   4.100000e+01 -2.550000e+01 5.600000e+00
      vertex   4.200000e+01 -2.550000e+01 5.600000e+00
      vertex   4.100000e+01 -2.550000e+01 1.000000e+01
    endloop
  endfacet
  facet normal 0.000000e+00 -1.000000e+00 -4.571947e-08
    outer loop
      vertex   4.100000e+01 -2.550000e+01 1.000000e+01
      vertex   4.200000e+01 -2.550000e+01 5.600000e+00
      vertex   4.200000e+01 -2.550000e+01 1.000000e+01
    endloop
  endfacet
  facet normal 9.914449e-01 -1.305262e-01 0.000000e+00
    outer loop
      vertex   1.000000e+00 -1.150000e+01 5.600000e+00
      vertex   1.000000e+00 -1.150000e+01 7.200000e+00
      vertex   9.829629e-01 -1.162941e+01 5.600000e+00
    endloop
  endfacet
  facet normal 9.914449e-01 -1.305262e-01 2.751812e-16
    outer loop
      vertex   9.829629e-01 -1.162941e+01 5.600000e+00
      vertex   1.000000e+00 -1.150000e+01 7.200000e+00
      vertex   9.829629e-01 -1.162941e+01 7.200000e+00
    endloop
  endfacet
  facet normal 9.238795e-01 -3.826834e-01 2.564281e-16
    outer loop
      vertex   9.829629e-01 -1.162941e+01 5.600000e+00
      vertex   9.829629e-01 -1.162941e+01 7.200000e+00
      vertex   9.330127e-01 -1.175000e+01 5.600000e+00
    endloop
  endfacet
  facet normal 9.238795e-01 -3.826834e-01 6.171850e-16
    outer loop
      vertex   9.330127e-01 -1.175000e+01 5.600000e+00
      vertex   9.829629e-01 -1.162941e+01 7.200000e+00
      vertex   9.330127e-01 -1.175000e+01 7.200000e+00
    endloop
  endfacet
  facet normal 7.933533e-01 -6.087614e-01 8.410108e-16
    outer loop
      vertex   9.330127e-01 -1.175000e+01 5.600000e+00
      vertex   9.330127e-01 -1.175000e+01 7.200000e+00
      vertex   8.535534e-01 -1.185355e+01 5.600000e+00
    endloop
  endfacet
  facet normal 7.933533e-01 -6.087614e-01 1.100999e-16
    outer loop
      vertex   8.535534e-01 -1.185355e+01 5.600000e+00
      vertex   9.330127e-01 -1.175000e+01 7.200000e+00
      vertex   8.535534e-01 -1.185355e+01 7.200000e+00
    endloop
  endfacet
  facet normal 6.087614e-01 -7.933533e-01 8.448262e-17
    outer loop
      vertex   8.535534e-01 -1.185355e+01 5.600000e+00
      vertex   8.535534e-01 -1.185355e+01 7.200000e+00
      vertex   7.500000e-01 -1.193301e+01 5.600000e+00
    endloop
  endfacet
  facet normal 6.087614e-01 -7.933533e-01 8.448262e-17
    outer loop
      vertex   7.500000e-01 -1.193301e+01 5.600000e+00
      vertex   8.535534e-01 -1.185355e+01 7.200000e+00
      vertex   7.500000e-01 -1.193301e+01 7.200000e+00
    endloop
  endfacet
  facet normal 3.826834e-01 -9.238795e-01 5.310799e-17
    outer loop
      vertex   7.500000e-01 -1.193301e+01 5.600000e+00
      vertex   7.500000e-01 -1.193301e+01 7.200000e+00
      vertex   6.294095e-01 -1.198296e+01 5.600000e+00
    endloop
  endfacet
  facet normal 3.826834e-01 -9.238795e-01 1.025712e-15
    outer loop
      vertex   6.294095e-01 -1.198296e+01 5.600000e+00
      vertex   7.500000e-01 -1.193301e+01 7.200000e+00
      vertex   6.294095e-01 -1.198296e+01 7.200000e+00
    endloop
  endfacet
  facet normal 1.305262e-01 -9.914449e-01 1.100725e-15
    outer loop
      vertex   6.294095e-01 -1.198296e+01 5.600000e+00
      vertex   6.294095e-01 -1.198296e+01 7.200000e+00
      vertex   5.000000e-01 -1.200000e+01 5.600000e+00
    endloop
  endfacet
  facet normal 1.305262e-01 -9.914449e-01 0.000000e+00
    outer loop
      vertex   5.000000e-01 -1.200000e+01 5.600000e+00
      vertex   6.294095e-01 -1.198296e+01 7.200000e+00
      vertex   5.000000e-01 -1.200000e+01 7.200000e+00
    endloop
  endfacet
  facet normal 1.869275e-01 -1.282255e-01 9.739694e-01
    outer loop
      vertex   5.000000e-01 -1.274118e+01 4.634074e+00
      vertex   5.000000e-01 -1.300000e+01 4.600000e+00
      vertex   6.294095e-01 -1.282339e+01 4.598414e+00
    endloop
  endfacet
  facet normal 1.300379e-01 -8.641571e-02 9.877360e-01
    outer loop
      vertex   6.294095e-01 -1.282339e+01 4.598414e+00
      vertex   5.000000e-01 -1.300000e+01 4.600000e+00
      vertex   6.294095e-01 -1.300000e+01 4.582963e+00
    endloop
  endfacet
  facet normal 3.814394e-01 -8.056623e-02 9.208762e-01
    outer loop
      vertex   6.294095e-01 -1.282339e+01 4.598414e+00
      vertex   6.294095e-01 -1.300000e+01 4.582963e+00
      vertex   7.500000e-01 -1.300000e+01 4.533013e+00
    endloop
  endfacet
  facet normal 3.814394e-01 -8.056623e-02 9.208762e-01
    outer loop
      vertex   6.294095e-01 -1.282339e+01 4.598414e+00
      vertex   7.500000e-01 -1.300000e+01 4.533013e+00
      vertex   7.500000e-01 -1.281472e+01 4.549223e+00
    endloop
  endfacet
  facet normal 6.073003e-01 -6.924283e-02 7.914492e-01
    outer loop
      vertex   7.500000e-01 -1.281472e+01 4.549223e+00
      vertex   7.500000e-01 -1.300000e+01 4.533013e+00
      vertex   8.535534e-01 -1.300000e+01 4.453553e+00
    endloop
  endfacet
  facet normal 6.073003e-01 -6.924283e-02 7.914492e-01
    outer loop
      vertex   7.500000e-01 -1.281472e+01 4.549223e+00
      vertex   8.535534e-01 -1.300000e+01 4.453553e+00
      vertex   8.535534e-01 -1.280092e+01 4.470970e+00
    endloop
  endfacet
  facet normal 7.922305e-01 -5.318435e-02 6.078999e-01
    outer loop
      vertex   8.535534e-01 -1.280092e+01 4.470970e+00
      vertex   8.535534e-01 -1.300000e+01 4.453553e+00
      vertex   9.330127e-01 -1.300000e+01 4.350000e+00
    endloop
  endfacet
  facet normal 7.922305e-01 -5.318435e-02 6.078999e-01
    outer loop
      vertex   8.535534e-01 -1.280092e+01 4.470970e+00
      vertex   9.330127e-01 -1.300000e+01 4.350000e+00
      vertex   9.330127e-01 -1.278294e+01 4.368990e+00
    endloop
  endfacet
  facet normal 9.233622e-01 -3.346171e-02 3.824691e-01
    outer loop
      vertex   9.330127e-01 -1.278294e+01 4.368990e+00
      vertex   9.330127e-01 -1.300000e+01 4.350000e+00
      vertex   9.829629e-01 -1.300000e+01 4.229410e+00
    endloop
  endfacet
  facet normal 9.233622e-01 -3.346171e-02 3.824691e-01
    outer loop
      vertex   9.330127e-01 -1.278294e+01 4.368990e+00
      vertex   9.829629e-01 -1.300000e+01 4.229410e+00
      vertex   9.829629e-01 -1.276200e+01 4.250232e+00
    endloop
  endfacet
  facet normal 9.913802e-01 -1.141882e-02 1.305177e-01
    outer loop
      vertex   9.829629e-01 -1.276200e+01 4.250232e+00
      vertex   9.829629e-01 -1.300000e+01 4.229410e+00
      vertex   1.000000e+00 -1.300000e+01 4.100000e+00
    endloop
  endfacet
  facet normal 9.910073e-01 -1.311543e-02 1.331632e-01
    outer loop
      vertex   9.829629e-01 -1.276200e+01 4.250232e+00
      vertex   1.000000e+00 -1.300000e+01 4.100000e+00
      vertex   1.000000e+00 -1.270736e+01 4.128822e+00
    endloop
  endfacet
  facet normal 9.917006e-01 -3.327610e-02 1.241881e-01
    outer loop
      vertex   9.829629e-01 -1.276200e+01 4.250232e+00
      vertex   1.000000e+00 -1.270736e+01 4.128822e+00
      vertex   9.829629e-01 -1.253123e+01 4.312066e+00
    endloop
  endfacet
  facet normal 9.907259e-01 -3.944255e-02 1.300247e-01
    outer loop
      vertex   9.829629e-01 -1.253123e+01 4.312066e+00
      vertex   1.000000e+00 -1.270736e+01 4.128822e+00
      vertex   1.000000e+00 -1.242598e+01 4.214181e+00
    endloop
  endfacet
  facet normal 9.919187e-01 -5.361966e-02 1.149877e-01
    outer loop
      vertex   9.829629e-01 -1.253123e+01 4.312066e+00
      vertex   1.000000e+00 -1.242598e+01 4.214181e+00
      vertex   9.829629e-01 -1.231470e+01 4.413034e+00
    endloop
  endfacet
  facet normal 9.905309e-01 -6.471811e-02 1.210791e-01
    outer loop
      vertex   9.829629e-01 -1.231470e+01 4.413034e+00
      vertex   1.000000e+00 -1.242598e+01 4.214181e+00
      vertex   1.000000e+00 -1.216664e+01 4.352796e+00
    endloop
  endfacet
  facet normal 9.920456e-01 -7.220138e-02 1.031143e-01
    outer loop
      vertex   9.829629e-01 -1.231470e+01 4.413034e+00
      vertex   1.000000e+00 -1.216664e+01 4.352796e+00
      vertex   9.829629e-01 -1.211900e+01 4.550067e+00
    endloop
  endfacet
  facet normal 9.904310e-01 -8.755174e-02 1.066821e-01
    outer loop
      vertex   9.829629e-01 -1.211900e+01 4.550067e+00
      vertex   1.000000e+00 -1.216664e+01 4.352796e+00
      vertex   1.000000e+00 -1.193934e+01 4.539340e+00
    endloop
  endfacet
  facet normal 9.920872e-01 -8.877780e-02 8.877780e-02
    outer loop
      vertex   9.829629e-01 -1.211900e+01 4.550067e+00
      vertex   1.000000e+00 -1.193934e+01 4.539340e+00
      vertex   9.829629e-01 -1.195007e+01 4.719001e+00
    endloop
  endfacet
  facet normal 9.904310e-01 -1.066821e-01 8.755174e-02
    outer loop
      vertex   9.829629e-01 -1.195007e+01 4.719001e+00
      vertex   1.000000e+00 -1.193934e+01 4.539340e+00
      vertex   1.000000e+00 -1.175280e+01 4.766645e+00
    endloop
  endfacet
  facet normal 9.920456e-01 -1.031143e-01 7.220138e-02
    outer loop
      vertex   9.829629e-01 -1.195007e+01 4.719001e+00
      vertex   1.000000e+00 -1.175280e+01 4.766645e+00
      vertex   9.829629e-01 -1.181303e+01 4.914705e+00
    endloop
  endfacet
  facet normal 9.905309e-01 -1.210791e-01 6.471811e-02
    outer loop
      vertex   9.829629e-01 -1.181303e+01 4.914705e+00
      vertex   1.000000e+00 -1.175280e+01 4.766645e+00
      vertex   1.000000e+00 -1.161418e+01 5.025975e+00
    endloop
  endfacet
  facet normal 9.919187e-01 -1.149877e-01 5.361966e-02
    outer loop
      vertex   9.829629e-01 -1.181303e+01 4.914705e+00
      vertex   1.000000e+00 -1.161418e+01 5.025975e+00
      vertex   9.829629e-01 -1.171207e+01 5.131230e+00
    endloop
  endfacet
  facet normal 9.907259e-01 -1.300247e-01 3.944255e-02
    outer loop
      vertex   9.829629e-01 -1.171207e+01 5.131230e+00
      vertex   1.000000e+00 -1.161418e+01 5.025975e+00
      vertex   1.000000e+00 -1.152882e+01 5.307365e+00
    endloop
  endfacet
  facet normal 9.917006e-01 -1.241881e-01 3.327610e-02
    outer loop
      vertex   9.829629e-01 -1.171207e+01 5.131230e+00
      vertex   1.000000e+00 -1.152882e+01 5.307365e+00
      vertex   9.829629e-01 -1.165023e+01 5.361999e+00
    endloop
  endfacet
  facet normal 9.910073e-01 -1.331632e-01 1.311543e-02
    outer loop
      vertex   9.829629e-01 -1.165023e+01 5.361999e+00
      vertex   1.000000e+00 -1.152882e+01 5.307365e+00
      vertex   1.000000e+00 -1.150000e+01 5.600000e+00
    endloop
  endfacet
  facet normal 9.913802e-01 -1.305177e-01 1.141882e-02
    outer loop
      vertex   9.829629e-01 -1.165023e+01 5.361999e+00
      vertex   1.000000e+00 -1.150000e+01 5.600000e+00
      vertex   9.829629e-01 -1.162941e+01 5.600000e+00
    endloop
  endfacet
  facet normal 9.233622e-01 -3.824691e-01 3.346171e-02
    outer loop
      vertex   9.829629e-01 -1.162941e+01 5.600000e+00
      vertex   9.330127e-01 -1.175000e+01 5.600000e+00
      vertex   9.829629e-01 -1.165023e+01 5.361999e+00
    endloop
  endfacet
  facet normal 9.233622e-01 -3.824691e-01 3.346171e-02
    outer loop
      vertex   9.829629e-01 -1.165023e+01 5.361999e+00
      vertex   9.330127e-01 -1.175000e+01 5.600000e+00
      vertex   9.330127e-01 -1.176899e+01 5.382940e+00
    endloop
  endfacet
  facet normal 9.233622e-01 -3.708480e-01 9.936842e-02
    outer loop
      vertex   9.829629e-01 -1.165023e+01 5.361999e+00
      vertex   9.330127e-01 -1.176899e+01 5.382940e+00
      vertex   9.829629e-01 -1.171207e+01 5.131230e+00
    endloop
  endfacet
  facet normal 9.233622e-01 -3.708480e-01 9.936842e-02
    outer loop
      vertex   9.829629e-01 -1.171207e+01 5.131230e+00
      vertex   9.330127e-01 -1.176899e+01 5.382940e+00
      vertex   9.330127e-01 -1.182538e+01 5.172475e+00
    endloop
  endfacet
  facet normal 9.233622e-01 -3.479588e-01 1.622559e-01
    outer loop
      vertex   9.829629e-01 -1.171207e+01 5.131230e+00
      vertex   9.330127e-01 -1.182538e+01 5.172475e+00
      vertex   9.829629e-01 -1.181303e+01 4.914705e+00
    endloop
  endfacet
  facet normal 9.233622e-01 -3.479588e-01 1.622559e-01
    outer loop
      vertex   9.829629e-01 -1.181303e+01 4.914705e+00
      vertex   9.330127e-01 -1.182538e+01 5.172475e+00
      vertex   9.330127e-01 -1.191747e+01 4.975000e+00
    endloop
  endfacet
  facet normal 9.233622e-01 -3.144971e-01 2.202133e-01
    outer loop
      vertex   9.829629e-01 -1.181303e+01 4.914705e+00
      vertex   9.330127e-01 -1.191747e+01 4.975000e+00
      vertex   9.829629e-01 -1.195007e+01 4.719001e+00
    endloop
  endfacet
  facet normal 9.233622e-01 -3.144971e-01 2.202133e-01
    outer loop
      vertex   9.829629e-01 -1.195007e+01 4.719001e+00
      vertex   9.330127e-01 -1.191747e+01 4.975000e+00
      vertex   9.330127e-01 -1.204244e+01 4.796515e+00
    endloop
  endfacet
  facet normal 9.233622e-01 -2.714796e-01 2.714796e-01
    outer loop
      vertex   9.829629e-01 -1.195007e+01 4.719001e+00
      vertex   9.330127e-01 -1.204244e+01 4.796515e+00
      vertex   9.829629e-01 -1.211900e+01 4.550067e+00
    endloop
  endfacet
  facet normal 9.233622e-01 -2.714796e-01 2.714796e-01
    outer loop
      vertex   9.829629e-01 -1.211900e+01 4.550067e+00
      vertex   9.330127e-01 -1.204244e+01 4.796515e+00
      vertex   9.330127e-01 -1.219652e+01 4.642444e+00
    endloop
  endfacet
  facet normal 9.233622e-01 -2.202133e-01 3.144971e-01
    outer loop
      vertex   9.829629e-01 -1.211900e+01 4.550067e+00
      vertex   9.330127e-01 -1.219652e+01 4.642444e+00
      vertex   9.829629e-01 -1.231470e+01 4.413034e+00
    endloop
  endfacet
  facet normal 9.233622e-01 -2.202133e-01 3.144971e-01
    outer loop
      vertex   9.829629e-01 -1.231470e+01 4.413034e+00
      vertex   9.330127e-01 -1.219652e+01 4.642444e+00
      vertex   9.330127e-01 -1.237500e+01 4.517468e+00
    endloop
  endfacet
  facet normal 9.233622e-01 -1.622559e-01 3.479588e-01
    outer loop
      vertex   9.829629e-01 -1.231470e+01 4.413034e+00
      vertex   9.330127e-01 -1.237500e+01 4.517468e+00
      vertex   9.829629e-01 -1.253123e+01 4.312066e+00
    endloop
  endfacet
  facet normal 9.233622e-01 -1.622559e-01 3.479588e-01
    outer loop
      vertex   9.829629e-01 -1.253123e+01 4.312066e+00
      vertex   9.330127e-01 -1.237500e+01 4.517468e+00
      vertex   9.330127e-01 -1.257247e+01 4.425384e+00
    endloop
  endfacet
  facet normal 9.233622e-01 -9.936842e-02 3.708480e-01
    outer loop
      vertex   9.829629e-01 -1.253123e+01 4.312066e+00
      vertex   9.330127e-01 -1.257247e+01 4.425384e+00
      vertex   9.829629e-01 -1.276200e+01 4.250232e+00
    endloop
  endfacet
  facet normal 9.233622e-01 -9.936842e-02 3.708480e-01
    outer loop
      vertex   9.829629e-01 -1.276200e+01 4.250232e+00
      vertex   9.330127e-01 -1.257247e+01 4.425384e+00
      vertex   9.330127e-01 -1.278294e+01 4.368990e+00
    endloop
  endfacet
  facet normal 7.922305e-01 -6.078999e-01 5.318435e-02
    outer loop
      vertex   9.330127e-01 -1.175000e+01 5.600000e+00
      vertex   8.535534e-01 -1.185355e+01 5.600000e+00
      vertex   9.330127e-01 -1.176899e+01 5.382940e+00
    endloop
  endfacet
  facet normal 7.922305e-01 -6.078999e-01 5.318435e-02
    outer loop
      vertex   9.330127e-01 -1.176899e+01 5.382940e+00
      vertex   8.535534e-01 -1.185355e+01 5.600000e+00
      vertex   8.535534e-01 -1.187097e+01 5.400922e+00
    endloop
  endfacet
  facet normal 7.922305e-01 -5.894291e-01 1.579371e-01
    outer loop
      vertex   9.330127e-01 -1.176899e+01 5.382940e+00
      vertex   8.535534e-01 -1.187097e+01 5.400922e+00
      vertex   9.330127e-01 -1.182538e+01 5.172475e+00
    endloop
  endfacet
  facet normal 7.922305e-01 -5.894291e-01 1.579371e-01
    outer loop
      vertex   9.330127e-01 -1.182538e+01 5.172475e+00
      vertex   8.535534e-01 -1.187097e+01 5.400922e+00
      vertex   8.535534e-01 -1.192269e+01 5.207892e+00
    endloop
  endfacet
  facet normal 7.922305e-01 -5.530489e-01 2.578909e-01
    outer loop
      vertex   9.330127e-01 -1.182538e+01 5.172475e+00
      vertex   8.535534e-01 -1.192269e+01 5.207892e+00
      vertex   9.330127e-01 -1.191747e+01 4.975000e+00
    endloop
  endfacet
  facet normal 7.922305e-01 -5.530489e-01 2.578909e-01
    outer loop
      vertex   9.330127e-01 -1.191747e+01 4.975000e+00
      vertex   8.535534e-01 -1.192269e+01 5.207892e+00
      vertex   8.535534e-01 -1.200715e+01 5.026777e+00
    endloop
  endfacet
  facet normal 7.922305e-01 -4.998645e-01 3.500089e-01
    outer loop
      vertex   9.330127e-01 -1.191747e+01 4.975000e+00
      vertex   8.535534e-01 -1.200715e+01 5.026777e+00
      vertex   9.330127e-01 -1.204244e+01 4.796515e+00
    endloop
  endfacet
  facet normal 7.922305e-01 -4.998645e-01 3.500089e-01
    outer loop
      vertex   9.330127e-01 -1.204244e+01 4.796515e+00
      vertex   8.535534e-01 -1.200715e+01 5.026777e+00
      vertex   8.535534e-01 -1.212177e+01 4.863078e+00
    endloop
  endfacet
  facet normal 7.922305e-01 -4.314921e-01 4.314921e-01
    outer loop
      vertex   9.330127e-01 -1.204244e+01 4.796515e+00
      vertex   8.535534e-01 -1.212177e+01 4.863078e+00
      vertex   9.330127e-01 -1.219652e+01 4.642444e+00
    endloop
  endfacet
  facet normal 7.922305e-01 -4.314921e-01 4.314921e-01
    outer loop
      vertex   9.330127e-01 -1.219652e+01 4.642444e+00
      vertex   8.535534e-01 -1.212177e+01 4.863078e+00
      vertex   8.535534e-01 -1.226308e+01 4.721771e+00
    endloop
  endfacet
  facet normal 7.922305e-01 -3.500089e-01 4.998645e-01
    outer loop
      vertex   9.330127e-01 -1.219652e+01 4.642444e+00
      vertex   8.535534e-01 -1.226308e+01 4.721771e+00
      vertex   9.330127e-01 -1.237500e+01 4.517468e+00
    endloop
  endfacet
  facet normal 7.922305e-01 -3.500089e-01 4.998645e-01
    outer loop
      vertex   9.330127e-01 -1.237500e+01 4.517468e+00
      vertex   8.535534e-01 -1.226308e+01 4.721771e+00
      vertex   8.535534e-01 -1.242678e+01 4.607148e+00
    endloop
  endfacet
  facet normal 7.922305e-01 -2.578909e-01 5.530489e-01
    outer loop
      vertex   9.330127e-01 -1.237500e+01 4.517468e+00
      vertex   8.535534e-01 -1.242678e+01 4.607148e+00
      vertex   9.330127e-01 -1.257247e+01 4.425384e+00
    endloop
  endfacet
  facet normal 7.922305e-01 -2.578909e-01 5.530489e-01
    outer loop
      vertex   9.330127e-01 -1.257247e+01 4.425384e+00
      vertex   8.535534e-01 -1.242678e+01 4.607148e+00
      vertex   8.535534e-01 -1.260789e+01 4.522693e+00
    endloop
  endfacet
  facet normal 7.922305e-01 -1.579371e-01 5.894291e-01
    outer loop
      vertex   9.330127e-01 -1.257247e+01 4.425384e+00
      vertex   8.535534e-01 -1.260789e+01 4.522693e+00
      vertex   9.330127e-01 -1.278294e+01 4.368990e+00
    endloop
  endfacet
  facet normal 7.922305e-01 -1.579371e-01 5.894291e-01
    outer loop
      vertex   9.330127e-01 -1.278294e+01 4.368990e+00
      vertex   8.535534e-01 -1.260789e+01 4.522693e+00
      vertex   8.535534e-01 -1.280092e+01 4.470970e+00
    endloop
  endfacet
  facet normal 6.073003e-01 -7.914492e-01 6.924283e-02
    outer loop
      vertex   8.535534e-01 -1.185355e+01 5.600000e+00
      vertex   7.500000e-01 -1.193301e+01 5.600000e+00
      vertex   8.535534e-01 -1.187097e+01 5.400922e+00
    endloop
  endfacet
  facet normal 6.073003e-01 -7.914492e-01 6.924283e-02
    outer loop
      vertex   8.535534e-01 -1.187097e+01 5.400922e+00
      vertex   7.500000e-01 -1.193301e+01 5.600000e+00
      vertex   7.500000e-01 -1.194922e+01 5.414720e+00
    endloop
  endfacet
  facet normal 6.073003e-01 -7.674014e-01 2.056246e-01
    outer loop
      vertex   8.535534e-01 -1.187097e+01 5.400922e+00
      vertex   7.500000e-01 -1.194922e+01 5.414720e+00
      vertex   8.535534e-01 -1.192269e+01 5.207892e+00
    endloop
  endfacet
  facet normal 6.073003e-01 -7.674014e-01 2.056246e-01
    outer loop
      vertex   8.535534e-01 -1.192269e+01 5.207892e+00
      vertex   7.500000e-01 -1.194922e+01 5.414720e+00
      vertex   7.500000e-01 -1.199736e+01 5.235069e+00
    endloop
  endfacet
  facet normal 6.073003e-01 -7.200365e-01 3.357585e-01
    outer loop
      vertex   8.535534e-01 -1.192269e+01 5.207892e+00
      vertex   7.500000e-01 -1.199736e+01 5.235069e+00
      vertex   8.535534e-01 -1.200715e+01 5.026777e+00
    endloop
  endfacet
  facet normal 6.073003e-01 -7.200365e-01 3.357585e-01
    outer loop
      vertex   8.535534e-01 -1.200715e+01 5.026777e+00
      vertex   7.500000e-01 -1.199736e+01 5.235069e+00
      vertex   7.500000e-01 -1.207596e+01 5.066506e+00
    endloop
  endfacet
  facet normal 6.073003e-01 -6.507937e-01 4.556906e-01
    outer loop
      vertex   8.535534e-01 -1.200715e+01 5.026777e+00
      vertex   7.500000e-01 -1.207596e+01 5.066506e+00
      vertex   8.535534e-01 -1.212177e+01 4.863078e+00
    endloop
  endfacet
  facet normal 6.073003e-01 -6.507937e-01 4.556906e-01
    outer loop
      vertex   8.535534e-01 -1.212177e+01 4.863078e+00
      vertex   7.500000e-01 -1.207596e+01 5.066506e+00
      vertex   7.500000e-01 -1.218264e+01 4.914154e+00
    endloop
  endfacet
  facet normal 6.073003e-01 -5.617768e-01 5.617768e-01
    outer loop
      vertex   8.535534e-01 -1.212177e+01 4.863078e+00
      vertex   7.500000e-01 -1.218264e+01 4.914154e+00
      vertex   8.535534e-01 -1.226308e+01 4.721771e+00
    endloop
  endfacet
  facet normal 6.073003e-01 -5.617768e-01 5.617768e-01
    outer loop
      vertex   8.535534e-01 -1.226308e+01 4.721771e+00
      vertex   7.500000e-01 -1.218264e+01 4.914154e+00
      vertex   7.500000e-01 -1.231415e+01 4.782640e+00
    endloop
  endfacet
  facet normal 6.073003e-01 -4.556906e-01 6.507937e-01
    outer loop
      vertex   8.535534e-01 -1.226308e+01 4.721771e+00
      vertex   7.500000e-01 -1.231415e+01 4.782640e+00
      vertex   8.535534e-01 -1.242678e+01 4.607148e+00
    endloop
  endfacet
  facet normal 6.073003e-01 -4.556906e-01 6.507937e-01
    outer loop
      vertex   8.535534e-01 -1.242678e+01 4.607148e+00
      vertex   7.500000e-01 -1.231415e+01 4.782640e+00
      vertex   7.500000e-01 -1.246651e+01 4.675962e+00
    endloop
  endfacet
  facet normal 6.073003e-01 -3.357585e-01 7.200365e-01
    outer loop
      vertex   8.535534e-01 -1.242678e+01 4.607148e+00
      vertex   7.500000e-01 -1.246651e+01 4.675962e+00
      vertex   8.535534e-01 -1.260789e+01 4.522693e+00
    endloop
  endfacet
  facet normal 6.073003e-01 -3.357585e-01 7.200365e-01
    outer loop
      vertex   8.535534e-01 -1.260789e+01 4.522693e+00
      vertex   7.500000e-01 -1.246651e+01 4.675962e+00
      vertex   7.500000e-01 -1.263507e+01 4.597360e+00
    endloop
  endfacet
  facet normal 6.073003e-01 -2.056246e-01 7.674014e-01
    outer loop
      vertex   8.535534e-01 -1.260789e+01 4.522693e+00
      vertex   7.500000e-01 -1.263507e+01 4.597360e+00
      vertex   8.535534e-01 -1.280092e+01 4.470970e+00
    endloop
  endfacet
  facet normal 6.073003e-01 -2.056246e-01 7.674014e-01
    outer loop
      vertex   8.535534e-01 -1.280092e+01 4.470970e+00
      vertex   7.500000e-01 -1.263507e+01 4.597360e+00
      vertex   7.500000e-01 -1.281472e+01 4.549223e+00
    endloop
  endfacet
  facet normal 3.814394e-01 -9.208762e-01 8.056623e-02
    outer loop
      vertex   7.500000e-01 -1.193301e+01 5.600000e+00
      vertex   6.294095e-01 -1.198296e+01 5.600000e+00
      vertex   7.500000e-01 -1.194922e+01 5.414720e+00
    endloop
  endfacet
  facet normal 3.814394e-01 -9.208762e-01 8.056623e-02
    outer loop
      vertex   7.500000e-01 -1.194922e+01 5.414720e+00
      vertex   6.294095e-01 -1.198296e+01 5.600000e+00
      vertex   6.294095e-01 -1.199841e+01 5.423393e+00
    endloop
  endfacet
  facet normal 3.814394e-01 -8.928959e-01 2.392507e-01
    outer loop
      vertex   7.500000e-01 -1.194922e+01 5.414720e+00
      vertex   6.294095e-01 -1.199841e+01 5.423393e+00
      vertex   7.500000e-01 -1.199736e+01 5.235069e+00
    endloop
  endfacet
  facet normal 3.814394e-01 -8.928959e-01 2.392507e-01
    outer loop
      vertex   7.500000e-01 -1.199736e+01 5.235069e+00
      vertex   6.294095e-01 -1.199841e+01 5.423393e+00
      vertex   6.294095e-01 -1.204430e+01 5.252153e+00
    endloop
  endfacet
  facet normal 3.814394e-01 -8.377853e-01 3.906657e-01
    outer loop
      vertex   7.500000e-01 -1.199736e+01 5.235069e+00
      vertex   6.294095e-01 -1.204430e+01 5.252153e+00
      vertex   7.500000e-01 -1.207596e+01 5.066506e+00
    endloop
  endfacet
  facet normal 3.814394e-01 -8.377853e-01 3.906657e-01
    outer loop
      vertex   7.500000e-01 -1.207596e+01 5.066506e+00
      vertex   6.294095e-01 -1.204430e+01 5.252153e+00
      vertex   6.294095e-01 -1.211922e+01 5.091481e+00
    endloop
  endfacet
  facet normal 3.814394e-01 -7.572191e-01 5.302105e-01
    outer loop
      vertex   7.500000e-01 -1.207596e+01 5.066506e+00
      vertex   6.294095e-01 -1.211922e+01 5.091481e+00
      vertex   7.500000e-01 -1.218264e+01 4.914154e+00
    endloop
  endfacet
  facet normal 3.814394e-01 -7.572191e-01 5.302105e-01
    outer loop
      vertex   7.500000e-01 -1.218264e+01 4.914154e+00
      vertex   6.294095e-01 -1.211922e+01 5.091481e+00
      vertex   6.294095e-01 -1.222090e+01 4.946261e+00
    endloop
  endfacet
  facet normal 3.814394e-01 -6.536451e-01 6.536451e-01
    outer loop
      vertex   7.500000e-01 -1.218264e+01 4.914154e+00
      vertex   6.294095e-01 -1.222090e+01 4.946261e+00
      vertex   7.500000e-01 -1.231415e+01 4.782640e+00
    endloop
  endfacet
  facet normal 3.814394e-01 -6.536451e-01 6.536451e-01
    outer loop
      vertex   7.500000e-01 -1.231415e+01 4.782640e+00
      vertex   6.294095e-01 -1.222090e+01 4.946261e+00
      vertex   6.294095e-01 -1.234626e+01 4.820904e+00
    endloop
  endfacet
  facet normal 3.814394e-01 -5.302105e-01 7.572191e-01
    outer loop
      vertex   7.500000e-01 -1.231415e+01 4.782640e+00
      vertex   6.294095e-01 -1.234626e+01 4.820904e+00
      vertex   7.500000e-01 -1.246651e+01 4.675962e+00
    endloop
  endfacet
  facet normal 3.814394e-01 -5.302105e-01 7.572191e-01
    outer loop
      vertex   7.500000e-01 -1.246651e+01 4.675962e+00
      vertex   6.294095e-01 -1.234626e+01 4.820904e+00
      vertex   6.294095e-01 -1.249148e+01 4.719220e+00
    endloop
  endfacet
  facet normal 3.814394e-01 -3.906657e-01 8.377853e-01
    outer loop
      vertex   7.500000e-01 -1.246651e+01 4.675962e+00
      vertex   6.294095e-01 -1.249148e+01 4.719220e+00
      vertex   7.500000e-01 -1.263507e+01 4.597360e+00
    endloop
  endfacet
  facet normal 3.814394e-01 -3.906657e-01 8.377853e-01
    outer loop
      vertex   7.500000e-01 -1.263507e+01 4.597360e+00
      vertex   6.294095e-01 -1.249148e+01 4.719220e+00
      vertex   6.294095e-01 -1.265215e+01 4.644298e+00
    endloop
  endfacet
  facet normal 3.814394e-01 -2.392507e-01 8.928959e-01
    outer loop
      vertex   7.500000e-01 -1.263507e+01 4.597360e+00
      vertex   6.294095e-01 -1.265215e+01 4.644298e+00
      vertex   7.500000e-01 -1.281472e+01 4.549223e+00
    endloop
  endfacet
  facet normal 3.814394e-01 -2.392507e-01 8.928959e-01
    outer loop
      vertex   7.500000e-01 -1.281472e+01 4.549223e+00
      vertex   6.294095e-01 -1.265215e+01 4.644298e+00
      vertex   6.294095e-01 -1.282339e+01 4.598414e+00
    endloop
  endfacet
  facet normal 1.300379e-01 -9.877360e-01 8.641571e-02
    outer loop
      vertex   6.294095e-01 -1.198296e+01 5.600000e+00
      vertex   5.000000e-01 -1.200000e+01 5.600000e+00
      vertex   6.294095e-01 -1.199841e+01 5.423393e+00
    endloop
  endfacet
  facet normal 1.869275e-01 -9.739694e-01 1.282255e-01
    outer loop
      vertex   6.294095e-01 -1.199841e+01 5.423393e+00
      vertex   5.000000e-01 -1.200000e+01 5.600000e+00
      vertex   5.000000e-01 -1.203407e+01 5.341181e+00
    endloop
  endfacet
  facet normal 1.012238e-01 -9.609645e-01 2.574897e-01
    outer loop
      vertex   6.294095e-01 -1.199841e+01 5.423393e+00
      vertex   5.000000e-01 -1.203407e+01 5.341181e+00
      vertex   6.294095e-01 -1.204430e+01 5.252153e+00
    endloop
  endfacet
  facet normal 1.869275e-01 -9.075950e-01 3.759381e-01
    outer loop
      vertex   6.294095e-01 -1.204430e+01 5.252153e+00
      vertex   5.000000e-01 -1.203407e+01 5.341181e+00
      vertex   5.000000e-01 -1.213397e+01 5.100000e+00
    endloop
  endfacet
  facet normal 1.300379e-01 -8.986123e-01 4.190298e-01
    outer loop
      vertex   6.294095e-01 -1.204430e+01 5.252153e+00
      vertex   5.000000e-01 -1.213397e+01 5.100000e+00
      vertex   6.294095e-01 -1.211922e+01 5.091481e+00
    endloop
  endfacet
  facet normal 1.300379e-01 -8.121966e-01 5.687062e-01
    outer loop
      vertex   6.294095e-01 -1.211922e+01 5.091481e+00
      vertex   5.000000e-01 -1.213397e+01 5.100000e+00
      vertex   6.294095e-01 -1.222090e+01 4.946261e+00
    endloop
  endfacet
  facet normal 1.869275e-01 -7.793695e-01 5.980312e-01
    outer loop
      vertex   5.000000e-01 -1.213397e+01 5.100000e+00
      vertex   5.000000e-01 -1.229289e+01 4.892893e+00
      vertex   6.294095e-01 -1.222090e+01 4.946261e+00
    endloop
  endfacet
  facet normal 1.012238e-01 -7.034749e-01 7.034749e-01
    outer loop
      vertex   6.294095e-01 -1.222090e+01 4.946261e+00
      vertex   5.000000e-01 -1.229289e+01 4.892893e+00
      vertex   6.294095e-01 -1.234626e+01 4.820904e+00
    endloop
  endfacet
  facet normal 1.869275e-01 -5.980312e-01 7.793695e-01
    outer loop
      vertex   5.000000e-01 -1.229289e+01 4.892893e+00
      vertex   5.000000e-01 -1.250000e+01 4.733975e+00
      vertex   6.294095e-01 -1.234626e+01 4.820904e+00
    endloop
  endfacet
  facet normal 1.300379e-01 -5.687062e-01 8.121966e-01
    outer loop
      vertex   6.294095e-01 -1.234626e+01 4.820904e+00
      vertex   5.000000e-01 -1.250000e+01 4.733975e+00
      vertex   6.294095e-01 -1.249148e+01 4.719220e+00
    endloop
  endfacet
  facet normal 1.300379e-01 -4.190298e-01 8.986123e-01
    outer loop
      vertex   6.294095e-01 -1.249148e+01 4.719220e+00
      vertex   5.000000e-01 -1.250000e+01 4.733975e+00
      vertex   6.294095e-01 -1.265215e+01 4.644298e+00
    endloop
  endfacet
  facet normal 1.869275e-01 -3.759381e-01 9.075950e-01
    outer loop
      vertex   6.294095e-01 -1.265215e+01 4.644298e+00
      vertex   5.000000e-01 -1.250000e+01 4.733975e+00
      vertex   5.000000e-01 -1.274118e+01 4.634074e+00
    endloop
  endfacet
  facet normal 1.012238e-01 -2.574897e-01 9.609645e-01
    outer loop
      vertex   6.294095e-01 -1.265215e+01 4.644298e+00
      vertex   5.000000e-01 -1.274118e+01 4.634074e+00
      vertex   6.294095e-01 -1.282339e+01 4.598414e+00
    endloop
  endfacet
  facet normal 1.305262e-01 2.717122e-17 9.914449e-01
    outer loop
      vertex   6.294095e-01 -2.100000e+01 4.582963e+00
      vertex   6.294095e-01 -1.833333e+01 4.582963e+00
      vertex   5.000000e-01 -2.100000e+01 4.600000e+00
    endloop
  endfacet
  facet normal 1.305262e-01 3.463767e-16 9.914449e-01
    outer loop
      vertex   5.000000e-01 -2.100000e+01 4.600000e+00
      vertex   6.294095e-01 -1.833333e+01 4.582963e+00
      vertex   6.294095e-01 -1.566667e+01 4.582963e+00
    endloop
  endfacet
  facet normal 1.305262e-01 1.100725e-16 9.914449e-01
    outer loop
      vertex   5.000000e-01 -2.100000e+01 4.600000e+00
      vertex   6.294095e-01 -1.566667e+01 4.582963e+00
      vertex   5.000000e-01 -1.300000e+01 4.600000e+00
    endloop
  endfacet
  facet normal 1.305262e-01 2.865706e-16 9.914449e-01
    outer loop
      vertex   5.000000e-01 -1.300000e+01 4.600000e+00
      vertex   6.294095e-01 -1.566667e+01 4.582963e+00
      vertex   6.294095e-01 -1.300000e+01 4.582963e+00
    endloop
  endfacet
  facet normal 3.826834e-01 1.802545e-16 9.238795e-01
    outer loop
      vertex   6.294095e-01 -1.300000e+01 4.582963e+00
      vertex   6.294095e-01 -1.566667e+01 4.582963e+00
      vertex   7.500000e-01 -1.300000e+01 4.533013e+00
    endloop
  endfacet
  facet normal 3.826834e-01 2.599165e-16 9.238795e-01
    outer loop
      vertex   7.500000e-01 -1.300000e+01 4.533013e+00
      vertex   6.294095e-01 -1.566667e+01 4.582963e+00
      vertex   7.500000e-01 -1.566667e+01 4.533013e+00
    endloop
  endfacet
  facet normal 6.087614e-01 1.882054e-16 7.933533e-01
    outer loop
      vertex   7.500000e-01 -1.300000e+01 4.533013e+00
      vertex   7.500000e-01 -1.566667e+01 4.533013e+00
      vertex   8.535534e-01 -1.300000e+01 4.453553e+00
    endloop
  endfacet
  facet normal 6.087614e-01 2.642397e-16 7.933533e-01
    outer loop
      vertex   8.535534e-01 -1.300000e+01 4.453553e+00
      vertex   7.500000e-01 -1.566667e+01 4.533013e+00
      vertex   8.535534e-01 -1.566667e+01 4.453553e+00
    endloop
  endfacet
  facet normal 7.933533e-01 2.027583e-16 6.087614e-01
    outer loop
      vertex   8.535534e-01 -1.300000e+01 4.453553e+00
      vertex   8.535534e-01 -1.566667e+01 4.453553e+00
      vertex   9.330127e-01 -1.300000e+01 4.350000e+00
    endloop
  endfacet
  facet normal 7.933533e-01 6.605994e-17 6.087614e-01
    outer loop
      vertex   9.330127e-01 -1.300000e+01 4.350000e+00
      vertex   8.535534e-01 -1.566667e+01 4.453553e+00
      vertex   9.330127e-01 -1.566667e+01 4.350000e+00
    endloop
  endfacet
  facet normal 9.238795e-01 7.692842e-17 3.826834e-01
    outer loop
      vertex   9.330127e-01 -1.300000e+01 4.350000e+00
      vertex   9.330127e-01 -1.566667e+01 4.350000e+00
      vertex   9.829629e-01 -1.300000e+01 4.229410e+00
    endloop
  endfacet
  facet normal 9.238795e-01 1.153926e-16 3.826834e-01
    outer loop
      vertex   9.829629e-01 -1.300000e+01 4.229410e+00
      vertex   9.330127e-01 -1.566667e+01 4.350000e+00
      vertex   9.829629e-01 -1.566667e+01 4.229410e+00
    endloop
  endfacet
  facet normal 9.914449e-01 1.238316e-16 1.305262e-01
    outer loop
      vertex   9.829629e-01 -1.300000e+01 4.229410e+00
      vertex   9.829629e-01 -1.566667e+01 4.229410e+00
      vertex   1.000000e+00 -1.300000e+01 4.100000e+00
    endloop
  endfacet
  facet normal 9.914449e-01 2.491919e-18 1.305262e-01
    outer loop
      vertex   1.000000e+00 -1.300000e+01 4.100000e+00
      vertex   9.829629e-01 -1.566667e+01 4.229410e+00
      vertex   9.829629e-01 -1.833333e+01 4.229410e+00
    endloop
  endfacet
  facet normal 9.914449e-01 2.898264e-17 1.305262e-01
    outer loop
      vertex   1.000000e+00 -1.300000e+01 4.100000e+00
      vertex   9.829629e-01 -1.833333e+01 4.229410e+00
      vertex   1.000000e+00 -2.100000e+01 4.100000e+00
    endloop
  endfacet
  facet normal 9.914449e-01 -3.862474e-17 1.305262e-01
    outer loop
      vertex   1.000000e+00 -2.100000e+01 4.100000e+00
      vertex   9.829629e-01 -1.833333e+01 4.229410e+00
      vertex   9.829629e-01 -2.100000e+01 4.229410e+00
    endloop
  endfacet
  facet normal 9.238795e-01 5.053076e-17 3.826834e-01
    outer loop
      vertex   9.829629e-01 -2.100000e+01 4.229410e+00
      vertex   9.829629e-01 -1.833333e+01 4.229410e+00
      vertex   9.330127e-01 -2.100000e+01 4.350000e+00
    endloop
  endfacet
  facet normal 9.238795e-01 8.899497e-17 3.826834e-01
    outer loop
      vertex   9.330127e-01 -2.100000e+01 4.350000e+00
      vertex   9.829629e-01 -1.833333e+01 4.229410e+00
      vertex   9.330127e-01 -1.833333e+01 4.350000e+00
    endloop
  endfacet
  facet normal 7.933533e-01 1.697283e-16 6.087614e-01
    outer loop
      vertex   9.330127e-01 -2.100000e+01 4.350000e+00
      vertex   9.330127e-01 -1.833333e+01 4.350000e+00
      vertex   8.535534e-01 -2.100000e+01 4.453553e+00
    endloop
  endfacet
  facet normal 7.933533e-01 -0.000000e+00 6.087614e-01
    outer loop
      vertex   8.535534e-01 -2.100000e+01 4.453553e+00
      vertex   9.330127e-01 -1.833333e+01 4.350000e+00
      vertex   8.535534e-01 -1.833333e+01 4.453553e+00
    endloop
  endfacet
  facet normal 6.087614e-01 -0.000000e+00 7.933533e-01
    outer loop
      vertex   8.535534e-01 -2.100000e+01 4.453553e+00
      vertex   8.535534e-01 -1.833333e+01 4.453553e+00
      vertex   7.500000e-01 -2.100000e+01 4.533013e+00
    endloop
  endfacet
  facet normal 6.087614e-01 2.534479e-17 7.933533e-01
    outer loop
      vertex   7.500000e-01 -2.100000e+01 4.533013e+00
      vertex   8.535534e-01 -1.833333e+01 4.453553e+00
      vertex   7.500000e-01 -1.833333e+01 4.533013e+00
    endloop
  endfacet
  facet normal 3.826834e-01 1.593240e-17 9.238795e-01
    outer loop
      vertex   7.500000e-01 -2.100000e+01 4.533013e+00
      vertex   7.500000e-01 -1.833333e+01 4.533013e+00
      vertex   6.294095e-01 -2.100000e+01 4.582963e+00
    endloop
  endfacet
  facet normal 3.826834e-01 7.966199e-17 9.238795e-01
    outer loop
      vertex   6.294095e-01 -2.100000e+01 4.582963e+00
      vertex   7.500000e-01 -1.833333e+01 4.533013e+00
      vertex   6.294095e-01 -1.833333e+01 4.582963e+00
    endloop
  endfacet
  facet normal 3.826834e-01 3.538524e-16 9.238795e-01
    outer loop
      vertex   7.500000e-01 -1.566667e+01 4.533013e+00
      vertex   6.294095e-01 -1.566667e+01 4.582963e+00
      vertex   6.294095e-01 -1.833333e+01 4.582963e+00
    endloop
  endfacet
  facet normal 3.826834e-01 3.395785e-16 9.238795e-01
    outer loop
      vertex   7.500000e-01 -1.566667e+01 4.533013e+00
      vertex   6.294095e-01 -1.833333e+01 4.582963e+00
      vertex   7.500000e-01 -1.833333e+01 4.533013e+00
    endloop
  endfacet
  facet normal 6.087614e-01 3.189656e-16 7.933533e-01
    outer loop
      vertex   8.535534e-01 -1.566667e+01 4.453553e+00
      vertex   7.500000e-01 -1.566667e+01 4.533013e+00
      vertex   7.500000e-01 -1.833333e+01 4.533013e+00
    endloop
  endfacet
  facet normal 6.087614e-01 2.642397e-16 7.933533e-01
    outer loop
      vertex   8.535534e-01 -1.566667e+01 4.453553e+00
      vertex   7.500000e-01 -1.833333e+01 4.533013e+00
      vertex   8.535534e-01 -1.833333e+01 4.453553e+00
    endloop
  endfacet
  facet normal 7.933533e-01 2.043373e-16 6.087614e-01
    outer loop
      vertex   9.330127e-01 -1.566667e+01 4.350000e+00
      vertex   8.535534e-01 -1.566667e+01 4.453553e+00
      vertex   8.535534e-01 -1.833333e+01 4.453553e+00
    endloop
  endfacet
  facet normal 7.933533e-01 1.697283e-16 6.087614e-01
    outer loop
      vertex   9.330127e-01 -1.566667e+01 4.350000e+00
      vertex   8.535534e-01 -1.833333e+01 4.453553e+00
      vertex   9.330127e-01 -1.833333e+01 4.350000e+00
    endloop
  endfacet
  facet normal 9.238795e-01 8.970907e-17 3.826834e-01
    outer loop
      vertex   9.829629e-01 -1.566667e+01 4.229410e+00
      vertex   9.330127e-01 -1.566667e+01 4.350000e+00
      vertex   9.330127e-01 -1.833333e+01 4.350000e+00
    endloop
  endfacet
  facet normal 9.238795e-01 8.899497e-17 3.826834e-01
    outer loop
      vertex   9.829629e-01 -1.566667e+01 4.229410e+00
      vertex   9.330127e-01 -1.833333e+01 4.350000e+00
      vertex   9.829629e-01 -1.833333e+01 4.229410e+00
    endloop
  endfacet
  facet normal 1.869275e-01 9.739694e-01 1.282255e-01
    outer loop
      vertex   5.000000e-01 -2.196593e+01 5.341181e+00
      vertex   5.000000e-01 -2.200000e+01 5.600000e+00
      vertex   6.294095e-01 -2.200159e+01 5.423393e+00
    endloop
  endfacet
  facet normal 1.300379e-01 9.877360e-01 8.641571e-02
    outer loop
      vertex   6.294095e-01 -2.200159e+01 5.423393e+00
      vertex   5.000000e-01 -2.200000e+01 5.600000e+00
      vertex   6.294095e-01 -2.201704e+01 5.600000e+00
    endloop
  endfacet
  facet normal 3.814394e-01 9.208762e-01 8.056623e-02
    outer loop
      vertex   6.294095e-01 -2.200159e+01 5.423393e+00
      vertex   6.294095e-01 -2.201704e+01 5.600000e+00
      vertex   7.500000e-01 -2.206699e+01 5.600000e+00
    endloop
  endfacet
  facet normal 3.814394e-01 9.208762e-01 8.056623e-02
    outer loop
      vertex   6.294095e-01 -2.200159e+01 5.423393e+00
      vertex   7.500000e-01 -2.206699e+01 5.600000e+00
      vertex   7.500000e-01 -2.205078e+01 5.414720e+00
    endloop
  endfacet
  facet normal 6.073003e-01 7.914492e-01 6.924283e-02
    outer loop
      vertex   7.500000e-01 -2.205078e+01 5.414720e+00
      vertex   7.500000e-01 -2.206699e+01 5.600000e+00
      vertex   8.535534e-01 -2.214645e+01 5.600000e+00
    endloop
  endfacet
  facet normal 6.073003e-01 7.914492e-01 6.924283e-02
    outer loop
      vertex   7.500000e-01 -2.205078e+01 5.414720e+00
      vertex   8.535534e-01 -2.214645e+01 5.600000e+00
      vertex   8.535534e-01 -2.212903e+01 5.400922e+00
    endloop
  endfacet
  facet normal 7.922305e-01 6.078999e-01 5.318435e-02
    outer loop
      vertex   8.535534e-01 -2.212903e+01 5.400922e+00
      vertex   8.535534e-01 -2.214645e+01 5.600000e+00
      vertex   9.330127e-01 -2.225000e+01 5.600000e+00
    endloop
  endfacet
  facet normal 7.922305e-01 6.078999e-01 5.318435e-02
    outer loop
      vertex   8.535534e-01 -2.212903e+01 5.400922e+00
      vertex   9.330127e-01 -2.225000e+01 5.600000e+00
      vertex   9.330127e-01 -2.223101e+01 5.382940e+00
    endloop
  endfacet
  facet normal 9.233622e-01 3.824691e-01 3.346171e-02
    outer loop
      vertex   9.330127e-01 -2.223101e+01 5.382940e+00
      vertex   9.330127e-01 -2.225000e+01 5.600000e+00
      vertex   9.829629e-01 -2.237059e+01 5.600000e+00
    endloop
  endfacet
  facet normal 9.233622e-01 3.824691e-01 3.346171e-02
    outer loop
      vertex   9.330127e-01 -2.223101e+01 5.382940e+00
      vertex   9.829629e-01 -2.237059e+01 5.600000e+00
      vertex   9.829629e-01 -2.234977e+01 5.361999e+00
    endloop
  endfacet
  facet normal 9.913802e-01 1.305177e-01 1.141882e-02
    outer loop
      vertex   9.829629e-01 -2.234977e+01 5.361999e+00
      vertex   9.829629e-01 -2.237059e+01 5.600000e+00
      vertex   1.000000e+00 -2.250000e+01 5.600000e+00
    endloop
  endfacet
  facet normal 9.910073e-01 1.331632e-01 1.311543e-02
    outer loop
      vertex   9.829629e-01 -2.234977e+01 5.361999e+00
      vertex   1.000000e+00 -2.250000e+01 5.600000e+00
      vertex   1.000000e+00 -2.247118e+01 5.307365e+00
    endloop
  endfacet
  facet normal 9.917006e-01 1.241881e-01 3.327610e-02
    outer loop
      vertex   9.829629e-01 -2.234977e+01 5.361999e+00
      vertex   1.000000e+00 -2.247118e+01 5.307365e+00
      vertex   9.829629e-01 -2.228793e+01 5.131230e+00
    endloop
  endfacet
  facet normal 9.907259e-01 1.300247e-01 3.944255e-02
    outer loop
      vertex   9.829629e-01 -2.228793e+01 5.131230e+00
      vertex   1.000000e+00 -2.247118e+01 5.307365e+00
      vertex   1.000000e+00 -2.238582e+01 5.025975e+00
    endloop
  endfacet
  facet normal 9.919187e-01 1.149877e-01 5.361966e-02
    outer loop
      vertex   9.829629e-01 -2.228793e+01 5.131230e+00
      vertex   1.000000e+00 -2.238582e+01 5.025975e+00
      vertex   9.829629e-01 -2.218697e+01 4.914705e+00
    endloop
  endfacet
  facet normal 9.905309e-01 1.210791e-01 6.471811e-02
    outer loop
      vertex   9.829629e-01 -2.218697e+01 4.914705e+00
      vertex   1.000000e+00 -2.238582e+01 5.025975e+00
      vertex   1.000000e+00 -2.224720e+01 4.766645e+00
    endloop
  endfacet
  facet normal 9.920456e-01 1.031143e-01 7.220138e-02
    outer loop
      vertex   9.829629e-01 -2.218697e+01 4.914705e+00
      vertex   1.000000e+00 -2.224720e+01 4.766645e+00
      vertex   9.829629e-01 -2.204993e+01 4.719001e+00
    endloop
  endfacet
  facet normal 9.904310e-01 1.066821e-01 8.755174e-02
    outer loop
      vertex   9.829629e-01 -2.204993e+01 4.719001e+00
      vertex   1.000000e+00 -2.224720e+01 4.766645e+00
      vertex   1.000000e+00 -2.206066e+01 4.539340e+00
    endloop
  endfacet
  facet normal 9.920872e-01 8.877780e-02 8.877780e-02
    outer loop
      vertex   9.829629e-01 -2.204993e+01 4.719001e+00
      vertex   1.000000e+00 -2.206066e+01 4.539340e+00
      vertex   9.829629e-01 -2.188100e+01 4.550067e+00
    endloop
  endfacet
  facet normal 9.904310e-01 8.755174e-02 1.066821e-01
    outer loop
      vertex   9.829629e-01 -2.188100e+01 4.550067e+00
      vertex   1.000000e+00 -2.206066e+01 4.539340e+00
      vertex   1.000000e+00 -2.183336e+01 4.352796e+00
    endloop
  endfacet
  facet normal 9.920456e-01 7.220138e-02 1.031143e-01
    outer loop
      vertex   9.829629e-01 -2.188100e+01 4.550067e+00
      vertex   1.000000e+00 -2.183336e+01 4.352796e+00
      vertex   9.829629e-01 -2.168530e+01 4.413034e+00
    endloop
  endfacet
  facet normal 9.905309e-01 6.471811e-02 1.210791e-01
    outer loop
      vertex   9.829629e-01 -2.168530e+01 4.413034e+00
      vertex   1.000000e+00 -2.183336e+01 4.352796e+00
      vertex   1.000000e+00 -2.157403e+01 4.214181e+00
    endloop
  endfacet
  facet normal 9.919187e-01 5.361966e-02 1.149877e-01
    outer loop
      vertex   9.829629e-01 -2.168530e+01 4.413034e+00
      vertex   1.000000e+00 -2.157403e+01 4.214181e+00
      vertex   9.829629e-01 -2.146877e+01 4.312066e+00
    endloop
  endfacet
  facet normal 9.907259e-01 3.944255e-02 1.300247e-01
    outer loop
      vertex   9.829629e-01 -2.146877e+01 4.312066e+00
      vertex   1.000000e+00 -2.157403e+01 4.214181e+00
      vertex   1.000000e+00 -2.129264e+01 4.128822e+00
    endloop
  endfacet
  facet normal 9.917006e-01 3.327610e-02 1.241881e-01
    outer loop
      vertex   9.829629e-01 -2.146877e+01 4.312066e+00
      vertex   1.000000e+00 -2.129264e+01 4.128822e+00
      vertex   9.829629e-01 -2.123800e+01 4.250232e+00
    endloop
  endfacet
  facet normal 9.910073e-01 1.311543e-02 1.331632e-01
    outer loop
      vertex   9.829629e-01 -2.123800e+01 4.250232e+00
      vertex   1.000000e+00 -2.129264e+01 4.128822e+00
      vertex   1.000000e+00 -2.100000e+01 4.100000e+00
    endloop
  endfacet
  facet normal 9.913802e-01 1.141882e-02 1.305177e-01
    outer loop
      vertex   9.829629e-01 -2.123800e+01 4.250232e+00
      vertex   1.000000e+00 -2.100000e+01 4.100000e+00
      vertex   9.829629e-01 -2.100000e+01 4.229410e+00
    endloop
  endfacet
  facet normal 9.233622e-01 3.346171e-02 3.824691e-01
    outer loop
      vertex   9.829629e-01 -2.100000e+01 4.229410e+00
      vertex   9.330127e-01 -2.100000e+01 4.350000e+00
      vertex   9.829629e-01 -2.123800e+01 4.250232e+00
    endloop
  endfacet
  facet normal 9.233622e-01 3.346171e-02 3.824691e-01
    outer loop
      vertex   9.829629e-01 -2.123800e+01 4.250232e+00
      vertex   9.330127e-01 -2.100000e+01 4.350000e+00
      vertex   9.330127e-01 -2.121706e+01 4.368990e+00
    endloop
  endfacet
  facet normal 9.233622e-01 9.936842e-02 3.708480e-01
    outer loop
      vertex   9.829629e-01 -2.123800e+01 4.250232e+00
      vertex   9.330127e-01 -2.121706e+01 4.368990e+00
      vertex   9.829629e-01 -2.146877e+01 4.312066e+00
    endloop
  endfacet
  facet normal 9.233622e-01 9.936842e-02 3.708480e-01
    outer loop
      vertex   9.829629e-01 -2.146877e+01 4.312066e+00
      vertex   9.330127e-01 -2.121706e+01 4.368990e+00
      vertex   9.330127e-01 -2.142753e+01 4.425384e+00
    endloop
  endfacet
  facet normal 9.233622e-01 1.622559e-01 3.479588e-01
    outer loop
      vertex   9.829629e-01 -2.146877e+01 4.312066e+00
      vertex   9.330127e-01 -2.142753e+01 4.425384e+00
      vertex   9.829629e-01 -2.168530e+01 4.413034e+00
    endloop
  endfacet
  facet normal 9.233622e-01 1.622559e-01 3.479588e-01
    outer loop
      vertex   9.829629e-01 -2.168530e+01 4.413034e+00
      vertex   9.330127e-01 -2.142753e+01 4.425384e+00
      vertex   9.330127e-01 -2.162500e+01 4.517468e+00
    endloop
  endfacet
  facet normal 9.233622e-01 2.202133e-01 3.144971e-01
    outer loop
      vertex   9.829629e-01 -2.168530e+01 4.413034e+00
      vertex   9.330127e-01 -2.162500e+01 4.517468e+00
      vertex   9.829629e-01 -2.188100e+01 4.550067e+00
    endloop
  endfacet
  facet normal 9.233622e-01 2.202133e-01 3.144971e-01
    outer loop
      vertex   9.829629e-01 -2.188100e+01 4.550067e+00
      vertex   9.330127e-01 -2.162500e+01 4.517468e+00
      vertex   9.330127e-01 -2.180348e+01 4.642444e+00
    endloop
  endfacet
  facet normal 9.233622e-01 2.714796e-01 2.714796e-01
    outer loop
      vertex   9.829629e-01 -2.188100e+01 4.550067e+00
      vertex   9.330127e-01 -2.180348e+01 4.642444e+00
      vertex   9.829629e-01 -2.204993e+01 4.719001e+00
    endloop
  endfacet
  facet normal 9.233622e-01 2.714796e-01 2.714796e-01
    outer loop
      vertex   9.829629e-01 -2.204993e+01 4.719001e+00
      vertex   9.330127e-01 -2.180348e+01 4.642444e+00
      vertex   9.330127e-01 -2.195756e+01 4.796515e+00
    endloop
  endfacet
  facet normal 9.233622e-01 3.144971e-01 2.202133e-01
    outer loop
      vertex   9.829629e-01 -2.204993e+01 4.719001e+00
      vertex   9.330127e-01 -2.195756e+01 4.796515e+00
      vertex   9.829629e-01 -2.218697e+01 4.914705e+00
    endloop
  endfacet
  facet normal 9.233622e-01 3.144971e-01 2.202133e-01
    outer loop
      vertex   9.829629e-01 -2.218697e+01 4.914705e+00
      vertex   9.330127e-01 -2.195756e+01 4.796515e+00
      vertex   9.330127e-01 -2.208253e+01 4.975000e+00
    endloop
  endfacet
  facet normal 9.233622e-01 3.479588e-01 1.622559e-01
    outer loop
      vertex   9.829629e-01 -2.218697e+01 4.914705e+00
      vertex   9.330127e-01 -2.208253e+01 4.975000e+00
      vertex   9.829629e-01 -2.228793e+01 5.131230e+00
    endloop
  endfacet
  facet normal 9.233622e-01 3.479588e-01 1.622559e-01
    outer loop
      vertex   9.829629e-01 -2.228793e+01 5.131230e+00
      vertex   9.330127e-01 -2.208253e+01 4.975000e+00
      vertex   9.330127e-01 -2.217462e+01 5.172475e+00
    endloop
  endfacet
  facet normal 9.233622e-01 3.708480e-01 9.936842e-02
    outer loop
      vertex   9.829629e-01 -2.228793e+01 5.131230e+00
      vertex   9.330127e-01 -2.217462e+01 5.172475e+00
      vertex   9.829629e-01 -2.234977e+01 5.361999e+00
    endloop
  endfacet
  facet normal 9.233622e-01 3.708480e-01 9.936842e-02
    outer loop
      vertex   9.829629e-01 -2.234977e+01 5.361999e+00
      vertex   9.330127e-01 -2.217462e+01 5.172475e+00
      vertex   9.330127e-01 -2.223101e+01 5.382940e+00
    endloop
  endfacet
  facet normal 7.922305e-01 5.318435e-02 6.078999e-01
    outer loop
      vertex   9.330127e-01 -2.100000e+01 4.350000e+00
      vertex   8.535534e-01 -2.100000e+01 4.453553e+00
      vertex   9.330127e-01 -2.121706e+01 4.368990e+00
    endloop
  endfacet
  facet normal 7.922305e-01 5.318435e-02 6.078999e-01
    outer loop
      vertex   9.330127e-01 -2.121706e+01 4.368990e+00
      vertex   8.535534e-01 -2.100000e+01 4.453553e+00
      vertex   8.535534e-01 -2.119908e+01 4.470970e+00
    endloop
  endfacet
  facet normal 7.922305e-01 1.579371e-01 5.894291e-01
    outer loop
      vertex   9.330127e-01 -2.121706e+01 4.368990e+00
      vertex   8.535534e-01 -2.119908e+01 4.470970e+00
      vertex   9.330127e-01 -2.142753e+01 4.425384e+00
    endloop
  endfacet
  facet normal 7.922305e-01 1.579371e-01 5.894291e-01
    outer loop
      vertex   9.330127e-01 -2.142753e+01 4.425384e+00
      vertex   8.535534e-01 -2.119908e+01 4.470970e+00
      vertex   8.535534e-01 -2.139211e+01 4.522693e+00
    endloop
  endfacet
  facet normal 7.922305e-01 2.578909e-01 5.530489e-01
    outer loop
      vertex   9.330127e-01 -2.142753e+01 4.425384e+00
      vertex   8.535534e-01 -2.139211e+01 4.522693e+00
      vertex   9.330127e-01 -2.162500e+01 4.517468e+00
    endloop
  endfacet
  facet normal 7.922305e-01 2.578909e-01 5.530489e-01
    outer loop
      vertex   9.330127e-01 -2.162500e+01 4.517468e+00
      vertex   8.535534e-01 -2.139211e+01 4.522693e+00
      vertex   8.535534e-01 -2.157322e+01 4.607148e+00
    endloop
  endfacet
  facet normal 7.922305e-01 3.500089e-01 4.998645e-01
    outer loop
      vertex   9.330127e-01 -2.162500e+01 4.517468e+00
      vertex   8.535534e-01 -2.157322e+01 4.607148e+00
      vertex   9.330127e-01 -2.180348e+01 4.642444e+00
    endloop
  endfacet
  facet normal 7.922305e-01 3.500089e-01 4.998645e-01
    outer loop
      vertex   9.330127e-01 -2.180348e+01 4.642444e+00
      vertex   8.535534e-01 -2.157322e+01 4.607148e+00
      vertex   8.535534e-01 -2.173692e+01 4.721771e+00
    endloop
  endfacet
  facet normal 7.922305e-01 4.314921e-01 4.314921e-01
    outer loop
      vertex   9.330127e-01 -2.180348e+01 4.642444e+00
      vertex   8.535534e-01 -2.173692e+01 4.721771e+00
      vertex   9.330127e-01 -2.195756e+01 4.796515e+00
    endloop
  endfacet
  facet normal 7.922305e-01 4.314921e-01 4.314921e-01
    outer loop
      vertex   9.330127e-01 -2.195756e+01 4.796515e+00
      vertex   8.535534e-01 -2.173692e+01 4.721771e+00
      vertex   8.535534e-01 -2.187823e+01 4.863078e+00
    endloop
  endfacet
  facet normal 7.922305e-01 4.998645e-01 3.500089e-01
    outer loop
      vertex   9.330127e-01 -2.195756e+01 4.796515e+00
      vertex   8.535534e-01 -2.187823e+01 4.863078e+00
      vertex   9.330127e-01 -2.208253e+01 4.975000e+00
    endloop
  endfacet
  facet normal 7.922305e-01 4.998645e-01 3.500089e-01
    outer loop
      vertex   9.330127e-01 -2.208253e+01 4.975000e+00
      vertex   8.535534e-01 -2.187823e+01 4.863078e+00
      vertex   8.535534e-01 -2.199285e+01 5.026777e+00
    endloop
  endfacet
  facet normal 7.922305e-01 5.530489e-01 2.578909e-01
    outer loop
      vertex   9.330127e-01 -2.208253e+01 4.975000e+00
      vertex   8.535534e-01 -2.199285e+01 5.026777e+00
      vertex   9.330127e-01 -2.217462e+01 5.172475e+00
    endloop
  endfacet
  facet normal 7.922305e-01 5.530489e-01 2.578909e-01
    outer loop
      vertex   9.330127e-01 -2.217462e+01 5.172475e+00
      vertex   8.535534e-01 -2.199285e+01 5.026777e+00
      vertex   8.535534e-01 -2.207731e+01 5.207892e+00
    endloop
  endfacet
  facet normal 7.922305e-01 5.894291e-01 1.579371e-01
    outer loop
      vertex   9.330127e-01 -2.217462e+01 5.172475e+00
      vertex   8.535534e-01 -2.207731e+01 5.207892e+00
      vertex   9.330127e-01 -2.223101e+01 5.382940e+00
    endloop
  endfacet
  facet normal 7.922305e-01 5.894291e-01 1.579371e-01
    outer loop
      vertex   9.330127e-01 -2.223101e+01 5.382940e+00
      vertex   8.535534e-01 -2.207731e+01 5.207892e+00
      vertex   8.535534e-01 -2.212903e+01 5.400922e+00
    endloop
  endfacet
  facet normal 6.073003e-01 6.924283e-02 7.914492e-01
    outer loop
      vertex   8.535534e-01 -2.100000e+01 4.453553e+00
      vertex   7.500000e-01 -2.100000e+01 4.533013e+00
      vertex   8.535534e-01 -2.119908e+01 4.470970e+00
    endloop
  endfacet
  facet normal 6.073003e-01 6.924283e-02 7.914492e-01
    outer loop
      vertex   8.535534e-01 -2.119908e+01 4.470970e+00
      vertex   7.500000e-01 -2.100000e+01 4.533013e+00
      vertex   7.500000e-01 -2.118528e+01 4.549223e+00
    endloop
  endfacet
  facet normal 6.073003e-01 2.056246e-01 7.674014e-01
    outer loop
      vertex   8.535534e-01 -2.119908e+01 4.470970e+00
      vertex   7.500000e-01 -2.118528e+01 4.549223e+00
      vertex   8.535534e-01 -2.139211e+01 4.522693e+00
    endloop
  endfacet
  facet normal 6.073003e-01 2.056246e-01 7.674014e-01
    outer loop
      vertex   8.535534e-01 -2.139211e+01 4.522693e+00
      vertex   7.500000e-01 -2.118528e+01 4.549223e+00
      vertex   7.500000e-01 -2.136493e+01 4.597360e+00
    endloop
  endfacet
  facet normal 6.073003e-01 3.357585e-01 7.200365e-01
    outer loop
      vertex   8.535534e-01 -2.139211e+01 4.522693e+00
      vertex   7.500000e-01 -2.136493e+01 4.597360e+00
      vertex   8.535534e-01 -2.157322e+01 4.607148e+00
    endloop
  endfacet
  facet normal 6.073003e-01 3.357585e-01 7.200365e-01
    outer loop
      vertex   8.535534e-01 -2.157322e+01 4.607148e+00
      vertex   7.500000e-01 -2.136493e+01 4.597360e+00
      vertex   7.500000e-01 -2.153349e+01 4.675962e+00
    endloop
  endfacet
  facet normal 6.073003e-01 4.556906e-01 6.507937e-01
    outer loop
      vertex   8.535534e-01 -2.157322e+01 4.607148e+00
      vertex   7.500000e-01 -2.153349e+01 4.675962e+00
      vertex   8.535534e-01 -2.173692e+01 4.721771e+00
    endloop
  endfacet
  facet normal 6.073003e-01 4.556906e-01 6.507937e-01
    outer loop
      vertex   8.535534e-01 -2.173692e+01 4.721771e+00
      vertex   7.500000e-01 -2.153349e+01 4.675962e+00
      vertex   7.500000e-01 -2.168585e+01 4.782640e+00
    endloop
  endfacet
  facet normal 6.073003e-01 5.617768e-01 5.617768e-01
    outer loop
      vertex   8.535534e-01 -2.173692e+01 4.721771e+00
      vertex   7.500000e-01 -2.168585e+01 4.782640e+00
      vertex   8.535534e-01 -2.187823e+01 4.863078e+00
    endloop
  endfacet
  facet normal 6.073003e-01 5.617768e-01 5.617768e-01
    outer loop
      vertex   8.535534e-01 -2.187823e+01 4.863078e+00
      vertex   7.500000e-01 -2.168585e+01 4.782640e+00
      vertex   7.500000e-01 -2.181736e+01 4.914154e+00
    endloop
  endfacet
  facet normal 6.073003e-01 6.507937e-01 4.556906e-01
    outer loop
      vertex   8.535534e-01 -2.187823e+01 4.863078e+00
      vertex   7.500000e-01 -2.181736e+01 4.914154e+00
      vertex   8.535534e-01 -2.199285e+01 5.026777e+00
    endloop
  endfacet
  facet normal 6.073003e-01 6.507937e-01 4.556906e-01
    outer loop
      vertex   8.535534e-01 -2.199285e+01 5.026777e+00
      vertex   7.500000e-01 -2.181736e+01 4.914154e+00
      vertex   7.500000e-01 -2.192404e+01 5.066506e+00
    endloop
  endfacet
  facet normal 6.073003e-01 7.200365e-01 3.357585e-01
    outer loop
      vertex   8.535534e-01 -2.199285e+01 5.026777e+00
      vertex   7.500000e-01 -2.192404e+01 5.066506e+00
      vertex   8.535534e-01 -2.207731e+01 5.207892e+00
    endloop
  endfacet
  facet normal 6.073003e-01 7.200365e-01 3.357585e-01
    outer loop
      vertex   8.535534e-01 -2.207731e+01 5.207892e+00
      vertex   7.500000e-01 -2.192404e+01 5.066506e+00
      vertex   7.500000e-01 -2.200264e+01 5.235069e+00
    endloop
  endfacet
  facet normal 6.073003e-01 7.674014e-01 2.056246e-01
    outer loop
      vertex   8.535534e-01 -2.207731e+01 5.207892e+00
      vertex   7.500000e-01 -2.200264e+01 5.235069e+00
      vertex   8.535534e-01 -2.212903e+01 5.400922e+00
    endloop
  endfacet
  facet normal 6.073003e-01 7.674014e-01 2.056246e-01
    outer loop
      vertex   8.535534e-01 -2.212903e+01 5.400922e+00
      vertex   7.500000e-01 -2.200264e+01 5.235069e+00
      vertex   7.500000e-01 -2.205078e+01 5.414720e+00
    endloop
  endfacet
  facet normal 3.814394e-01 8.056623e-02 9.208762e-01
    outer loop
      vertex   7.500000e-01 -2.100000e+01 4.533013e+00
      vertex   6.294095e-01 -2.100000e+01 4.582963e+00
      vertex   7.500000e-01 -2.118528e+01 4.549223e+00
    endloop
  endfacet
  facet normal 3.814394e-01 8.056623e-02 9.208762e-01
    outer loop
      vertex   7.500000e-01 -2.118528e+01 4.549223e+00
      vertex   6.294095e-01 -2.100000e+01 4.582963e+00
      vertex   6.294095e-01 -2.117661e+01 4.598414e+00
    endloop
  endfacet
  facet normal 3.814394e-01 2.392507e-01 8.928959e-01
    outer loop
      vertex   7.500000e-01 -2.118528e+01 4.549223e+00
      vertex   6.294095e-01 -2.117661e+01 4.598414e+00
      vertex   7.500000e-01 -2.136493e+01 4.597360e+00
    endloop
  endfacet
  facet normal 3.814394e-01 2.392507e-01 8.928959e-01
    outer loop
      vertex   7.500000e-01 -2.136493e+01 4.597360e+00
      vertex   6.294095e-01 -2.117661e+01 4.598414e+00
      vertex   6.294095e-01 -2.134785e+01 4.644298e+00
    endloop
  endfacet
  facet normal 3.814394e-01 3.906657e-01 8.377853e-01
    outer loop
      vertex   7.500000e-01 -2.136493e+01 4.597360e+00
      vertex   6.294095e-01 -2.134785e+01 4.644298e+00
      vertex   7.500000e-01 -2.153349e+01 4.675962e+00
    endloop
  endfacet
  facet normal 3.814394e-01 3.906657e-01 8.377853e-01
    outer loop
      vertex   7.500000e-01 -2.153349e+01 4.675962e+00
      vertex   6.294095e-01 -2.134785e+01 4.644298e+00
      vertex   6.294095e-01 -2.150852e+01 4.719220e+00
    endloop
  endfacet
  facet normal 3.814394e-01 5.302105e-01 7.572191e-01
    outer loop
      vertex   7.500000e-01 -2.153349e+01 4.675962e+00
      vertex   6.294095e-01 -2.150852e+01 4.719220e+00
      vertex   7.500000e-01 -2.168585e+01 4.782640e+00
    endloop
  endfacet
  facet normal 3.814394e-01 5.302105e-01 7.572191e-01
    outer loop
      vertex   7.500000e-01 -2.168585e+01 4.782640e+00
      vertex   6.294095e-01 -2.150852e+01 4.719220e+00
      vertex   6.294095e-01 -2.165374e+01 4.820904e+00
    endloop
  endfacet
  facet normal 3.814394e-01 6.536451e-01 6.536451e-01
    outer loop
      vertex   7.500000e-01 -2.168585e+01 4.782640e+00
      vertex   6.294095e-01 -2.165374e+01 4.820904e+00
      vertex   7.500000e-01 -2.181736e+01 4.914154e+00
    endloop
  endfacet
  facet normal 3.814394e-01 6.536451e-01 6.536451e-01
    outer loop
      vertex   7.500000e-01 -2.181736e+01 4.914154e+00
      vertex   6.294095e-01 -2.165374e+01 4.820904e+00
      vertex   6.294095e-01 -2.177910e+01 4.946261e+00
    endloop
  endfacet
  facet normal 3.814394e-01 7.572191e-01 5.302105e-01
    outer loop
      vertex   7.500000e-01 -2.181736e+01 4.914154e+00
      vertex   6.294095e-01 -2.177910e+01 4.946261e+00
      vertex   7.500000e-01 -2.192404e+01 5.066506e+00
    endloop
  endfacet
  facet normal 3.814394e-01 7.572191e-01 5.302105e-01
    outer loop
      vertex   7.500000e-01 -2.192404e+01 5.066506e+00
      vertex   6.294095e-01 -2.177910e+01 4.946261e+00
      vertex   6.294095e-01 -2.188078e+01 5.091481e+00
    endloop
  endfacet
  facet normal 3.814394e-01 8.377853e-01 3.906657e-01
    outer loop
      vertex   7.500000e-01 -2.192404e+01 5.066506e+00
      vertex   6.294095e-01 -2.188078e+01 5.091481e+00
      vertex   7.500000e-01 -2.200264e+01 5.235069e+00
    endloop
  endfacet
  facet normal 3.814394e-01 8.377853e-01 3.906657e-01
    outer loop
      vertex   7.500000e-01 -2.200264e+01 5.235069e+00
      vertex   6.294095e-01 -2.188078e+01 5.091481e+00
      vertex   6.294095e-01 -2.195570e+01 5.252153e+00
    endloop
  endfacet
  facet normal 3.814394e-01 8.928959e-01 2.392507e-01
    outer loop
      vertex   7.500000e-01 -2.200264e+01 5.235069e+00
      vertex   6.294095e-01 -2.195570e+01 5.252153e+00
      vertex   7.500000e-01 -2.205078e+01 5.414720e+00
    endloop
  endfacet
  facet normal 3.814394e-01 8.928959e-01 2.392507e-01
    outer loop
      vertex   7.500000e-01 -2.205078e+01 5.414720e+00
      vertex   6.294095e-01 -2.195570e+01 5.252153e+00
      vertex   6.294095e-01 -2.200159e+01 5.423393e+00
    endloop
  endfacet
  facet normal 1.300379e-01 8.641571e-02 9.877360e-01
    outer loop
      vertex   6.294095e-01 -2.100000e+01 4.582963e+00
      vertex   5.000000e-01 -2.100000e+01 4.600000e+00
      vertex   6.294095e-01 -2.117661e+01 4.598414e+00
    endloop
  endfacet
  facet normal 1.869275e-01 1.282255e-01 9.739694e-01
    outer loop
      vertex   6.294095e-01 -2.117661e+01 4.598414e+00
      vertex   5.000000e-01 -2.100000e+01 4.600000e+00
      vertex   5.000000e-01 -2.125882e+01 4.634074e+00
    endloop
  endfacet
  facet normal 1.012238e-01 2.574897e-01 9.609645e-01
    outer loop
      vertex   6.294095e-01 -2.117661e+01 4.598414e+00
      vertex   5.000000e-01 -2.125882e+01 4.634074e+00
      vertex   6.294095e-01 -2.134785e+01 4.644298e+00
    endloop
  endfacet
  facet normal 1.869275e-01 3.759381e-01 9.075950e-01
    outer loop
      vertex   6.294095e-01 -2.134785e+01 4.644298e+00
      vertex   5.000000e-01 -2.125882e+01 4.634074e+00
      vertex   5.000000e-01 -2.150000e+01 4.733975e+00
    endloop
  endfacet
  facet normal 1.300379e-01 4.190298e-01 8.986123e-01
    outer loop
      vertex   6.294095e-01 -2.134785e+01 4.644298e+00
      vertex   5.000000e-01 -2.150000e+01 4.733975e+00
      vertex   6.294095e-01 -2.150852e+01 4.719220e+00
    endloop
  endfacet
  facet normal 1.300379e-01 5.687062e-01 8.121966e-01
    outer loop
      vertex   6.294095e-01 -2.150852e+01 4.719220e+00
      vertex   5.000000e-01 -2.150000e+01 4.733975e+00
      vertex   6.294095e-01 -2.165374e+01 4.820904e+00
    endloop
  endfacet
  facet normal 1.869275e-01 5.980312e-01 7.793695e-01
    outer loop
      vertex   5.000000e-01 -2.150000e+01 4.733975e+00
      vertex   5.000000e-01 -2.170711e+01 4.892893e+00
      vertex   6.294095e-01 -2.165374e+01 4.820904e+00
    endloop
  endfacet
  facet normal 1.012238e-01 7.034749e-01 7.034749e-01
    outer loop
      vertex   6.294095e-01 -2.165374e+01 4.820904e+00
      vertex   5.000000e-01 -2.170711e+01 4.892893e+00
      vertex   6.294095e-01 -2.177910e+01 4.946261e+00
    endloop
  endfacet
  facet normal 1.869275e-01 7.793695e-01 5.980312e-01
    outer loop
      vertex   5.000000e-01 -2.170711e+01 4.892893e+00
      vertex   5.000000e-01 -2.186603e+01 5.100000e+00
      vertex   6.294095e-01 -2.177910e+01 4.946261e+00
    endloop
  endfacet
  facet normal 1.300379e-01 8.121966e-01 5.687062e-01
    outer loop
      vertex   6.294095e-01 -2.177910e+01 4.946261e+00
      vertex   5.000000e-01 -2.186603e+01 5.100000e+00
      vertex   6.294095e-01 -2.188078e+01 5.091481e+00
    endloop
  endfacet
  facet normal 1.300379e-01 8.986123e-01 4.190298e-01
    outer loop
      vertex   6.294095e-01 -2.188078e+01 5.091481e+00
      vertex   5.000000e-01 -2.186603e+01 5.100000e+00
      vertex   6.294095e-01 -2.195570e+01 5.252153e+00
    endloop
  endfacet
  facet normal 1.869275e-01 9.075950e-01 3.759381e-01
    outer loop
      vertex   6.294095e-01 -2.195570e+01 5.252153e+00
      vertex   5.000000e-01 -2.186603e+01 5.100000e+00
      vertex   5.000000e-01 -2.196593e+01 5.341181e+00
    endloop
  endfacet
  facet normal 1.012238e-01 9.609645e-01 2.574897e-01
    outer loop
      vertex   6.294095e-01 -2.195570e+01 5.252153e+00
      vertex   5.000000e-01 -2.196593e+01 5.341181e+00
      vertex   6.294095e-01 -2.200159e+01 5.423393e+00
    endloop
  endfacet
  facet normal 1.305262e-01 9.914449e-01 -0.000000e+00
    outer loop
      vertex   5.000000e-01 -2.200000e+01 5.600000e+00
      vertex   5.000000e-01 -2.200000e+01 7.200000e+00
      vertex   6.294095e-01 -2.201704e+01 5.600000e+00
    endloop
  endfacet
  facet normal 1.305262e-01 9.914449e-01 9.057074e-17
    outer loop
      vertex   6.294095e-01 -2.201704e+01 5.600000e+00
      vertex   5.000000e-01 -2.200000e+01 7.200000e+00
      vertex   6.294095e-01 -2.201704e+01 7.200000e+00
    endloop
  endfacet
  facet normal 3.826834e-01 9.238795e-01 2.655400e-16
    outer loop
      vertex   6.294095e-01 -2.201704e+01 5.600000e+00
      vertex   6.294095e-01 -2.201704e+01 7.200000e+00
      vertex   7.500000e-01 -2.206699e+01 5.600000e+00
    endloop
  endfacet
  facet normal 3.826834e-01 9.238795e-01 5.310799e-16
    outer loop
      vertex   7.500000e-01 -2.206699e+01 5.600000e+00
      vertex   6.294095e-01 -2.201704e+01 7.200000e+00
      vertex   7.500000e-01 -2.206699e+01 7.200000e+00
    endloop
  endfacet
  facet normal 6.087614e-01 7.933533e-01 8.448262e-16
    outer loop
      vertex   7.500000e-01 -2.206699e+01 5.600000e+00
      vertex   7.500000e-01 -2.206699e+01 7.200000e+00
      vertex   8.535534e-01 -2.214645e+01 5.600000e+00
    endloop
  endfacet
  facet normal 6.087614e-01 7.933533e-01 1.224998e-15
    outer loop
      vertex   8.535534e-01 -2.214645e+01 5.600000e+00
      vertex   7.500000e-01 -2.206699e+01 7.200000e+00
      vertex   8.535534e-01 -2.214645e+01 7.200000e+00
    endloop
  endfacet
  facet normal 7.933533e-01 6.087614e-01 1.596448e-15
    outer loop
      vertex   8.535534e-01 -2.214645e+01 5.600000e+00
      vertex   8.535534e-01 -2.214645e+01 7.200000e+00
      vertex   9.330127e-01 -2.225000e+01 5.600000e+00
    endloop
  endfacet
  facet normal 7.933533e-01 6.087614e-01 1.926748e-15
    outer loop
      vertex   9.330127e-01 -2.225000e+01 5.600000e+00
      vertex   8.535534e-01 -2.214645e+01 7.200000e+00
      vertex   9.330127e-01 -2.225000e+01 7.200000e+00
    endloop
  endfacet
  facet normal 9.238795e-01 3.826834e-01 2.243746e-15
    outer loop
      vertex   9.330127e-01 -2.225000e+01 5.600000e+00
      vertex   9.330127e-01 -2.225000e+01 7.200000e+00
      vertex   9.829629e-01 -2.237059e+01 5.600000e+00
    endloop
  endfacet
  facet normal 9.238795e-01 3.826834e-01 2.371960e-15
    outer loop
      vertex   9.829629e-01 -2.237059e+01 5.600000e+00
      vertex   9.330127e-01 -2.225000e+01 7.200000e+00
      vertex   9.829629e-01 -2.237059e+01 7.200000e+00
    endloop
  endfacet
  facet normal 9.914449e-01 1.305262e-01 2.545426e-15
    outer loop
      vertex   9.829629e-01 -2.237059e+01 5.600000e+00
      vertex   9.829629e-01 -2.237059e+01 7.200000e+00
      vertex   1.000000e+00 -2.250000e+01 5.600000e+00
    endloop
  endfacet
  facet normal 9.914449e-01 1.305262e-01 -2.898264e-16
    outer loop
      vertex   1.000000e+00 -2.250000e+01 5.600000e+00
      vertex   9.829629e-01 -2.237059e+01 7.200000e+00
      vertex   1.000000e+00 -2.250000e+01 7.200000e+00
    endloop
  endfacet
  facet normal 1.869275e-01 1.282255e-01 -9.739694e-01
    outer loop
      vertex   5.000000e-01 -2.125882e+01 8.165926e+00
      vertex   5.000000e-01 -2.100000e+01 8.200000e+00
      vertex   6.294095e-01 -2.117661e+01 8.201586e+00
    endloop
  endfacet
  facet normal 1.300379e-01 8.641571e-02 -9.877360e-01
    outer loop
      vertex   6.294095e-01 -2.117661e+01 8.201586e+00
      vertex   5.000000e-01 -2.100000e+01 8.200000e+00
      vertex   6.294095e-01 -2.100000e+01 8.217037e+00
    endloop
  endfacet
  facet normal 3.814394e-01 8.056623e-02 -9.208762e-01
    outer loop
      vertex   6.294095e-01 -2.117661e+01 8.201586e+00
      vertex   6.294095e-01 -2.100000e+01 8.217037e+00
      vertex   7.500000e-01 -2.100000e+01 8.266987e+00
    endloop
  endfacet
  facet normal 3.814394e-01 8.056623e-02 -9.208762e-01
    outer loop
      vertex   6.294095e-01 -2.117661e+01 8.201586e+00
      vertex   7.500000e-01 -2.100000e+01 8.266987e+00
      vertex   7.500000e-01 -2.118528e+01 8.250777e+00
    endloop
  endfacet
  facet normal 6.073003e-01 6.924283e-02 -7.914492e-01
    outer loop
      vertex   7.500000e-01 -2.118528e+01 8.250777e+00
      vertex   7.500000e-01 -2.100000e+01 8.266987e+00
      vertex   8.535534e-01 -2.100000e+01 8.346447e+00
    endloop
  endfacet
  facet normal 6.073003e-01 6.924283e-02 -7.914492e-01
    outer loop
      vertex   7.500000e-01 -2.118528e+01 8.250777e+00
      vertex   8.535534e-01 -2.100000e+01 8.346447e+00
      vertex   8.535534e-01 -2.119908e+01 8.329030e+00
    endloop
  endfacet
  facet normal 7.922305e-01 5.318435e-02 -6.078999e-01
    outer loop
      vertex   8.535534e-01 -2.119908e+01 8.329030e+00
      vertex   8.535534e-01 -2.100000e+01 8.346447e+00
      vertex   9.330127e-01 -2.100000e+01 8.450000e+00
    endloop
  endfacet
  facet normal 7.922305e-01 5.318435e-02 -6.078999e-01
    outer loop
      vertex   8.535534e-01 -2.119908e+01 8.329030e+00
      vertex   9.330127e-01 -2.100000e+01 8.450000e+00
      vertex   9.330127e-01 -2.121706e+01 8.431010e+00
    endloop
  endfacet
  facet normal 9.233622e-01 3.346171e-02 -3.824691e-01
    outer loop
      vertex   9.330127e-01 -2.121706e+01 8.431010e+00
      vertex   9.330127e-01 -2.100000e+01 8.450000e+00
      vertex   9.829629e-01 -2.100000e+01 8.570590e+00
    endloop
  endfacet
  facet normal 9.233622e-01 3.346171e-02 -3.824691e-01
    outer loop
      vertex   9.330127e-01 -2.121706e+01 8.431010e+00
      vertex   9.829629e-01 -2.100000e+01 8.570590e+00
      vertex   9.829629e-01 -2.123800e+01 8.549768e+00
    endloop
  endfacet
  facet normal 9.913802e-01 1.141882e-02 -1.305177e-01
    outer loop
      vertex   9.829629e-01 -2.123800e+01 8.549768e+00
      vertex   9.829629e-01 -2.100000e+01 8.570590e+00
      vertex   1.000000e+00 -2.100000e+01 8.700000e+00
    endloop
  endfacet
  facet normal 9.910073e-01 1.311543e-02 -1.331632e-01
    outer loop
      vertex   9.829629e-01 -2.123800e+01 8.549768e+00
      vertex   1.000000e+00 -2.100000e+01 8.700000e+00
      vertex   1.000000e+00 -2.129264e+01 8.671178e+00
    endloop
  endfacet
  facet normal 9.917006e-01 3.327610e-02 -1.241881e-01
    outer loop
      vertex   9.829629e-01 -2.123800e+01 8.549768e+00
      vertex   1.000000e+00 -2.129264e+01 8.671178e+00
      vertex   9.829629e-01 -2.146877e+01 8.487934e+00
    endloop
  endfacet
  facet normal 9.907259e-01 3.944255e-02 -1.300247e-01
    outer loop
      vertex   9.829629e-01 -2.146877e+01 8.487934e+00
      vertex   1.000000e+00 -2.129264e+01 8.671178e+00
      vertex   1.000000e+00 -2.157403e+01 8.585819e+00
    endloop
  endfacet
  facet normal 9.919187e-01 5.361966e-02 -1.149877e-01
    outer loop
      vertex   9.829629e-01 -2.146877e+01 8.487934e+00
      vertex   1.000000e+00 -2.157403e+01 8.585819e+00
      vertex   9.829629e-01 -2.168530e+01 8.386966e+00
    endloop
  endfacet
  facet normal 9.905309e-01 6.471811e-02 -1.210791e-01
    outer loop
      vertex   9.829629e-01 -2.168530e+01 8.386966e+00
      vertex   1.000000e+00 -2.157403e+01 8.585819e+00
      vertex   1.000000e+00 -2.183336e+01 8.447204e+00
    endloop
  endfacet
  facet normal 9.920456e-01 7.220138e-02 -1.031143e-01
    outer loop
      vertex   9.829629e-01 -2.168530e+01 8.386966e+00
      vertex   1.000000e+00 -2.183336e+01 8.447204e+00
      vertex   9.829629e-01 -2.188100e+01 8.249933e+00
    endloop
  endfacet
  facet normal 9.904310e-01 8.755174e-02 -1.066821e-01
    outer loop
      vertex   9.829629e-01 -2.188100e+01 8.249933e+00
      vertex   1.000000e+00 -2.183336e+01 8.447204e+00
      vertex   1.000000e+00 -2.206066e+01 8.260660e+00
    endloop
  endfacet
  facet normal 9.920872e-01 8.877780e-02 -8.877780e-02
    outer loop
      vertex   9.829629e-01 -2.188100e+01 8.249933e+00
      vertex   1.000000e+00 -2.206066e+01 8.260660e+00
      vertex   9.829629e-01 -2.204993e+01 8.080999e+00
    endloop
  endfacet
  facet normal 9.904310e-01 1.066821e-01 -8.755174e-02
    outer loop
      vertex   9.829629e-01 -2.204993e+01 8.080999e+00
      vertex   1.000000e+00 -2.206066e+01 8.260660e+00
      vertex   1.000000e+00 -2.224720e+01 8.033355e+00
    endloop
  endfacet
  facet normal 9.920456e-01 1.031143e-01 -7.220138e-02
    outer loop
      vertex   9.829629e-01 -2.204993e+01 8.080999e+00
      vertex   1.000000e+00 -2.224720e+01 8.033355e+00
      vertex   9.829629e-01 -2.218697e+01 7.885295e+00
    endloop
  endfacet
  facet normal 9.905309e-01 1.210791e-01 -6.471811e-02
    outer loop
      vertex   9.829629e-01 -2.218697e+01 7.885295e+00
      vertex   1.000000e+00 -2.224720e+01 8.033355e+00
      vertex   1.000000e+00 -2.238582e+01 7.774025e+00
    endloop
  endfacet
  facet normal 9.919187e-01 1.149877e-01 -5.361966e-02
    outer loop
      vertex   9.829629e-01 -2.218697e+01 7.885295e+00
      vertex   1.000000e+00 -2.238582e+01 7.774025e+00
      vertex   9.829629e-01 -2.228793e+01 7.668770e+00
    endloop
  endfacet
  facet normal 9.907259e-01 1.300247e-01 -3.944255e-02
    outer loop
      vertex   9.829629e-01 -2.228793e+01 7.668770e+00
      vertex   1.000000e+00 -2.238582e+01 7.774025e+00
      vertex   1.000000e+00 -2.247118e+01 7.492635e+00
    endloop
  endfacet
  facet normal 9.917006e-01 1.241881e-01 -3.327610e-02
    outer loop
      vertex   9.829629e-01 -2.228793e+01 7.668770e+00
      vertex   1.000000e+00 -2.247118e+01 7.492635e+00
      vertex   9.829629e-01 -2.234977e+01 7.438001e+00
    endloop
  endfacet
  facet normal 9.910073e-01 1.331632e-01 -1.311543e-02
    outer loop
      vertex   9.829629e-01 -2.234977e+01 7.438001e+00
      vertex   1.000000e+00 -2.247118e+01 7.492635e+00
      vertex   1.000000e+00 -2.250000e+01 7.200000e+00
    endloop
  endfacet
  facet normal 9.913802e-01 1.305177e-01 -1.141882e-02
    outer loop
      vertex   9.829629e-01 -2.234977e+01 7.438001e+00
      vertex   1.000000e+00 -2.250000e+01 7.200000e+00
      vertex   9.829629e-01 -2.237059e+01 7.200000e+00
    endloop
  endfacet
  facet normal 9.233622e-01 3.824691e-01 -3.346171e-02
    outer loop
      vertex   9.829629e-01 -2.237059e+01 7.200000e+00
      vertex   9.330127e-01 -2.225000e+01 7.200000e+00
      vertex   9.829629e-01 -2.234977e+01 7.438001e+00
    endloop
  endfacet
  facet normal 9.233622e-01 3.824691e-01 -3.346171e-02
    outer loop
      vertex   9.829629e-01 -2.234977e+01 7.438001e+00
      vertex   9.330127e-01 -2.225000e+01 7.200000e+00
      vertex   9.330127e-01 -2.223101e+01 7.417060e+00
    endloop
  endfacet
  facet normal 9.233622e-01 3.708480e-01 -9.936842e-02
    outer loop
      vertex   9.829629e-01 -2.234977e+01 7.438001e+00
      vertex   9.330127e-01 -2.223101e+01 7.417060e+00
      vertex   9.829629e-01 -2.228793e+01 7.668770e+00
    endloop
  endfacet
  facet normal 9.233622e-01 3.708480e-01 -9.936842e-02
    outer loop
      vertex   9.829629e-01 -2.228793e+01 7.668770e+00
      vertex   9.330127e-01 -2.223101e+01 7.417060e+00
      vertex   9.330127e-01 -2.217462e+01 7.627525e+00
    endloop
  endfacet
  facet normal 9.233622e-01 3.479588e-01 -1.622559e-01
    outer loop
      vertex   9.829629e-01 -2.228793e+01 7.668770e+00
      vertex   9.330127e-01 -2.217462e+01 7.627525e+00
      vertex   9.829629e-01 -2.218697e+01 7.885295e+00
    endloop
  endfacet
  facet normal 9.233622e-01 3.479588e-01 -1.622559e-01
    outer loop
      vertex   9.829629e-01 -2.218697e+01 7.885295e+00
      vertex   9.330127e-01 -2.217462e+01 7.627525e+00
      vertex   9.330127e-01 -2.208253e+01 7.825000e+00
    endloop
  endfacet
  facet normal 9.233622e-01 3.144971e-01 -2.202133e-01
    outer loop
      vertex   9.829629e-01 -2.218697e+01 7.885295e+00
      vertex   9.330127e-01 -2.208253e+01 7.825000e+00
      vertex   9.829629e-01 -2.204993e+01 8.080999e+00
    endloop
  endfacet
  facet normal 9.233622e-01 3.144971e-01 -2.202133e-01
    outer loop
      vertex   9.829629e-01 -2.204993e+01 8.080999e+00
      vertex   9.330127e-01 -2.208253e+01 7.825000e+00
      vertex   9.330127e-01 -2.195756e+01 8.003485e+00
    endloop
  endfacet
  facet normal 9.233622e-01 2.714796e-01 -2.714796e-01
    outer loop
      vertex   9.829629e-01 -2.204993e+01 8.080999e+00
      vertex   9.330127e-01 -2.195756e+01 8.003485e+00
      vertex   9.829629e-01 -2.188100e+01 8.249933e+00
    endloop
  endfacet
  facet normal 9.233622e-01 2.714796e-01 -2.714796e-01
    outer loop
      vertex   9.829629e-01 -2.188100e+01 8.249933e+00
      vertex   9.330127e-01 -2.195756e+01 8.003485e+00
      vertex   9.330127e-01 -2.180348e+01 8.157556e+00
    endloop
  endfacet
  facet normal 9.233622e-01 2.202133e-01 -3.144971e-01
    outer loop
      vertex   9.829629e-01 -2.188100e+01 8.249933e+00
      vertex   9.330127e-01 -2.180348e+01 8.157556e+00
      vertex   9.829629e-01 -2.168530e+01 8.386966e+00
    endloop
  endfacet
  facet normal 9.233622e-01 2.202133e-01 -3.144971e-01
    outer loop
      vertex   9.829629e-01 -2.168530e+01 8.386966e+00
      vertex   9.330127e-01 -2.180348e+01 8.157556e+00
      vertex   9.330127e-01 -2.162500e+01 8.282532e+00
    endloop
  endfacet
  facet normal 9.233622e-01 1.622559e-01 -3.479588e-01
    outer loop
      vertex   9.829629e-01 -2.168530e+01 8.386966e+00
      vertex   9.330127e-01 -2.162500e+01 8.282532e+00
      vertex   9.829629e-01 -2.146877e+01 8.487934e+00
    endloop
  endfacet
  facet normal 9.233622e-01 1.622559e-01 -3.479588e-01
    outer loop
      vertex   9.829629e-01 -2.146877e+01 8.487934e+00
      vertex   9.330127e-01 -2.162500e+01 8.282532e+00
      vertex   9.330127e-01 -2.142753e+01 8.374616e+00
    endloop
  endfacet
  facet normal 9.233622e-01 9.936842e-02 -3.708480e-01
    outer loop
      vertex   9.829629e-01 -2.146877e+01 8.487934e+00
      vertex   9.330127e-01 -2.142753e+01 8.374616e+00
      vertex   9.829629e-01 -2.123800e+01 8.549768e+00
    endloop
  endfacet
  facet normal 9.233622e-01 9.936842e-02 -3.708480e-01
    outer loop
      vertex   9.829629e-01 -2.123800e+01 8.549768e+00
      vertex   9.330127e-01 -2.142753e+01 8.374616e+00
      vertex   9.330127e-01 -2.121706e+01 8.431010e+00
    endloop
  endfacet
  facet normal 7.922305e-01 6.078999e-01 -5.318435e-02
    outer loop
      vertex   9.330127e-01 -2.225000e+01 7.200000e+00
      vertex   8.535534e-01 -2.214645e+01 7.200000e+00
      vertex   9.330127e-01 -2.223101e+01 7.417060e+00
    endloop
  endfacet
  facet normal 7.922305e-01 6.078999e-01 -5.318435e-02
    outer loop
      vertex   9.330127e-01 -2.223101e+01 7.417060e+00
      vertex   8.535534e-01 -2.214645e+01 7.200000e+00
      vertex   8.535534e-01 -2.212903e+01 7.399078e+00
    endloop
  endfacet
  facet normal 7.922305e-01 5.894291e-01 -1.579371e-01
    outer loop
      vertex   9.330127e-01 -2.223101e+01 7.417060e+00
      vertex   8.535534e-01 -2.212903e+01 7.399078e+00
      vertex   9.330127e-01 -2.217462e+01 7.627525e+00
    endloop
  endfacet
  facet normal 7.922305e-01 5.894291e-01 -1.579371e-01
    outer loop
      vertex   9.330127e-01 -2.217462e+01 7.627525e+00
      vertex   8.535534e-01 -2.212903e+01 7.399078e+00
      vertex   8.535534e-01 -2.207731e+01 7.592108e+00
    endloop
  endfacet
  facet normal 7.922305e-01 5.530489e-01 -2.578909e-01
    outer loop
      vertex   9.330127e-01 -2.217462e+01 7.627525e+00
      vertex   8.535534e-01 -2.207731e+01 7.592108e+00
      vertex   9.330127e-01 -2.208253e+01 7.825000e+00
    endloop
  endfacet
  facet normal 7.922305e-01 5.530489e-01 -2.578909e-01
    outer loop
      vertex   9.330127e-01 -2.208253e+01 7.825000e+00
      vertex   8.535534e-01 -2.207731e+01 7.592108e+00
      vertex   8.535534e-01 -2.199285e+01 7.773223e+00
    endloop
  endfacet
  facet normal 7.922305e-01 4.998645e-01 -3.500089e-01
    outer loop
      vertex   9.330127e-01 -2.208253e+01 7.825000e+00
      vertex   8.535534e-01 -2.199285e+01 7.773223e+00
      vertex   9.330127e-01 -2.195756e+01 8.003485e+00
    endloop
  endfacet
  facet normal 7.922305e-01 4.998645e-01 -3.500089e-01
    outer loop
      vertex   9.330127e-01 -2.195756e+01 8.003485e+00
      vertex   8.535534e-01 -2.199285e+01 7.773223e+00
      vertex   8.535534e-01 -2.187823e+01 7.936922e+00
    endloop
  endfacet
  facet normal 7.922305e-01 4.314921e-01 -4.314921e-01
    outer loop
      vertex   9.330127e-01 -2.195756e+01 8.003485e+00
      vertex   8.535534e-01 -2.187823e+01 7.936922e+00
      vertex   9.330127e-01 -2.180348e+01 8.157556e+00
    endloop
  endfacet
  facet normal 7.922305e-01 4.314921e-01 -4.314921e-01
    outer loop
      vertex   9.330127e-01 -2.180348e+01 8.157556e+00
      vertex   8.535534e-01 -2.187823e+01 7.936922e+00
      vertex   8.535534e-01 -2.173692e+01 8.078229e+00
    endloop
  endfacet
  facet normal 7.922305e-01 3.500089e-01 -4.998645e-01
    outer loop
      vertex   9.330127e-01 -2.180348e+01 8.157556e+00
      vertex   8.535534e-01 -2.173692e+01 8.078229e+00
      vertex   9.330127e-01 -2.162500e+01 8.282532e+00
    endloop
  endfacet
  facet normal 7.922305e-01 3.500089e-01 -4.998645e-01
    outer loop
      vertex   9.330127e-01 -2.162500e+01 8.282532e+00
      vertex   8.535534e-01 -2.173692e+01 8.078229e+00
      vertex   8.535534e-01 -2.157322e+01 8.192852e+00
    endloop
  endfacet
  facet normal 7.922305e-01 2.578909e-01 -5.530489e-01
    outer loop
      vertex   9.330127e-01 -2.162500e+01 8.282532e+00
      vertex   8.535534e-01 -2.157322e+01 8.192852e+00
      vertex   9.330127e-01 -2.142753e+01 8.374616e+00
    endloop
  endfacet
  facet normal 7.922305e-01 2.578909e-01 -5.530489e-01
    outer loop
      vertex   9.330127e-01 -2.142753e+01 8.374616e+00
      vertex   8.535534e-01 -2.157322e+01 8.192852e+00
      vertex   8.535534e-01 -2.139211e+01 8.277307e+00
    endloop
  endfacet
  facet normal 7.922305e-01 1.579371e-01 -5.894291e-01
    outer loop
      vertex   9.330127e-01 -2.142753e+01 8.374616e+00
      vertex   8.535534e-01 -2.139211e+01 8.277307e+00
      vertex   9.330127e-01 -2.121706e+01 8.431010e+00
    endloop
  endfacet
  facet normal 7.922305e-01 1.579371e-01 -5.894291e-01
    outer loop
      vertex   9.330127e-01 -2.121706e+01 8.431010e+00
      vertex   8.535534e-01 -2.139211e+01 8.277307e+00
      vertex   8.535534e-01 -2.119908e+01 8.329030e+00
    endloop
  endfacet
  facet normal 6.073003e-01 7.914492e-01 -6.924283e-02
    outer loop
      vertex   8.535534e-01 -2.214645e+01 7.200000e+00
      vertex   7.500000e-01 -2.206699e+01 7.200000e+00
      vertex   8.535534e-01 -2.212903e+01 7.399078e+00
    endloop
  endfacet
  facet normal 6.073003e-01 7.914492e-01 -6.924283e-02
    outer loop
      vertex   8.535534e-01 -2.212903e+01 7.399078e+00
      vertex   7.500000e-01 -2.206699e+01 7.200000e+00
      vertex   7.500000e-01 -2.205078e+01 7.385280e+00
    endloop
  endfacet
  facet normal 6.073003e-01 7.674014e-01 -2.056246e-01
    outer loop
      vertex   8.535534e-01 -2.212903e+01 7.399078e+00
      vertex   7.500000e-01 -2.205078e+01 7.385280e+00
      vertex   8.535534e-01 -2.207731e+01 7.592108e+00
    endloop
  endfacet
  facet normal 6.073003e-01 7.674014e-01 -2.056246e-01
    outer loop
      vertex   8.535534e-01 -2.207731e+01 7.592108e+00
      vertex   7.500000e-01 -2.205078e+01 7.385280e+00
      vertex   7.500000e-01 -2.200264e+01 7.564931e+00
    endloop
  endfacet
  facet normal 6.073003e-01 7.200365e-01 -3.357585e-01
    outer loop
      vertex   8.535534e-01 -2.207731e+01 7.592108e+00
      vertex   7.500000e-01 -2.200264e+01 7.564931e+00
      vertex   8.535534e-01 -2.199285e+01 7.773223e+00
    endloop
  endfacet
  facet normal 6.073003e-01 7.200365e-01 -3.357585e-01
    outer loop
      vertex   8.535534e-01 -2.199285e+01 7.773223e+00
      vertex   7.500000e-01 -2.200264e+01 7.564931e+00
      vertex   7.500000e-01 -2.192404e+01 7.733494e+00
    endloop
  endfacet
  facet normal 6.073003e-01 6.507937e-01 -4.556906e-01
    outer loop
      vertex   8.535534e-01 -2.199285e+01 7.773223e+00
      vertex   7.500000e-01 -2.192404e+01 7.733494e+00
      vertex   8.535534e-01 -2.187823e+01 7.936922e+00
    endloop
  endfacet
  facet normal 6.073003e-01 6.507937e-01 -4.556906e-01
    outer loop
      vertex   8.535534e-01 -2.187823e+01 7.936922e+00
      vertex   7.500000e-01 -2.192404e+01 7.733494e+00
      vertex   7.500000e-01 -2.181736e+01 7.885846e+00
    endloop
  endfacet
  facet normal 6.073003e-01 5.617768e-01 -5.617768e-01
    outer loop
      vertex   8.535534e-01 -2.187823e+01 7.936922e+00
      vertex   7.500000e-01 -2.181736e+01 7.885846e+00
      vertex   8.535534e-01 -2.173692e+01 8.078229e+00
    endloop
  endfacet
  facet normal 6.073003e-01 5.617768e-01 -5.617768e-01
    outer loop
      vertex   8.535534e-01 -2.173692e+01 8.078229e+00
      vertex   7.500000e-01 -2.181736e+01 7.885846e+00
      vertex   7.500000e-01 -2.168585e+01 8.017360e+00
    endloop
  endfacet
  facet normal 6.073003e-01 4.556906e-01 -6.507937e-01
    outer loop
      vertex   8.535534e-01 -2.173692e+01 8.078229e+00
      vertex   7.500000e-01 -2.168585e+01 8.017360e+00
      vertex   8.535534e-01 -2.157322e+01 8.192852e+00
    endloop
  endfacet
  facet normal 6.073003e-01 4.556906e-01 -6.507937e-01
    outer loop
      vertex   8.535534e-01 -2.157322e+01 8.192852e+00
      vertex   7.500000e-01 -2.168585e+01 8.017360e+00
      vertex   7.500000e-01 -2.153349e+01 8.124038e+00
    endloop
  endfacet
  facet normal 6.073003e-01 3.357585e-01 -7.200365e-01
    outer loop
      vertex   8.535534e-01 -2.157322e+01 8.192852e+00
      vertex   7.500000e-01 -2.153349e+01 8.124038e+00
      vertex   8.535534e-01 -2.139211e+01 8.277307e+00
    endloop
  endfacet
  facet normal 6.073003e-01 3.357585e-01 -7.200365e-01
    outer loop
      vertex   8.535534e-01 -2.139211e+01 8.277307e+00
      vertex   7.500000e-01 -2.153349e+01 8.124038e+00
      vertex   7.500000e-01 -2.136493e+01 8.202640e+00
    endloop
  endfacet
  facet normal 6.073003e-01 2.056246e-01 -7.674014e-01
    outer loop
      vertex   8.535534e-01 -2.139211e+01 8.277307e+00
      vertex   7.500000e-01 -2.136493e+01 8.202640e+00
      vertex   8.535534e-01 -2.119908e+01 8.329030e+00
    endloop
  endfacet
  facet normal 6.073003e-01 2.056246e-01 -7.674014e-01
    outer loop
      vertex   8.535534e-01 -2.119908e+01 8.329030e+00
      vertex   7.500000e-01 -2.136493e+01 8.202640e+00
      vertex   7.500000e-01 -2.118528e+01 8.250777e+00
    endloop
  endfacet
  facet normal 3.814394e-01 9.208762e-01 -8.056623e-02
    outer loop
      vertex   7.500000e-01 -2.206699e+01 7.200000e+00
      vertex   6.294095e-01 -2.201704e+01 7.200000e+00
      vertex   7.500000e-01 -2.205078e+01 7.385280e+00
    endloop
  endfacet
  facet normal 3.814394e-01 9.208762e-01 -8.056623e-02
    outer loop
      vertex   7.500000e-01 -2.205078e+01 7.385280e+00
      vertex   6.294095e-01 -2.201704e+01 7.200000e+00
      vertex   6.294095e-01 -2.200159e+01 7.376607e+00
    endloop
  endfacet
  facet normal 3.814394e-01 8.928959e-01 -2.392507e-01
    outer loop
      vertex   7.500000e-01 -2.205078e+01 7.385280e+00
      vertex   6.294095e-01 -2.200159e+01 7.376607e+00
      vertex   7.500000e-01 -2.200264e+01 7.564931e+00
    endloop
  endfacet
  facet normal 3.814394e-01 8.928959e-01 -2.392507e-01
    outer loop
      vertex   7.500000e-01 -2.200264e+01 7.564931e+00
      vertex   6.294095e-01 -2.200159e+01 7.376607e+00
      vertex   6.294095e-01 -2.195570e+01 7.547847e+00
    endloop
  endfacet
  facet normal 3.814394e-01 8.377853e-01 -3.906657e-01
    outer loop
      vertex   7.500000e-01 -2.200264e+01 7.564931e+00
      vertex   6.294095e-01 -2.195570e+01 7.547847e+00
      vertex   7.500000e-01 -2.192404e+01 7.733494e+00
    endloop
  endfacet
  facet normal 3.814394e-01 8.377853e-01 -3.906657e-01
    outer loop
      vertex   7.500000e-01 -2.192404e+01 7.733494e+00
      vertex   6.294095e-01 -2.195570e+01 7.547847e+00
      vertex   6.294095e-01 -2.188078e+01 7.708519e+00
    endloop
  endfacet
  facet normal 3.814394e-01 7.572191e-01 -5.302105e-01
    outer loop
      vertex   7.500000e-01 -2.192404e+01 7.733494e+00
      vertex   6.294095e-01 -2.188078e+01 7.708519e+00
      vertex   7.500000e-01 -2.181736e+01 7.885846e+00
    endloop
  endfacet
  facet normal 3.814394e-01 7.572191e-01 -5.302105e-01
    outer loop
      vertex   7.500000e-01 -2.181736e+01 7.885846e+00
      vertex   6.294095e-01 -2.188078e+01 7.708519e+00
      vertex   6.294095e-01 -2.177910e+01 7.853739e+00
    endloop
  endfacet
  facet normal 3.814394e-01 6.536451e-01 -6.536451e-01
    outer loop
      vertex   7.500000e-01 -2.181736e+01 7.885846e+00
      vertex   6.294095e-01 -2.177910e+01 7.853739e+00
      vertex   7.500000e-01 -2.168585e+01 8.017360e+00
    endloop
  endfacet
  facet normal 3.814394e-01 6.536451e-01 -6.536451e-01
    outer loop
      vertex   7.500000e-01 -2.168585e+01 8.017360e+00
      vertex   6.294095e-01 -2.177910e+01 7.853739e+00
      vertex   6.294095e-01 -2.165374e+01 7.979096e+00
    endloop
  endfacet
  facet normal 3.814394e-01 5.302105e-01 -7.572191e-01
    outer loop
      vertex   7.500000e-01 -2.168585e+01 8.017360e+00
      vertex   6.294095e-01 -2.165374e+01 7.979096e+00
      vertex   7.500000e-01 -2.153349e+01 8.124038e+00
    endloop
  endfacet
  facet normal 3.814394e-01 5.302105e-01 -7.572191e-01
    outer loop
      vertex   7.500000e-01 -2.153349e+01 8.124038e+00
      vertex   6.294095e-01 -2.165374e+01 7.979096e+00
      vertex   6.294095e-01 -2.150852e+01 8.080780e+00
    endloop
  endfacet
  facet normal 3.814394e-01 3.906657e-01 -8.377853e-01
    outer loop
      vertex   7.500000e-01 -2.153349e+01 8.124038e+00
      vertex   6.294095e-01 -2.150852e+01 8.080780e+00
      vertex   7.500000e-01 -2.136493e+01 8.202640e+00
    endloop
  endfacet
  facet normal 3.814394e-01 3.906657e-01 -8.377853e-01
    outer loop
      vertex   7.500000e-01 -2.136493e+01 8.202640e+00
      vertex   6.294095e-01 -2.150852e+01 8.080780e+00
      vertex   6.294095e-01 -2.134785e+01 8.155702e+00
    endloop
  endfacet
  facet normal 3.814394e-01 2.392507e-01 -8.928959e-01
    outer loop
      vertex   7.500000e-01 -2.136493e+01 8.202640e+00
      vertex   6.294095e-01 -2.134785e+01 8.155702e+00
      vertex   7.500000e-01 -2.118528e+01 8.250777e+00
    endloop
  endfacet
  facet normal 3.814394e-01 2.392507e-01 -8.928959e-01
    outer loop
      vertex   7.500000e-01 -2.118528e+01 8.250777e+00
      vertex   6.294095e-01 -2.134785e+01 8.155702e+00
      vertex   6.294095e-01 -2.117661e+01 8.201586e+00
    endloop
  endfacet
  facet normal 1.300379e-01 9.877360e-01 -8.641571e-02
    outer loop
      vertex   6.294095e-01 -2.201704e+01 7.200000e+00
      vertex   5.000000e-01 -2.200000e+01 7.200000e+00
      vertex   6.294095e-01 -2.200159e+01 7.376607e+00
    endloop
  endfacet
  facet normal 1.869275e-01 9.739694e-01 -1.282255e-01
    outer loop
      vertex   6.294095e-01 -2.200159e+01 7.376607e+00
      vertex   5.000000e-01 -2.200000e+01 7.200000e+00
      vertex   5.000000e-01 -2.196593e+01 7.458819e+00
    endloop
  endfacet
  facet normal 1.012238e-01 9.609645e-01 -2.574897e-01
    outer loop
      vertex   6.294095e-01 -2.200159e+01 7.376607e+00
      vertex   5.000000e-01 -2.196593e+01 7.458819e+00
      vertex   6.294095e-01 -2.195570e+01 7.547847e+00
    endloop
  endfacet
  facet normal 1.869275e-01 9.075950e-01 -3.759381e-01
    outer loop
      vertex   6.294095e-01 -2.195570e+01 7.547847e+00
      vertex   5.000000e-01 -2.196593e+01 7.458819e+00
      vertex   5.000000e-01 -2.186603e+01 7.700000e+00
    endloop
  endfacet
  facet normal 1.300379e-01 8.986123e-01 -4.190298e-01
    outer loop
      vertex   6.294095e-01 -2.195570e+01 7.547847e+00
      vertex   5.000000e-01 -2.186603e+01 7.700000e+00
      vertex   6.294095e-01 -2.188078e+01 7.708519e+00
    endloop
  endfacet
  facet normal 1.300379e-01 8.121966e-01 -5.687062e-01
    outer loop
      vertex   6.294095e-01 -2.188078e+01 7.708519e+00
      vertex   5.000000e-01 -2.186603e+01 7.700000e+00
      vertex   6.294095e-01 -2.177910e+01 7.853739e+00
    endloop
  endfacet
  facet normal 1.869275e-01 7.793695e-01 -5.980312e-01
    outer loop
      vertex   5.000000e-01 -2.186603e+01 7.700000e+00
      vertex   5.000000e-01 -2.170711e+01 7.907107e+00
      vertex   6.294095e-01 -2.177910e+01 7.853739e+00
    endloop
  endfacet
  facet normal 1.012238e-01 7.034749e-01 -7.034749e-01
    outer loop
      vertex   6.294095e-01 -2.177910e+01 7.853739e+00
      vertex   5.000000e-01 -2.170711e+01 7.907107e+00
      vertex   6.294095e-01 -2.165374e+01 7.979096e+00
    endloop
  endfacet
  facet normal 1.869275e-01 5.980312e-01 -7.793695e-01
    outer loop
      vertex   5.000000e-01 -2.170711e+01 7.907107e+00
      vertex   5.000000e-01 -2.150000e+01 8.066025e+00
      vertex   6.294095e-01 -2.165374e+01 7.979096e+00
    endloop
  endfacet
  facet normal 1.300379e-01 5.687062e-01 -8.121966e-01
    outer loop
      vertex   6.294095e-01 -2.165374e+01 7.979096e+00
      vertex   5.000000e-01 -2.150000e+01 8.066025e+00
      vertex   6.294095e-01 -2.150852e+01 8.080780e+00
    endloop
  endfacet
  facet normal 1.300379e-01 4.190298e-01 -8.986123e-01
    outer loop
      vertex   6.294095e-01 -2.150852e+01 8.080780e+00
      vertex   5.000000e-01 -2.150000e+01 8.066025e+00
      vertex   6.294095e-01 -2.134785e+01 8.155702e+00
    endloop
  endfacet
  facet normal 1.869275e-01 3.759381e-01 -9.075950e-01
    outer loop
      vertex   6.294095e-01 -2.134785e+01 8.155702e+00
      vertex   5.000000e-01 -2.150000e+01 8.066025e+00
      vertex   5.000000e-01 -2.125882e+01 8.165926e+00
    endloop
  endfacet
  facet normal 1.012238e-01 2.574897e-01 -9.609645e-01
    outer loop
      vertex   6.294095e-01 -2.134785e+01 8.155702e+00
      vertex   5.000000e-01 -2.125882e+01 8.165926e+00
      vertex   6.294095e-01 -2.117661e+01 8.201586e+00
    endloop
  endfacet
  facet normal 1.305262e-01 -5.434244e-18 -9.914449e-01
    outer loop
      vertex   6.294095e-01 -1.300000e+01 8.217037e+00
      vertex   6.294095e-01 -1.566667e+01 8.217037e+00
      vertex   5.000000e-01 -1.300000e+01 8.200000e+00
    endloop
  endfacet
  facet normal 1.305262e-01 -1.121363e-17 -9.914449e-01
    outer loop
      vertex   5.000000e-01 -1.300000e+01 8.200000e+00
      vertex   6.294095e-01 -1.566667e+01 8.217037e+00
      vertex   6.294095e-01 -1.833333e+01 8.217037e+00
    endloop
  endfacet
  facet normal 1.305262e-01 0.000000e+00 -9.914449e-01
    outer loop
      vertex   5.000000e-01 -1.300000e+01 8.200000e+00
      vertex   6.294095e-01 -1.833333e+01 8.217037e+00
      vertex   5.000000e-01 -2.100000e+01 8.200000e+00
    endloop
  endfacet
  facet normal 1.305262e-01 0.000000e+00 -9.914449e-01
    outer loop
      vertex   5.000000e-01 -2.100000e+01 8.200000e+00
      vertex   6.294095e-01 -1.833333e+01 8.217037e+00
      vertex   6.294095e-01 -2.100000e+01 8.217037e+00
    endloop
  endfacet
  facet normal 3.826834e-01 0.000000e+00 -9.238795e-01
    outer loop
      vertex   6.294095e-01 -2.100000e+01 8.217037e+00
      vertex   6.294095e-01 -1.833333e+01 8.217037e+00
      vertex   7.500000e-01 -2.100000e+01 8.266987e+00
    endloop
  endfacet
  facet normal 3.826834e-01 0.000000e+00 -9.238795e-01
    outer loop
      vertex   7.500000e-01 -2.100000e+01 8.266987e+00
      vertex   6.294095e-01 -1.833333e+01 8.217037e+00
      vertex   7.500000e-01 -1.833333e+01 8.266987e+00
    endloop
  endfacet
  facet normal 6.087614e-01 0.000000e+00 -7.933533e-01
    outer loop
      vertex   7.500000e-01 -2.100000e+01 8.266987e+00
      vertex   7.500000e-01 -1.833333e+01 8.266987e+00
      vertex   8.535534e-01 -2.100000e+01 8.346447e+00
    endloop
  endfacet
  facet normal 6.087614e-01 -5.068957e-17 -7.933533e-01
    outer loop
      vertex   8.535534e-01 -2.100000e+01 8.346447e+00
      vertex   7.500000e-01 -1.833333e+01 8.266987e+00
      vertex   8.535534e-01 -1.833333e+01 8.346447e+00
    endloop
  endfacet
  facet normal 7.933533e-01 -6.605994e-17 -6.087614e-01
    outer loop
      vertex   8.535534e-01 -2.100000e+01 8.346447e+00
      vertex   8.535534e-01 -1.833333e+01 8.346447e+00
      vertex   9.330127e-01 -2.100000e+01 8.450000e+00
    endloop
  endfacet
  facet normal 7.933533e-01 -3.302997e-17 -6.087614e-01
    outer loop
      vertex   9.330127e-01 -2.100000e+01 8.450000e+00
      vertex   8.535534e-01 -1.833333e+01 8.346447e+00
      vertex   9.330127e-01 -1.833333e+01 8.450000e+00
    endloop
  endfacet
  facet normal 9.238795e-01 -3.846421e-17 -3.826834e-01
    outer loop
      vertex   9.330127e-01 -2.100000e+01 8.450000e+00
      vertex   9.330127e-01 -1.833333e+01 8.450000e+00
      vertex   9.829629e-01 -2.100000e+01 8.570590e+00
    endloop
  endfacet
  facet normal 9.238795e-01 -1.923211e-16 -3.826834e-01
    outer loop
      vertex   9.829629e-01 -2.100000e+01 8.570590e+00
      vertex   9.330127e-01 -1.833333e+01 8.450000e+00
      vertex   9.829629e-01 -1.833333e+01 8.570590e+00
    endloop
  endfacet
  facet normal 9.914449e-01 -2.063859e-16 -1.305262e-01
    outer loop
      vertex   9.829629e-01 -2.100000e+01 8.570590e+00
      vertex   9.829629e-01 -1.833333e+01 8.570590e+00
      vertex   1.000000e+00 -2.100000e+01 8.700000e+00
    endloop
  endfacet
  facet normal 9.914449e-01 4.610049e-17 -1.305262e-01
    outer loop
      vertex   1.000000e+00 -2.100000e+01 8.700000e+00
      vertex   9.829629e-01 -1.833333e+01 8.570590e+00
      vertex   9.829629e-01 -1.566667e+01 8.570590e+00
    endloop
  endfacet
  facet normal 9.914449e-01 2.898264e-17 -1.305262e-01
    outer loop
      vertex   1.000000e+00 -2.100000e+01 8.700000e+00
      vertex   9.829629e-01 -1.566667e+01 8.570590e+00
      vertex   1.000000e+00 -1.300000e+01 8.700000e+00
    endloop
  endfacet
  facet normal 9.914449e-01 -1.644666e-16 -1.305262e-01
    outer loop
      vertex   1.000000e+00 -1.300000e+01 8.700000e+00
      vertex   9.829629e-01 -1.566667e+01 8.570590e+00
      vertex   9.829629e-01 -1.300000e+01 8.570590e+00
    endloop
  endfacet
  facet normal 9.238795e-01 -1.538568e-16 -3.826834e-01
    outer loop
      vertex   9.829629e-01 -1.300000e+01 8.570590e+00
      vertex   9.829629e-01 -1.566667e+01 8.570590e+00
      vertex   9.330127e-01 -1.300000e+01 8.450000e+00
    endloop
  endfacet
  facet normal 9.238795e-01 -2.307853e-16 -3.826834e-01
    outer loop
      vertex   9.330127e-01 -1.300000e+01 8.450000e+00
      vertex   9.829629e-01 -1.566667e+01 8.570590e+00
      vertex   9.330127e-01 -1.566667e+01 8.450000e+00
    endloop
  endfacet
  facet normal 7.933533e-01 -1.981798e-16 -6.087614e-01
    outer loop
      vertex   9.330127e-01 -1.300000e+01 8.450000e+00
      vertex   9.330127e-01 -1.566667e+01 8.450000e+00
      vertex   8.535534e-01 -1.300000e+01 8.346447e+00
    endloop
  endfacet
  facet normal 7.933533e-01 -9.908990e-17 -6.087614e-01
    outer loop
      vertex   8.535534e-01 -1.300000e+01 8.346447e+00
      vertex   9.330127e-01 -1.566667e+01 8.450000e+00
      vertex   8.535534e-01 -1.566667e+01 8.346447e+00
    endloop
  endfacet
  facet normal 6.087614e-01 -7.603436e-17 -7.933533e-01
    outer loop
      vertex   8.535534e-01 -1.300000e+01 8.346447e+00
      vertex   8.535534e-01 -1.566667e+01 8.346447e+00
      vertex   7.500000e-01 -1.300000e+01 8.266987e+00
    endloop
  endfacet
  facet normal 6.087614e-01 -7.603436e-17 -7.933533e-01
    outer loop
      vertex   7.500000e-01 -1.300000e+01 8.266987e+00
      vertex   8.535534e-01 -1.566667e+01 8.346447e+00
      vertex   7.500000e-01 -1.566667e+01 8.266987e+00
    endloop
  endfacet
  facet normal 3.826834e-01 -4.779720e-17 -9.238795e-01
    outer loop
      vertex   7.500000e-01 -1.300000e+01 8.266987e+00
      vertex   7.500000e-01 -1.566667e+01 8.266987e+00
      vertex   6.294095e-01 -1.300000e+01 8.217037e+00
    endloop
  endfacet
  facet normal 3.826834e-01 -1.593240e-17 -9.238795e-01
    outer loop
      vertex   6.294095e-01 -1.300000e+01 8.217037e+00
      vertex   7.500000e-01 -1.566667e+01 8.266987e+00
      vertex   6.294095e-01 -1.566667e+01 8.217037e+00
    endloop
  endfacet
  facet normal 3.826834e-01 -2.990302e-17 -9.238795e-01
    outer loop
      vertex   7.500000e-01 -1.833333e+01 8.266987e+00
      vertex   6.294095e-01 -1.833333e+01 8.217037e+00
      vertex   6.294095e-01 -1.566667e+01 8.217037e+00
    endloop
  endfacet
  facet normal 3.826834e-01 -3.186480e-17 -9.238795e-01
    outer loop
      vertex   7.500000e-01 -1.833333e+01 8.266987e+00
      vertex   6.294095e-01 -1.566667e+01 8.217037e+00
      vertex   7.500000e-01 -1.566667e+01 8.266987e+00
    endloop
  endfacet
  facet normal 6.087614e-01 -4.983837e-17 -7.933533e-01
    outer loop
      vertex   8.535534e-01 -1.833333e+01 8.346447e+00
      vertex   7.500000e-01 -1.833333e+01 8.266987e+00
      vertex   7.500000e-01 -1.566667e+01 8.266987e+00
    endloop
  endfacet
  facet normal 6.087614e-01 -2.534479e-17 -7.933533e-01
    outer loop
      vertex   8.535534e-01 -1.833333e+01 8.346447e+00
      vertex   7.500000e-01 -1.566667e+01 8.266987e+00
      vertex   8.535534e-01 -1.566667e+01 8.346447e+00
    endloop
  endfacet
  facet normal 7.933533e-01 -3.488686e-17 -6.087614e-01
    outer loop
      vertex   9.330127e-01 -1.833333e+01 8.450000e+00
      vertex   8.535534e-01 -1.833333e+01 8.346447e+00
      vertex   8.535534e-01 -1.566667e+01 8.346447e+00
    endloop
  endfacet
  facet normal 7.933533e-01 3.724866e-16 -6.087614e-01
    outer loop
      vertex   9.330127e-01 -1.833333e+01 8.450000e+00
      vertex   8.535534e-01 -1.566667e+01 8.346447e+00
      vertex   9.330127e-01 -1.566667e+01 8.450000e+00
    endloop
  endfacet
  facet normal 9.238795e-01 2.143050e-16 -3.826834e-01
    outer loop
      vertex   9.829629e-01 -1.833333e+01 8.570590e+00
      vertex   9.330127e-01 -1.833333e+01 8.450000e+00
      vertex   9.330127e-01 -1.566667e+01 8.450000e+00
    endloop
  endfacet
  facet normal 9.238795e-01 2.164542e-16 -3.826834e-01
    outer loop
      vertex   9.829629e-01 -1.833333e+01 8.570590e+00
      vertex   9.330127e-01 -1.566667e+01 8.450000e+00
      vertex   9.829629e-01 -1.566667e+01 8.570590e+00
    endloop
  endfacet
  facet normal 1.869275e-01 -9.739694e-01 -1.282255e-01
    outer loop
      vertex   5.000000e-01 -1.203407e+01 7.458819e+00
      vertex   5.000000e-01 -1.200000e+01 7.200000e+00
      vertex   6.294095e-01 -1.199841e+01 7.376607e+00
    endloop
  endfacet
  facet normal 1.300379e-01 -9.877360e-01 -8.641571e-02
    outer loop
      vertex   6.294095e-01 -1.199841e+01 7.376607e+00
      vertex   5.000000e-01 -1.200000e+01 7.200000e+00
      vertex   6.294095e-01 -1.198296e+01 7.200000e+00
    endloop
  endfacet
  facet normal 3.814394e-01 -9.208762e-01 -8.056623e-02
    outer loop
      vertex   6.294095e-01 -1.199841e+01 7.376607e+00
      vertex   6.294095e-01 -1.198296e+01 7.200000e+00
      vertex   7.500000e-01 -1.193301e+01 7.200000e+00
    endloop
  endfacet
  facet normal 3.814394e-01 -9.208762e-01 -8.056623e-02
    outer loop
      vertex   6.294095e-01 -1.199841e+01 7.376607e+00
      vertex   7.500000e-01 -1.193301e+01 7.200000e+00
      vertex   7.500000e-01 -1.194922e+01 7.385280e+00
    endloop
  endfacet
  facet normal 6.073003e-01 -7.914492e-01 -6.924283e-02
    outer loop
      vertex   7.500000e-01 -1.194922e+01 7.385280e+00
      vertex   7.500000e-01 -1.193301e+01 7.200000e+00
      vertex   8.535534e-01 -1.185355e+01 7.200000e+00
    endloop
  endfacet
  facet normal 6.073003e-01 -7.914492e-01 -6.924283e-02
    outer loop
      vertex   7.500000e-01 -1.194922e+01 7.385280e+00
      vertex   8.535534e-01 -1.185355e+01 7.200000e+00
      vertex   8.535534e-01 -1.187097e+01 7.399078e+00
    endloop
  endfacet
  facet normal 7.922305e-01 -6.078999e-01 -5.318435e-02
    outer loop
      vertex   8.535534e-01 -1.187097e+01 7.399078e+00
      vertex   8.535534e-01 -1.185355e+01 7.200000e+00
      vertex   9.330127e-01 -1.175000e+01 7.200000e+00
    endloop
  endfacet
  facet normal 7.922305e-01 -6.078999e-01 -5.318435e-02
    outer loop
      vertex   8.535534e-01 -1.187097e+01 7.399078e+00
      vertex   9.330127e-01 -1.175000e+01 7.200000e+00
      vertex   9.330127e-01 -1.176899e+01 7.417060e+00
    endloop
  endfacet
  facet normal 9.233622e-01 -3.824691e-01 -3.346171e-02
    outer loop
      vertex   9.330127e-01 -1.176899e+01 7.417060e+00
      vertex   9.330127e-01 -1.175000e+01 7.200000e+00
      vertex   9.829629e-01 -1.162941e+01 7.200000e+00
    endloop
  endfacet
  facet normal 9.233622e-01 -3.824691e-01 -3.346171e-02
    outer loop
      vertex   9.330127e-01 -1.176899e+01 7.417060e+00
      vertex   9.829629e-01 -1.162941e+01 7.200000e+00
      vertex   9.829629e-01 -1.165023e+01 7.438001e+00
    endloop
  endfacet
  facet normal 9.913802e-01 -1.305177e-01 -1.141882e-02
    outer loop
      vertex   9.829629e-01 -1.165023e+01 7.438001e+00
      vertex   9.829629e-01 -1.162941e+01 7.200000e+00
      vertex   1.000000e+00 -1.150000e+01 7.200000e+00
    endloop
  endfacet
  facet normal 9.910073e-01 -1.331632e-01 -1.311543e-02
    outer loop
      vertex   9.829629e-01 -1.165023e+01 7.438001e+00
      vertex   1.000000e+00 -1.150000e+01 7.200000e+00
      vertex   1.000000e+00 -1.152882e+01 7.492635e+00
    endloop
  endfacet
  facet normal 9.917006e-01 -1.241881e-01 -3.327610e-02
    outer loop
      vertex   9.829629e-01 -1.165023e+01 7.438001e+00
      vertex   1.000000e+00 -1.152882e+01 7.492635e+00
      vertex   9.829629e-01 -1.171207e+01 7.668770e+00
    endloop
  endfacet
  facet normal 9.907259e-01 -1.300247e-01 -3.944255e-02
    outer loop
      vertex   9.829629e-01 -1.171207e+01 7.668770e+00
      vertex   1.000000e+00 -1.152882e+01 7.492635e+00
      vertex   1.000000e+00 -1.161418e+01 7.774025e+00
    endloop
  endfacet
  facet normal 9.919187e-01 -1.149877e-01 -5.361966e-02
    outer loop
      vertex   9.829629e-01 -1.171207e+01 7.668770e+00
      vertex   1.000000e+00 -1.161418e+01 7.774025e+00
      vertex   9.829629e-01 -1.181303e+01 7.885295e+00
    endloop
  endfacet
  facet normal 9.905309e-01 -1.210791e-01 -6.471811e-02
    outer loop
      vertex   9.829629e-01 -1.181303e+01 7.885295e+00
      vertex   1.000000e+00 -1.161418e+01 7.774025e+00
      vertex   1.000000e+00 -1.175280e+01 8.033355e+00
    endloop
  endfacet
  facet normal 9.920456e-01 -1.031143e-01 -7.220138e-02
    outer loop
      vertex   9.829629e-01 -1.181303e+01 7.885295e+00
      vertex   1.000000e+00 -1.175280e+01 8.033355e+00
      vertex   9.829629e-01 -1.195007e+01 8.080999e+00
    endloop
  endfacet
  facet normal 9.904310e-01 -1.066821e-01 -8.755174e-02
    outer loop
      vertex   9.829629e-01 -1.195007e+01 8.080999e+00
      vertex   1.000000e+00 -1.175280e+01 8.033355e+00
      vertex   1.000000e+00 -1.193934e+01 8.260660e+00
    endloop
  endfacet
  facet normal 9.920872e-01 -8.877780e-02 -8.877780e-02
    outer loop
      vertex   9.829629e-01 -1.195007e+01 8.080999e+00
      vertex   1.000000e+00 -1.193934e+01 8.260660e+00
      vertex   9.829629e-01 -1.211900e+01 8.249933e+00
    endloop
  endfacet
  facet normal 9.904310e-01 -8.755174e-02 -1.066821e-01
    outer loop
      vertex   9.829629e-01 -1.211900e+01 8.249933e+00
      vertex   1.000000e+00 -1.193934e+01 8.260660e+00
      vertex   1.000000e+00 -1.216664e+01 8.447204e+00
    endloop
  endfacet
  facet normal 9.920456e-01 -7.220138e-02 -1.031143e-01
    outer loop
      vertex   9.829629e-01 -1.211900e+01 8.249933e+00
      vertex   1.000000e+00 -1.216664e+01 8.447204e+00
      vertex   9.829629e-01 -1.231470e+01 8.386966e+00
    endloop
  endfacet
  facet normal 9.905309e-01 -6.471811e-02 -1.210791e-01
    outer loop
      vertex   9.829629e-01 -1.231470e+01 8.386966e+00
      vertex   1.000000e+00 -1.216664e+01 8.447204e+00
      vertex   1.000000e+00 -1.242598e+01 8.585819e+00
    endloop
  endfacet
  facet normal 9.919187e-01 -5.361966e-02 -1.149877e-01
    outer loop
      vertex   9.829629e-01 -1.231470e+01 8.386966e+00
      vertex   1.000000e+00 -1.242598e+01 8.585819e+00
      vertex   9.829629e-01 -1.253123e+01 8.487934e+00
    endloop
  endfacet
  facet normal 9.907259e-01 -3.944255e-02 -1.300247e-01
    outer loop
      vertex   9.829629e-01 -1.253123e+01 8.487934e+00
      vertex   1.000000e+00 -1.242598e+01 8.585819e+00
      vertex   1.000000e+00 -1.270736e+01 8.671178e+00
    endloop
  endfacet
  facet normal 9.917006e-01 -3.327610e-02 -1.241881e-01
    outer loop
      vertex   9.829629e-01 -1.253123e+01 8.487934e+00
      vertex   1.000000e+00 -1.270736e+01 8.671178e+00
      vertex   9.829629e-01 -1.276200e+01 8.549768e+00
    endloop
  endfacet
  facet normal 9.910073e-01 -1.311543e-02 -1.331632e-01
    outer loop
      vertex   9.829629e-01 -1.276200e+01 8.549768e+00
      vertex   1.000000e+00 -1.270736e+01 8.671178e+00
      vertex   1.000000e+00 -1.300000e+01 8.700000e+00
    endloop
  endfacet
  facet normal 9.913802e-01 -1.141882e-02 -1.305177e-01
    outer loop
      vertex   9.829629e-01 -1.276200e+01 8.549768e+00
      vertex   1.000000e+00 -1.300000e+01 8.700000e+00
      vertex   9.829629e-01 -1.300000e+01 8.570590e+00
    endloop
  endfacet
  facet normal 9.233622e-01 -3.346171e-02 -3.824691e-01
    outer loop
      vertex   9.829629e-01 -1.300000e+01 8.570590e+00
      vertex   9.330127e-01 -1.300000e+01 8.450000e+00
      vertex   9.829629e-01 -1.276200e+01 8.549768e+00
    endloop
  endfacet
  facet normal 9.233622e-01 -3.346171e-02 -3.824691e-01
    outer loop
      vertex   9.829629e-01 -1.276200e+01 8.549768e+00
      vertex   9.330127e-01 -1.300000e+01 8.450000e+00
      vertex   9.330127e-01 -1.278294e+01 8.431010e+00
    endloop
  endfacet
  facet normal 9.233622e-01 -9.936842e-02 -3.708480e-01
    outer loop
      vertex   9.829629e-01 -1.276200e+01 8.549768e+00
      vertex   9.330127e-01 -1.278294e+01 8.431010e+00
      vertex   9.829629e-01 -1.253123e+01 8.487934e+00
    endloop
  endfacet
  facet normal 9.233622e-01 -9.936842e-02 -3.708480e-01
    outer loop
      vertex   9.829629e-01 -1.253123e+01 8.487934e+00
      vertex   9.330127e-01 -1.278294e+01 8.431010e+00
      vertex   9.330127e-01 -1.257247e+01 8.374616e+00
    endloop
  endfacet
  facet normal 9.233622e-01 -1.622559e-01 -3.479588e-01
    outer loop
      vertex   9.829629e-01 -1.253123e+01 8.487934e+00
      vertex   9.330127e-01 -1.257247e+01 8.374616e+00
      vertex   9.829629e-01 -1.231470e+01 8.386966e+00
    endloop
  endfacet
  facet normal 9.233622e-01 -1.622559e-01 -3.479588e-01
    outer loop
      vertex   9.829629e-01 -1.231470e+01 8.386966e+00
      vertex   9.330127e-01 -1.257247e+01 8.374616e+00
      vertex   9.330127e-01 -1.237500e+01 8.282532e+00
    endloop
  endfacet
  facet normal 9.233622e-01 -2.202133e-01 -3.144971e-01
    outer loop
      vertex   9.829629e-01 -1.231470e+01 8.386966e+00
      vertex   9.330127e-01 -1.237500e+01 8.282532e+00
      vertex   9.829629e-01 -1.211900e+01 8.249933e+00
    endloop
  endfacet
  facet normal 9.233622e-01 -2.202133e-01 -3.144971e-01
    outer loop
      vertex   9.829629e-01 -1.211900e+01 8.249933e+00
      vertex   9.330127e-01 -1.237500e+01 8.282532e+00
      vertex   9.330127e-01 -1.219652e+01 8.157556e+00
    endloop
  endfacet
  facet normal 9.233622e-01 -2.714796e-01 -2.714796e-01
    outer loop
      vertex   9.829629e-01 -1.211900e+01 8.249933e+00
      vertex   9.330127e-01 -1.219652e+01 8.157556e+00
      vertex   9.829629e-01 -1.195007e+01 8.080999e+00
    endloop
  endfacet
  facet normal 9.233622e-01 -2.714796e-01 -2.714796e-01
    outer loop
      vertex   9.829629e-01 -1.195007e+01 8.080999e+00
      vertex   9.330127e-01 -1.219652e+01 8.157556e+00
      vertex   9.330127e-01 -1.204244e+01 8.003485e+00
    endloop
  endfacet
  facet normal 9.233622e-01 -3.144971e-01 -2.202133e-01
    outer loop
      vertex   9.829629e-01 -1.195007e+01 8.080999e+00
      vertex   9.330127e-01 -1.204244e+01 8.003485e+00
      vertex   9.829629e-01 -1.181303e+01 7.885295e+00
    endloop
  endfacet
  facet normal 9.233622e-01 -3.144971e-01 -2.202133e-01
    outer loop
      vertex   9.829629e-01 -1.181303e+01 7.885295e+00
      vertex   9.330127e-01 -1.204244e+01 8.003485e+00
      vertex   9.330127e-01 -1.191747e+01 7.825000e+00
    endloop
  endfacet
  facet normal 9.233622e-01 -3.479588e-01 -1.622559e-01
    outer loop
      vertex   9.829629e-01 -1.181303e+01 7.885295e+00
      vertex   9.330127e-01 -1.191747e+01 7.825000e+00
      vertex   9.829629e-01 -1.171207e+01 7.668770e+00
    endloop
  endfacet
  facet normal 9.233622e-01 -3.479588e-01 -1.622559e-01
    outer loop
      vertex   9.829629e-01 -1.171207e+01 7.668770e+00
      vertex   9.330127e-01 -1.191747e+01 7.825000e+00
      vertex   9.330127e-01 -1.182538e+01 7.627525e+00
    endloop
  endfacet
  facet normal 9.233622e-01 -3.708480e-01 -9.936842e-02
    outer loop
      vertex   9.829629e-01 -1.171207e+01 7.668770e+00
      vertex   9.330127e-01 -1.182538e+01 7.627525e+00
      vertex   9.829629e-01 -1.165023e+01 7.438001e+00
    endloop
  endfacet
  facet normal 9.233622e-01 -3.708480e-01 -9.936842e-02
    outer loop
      vertex   9.829629e-01 -1.165023e+01 7.438001e+00
      vertex   9.330127e-01 -1.182538e+01 7.627525e+00
      vertex   9.330127e-01 -1.176899e+01 7.417060e+00
    endloop
  endfacet
  facet normal 7.922305e-01 -5.318435e-02 -6.078999e-01
    outer loop
      vertex   9.330127e-01 -1.300000e+01 8.450000e+00
      vertex   8.535534e-01 -1.300000e+01 8.346447e+00
      vertex   9.330127e-01 -1.278294e+01 8.431010e+00
    endloop
  endfacet
  facet normal 7.922305e-01 -5.318435e-02 -6.078999e-01
    outer loop
      vertex   9.330127e-01 -1.278294e+01 8.431010e+00
      vertex   8.535534e-01 -1.300000e+01 8.346447e+00
      vertex   8.535534e-01 -1.280092e+01 8.329030e+00
    endloop
  endfacet
  facet normal 7.922305e-01 -1.579371e-01 -5.894291e-01
    outer loop
      vertex   9.330127e-01 -1.278294e+01 8.431010e+00
      vertex   8.535534e-01 -1.280092e+01 8.329030e+00
      vertex   9.330127e-01 -1.257247e+01 8.374616e+00
    endloop
  endfacet
  facet normal 7.922305e-01 -1.579371e-01 -5.894291e-01
    outer loop
      vertex   9.330127e-01 -1.257247e+01 8.374616e+00
      vertex   8.535534e-01 -1.280092e+01 8.329030e+00
      vertex   8.535534e-01 -1.260789e+01 8.277307e+00
    endloop
  endfacet
  facet normal 7.922305e-01 -2.578909e-01 -5.530489e-01
    outer loop
      vertex   9.330127e-01 -1.257247e+01 8.374616e+00
      vertex   8.535534e-01 -1.260789e+01 8.277307e+00
      vertex   9.330127e-01 -1.237500e+01 8.282532e+00
    endloop
  endfacet
  facet normal 7.922305e-01 -2.578909e-01 -5.530489e-01
    outer loop
      vertex   9.330127e-01 -1.237500e+01 8.282532e+00
      vertex   8.535534e-01 -1.260789e+01 8.277307e+00
      vertex   8.535534e-01 -1.242678e+01 8.192852e+00
    endloop
  endfacet
  facet normal 7.922305e-01 -3.500089e-01 -4.998645e-01
    outer loop
      vertex   9.330127e-01 -1.237500e+01 8.282532e+00
      vertex   8.535534e-01 -1.242678e+01 8.192852e+00
      vertex   9.330127e-01 -1.219652e+01 8.157556e+00
    endloop
  endfacet
  facet normal 7.922305e-01 -3.500089e-01 -4.998645e-01
    outer loop
      vertex   9.330127e-01 -1.219652e+01 8.157556e+00
      vertex   8.535534e-01 -1.242678e+01 8.192852e+00
      vertex   8.535534e-01 -1.226308e+01 8.078229e+00
    endloop
  endfacet
  facet normal 7.922305e-01 -4.314921e-01 -4.314921e-01
    outer loop
      vertex   9.330127e-01 -1.219652e+01 8.157556e+00
      vertex   8.535534e-01 -1.226308e+01 8.078229e+00
      vertex   9.330127e-01 -1.204244e+01 8.003485e+00
    endloop
  endfacet
  facet normal 7.922305e-01 -4.314921e-01 -4.314921e-01
    outer loop
      vertex   9.330127e-01 -1.204244e+01 8.003485e+00
      vertex   8.535534e-01 -1.226308e+01 8.078229e+00
      vertex   8.535534e-01 -1.212177e+01 7.936922e+00
    endloop
  endfacet
  facet normal 7.922305e-01 -4.998645e-01 -3.500089e-01
    outer loop
      vertex   9.330127e-01 -1.204244e+01 8.003485e+00
      vertex   8.535534e-01 -1.212177e+01 7.936922e+00
      vertex   9.330127e-01 -1.191747e+01 7.825000e+00
    endloop
  endfacet
  facet normal 7.922305e-01 -4.998645e-01 -3.500089e-01
    outer loop
      vertex   9.330127e-01 -1.191747e+01 7.825000e+00
      vertex   8.535534e-01 -1.212177e+01 7.936922e+00
      vertex   8.535534e-01 -1.200715e+01 7.773223e+00
    endloop
  endfacet
  facet normal 7.922305e-01 -5.530489e-01 -2.578909e-01
    outer loop
      vertex   9.330127e-01 -1.191747e+01 7.825000e+00
      vertex   8.535534e-01 -1.200715e+01 7.773223e+00
      vertex   9.330127e-01 -1.182538e+01 7.627525e+00
    endloop
  endfacet
  facet normal 7.922305e-01 -5.530489e-01 -2.578909e-01
    outer loop
      vertex   9.330127e-01 -1.182538e+01 7.627525e+00
      vertex   8.535534e-01 -1.200715e+01 7.773223e+00
      vertex   8.535534e-01 -1.192269e+01 7.592108e+00
    endloop
  endfacet
  facet normal 7.922305e-01 -5.894291e-01 -1.579371e-01
    outer loop
      vertex   9.330127e-01 -1.182538e+01 7.627525e+00
      vertex   8.535534e-01 -1.192269e+01 7.592108e+00
      vertex   9.330127e-01 -1.176899e+01 7.417060e+00
    endloop
  endfacet
  facet normal 7.922305e-01 -5.894291e-01 -1.579371e-01
    outer loop
      vertex   9.330127e-01 -1.176899e+01 7.417060e+00
      vertex   8.535534e-01 -1.192269e+01 7.592108e+00
      vertex   8.535534e-01 -1.187097e+01 7.399078e+00
    endloop
  endfacet
  facet normal 6.073003e-01 -6.924283e-02 -7.914492e-01
    outer loop
      vertex   8.535534e-01 -1.300000e+01 8.346447e+00
      vertex   7.500000e-01 -1.300000e+01 8.266987e+00
      vertex   8.535534e-01 -1.280092e+01 8.329030e+00
    endloop
  endfacet
  facet normal 6.073003e-01 -6.924283e-02 -7.914492e-01
    outer loop
      vertex   8.535534e-01 -1.280092e+01 8.329030e+00
      vertex   7.500000e-01 -1.300000e+01 8.266987e+00
      vertex   7.500000e-01 -1.281472e+01 8.250777e+00
    endloop
  endfacet
  facet normal 6.073003e-01 -2.056246e-01 -7.674014e-01
    outer loop
      vertex   8.535534e-01 -1.280092e+01 8.329030e+00
      vertex   7.500000e-01 -1.281472e+01 8.250777e+00
      vertex   8.535534e-01 -1.260789e+01 8.277307e+00
    endloop
  endfacet
  facet normal 6.073003e-01 -2.056246e-01 -7.674014e-01
    outer loop
      vertex   8.535534e-01 -1.260789e+01 8.277307e+00
      vertex   7.500000e-01 -1.281472e+01 8.250777e+00
      vertex   7.500000e-01 -1.263507e+01 8.202640e+00
    endloop
  endfacet
  facet normal 6.073003e-01 -3.357585e-01 -7.200365e-01
    outer loop
      vertex   8.535534e-01 -1.260789e+01 8.277307e+00
      vertex   7.500000e-01 -1.263507e+01 8.202640e+00
      vertex   8.535534e-01 -1.242678e+01 8.192852e+00
    endloop
  endfacet
  facet normal 6.073003e-01 -3.357585e-01 -7.200365e-01
    outer loop
      vertex   8.535534e-01 -1.242678e+01 8.192852e+00
      vertex   7.500000e-01 -1.263507e+01 8.202640e+00
      vertex   7.500000e-01 -1.246651e+01 8.124038e+00
    endloop
  endfacet
  facet normal 6.073003e-01 -4.556906e-01 -6.507937e-01
    outer loop
      vertex   8.535534e-01 -1.242678e+01 8.192852e+00
      vertex   7.500000e-01 -1.246651e+01 8.124038e+00
      vertex   8.535534e-01 -1.226308e+01 8.078229e+00
    endloop
  endfacet
  facet normal 6.073003e-01 -4.556906e-01 -6.507937e-01
    outer loop
      vertex   8.535534e-01 -1.226308e+01 8.078229e+00
      vertex   7.500000e-01 -1.246651e+01 8.124038e+00
      vertex   7.500000e-01 -1.231415e+01 8.017360e+00
    endloop
  endfacet
  facet normal 6.073003e-01 -5.617768e-01 -5.617768e-01
    outer loop
      vertex   8.535534e-01 -1.226308e+01 8.078229e+00
      vertex   7.500000e-01 -1.231415e+01 8.017360e+00
      vertex   8.535534e-01 -1.212177e+01 7.936922e+00
    endloop
  endfacet
  facet normal 6.073003e-01 -5.617768e-01 -5.617768e-01
    outer loop
      vertex   8.535534e-01 -1.212177e+01 7.936922e+00
      vertex   7.500000e-01 -1.231415e+01 8.017360e+00
      vertex   7.500000e-01 -1.218264e+01 7.885846e+00
    endloop
  endfacet
  facet normal 6.073003e-01 -6.507937e-01 -4.556906e-01
    outer loop
      vertex   8.535534e-01 -1.212177e+01 7.936922e+00
      vertex   7.500000e-01 -1.218264e+01 7.885846e+00
      vertex   8.535534e-01 -1.200715e+01 7.773223e+00
    endloop
  endfacet
  facet normal 6.073003e-01 -6.507937e-01 -4.556906e-01
    outer loop
      vertex   8.535534e-01 -1.200715e+01 7.773223e+00
      vertex   7.500000e-01 -1.218264e+01 7.885846e+00
      vertex   7.500000e-01 -1.207596e+01 7.733494e+00
    endloop
  endfacet
  facet normal 6.073003e-01 -7.200365e-01 -3.357585e-01
    outer loop
      vertex   8.535534e-01 -1.200715e+01 7.773223e+00
      vertex   7.500000e-01 -1.207596e+01 7.733494e+00
      vertex   8.535534e-01 -1.192269e+01 7.592108e+00
    endloop
  endfacet
  facet normal 6.073003e-01 -7.200365e-01 -3.357585e-01
    outer loop
      vertex   8.535534e-01 -1.192269e+01 7.592108e+00
      vertex   7.500000e-01 -1.207596e+01 7.733494e+00
      vertex   7.500000e-01 -1.199736e+01 7.564931e+00
    endloop
  endfacet
  facet normal 6.073003e-01 -7.674014e-01 -2.056246e-01
    outer loop
      vertex   8.535534e-01 -1.192269e+01 7.592108e+00
      vertex   7.500000e-01 -1.199736e+01 7.564931e+00
      vertex   8.535534e-01 -1.187097e+01 7.399078e+00
    endloop
  endfacet
  facet normal 6.073003e-01 -7.674014e-01 -2.056246e-01
    outer loop
      vertex   8.535534e-01 -1.187097e+01 7.399078e+00
      vertex   7.500000e-01 -1.199736e+01 7.564931e+00
      vertex   7.500000e-01 -1.194922e+01 7.385280e+00
    endloop
  endfacet
  facet normal 3.814394e-01 -8.056623e-02 -9.208762e-01
    outer loop
      vertex   7.500000e-01 -1.300000e+01 8.266987e+00
      vertex   6.294095e-01 -1.300000e+01 8.217037e+00
      vertex   7.500000e-01 -1.281472e+01 8.250777e+00
    endloop
  endfacet
  facet normal 3.814394e-01 -8.056623e-02 -9.208762e-01
    outer loop
      vertex   7.500000e-01 -1.281472e+01 8.250777e+00
      vertex   6.294095e-01 -1.300000e+01 8.217037e+00
      vertex   6.294095e-01 -1.282339e+01 8.201586e+00
    endloop
  endfacet
  facet normal 3.814394e-01 -2.392507e-01 -8.928959e-01
    outer loop
      vertex   7.500000e-01 -1.281472e+01 8.250777e+00
      vertex   6.294095e-01 -1.282339e+01 8.201586e+00
      vertex   7.500000e-01 -1.263507e+01 8.202640e+00
    endloop
  endfacet
  facet normal 3.814394e-01 -2.392507e-01 -8.928959e-01
    outer loop
      vertex   7.500000e-01 -1.263507e+01 8.202640e+00
      vertex   6.294095e-01 -1.282339e+01 8.201586e+00
      vertex   6.294095e-01 -1.265215e+01 8.155702e+00
    endloop
  endfacet
  facet normal 3.814394e-01 -3.906657e-01 -8.377853e-01
    outer loop
      vertex   7.500000e-01 -1.263507e+01 8.202640e+00
      vertex   6.294095e-01 -1.265215e+01 8.155702e+00
      vertex   7.500000e-01 -1.246651e+01 8.124038e+00
    endloop
  endfacet
  facet normal 3.814394e-01 -3.906657e-01 -8.377853e-01
    outer loop
      vertex   7.500000e-01 -1.246651e+01 8.124038e+00
      vertex   6.294095e-01 -1.265215e+01 8.155702e+00
      vertex   6.294095e-01 -1.249148e+01 8.080780e+00
    endloop
  endfacet
  facet normal 3.814394e-01 -5.302105e-01 -7.572191e-01
    outer loop
      vertex   7.500000e-01 -1.246651e+01 8.124038e+00
      vertex   6.294095e-01 -1.249148e+01 8.080780e+00
      vertex   7.500000e-01 -1.231415e+01 8.017360e+00
    endloop
  endfacet
  facet normal 3.814394e-01 -5.302105e-01 -7.572191e-01
    outer loop
      vertex   7.500000e-01 -1.231415e+01 8.017360e+00
      vertex   6.294095e-01 -1.249148e+01 8.080780e+00
      vertex   6.294095e-01 -1.234626e+01 7.979096e+00
    endloop
  endfacet
  facet normal 3.814394e-01 -6.536451e-01 -6.536451e-01
    outer loop
      vertex   7.500000e-01 -1.231415e+01 8.017360e+00
      vertex   6.294095e-01 -1.234626e+01 7.979096e+00
      vertex   7.500000e-01 -1.218264e+01 7.885846e+00
    endloop
  endfacet
  facet normal 3.814394e-01 -6.536451e-01 -6.536451e-01
    outer loop
      vertex   7.500000e-01 -1.218264e+01 7.885846e+00
      vertex   6.294095e-01 -1.234626e+01 7.979096e+00
      vertex   6.294095e-01 -1.222090e+01 7.853739e+00
    endloop
  endfacet
  facet normal 3.814394e-01 -7.572191e-01 -5.302105e-01
    outer loop
      vertex   7.500000e-01 -1.218264e+01 7.885846e+00
      vertex   6.294095e-01 -1.222090e+01 7.853739e+00
      vertex   7.500000e-01 -1.207596e+01 7.733494e+00
    endloop
  endfacet
  facet normal 3.814394e-01 -7.572191e-01 -5.302105e-01
    outer loop
      vertex   7.500000e-01 -1.207596e+01 7.733494e+00
      vertex   6.294095e-01 -1.222090e+01 7.853739e+00
      vertex   6.294095e-01 -1.211922e+01 7.708519e+00
    endloop
  endfacet
  facet normal 3.814394e-01 -8.377853e-01 -3.906657e-01
    outer loop
      vertex   7.500000e-01 -1.207596e+01 7.733494e+00
      vertex   6.294095e-01 -1.211922e+01 7.708519e+00
      vertex   7.500000e-01 -1.199736e+01 7.564931e+00
    endloop
  endfacet
  facet normal 3.814394e-01 -8.377853e-01 -3.906657e-01
    outer loop
      vertex   7.500000e-01 -1.199736e+01 7.564931e+00
      vertex   6.294095e-01 -1.211922e+01 7.708519e+00
      vertex   6.294095e-01 -1.204430e+01 7.547847e+00
    endloop
  endfacet
  facet normal 3.814394e-01 -8.928959e-01 -2.392507e-01
    outer loop
      vertex   7.500000e-01 -1.199736e+01 7.564931e+00
      vertex   6.294095e-01 -1.204430e+01 7.547847e+00
      vertex   7.500000e-01 -1.194922e+01 7.385280e+00
    endloop
  endfacet
  facet normal 3.814394e-01 -8.928959e-01 -2.392507e-01
    outer loop
      vertex   7.500000e-01 -1.194922e+01 7.385280e+00
      vertex   6.294095e-01 -1.204430e+01 7.547847e+00
      vertex   6.294095e-01 -1.199841e+01 7.376607e+00
    endloop
  endfacet
  facet normal 1.300379e-01 -8.641571e-02 -9.877360e-01
    outer loop
      vertex   6.294095e-01 -1.300000e+01 8.217037e+00
      vertex   5.000000e-01 -1.300000e+01 8.200000e+00
      vertex   6.294095e-01 -1.282339e+01 8.201586e+00
    endloop
  endfacet
  facet normal 1.869275e-01 -1.282255e-01 -9.739694e-01
    outer loop
      vertex   6.294095e-01 -1.282339e+01 8.201586e+00
      vertex   5.000000e-01 -1.300000e+01 8.200000e+00
      vertex   5.000000e-01 -1.274118e+01 8.165926e+00
    endloop
  endfacet
  facet normal 1.012238e-01 -2.574897e-01 -9.609645e-01
    outer loop
      vertex   6.294095e-01 -1.282339e+01 8.201586e+00
      vertex   5.000000e-01 -1.274118e+01 8.165926e+00
      vertex   6.294095e-01 -1.265215e+01 8.155702e+00
    endloop
  endfacet
  facet normal 1.869275e-01 -3.759381e-01 -9.075950e-01
    outer loop
      vertex   6.294095e-01 -1.265215e+01 8.155702e+00
      vertex   5.000000e-01 -1.274118e+01 8.165926e+00
      vertex   5.000000e-01 -1.250000e+01 8.066025e+00
    endloop
  endfacet
  facet normal 1.300379e-01 -4.190298e-01 -8.986123e-01
    outer loop
      vertex   6.294095e-01 -1.265215e+01 8.155702e+00
      vertex   5.000000e-01 -1.250000e+01 8.066025e+00
      vertex   6.294095e-01 -1.249148e+01 8.080780e+00
    endloop
  endfacet
  facet normal 1.300379e-01 -5.687062e-01 -8.121966e-01
    outer loop
      vertex   6.294095e-01 -1.249148e+01 8.080780e+00
      vertex   5.000000e-01 -1.250000e+01 8.066025e+00
      vertex   6.294095e-01 -1.234626e+01 7.979096e+00
    endloop
  endfacet
  facet normal 1.869275e-01 -5.980312e-01 -7.793695e-01
    outer loop
      vertex   5.000000e-01 -1.250000e+01 8.066025e+00
      vertex   5.000000e-01 -1.229289e+01 7.907107e+00
      vertex   6.294095e-01 -1.234626e+01 7.979096e+00
    endloop
  endfacet
  facet normal 1.012238e-01 -7.034749e-01 -7.034749e-01
    outer loop
      vertex   6.294095e-01 -1.234626e+01 7.979096e+00
      vertex   5.000000e-01 -1.229289e+01 7.907107e+00
      vertex   6.294095e-01 -1.222090e+01 7.853739e+00
    endloop
  endfacet
  facet normal 1.869275e-01 -7.793695e-01 -5.980312e-01
    outer loop
      vertex   5.000000e-01 -1.229289e+01 7.907107e+00
      vertex   5.000000e-01 -1.213397e+01 7.700000e+00
      vertex   6.294095e-01 -1.222090e+01 7.853739e+00
    endloop
  endfacet
  facet normal 1.300379e-01 -8.121966e-01 -5.687062e-01
    outer loop
      vertex   6.294095e-01 -1.222090e+01 7.853739e+00
      vertex   5.000000e-01 -1.213397e+01 7.700000e+00
      vertex   6.294095e-01 -1.211922e+01 7.708519e+00
    endloop
  endfacet
  facet normal 1.300379e-01 -8.986123e-01 -4.190298e-01
    outer loop
      vertex   6.294095e-01 -1.211922e+01 7.708519e+00
      vertex   5.000000e-01 -1.213397e+01 7.700000e+00
      vertex   6.294095e-01 -1.204430e+01 7.547847e+00
    endloop
  endfacet
  facet normal 1.869275e-01 -9.075950e-01 -3.759381e-01
    outer loop
      vertex   6.294095e-01 -1.204430e+01 7.547847e+00
      vertex   5.000000e-01 -1.213397e+01 7.700000e+00
      vertex   5.000000e-01 -1.203407e+01 7.458819e+00
    endloop
  endfacet
  facet normal 1.012238e-01 -9.609645e-01 -2.574897e-01
    outer loop
      vertex   6.294095e-01 -1.204430e+01 7.547847e+00
      vertex   5.000000e-01 -1.203407e+01 7.458819e+00
      vertex   6.294095e-01 -1.199841e+01 7.376607e+00
    endloop
  endfacet
  facet normal -0.000000e+00 9.914449e-01 1.305262e-01
    outer loop
      vertex   0.000000e+00 -2.200000e+01 5.600000e+00
      vertex   5.000000e-01 -2.200000e+01 5.600000e+00
      vertex   0.000000e+00 -2.196593e+01 5.341181e+00
    endloop
  endfacet
  facet normal -0.000000e+00 9.914449e-01 1.305262e-01
    outer loop
      vertex   0.000000e+00 -2.196593e+01 5.341181e+00
      vertex   5.000000e-01 -2.200000e+01 5.600000e+00
      vertex   5.000000e-01 -2.196593e+01 5.341181e+00
    endloop
  endfacet
  facet normal -0.000000e+00 9.238795e-01 3.826834e-01
    outer loop
      vertex   0.000000e+00 -2.196593e+01 5.341181e+00
      vertex   5.000000e-01 -2.196593e+01 5.341181e+00
      vertex   0.000000e+00 -2.186603e+01 5.100000e+00
    endloop
  endfacet
  facet normal -0.000000e+00 9.238795e-01 3.826834e-01
    outer loop
      vertex   0.000000e+00 -2.186603e+01 5.100000e+00
      vertex   5.000000e-01 -2.196593e+01 5.341181e+00
      vertex   5.000000e-01 -2.186603e+01 5.100000e+00
    endloop
  endfacet
  facet normal -0.000000e+00 7.933533e-01 6.087614e-01
    outer loop
      vertex   0.000000e+00 -2.186603e+01 5.100000e+00
      vertex   5.000000e-01 -2.186603e+01 5.100000e+00
      vertex   0.000000e+00 -2.170711e+01 4.892893e+00
    endloop
  endfacet
  facet normal 1.081377e-15 7.933533e-01 6.087614e-01
    outer loop
      vertex   0.000000e+00 -2.170711e+01 4.892893e+00
      vertex   5.000000e-01 -2.186603e+01 5.100000e+00
      vertex   5.000000e-01 -2.170711e+01 4.892893e+00
    endloop
  endfacet
  facet normal 1.409279e-15 6.087614e-01 7.933533e-01
    outer loop
      vertex   0.000000e+00 -2.170711e+01 4.892893e+00
      vertex   5.000000e-01 -2.170711e+01 4.892893e+00
      vertex   0.000000e+00 -2.150000e+01 4.733975e+00
    endloop
  endfacet
  facet normal 4.325510e-15 6.087614e-01 7.933533e-01
    outer loop
      vertex   0.000000e+00 -2.150000e+01 4.733975e+00
      vertex   5.000000e-01 -2.170711e+01 4.892893e+00
      vertex   5.000000e-01 -2.150000e+01 4.733975e+00
    endloop
  endfacet
  facet normal 2.719129e-15 3.826834e-01 9.238795e-01
    outer loop
      vertex   0.000000e+00 -2.150000e+01 4.733975e+00
      vertex   5.000000e-01 -2.150000e+01 4.733975e+00
      vertex   0.000000e+00 -2.125882e+01 4.634074e+00
    endloop
  endfacet
  facet normal -0.000000e+00 3.826834e-01 9.238795e-01
    outer loop
      vertex   0.000000e+00 -2.125882e+01 4.634074e+00
      vertex   5.000000e-01 -2.150000e+01 4.733975e+00
      vertex   5.000000e-01 -2.125882e+01 4.634074e+00
    endloop
  endfacet
  facet normal -0.000000e+00 1.305262e-01 9.914449e-01
    outer loop
      vertex   0.000000e+00 -2.125882e+01 4.634074e+00
      vertex   5.000000e-01 -2.125882e+01 4.634074e+00
      vertex   0.000000e+00 -2.100000e+01 4.600000e+00
    endloop
  endfacet
  facet normal -0.000000e+00 1.305262e-01 9.914449e-01
    outer loop
      vertex   0.000000e+00 -2.100000e+01 4.600000e+00
      vertex   5.000000e-01 -2.125882e+01 4.634074e+00
      vertex   5.000000e-01 -2.100000e+01 4.600000e+00
    endloop
  endfacet
  facet normal 0.000000e+00 1.110223e-16 1.000000e+00
    outer loop
      vertex   5.000000e-01 -2.100000e+01 4.600000e+00
      vertex   5.000000e-01 -1.300000e+01 4.600000e+00
      vertex   0.000000e+00 -2.100000e+01 4.600000e+00
    endloop
  endfacet
  facet normal 0.000000e+00 1.110223e-16 1.000000e+00
    outer loop
      vertex   0.000000e+00 -2.100000e+01 4.600000e+00
      vertex   5.000000e-01 -1.300000e+01 4.600000e+00
      vertex   0.000000e+00 -1.300000e+01 4.600000e+00
    endloop
  endfacet
  facet normal 0.000000e+00 -1.305262e-01 9.914449e-01
    outer loop
      vertex   0.000000e+00 -1.300000e+01 4.600000e+00
      vertex   5.000000e-01 -1.300000e+01 4.600000e+00
      vertex   0.000000e+00 -1.274118e+01 4.634074e+00
    endloop
  endfacet
  facet normal -4.637222e-16 -1.305262e-01 9.914449e-01
    outer loop
      vertex   0.000000e+00 -1.274118e+01 4.634074e+00
      vertex   5.000000e-01 -1.300000e+01 4.600000e+00
      vertex   5.000000e-01 -1.274118e+01 4.634074e+00
    endloop
  endfacet
  facet normal -1.359565e-15 -3.826834e-01 9.238795e-01
    outer loop
      vertex   0.000000e+00 -1.274118e+01 4.634074e+00
      vertex   5.000000e-01 -1.274118e+01 4.634074e+00
      vertex   0.000000e+00 -1.250000e+01 4.733975e+00
    endloop
  endfacet
  facet normal -1.641140e-15 -3.826834e-01 9.238795e-01
    outer loop
      vertex   0.000000e+00 -1.250000e+01 4.733975e+00
      vertex   5.000000e-01 -1.274118e+01 4.634074e+00
      vertex   5.000000e-01 -1.250000e+01 4.733975e+00
    endloop
  endfacet
  facet normal -1.409279e-15 -6.087614e-01 7.933533e-01
    outer loop
      vertex   0.000000e+00 -1.250000e+01 4.733975e+00
      vertex   5.000000e-01 -1.250000e+01 4.733975e+00
      vertex   0.000000e+00 -1.229289e+01 4.892893e+00
    endloop
  endfacet
  facet normal 0.000000e+00 -6.087614e-01 7.933533e-01
    outer loop
      vertex   0.000000e+00 -1.229289e+01 4.892893e+00
      vertex   5.000000e-01 -1.250000e+01 4.733975e+00
      vertex   5.000000e-01 -1.229289e+01 4.892893e+00
    endloop
  endfacet
  facet normal 0.000000e+00 -7.933533e-01 6.087614e-01
    outer loop
      vertex   0.000000e+00 -1.229289e+01 4.892893e+00
      vertex   5.000000e-01 -1.229289e+01 4.892893e+00
      vertex   0.000000e+00 -1.213397e+01 5.100000e+00
    endloop
  endfacet
  facet normal 0.000000e+00 -7.933533e-01 6.087614e-01
    outer loop
      vertex   0.000000e+00 -1.213397e+01 5.100000e+00
      vertex   5.000000e-01 -1.229289e+01 4.892893e+00
      vertex   5.000000e-01 -1.213397e+01 5.100000e+00
    endloop
  endfacet
  facet normal 0.000000e+00 -9.238795e-01 3.826834e-01
    outer loop
      vertex   0.000000e+00 -1.213397e+01 5.100000e+00
      vertex   5.000000e-01 -1.213397e+01 5.100000e+00
      vertex   0.000000e+00 -1.203407e+01 5.341181e+00
    endloop
  endfacet
  facet normal 0.000000e+00 -9.238795e-01 3.826834e-01
    outer loop
      vertex   0.000000e+00 -1.203407e+01 5.341181e+00
      vertex   5.000000e-01 -1.213397e+01 5.100000e+00
      vertex   5.000000e-01 -1.203407e+01 5.341181e+00
    endloop
  endfacet
  facet normal 0.000000e+00 -9.914449e-01 1.305262e-01
    outer loop
      vertex   0.000000e+00 -1.203407e+01 5.341181e+00
      vertex   5.000000e-01 -1.203407e+01 5.341181e+00
      vertex   0.000000e+00 -1.200000e+01 5.600000e+00
    endloop
  endfacet
  facet normal 0.000000e+00 -9.914449e-01 1.305262e-01
    outer loop
      vertex   0.000000e+00 -1.200000e+01 5.600000e+00
      vertex   5.000000e-01 -1.203407e+01 5.341181e+00
      vertex   5.000000e-01 -1.200000e+01 5.600000e+00
    endloop
  endfacet
  facet normal 0.000000e+00 -1.000000e+00 0.000000e+00
    outer loop
      vertex   5.000000e-01 -1.200000e+01 5.600000e+00
      vertex   5.000000e-01 -1.200000e+01 7.200000e+00
      vertex   0.000000e+00 -1.200000e+01 5.600000e+00
    endloop
  endfacet
  facet normal 0.000000e+00 -1.000000e+00 0.000000e+00
    outer loop
      vertex   0.000000e+00 -1.200000e+01 5.600000e+00
      vertex   5.000000e-01 -1.200000e+01 7.200000e+00
      vertex   0.000000e+00 -1.200000e+01 7.200000e+00
    endloop
  endfacet
  facet normal 1.000000e+00 0.000000e+00 0.000000e+00
    outer loop
      vertex   1.000000e+00 -2.247118e+01 5.307365e+00
      vertex   1.000000e+00 -2.250000e+01 5.600000e+00
      vertex   1.000000e+00 -3.300000e+01 6.443376e+00
    endloop
  endfacet
  facet normal 1.000000e+00 -0.000000e+00 0.000000e+00
    outer loop
      vertex   1.000000e+00 -3.300000e+01 6.443376e+00
      vertex   1.000000e+00 -2.250000e+01 5.600000e+00
      vertex   1.000000e+00 -2.250000e+01 7.200000e+00
    endloop
  endfacet
  facet normal 1.000000e+00 0.000000e+00 0.000000e+00
    outer loop
      vertex   1.000000e+00 -3.300000e+01 6.443376e+00
      vertex   1.000000e+00 -2.250000e+01 7.200000e+00
      vertex   1.000000e+00 -2.247118e+01 7.492635e+00
    endloop
  endfacet
  facet normal 1.000000e+00 0.000000e+00 -0.000000e+00
    outer loop
      vertex   1.000000e+00 -2.247118e+01 7.492635e+00
      vertex   1.000000e+00 -2.238582e+01 7.774025e+00
      vertex   1.000000e+00 -3.300000e+01 6.443376e+00
    endloop
  endfacet
  facet normal 1.000000e+00 0.000000e+00 0.000000e+00
    outer loop
      vertex   1.000000e+00 -3.300000e+01 6.443376e+00
      vertex   1.000000e+00 -2.238582e+01 7.774025e+00
      vertex   1.000000e+00 -2.224720e+01 8.033355e+00
    endloop
  endfacet
  facet normal 1.000000e+00 0.000000e+00 0.000000e+00
    outer loop
      vertex   1.000000e+00 -3.300000e+01 6.443376e+00
      vertex   1.000000e+00 -2.224720e+01 8.033355e+00
      vertex   1.000000e+00 -3.300000e+01 1.000000e+01
    endloop
  endfacet
  facet normal 1.000000e+00 0.000000e+00 0.000000e+00
    outer loop
      vertex   1.000000e+00 -3.300000e+01 1.000000e+01
      vertex   1.000000e+00 -2.224720e+01 8.033355e+00
      vertex   1.000000e+00 -2.206066e+01 8.260660e+00
    endloop
  endfacet
  facet normal 1.000000e+00 0.000000e+00 0.000000e+00
    outer loop
      vertex   1.000000e+00 -3.300000e+01 1.000000e+01
      vertex   1.000000e+00 -2.206066e+01 8.260660e+00
      vertex   1.000000e+00 -2.183336e+01 8.447204e+00
    endloop
  endfacet
  facet normal 1.000000e+00 0.000000e+00 -0.000000e+00
    outer loop
      vertex   1.000000e+00 -2.183336e+01 8.447204e+00
      vertex   1.000000e+00 -2.157403e+01 8.585819e+00
      vertex   1.000000e+00 -3.300000e+01 1.000000e+01
    endloop
  endfacet
  facet normal 1.000000e+00 0.000000e+00 0.000000e+00
    outer loop
      vertex   1.000000e+00 -3.300000e+01 1.000000e+01
      vertex   1.000000e+00 -2.157403e+01 8.585819e+00
      vertex   1.000000e+00 -2.129264e+01 8.671178e+00
    endloop
  endfacet
  facet normal 1.000000e+00 0.000000e+00 0.000000e+00
    outer loop
      vertex   1.000000e+00 -3.300000e+01 1.000000e+01
      vertex   1.000000e+00 -2.129264e+01 8.671178e+00
      vertex   1.000000e+00 -2.100000e+01 8.700000e+00
    endloop
  endfacet
  facet normal 1.000000e+00 -0.000000e+00 0.000000e+00
    outer loop
      vertex   1.000000e+00 -3.300000e+01 1.000000e+01
      vertex   1.000000e+00 -2.100000e+01 8.700000e+00
      vertex   1.000000e+00 -1.000000e+00 1.000000e+01
    endloop
  endfacet
  facet normal 1.000000e+00 0.000000e+00 0.000000e+00
    outer loop
      vertex   1.000000e+00 -1.000000e+00 1.000000e+01
      vertex   1.000000e+00 -2.100000e+01 8.700000e+00
      vertex   1.000000e+00 -1.300000e+01 8.700000e+00
    endloop
  endfacet
  facet normal 1.000000e+00 0.000000e+00 0.000000e+00
    outer loop
      vertex   1.000000e+00 -1.000000e+00 1.000000e+01
      vertex   1.000000e+00 -1.300000e+01 8.700000e+00
      vertex   1.000000e+00 -1.270736e+01 8.671178e+00
    endloop
  endfacet
  facet normal 1.000000e+00 -0.000000e+00 0.000000e+00
    outer loop
      vertex   1.000000e+00 -1.270736e+01 8.671178e+00
      vertex   1.000000e+00 -1.242598e+01 8.585819e+00
      vertex   1.000000e+00 -1.000000e+00 1.000000e+01
    endloop
  endfacet
  facet normal 1.000000e+00 0.000000e+00 0.000000e+00
    outer loop
      vertex   1.000000e+00 -1.000000e+00 1.000000e+01
      vertex   1.000000e+00 -1.242598e+01 8.585819e+00
      vertex   1.000000e+00 -1.216664e+01 8.447204e+00
    endloop
  endfacet
  facet normal 1.000000e+00 0.000000e+00 0.000000e+00
    outer loop
      vertex   1.000000e+00 -1.000000e+00 1.000000e+01
      vertex   1.000000e+00 -1.216664e+01 8.447204e+00
      vertex   1.000000e+00 -1.193934e+01 8.260660e+00
    endloop
  endfacet
  facet normal 1.000000e+00 -0.000000e+00 0.000000e+00
    outer loop
      vertex   1.000000e+00 -1.193934e+01 8.260660e+00
      vertex   1.000000e+00 -1.175280e+01 8.033355e+00
      vertex   1.000000e+00 -1.000000e+00 1.000000e+01
    endloop
  endfacet
  facet normal 1.000000e+00 0.000000e+00 0.000000e+00
    outer loop
      vertex   1.000000e+00 -1.000000e+00 1.000000e+01
      vertex   1.000000e+00 -1.175280e+01 8.033355e+00
      vertex   1.000000e+00 -1.000000e+00 6.443376e+00
    endloop
  endfacet
  facet normal 1.000000e+00 0.000000e+00 0.000000e+00
    outer loop
      vertex   1.000000e+00 -1.000000e+00 6.443376e+00
      vertex   1.000000e+00 -1.175280e+01 8.033355e+00
      vertex   1.000000e+00 -1.161418e+01 7.774025e+00
    endloop
  endfacet
  facet normal 1.000000e+00 0.000000e+00 0.000000e+00
    outer loop
      vertex   1.000000e+00 -1.000000e+00 6.443376e+00
      vertex   1.000000e+00 -1.161418e+01 7.774025e+00
      vertex   1.000000e+00 -1.152882e+01 7.492635e+00
    endloop
  endfacet
  facet normal 1.000000e+00 0.000000e+00 0.000000e+00
    outer loop
      vertex   1.000000e+00 -1.152882e+01 7.492635e+00
      vertex   1.000000e+00 -1.150000e+01 7.200000e+00
      vertex   1.000000e+00 -1.000000e+00 6.443376e+00
    endloop
  endfacet
  facet normal 1.000000e+00 0.000000e+00 0.000000e+00
    outer loop
      vertex   1.000000e+00 -1.000000e+00 6.443376e+00
      vertex   1.000000e+00 -1.150000e+01 7.200000e+00
      vertex   1.000000e+00 -1.150000e+01 5.600000e+00
    endloop
  endfacet
  facet normal 1.000000e+00 0.000000e+00 0.000000e+00
    outer loop
      vertex   1.000000e+00 -1.000000e+00 6.443376e+00
      vertex   1.000000e+00 -1.150000e+01 5.600000e+00
      vertex   1.000000e+00 -1.152882e+01 5.307365e+00
    endloop
  endfacet
  facet normal 1.000000e+00 -0.000000e+00 0.000000e+00
    outer loop
      vertex   1.000000e+00 -1.152882e+01 5.307365e+00
      vertex   1.000000e+00 -1.161418e+01 5.025975e+00
      vertex   1.000000e+00 -1.000000e+00 6.443376e+00
    endloop
  endfacet
  facet normal 1.000000e+00 -1.033970e-09 7.742869e-09
    outer loop
      vertex   1.000000e+00 -1.000000e+00 6.443376e+00
      vertex   1.000000e+00 -1.161418e+01 5.025975e+00
      vertex   1.000000e+00 -1.000000e+00 3.556624e+00
    endloop
  endfacet
  facet normal 1.000000e+00 0.000000e+00 7.742869e-09
    outer loop
      vertex   1.000000e+00 -1.000000e+00 6.443376e+00
      vertex   1.000000e+00 -1.000000e+00 3.556624e+00
      vertex   1.000000e+00 0.000000e+00 3.556624e+00
    endloop
  endfacet
  facet normal 1.000000e+00 -1.960754e-09 1.048045e-09
    outer loop
      vertex   1.000000e+00 -1.161418e+01 5.025975e+00
      vertex   1.000000e+00 -1.175280e+01 4.766645e+00
      vertex   1.000000e+00 -1.000000e+00 3.556624e+00
    endloop
  endfacet
  facet normal 1.000000e+00 -3.647696e-09 -1.394290e-08
    outer loop
      vertex   1.000000e+00 -1.000000e+00 3.556624e+00
      vertex   1.000000e+00 -1.175280e+01 4.766645e+00
      vertex   1.000000e+00 -5.000000e+00 3.000000e+00
    endloop
  endfacet
  facet normal 1.000000e+00 0.000000e+00 -4.015587e-08
    outer loop
      vertex   1.000000e+00 -1.000000e+00 3.556624e+00
      vertex   1.000000e+00 -5.000000e+00 3.000000e+00
      vertex   1.000000e+00 -1.000000e+00 3.000000e+00
    endloop
  endfacet
  facet normal 1.000000e+00 0.000000e+00 0.000000e+00
    outer loop
      vertex   1.000000e+00 -1.175280e+01 4.766645e+00
      vertex   1.000000e+00 -1.193934e+01 4.539340e+00
      vertex   1.000000e+00 -5.000000e+00 3.000000e+00
    endloop
  endfacet
  facet normal 1.000000e+00 0.000000e+00 0.000000e+00
    outer loop
      vertex   1.000000e+00 -5.000000e+00 3.000000e+00
      vertex   1.000000e+00 -1.193934e+01 4.539340e+00
      vertex   1.000000e+00 -1.216664e+01 4.352796e+00
    endloop
  endfacet
  facet normal 1.000000e+00 0.000000e+00 0.000000e+00
    outer loop
      vertex   1.000000e+00 -5.000000e+00 3.000000e+00
      vertex   1.000000e+00 -1.216664e+01 4.352796e+00
      vertex   1.000000e+00 -1.242598e+01 4.214181e+00
    endloop
  endfacet
  facet normal 1.000000e+00 0.000000e+00 0.000000e+00
    outer loop
      vertex   1.000000e+00 -1.242598e+01 4.214181e+00
      vertex   1.000000e+00 -1.270736e+01 4.128822e+00
      vertex   1.000000e+00 -5.000000e+00 3.000000e+00
    endloop
  endfacet
  facet normal 1.000000e+00 0.000000e+00 0.000000e+00
    outer loop
      vertex   1.000000e+00 -5.000000e+00 3.000000e+00
      vertex   1.000000e+00 -1.270736e+01 4.128822e+00
      vertex   1.000000e+00 -1.300000e+01 4.100000e+00
    endloop
  endfacet
  facet normal 1.000000e+00 0.000000e+00 0.000000e+00
    outer loop
      vertex   1.000000e+00 -5.000000e+00 3.000000e+00
      vertex   1.000000e+00 -1.300000e+01 4.100000e+00
      vertex   1.000000e+00 -5.000000e+00 1.000000e+00
    endloop
  endfacet
  facet normal 1.000000e+00 0.000000e+00 0.000000e+00
    outer loop
      vertex   1.000000e+00 -5.000000e+00 1.000000e+00
      vertex   1.000000e+00 -1.300000e+01 4.100000e+00
      vertex   1.000000e+00 -2.100000e+01 4.100000e+00
    endloop
  endfacet
  facet normal 1.000000e+00 9.251858e-18 4.775153e-17
    outer loop
      vertex   1.000000e+00 -5.000000e+00 1.000000e+00
      vertex   1.000000e+00 -2.100000e+01 4.100000e+00
      vertex   1.000000e+00 -2.900000e+01 1.000000e+00
    endloop
  endfacet
  facet normal 1.000000e+00 -1.526557e-17 1.110223e-16
    outer loop
      vertex   1.000000e+00 -2.900000e+01 1.000000e+00
      vertex   1.000000e+00 -2.100000e+01 4.100000e+00
      vertex   1.000000e+00 -2.900000e+01 3.000000e+00
    endloop
  endfacet
  facet normal 1.000000e+00 0.000000e+00 0.000000e+00
    outer loop
      vertex   1.000000e+00 -2.900000e+01 3.000000e+00
      vertex   1.000000e+00 -2.100000e+01 4.100000e+00
      vertex   1.000000e+00 -2.129264e+01 4.128822e+00
    endloop
  endfacet
  facet normal 1.000000e+00 0.000000e+00 0.000000e+00
    outer loop
      vertex   1.000000e+00 -2.900000e+01 3.000000e+00
      vertex   1.000000e+00 -2.129264e+01 4.128822e+00
      vertex   1.000000e+00 -2.157403e+01 4.214181e+00
    endloop
  endfacet
  facet normal 1.000000e+00 0.000000e+00 0.000000e+00
    outer loop
      vertex   1.000000e+00 -2.157403e+01 4.214181e+00
      vertex   1.000000e+00 -2.183336e+01 4.352796e+00
      vertex   1.000000e+00 -2.900000e+01 3.000000e+00
    endloop
  endfacet
  facet normal 1.000000e+00 0.000000e+00 0.000000e+00
    outer loop
      vertex   1.000000e+00 -2.900000e+01 3.000000e+00
      vertex   1.000000e+00 -2.183336e+01 4.352796e+00
      vertex   1.000000e+00 -2.206066e+01 4.539340e+00
    endloop
  endfacet
  facet normal 1.000000e+00 0.000000e+00 0.000000e+00
    outer loop
      vertex   1.000000e+00 -2.900000e+01 3.000000e+00
      vertex   1.000000e+00 -2.206066e+01 4.539340e+00
      vertex   1.000000e+00 -2.224720e+01 4.766645e+00
    endloop
  endfacet
  facet normal 1.000000e+00 3.647696e-09 -1.394290e-08
    outer loop
      vertex   1.000000e+00 -2.900000e+01 3.000000e+00
      vertex   1.000000e+00 -2.224720e+01 4.766645e+00
      vertex   1.000000e+00 -3.300000e+01 3.556624e+00
    endloop
  endfacet
  facet normal 1.000000e+00 1.960754e-09 1.048045e-09
    outer loop
      vertex   1.000000e+00 -3.300000e+01 3.556624e+00
      vertex   1.000000e+00 -2.224720e+01 4.766645e+00
      vertex   1.000000e+00 -2.238582e+01 5.025975e+00
    endloop
  endfacet
  facet normal 1.000000e+00 1.033970e-09 7.742869e-09
    outer loop
      vertex   1.000000e+00 -3.300000e+01 3.556624e+00
      vertex   1.000000e+00 -2.238582e+01 5.025975e+00
      vertex   1.000000e+00 -3.300000e+01 6.443376e+00
    endloop
  endfacet
  facet normal 1.000000e+00 0.000000e+00 0.000000e+00
    outer loop
      vertex   1.000000e+00 -3.300000e+01 6.443376e+00
      vertex   1.000000e+00 -2.238582e+01 5.025975e+00
      vertex   1.000000e+00 -2.247118e+01 5.307365e+00
    endloop
  endfacet
  facet normal 1.000000e+00 0.000000e+00 -4.015587e-08
    outer loop
      vertex   1.000000e+00 -3.300000e+01 3.556624e+00
      vertex   1.000000e+00 -3.300000e+01 3.000000e+00
      vertex   1.000000e+00 -2.900000e+01 3.000000e+00
    endloop
  endfacet
  facet normal 1.000000e+00 -2.235174e-08 -7.691851e-16
    outer loop
      vertex   1.000000e+00 0.000000e+00 3.556624e+00
      vertex   1.000000e+00 0.000000e+00 6.443376e+00
      vertex   1.000000e+00 -1.000000e+00 6.443376e+00
    endloop
  endfacet
  facet normal 1.000000e+00 2.235175e-08 -7.691851e-16
    outer loop
      vertex   1.000000e+00 -3.400000e+01 6.443376e+00
      vertex   1.000000e+00 -3.400000e+01 3.556624e+00
      vertex   1.000000e+00 -3.300000e+01 6.443376e+00
    endloop
  endfacet
  facet normal 1.000000e+00 0.000000e+00 7.742869e-09
    outer loop
      vertex   1.000000e+00 -3.300000e+01 6.443376e+00
      vertex   1.000000e+00 -3.400000e+01 3.556624e+00
      vertex   1.000000e+00 -3.300000e+01 3.556624e+00
    endloop
  endfacet
  facet normal 0.000000e+00 1.000000e+00 0.000000e+00
    outer loop
      vertex   5.000000e-01 -2.200000e+01 7.200000e+00
      vertex   5.000000e-01 -2.200000e+01 5.600000e+00
      vertex   0.000000e+00 -2.200000e+01 7.200000e+00
    endloop
  endfacet
  facet normal 0.000000e+00 1.000000e+00 0.000000e+00
    outer loop
      vertex   0.000000e+00 -2.200000e+01 7.200000e+00
      vertex   5.000000e-01 -2.200000e+01 5.600000e+00
      vertex   0.000000e+00 -2.200000e+01 5.600000e+00
    endloop
  endfacet
  facet normal 0.000000e+00 1.305262e-01 -9.914449e-01
    outer loop
      vertex   0.000000e+00 -2.100000e+01 8.200000e+00
      vertex   5.000000e-01 -2.100000e+01 8.200000e+00
      vertex   0.000000e+00 -2.125882e+01 8.165926e+00
    endloop
  endfacet
  facet normal 0.000000e+00 1.305262e-01 -9.914449e-01
    outer loop
      vertex   0.000000e+00 -2.125882e+01 8.165926e+00
      vertex   5.000000e-01 -2.100000e+01 8.200000e+00
      vertex   5.000000e-01 -2.125882e+01 8.165926e+00
    endloop
  endfacet
  facet normal 0.000000e+00 3.826834e-01 -9.238795e-01
    outer loop
      vertex   0.000000e+00 -2.125882e+01 8.165926e+00
      vertex   5.000000e-01 -2.125882e+01 8.165926e+00
      vertex   0.000000e+00 -2.150000e+01 8.066025e+00
    endloop
  endfacet
  facet normal 0.000000e+00 3.826834e-01 -9.238795e-01
    outer loop
      vertex   0.000000e+00 -2.150000e+01 8.066025e+00
      vertex   5.000000e-01 -2.125882e+01 8.165926e+00
      vertex   5.000000e-01 -2.150000e+01 8.066025e+00
    endloop
  endfacet
  facet normal 0.000000e+00 6.087614e-01 -7.933533e-01
    outer loop
      vertex   0.000000e+00 -2.150000e+01 8.066025e+00
      vertex   5.000000e-01 -2.150000e+01 8.066025e+00
      vertex   0.000000e+00 -2.170711e+01 7.907107e+00
    endloop
  endfacet
  facet normal 0.000000e+00 6.087614e-01 -7.933533e-01
    outer loop
      vertex   0.000000e+00 -2.170711e+01 7.907107e+00
      vertex   5.000000e-01 -2.150000e+01 8.066025e+00
      vertex   5.000000e-01 -2.170711e+01 7.907107e+00
    endloop
  endfacet
  facet normal 0.000000e+00 7.933533e-01 -6.087614e-01
    outer loop
      vertex   0.000000e+00 -2.170711e+01 7.907107e+00
      vertex   5.000000e-01 -2.170711e+01 7.907107e+00
      vertex   0.000000e+00 -2.186603e+01 7.700000e+00
    endloop
  endfacet
  facet normal 0.000000e+00 7.933533e-01 -6.087614e-01
    outer loop
      vertex   0.000000e+00 -2.186603e+01 7.700000e+00
      vertex   5.000000e-01 -2.170711e+01 7.907107e+00
      vertex   5.000000e-01 -2.186603e+01 7.700000e+00
    endloop
  endfacet
  facet normal 0.000000e+00 9.238795e-01 -3.826834e-01
    outer loop
      vertex   0.000000e+00 -2.186603e+01 7.700000e+00
      vertex   5.000000e-01 -2.186603e+01 7.700000e+00
      vertex   0.000000e+00 -2.196593e+01 7.458819e+00
    endloop
  endfacet
  facet normal 0.000000e+00 9.238795e-01 -3.826834e-01
    outer loop
      vertex   0.000000e+00 -2.196593e+01 7.458819e+00
      vertex   5.000000e-01 -2.186603e+01 7.700000e+00
      vertex   5.000000e-01 -2.196593e+01 7.458819e+00
    endloop
  endfacet
  facet normal 0.000000e+00 9.914449e-01 -1.305262e-01
    outer loop
      vertex   0.000000e+00 -2.196593e+01 7.458819e+00
      vertex   5.000000e-01 -2.196593e+01 7.458819e+00
      vertex   0.000000e+00 -2.200000e+01 7.200000e+00
    endloop
  endfacet
  facet normal 0.000000e+00 9.914449e-01 -1.305262e-01
    outer loop
      vertex   0.000000e+00 -2.200000e+01 7.200000e+00
      vertex   5.000000e-01 -2.196593e+01 7.458819e+00
      vertex   5.000000e-01 -2.200000e+01 7.200000e+00
    endloop
  endfacet
  facet normal -0.000000e+00 -0.000000e+00 -1.000000e+00
    outer loop
      vertex   5.000000e-01 -1.300000e+01 8.200000e+00
      vertex   5.000000e-01 -2.100000e+01 8.200000e+00
      vertex   0.000000e+00 -1.300000e+01 8.200000e+00
    endloop
  endfacet
  facet normal 0.000000e+00 0.000000e+00 -1.000000e+00
    outer loop
      vertex   0.000000e+00 -1.300000e+01 8.200000e+00
      vertex   5.000000e-01 -2.100000e+01 8.200000e+00
      vertex   0.000000e+00 -2.100000e+01 8.200000e+00
    endloop
  endfacet
  facet normal 0.000000e+00 -9.914449e-01 -1.305262e-01
    outer loop
      vertex   0.000000e+00 -1.200000e+01 7.200000e+00
      vertex   5.000000e-01 -1.200000e+01 7.200000e+00
      vertex   0.000000e+00 -1.203407e+01 7.458819e+00
    endloop
  endfacet
  facet normal 2.318611e-16 -9.914449e-01 -1.305262e-01
    outer loop
      vertex   0.000000e+00 -1.203407e+01 7.458819e+00
      vertex   5.000000e-01 -1.200000e+01 7.200000e+00
      vertex   5.000000e-01 -1.203407e+01 7.458819e+00
    endloop
  endfacet
  facet normal 6.797823e-16 -9.238795e-01 -3.826834e-01
    outer loop
      vertex   0.000000e+00 -1.203407e+01 7.458819e+00
      vertex   5.000000e-01 -1.203407e+01 7.458819e+00
      vertex   0.000000e+00 -1.213397e+01 7.700000e+00
    endloop
  endfacet
  facet normal 6.797823e-16 -9.238795e-01 -3.826834e-01
    outer loop
      vertex   0.000000e+00 -1.213397e+01 7.700000e+00
      vertex   5.000000e-01 -1.203407e+01 7.458819e+00
      vertex   5.000000e-01 -1.213397e+01 7.700000e+00
    endloop
  endfacet
  facet normal 1.081377e-15 -7.933533e-01 -6.087614e-01
    outer loop
      vertex   0.000000e+00 -1.213397e+01 7.700000e+00
      vertex   5.000000e-01 -1.213397e+01 7.700000e+00
      vertex   0.000000e+00 -1.229289e+01 7.907107e+00
    endloop
  endfacet
  facet normal 0.000000e+00 -7.933533e-01 -6.087614e-01
    outer loop
      vertex   0.000000e+00 -1.229289e+01 7.907107e+00
      vertex   5.000000e-01 -1.213397e+01 7.700000e+00
      vertex   5.000000e-01 -1.229289e+01 7.907107e+00
    endloop
  endfacet
  facet normal 0.000000e+00 -6.087614e-01 -7.933533e-01
    outer loop
      vertex   0.000000e+00 -1.229289e+01 7.907107e+00
      vertex   5.000000e-01 -1.229289e+01 7.907107e+00
      vertex   0.000000e+00 -1.250000e+01 8.066025e+00
    endloop
  endfacet
  facet normal 0.000000e+00 -6.087614e-01 -7.933533e-01
    outer loop
      vertex   0.000000e+00 -1.250000e+01 8.066025e+00
      vertex   5.000000e-01 -1.229289e+01 7.907107e+00
      vertex   5.000000e-01 -1.250000e+01 8.066025e+00
    endloop
  endfacet
  facet normal 0.000000e+00 -3.826834e-01 -9.238795e-01
    outer loop
      vertex   0.000000e+00 -1.250000e+01 8.066025e+00
      vertex   5.000000e-01 -1.250000e+01 8.066025e+00
      vertex   0.000000e+00 -1.274118e+01 8.165926e+00
    endloop
  endfacet
  facet normal 0.000000e+00 -3.826834e-01 -9.238795e-01
    outer loop
      vertex   0.000000e+00 -1.274118e+01 8.165926e+00
      vertex   5.000000e-01 -1.250000e+01 8.066025e+00
      vertex   5.000000e-01 -1.274118e+01 8.165926e+00
    endloop
  endfacet
  facet normal 0.000000e+00 -1.305262e-01 -9.914449e-01
    outer loop
      vertex   0.000000e+00 -1.274118e+01 8.165926e+00
      vertex   5.000000e-01 -1.274118e+01 8.165926e+00
      vertex   0.000000e+00 -1.300000e+01 8.200000e+00
    endloop
  endfacet
  facet normal 0.000000e+00 -1.305262e-01 -9.914449e-01
    outer loop
      vertex   0.000000e+00 -1.300000e+01 8.200000e+00
      vertex   5.000000e-01 -1.274118e+01 8.165926e+00
      vertex   5.000000e-01 -1.300000e+01 8.200000e+00
    endloop
  endfacet
  facet normal 9.978589e-01 6.540313e-02 0.000000e+00
    outer loop
      vertex   5.000000e+00 -3.300000e+01 3.000000e+00
      vertex   5.000000e+00 -3.300000e+01 1.000000e+00
      vertex   4.965780e+00 -3.247790e+01 3.000000e+00
    endloop
  endfacet
  facet normal 9.978589e-01 6.540313e-02 0.000000e+00
    outer loop
      vertex   4.965780e+00 -3.247790e+01 3.000000e+00
      vertex   5.000000e+00 -3.300000e+01 1.000000e+00
      vertex   4.965780e+00 -3.247790e+01 1.000000e+00
    endloop
  endfacet
  facet normal 9.807853e-01 1.950903e-01 0.000000e+00
    outer loop
      vertex   4.965780e+00 -3.247790e+01 3.000000e+00
      vertex   4.965780e+00 -3.247790e+01 1.000000e+00
      vertex   4.863703e+00 -3.196472e+01 3.000000e+00
    endloop
  endfacet
  facet normal 9.807853e-01 1.950903e-01 3.465500e-16
    outer loop
      vertex   4.863703e+00 -3.196472e+01 3.000000e+00
      vertex   4.965780e+00 -3.247790e+01 1.000000e+00
      vertex   4.863703e+00 -3.196472e+01 1.000000e+00
    endloop
  endfacet
  facet normal 9.469301e-01 3.214395e-01 5.709912e-16
    outer loop
      vertex   4.863703e+00 -3.196472e+01 3.000000e+00
      vertex   4.863703e+00 -3.196472e+01 1.000000e+00
      vertex   4.695518e+00 -3.146927e+01 3.000000e+00
    endloop
  endfacet
  facet normal 9.469301e-01 3.214395e-01 0.000000e+00
    outer loop
      vertex   4.695518e+00 -3.146927e+01 3.000000e+00
      vertex   4.863703e+00 -3.196472e+01 1.000000e+00
      vertex   4.695518e+00 -3.146927e+01 1.000000e+00
    endloop
  endfacet
  facet normal 8.968727e-01 4.422887e-01 0.000000e+00
    outer loop
      vertex   4.695518e+00 -3.146927e+01 3.000000e+00
      vertex   4.695518e+00 -3.146927e+01 1.000000e+00
      vertex   4.464102e+00 -3.100000e+01 3.000000e+00
    endloop
  endfacet
  facet normal 8.968727e-01 4.422887e-01 0.000000e+00
    outer loop
      vertex   4.464102e+00 -3.100000e+01 3.000000e+00
      vertex   4.695518e+00 -3.146927e+01 1.000000e+00
      vertex   4.464102e+00 -3.100000e+01 1.000000e+00
    endloop
  endfacet
  facet normal 8.314696e-01 5.555702e-01 0.000000e+00
    outer loop
      vertex   4.464102e+00 -3.100000e+01 3.000000e+00
      vertex   4.464102e+00 -3.100000e+01 1.000000e+00
      vertex   4.173413e+00 -3.056495e+01 3.000000e+00
    endloop
  endfacet
  facet normal 8.314696e-01 5.555702e-01 1.604535e-15
    outer loop
      vertex   4.173413e+00 -3.056495e+01 3.000000e+00
      vertex   4.464102e+00 -3.100000e+01 1.000000e+00
      vertex   4.173413e+00 -3.056495e+01 1.000000e+00
    endloop
  endfacet
  facet normal 7.518398e-01 6.593458e-01 2.008583e-15
    outer loop
      vertex   4.173413e+00 -3.056495e+01 3.000000e+00
      vertex   4.173413e+00 -3.056495e+01 1.000000e+00
      vertex   3.828427e+00 -3.017157e+01 3.000000e+00
    endloop
  endfacet
  facet normal 7.518398e-01 6.593458e-01 0.000000e+00
    outer loop
      vertex   3.828427e+00 -3.017157e+01 3.000000e+00
      vertex   4.173413e+00 -3.056495e+01 1.000000e+00
      vertex   3.828427e+00 -3.017157e+01 1.000000e+00
    endloop
  endfacet
  facet normal 6.593458e-01 7.518398e-01 0.000000e+00
    outer loop
      vertex   3.828427e+00 -3.017157e+01 3.000000e+00
      vertex   3.828427e+00 -3.017157e+01 1.000000e+00
      vertex   3.435046e+00 -2.982659e+01 3.000000e+00
    endloop
  endfacet
  facet normal 6.593458e-01 7.518398e-01 0.000000e+00
    outer loop
      vertex   3.435046e+00 -2.982659e+01 3.000000e+00
      vertex   3.828427e+00 -3.017157e+01 1.000000e+00
      vertex   3.435046e+00 -2.982659e+01 1.000000e+00
    endloop
  endfacet
  facet normal 5.555702e-01 8.314696e-01 0.000000e+00
    outer loop
      vertex   3.435046e+00 -2.982659e+01 3.000000e+00
      vertex   3.435046e+00 -2.982659e+01 1.000000e+00
      vertex   3.000000e+00 -2.953590e+01 3.000000e+00
    endloop
  endfacet
  facet normal 5.555702e-01 8.314696e-01 -2.467227e-16
    outer loop
      vertex   3.000000e+00 -2.953590e+01 3.000000e+00
      vertex   3.435046e+00 -2.982659e+01 1.000000e+00
      vertex   3.000000e+00 -2.953590e+01 1.000000e+00
    endloop
  endfacet
  facet normal 4.422887e-01 8.968727e-01 -1.964156e-16
    outer loop
      vertex   3.000000e+00 -2.953590e+01 3.000000e+00
      vertex   3.000000e+00 -2.953590e+01 1.000000e+00
      vertex   2.530734e+00 -2.930448e+01 3.000000e+00
    endloop
  endfacet
  facet normal 4.422887e-01 8.968727e-01 0.000000e+00
    outer loop
      vertex   2.530734e+00 -2.930448e+01 3.000000e+00
      vertex   3.000000e+00 -2.953590e+01 1.000000e+00
      vertex   2.530734e+00 -2.930448e+01 1.000000e+00
    endloop
  endfacet
  facet normal 3.214395e-01 9.469301e-01 0.000000e+00
    outer loop
      vertex   2.530734e+00 -2.930448e+01 3.000000e+00
      vertex   2.530734e+00 -2.930448e+01 1.000000e+00
      vertex   2.035276e+00 -2.913630e+01 3.000000e+00
    endloop
  endfacet
  facet normal 3.214395e-01 9.469301e-01 -1.427478e-16
    outer loop
      vertex   2.035276e+00 -2.913630e+01 3.000000e+00
      vertex   2.530734e+00 -2.930448e+01 1.000000e+00
      vertex   2.035276e+00 -2.913630e+01 1.000000e+00
    endloop
  endfacet
  facet normal 1.950903e-01 9.807853e-01 -8.663751e-17
    outer loop
      vertex   2.035276e+00 -2.913630e+01 3.000000e+00
      vertex   2.035276e+00 -2.913630e+01 1.000000e+00
      vertex   1.522105e+00 -2.903422e+01 3.000000e+00
    endloop
  endfacet
  facet normal 1.950903e-01 9.807853e-01 0.000000e+00
    outer loop
      vertex   1.522105e+00 -2.903422e+01 3.000000e+00
      vertex   2.035276e+00 -2.913630e+01 1.000000e+00
      vertex   1.522105e+00 -2.903422e+01 1.000000e+00
    endloop
  endfacet
  facet normal 6.540313e-02 9.978589e-01 0.000000e+00
    outer loop
      vertex   1.522105e+00 -2.903422e+01 3.000000e+00
      vertex   1.522105e+00 -2.903422e+01 1.000000e+00
      vertex   1.000000e+00 -2.900000e+01 3.000000e+00
    endloop
  endfacet
  facet normal 6.540313e-02 9.978589e-01 7.261206e-18
    outer loop
      vertex   1.000000e+00 -2.900000e+01 3.000000e+00
      vertex   1.522105e+00 -2.903422e+01 1.000000e+00
      vertex   1.000000e+00 -2.900000e+01 1.000000e+00
    endloop
  endfacet
  facet normal 0.000000e+00 0.000000e+00 1.000000e+00
    outer loop
      vertex   4.965780e+00 -3.247790e+01 3.000000e+00
      vertex   1.964102e+00 -3.300000e+01 3.000000e+00
      vertex   5.000000e+00 -3.300000e+01 3.000000e+00
    endloop
  endfacet
  facet normal 0.000000e+00 4.470351e-08 1.000000e+00
    outer loop
      vertex   5.000000e+00 -3.300000e+01 3.000000e+00
      vertex   1.964102e+00 -3.300000e+01 3.000000e+00
      vertex   1.964102e+00 -3.400000e+01 3.000000e+00
    endloop
  endfacet
  facet normal 0.000000e+00 4.470351e-08 1.000000e+00
    outer loop
      vertex   5.000000e+00 -3.300000e+01 3.000000e+00
      vertex   1.964102e+00 -3.400000e+01 3.000000e+00
      vertex   5.035898e+00 -3.400000e+01 3.000000e+00
    endloop
  endfacet
  facet normal 0.000000e+00 0.000000e+00 1.000000e+00
    outer loop
      vertex   4.965780e+00 -3.247790e+01 3.000000e+00
      vertex   4.863703e+00 -3.196472e+01 3.000000e+00
      vertex   1.964102e+00 -3.300000e+01 3.000000e+00
    endloop
  endfacet
  facet normal 0.000000e+00 0.000000e+00 1.000000e+00
    outer loop
      vertex   1.964102e+00 -3.300000e+01 3.000000e+00
      vertex   4.863703e+00 -3.196472e+01 3.000000e+00
      vertex   4.695518e+00 -3.146927e+01 3.000000e+00
    endloop
  endfacet
  facet normal 0.000000e+00 0.000000e+00 1.000000e+00
    outer loop
      vertex   1.964102e+00 -3.300000e+01 3.000000e+00
      vertex   4.695518e+00 -3.146927e+01 3.000000e+00
      vertex   4.464102e+00 -3.100000e+01 3.000000e+00
    endloop
  endfacet
  facet normal 0.000000e+00 0.000000e+00 1.000000e+00
    outer loop
      vertex   4.464102e+00 -3.100000e+01 3.000000e+00
      vertex   4.173413e+00 -3.056495e+01 3.000000e+00
      vertex   1.964102e+00 -3.300000e+01 3.000000e+00
    endloop
  endfacet
  facet normal 0.000000e+00 0.000000e+00 1.000000e+00
    outer loop
      vertex   1.964102e+00 -3.300000e+01 3.000000e+00
      vertex   4.173413e+00 -3.056495e+01 3.000000e+00
      vertex   3.828427e+00 -3.017157e+01 3.000000e+00
    endloop
  endfacet
  facet normal 0.000000e+00 0.000000e+00 1.000000e+00
    outer loop
      vertex   1.964102e+00 -3.300000e+01 3.000000e+00
      vertex   3.828427e+00 -3.017157e+01 3.000000e+00
      vertex   3.435046e+00 -2.982659e+01 3.000000e+00
    endloop
  endfacet
  facet normal 0.000000e+00 0.000000e+00 1.000000e+00
    outer loop
      vertex   3.435046e+00 -2.982659e+01 3.000000e+00
      vertex   3.000000e+00 -2.953590e+01 3.000000e+00
      vertex   1.964102e+00 -3.300000e+01 3.000000e+00
    endloop
  endfacet
  facet normal 0.000000e+00 0.000000e+00 1.000000e+00
    outer loop
      vertex   1.964102e+00 -3.300000e+01 3.000000e+00
      vertex   3.000000e+00 -2.953590e+01 3.000000e+00
      vertex   2.530734e+00 -2.930448e+01 3.000000e+00
    endloop
  endfacet
  facet normal 0.000000e+00 0.000000e+00 1.000000e+00
    outer loop
      vertex   1.964102e+00 -3.300000e+01 3.000000e+00
      vertex   2.530734e+00 -2.930448e+01 3.000000e+00
      vertex   2.035276e+00 -2.913630e+01 3.000000e+00
    endloop
  endfacet
  facet normal 0.000000e+00 0.000000e+00 1.000000e+00
    outer loop
      vertex   2.035276e+00 -2.913630e+01 3.000000e+00
      vertex   1.522105e+00 -2.903422e+01 3.000000e+00
      vertex   1.964102e+00 -3.300000e+01 3.000000e+00
    endloop
  endfacet
  facet normal 0.000000e+00 0.000000e+00 1.000000e+00
    outer loop
      vertex   1.964102e+00 -3.300000e+01 3.000000e+00
      vertex   1.522105e+00 -2.903422e+01 3.000000e+00
      vertex   1.000000e+00 -3.300000e+01 3.000000e+00
    endloop
  endfacet
  facet normal 0.000000e+00 0.000000e+00 1.000000e+00
    outer loop
      vertex   1.000000e+00 -3.300000e+01 3.000000e+00
      vertex   1.522105e+00 -2.903422e+01 3.000000e+00
      vertex   1.000000e+00 -2.900000e+01 3.000000e+00
    endloop
  endfacet
  facet normal -1.245278e-06 0.000000e+00 1.000000e+00
    outer loop
      vertex   5.035898e+00 -3.400000e+01 3.000000e+00
      vertex   5.035898e+00 -3.300000e+01 3.000000e+00
      vertex   5.000000e+00 -3.300000e+01 3.000000e+00
    endloop
  endfacet
  facet normal 0.000000e+00 -0.000000e+00 1.000000e+00
    outer loop
      vertex   3.900000e+01 -1.055662e+01 1.000000e+00
      vertex   4.047790e+01 -4.965780e+00 1.000000e+00
      vertex   3.650000e+01 -9.113249e+00 1.000000e+00
    endloop
  endfacet
  facet normal 0.000000e+00 0.000000e+00 1.000000e+00
    outer loop
      vertex   3.650000e+01 -9.113249e+00 1.000000e+00
      vertex   4.047790e+01 -4.965780e+00 1.000000e+00
      vertex   3.996472e+01 -4.863703e+00 1.000000e+00
    endloop
  endfacet
  facet normal 0.000000e+00 -0.000000e+00 1.000000e+00
    outer loop
      vertex   3.650000e+01 -9.113249e+00 1.000000e+00
      vertex   3.996472e+01 -4.863703e+00 1.000000e+00
      vertex   3.600000e+01 -8.443376e+00 1.000000e+00
    endloop
  endfacet
  facet normal 0.000000e+00 0.000000e+00 1.000000e+00
    outer loop
      vertex   3.600000e+01 -8.443376e+00 1.000000e+00
      vertex   3.996472e+01 -4.863703e+00 1.000000e+00
      vertex   3.946927e+01 -4.695518e+00 1.000000e+00
    endloop
  endfacet
  facet normal 0.000000e+00 0.000000e+00 1.000000e+00
    outer loop
      vertex   3.600000e+01 -8.443376e+00 1.000000e+00
      vertex   3.946927e+01 -4.695518e+00 1.000000e+00
      vertex   3.600000e+01 -5.556624e+00 1.000000e+00
    endloop
  endfacet
  facet normal 0.000000e+00 0.000000e+00 1.000000e+00
    outer loop
      vertex   3.600000e+01 -5.556624e+00 1.000000e+00
      vertex   3.946927e+01 -4.695518e+00 1.000000e+00
      vertex   3.900000e+01 -4.464102e+00 1.000000e+00
    endloop
  endfacet
  facet normal 0.000000e+00 0.000000e+00 1.000000e+00
    outer loop
      vertex   3.600000e+01 -5.556624e+00 1.000000e+00
      vertex   3.900000e+01 -4.464102e+00 1.000000e+00
      vertex   3.856495e+01 -4.173413e+00 1.000000e+00
    endloop
  endfacet
  facet normal 0.000000e+00 0.000000e+00 1.000000e+00
    outer loop
      vertex   4.047790e+01 -4.965780e+00 1.000000e+00
      vertex   3.900000e+01 -1.055662e+01 1.000000e+00
      vertex   4.100000e+01 -5.000000e+00 1.000000e+00
    endloop
  endfacet
  facet normal 0.000000e+00 0.000000e+00 1.000000e+00
    outer loop
      vertex   4.100000e+01 -5.000000e+00 1.000000e+00
      vertex   3.900000e+01 -1.055662e+01 1.000000e+00
      vertex   3.900000e+01 -1.344338e+01 1.000000e+00
    endloop
  endfacet
  facet normal 0.000000e+00 0.000000e+00 1.000000e+00
    outer loop
      vertex   4.100000e+01 -5.000000e+00 1.000000e+00
      vertex   3.900000e+01 -1.344338e+01 1.000000e+00
      vertex   3.900000e+01 -2.055662e+01 1.000000e+00
    endloop
  endfacet
  facet normal 0.000000e+00 -0.000000e+00 1.000000e+00
    outer loop
      vertex   3.900000e+01 -2.055662e+01 1.000000e+00
      vertex   3.900000e+01 -1.344338e+01 1.000000e+00
      vertex   3.650000e+01 -1.488675e+01 1.000000e+00
    endloop
  endfacet
  facet normal 0.000000e+00 0.000000e+00 1.000000e+00
    outer loop
      vertex   3.900000e+01 -2.055662e+01 1.000000e+00
      vertex   3.650000e+01 -1.488675e+01 1.000000e+00
      vertex   3.650000e+01 -1.911325e+01 1.000000e+00
    endloop
  endfacet
  facet normal 0.000000e+00 -0.000000e+00 1.000000e+00
    outer loop
      vertex   3.650000e+01 -1.911325e+01 1.000000e+00
      vertex   3.650000e+01 -1.488675e+01 1.000000e+00
      vertex   3.600000e+01 -1.844338e+01 1.000000e+00
    endloop
  endfacet
  facet normal 0.000000e+00 0.000000e+00 1.000000e+00
    outer loop
      vertex   3.650000e+01 -1.911325e+01 1.000000e+00
      vertex   3.600000e+01 -1.844338e+01 1.000000e+00
      vertex   3.350000e+01 -1.988675e+01 1.000000e+00
    endloop
  endfacet
  facet normal 0.000000e+00 0.000000e+00 1.000000e+00
    outer loop
      vertex   3.400000e+01 -1.344338e+01 1.000000e+00
      vertex   3.350000e+01 -1.411325e+01 1.000000e+00
      vertex   3.650000e+01 -1.488675e+01 1.000000e+00
    endloop
  endfacet
  facet normal 0.000000e+00 0.000000e+00 1.000000e+00
    outer loop
      vertex   3.650000e+01 -1.488675e+01 1.000000e+00
      vertex   3.350000e+01 -1.411325e+01 1.000000e+00
      vertex   3.600000e+01 -1.555662e+01 1.000000e+00
    endloop
  endfacet
  facet normal 0.000000e+00 0.000000e+00 1.000000e+00
    outer loop
      vertex   3.650000e+01 -1.488675e+01 1.000000e+00
      vertex   3.600000e+01 -1.555662e+01 1.000000e+00
      vertex   3.600000e+01 -1.844338e+01 1.000000e+00
    endloop
  endfacet
  facet normal 0.000000e+00 -0.000000e+00 1.000000e+00
    outer loop
      vertex   3.350000e+01 -1.411325e+01 1.000000e+00
      vertex   3.400000e+01 -1.344338e+01 1.000000e+00
      vertex   3.300000e+01 -1.344338e+01 1.000000e+00
    endloop
  endfacet
  facet normal -0.000000e+00 0.000000e+00 1.000000e+00
    outer loop
      vertex   3.300000e+01 -1.344338e+01 1.000000e+00
      vertex   3.400000e+01 -1.344338e+01 1.000000e+00
      vertex   3.400000e+01 -1.055662e+01 1.000000e+00
    endloop
  endfacet
  facet normal 0.000000e+00 0.000000e+00 1.000000e+00
    outer loop
      vertex   3.300000e+01 -1.344338e+01 1.000000e+00
      vertex   3.400000e+01 -1.055662e+01 1.000000e+00
      vertex   3.300000e+01 -1.055662e+01 1.000000e+00
    endloop
  endfacet
  facet normal -0.000000e+00 0.000000e+00 1.000000e+00
    outer loop
      vertex   3.300000e+01 -1.055662e+01 1.000000e+00
      vertex   3.400000e+01 -1.055662e+01 1.000000e+00
      vertex   3.350000e+01 -9.886751e+00 1.000000e+00
    endloop
  endfacet
  facet normal 0.000000e+00 -0.000000e+00 1.000000e+00
    outer loop
      vertex   3.300000e+01 -1.055662e+01 1.000000e+00
      vertex   3.350000e+01 -9.886751e+00 1.000000e+00
      vertex   3.050000e+01 -9.113249e+00 1.000000e+00
    endloop
  endfacet
  facet normal -0.000000e+00 0.000000e+00 1.000000e+00
    outer loop
      vertex   3.050000e+01 -9.113249e+00 1.000000e+00
      vertex   3.350000e+01 -9.886751e+00 1.000000e+00
      vertex   3.100000e+01 -8.443376e+00 1.000000e+00
    endloop
  endfacet
  facet normal 0.000000e+00 -0.000000e+00 1.000000e+00
    outer loop
      vertex   3.050000e+01 -9.113249e+00 1.000000e+00
      vertex   3.100000e+01 -8.443376e+00 1.000000e+00
      vertex   3.000000e+01 -8.443376e+00 1.000000e+00
    endloop
  endfacet
  facet normal 0.000000e+00 0.000000e+00 1.000000e+00
    outer loop
      vertex   3.000000e+01 -8.443376e+00 1.000000e+00
      vertex   3.100000e+01 -8.443376e+00 1.000000e+00
      vertex   3.000000e+01 -5.556624e+00 1.000000e+00
    endloop
  endfacet
  facet normal -0.000000e+00 0.000000e+00 1.000000e+00
    outer loop
      vertex   3.000000e+01 -5.556624e+00 1.000000e+00
      vertex   3.100000e+01 -8.443376e+00 1.000000e+00
      vertex   3.100000e+01 -5.556624e+00 1.000000e+00
    endloop
  endfacet
  facet normal 0.000000e+00 -0.000000e+00 1.000000e+00
    outer loop
      vertex   3.000000e+01 -5.556624e+00 1.000000e+00
      vertex   3.100000e+01 -5.556624e+00 1.000000e+00
      vertex   2.750000e+01 -4.113249e+00 1.000000e+00
    endloop
  endfacet
  facet normal -0.000000e+00 0.000000e+00 1.000000e+00
    outer loop
      vertex   2.750000e+01 -4.113249e+00 1.000000e+00
      vertex   3.100000e+01 -5.556624e+00 1.000000e+00
      vertex   3.350000e+01 -4.113249e+00 1.000000e+00
    endloop
  endfacet
  facet normal 0.000000e+00 0.000000e+00 1.000000e+00
    outer loop
      vertex   2.750000e+01 -4.113249e+00 1.000000e+00
      vertex   3.350000e+01 -4.113249e+00 1.000000e+00
      vertex   3.700000e+01 -1.000000e+00 1.000000e+00
    endloop
  endfacet
  facet normal 0.000000e+00 0.000000e+00 1.000000e+00
    outer loop
      vertex   3.700000e+01 -1.000000e+00 1.000000e+00
      vertex   3.350000e+01 -4.113249e+00 1.000000e+00
      vertex   3.703422e+01 -1.522105e+00 1.000000e+00
    endloop
  endfacet
  facet normal 0.000000e+00 0.000000e+00 1.000000e+00
    outer loop
      vertex   3.703422e+01 -1.522105e+00 1.000000e+00
      vertex   3.350000e+01 -4.113249e+00 1.000000e+00
      vertex   3.713630e+01 -2.035276e+00 1.000000e+00
    endloop
  endfacet
  facet normal 0.000000e+00 0.000000e+00 1.000000e+00
    outer loop
      vertex   3.713630e+01 -2.035276e+00 1.000000e+00
      vertex   3.350000e+01 -4.113249e+00 1.000000e+00
      vertex   3.730448e+01 -2.530734e+00 1.000000e+00
    endloop
  endfacet
  facet normal 0.000000e+00 0.000000e+00 1.000000e+00
    outer loop
      vertex   3.730448e+01 -2.530734e+00 1.000000e+00
      vertex   3.350000e+01 -4.113249e+00 1.000000e+00
      vertex   3.753590e+01 -3.000000e+00 1.000000e+00
    endloop
  endfacet
  facet normal 0.000000e+00 0.000000e+00 1.000000e+00
    outer loop
      vertex   3.753590e+01 -3.000000e+00 1.000000e+00
      vertex   3.350000e+01 -4.113249e+00 1.000000e+00
      vertex   3.600000e+01 -5.556624e+00 1.000000e+00
    endloop
  endfacet
  facet normal 0.000000e+00 0.000000e+00 1.000000e+00
    outer loop
      vertex   3.753590e+01 -3.000000e+00 1.000000e+00
      vertex   3.600000e+01 -5.556624e+00 1.000000e+00
      vertex   3.782659e+01 -3.435046e+00 1.000000e+00
    endloop
  endfacet
  facet normal 0.000000e+00 0.000000e+00 1.000000e+00
    outer loop
      vertex   3.782659e+01 -3.435046e+00 1.000000e+00
      vertex   3.600000e+01 -5.556624e+00 1.000000e+00
      vertex   3.817157e+01 -3.828427e+00 1.000000e+00
    endloop
  endfacet
  facet normal 0.000000e+00 0.000000e+00 1.000000e+00
    outer loop
      vertex   3.817157e+01 -3.828427e+00 1.000000e+00
      vertex   3.600000e+01 -5.556624e+00 1.000000e+00
      vertex   3.856495e+01 -4.173413e+00 1.000000e+00
    endloop
  endfacet
  facet normal 0.000000e+00 -0.000000e+00 1.000000e+00
    outer loop
      vertex   3.400000e+01 -1.055662e+01 1.000000e+00
      vertex   3.650000e+01 -9.113249e+00 1.000000e+00
      vertex   3.350000e+01 -9.886751e+00 1.000000e+00
    endloop
  endfacet
  facet normal 0.000000e+00 0.000000e+00 1.000000e+00
    outer loop
      vertex   3.350000e+01 -9.886751e+00 1.000000e+00
      vertex   3.650000e+01 -9.113249e+00 1.000000e+00
      vertex   3.600000e+01 -8.443376e+00 1.000000e+00
    endloop
  endfacet
  facet normal 0.000000e+00 0.000000e+00 1.000000e+00
    outer loop
      vertex   2.800000e+01 -1.055662e+01 1.000000e+00
      vertex   2.700000e+01 -1.055662e+01 1.000000e+00
      vertex   2.800000e+01 -1.344338e+01 1.000000e+00
    endloop
  endfacet
  facet normal 0.000000e+00 0.000000e+00 1.000000e+00
    outer loop
      vertex   2.800000e+01 -1.344338e+01 1.000000e+00
      vertex   2.700000e+01 -1.055662e+01 1.000000e+00
      vertex   2.700000e+01 -1.344338e+01 1.000000e+00
    endloop
  endfacet
  facet normal 0.000000e+00 0.000000e+00 1.000000e+00
    outer loop
      vertex   2.800000e+01 -1.344338e+01 1.000000e+00
      vertex   2.700000e+01 -1.344338e+01 1.000000e+00
      vertex   2.750000e+01 -1.411325e+01 1.000000e+00
    endloop
  endfacet
  facet normal 0.000000e+00 0.000000e+00 1.000000e+00
    outer loop
      vertex   2.750000e+01 -1.411325e+01 1.000000e+00
      vertex   2.700000e+01 -1.344338e+01 1.000000e+00
      vertex   2.450000e+01 -1.488675e+01 1.000000e+00
    endloop
  endfacet
  facet normal 0.000000e+00 0.000000e+00 1.000000e+00
    outer loop
      vertex   2.750000e+01 -1.411325e+01 1.000000e+00
      vertex   2.450000e+01 -1.488675e+01 1.000000e+00
      vertex   2.500000e+01 -1.555662e+01 1.000000e+00
    endloop
  endfacet
  facet normal 0.000000e+00 0.000000e+00 1.000000e+00
    outer loop
      vertex   2.500000e+01 -1.555662e+01 1.000000e+00
      vertex   2.450000e+01 -1.488675e+01 1.000000e+00
      vertex   2.400000e+01 -1.555662e+01 1.000000e+00
    endloop
  endfacet
  facet normal 0.000000e+00 0.000000e+00 1.000000e+00
    outer loop
      vertex   2.500000e+01 -1.555662e+01 1.000000e+00
      vertex   2.400000e+01 -1.555662e+01 1.000000e+00
      vertex   2.500000e+01 -1.844338e+01 1.000000e+00
    endloop
  endfacet
  facet normal 0.000000e+00 0.000000e+00 1.000000e+00
    outer loop
      vertex   2.500000e+01 -1.844338e+01 1.000000e+00
      vertex   2.400000e+01 -1.555662e+01 1.000000e+00
      vertex   2.400000e+01 -1.844338e+01 1.000000e+00
    endloop
  endfacet
  facet normal 0.000000e+00 0.000000e+00 1.000000e+00
    outer loop
      vertex   2.500000e+01 -1.844338e+01 1.000000e+00
      vertex   2.400000e+01 -1.844338e+01 1.000000e+00
      vertex   2.450000e+01 -1.911325e+01 1.000000e+00
    endloop
  endfacet
  facet normal 0.000000e+00 0.000000e+00 1.000000e+00
    outer loop
      vertex   2.450000e+01 -1.911325e+01 1.000000e+00
      vertex   2.400000e+01 -1.844338e+01 1.000000e+00
      vertex   2.150000e+01 -1.988675e+01 1.000000e+00
    endloop
  endfacet
  facet normal 0.000000e+00 0.000000e+00 1.000000e+00
    outer loop
      vertex   2.450000e+01 -1.911325e+01 1.000000e+00
      vertex   2.150000e+01 -1.988675e+01 1.000000e+00
      vertex   2.200000e+01 -2.055662e+01 1.000000e+00
    endloop
  endfacet
  facet normal 0.000000e+00 0.000000e+00 1.000000e+00
    outer loop
      vertex   2.200000e+01 -2.055662e+01 1.000000e+00
      vertex   2.150000e+01 -1.988675e+01 1.000000e+00
      vertex   2.100000e+01 -2.055662e+01 1.000000e+00
    endloop
  endfacet
  facet normal 0.000000e+00 0.000000e+00 1.000000e+00
    outer loop
      vertex   2.200000e+01 -2.055662e+01 1.000000e+00
      vertex   2.100000e+01 -2.055662e+01 1.000000e+00
      vertex   2.200000e+01 -2.344338e+01 1.000000e+00
    endloop
  endfacet
  facet normal 0.000000e+00 0.000000e+00 1.000000e+00
    outer loop
      vertex   2.200000e+01 -2.344338e+01 1.000000e+00
      vertex   2.100000e+01 -2.055662e+01 1.000000e+00
      vertex   2.100000e+01 -2.344338e+01 1.000000e+00
    endloop
  endfacet
  facet normal 0.000000e+00 0.000000e+00 1.000000e+00
    outer loop
      vertex   2.200000e+01 -2.344338e+01 1.000000e+00
      vertex   2.100000e+01 -2.344338e+01 1.000000e+00
      vertex   2.150000e+01 -2.411325e+01 1.000000e+00
    endloop
  endfacet
  facet normal 0.000000e+00 0.000000e+00 1.000000e+00
    outer loop
      vertex   2.150000e+01 -2.411325e+01 1.000000e+00
      vertex   2.100000e+01 -2.344338e+01 1.000000e+00
      vertex   1.850000e+01 -2.488675e+01 1.000000e+00
    endloop
  endfacet
  facet normal 0.000000e+00 0.000000e+00 1.000000e+00
    outer loop
      vertex   2.150000e+01 -2.411325e+01 1.000000e+00
      vertex   1.850000e+01 -2.488675e+01 1.000000e+00
      vertex   1.900000e+01 -2.555662e+01 1.000000e+00
    endloop
  endfacet
  facet normal 0.000000e+00 0.000000e+00 1.000000e+00
    outer loop
      vertex   1.900000e+01 -2.555662e+01 1.000000e+00
      vertex   1.850000e+01 -2.488675e+01 1.000000e+00
      vertex   1.800000e+01 -2.555662e+01 1.000000e+00
    endloop
  endfacet
  facet normal 0.000000e+00 0.000000e+00 1.000000e+00
    outer loop
      vertex   1.900000e+01 -2.555662e+01 1.000000e+00
      vertex   1.800000e+01 -2.555662e+01 1.000000e+00
      vertex   1.900000e+01 -2.844338e+01 1.000000e+00
    endloop
  endfacet
  facet normal 0.000000e+00 0.000000e+00 1.000000e+00
    outer loop
      vertex   1.900000e+01 -2.844338e+01 1.000000e+00
      vertex   1.800000e+01 -2.555662e+01 1.000000e+00
      vertex   1.800000e+01 -2.844338e+01 1.000000e+00
    endloop
  endfacet
  facet normal 0.000000e+00 0.000000e+00 1.000000e+00
    outer loop
      vertex   1.900000e+01 -2.844338e+01 1.000000e+00
      vertex   1.800000e+01 -2.844338e+01 1.000000e+00
      vertex   2.150000e+01 -2.988675e+01 1.000000e+00
    endloop
  endfacet
  facet normal 0.000000e+00 0.000000e+00 1.000000e+00
    outer loop
      vertex   2.150000e+01 -2.988675e+01 1.000000e+00
      vertex   1.800000e+01 -2.844338e+01 1.000000e+00
      vertex   1.550000e+01 -2.988675e+01 1.000000e+00
    endloop
  endfacet
  facet normal 0.000000e+00 0.000000e+00 1.000000e+00
    outer loop
      vertex   2.150000e+01 -2.988675e+01 1.000000e+00
      vertex   1.550000e+01 -2.988675e+01 1.000000e+00
      vertex   5.000000e+00 -3.300000e+01 1.000000e+00
    endloop
  endfacet
  facet normal 0.000000e+00 0.000000e+00 1.000000e+00
    outer loop
      vertex   5.000000e+00 -3.300000e+01 1.000000e+00
      vertex   1.550000e+01 -2.988675e+01 1.000000e+00
      vertex   9.500000e+00 -2.988675e+01 1.000000e+00
    endloop
  endfacet
  facet normal 0.000000e+00 -0.000000e+00 1.000000e+00
    outer loop
      vertex   5.000000e+00 -3.300000e+01 1.000000e+00
      vertex   9.500000e+00 -2.988675e+01 1.000000e+00
      vertex   4.965780e+00 -3.247790e+01 1.000000e+00
    endloop
  endfacet
  facet normal 0.000000e+00 -0.000000e+00 1.000000e+00
    outer loop
      vertex   4.965780e+00 -3.247790e+01 1.000000e+00
      vertex   9.500000e+00 -2.988675e+01 1.000000e+00
      vertex   4.863703e+00 -3.196472e+01 1.000000e+00
    endloop
  endfacet
  facet normal 0.000000e+00 -0.000000e+00 1.000000e+00
    outer loop
      vertex   4.863703e+00 -3.196472e+01 1.000000e+00
      vertex   9.500000e+00 -2.988675e+01 1.000000e+00
      vertex   4.695518e+00 -3.146927e+01 1.000000e+00
    endloop
  endfacet
  facet normal 0.000000e+00 0.000000e+00 1.000000e+00
    outer loop
      vertex   4.695518e+00 -3.146927e+01 1.000000e+00
      vertex   9.500000e+00 -2.988675e+01 1.000000e+00
      vertex   7.000000e+00 -2.844338e+01 1.000000e+00
    endloop
  endfacet
  facet normal 0.000000e+00 -0.000000e+00 1.000000e+00
    outer loop
      vertex   4.695518e+00 -3.146927e+01 1.000000e+00
      vertex   7.000000e+00 -2.844338e+01 1.000000e+00
      vertex   4.464102e+00 -3.100000e+01 1.000000e+00
    endloop
  endfacet
  facet normal 0.000000e+00 -0.000000e+00 1.000000e+00
    outer loop
      vertex   4.464102e+00 -3.100000e+01 1.000000e+00
      vertex   7.000000e+00 -2.844338e+01 1.000000e+00
      vertex   4.173413e+00 -3.056495e+01 1.000000e+00
    endloop
  endfacet
  facet normal 0.000000e+00 -0.000000e+00 1.000000e+00
    outer loop
      vertex   4.173413e+00 -3.056495e+01 1.000000e+00
      vertex   7.000000e+00 -2.844338e+01 1.000000e+00
      vertex   3.828427e+00 -3.017157e+01 1.000000e+00
    endloop
  endfacet
  facet normal 0.000000e+00 -0.000000e+00 1.000000e+00
    outer loop
      vertex   3.828427e+00 -3.017157e+01 1.000000e+00
      vertex   7.000000e+00 -2.844338e+01 1.000000e+00
      vertex   3.435046e+00 -2.982659e+01 1.000000e+00
    endloop
  endfacet
  facet normal 0.000000e+00 -0.000000e+00 1.000000e+00
    outer loop
      vertex   3.435046e+00 -2.982659e+01 1.000000e+00
      vertex   7.000000e+00 -2.844338e+01 1.000000e+00
      vertex   3.000000e+00 -2.953590e+01 1.000000e+00
    endloop
  endfacet
  facet normal 0.000000e+00 -0.000000e+00 1.000000e+00
    outer loop
      vertex   3.000000e+00 -2.953590e+01 1.000000e+00
      vertex   7.000000e+00 -2.844338e+01 1.000000e+00
      vertex   2.530734e+00 -2.930448e+01 1.000000e+00
    endloop
  endfacet
  facet normal 0.000000e+00 0.000000e+00 1.000000e+00
    outer loop
      vertex   2.530734e+00 -2.930448e+01 1.000000e+00
      vertex   7.000000e+00 -2.844338e+01 1.000000e+00
      vertex   7.000000e+00 -2.555662e+01 1.000000e+00
    endloop
  endfacet
  facet normal 0.000000e+00 0.000000e+00 1.000000e+00
    outer loop
      vertex   2.530734e+00 -2.930448e+01 1.000000e+00
      vertex   7.000000e+00 -2.555662e+01 1.000000e+00
      vertex   6.500000e+00 -2.488675e+01 1.000000e+00
    endloop
  endfacet
  facet normal -0.000000e+00 0.000000e+00 1.000000e+00
    outer loop
      vertex   6.500000e+00 -2.488675e+01 1.000000e+00
      vertex   7.000000e+00 -2.555662e+01 1.000000e+00
      vertex   9.500000e+00 -2.411325e+01 1.000000e+00
    endloop
  endfacet
  facet normal 0.000000e+00 0.000000e+00 1.000000e+00
    outer loop
      vertex   6.500000e+00 -2.488675e+01 1.000000e+00
      vertex   9.500000e+00 -2.411325e+01 1.000000e+00
      vertex   9.000000e+00 -2.344338e+01 1.000000e+00
    endloop
  endfacet
  facet normal -0.000000e+00 0.000000e+00 1.000000e+00
    outer loop
      vertex   9.000000e+00 -2.344338e+01 1.000000e+00
      vertex   9.500000e+00 -2.411325e+01 1.000000e+00
      vertex   1.000000e+01 -2.344338e+01 1.000000e+00
    endloop
  endfacet
  facet normal 0.000000e+00 0.000000e+00 1.000000e+00
    outer loop
      vertex   9.000000e+00 -2.344338e+01 1.000000e+00
      vertex   1.000000e+01 -2.344338e+01 1.000000e+00
      vertex   9.000000e+00 -2.055662e+01 1.000000e+00
    endloop
  endfacet
  facet normal -0.000000e+00 0.000000e+00 1.000000e+00
    outer loop
      vertex   9.000000e+00 -2.055662e+01 1.000000e+00
      vertex   1.000000e+01 -2.344338e+01 1.000000e+00
      vertex   1.000000e+01 -2.055662e+01 1.000000e+00
    endloop
  endfacet
  facet normal 0.000000e+00 0.000000e+00 1.000000e+00
    outer loop
      vertex   9.000000e+00 -2.055662e+01 1.000000e+00
      vertex   1.000000e+01 -2.055662e+01 1.000000e+00
      vertex   9.500000e+00 -1.988675e+01 1.000000e+00
    endloop
  endfacet
  facet normal -0.000000e+00 0.000000e+00 1.000000e+00
    outer loop
      vertex   9.500000e+00 -1.988675e+01 1.000000e+00
      vertex   1.000000e+01 -2.055662e+01 1.000000e+00
      vertex   1.250000e+01 -1.911325e+01 1.000000e+00
    endloop
  endfacet
  facet normal 0.000000e+00 0.000000e+00 1.000000e+00
    outer loop
      vertex   9.500000e+00 -1.988675e+01 1.000000e+00
      vertex   1.250000e+01 -1.911325e+01 1.000000e+00
      vertex   1.200000e+01 -1.844338e+01 1.000000e+00
    endloop
  endfacet
  facet normal -0.000000e+00 0.000000e+00 1.000000e+00
    outer loop
      vertex   1.200000e+01 -1.844338e+01 1.000000e+00
      vertex   1.250000e+01 -1.911325e+01 1.000000e+00
      vertex   1.300000e+01 -1.844338e+01 1.000000e+00
    endloop
  endfacet
  facet normal 0.000000e+00 0.000000e+00 1.000000e+00
    outer loop
      vertex   1.200000e+01 -1.844338e+01 1.000000e+00
      vertex   1.300000e+01 -1.844338e+01 1.000000e+00
      vertex   1.200000e+01 -1.555662e+01 1.000000e+00
    endloop
  endfacet
  facet normal -0.000000e+00 0.000000e+00 1.000000e+00
    outer loop
      vertex   1.200000e+01 -1.555662e+01 1.000000e+00
      vertex   1.300000e+01 -1.844338e+01 1.000000e+00
      vertex   1.300000e+01 -1.555662e+01 1.000000e+00
    endloop
  endfacet
  facet normal 0.000000e+00 0.000000e+00 1.000000e+00
    outer loop
      vertex   1.200000e+01 -1.555662e+01 1.000000e+00
      vertex   1.300000e+01 -1.555662e+01 1.000000e+00
      vertex   1.250000e+01 -1.488675e+01 1.000000e+00
    endloop
  endfacet
  facet normal -0.000000e+00 0.000000e+00 1.000000e+00
    outer loop
      vertex   1.250000e+01 -1.488675e+01 1.000000e+00
      vertex   1.300000e+01 -1.555662e+01 1.000000e+00
      vertex   1.550000e+01 -1.411325e+01 1.000000e+00
    endloop
  endfacet
  facet normal 0.000000e+00 0.000000e+00 1.000000e+00
    outer loop
      vertex   1.250000e+01 -1.488675e+01 1.000000e+00
      vertex   1.550000e+01 -1.411325e+01 1.000000e+00
      vertex   1.500000e+01 -1.344338e+01 1.000000e+00
    endloop
  endfacet
  facet normal -0.000000e+00 0.000000e+00 1.000000e+00
    outer loop
      vertex   1.500000e+01 -1.344338e+01 1.000000e+00
      vertex   1.550000e+01 -1.411325e+01 1.000000e+00
      vertex   1.600000e+01 -1.344338e+01 1.000000e+00
    endloop
  endfacet
  facet normal 0.000000e+00 0.000000e+00 1.000000e+00
    outer loop
      vertex   1.500000e+01 -1.344338e+01 1.000000e+00
      vertex   1.600000e+01 -1.344338e+01 1.000000e+00
      vertex   1.500000e+01 -1.055662e+01 1.000000e+00
    endloop
  endfacet
  facet normal -0.000000e+00 0.000000e+00 1.000000e+00
    outer loop
      vertex   1.500000e+01 -1.055662e+01 1.000000e+00
      vertex   1.600000e+01 -1.344338e+01 1.000000e+00
      vertex   1.600000e+01 -1.055662e+01 1.000000e+00
    endloop
  endfacet
  facet normal 0.000000e+00 0.000000e+00 1.000000e+00
    outer loop
      vertex   1.500000e+01 -1.055662e+01 1.000000e+00
      vertex   1.600000e+01 -1.055662e+01 1.000000e+00
      vertex   1.550000e+01 -9.886751e+00 1.000000e+00
    endloop
  endfacet
  facet normal -0.000000e+00 0.000000e+00 1.000000e+00
    outer loop
      vertex   1.550000e+01 -9.886751e+00 1.000000e+00
      vertex   1.600000e+01 -1.055662e+01 1.000000e+00
      vertex   1.850000e+01 -9.113249e+00 1.000000e+00
    endloop
  endfacet
  facet normal 0.000000e+00 0.000000e+00 1.000000e+00
    outer loop
      vertex   1.550000e+01 -9.886751e+00 1.000000e+00
      vertex   1.850000e+01 -9.113249e+00 1.000000e+00
      vertex   1.800000e+01 -8.443376e+00 1.000000e+00
    endloop
  endfacet
  facet normal -0.000000e+00 0.000000e+00 1.000000e+00
    outer loop
      vertex   1.800000e+01 -8.443376e+00 1.000000e+00
      vertex   1.850000e+01 -9.113249e+00 1.000000e+00
      vertex   1.900000e+01 -8.443376e+00 1.000000e+00
    endloop
  endfacet
  facet normal 0.000000e+00 0.000000e+00 1.000000e+00
    outer loop
      vertex   1.800000e+01 -8.443376e+00 1.000000e+00
      vertex   1.900000e+01 -8.443376e+00 1.000000e+00
      vertex   1.800000e+01 -5.556624e+00 1.000000e+00
    endloop
  endfacet
  facet normal -0.000000e+00 0.000000e+00 1.000000e+00
    outer loop
      vertex   1.800000e+01 -5.556624e+00 1.000000e+00
      vertex   1.900000e+01 -8.443376e+00 1.000000e+00
      vertex   1.900000e+01 -5.556624e+00 1.000000e+00
    endloop
  endfacet
  facet normal 0.000000e+00 -0.000000e+00 1.000000e+00
    outer loop
      vertex   1.800000e+01 -5.556624e+00 1.000000e+00
      vertex   1.900000e+01 -5.556624e+00 1.000000e+00
      vertex   1.550000e+01 -4.113249e+00 1.000000e+00
    endloop
  endfacet
  facet normal -0.000000e+00 0.000000e+00 1.000000e+00
    outer loop
      vertex   1.550000e+01 -4.113249e+00 1.000000e+00
      vertex   1.900000e+01 -5.556624e+00 1.000000e+00
      vertex   2.150000e+01 -4.113249e+00 1.000000e+00
    endloop
  endfacet
  facet normal 0.000000e+00 -0.000000e+00 1.000000e+00
    outer loop
      vertex   1.550000e+01 -4.113249e+00 1.000000e+00
      vertex   2.150000e+01 -4.113249e+00 1.000000e+00
      vertex   5.000000e+00 -1.000000e+00 1.000000e+00
    endloop
  endfacet
  facet normal -0.000000e+00 0.000000e+00 1.000000e+00
    outer loop
      vertex   5.000000e+00 -1.000000e+00 1.000000e+00
      vertex   2.150000e+01 -4.113249e+00 1.000000e+00
      vertex   3.700000e+01 -1.000000e+00 1.000000e+00
    endloop
  endfacet
  facet normal 0.000000e+00 0.000000e+00 1.000000e+00
    outer loop
      vertex   3.700000e+01 -1.000000e+00 1.000000e+00
      vertex   2.150000e+01 -4.113249e+00 1.000000e+00
      vertex   2.750000e+01 -4.113249e+00 1.000000e+00
    endloop
  endfacet
  facet normal 0.000000e+00 0.000000e+00 1.000000e+00
    outer loop
      vertex   2.700000e+01 -1.055662e+01 1.000000e+00
      vertex   2.800000e+01 -1.055662e+01 1.000000e+00
      vertex   2.750000e+01 -9.886751e+00 1.000000e+00
    endloop
  endfacet
  facet normal -0.000000e+00 0.000000e+00 1.000000e+00
    outer loop
      vertex   2.750000e+01 -9.886751e+00 1.000000e+00
      vertex   2.800000e+01 -1.055662e+01 1.000000e+00
      vertex   3.050000e+01 -9.113249e+00 1.000000e+00
    endloop
  endfacet
  facet normal 0.000000e+00 0.000000e+00 1.000000e+00
    outer loop
      vertex   2.750000e+01 -9.886751e+00 1.000000e+00
      vertex   3.050000e+01 -9.113249e+00 1.000000e+00
      vertex   3.000000e+01 -8.443376e+00 1.000000e+00
    endloop
  endfacet
  facet normal 0.000000e+00 0.000000e+00 1.000000e+00
    outer loop
      vertex   3.300000e+01 -1.344338e+01 1.000000e+00
      vertex   3.050000e+01 -1.488675e+01 1.000000e+00
      vertex   3.350000e+01 -1.411325e+01 1.000000e+00
    endloop
  endfacet
  facet normal 0.000000e+00 0.000000e+00 1.000000e+00
    outer loop
      vertex   3.350000e+01 -1.411325e+01 1.000000e+00
      vertex   3.050000e+01 -1.488675e+01 1.000000e+00
      vertex   3.100000e+01 -1.555662e+01 1.000000e+00
    endloop
  endfacet
  facet normal 0.000000e+00 0.000000e+00 1.000000e+00
    outer loop
      vertex   3.100000e+01 -1.555662e+01 1.000000e+00
      vertex   3.050000e+01 -1.488675e+01 1.000000e+00
      vertex   3.000000e+01 -1.555662e+01 1.000000e+00
    endloop
  endfacet
  facet normal 0.000000e+00 0.000000e+00 1.000000e+00
    outer loop
      vertex   3.100000e+01 -1.555662e+01 1.000000e+00
      vertex   3.000000e+01 -1.555662e+01 1.000000e+00
      vertex   3.100000e+01 -1.844338e+01 1.000000e+00
    endloop
  endfacet
  facet normal 0.000000e+00 0.000000e+00 1.000000e+00
    outer loop
      vertex   3.100000e+01 -1.844338e+01 1.000000e+00
      vertex   3.000000e+01 -1.555662e+01 1.000000e+00
      vertex   3.000000e+01 -1.844338e+01 1.000000e+00
    endloop
  endfacet
  facet normal 0.000000e+00 0.000000e+00 1.000000e+00
    outer loop
      vertex   3.100000e+01 -1.844338e+01 1.000000e+00
      vertex   3.000000e+01 -1.844338e+01 1.000000e+00
      vertex   3.050000e+01 -1.911325e+01 1.000000e+00
    endloop
  endfacet
  facet normal 0.000000e+00 0.000000e+00 1.000000e+00
    outer loop
      vertex   3.050000e+01 -1.911325e+01 1.000000e+00
      vertex   3.000000e+01 -1.844338e+01 1.000000e+00
      vertex   2.750000e+01 -1.988675e+01 1.000000e+00
    endloop
  endfacet
  facet normal 0.000000e+00 0.000000e+00 1.000000e+00
    outer loop
      vertex   3.050000e+01 -1.911325e+01 1.000000e+00
      vertex   2.750000e+01 -1.988675e+01 1.000000e+00
      vertex   2.800000e+01 -2.055662e+01 1.000000e+00
    endloop
  endfacet
  facet normal 0.000000e+00 0.000000e+00 1.000000e+00
    outer loop
      vertex   2.800000e+01 -2.055662e+01 1.000000e+00
      vertex   2.750000e+01 -1.988675e+01 1.000000e+00
      vertex   2.700000e+01 -2.055662e+01 1.000000e+00
    endloop
  endfacet
  facet normal 0.000000e+00 0.000000e+00 1.000000e+00
    outer loop
      vertex   2.800000e+01 -2.055662e+01 1.000000e+00
      vertex   2.700000e+01 -2.055662e+01 1.000000e+00
      vertex   2.800000e+01 -2.344338e+01 1.000000e+00
    endloop
  endfacet
  facet normal 0.000000e+00 0.000000e+00 1.000000e+00
    outer loop
      vertex   2.800000e+01 -2.344338e+01 1.000000e+00
      vertex   2.700000e+01 -2.055662e+01 1.000000e+00
      vertex   2.700000e+01 -2.344338e+01 1.000000e+00
    endloop
  endfacet
  facet normal 0.000000e+00 0.000000e+00 1.000000e+00
    outer loop
      vertex   2.800000e+01 -2.344338e+01 1.000000e+00
      vertex   2.700000e+01 -2.344338e+01 1.000000e+00
      vertex   2.750000e+01 -2.411325e+01 1.000000e+00
    endloop
  endfacet
  facet normal 0.000000e+00 0.000000e+00 1.000000e+00
    outer loop
      vertex   2.750000e+01 -2.411325e+01 1.000000e+00
      vertex   2.700000e+01 -2.344338e+01 1.000000e+00
      vertex   2.450000e+01 -2.488675e+01 1.000000e+00
    endloop
  endfacet
  facet normal 0.000000e+00 0.000000e+00 1.000000e+00
    outer loop
      vertex   2.750000e+01 -2.411325e+01 1.000000e+00
      vertex   2.450000e+01 -2.488675e+01 1.000000e+00
      vertex   2.500000e+01 -2.555662e+01 1.000000e+00
    endloop
  endfacet
  facet normal 0.000000e+00 0.000000e+00 1.000000e+00
    outer loop
      vertex   2.500000e+01 -2.555662e+01 1.000000e+00
      vertex   2.450000e+01 -2.488675e+01 1.000000e+00
      vertex   2.400000e+01 -2.555662e+01 1.000000e+00
    endloop
  endfacet
  facet normal 0.000000e+00 0.000000e+00 1.000000e+00
    outer loop
      vertex   2.500000e+01 -2.555662e+01 1.000000e+00
      vertex   2.400000e+01 -2.555662e+01 1.000000e+00
      vertex   2.500000e+01 -2.844338e+01 1.000000e+00
    endloop
  endfacet
  facet normal 0.000000e+00 0.000000e+00 1.000000e+00
    outer loop
      vertex   2.500000e+01 -2.844338e+01 1.000000e+00
      vertex   2.400000e+01 -2.555662e+01 1.000000e+00
      vertex   2.400000e+01 -2.844338e+01 1.000000e+00
    endloop
  endfacet
  facet normal 0.000000e+00 0.000000e+00 1.000000e+00
    outer loop
      vertex   2.500000e+01 -2.844338e+01 1.000000e+00
      vertex   2.400000e+01 -2.844338e+01 1.000000e+00
      vertex   2.750000e+01 -2.988675e+01 1.000000e+00
    endloop
  endfacet
  facet normal 0.000000e+00 0.000000e+00 1.000000e+00
    outer loop
      vertex   2.750000e+01 -2.988675e+01 1.000000e+00
      vertex   2.400000e+01 -2.844338e+01 1.000000e+00
      vertex   2.150000e+01 -2.988675e+01 1.000000e+00
    endloop
  endfacet
  facet normal 0.000000e+00 0.000000e+00 1.000000e+00
    outer loop
      vertex   2.750000e+01 -2.988675e+01 1.000000e+00
      vertex   2.150000e+01 -2.988675e+01 1.000000e+00
      vertex   3.700000e+01 -3.300000e+01 1.000000e+00
    endloop
  endfacet
  facet normal 0.000000e+00 0.000000e+00 1.000000e+00
    outer loop
      vertex   3.700000e+01 -3.300000e+01 1.000000e+00
      vertex   2.150000e+01 -2.988675e+01 1.000000e+00
      vertex   5.000000e+00 -3.300000e+01 1.000000e+00
    endloop
  endfacet
  facet normal 0.000000e+00 -0.000000e+00 1.000000e+00
    outer loop
      vertex   3.000000e+01 -1.555662e+01 1.000000e+00
      vertex   3.050000e+01 -1.488675e+01 1.000000e+00
      vertex   2.750000e+01 -1.411325e+01 1.000000e+00
    endloop
  endfacet
  facet normal -0.000000e+00 0.000000e+00 1.000000e+00
    outer loop
      vertex   2.750000e+01 -1.411325e+01 1.000000e+00
      vertex   3.050000e+01 -1.488675e+01 1.000000e+00
      vertex   2.800000e+01 -1.344338e+01 1.000000e+00
    endloop
  endfacet
  facet normal 0.000000e+00 0.000000e+00 1.000000e+00
    outer loop
      vertex   2.750000e+01 -4.113249e+00 1.000000e+00
      vertex   2.150000e+01 -4.113249e+00 1.000000e+00
      vertex   2.500000e+01 -5.556624e+00 1.000000e+00
    endloop
  endfacet
  facet normal 0.000000e+00 0.000000e+00 1.000000e+00
    outer loop
      vertex   2.500000e+01 -5.556624e+00 1.000000e+00
      vertex   2.150000e+01 -4.113249e+00 1.000000e+00
      vertex   2.400000e+01 -5.556624e+00 1.000000e+00
    endloop
  endfacet
  facet normal 0.000000e+00 0.000000e+00 1.000000e+00
    outer loop
      vertex   2.500000e+01 -5.556624e+00 1.000000e+00
      vertex   2.400000e+01 -5.556624e+00 1.000000e+00
      vertex   2.500000e+01 -8.443376e+00 1.000000e+00
    endloop
  endfacet
  facet normal 0.000000e+00 0.000000e+00 1.000000e+00
    outer loop
      vertex   2.500000e+01 -8.443376e+00 1.000000e+00
      vertex   2.400000e+01 -5.556624e+00 1.000000e+00
      vertex   2.400000e+01 -8.443376e+00 1.000000e+00
    endloop
  endfacet
  facet normal 0.000000e+00 0.000000e+00 1.000000e+00
    outer loop
      vertex   2.500000e+01 -8.443376e+00 1.000000e+00
      vertex   2.400000e+01 -8.443376e+00 1.000000e+00
      vertex   2.450000e+01 -9.113249e+00 1.000000e+00
    endloop
  endfacet
  facet normal 0.000000e+00 0.000000e+00 1.000000e+00
    outer loop
      vertex   2.450000e+01 -9.113249e+00 1.000000e+00
      vertex   2.400000e+01 -8.443376e+00 1.000000e+00
      vertex   2.150000e+01 -9.886751e+00 1.000000e+00
    endloop
  endfacet
  facet normal 0.000000e+00 0.000000e+00 1.000000e+00
    outer loop
      vertex   2.450000e+01 -9.113249e+00 1.000000e+00
      vertex   2.150000e+01 -9.886751e+00 1.000000e+00
      vertex   2.200000e+01 -1.055662e+01 1.000000e+00
    endloop
  endfacet
  facet normal 0.000000e+00 0.000000e+00 1.000000e+00
    outer loop
      vertex   2.200000e+01 -1.055662e+01 1.000000e+00
      vertex   2.150000e+01 -9.886751e+00 1.000000e+00
      vertex   2.100000e+01 -1.055662e+01 1.000000e+00
    endloop
  endfacet
  facet normal 0.000000e+00 0.000000e+00 1.000000e+00
    outer loop
      vertex   2.200000e+01 -1.055662e+01 1.000000e+00
      vertex   2.100000e+01 -1.055662e+01 1.000000e+00
      vertex   2.200000e+01 -1.344338e+01 1.000000e+00
    endloop
  endfacet
  facet normal 0.000000e+00 0.000000e+00 1.000000e+00
    outer loop
      vertex   2.200000e+01 -1.344338e+01 1.000000e+00
      vertex   2.100000e+01 -1.055662e+01 1.000000e+00
      vertex   2.100000e+01 -1.344338e+01 1.000000e+00
    endloop
  endfacet
  facet normal 0.000000e+00 0.000000e+00 1.000000e+00
    outer loop
      vertex   2.200000e+01 -1.344338e+01 1.000000e+00
      vertex   2.100000e+01 -1.344338e+01 1.000000e+00
      vertex   2.150000e+01 -1.411325e+01 1.000000e+00
    endloop
  endfacet
  facet normal 0.000000e+00 0.000000e+00 1.000000e+00
    outer loop
      vertex   2.150000e+01 -1.411325e+01 1.000000e+00
      vertex   2.100000e+01 -1.344338e+01 1.000000e+00
      vertex   1.850000e+01 -1.488675e+01 1.000000e+00
    endloop
  endfacet
  facet normal 0.000000e+00 0.000000e+00 1.000000e+00
    outer loop
      vertex   2.150000e+01 -1.411325e+01 1.000000e+00
      vertex   1.850000e+01 -1.488675e+01 1.000000e+00
      vertex   1.900000e+01 -1.555662e+01 1.000000e+00
    endloop
  endfacet
  facet normal 0.000000e+00 0.000000e+00 1.000000e+00
    outer loop
      vertex   1.900000e+01 -1.555662e+01 1.000000e+00
      vertex   1.850000e+01 -1.488675e+01 1.000000e+00
      vertex   1.800000e+01 -1.555662e+01 1.000000e+00
    endloop
  endfacet
  facet normal 0.000000e+00 0.000000e+00 1.000000e+00
    outer loop
      vertex   1.900000e+01 -1.555662e+01 1.000000e+00
      vertex   1.800000e+01 -1.555662e+01 1.000000e+00
      vertex   1.900000e+01 -1.844338e+01 1.000000e+00
    endloop
  endfacet
  facet normal 0.000000e+00 0.000000e+00 1.000000e+00
    outer loop
      vertex   1.900000e+01 -1.844338e+01 1.000000e+00
      vertex   1.800000e+01 -1.555662e+01 1.000000e+00
      vertex   1.800000e+01 -1.844338e+01 1.000000e+00
    endloop
  endfacet
  facet normal 0.000000e+00 0.000000e+00 1.000000e+00
    outer loop
      vertex   1.900000e+01 -1.844338e+01 1.000000e+00
      vertex   1.800000e+01 -1.844338e+01 1.000000e+00
      vertex   1.850000e+01 -1.911325e+01 1.000000e+00
    endloop
  endfacet
  facet normal 0.000000e+00 0.000000e+00 1.000000e+00
    outer loop
      vertex   1.850000e+01 -1.911325e+01 1.000000e+00
      vertex   1.800000e+01 -1.844338e+01 1.000000e+00
      vertex   1.550000e+01 -1.988675e+01 1.000000e+00
    endloop
  endfacet
  facet normal 0.000000e+00 0.000000e+00 1.000000e+00
    outer loop
      vertex   1.850000e+01 -1.911325e+01 1.000000e+00
      vertex   1.550000e+01 -1.988675e+01 1.000000e+00
      vertex   1.600000e+01 -2.055662e+01 1.000000e+00
    endloop
  endfacet
  facet normal 0.000000e+00 0.000000e+00 1.000000e+00
    outer loop
      vertex   1.600000e+01 -2.055662e+01 1.000000e+00
      vertex   1.550000e+01 -1.988675e+01 1.000000e+00
      vertex   1.500000e+01 -2.055662e+01 1.000000e+00
    endloop
  endfacet
  facet normal 0.000000e+00 0.000000e+00 1.000000e+00
    outer loop
      vertex   1.600000e+01 -2.055662e+01 1.000000e+00
      vertex   1.500000e+01 -2.055662e+01 1.000000e+00
      vertex   1.600000e+01 -2.344338e+01 1.000000e+00
    endloop
  endfacet
  facet normal 0.000000e+00 0.000000e+00 1.000000e+00
    outer loop
      vertex   1.600000e+01 -2.344338e+01 1.000000e+00
      vertex   1.500000e+01 -2.055662e+01 1.000000e+00
      vertex   1.500000e+01 -2.344338e+01 1.000000e+00
    endloop
  endfacet
  facet normal 0.000000e+00 0.000000e+00 1.000000e+00
    outer loop
      vertex   1.600000e+01 -2.344338e+01 1.000000e+00
      vertex   1.500000e+01 -2.344338e+01 1.000000e+00
      vertex   1.550000e+01 -2.411325e+01 1.000000e+00
    endloop
  endfacet
  facet normal 0.000000e+00 0.000000e+00 1.000000e+00
    outer loop
      vertex   1.550000e+01 -2.411325e+01 1.000000e+00
      vertex   1.500000e+01 -2.344338e+01 1.000000e+00
      vertex   1.250000e+01 -2.488675e+01 1.000000e+00
    endloop
  endfacet
  facet normal 0.000000e+00 0.000000e+00 1.000000e+00
    outer loop
      vertex   1.550000e+01 -2.411325e+01 1.000000e+00
      vertex   1.250000e+01 -2.488675e+01 1.000000e+00
      vertex   1.300000e+01 -2.555662e+01 1.000000e+00
    endloop
  endfacet
  facet normal 0.000000e+00 0.000000e+00 1.000000e+00
    outer loop
      vertex   1.300000e+01 -2.555662e+01 1.000000e+00
      vertex   1.250000e+01 -2.488675e+01 1.000000e+00
      vertex   1.200000e+01 -2.555662e+01 1.000000e+00
    endloop
  endfacet
  facet normal 0.000000e+00 0.000000e+00 1.000000e+00
    outer loop
      vertex   1.300000e+01 -2.555662e+01 1.000000e+00
      vertex   1.200000e+01 -2.555662e+01 1.000000e+00
      vertex   1.300000e+01 -2.844338e+01 1.000000e+00
    endloop
  endfacet
  facet normal 0.000000e+00 0.000000e+00 1.000000e+00
    outer loop
      vertex   1.300000e+01 -2.844338e+01 1.000000e+00
      vertex   1.200000e+01 -2.555662e+01 1.000000e+00
      vertex   1.200000e+01 -2.844338e+01 1.000000e+00
    endloop
  endfacet
  facet normal 0.000000e+00 0.000000e+00 1.000000e+00
    outer loop
      vertex   1.300000e+01 -2.844338e+01 1.000000e+00
      vertex   1.200000e+01 -2.844338e+01 1.000000e+00
      vertex   1.550000e+01 -2.988675e+01 1.000000e+00
    endloop
  endfacet
  facet normal 0.000000e+00 0.000000e+00 1.000000e+00
    outer loop
      vertex   1.550000e+01 -2.988675e+01 1.000000e+00
      vertex   1.200000e+01 -2.844338e+01 1.000000e+00
      vertex   9.500000e+00 -2.988675e+01 1.000000e+00
    endloop
  endfacet
  facet normal 0.000000e+00 -0.000000e+00 1.000000e+00
    outer loop
      vertex   2.100000e+01 -1.055662e+01 1.000000e+00
      vertex   2.150000e+01 -9.886751e+00 1.000000e+00
      vertex   1.850000e+01 -9.113249e+00 1.000000e+00
    endloop
  endfacet
  facet normal -0.000000e+00 0.000000e+00 1.000000e+00
    outer loop
      vertex   1.850000e+01 -9.113249e+00 1.000000e+00
      vertex   2.150000e+01 -9.886751e+00 1.000000e+00
      vertex   1.900000e+01 -8.443376e+00 1.000000e+00
    endloop
  endfacet
  facet normal 0.000000e+00 0.000000e+00 1.000000e+00
    outer loop
      vertex   1.300000e+01 -5.556624e+00 1.000000e+00
      vertex   1.200000e+01 -5.556624e+00 1.000000e+00
      vertex   1.300000e+01 -8.443376e+00 1.000000e+00
    endloop
  endfacet
  facet normal 0.000000e+00 0.000000e+00 1.000000e+00
    outer loop
      vertex   1.300000e+01 -8.443376e+00 1.000000e+00
      vertex   1.200000e+01 -5.556624e+00 1.000000e+00
      vertex   1.200000e+01 -8.443376e+00 1.000000e+00
    endloop
  endfacet
  facet normal 0.000000e+00 0.000000e+00 1.000000e+00
    outer loop
      vertex   1.300000e+01 -8.443376e+00 1.000000e+00
      vertex   1.200000e+01 -8.443376e+00 1.000000e+00
      vertex   1.250000e+01 -9.113249e+00 1.000000e+00
    endloop
  endfacet
  facet normal 0.000000e+00 0.000000e+00 1.000000e+00
    outer loop
      vertex   1.250000e+01 -9.113249e+00 1.000000e+00
      vertex   1.200000e+01 -8.443376e+00 1.000000e+00
      vertex   9.500000e+00 -9.886751e+00 1.000000e+00
    endloop
  endfacet
  facet normal 0.000000e+00 0.000000e+00 1.000000e+00
    outer loop
      vertex   1.250000e+01 -9.113249e+00 1.000000e+00
      vertex   9.500000e+00 -9.886751e+00 1.000000e+00
      vertex   1.000000e+01 -1.055662e+01 1.000000e+00
    endloop
  endfacet
  facet normal 0.000000e+00 0.000000e+00 1.000000e+00
    outer loop
      vertex   1.000000e+01 -1.055662e+01 1.000000e+00
      vertex   9.500000e+00 -9.886751e+00 1.000000e+00
      vertex   9.000000e+00 -1.055662e+01 1.000000e+00
    endloop
  endfacet
  facet normal 0.000000e+00 0.000000e+00 1.000000e+00
    outer loop
      vertex   1.000000e+01 -1.055662e+01 1.000000e+00
      vertex   9.000000e+00 -1.055662e+01 1.000000e+00
      vertex   1.000000e+01 -1.344338e+01 1.000000e+00
    endloop
  endfacet
  facet normal 0.000000e+00 0.000000e+00 1.000000e+00
    outer loop
      vertex   1.000000e+01 -1.344338e+01 1.000000e+00
      vertex   9.000000e+00 -1.055662e+01 1.000000e+00
      vertex   9.000000e+00 -1.344338e+01 1.000000e+00
    endloop
  endfacet
  facet normal 0.000000e+00 0.000000e+00 1.000000e+00
    outer loop
      vertex   1.000000e+01 -1.344338e+01 1.000000e+00
      vertex   9.000000e+00 -1.344338e+01 1.000000e+00
      vertex   9.500000e+00 -1.411325e+01 1.000000e+00
    endloop
  endfacet
  facet normal 0.000000e+00 0.000000e+00 1.000000e+00
    outer loop
      vertex   9.500000e+00 -1.411325e+01 1.000000e+00
      vertex   9.000000e+00 -1.344338e+01 1.000000e+00
      vertex   6.500000e+00 -1.488675e+01 1.000000e+00
    endloop
  endfacet
  facet normal 0.000000e+00 0.000000e+00 1.000000e+00
    outer loop
      vertex   9.500000e+00 -1.411325e+01 1.000000e+00
      vertex   6.500000e+00 -1.488675e+01 1.000000e+00
      vertex   7.000000e+00 -1.555662e+01 1.000000e+00
    endloop
  endfacet
  facet normal 0.000000e+00 0.000000e+00 1.000000e+00
    outer loop
      vertex   7.000000e+00 -1.555662e+01 1.000000e+00
      vertex   6.500000e+00 -1.488675e+01 1.000000e+00
      vertex   6.500000e+00 -1.911325e+01 1.000000e+00
    endloop
  endfacet
  facet normal 0.000000e+00 0.000000e+00 1.000000e+00
    outer loop
      vertex   7.000000e+00 -1.555662e+01 1.000000e+00
      vertex   6.500000e+00 -1.911325e+01 1.000000e+00
      vertex   7.000000e+00 -1.844338e+01 1.000000e+00
    endloop
  endfacet
  facet normal 0.000000e+00 0.000000e+00 1.000000e+00
    outer loop
      vertex   7.000000e+00 -1.844338e+01 1.000000e+00
      vertex   6.500000e+00 -1.911325e+01 1.000000e+00
      vertex   9.500000e+00 -1.988675e+01 1.000000e+00
    endloop
  endfacet
  facet normal 0.000000e+00 0.000000e+00 1.000000e+00
    outer loop
      vertex   9.500000e+00 -1.988675e+01 1.000000e+00
      vertex   6.500000e+00 -1.911325e+01 1.000000e+00
      vertex   9.000000e+00 -2.055662e+01 1.000000e+00
    endloop
  endfacet
  facet normal 0.000000e+00 -0.000000e+00 1.000000e+00
    outer loop
      vertex   1.200000e+01 -5.556624e+00 1.000000e+00
      vertex   1.300000e+01 -5.556624e+00 1.000000e+00
      vertex   9.500000e+00 -4.113249e+00 1.000000e+00
    endloop
  endfacet
  facet normal -0.000000e+00 0.000000e+00 1.000000e+00
    outer loop
      vertex   9.500000e+00 -4.113249e+00 1.000000e+00
      vertex   1.300000e+01 -5.556624e+00 1.000000e+00
      vertex   1.550000e+01 -4.113249e+00 1.000000e+00
    endloop
  endfacet
  facet normal 0.000000e+00 -0.000000e+00 1.000000e+00
    outer loop
      vertex   9.500000e+00 -4.113249e+00 1.000000e+00
      vertex   1.550000e+01 -4.113249e+00 1.000000e+00
      vertex   5.000000e+00 -1.000000e+00 1.000000e+00
    endloop
  endfacet
  facet normal 0.000000e+00 -0.000000e+00 1.000000e+00
    outer loop
      vertex   1.500000e+01 -1.055662e+01 1.000000e+00
      vertex   1.550000e+01 -9.886751e+00 1.000000e+00
      vertex   1.250000e+01 -9.113249e+00 1.000000e+00
    endloop
  endfacet
  facet normal -0.000000e+00 0.000000e+00 1.000000e+00
    outer loop
      vertex   1.250000e+01 -9.113249e+00 1.000000e+00
      vertex   1.550000e+01 -9.886751e+00 1.000000e+00
      vertex   1.300000e+01 -8.443376e+00 1.000000e+00
    endloop
  endfacet
  facet normal 0.000000e+00 -0.000000e+00 1.000000e+00
    outer loop
      vertex   2.530734e+00 -2.930448e+01 1.000000e+00
      vertex   6.500000e+00 -2.488675e+01 1.000000e+00
      vertex   2.035276e+00 -2.913630e+01 1.000000e+00
    endloop
  endfacet
  facet normal 0.000000e+00 0.000000e+00 1.000000e+00
    outer loop
      vertex   2.035276e+00 -2.913630e+01 1.000000e+00
      vertex   6.500000e+00 -2.488675e+01 1.000000e+00
      vertex   4.000000e+00 -2.344338e+01 1.000000e+00
    endloop
  endfacet
  facet normal 0.000000e+00 -0.000000e+00 1.000000e+00
    outer loop
      vertex   2.035276e+00 -2.913630e+01 1.000000e+00
      vertex   4.000000e+00 -2.344338e+01 1.000000e+00
      vertex   1.522105e+00 -2.903422e+01 1.000000e+00
    endloop
  endfacet
  facet normal 0.000000e+00 -0.000000e+00 1.000000e+00
    outer loop
      vertex   1.522105e+00 -2.903422e+01 1.000000e+00
      vertex   4.000000e+00 -2.344338e+01 1.000000e+00
      vertex   1.000000e+00 -2.900000e+01 1.000000e+00
    endloop
  endfacet
  facet normal 0.000000e+00 0.000000e+00 1.000000e+00
    outer loop
      vertex   1.000000e+00 -2.900000e+01 1.000000e+00
      vertex   4.000000e+00 -2.344338e+01 1.000000e+00
      vertex   4.000000e+00 -2.055662e+01 1.000000e+00
    endloop
  endfacet
  facet normal 0.000000e+00 -0.000000e+00 1.000000e+00
    outer loop
      vertex   1.000000e+00 -2.900000e+01 1.000000e+00
      vertex   4.000000e+00 -2.055662e+01 1.000000e+00
      vertex   1.000000e+00 -5.000000e+00 1.000000e+00
    endloop
  endfacet
  facet normal 0.000000e+00 0.000000e+00 1.000000e+00
    outer loop
      vertex   1.000000e+00 -5.000000e+00 1.000000e+00
      vertex   4.000000e+00 -2.055662e+01 1.000000e+00
      vertex   4.000000e+00 -1.344338e+01 1.000000e+00
    endloop
  endfacet
  facet normal 0.000000e+00 0.000000e+00 1.000000e+00
    outer loop
      vertex   1.000000e+00 -5.000000e+00 1.000000e+00
      vertex   4.000000e+00 -1.344338e+01 1.000000e+00
      vertex   4.000000e+00 -1.055662e+01 1.000000e+00
    endloop
  endfacet
  facet normal 0.000000e+00 0.000000e+00 1.000000e+00
    outer loop
      vertex   4.000000e+00 -1.344338e+01 1.000000e+00
      vertex   4.000000e+00 -2.055662e+01 1.000000e+00
      vertex   6.500000e+00 -1.488675e+01 1.000000e+00
    endloop
  endfacet
  facet normal 0.000000e+00 0.000000e+00 1.000000e+00
    outer loop
      vertex   6.500000e+00 -1.488675e+01 1.000000e+00
      vertex   4.000000e+00 -2.055662e+01 1.000000e+00
      vertex   6.500000e+00 -1.911325e+01 1.000000e+00
    endloop
  endfacet
  facet normal 0.000000e+00 0.000000e+00 1.000000e+00
    outer loop
      vertex   2.800000e+01 -2.344338e+01 1.000000e+00
      vertex   2.750000e+01 -2.411325e+01 1.000000e+00
      vertex   3.050000e+01 -2.488675e+01 1.000000e+00
    endloop
  endfacet
  facet normal 0.000000e+00 0.000000e+00 1.000000e+00
    outer loop
      vertex   3.050000e+01 -2.488675e+01 1.000000e+00
      vertex   2.750000e+01 -2.411325e+01 1.000000e+00
      vertex   3.000000e+01 -2.555662e+01 1.000000e+00
    endloop
  endfacet
  facet normal 0.000000e+00 0.000000e+00 1.000000e+00
    outer loop
      vertex   3.050000e+01 -2.488675e+01 1.000000e+00
      vertex   3.000000e+01 -2.555662e+01 1.000000e+00
      vertex   3.100000e+01 -2.555662e+01 1.000000e+00
    endloop
  endfacet
  facet normal 0.000000e+00 0.000000e+00 1.000000e+00
    outer loop
      vertex   3.100000e+01 -2.555662e+01 1.000000e+00
      vertex   3.000000e+01 -2.555662e+01 1.000000e+00
      vertex   3.100000e+01 -2.844338e+01 1.000000e+00
    endloop
  endfacet
  facet normal 0.000000e+00 0.000000e+00 1.000000e+00
    outer loop
      vertex   3.100000e+01 -2.844338e+01 1.000000e+00
      vertex   3.000000e+01 -2.555662e+01 1.000000e+00
      vertex   3.000000e+01 -2.844338e+01 1.000000e+00
    endloop
  endfacet
  facet normal 0.000000e+00 0.000000e+00 1.000000e+00
    outer loop
      vertex   3.100000e+01 -2.844338e+01 1.000000e+00
      vertex   3.000000e+01 -2.844338e+01 1.000000e+00
      vertex   3.350000e+01 -2.988675e+01 1.000000e+00
    endloop
  endfacet
  facet normal 0.000000e+00 0.000000e+00 1.000000e+00
    outer loop
      vertex   3.350000e+01 -2.988675e+01 1.000000e+00
      vertex   3.000000e+01 -2.844338e+01 1.000000e+00
      vertex   2.750000e+01 -2.988675e+01 1.000000e+00
    endloop
  endfacet
  facet normal 0.000000e+00 0.000000e+00 1.000000e+00
    outer loop
      vertex   3.350000e+01 -2.988675e+01 1.000000e+00
      vertex   2.750000e+01 -2.988675e+01 1.000000e+00
      vertex   3.700000e+01 -3.300000e+01 1.000000e+00
    endloop
  endfacet
  facet normal 0.000000e+00 0.000000e+00 1.000000e+00
    outer loop
      vertex   1.000000e+01 -2.344338e+01 1.000000e+00
      vertex   9.500000e+00 -2.411325e+01 1.000000e+00
      vertex   1.250000e+01 -2.488675e+01 1.000000e+00
    endloop
  endfacet
  facet normal 0.000000e+00 0.000000e+00 1.000000e+00
    outer loop
      vertex   1.250000e+01 -2.488675e+01 1.000000e+00
      vertex   9.500000e+00 -2.411325e+01 1.000000e+00
      vertex   1.200000e+01 -2.555662e+01 1.000000e+00
    endloop
  endfacet
  facet normal 0.000000e+00 0.000000e+00 1.000000e+00
    outer loop
      vertex   3.100000e+01 -1.844338e+01 1.000000e+00
      vertex   3.050000e+01 -1.911325e+01 1.000000e+00
      vertex   3.350000e+01 -1.988675e+01 1.000000e+00
    endloop
  endfacet
  facet normal 0.000000e+00 0.000000e+00 1.000000e+00
    outer loop
      vertex   3.350000e+01 -1.988675e+01 1.000000e+00
      vertex   3.050000e+01 -1.911325e+01 1.000000e+00
      vertex   3.300000e+01 -2.055662e+01 1.000000e+00
    endloop
  endfacet
  facet normal 0.000000e+00 0.000000e+00 1.000000e+00
    outer loop
      vertex   3.350000e+01 -1.988675e+01 1.000000e+00
      vertex   3.300000e+01 -2.055662e+01 1.000000e+00
      vertex   3.400000e+01 -2.055662e+01 1.000000e+00
    endloop
  endfacet
  facet normal 0.000000e+00 0.000000e+00 1.000000e+00
    outer loop
      vertex   3.400000e+01 -2.055662e+01 1.000000e+00
      vertex   3.300000e+01 -2.055662e+01 1.000000e+00
      vertex   3.300000e+01 -2.344338e+01 1.000000e+00
    endloop
  endfacet
  facet normal 0.000000e+00 0.000000e+00 1.000000e+00
    outer loop
      vertex   3.400000e+01 -2.055662e+01 1.000000e+00
      vertex   3.300000e+01 -2.344338e+01 1.000000e+00
      vertex   3.400000e+01 -2.344338e+01 1.000000e+00
    endloop
  endfacet
  facet normal 0.000000e+00 0.000000e+00 1.000000e+00
    outer loop
      vertex   3.400000e+01 -2.344338e+01 1.000000e+00
      vertex   3.300000e+01 -2.344338e+01 1.000000e+00
      vertex   3.350000e+01 -2.411325e+01 1.000000e+00
    endloop
  endfacet
  facet normal 0.000000e+00 0.000000e+00 1.000000e+00
    outer loop
      vertex   3.400000e+01 -2.344338e+01 1.000000e+00
      vertex   3.350000e+01 -2.411325e+01 1.000000e+00
      vertex   3.650000e+01 -2.488675e+01 1.000000e+00
    endloop
  endfacet
  facet normal 0.000000e+00 0.000000e+00 1.000000e+00
    outer loop
      vertex   3.650000e+01 -2.488675e+01 1.000000e+00
      vertex   3.350000e+01 -2.411325e+01 1.000000e+00
      vertex   3.600000e+01 -2.555662e+01 1.000000e+00
    endloop
  endfacet
  facet normal 0.000000e+00 0.000000e+00 1.000000e+00
    outer loop
      vertex   3.650000e+01 -2.488675e+01 1.000000e+00
      vertex   3.600000e+01 -2.555662e+01 1.000000e+00
      vertex   3.996472e+01 -2.913630e+01 1.000000e+00
    endloop
  endfacet
  facet normal 0.000000e+00 0.000000e+00 1.000000e+00
    outer loop
      vertex   3.996472e+01 -2.913630e+01 1.000000e+00
      vertex   3.600000e+01 -2.555662e+01 1.000000e+00
      vertex   3.946927e+01 -2.930448e+01 1.000000e+00
    endloop
  endfacet
  facet normal 0.000000e+00 0.000000e+00 1.000000e+00
    outer loop
      vertex   3.946927e+01 -2.930448e+01 1.000000e+00
      vertex   3.600000e+01 -2.555662e+01 1.000000e+00
      vertex   3.600000e+01 -2.844338e+01 1.000000e+00
    endloop
  endfacet
  facet normal 0.000000e+00 0.000000e+00 1.000000e+00
    outer loop
      vertex   3.946927e+01 -2.930448e+01 1.000000e+00
      vertex   3.600000e+01 -2.844338e+01 1.000000e+00
      vertex   3.900000e+01 -2.953590e+01 1.000000e+00
    endloop
  endfacet
  facet normal 0.000000e+00 0.000000e+00 1.000000e+00
    outer loop
      vertex   3.900000e+01 -2.953590e+01 1.000000e+00
      vertex   3.600000e+01 -2.844338e+01 1.000000e+00
      vertex   3.856495e+01 -2.982659e+01 1.000000e+00
    endloop
  endfacet
  facet normal 0.000000e+00 0.000000e+00 1.000000e+00
    outer loop
      vertex   3.856495e+01 -2.982659e+01 1.000000e+00
      vertex   3.600000e+01 -2.844338e+01 1.000000e+00
      vertex   3.817157e+01 -3.017157e+01 1.000000e+00
    endloop
  endfacet
  facet normal 0.000000e+00 0.000000e+00 1.000000e+00
    outer loop
      vertex   3.817157e+01 -3.017157e+01 1.000000e+00
      vertex   3.600000e+01 -2.844338e+01 1.000000e+00
      vertex   3.782659e+01 -3.056495e+01 1.000000e+00
    endloop
  endfacet
  facet normal 0.000000e+00 0.000000e+00 1.000000e+00
    outer loop
      vertex   3.782659e+01 -3.056495e+01 1.000000e+00
      vertex   3.600000e+01 -2.844338e+01 1.000000e+00
      vertex   3.753590e+01 -3.100000e+01 1.000000e+00
    endloop
  endfacet
  facet normal 0.000000e+00 0.000000e+00 1.000000e+00
    outer loop
      vertex   3.753590e+01 -3.100000e+01 1.000000e+00
      vertex   3.600000e+01 -2.844338e+01 1.000000e+00
      vertex   3.350000e+01 -2.988675e+01 1.000000e+00
    endloop
  endfacet
  facet normal 0.000000e+00 0.000000e+00 1.000000e+00
    outer loop
      vertex   3.753590e+01 -3.100000e+01 1.000000e+00
      vertex   3.350000e+01 -2.988675e+01 1.000000e+00
      vertex   3.730448e+01 -3.146927e+01 1.000000e+00
    endloop
  endfacet
  facet normal 0.000000e+00 0.000000e+00 1.000000e+00
    outer loop
      vertex   3.730448e+01 -3.146927e+01 1.000000e+00
      vertex   3.350000e+01 -2.988675e+01 1.000000e+00
      vertex   3.713630e+01 -3.196472e+01 1.000000e+00
    endloop
  endfacet
  facet normal 0.000000e+00 0.000000e+00 1.000000e+00
    outer loop
      vertex   3.713630e+01 -3.196472e+01 1.000000e+00
      vertex   3.350000e+01 -2.988675e+01 1.000000e+00
      vertex   3.703422e+01 -3.247790e+01 1.000000e+00
    endloop
  endfacet
  facet normal 0.000000e+00 0.000000e+00 1.000000e+00
    outer loop
      vertex   3.703422e+01 -3.247790e+01 1.000000e+00
      vertex   3.350000e+01 -2.988675e+01 1.000000e+00
      vertex   3.700000e+01 -3.300000e+01 1.000000e+00
    endloop
  endfacet
  facet normal 0.000000e+00 0.000000e+00 1.000000e+00
    outer loop
      vertex   3.300000e+01 -2.344338e+01 1.000000e+00
      vertex   3.050000e+01 -2.488675e+01 1.000000e+00
      vertex   3.350000e+01 -2.411325e+01 1.000000e+00
    endloop
  endfacet
  facet normal 0.000000e+00 0.000000e+00 1.000000e+00
    outer loop
      vertex   3.350000e+01 -2.411325e+01 1.000000e+00
      vertex   3.050000e+01 -2.488675e+01 1.000000e+00
      vertex   3.100000e+01 -2.555662e+01 1.000000e+00
    endloop
  endfacet
  facet normal 0.000000e+00 -0.000000e+00 1.000000e+00
    outer loop
      vertex   2.700000e+01 -1.055662e+01 1.000000e+00
      vertex   2.750000e+01 -9.886751e+00 1.000000e+00
      vertex   2.450000e+01 -9.113249e+00 1.000000e+00
    endloop
  endfacet
  facet normal -0.000000e+00 0.000000e+00 1.000000e+00
    outer loop
      vertex   2.450000e+01 -9.113249e+00 1.000000e+00
      vertex   2.750000e+01 -9.886751e+00 1.000000e+00
      vertex   2.500000e+01 -8.443376e+00 1.000000e+00
    endloop
  endfacet
  facet normal 0.000000e+00 0.000000e+00 1.000000e+00
    outer loop
      vertex   1.600000e+01 -1.344338e+01 1.000000e+00
      vertex   1.550000e+01 -1.411325e+01 1.000000e+00
      vertex   1.850000e+01 -1.488675e+01 1.000000e+00
    endloop
  endfacet
  facet normal 0.000000e+00 0.000000e+00 1.000000e+00
    outer loop
      vertex   1.850000e+01 -1.488675e+01 1.000000e+00
      vertex   1.550000e+01 -1.411325e+01 1.000000e+00
      vertex   1.800000e+01 -1.555662e+01 1.000000e+00
    endloop
  endfacet
  facet normal 0.000000e+00 -0.000000e+00 1.000000e+00
    outer loop
      vertex   1.500000e+01 -2.055662e+01 1.000000e+00
      vertex   1.550000e+01 -1.988675e+01 1.000000e+00
      vertex   1.250000e+01 -1.911325e+01 1.000000e+00
    endloop
  endfacet
  facet normal -0.000000e+00 0.000000e+00 1.000000e+00
    outer loop
      vertex   1.250000e+01 -1.911325e+01 1.000000e+00
      vertex   1.550000e+01 -1.988675e+01 1.000000e+00
      vertex   1.300000e+01 -1.844338e+01 1.000000e+00
    endloop
  endfacet
  facet normal 0.000000e+00 -0.000000e+00 1.000000e+00
    outer loop
      vertex   1.800000e+01 -2.555662e+01 1.000000e+00
      vertex   1.850000e+01 -2.488675e+01 1.000000e+00
      vertex   1.550000e+01 -2.411325e+01 1.000000e+00
    endloop
  endfacet
  facet normal -0.000000e+00 0.000000e+00 1.000000e+00
    outer loop
      vertex   1.550000e+01 -2.411325e+01 1.000000e+00
      vertex   1.850000e+01 -2.488675e+01 1.000000e+00
      vertex   1.600000e+01 -2.344338e+01 1.000000e+00
    endloop
  endfacet
  facet normal 0.000000e+00 0.000000e+00 1.000000e+00
    outer loop
      vertex   1.900000e+01 -1.844338e+01 1.000000e+00
      vertex   1.850000e+01 -1.911325e+01 1.000000e+00
      vertex   2.150000e+01 -1.988675e+01 1.000000e+00
    endloop
  endfacet
  facet normal 0.000000e+00 0.000000e+00 1.000000e+00
    outer loop
      vertex   2.150000e+01 -1.988675e+01 1.000000e+00
      vertex   1.850000e+01 -1.911325e+01 1.000000e+00
      vertex   2.100000e+01 -2.055662e+01 1.000000e+00
    endloop
  endfacet
  facet normal 0.000000e+00 0.000000e+00 1.000000e+00
    outer loop
      vertex   6.500000e+00 -9.113249e+00 1.000000e+00
      vertex   2.035276e+00 -4.863703e+00 1.000000e+00
      vertex   4.000000e+00 -1.055662e+01 1.000000e+00
    endloop
  endfacet
  facet normal 0.000000e+00 0.000000e+00 1.000000e+00
    outer loop
      vertex   4.000000e+00 -1.055662e+01 1.000000e+00
      vertex   2.035276e+00 -4.863703e+00 1.000000e+00
      vertex   1.522105e+00 -4.965780e+00 1.000000e+00
    endloop
  endfacet
  facet normal 0.000000e+00 0.000000e+00 1.000000e+00
    outer loop
      vertex   4.000000e+00 -1.055662e+01 1.000000e+00
      vertex   1.522105e+00 -4.965780e+00 1.000000e+00
      vertex   1.000000e+00 -5.000000e+00 1.000000e+00
    endloop
  endfacet
  facet normal 0.000000e+00 -0.000000e+00 1.000000e+00
    outer loop
      vertex   9.000000e+00 -1.055662e+01 1.000000e+00
      vertex   9.500000e+00 -9.886751e+00 1.000000e+00
      vertex   6.500000e+00 -9.113249e+00 1.000000e+00
    endloop
  endfacet
  facet normal -0.000000e+00 0.000000e+00 1.000000e+00
    outer loop
      vertex   6.500000e+00 -9.113249e+00 1.000000e+00
      vertex   9.500000e+00 -9.886751e+00 1.000000e+00
      vertex   7.000000e+00 -8.443376e+00 1.000000e+00
    endloop
  endfacet
  facet normal 0.000000e+00 -0.000000e+00 1.000000e+00
    outer loop
      vertex   6.500000e+00 -9.113249e+00 1.000000e+00
      vertex   7.000000e+00 -8.443376e+00 1.000000e+00
      vertex   2.530734e+00 -4.695518e+00 1.000000e+00
    endloop
  endfacet
  facet normal 0.000000e+00 0.000000e+00 1.000000e+00
    outer loop
      vertex   2.530734e+00 -4.695518e+00 1.000000e+00
      vertex   7.000000e+00 -8.443376e+00 1.000000e+00
      vertex   7.000000e+00 -5.556624e+00 1.000000e+00
    endloop
  endfacet
  facet normal -0.000000e+00 0.000000e+00 1.000000e+00
    outer loop
      vertex   2.530734e+00 -4.695518e+00 1.000000e+00
      vertex   7.000000e+00 -5.556624e+00 1.000000e+00
      vertex   3.000000e+00 -4.464102e+00 1.000000e+00
    endloop
  endfacet
  facet normal -0.000000e+00 0.000000e+00 1.000000e+00
    outer loop
      vertex   3.000000e+00 -4.464102e+00 1.000000e+00
      vertex   7.000000e+00 -5.556624e+00 1.000000e+00
      vertex   3.435046e+00 -4.173413e+00 1.000000e+00
    endloop
  endfacet
  facet normal -0.000000e+00 0.000000e+00 1.000000e+00
    outer loop
      vertex   3.435046e+00 -4.173413e+00 1.000000e+00
      vertex   7.000000e+00 -5.556624e+00 1.000000e+00
      vertex   3.828427e+00 -3.828427e+00 1.000000e+00
    endloop
  endfacet
  facet normal -0.000000e+00 0.000000e+00 1.000000e+00
    outer loop
      vertex   3.828427e+00 -3.828427e+00 1.000000e+00
      vertex   7.000000e+00 -5.556624e+00 1.000000e+00
      vertex   4.173413e+00 -3.435046e+00 1.000000e+00
    endloop
  endfacet
  facet normal -0.000000e+00 0.000000e+00 1.000000e+00
    outer loop
      vertex   4.173413e+00 -3.435046e+00 1.000000e+00
      vertex   7.000000e+00 -5.556624e+00 1.000000e+00
      vertex   4.464102e+00 -3.000000e+00 1.000000e+00
    endloop
  endfacet
  facet normal -0.000000e+00 0.000000e+00 1.000000e+00
    outer loop
      vertex   4.464102e+00 -3.000000e+00 1.000000e+00
      vertex   7.000000e+00 -5.556624e+00 1.000000e+00
      vertex   4.695518e+00 -2.530734e+00 1.000000e+00
    endloop
  endfacet
  facet normal 0.000000e+00 0.000000e+00 1.000000e+00
    outer loop
      vertex   4.695518e+00 -2.530734e+00 1.000000e+00
      vertex   7.000000e+00 -5.556624e+00 1.000000e+00
      vertex   9.500000e+00 -4.113249e+00 1.000000e+00
    endloop
  endfacet
  facet normal -0.000000e+00 0.000000e+00 1.000000e+00
    outer loop
      vertex   4.695518e+00 -2.530734e+00 1.000000e+00
      vertex   9.500000e+00 -4.113249e+00 1.000000e+00
      vertex   4.863703e+00 -2.035276e+00 1.000000e+00
    endloop
  endfacet
  facet normal -0.000000e+00 0.000000e+00 1.000000e+00
    outer loop
      vertex   4.863703e+00 -2.035276e+00 1.000000e+00
      vertex   9.500000e+00 -4.113249e+00 1.000000e+00
      vertex   4.965780e+00 -1.522105e+00 1.000000e+00
    endloop
  endfacet
  facet normal -0.000000e+00 0.000000e+00 1.000000e+00
    outer loop
      vertex   4.965780e+00 -1.522105e+00 1.000000e+00
      vertex   9.500000e+00 -4.113249e+00 1.000000e+00
      vertex   5.000000e+00 -1.000000e+00 1.000000e+00
    endloop
  endfacet
  facet normal 0.000000e+00 -0.000000e+00 1.000000e+00
    outer loop
      vertex   2.400000e+01 -1.555662e+01 1.000000e+00
      vertex   2.450000e+01 -1.488675e+01 1.000000e+00
      vertex   2.150000e+01 -1.411325e+01 1.000000e+00
    endloop
  endfacet
  facet normal -0.000000e+00 0.000000e+00 1.000000e+00
    outer loop
      vertex   2.150000e+01 -1.411325e+01 1.000000e+00
      vertex   2.450000e+01 -1.488675e+01 1.000000e+00
      vertex   2.200000e+01 -1.344338e+01 1.000000e+00
    endloop
  endfacet
  facet normal 0.000000e+00 0.000000e+00 1.000000e+00
    outer loop
      vertex   1.000000e+01 -1.344338e+01 1.000000e+00
      vertex   9.500000e+00 -1.411325e+01 1.000000e+00
      vertex   1.250000e+01 -1.488675e+01 1.000000e+00
    endloop
  endfacet
  facet normal 0.000000e+00 0.000000e+00 1.000000e+00
    outer loop
      vertex   1.250000e+01 -1.488675e+01 1.000000e+00
      vertex   9.500000e+00 -1.411325e+01 1.000000e+00
      vertex   1.200000e+01 -1.555662e+01 1.000000e+00
    endloop
  endfacet
  facet normal 0.000000e+00 -0.000000e+00 1.000000e+00
    outer loop
      vertex   2.700000e+01 -2.055662e+01 1.000000e+00
      vertex   2.750000e+01 -1.988675e+01 1.000000e+00
      vertex   2.450000e+01 -1.911325e+01 1.000000e+00
    endloop
  endfacet
  facet normal -0.000000e+00 0.000000e+00 1.000000e+00
    outer loop
      vertex   2.450000e+01 -1.911325e+01 1.000000e+00
      vertex   2.750000e+01 -1.988675e+01 1.000000e+00
      vertex   2.500000e+01 -1.844338e+01 1.000000e+00
    endloop
  endfacet
  facet normal 0.000000e+00 -0.000000e+00 1.000000e+00
    outer loop
      vertex   2.400000e+01 -2.555662e+01 1.000000e+00
      vertex   2.450000e+01 -2.488675e+01 1.000000e+00
      vertex   2.150000e+01 -2.411325e+01 1.000000e+00
    endloop
  endfacet
  facet normal -0.000000e+00 0.000000e+00 1.000000e+00
    outer loop
      vertex   2.150000e+01 -2.411325e+01 1.000000e+00
      vertex   2.450000e+01 -2.488675e+01 1.000000e+00
      vertex   2.200000e+01 -2.344338e+01 1.000000e+00
    endloop
  endfacet
  facet normal 0.000000e+00 0.000000e+00 1.000000e+00
    outer loop
      vertex   4.100000e+01 -5.000000e+00 1.000000e+00
      vertex   3.900000e+01 -2.055662e+01 1.000000e+00
      vertex   4.100000e+01 -2.900000e+01 1.000000e+00
    endloop
  endfacet
  facet normal 0.000000e+00 0.000000e+00 1.000000e+00
    outer loop
      vertex   4.100000e+01 -2.900000e+01 1.000000e+00
      vertex   3.900000e+01 -2.055662e+01 1.000000e+00
      vertex   3.900000e+01 -2.344338e+01 1.000000e+00
    endloop
  endfacet
  facet normal 0.000000e+00 0.000000e+00 1.000000e+00
    outer loop
      vertex   4.100000e+01 -2.900000e+01 1.000000e+00
      vertex   3.900000e+01 -2.344338e+01 1.000000e+00
      vertex   4.047790e+01 -2.903422e+01 1.000000e+00
    endloop
  endfacet
  facet normal 0.000000e+00 0.000000e+00 1.000000e+00
    outer loop
      vertex   4.047790e+01 -2.903422e+01 1.000000e+00
      vertex   3.900000e+01 -2.344338e+01 1.000000e+00
      vertex   3.650000e+01 -2.488675e+01 1.000000e+00
    endloop
  endfacet
  facet normal 0.000000e+00 0.000000e+00 1.000000e+00
    outer loop
      vertex   4.047790e+01 -2.903422e+01 1.000000e+00
      vertex   3.650000e+01 -2.488675e+01 1.000000e+00
      vertex   3.996472e+01 -2.913630e+01 1.000000e+00
    endloop
  endfacet
  facet normal 0.000000e+00 -0.000000e+00 1.000000e+00
    outer loop
      vertex   3.400000e+01 -2.055662e+01 1.000000e+00
      vertex   3.650000e+01 -1.911325e+01 1.000000e+00
      vertex   3.350000e+01 -1.988675e+01 1.000000e+00
    endloop
  endfacet
  facet normal 0.000000e+00 0.000000e+00 1.000000e+00
    outer loop
      vertex   2.530734e+00 -4.695518e+00 1.000000e+00
      vertex   2.035276e+00 -4.863703e+00 1.000000e+00
      vertex   6.500000e+00 -9.113249e+00 1.000000e+00
    endloop
  endfacet
  facet normal 6.540313e-02 -9.978589e-01 0.000000e+00
    outer loop
      vertex   1.000000e+00 -5.000000e+00 3.000000e+00
      vertex   1.000000e+00 -5.000000e+00 1.000000e+00
      vertex   1.522105e+00 -4.965780e+00 3.000000e+00
    endloop
  endfacet
  facet normal 6.540313e-02 -9.978589e-01 7.261206e-18
    outer loop
      vertex   1.522105e+00 -4.965780e+00 3.000000e+00
      vertex   1.000000e+00 -5.000000e+00 1.000000e+00
      vertex   1.522105e+00 -4.965780e+00 1.000000e+00
    endloop
  endfacet
  facet normal 1.950903e-01 -9.807853e-01 2.165938e-17
    outer loop
      vertex   1.522105e+00 -4.965780e+00 3.000000e+00
      vertex   1.522105e+00 -4.965780e+00 1.000000e+00
      vertex   2.035276e+00 -4.863703e+00 3.000000e+00
    endloop
  endfacet
  facet normal 1.950903e-01 -9.807853e-01 8.663751e-17
    outer loop
      vertex   2.035276e+00 -4.863703e+00 3.000000e+00
      vertex   1.522105e+00 -4.965780e+00 1.000000e+00
      vertex   2.035276e+00 -4.863703e+00 1.000000e+00
    endloop
  endfacet
  facet normal 3.214395e-01 -9.469301e-01 1.427478e-16
    outer loop
      vertex   2.035276e+00 -4.863703e+00 3.000000e+00
      vertex   2.035276e+00 -4.863703e+00 1.000000e+00
      vertex   2.530734e+00 -4.695518e+00 3.000000e+00
    endloop
  endfacet
  facet normal 3.214395e-01 -9.469301e-01 0.000000e+00
    outer loop
      vertex   2.530734e+00 -4.695518e+00 3.000000e+00
      vertex   2.035276e+00 -4.863703e+00 1.000000e+00
      vertex   2.530734e+00 -4.695518e+00 1.000000e+00
    endloop
  endfacet
  facet normal 4.422887e-01 -8.968727e-01 0.000000e+00
    outer loop
      vertex   2.530734e+00 -4.695518e+00 3.000000e+00
      vertex   2.530734e+00 -4.695518e+00 1.000000e+00
      vertex   3.000000e+00 -4.464102e+00 3.000000e+00
    endloop
  endfacet
  facet normal 4.422887e-01 -8.968727e-01 0.000000e+00
    outer loop
      vertex   3.000000e+00 -4.464102e+00 3.000000e+00
      vertex   2.530734e+00 -4.695518e+00 1.000000e+00
      vertex   3.000000e+00 -4.464102e+00 1.000000e+00
    endloop
  endfacet
  facet normal 5.555702e-01 -8.314696e-01 0.000000e+00
    outer loop
      vertex   3.000000e+00 -4.464102e+00 3.000000e+00
      vertex   3.000000e+00 -4.464102e+00 1.000000e+00
      vertex   3.435046e+00 -4.173413e+00 3.000000e+00
    endloop
  endfacet
  facet normal 5.555702e-01 -8.314696e-01 -3.692467e-16
    outer loop
      vertex   3.435046e+00 -4.173413e+00 3.000000e+00
      vertex   3.000000e+00 -4.464102e+00 1.000000e+00
      vertex   3.435046e+00 -4.173413e+00 1.000000e+00
    endloop
  endfacet
  facet normal 6.593458e-01 -7.518398e-01 -3.338839e-16
    outer loop
      vertex   3.435046e+00 -4.173413e+00 3.000000e+00
      vertex   3.435046e+00 -4.173413e+00 1.000000e+00
      vertex   3.828427e+00 -3.828427e+00 3.000000e+00
    endloop
  endfacet
  facet normal 6.593458e-01 -7.518398e-01 0.000000e+00
    outer loop
      vertex   3.828427e+00 -3.828427e+00 3.000000e+00
      vertex   3.435046e+00 -4.173413e+00 1.000000e+00
      vertex   3.828427e+00 -3.828427e+00 1.000000e+00
    endloop
  endfacet
  facet normal 7.518398e-01 -6.593458e-01 0.000000e+00
    outer loop
      vertex   3.828427e+00 -3.828427e+00 3.000000e+00
      vertex   3.828427e+00 -3.828427e+00 1.000000e+00
      vertex   4.173413e+00 -3.435046e+00 3.000000e+00
    endloop
  endfacet
  facet normal 7.518398e-01 -6.593458e-01 0.000000e+00
    outer loop
      vertex   4.173413e+00 -3.435046e+00 3.000000e+00
      vertex   3.828427e+00 -3.828427e+00 1.000000e+00
      vertex   4.173413e+00 -3.435046e+00 1.000000e+00
    endloop
  endfacet
  facet normal 8.314696e-01 -5.555702e-01 0.000000e+00
    outer loop
      vertex   4.173413e+00 -3.435046e+00 3.000000e+00
      vertex   4.173413e+00 -3.435046e+00 1.000000e+00
      vertex   4.464102e+00 -3.000000e+00 3.000000e+00
    endloop
  endfacet
  facet normal 8.314696e-01 -5.555702e-01 -2.467227e-16
    outer loop
      vertex   4.464102e+00 -3.000000e+00 3.000000e+00
      vertex   4.173413e+00 -3.435046e+00 1.000000e+00
      vertex   4.464102e+00 -3.000000e+00 1.000000e+00
    endloop
  endfacet
  facet normal 8.968727e-01 -4.422887e-01 -1.964156e-16
    outer loop
      vertex   4.464102e+00 -3.000000e+00 3.000000e+00
      vertex   4.464102e+00 -3.000000e+00 1.000000e+00
      vertex   4.695518e+00 -2.530734e+00 3.000000e+00
    endloop
  endfacet
  facet normal 8.968727e-01 -4.422887e-01 0.000000e+00
    outer loop
      vertex   4.695518e+00 -2.530734e+00 3.000000e+00
      vertex   4.464102e+00 -3.000000e+00 1.000000e+00
      vertex   4.695518e+00 -2.530734e+00 1.000000e+00
    endloop
  endfacet
  facet normal 9.469301e-01 -3.214395e-01 0.000000e+00
    outer loop
      vertex   4.695518e+00 -2.530734e+00 3.000000e+00
      vertex   4.695518e+00 -2.530734e+00 1.000000e+00
      vertex   4.863703e+00 -2.035276e+00 3.000000e+00
    endloop
  endfacet
  facet normal 9.469301e-01 -3.214395e-01 -1.427478e-16
    outer loop
      vertex   4.863703e+00 -2.035276e+00 3.000000e+00
      vertex   4.695518e+00 -2.530734e+00 1.000000e+00
      vertex   4.863703e+00 -2.035276e+00 1.000000e+00
    endloop
  endfacet
  facet normal 9.807853e-01 -1.950903e-01 -8.663751e-17
    outer loop
      vertex   4.863703e+00 -2.035276e+00 3.000000e+00
      vertex   4.863703e+00 -2.035276e+00 1.000000e+00
      vertex   4.965780e+00 -1.522105e+00 3.000000e+00
    endloop
  endfacet
  facet normal 9.807853e-01 -1.950903e-01 0.000000e+00
    outer loop
      vertex   4.965780e+00 -1.522105e+00 3.000000e+00
      vertex   4.863703e+00 -2.035276e+00 1.000000e+00
      vertex   4.965780e+00 -1.522105e+00 1.000000e+00
    endloop
  endfacet
  facet normal 9.978589e-01 -6.540313e-02 0.000000e+00
    outer loop
      vertex   4.965780e+00 -1.522105e+00 3.000000e+00
      vertex   4.965780e+00 -1.522105e+00 1.000000e+00
      vertex   5.000000e+00 -1.000000e+00 3.000000e+00
    endloop
  endfacet
  facet normal 9.978589e-01 -6.540313e-02 0.000000e+00
    outer loop
      vertex   5.000000e+00 -1.000000e+00 3.000000e+00
      vertex   4.965780e+00 -1.522105e+00 1.000000e+00
      vertex   5.000000e+00 -1.000000e+00 1.000000e+00
    endloop
  endfacet
  facet normal -0.000000e+00 0.000000e+00 1.000000e+00
    outer loop
      vertex   1.000000e+00 -1.000000e+00 3.000000e+00
      vertex   1.522105e+00 -4.965780e+00 3.000000e+00
      vertex   1.964102e+00 -1.000000e+00 3.000000e+00
    endloop
  endfacet
  facet normal 0.000000e+00 0.000000e+00 1.000000e+00
    outer loop
      vertex   1.964102e+00 -1.000000e+00 3.000000e+00
      vertex   1.522105e+00 -4.965780e+00 3.000000e+00
      vertex   2.035276e+00 -4.863703e+00 3.000000e+00
    endloop
  endfacet
  facet normal 0.000000e+00 0.000000e+00 1.000000e+00
    outer loop
      vertex   1.964102e+00 -1.000000e+00 3.000000e+00
      vertex   2.035276e+00 -4.863703e+00 3.000000e+00
      vertex   2.530734e+00 -4.695518e+00 3.000000e+00
    endloop
  endfacet
  facet normal 0.000000e+00 0.000000e+00 1.000000e+00
    outer loop
      vertex   1.000000e+00 -1.000000e+00 3.000000e+00
      vertex   1.000000e+00 -5.000000e+00 3.000000e+00
      vertex   1.522105e+00 -4.965780e+00 3.000000e+00
    endloop
  endfacet
  facet normal 0.000000e+00 -0.000000e+00 1.000000e+00
    outer loop
      vertex   2.530734e+00 -4.695518e+00 3.000000e+00
      vertex   3.000000e+00 -4.464102e+00 3.000000e+00
      vertex   1.964102e+00 -1.000000e+00 3.000000e+00
    endloop
  endfacet
  facet normal 0.000000e+00 0.000000e+00 1.000000e+00
    outer loop
      vertex   1.964102e+00 -1.000000e+00 3.000000e+00
      vertex   3.000000e+00 -4.464102e+00 3.000000e+00
      vertex   3.435046e+00 -4.173413e+00 3.000000e+00
    endloop
  endfacet
  facet normal 0.000000e+00 0.000000e+00 1.000000e+00
    outer loop
      vertex   1.964102e+00 -1.000000e+00 3.000000e+00
      vertex   3.435046e+00 -4.173413e+00 3.000000e+00
      vertex   3.828427e+00 -3.828427e+00 3.000000e+00
    endloop
  endfacet
  facet normal 0.000000e+00 -0.000000e+00 1.000000e+00
    outer loop
      vertex   3.828427e+00 -3.828427e+00 3.000000e+00
      vertex   4.173413e+00 -3.435046e+00 3.000000e+00
      vertex   1.964102e+00 -1.000000e+00 3.000000e+00
    endloop
  endfacet
  facet normal 0.000000e+00 0.000000e+00 1.000000e+00
    outer loop
      vertex   1.964102e+00 -1.000000e+00 3.000000e+00
      vertex   4.173413e+00 -3.435046e+00 3.000000e+00
      vertex   4.464102e+00 -3.000000e+00 3.000000e+00
    endloop
  endfacet
  facet normal 0.000000e+00 0.000000e+00 1.000000e+00
    outer loop
      vertex   1.964102e+00 -1.000000e+00 3.000000e+00
      vertex   4.464102e+00 -3.000000e+00 3.000000e+00
      vertex   4.695518e+00 -2.530734e+00 3.000000e+00
    endloop
  endfacet
  facet normal 0.000000e+00 -0.000000e+00 1.000000e+00
    outer loop
      vertex   4.695518e+00 -2.530734e+00 3.000000e+00
      vertex   4.863703e+00 -2.035276e+00 3.000000e+00
      vertex   1.964102e+00 -1.000000e+00 3.000000e+00
    endloop
  endfacet
  facet normal 0.000000e+00 0.000000e+00 1.000000e+00
    outer loop
      vertex   1.964102e+00 -1.000000e+00 3.000000e+00
      vertex   4.863703e+00 -2.035276e+00 3.000000e+00
      vertex   4.965780e+00 -1.522105e+00 3.000000e+00
    endloop
  endfacet
  facet normal 0.000000e+00 0.000000e+00 1.000000e+00
    outer loop
      vertex   1.964102e+00 -1.000000e+00 3.000000e+00
      vertex   4.965780e+00 -1.522105e+00 3.000000e+00
      vertex   5.000000e+00 -1.000000e+00 3.000000e+00
    endloop
  endfacet
  facet normal -1.245278e-06 0.000000e+00 1.000000e+00
    outer loop
      vertex   5.035898e+00 -1.000000e+00 3.000000e+00
      vertex   5.035898e+00 0.000000e+00 3.000000e+00
      vertex   5.000000e+00 -1.000000e+00 3.000000e+00
    endloop
  endfacet
  facet normal 0.000000e+00 -4.470348e-08 1.000000e+00
    outer loop
      vertex   5.000000e+00 -1.000000e+00 3.000000e+00
      vertex   5.035898e+00 0.000000e+00 3.000000e+00
      vertex   1.964102e+00 0.000000e+00 3.000000e+00
    endloop
  endfacet
  facet normal -3.269598e-24 -4.470348e-08 1.000000e+00
    outer loop
      vertex   5.000000e+00 -1.000000e+00 3.000000e+00
      vertex   1.964102e+00 0.000000e+00 3.000000e+00
      vertex   1.964102e+00 -1.000000e+00 3.000000e+00
    endloop
  endfacet
  facet normal -6.540313e-02 9.978589e-01 0.000000e+00
    outer loop
      vertex   4.100000e+01 -2.900000e+01 3.000000e+00
      vertex   4.100000e+01 -2.900000e+01 1.000000e+00
      vertex   4.047790e+01 -2.903422e+01 3.000000e+00
    endloop
  endfacet
  facet normal -6.540313e-02 9.978589e-01 0.000000e+00
    outer loop
      vertex   4.047790e+01 -2.903422e+01 3.000000e+00
      vertex   4.100000e+01 -2.900000e+01 1.000000e+00
      vertex   4.047790e+01 -2.903422e+01 1.000000e+00
    endloop
  endfacet
  facet normal -1.950903e-01 9.807853e-01 0.000000e+00
    outer loop
      vertex   4.047790e+01 -2.903422e+01 3.000000e+00
      vertex   4.047790e+01 -2.903422e+01 1.000000e+00
      vertex   3.996472e+01 -2.913630e+01 3.000000e+00
    endloop
  endfacet
  facet normal -1.950903e-01 9.807853e-01 0.000000e+00
    outer loop
      vertex   3.996472e+01 -2.913630e+01 3.000000e+00
      vertex   4.047790e+01 -2.903422e+01 1.000000e+00
      vertex   3.996472e+01 -2.913630e+01 1.000000e+00
    endloop
  endfacet
  facet normal -3.214395e-01 9.469301e-01 0.000000e+00
    outer loop
      vertex   3.996472e+01 -2.913630e+01 3.000000e+00
      vertex   3.996472e+01 -2.913630e+01 1.000000e+00
      vertex   3.946927e+01 -2.930448e+01 3.000000e+00
    endloop
  endfacet
  facet normal -3.214395e-01 9.469301e-01 0.000000e+00
    outer loop
      vertex   3.946927e+01 -2.930448e+01 3.000000e+00
      vertex   3.996472e+01 -2.913630e+01 1.000000e+00
      vertex   3.946927e+01 -2.930448e+01 1.000000e+00
    endloop
  endfacet
  facet normal -4.422887e-01 8.968727e-01 0.000000e+00
    outer loop
      vertex   3.946927e+01 -2.930448e+01 3.000000e+00
      vertex   3.946927e+01 -2.930448e+01 1.000000e+00
      vertex   3.900000e+01 -2.953590e+01 3.000000e+00
    endloop
  endfacet
  facet normal -4.422887e-01 8.968727e-01 0.000000e+00
    outer loop
      vertex   3.900000e+01 -2.953590e+01 3.000000e+00
      vertex   3.946927e+01 -2.930448e+01 1.000000e+00
      vertex   3.900000e+01 -2.953590e+01 1.000000e+00
    endloop
  endfacet
  facet normal -5.555702e-01 8.314696e-01 0.000000e+00
    outer loop
      vertex   3.900000e+01 -2.953590e+01 3.000000e+00
      vertex   3.900000e+01 -2.953590e+01 1.000000e+00
      vertex   3.856495e+01 -2.982659e+01 3.000000e+00
    endloop
  endfacet
  facet normal -5.555702e-01 8.314696e-01 0.000000e+00
    outer loop
      vertex   3.856495e+01 -2.982659e+01 3.000000e+00
      vertex   3.900000e+01 -2.953590e+01 1.000000e+00
      vertex   3.856495e+01 -2.982659e+01 1.000000e+00
    endloop
  endfacet
  facet normal -6.593458e-01 7.518398e-01 0.000000e+00
    outer loop
      vertex   3.856495e+01 -2.982659e+01 3.000000e+00
      vertex   3.856495e+01 -2.982659e+01 1.000000e+00
      vertex   3.817157e+01 -3.017157e+01 3.000000e+00
    endloop
  endfacet
  facet normal -6.593458e-01 7.518398e-01 0.000000e+00
    outer loop
      vertex   3.817157e+01 -3.017157e+01 3.000000e+00
      vertex   3.856495e+01 -2.982659e+01 1.000000e+00
      vertex   3.817157e+01 -3.017157e+01 1.000000e+00
    endloop
  endfacet
  facet normal -7.518398e-01 6.593458e-01 0.000000e+00
    outer loop
      vertex   3.817157e+01 -3.017157e+01 3.000000e+00
      vertex   3.817157e+01 -3.017157e+01 1.000000e+00
      vertex   3.782659e+01 -3.056495e+01 3.000000e+00
    endloop
  endfacet
  facet normal -7.518398e-01 6.593458e-01 0.000000e+00
    outer loop
      vertex   3.782659e+01 -3.056495e+01 3.000000e+00
      vertex   3.817157e+01 -3.017157e+01 1.000000e+00
      vertex   3.782659e+01 -3.056495e+01 1.000000e+00
    endloop
  endfacet
  facet normal -8.314696e-01 5.555702e-01 0.000000e+00
    outer loop
      vertex   3.782659e+01 -3.056495e+01 3.000000e+00
      vertex   3.782659e+01 -3.056495e+01 1.000000e+00
      vertex   3.753590e+01 -3.100000e+01 3.000000e+00
    endloop
  endfacet
  facet normal -8.314696e-01 5.555702e-01 0.000000e+00
    outer loop
      vertex   3.753590e+01 -3.100000e+01 3.000000e+00
      vertex   3.782659e+01 -3.056495e+01 1.000000e+00
      vertex   3.753590e+01 -3.100000e+01 1.000000e+00
    endloop
  endfacet
  facet normal -8.968727e-01 4.422887e-01 0.000000e+00
    outer loop
      vertex   3.753590e+01 -3.100000e+01 3.000000e+00
      vertex   3.753590e+01 -3.100000e+01 1.000000e+00
      vertex   3.730448e+01 -3.146927e+01 3.000000e+00
    endloop
  endfacet
  facet normal -8.968727e-01 4.422887e-01 0.000000e+00
    outer loop
      vertex   3.730448e+01 -3.146927e+01 3.000000e+00
      vertex   3.753590e+01 -3.100000e+01 1.000000e+00
      vertex   3.730448e+01 -3.146927e+01 1.000000e+00
    endloop
  endfacet
  facet normal -9.469301e-01 3.214395e-01 0.000000e+00
    outer loop
      vertex   3.730448e+01 -3.146927e+01 3.000000e+00
      vertex   3.730448e+01 -3.146927e+01 1.000000e+00
      vertex   3.713630e+01 -3.196472e+01 3.000000e+00
    endloop
  endfacet
  facet normal -9.469301e-01 3.214395e-01 0.000000e+00
    outer loop
      vertex   3.713630e+01 -3.196472e+01 3.000000e+00
      vertex   3.730448e+01 -3.146927e+01 1.000000e+00
      vertex   3.713630e+01 -3.196472e+01 1.000000e+00
    endloop
  endfacet
  facet normal -9.807853e-01 1.950903e-01 0.000000e+00
    outer loop
      vertex   3.713630e+01 -3.196472e+01 3.000000e+00
      vertex   3.713630e+01 -3.196472e+01 1.000000e+00
      vertex   3.703422e+01 -3.247790e+01 3.000000e+00
    endloop
  endfacet
  facet normal -9.807853e-01 1.950903e-01 0.000000e+00
    outer loop
      vertex   3.703422e+01 -3.247790e+01 3.000000e+00
      vertex   3.713630e+01 -3.196472e+01 1.000000e+00
      vertex   3.703422e+01 -3.247790e+01 1.000000e+00
    endloop
  endfacet
  facet normal -9.978589e-01 6.540313e-02 0.000000e+00
    outer loop
      vertex   3.703422e+01 -3.247790e+01 3.000000e+00
      vertex   3.703422e+01 -3.247790e+01 1.000000e+00
      vertex   3.700000e+01 -3.300000e+01 3.000000e+00
    endloop
  endfacet
  facet normal -9.978589e-01 6.540313e-02 0.000000e+00
    outer loop
      vertex   3.700000e+01 -3.300000e+01 3.000000e+00
      vertex   3.703422e+01 -3.247790e+01 1.000000e+00
      vertex   3.700000e+01 -3.300000e+01 1.000000e+00
    endloop
  endfacet
  facet normal 0.000000e+00 0.000000e+00 1.000000e+00
    outer loop
      vertex   4.100000e+01 -2.900000e+01 3.000000e+00
      vertex   4.047790e+01 -2.903422e+01 3.000000e+00
      vertex   4.100000e+01 -3.300000e+01 3.000000e+00
    endloop
  endfacet
  facet normal 0.000000e+00 0.000000e+00 1.000000e+00
    outer loop
      vertex   4.100000e+01 -3.300000e+01 3.000000e+00
      vertex   4.047790e+01 -2.903422e+01 3.000000e+00
      vertex   3.996472e+01 -2.913630e+01 3.000000e+00
    endloop
  endfacet
  facet normal 0.000000e+00 0.000000e+00 1.000000e+00
    outer loop
      vertex   4.100000e+01 -3.300000e+01 3.000000e+00
      vertex   3.996472e+01 -2.913630e+01 3.000000e+00
      vertex   3.946927e+01 -2.930448e+01 3.000000e+00
    endloop
  endfacet
  facet normal 0.000000e+00 0.000000e+00 1.000000e+00
    outer loop
      vertex   3.946927e+01 -2.930448e+01 3.000000e+00
      vertex   3.900000e+01 -2.953590e+01 3.000000e+00
      vertex   4.100000e+01 -3.300000e+01 3.000000e+00
    endloop
  endfacet
  facet normal 0.000000e+00 0.000000e+00 1.000000e+00
    outer loop
      vertex   4.100000e+01 -3.300000e+01 3.000000e+00
      vertex   3.900000e+01 -2.953590e+01 3.000000e+00
      vertex   3.856495e+01 -2.982659e+01 3.000000e+00
    endloop
  endfacet
  facet normal 0.000000e+00 0.000000e+00 1.000000e+00
    outer loop
      vertex   4.100000e+01 -3.300000e+01 3.000000e+00
      vertex   3.856495e+01 -2.982659e+01 3.000000e+00
      vertex   3.817157e+01 -3.017157e+01 3.000000e+00
    endloop
  endfacet
  facet normal 0.000000e+00 0.000000e+00 1.000000e+00
    outer loop
      vertex   3.817157e+01 -3.017157e+01 3.000000e+00
      vertex   3.782659e+01 -3.056495e+01 3.000000e+00
      vertex   4.100000e+01 -3.300000e+01 3.000000e+00
    endloop
  endfacet
  facet normal 0.000000e+00 0.000000e+00 1.000000e+00
    outer loop
      vertex   4.100000e+01 -3.300000e+01 3.000000e+00
      vertex   3.782659e+01 -3.056495e+01 3.000000e+00
      vertex   3.753590e+01 -3.100000e+01 3.000000e+00
    endloop
  endfacet
  facet normal 0.000000e+00 0.000000e+00 1.000000e+00
    outer loop
      vertex   4.100000e+01 -3.300000e+01 3.000000e+00
      vertex   3.753590e+01 -3.100000e+01 3.000000e+00
      vertex   3.730448e+01 -3.146927e+01 3.000000e+00
    endloop
  endfacet
  facet normal 0.000000e+00 0.000000e+00 1.000000e+00
    outer loop
      vertex   3.730448e+01 -3.146927e+01 3.000000e+00
      vertex   3.713630e+01 -3.196472e+01 3.000000e+00
      vertex   4.100000e+01 -3.300000e+01 3.000000e+00
    endloop
  endfacet
  facet normal 0.000000e+00 0.000000e+00 1.000000e+00
    outer loop
      vertex   4.100000e+01 -3.300000e+01 3.000000e+00
      vertex   3.713630e+01 -3.196472e+01 3.000000e+00
      vertex   3.703422e+01 -3.247790e+01 3.000000e+00
    endloop
  endfacet
  facet normal 0.000000e+00 0.000000e+00 1.000000e+00
    outer loop
      vertex   4.100000e+01 -3.300000e+01 3.000000e+00
      vertex   3.703422e+01 -3.247790e+01 3.000000e+00
      vertex   3.700000e+01 -3.300000e+01 3.000000e+00
    endloop
  endfacet
  facet normal -9.978589e-01 -6.540313e-02 -0.000000e+00
    outer loop
      vertex   3.700000e+01 -1.000000e+00 3.000000e+00
      vertex   3.700000e+01 -1.000000e+00 1.000000e+00
      vertex   3.703422e+01 -1.522105e+00 3.000000e+00
    endloop
  endfacet
  facet normal -9.978589e-01 -6.540313e-02 7.261206e-18
    outer loop
      vertex   3.703422e+01 -1.522105e+00 3.000000e+00
      vertex   3.700000e+01 -1.000000e+00 1.000000e+00
      vertex   3.703422e+01 -1.522105e+00 1.000000e+00
    endloop
  endfacet
  facet normal -9.807853e-01 -1.950903e-01 2.165938e-17
    outer loop
      vertex   3.703422e+01 -1.522105e+00 3.000000e+00
      vertex   3.703422e+01 -1.522105e+00 1.000000e+00
      vertex   3.713630e+01 -2.035276e+00 3.000000e+00
    endloop
  endfacet
  facet normal -9.807853e-01 -1.950903e-01 8.663751e-17
    outer loop
      vertex   3.713630e+01 -2.035276e+00 3.000000e+00
      vertex   3.703422e+01 -1.522105e+00 1.000000e+00
      vertex   3.713630e+01 -2.035276e+00 1.000000e+00
    endloop
  endfacet
  facet normal -9.469301e-01 -3.214395e-01 1.427478e-16
    outer loop
      vertex   3.713630e+01 -2.035276e+00 3.000000e+00
      vertex   3.713630e+01 -2.035276e+00 1.000000e+00
      vertex   3.730448e+01 -2.530734e+00 3.000000e+00
    endloop
  endfacet
  facet normal -9.469301e-01 -3.214395e-01 -0.000000e+00
    outer loop
      vertex   3.730448e+01 -2.530734e+00 3.000000e+00
      vertex   3.713630e+01 -2.035276e+00 1.000000e+00
      vertex   3.730448e+01 -2.530734e+00 1.000000e+00
    endloop
  endfacet
  facet normal -8.968727e-01 -4.422887e-01 -0.000000e+00
    outer loop
      vertex   3.730448e+01 -2.530734e+00 3.000000e+00
      vertex   3.730448e+01 -2.530734e+00 1.000000e+00
      vertex   3.753590e+01 -3.000000e+00 3.000000e+00
    endloop
  endfacet
  facet normal -8.968727e-01 -4.422887e-01 -0.000000e+00
    outer loop
      vertex   3.753590e+01 -3.000000e+00 3.000000e+00
      vertex   3.730448e+01 -2.530734e+00 1.000000e+00
      vertex   3.753590e+01 -3.000000e+00 1.000000e+00
    endloop
  endfacet
  facet normal -8.314696e-01 -5.555702e-01 -0.000000e+00
    outer loop
      vertex   3.753590e+01 -3.000000e+00 3.000000e+00
      vertex   3.753590e+01 -3.000000e+00 1.000000e+00
      vertex   3.782659e+01 -3.435046e+00 3.000000e+00
    endloop
  endfacet
  facet normal -8.314696e-01 -5.555702e-01 2.467227e-16
    outer loop
      vertex   3.782659e+01 -3.435046e+00 3.000000e+00
      vertex   3.753590e+01 -3.000000e+00 1.000000e+00
      vertex   3.782659e+01 -3.435046e+00 1.000000e+00
    endloop
  endfacet
  facet normal -7.518398e-01 -6.593458e-01 2.928084e-16
    outer loop
      vertex   3.782659e+01 -3.435046e+00 3.000000e+00
      vertex   3.782659e+01 -3.435046e+00 1.000000e+00
      vertex   3.817157e+01 -3.828427e+00 3.000000e+00
    endloop
  endfacet
  facet normal -7.518398e-01 -6.593458e-01 -0.000000e+00
    outer loop
      vertex   3.817157e+01 -3.828427e+00 3.000000e+00
      vertex   3.782659e+01 -3.435046e+00 1.000000e+00
      vertex   3.817157e+01 -3.828427e+00 1.000000e+00
    endloop
  endfacet
  facet normal -6.593458e-01 -7.518398e-01 -0.000000e+00
    outer loop
      vertex   3.817157e+01 -3.828427e+00 3.000000e+00
      vertex   3.817157e+01 -3.828427e+00 1.000000e+00
      vertex   3.856495e+01 -4.173413e+00 3.000000e+00
    endloop
  endfacet
  facet normal -6.593458e-01 -7.518398e-01 -0.000000e+00
    outer loop
      vertex   3.856495e+01 -4.173413e+00 3.000000e+00
      vertex   3.817157e+01 -3.828427e+00 1.000000e+00
      vertex   3.856495e+01 -4.173413e+00 1.000000e+00
    endloop
  endfacet
  facet normal -5.555702e-01 -8.314696e-01 -0.000000e+00
    outer loop
      vertex   3.856495e+01 -4.173413e+00 3.000000e+00
      vertex   3.856495e+01 -4.173413e+00 1.000000e+00
      vertex   3.900000e+01 -4.464102e+00 3.000000e+00
    endloop
  endfacet
  facet normal -5.555702e-01 -8.314696e-01 3.692467e-16
    outer loop
      vertex   3.900000e+01 -4.464102e+00 3.000000e+00
      vertex   3.856495e+01 -4.173413e+00 1.000000e+00
      vertex   3.900000e+01 -4.464102e+00 1.000000e+00
    endloop
  endfacet
  facet normal -4.422887e-01 -8.968727e-01 3.982915e-16
    outer loop
      vertex   3.900000e+01 -4.464102e+00 3.000000e+00
      vertex   3.900000e+01 -4.464102e+00 1.000000e+00
      vertex   3.946927e+01 -4.695518e+00 3.000000e+00
    endloop
  endfacet
  facet normal -4.422887e-01 -8.968727e-01 -0.000000e+00
    outer loop
      vertex   3.946927e+01 -4.695518e+00 3.000000e+00
      vertex   3.900000e+01 -4.464102e+00 1.000000e+00
      vertex   3.946927e+01 -4.695518e+00 1.000000e+00
    endloop
  endfacet
  facet normal -3.214395e-01 -9.469301e-01 -0.000000e+00
    outer loop
      vertex   3.946927e+01 -4.695518e+00 3.000000e+00
      vertex   3.946927e+01 -4.695518e+00 1.000000e+00
      vertex   3.996472e+01 -4.863703e+00 3.000000e+00
    endloop
  endfacet
  facet normal -3.214395e-01 -9.469301e-01 -0.000000e+00
    outer loop
      vertex   3.996472e+01 -4.863703e+00 3.000000e+00
      vertex   3.946927e+01 -4.695518e+00 1.000000e+00
      vertex   3.996472e+01 -4.863703e+00 1.000000e+00
    endloop
  endfacet
  facet normal -1.950903e-01 -9.807853e-01 -0.000000e+00
    outer loop
      vertex   3.996472e+01 -4.863703e+00 3.000000e+00
      vertex   3.996472e+01 -4.863703e+00 1.000000e+00
      vertex   4.047790e+01 -4.965780e+00 3.000000e+00
    endloop
  endfacet
  facet normal -1.950903e-01 -9.807853e-01 -0.000000e+00
    outer loop
      vertex   4.047790e+01 -4.965780e+00 3.000000e+00
      vertex   3.996472e+01 -4.863703e+00 1.000000e+00
      vertex   4.047790e+01 -4.965780e+00 1.000000e+00
    endloop
  endfacet
  facet normal -6.540313e-02 -9.978589e-01 -0.000000e+00
    outer loop
      vertex   4.047790e+01 -4.965780e+00 3.000000e+00
      vertex   4.047790e+01 -4.965780e+00 1.000000e+00
      vertex   4.100000e+01 -5.000000e+00 3.000000e+00
    endloop
  endfacet
  facet normal -6.540313e-02 -9.978589e-01 -0.000000e+00
    outer loop
      vertex   4.100000e+01 -5.000000e+00 3.000000e+00
      vertex   4.047790e+01 -4.965780e+00 1.000000e+00
      vertex   4.100000e+01 -5.000000e+00 1.000000e+00
    endloop
  endfacet
  facet normal -0.000000e+00 0.000000e+00 1.000000e+00
    outer loop
      vertex   3.700000e+01 -1.000000e+00 3.000000e+00
      vertex   3.703422e+01 -1.522105e+00 3.000000e+00
      vertex   4.100000e+01 -1.000000e+00 3.000000e+00
    endloop
  endfacet
  facet normal 0.000000e+00 0.000000e+00 1.000000e+00
    outer loop
      vertex   4.100000e+01 -1.000000e+00 3.000000e+00
      vertex   3.703422e+01 -1.522105e+00 3.000000e+00
      vertex   3.713630e+01 -2.035276e+00 3.000000e+00
    endloop
  endfacet
  facet normal 0.000000e+00 0.000000e+00 1.000000e+00
    outer loop
      vertex   4.100000e+01 -1.000000e+00 3.000000e+00
      vertex   3.713630e+01 -2.035276e+00 3.000000e+00
      vertex   3.730448e+01 -2.530734e+00 3.000000e+00
    endloop
  endfacet
  facet normal -0.000000e+00 0.000000e+00 1.000000e+00
    outer loop
      vertex   3.730448e+01 -2.530734e+00 3.000000e+00
      vertex   3.753590e+01 -3.000000e+00 3.000000e+00
      vertex   4.100000e+01 -1.000000e+00 3.000000e+00
    endloop
  endfacet
  facet normal 0.000000e+00 0.000000e+00 1.000000e+00
    outer loop
      vertex   4.100000e+01 -1.000000e+00 3.000000e+00
      vertex   3.753590e+01 -3.000000e+00 3.000000e+00
      vertex   3.782659e+01 -3.435046e+00 3.000000e+00
    endloop
  endfacet
  facet normal 0.000000e+00 0.000000e+00 1.000000e+00
    outer loop
      vertex   4.100000e+01 -1.000000e+00 3.000000e+00
      vertex   3.782659e+01 -3.435046e+00 3.000000e+00
      vertex   3.817157e+01 -3.828427e+00 3.000000e+00
    endloop
  endfacet
  facet normal -0.000000e+00 0.000000e+00 1.000000e+00
    outer loop
      vertex   3.817157e+01 -3.828427e+00 3.000000e+00
      vertex   3.856495e+01 -4.173413e+00 3.000000e+00
      vertex   4.100000e+01 -1.000000e+00 3.000000e+00
    endloop
  endfacet
  facet normal 0.000000e+00 0.000000e+00 1.000000e+00
    outer loop
      vertex   4.100000e+01 -1.000000e+00 3.000000e+00
      vertex   3.856495e+01 -4.173413e+00 3.000000e+00
      vertex   3.900000e+01 -4.464102e+00 3.000000e+00
    endloop
  endfacet
  facet normal 0.000000e+00 0.000000e+00 1.000000e+00
    outer loop
      vertex   4.100000e+01 -1.000000e+00 3.000000e+00
      vertex   3.900000e+01 -4.464102e+00 3.000000e+00
      vertex   3.946927e+01 -4.695518e+00 3.000000e+00
    endloop
  endfacet
  facet normal -0.000000e+00 0.000000e+00 1.000000e+00
    outer loop
      vertex   3.946927e+01 -4.695518e+00 3.000000e+00
      vertex   3.996472e+01 -4.863703e+00 3.000000e+00
      vertex   4.100000e+01 -1.000000e+00 3.000000e+00
    endloop
  endfacet
  facet normal 0.000000e+00 0.000000e+00 1.000000e+00
    outer loop
      vertex   4.100000e+01 -1.000000e+00 3.000000e+00
      vertex   3.996472e+01 -4.863703e+00 3.000000e+00
      vertex   4.047790e+01 -4.965780e+00 3.000000e+00
    endloop
  endfacet
  facet normal 0.000000e+00 0.000000e+00 1.000000e+00
    outer loop
      vertex   4.100000e+01 -1.000000e+00 3.000000e+00
      vertex   4.047790e+01 -4.965780e+00 3.000000e+00
      vertex   4.100000e+01 -5.000000e+00 3.000000e+00
    endloop
  endfacet
  facet normal -1.000000e+00 5.960464e-09 1.388517e-07
    outer loop
      vertex   4.100000e+01 -3.050000e+01 1.000000e+01
      vertex   4.100000e+01 -3.050000e+01 5.600000e+00
      vertex   4.100000e+01 -3.300000e+01 1.000000e+01
    endloop
  endfacet
  facet normal -1.000000e+00 -2.384185e-07 -0.000000e+00
    outer loop
      vertex   4.100000e+01 -3.300000e+01 1.000000e+01
      vertex   4.100000e+01 -3.050000e+01 5.600000e+00
      vertex   4.100000e+01 -3.300000e+01 3.000000e+00
    endloop
  endfacet
  facet normal -1.000000e+00 1.896922e-06 -2.053212e-06
    outer loop
      vertex   4.100000e+01 -3.300000e+01 3.000000e+00
      vertex   4.100000e+01 -3.050000e+01 5.600000e+00
      vertex   4.100000e+01 -3.046593e+01 5.341181e+00
    endloop
  endfacet
  facet normal -1.000000e+00 0.000000e+00 0.000000e+00
    outer loop
      vertex   4.100000e+01 -3.300000e+01 3.000000e+00
      vertex   4.100000e+01 -3.046593e+01 5.341181e+00
      vertex   4.100000e+01 -3.036603e+01 5.100000e+00
    endloop
  endfacet
  facet normal -1.000000e+00 0.000000e+00 -0.000000e+00
    outer loop
      vertex   4.100000e+01 -3.036603e+01 5.100000e+00
      vertex   4.100000e+01 -3.020711e+01 4.892893e+00
      vertex   4.100000e+01 -3.300000e+01 3.000000e+00
    endloop
  endfacet
  facet normal -1.000000e+00 0.000000e+00 0.000000e+00
    outer loop
      vertex   4.100000e+01 -3.300000e+01 3.000000e+00
      vertex   4.100000e+01 -3.020711e+01 4.892893e+00
      vertex   4.100000e+01 -3.000000e+01 4.733975e+00
    endloop
  endfacet
  facet normal -1.000000e+00 0.000000e+00 0.000000e+00
    outer loop
      vertex   4.100000e+01 -3.300000e+01 3.000000e+00
      vertex   4.100000e+01 -3.000000e+01 4.733975e+00
      vertex   4.100000e+01 -2.975882e+01 4.634074e+00
    endloop
  endfacet
  facet normal -1.000000e+00 -1.826094e-06 3.622053e-06
    outer loop
      vertex   4.100000e+01 -2.975882e+01 4.634074e+00
      vertex   4.100000e+01 -2.950000e+01 4.600000e+00
      vertex   4.100000e+01 -3.300000e+01 3.000000e+00
    endloop
  endfacet
  facet normal -1.000000e+00 0.000000e+00 -3.725290e-07
    outer loop
      vertex   4.100000e+01 -3.300000e+01 3.000000e+00
      vertex   4.100000e+01 -2.950000e+01 4.600000e+00
      vertex   4.100000e+01 -2.900000e+01 3.000000e+00
    endloop
  endfacet
  facet normal -1.000000e+00 0.000000e+00 -3.725290e-07
    outer loop
      vertex   4.100000e+01 -2.900000e+01 3.000000e+00
      vertex   4.100000e+01 -2.950000e+01 4.600000e+00
      vertex   4.100000e+01 -2.650000e+01 4.600000e+00
    endloop
  endfacet
  facet normal -1.000000e+00 2.961113e-06 -4.999268e-06
    outer loop
      vertex   4.100000e+01 -2.900000e+01 3.000000e+00
      vertex   4.100000e+01 -2.650000e+01 4.600000e+00
      vertex   4.100000e+01 -2.624118e+01 4.634074e+00
    endloop
  endfacet
  facet normal -1.000000e+00 0.000000e+00 0.000000e+00
    outer loop
      vertex   4.100000e+01 -2.900000e+01 3.000000e+00
      vertex   4.100000e+01 -2.624118e+01 4.634074e+00
      vertex   4.100000e+01 -5.000000e+00 3.000000e+00
    endloop
  endfacet
  facet normal -1.000000e+00 0.000000e+00 0.000000e+00
    outer loop
      vertex   4.100000e+01 -5.000000e+00 3.000000e+00
      vertex   4.100000e+01 -2.624118e+01 4.634074e+00
      vertex   4.100000e+01 -2.600000e+01 4.733975e+00
    endloop
  endfacet
  facet normal -1.000000e+00 0.000000e+00 0.000000e+00
    outer loop
      vertex   4.100000e+01 -5.000000e+00 3.000000e+00
      vertex   4.100000e+01 -2.600000e+01 4.733975e+00
      vertex   4.100000e+01 -2.579289e+01 4.892893e+00
    endloop
  endfacet
  facet normal -1.000000e+00 0.000000e+00 0.000000e+00
    outer loop
      vertex   4.100000e+01 -2.579289e+01 4.892893e+00
      vertex   4.100000e+01 -2.563397e+01 5.100000e+00
      vertex   4.100000e+01 -5.000000e+00 3.000000e+00
    endloop
  endfacet
  facet normal -1.000000e+00 0.000000e+00 0.000000e+00
    outer loop
      vertex   4.100000e+01 -5.000000e+00 3.000000e+00
      vertex   4.100000e+01 -2.563397e+01 5.100000e+00
      vertex   4.100000e+01 -2.553407e+01 5.341181e+00
    endloop
  endfacet
  facet normal -1.000000e+00 -2.586862e-07 -2.268890e-06
    outer loop
      vertex   4.100000e+01 -5.000000e+00 3.000000e+00
      vertex   4.100000e+01 -2.553407e+01 5.341181e+00
      vertex   4.100000e+01 -2.550000e+01 5.600000e+00
    endloop
  endfacet
  facet normal -1.000000e+00 -6.082107e-10 1.388517e-07
    outer loop
      vertex   4.100000e+01 -2.550000e+01 1.000000e+01
      vertex   4.100000e+01 -1.000000e+00 1.000000e+01
      vertex   4.100000e+01 -2.550000e+01 5.600000e+00
    endloop
  endfacet
  facet normal -1.000000e+00 2.711062e-08 -1.549179e-08
    outer loop
      vertex   4.100000e+01 -2.550000e+01 5.600000e+00
      vertex   4.100000e+01 -1.000000e+00 1.000000e+01
      vertex   4.100000e+01 -5.000000e+00 3.000000e+00
    endloop
  endfacet
  facet normal -1.000000e+00 0.000000e+00 -0.000000e+00
    outer loop
      vertex   4.100000e+01 -1.000000e+00 1.000000e+01
      vertex   4.100000e+01 -1.000000e+00 3.000000e+00
      vertex   4.100000e+01 -5.000000e+00 3.000000e+00
    endloop
  endfacet
  facet normal -1.000000e+00 0.000000e+00 0.000000e+00
    outer loop
      vertex   4.100000e+01 -5.000000e+00 1.000000e+00
      vertex   4.100000e+01 -2.900000e+01 1.000000e+00
      vertex   4.100000e+01 -5.000000e+00 3.000000e+00
    endloop
  endfacet
  facet normal -1.000000e+00 -0.000000e+00 0.000000e+00
    outer loop
      vertex   4.100000e+01 -5.000000e+00 3.000000e+00
      vertex   4.100000e+01 -2.900000e+01 1.000000e+00
      vertex   4.100000e+01 -2.900000e+01 3.000000e+00
    endloop
  endfacet
  facet normal -0.000000e+00 0.000000e+00 1.000000e+00
    outer loop
      vertex   4.100000e+01 -3.050000e+01 1.000000e+01
      vertex   4.100000e+01 -3.300000e+01 1.000000e+01
      vertex   4.200000e+01 -3.050000e+01 1.000000e+01
    endloop
  endfacet
  facet normal 0.000000e+00 0.000000e+00 1.000000e+00
    outer loop
      vertex   4.200000e+01 -3.050000e+01 1.000000e+01
      vertex   4.100000e+01 -3.300000e+01 1.000000e+01
      vertex   4.200000e+01 -3.400000e+01 1.000000e+01
    endloop
  endfacet
  facet normal 0.000000e+00 0.000000e+00 1.000000e+00
    outer loop
      vertex   4.200000e+01 -3.400000e+01 1.000000e+01
      vertex   4.100000e+01 -3.300000e+01 1.000000e+01
      vertex   1.000000e+00 -3.300000e+01 1.000000e+01
    endloop
  endfacet
  facet normal 0.000000e+00 0.000000e+00 1.000000e+00
    outer loop
      vertex   4.200000e+01 -3.400000e+01 1.000000e+01
      vertex   1.000000e+00 -3.300000e+01 1.000000e+01
      vertex   0.000000e+00 -3.400000e+01 1.000000e+01
    endloop
  endfacet
  facet normal 0.000000e+00 0.000000e+00 1.000000e+00
    outer loop
      vertex   0.000000e+00 -3.400000e+01 1.000000e+01
      vertex   1.000000e+00 -3.300000e+01 1.000000e+01
      vertex   1.000000e+00 -1.000000e+00 1.000000e+01
    endloop
  endfacet
  facet normal 0.000000e+00 0.000000e+00 1.000000e+00
    outer loop
      vertex   0.000000e+00 -3.400000e+01 1.000000e+01
      vertex   1.000000e+00 -1.000000e+00 1.000000e+01
      vertex   0.000000e+00 0.000000e+00 1.000000e+01
    endloop
  endfacet
  facet normal -0.000000e+00 0.000000e+00 1.000000e+00
    outer loop
      vertex   0.000000e+00 0.000000e+00 1.000000e+01
      vertex   1.000000e+00 -1.000000e+00 1.000000e+01
      vertex   4.200000e+01 0.000000e+00 1.000000e+01
    endloop
  endfacet
  facet normal 0.000000e+00 0.000000e+00 1.000000e+00
    outer loop
      vertex   4.200000e+01 0.000000e+00 1.000000e+01
      vertex   1.000000e+00 -1.000000e+00 1.000000e+01
      vertex   4.100000e+01 -1.000000e+00 1.000000e+01
    endloop
  endfacet
  facet normal 0.000000e+00 0.000000e+00 1.000000e+00
    outer loop
      vertex   4.200000e+01 0.000000e+00 1.000000e+01
      vertex   4.100000e+01 -1.000000e+00 1.000000e+01
      vertex   4.200000e+01 -2.550000e+01 1.000000e+01
    endloop
  endfacet
  facet normal 0.000000e+00 0.000000e+00 1.000000e+00
    outer loop
      vertex   4.200000e+01 -2.550000e+01 1.000000e+01
      vertex   4.100000e+01 -1.000000e+00 1.000000e+01
      vertex   4.100000e+01 -2.550000e+01 1.000000e+01
    endloop
  endfacet
  facet normal -1.000000e+00 -0.000000e+00 0.000000e+00
    outer loop
      vertex   0.000000e+00 -2.196593e+01 7.458819e+00
      vertex   0.000000e+00 -2.200000e+01 7.200000e+00
      vertex   0.000000e+00 -3.400000e+01 1.000000e+01
    endloop
  endfacet
  facet normal -1.000000e+00 0.000000e+00 0.000000e+00
    outer loop
      vertex   0.000000e+00 -3.400000e+01 1.000000e+01
      vertex   0.000000e+00 -2.200000e+01 7.200000e+00
      vertex   0.000000e+00 -2.200000e+01 5.600000e+00
    endloop
  endfacet
  facet normal -1.000000e+00 0.000000e+00 0.000000e+00
    outer loop
      vertex   0.000000e+00 -3.400000e+01 1.000000e+01
      vertex   0.000000e+00 -2.200000e+01 5.600000e+00
      vertex   0.000000e+00 -2.196593e+01 5.341181e+00
    endloop
  endfacet
  facet normal -1.000000e+00 0.000000e+00 0.000000e+00
    outer loop
      vertex   0.000000e+00 -3.400000e+01 1.000000e+01
      vertex   0.000000e+00 -2.196593e+01 5.341181e+00
      vertex   0.000000e+00 -3.400000e+01 0.000000e+00
    endloop
  endfacet
  facet normal -1.000000e+00 0.000000e+00 0.000000e+00
    outer loop
      vertex   0.000000e+00 -3.400000e+01 0.000000e+00
      vertex   0.000000e+00 -2.196593e+01 5.341181e+00
      vertex   0.000000e+00 -2.186603e+01 5.100000e+00
    endloop
  endfacet
  facet normal -1.000000e+00 0.000000e+00 0.000000e+00
    outer loop
      vertex   0.000000e+00 -3.400000e+01 0.000000e+00
      vertex   0.000000e+00 -2.186603e+01 5.100000e+00
      vertex   0.000000e+00 -2.170711e+01 4.892893e+00
    endloop
  endfacet
  facet normal -1.000000e+00 0.000000e+00 -0.000000e+00
    outer loop
      vertex   0.000000e+00 -2.170711e+01 4.892893e+00
      vertex   0.000000e+00 -2.150000e+01 4.733975e+00
      vertex   0.000000e+00 -3.400000e+01 0.000000e+00
    endloop
  endfacet
  facet normal -1.000000e+00 0.000000e+00 0.000000e+00
    outer loop
      vertex   0.000000e+00 -3.400000e+01 0.000000e+00
      vertex   0.000000e+00 -2.150000e+01 4.733975e+00
      vertex   0.000000e+00 -2.125882e+01 4.634074e+00
    endloop
  endfacet
  facet normal -1.000000e+00 0.000000e+00 0.000000e+00
    outer loop
      vertex   0.000000e+00 -3.400000e+01 0.000000e+00
      vertex   0.000000e+00 -2.125882e+01 4.634074e+00
      vertex   0.000000e+00 -2.100000e+01 4.600000e+00
    endloop
  endfacet
  facet normal -1.000000e+00 0.000000e+00 -0.000000e+00
    outer loop
      vertex   0.000000e+00 -2.100000e+01 4.600000e+00
      vertex   0.000000e+00 -1.300000e+01 4.600000e+00
      vertex   0.000000e+00 -3.400000e+01 0.000000e+00
    endloop
  endfacet
  facet normal -1.000000e+00 0.000000e+00 0.000000e+00
    outer loop
      vertex   0.000000e+00 -3.400000e+01 0.000000e+00
      vertex   0.000000e+00 -1.300000e+01 4.600000e+00
      vertex   0.000000e+00 0.000000e+00 0.000000e+00
    endloop
  endfacet
  facet normal -1.000000e+00 0.000000e+00 0.000000e+00
    outer loop
      vertex   0.000000e+00 0.000000e+00 0.000000e+00
      vertex   0.000000e+00 -1.300000e+01 4.600000e+00
      vertex   0.000000e+00 -1.274118e+01 4.634074e+00
    endloop
  endfacet
  facet normal -1.000000e+00 0.000000e+00 0.000000e+00
    outer loop
      vertex   0.000000e+00 0.000000e+00 0.000000e+00
      vertex   0.000000e+00 -1.274118e+01 4.634074e+00
      vertex   0.000000e+00 -1.250000e+01 4.733975e+00
    endloop
  endfacet
  facet normal -1.000000e+00 0.000000e+00 0.000000e+00
    outer loop
      vertex   0.000000e+00 -1.250000e+01 4.733975e+00
      vertex   0.000000e+00 -1.229289e+01 4.892893e+00
      vertex   0.000000e+00 0.000000e+00 0.000000e+00
    endloop
  endfacet
  facet normal -1.000000e+00 0.000000e+00 0.000000e+00
    outer loop
      vertex   0.000000e+00 0.000000e+00 0.000000e+00
      vertex   0.000000e+00 -1.229289e+01 4.892893e+00
      vertex   0.000000e+00 -1.213397e+01 5.100000e+00
    endloop
  endfacet
  facet normal -1.000000e+00 0.000000e+00 0.000000e+00
    outer loop
      vertex   0.000000e+00 0.000000e+00 0.000000e+00
      vertex   0.000000e+00 -1.213397e+01 5.100000e+00
      vertex   0.000000e+00 -1.203407e+01 5.341181e+00
    endloop
  endfacet
  facet normal -1.000000e+00 0.000000e+00 0.000000e+00
    outer loop
      vertex   0.000000e+00 0.000000e+00 0.000000e+00
      vertex   0.000000e+00 -1.203407e+01 5.341181e+00
      vertex   0.000000e+00 0.000000e+00 1.000000e+01
    endloop
  endfacet
  facet normal -1.000000e+00 0.000000e+00 0.000000e+00
    outer loop
      vertex   0.000000e+00 0.000000e+00 1.000000e+01
      vertex   0.000000e+00 -1.203407e+01 5.341181e+00
      vertex   0.000000e+00 -1.200000e+01 5.600000e+00
    endloop
  endfacet
  facet normal -1.000000e+00 0.000000e+00 0.000000e+00
    outer loop
      vertex   0.000000e+00 0.000000e+00 1.000000e+01
      vertex   0.000000e+00 -1.200000e+01 5.600000e+00
      vertex   0.000000e+00 -1.200000e+01 7.200000e+00
    endloop
  endfacet
  facet normal -1.000000e+00 0.000000e+00 0.000000e+00
    outer loop
      vertex   0.000000e+00 -1.200000e+01 7.200000e+00
      vertex   0.000000e+00 -1.203407e+01 7.458819e+00
      vertex   0.000000e+00 0.000000e+00 1.000000e+01
    endloop
  endfacet
  facet normal -1.000000e+00 0.000000e+00 0.000000e+00
    outer loop
      vertex   0.000000e+00 0.000000e+00 1.000000e+01
      vertex   0.000000e+00 -1.203407e+01 7.458819e+00
      vertex   0.000000e+00 -1.213397e+01 7.700000e+00
    endloop
  endfacet
  facet normal -1.000000e+00 0.000000e+00 0.000000e+00
    outer loop
      vertex   0.000000e+00 0.000000e+00 1.000000e+01
      vertex   0.000000e+00 -1.213397e+01 7.700000e+00
      vertex   0.000000e+00 -1.229289e+01 7.907107e+00
    endloop
  endfacet
  facet normal -1.000000e+00 0.000000e+00 0.000000e+00
    outer loop
      vertex   0.000000e+00 -1.229289e+01 7.907107e+00
      vertex   0.000000e+00 -1.250000e+01 8.066025e+00
      vertex   0.000000e+00 0.000000e+00 1.000000e+01
    endloop
  endfacet
  facet normal -1.000000e+00 0.000000e+00 0.000000e+00
    outer loop
      vertex   0.000000e+00 0.000000e+00 1.000000e+01
      vertex   0.000000e+00 -1.250000e+01 8.066025e+00
      vertex   0.000000e+00 -1.274118e+01 8.165926e+00
    endloop
  endfacet
  facet normal -1.000000e+00 0.000000e+00 0.000000e+00
    outer loop
      vertex   0.000000e+00 0.000000e+00 1.000000e+01
      vertex   0.000000e+00 -1.274118e+01 8.165926e+00
      vertex   0.000000e+00 -1.300000e+01 8.200000e+00
    endloop
  endfacet
  facet normal -1.000000e+00 -0.000000e+00 0.000000e+00
    outer loop
      vertex   0.000000e+00 0.000000e+00 1.000000e+01
      vertex   0.000000e+00 -1.300000e+01 8.200000e+00
      vertex   0.000000e+00 -3.400000e+01 1.000000e+01
    endloop
  endfacet
  facet normal -1.000000e+00 0.000000e+00 0.000000e+00
    outer loop
      vertex   0.000000e+00 -3.400000e+01 1.000000e+01
      vertex   0.000000e+00 -1.300000e+01 8.200000e+00
      vertex   0.000000e+00 -2.100000e+01 8.200000e+00
    endloop
  endfacet
  facet normal -1.000000e+00 0.000000e+00 0.000000e+00
    outer loop
      vertex   0.000000e+00 -3.400000e+01 1.000000e+01
      vertex   0.000000e+00 -2.100000e+01 8.200000e+00
      vertex   0.000000e+00 -2.125882e+01 8.165926e+00
    endloop
  endfacet
  facet normal -1.000000e+00 -0.000000e+00 0.000000e+00
    outer loop
      vertex   0.000000e+00 -2.125882e+01 8.165926e+00
      vertex   0.000000e+00 -2.150000e+01 8.066025e+00
      vertex   0.000000e+00 -3.400000e+01 1.000000e+01
    endloop
  endfacet
  facet normal -1.000000e+00 0.000000e+00 0.000000e+00
    outer loop
      vertex   0.000000e+00 -3.400000e+01 1.000000e+01
      vertex   0.000000e+00 -2.150000e+01 8.066025e+00
      vertex   0.000000e+00 -2.170711e+01 7.907107e+00
    endloop
  endfacet
  facet normal -1.000000e+00 0.000000e+00 0.000000e+00
    outer loop
      vertex   0.000000e+00 -3.400000e+01 1.000000e+01
      vertex   0.000000e+00 -2.170711e+01 7.907107e+00
      vertex   0.000000e+00 -2.186603e+01 7.700000e+00
    endloop
  endfacet
  facet normal -1.000000e+00 -0.000000e+00 0.000000e+00
    outer loop
      vertex   0.000000e+00 -2.186603e+01 7.700000e+00
      vertex   0.000000e+00 -2.196593e+01 7.458819e+00
      vertex   0.000000e+00 -3.400000e+01 1.000000e+01
    endloop
  endfacet
  facet normal 0.000000e+00 1.000000e+00 -0.000000e+00
    outer loop
      vertex   1.300000e+01 0.000000e+00 3.556624e+00
      vertex   1.200000e+01 0.000000e+00 3.556624e+00
      vertex   1.300000e+01 0.000000e+00 6.443376e+00
    endloop
  endfacet
  facet normal 0.000000e+00 1.000000e+00 0.000000e+00
    outer loop
      vertex   1.300000e+01 0.000000e+00 6.443376e+00
      vertex   1.200000e+01 0.000000e+00 3.556624e+00
      vertex   1.200000e+01 0.000000e+00 6.443376e+00
    endloop
  endfacet
  facet normal 0.000000e+00 1.000000e+00 -0.000000e+00
    outer loop
      vertex   1.300000e+01 0.000000e+00 6.443376e+00
      vertex   1.200000e+01 0.000000e+00 6.443376e+00
      vertex   1.550000e+01 0.000000e+00 7.886751e+00
    endloop
  endfacet
  facet normal 0.000000e+00 1.000000e+00 0.000000e+00
    outer loop
      vertex   1.550000e+01 0.000000e+00 7.886751e+00
      vertex   1.200000e+01 0.000000e+00 6.443376e+00
      vertex   9.500000e+00 0.000000e+00 7.886751e+00
    endloop
  endfacet
  facet normal 0.000000e+00 1.000000e+00 0.000000e+00
    outer loop
      vertex   1.550000e+01 0.000000e+00 7.886751e+00
      vertex   9.500000e+00 0.000000e+00 7.886751e+00
      vertex   0.000000e+00 0.000000e+00 1.000000e+01
    endloop
  endfacet
  facet normal 0.000000e+00 1.000000e+00 0.000000e+00
    outer loop
      vertex   0.000000e+00 0.000000e+00 1.000000e+01
      vertex   9.500000e+00 0.000000e+00 7.886751e+00
      vertex   3.500000e+00 0.000000e+00 7.886751e+00
    endloop
  endfacet
  facet normal 0.000000e+00 1.000000e+00 0.000000e+00
    outer loop
      vertex   0.000000e+00 0.000000e+00 1.000000e+01
      vertex   3.500000e+00 0.000000e+00 7.886751e+00
      vertex   1.000000e+00 0.000000e+00 6.443376e+00
    endloop
  endfacet
  facet normal -0.000000e+00 1.000000e+00 0.000000e+00
    outer loop
      vertex   1.200000e+01 0.000000e+00 3.556624e+00
      vertex   1.300000e+01 0.000000e+00 3.556624e+00
      vertex   9.500000e+00 0.000000e+00 2.113249e+00
    endloop
  endfacet
  facet normal 0.000000e+00 1.000000e+00 0.000000e+00
    outer loop
      vertex   9.500000e+00 0.000000e+00 2.113249e+00
      vertex   1.300000e+01 0.000000e+00 3.556624e+00
      vertex   1.550000e+01 0.000000e+00 2.113249e+00
    endloop
  endfacet
  facet normal -0.000000e+00 1.000000e+00 0.000000e+00
    outer loop
      vertex   9.500000e+00 0.000000e+00 2.113249e+00
      vertex   1.550000e+01 0.000000e+00 2.113249e+00
      vertex   0.000000e+00 0.000000e+00 0.000000e+00
    endloop
  endfacet
  facet normal 0.000000e+00 1.000000e+00 0.000000e+00
    outer loop
      vertex   0.000000e+00 0.000000e+00 0.000000e+00
      vertex   1.550000e+01 0.000000e+00 2.113249e+00
      vertex   2.150000e+01 0.000000e+00 2.113249e+00
    endloop
  endfacet
  facet normal -3.851860e-33 1.000000e+00 3.918847e-32
    outer loop
      vertex   0.000000e+00 0.000000e+00 0.000000e+00
      vertex   2.150000e+01 0.000000e+00 2.113249e+00
      vertex   4.200000e+01 1.617781e-31 0.000000e+00
    endloop
  endfacet
  facet normal 0.000000e+00 1.000000e+00 7.655422e-32
    outer loop
      vertex   4.200000e+01 1.617781e-31 0.000000e+00
      vertex   2.150000e+01 0.000000e+00 2.113249e+00
      vertex   2.750000e+01 0.000000e+00 2.113249e+00
    endloop
  endfacet
  facet normal 0.000000e+00 1.000000e+00 7.655422e-32
    outer loop
      vertex   4.200000e+01 1.617781e-31 0.000000e+00
      vertex   2.750000e+01 0.000000e+00 2.113249e+00
      vertex   3.350000e+01 0.000000e+00 2.113249e+00
    endloop
  endfacet
  facet normal 0.000000e+00 1.000000e+00 0.000000e+00
    outer loop
      vertex   3.350000e+01 0.000000e+00 2.113249e+00
      vertex   2.750000e+01 0.000000e+00 2.113249e+00
      vertex   3.100000e+01 0.000000e+00 3.556624e+00
    endloop
  endfacet
  facet normal 0.000000e+00 1.000000e+00 0.000000e+00
    outer loop
      vertex   3.100000e+01 0.000000e+00 3.556624e+00
      vertex   2.750000e+01 0.000000e+00 2.113249e+00
      vertex   3.000000e+01 0.000000e+00 3.556624e+00
    endloop
  endfacet
  facet normal 0.000000e+00 1.000000e+00 -0.000000e+00
    outer loop
      vertex   3.100000e+01 0.000000e+00 3.556624e+00
      vertex   3.000000e+01 0.000000e+00 3.556624e+00
      vertex   3.100000e+01 0.000000e+00 6.443376e+00
    endloop
  endfacet
  facet normal 0.000000e+00 1.000000e+00 0.000000e+00
    outer loop
      vertex   3.100000e+01 0.000000e+00 6.443376e+00
      vertex   3.000000e+01 0.000000e+00 3.556624e+00
      vertex   3.000000e+01 0.000000e+00 6.443376e+00
    endloop
  endfacet
  facet normal 0.000000e+00 1.000000e+00 -0.000000e+00
    outer loop
      vertex   3.100000e+01 0.000000e+00 6.443376e+00
      vertex   3.000000e+01 0.000000e+00 6.443376e+00
      vertex   3.350000e+01 0.000000e+00 7.886751e+00
    endloop
  endfacet
  facet normal 0.000000e+00 1.000000e+00 0.000000e+00
    outer loop
      vertex   3.350000e+01 0.000000e+00 7.886751e+00
      vertex   3.000000e+01 0.000000e+00 6.443376e+00
      vertex   2.750000e+01 0.000000e+00 7.886751e+00
    endloop
  endfacet
  facet normal 0.000000e+00 1.000000e+00 -0.000000e+00
    outer loop
      vertex   3.350000e+01 0.000000e+00 7.886751e+00
      vertex   2.750000e+01 0.000000e+00 7.886751e+00
      vertex   4.200000e+01 0.000000e+00 1.000000e+01
    endloop
  endfacet
  facet normal 0.000000e+00 1.000000e+00 0.000000e+00
    outer loop
      vertex   4.200000e+01 0.000000e+00 1.000000e+01
      vertex   2.750000e+01 0.000000e+00 7.886751e+00
      vertex   2.150000e+01 0.000000e+00 7.886751e+00
    endloop
  endfacet
  facet normal 0.000000e+00 1.000000e+00 0.000000e+00
    outer loop
      vertex   4.200000e+01 0.000000e+00 1.000000e+01
      vertex   2.150000e+01 0.000000e+00 7.886751e+00
      vertex   0.000000e+00 0.000000e+00 1.000000e+01
    endloop
  endfacet
  facet normal 0.000000e+00 1.000000e+00 0.000000e+00
    outer loop
      vertex   0.000000e+00 0.000000e+00 1.000000e+01
      vertex   2.150000e+01 0.000000e+00 7.886751e+00
      vertex   1.550000e+01 0.000000e+00 7.886751e+00
    endloop
  endfacet
  facet normal 0.000000e+00 1.000000e+00 0.000000e+00
    outer loop
      vertex   2.150000e+01 0.000000e+00 2.113249e+00
      vertex   1.550000e+01 0.000000e+00 2.113249e+00
      vertex   1.900000e+01 0.000000e+00 3.556624e+00
    endloop
  endfacet
  facet normal 0.000000e+00 1.000000e+00 0.000000e+00
    outer loop
      vertex   1.900000e+01 0.000000e+00 3.556624e+00
      vertex   1.550000e+01 0.000000e+00 2.113249e+00
      vertex   1.800000e+01 0.000000e+00 3.556624e+00
    endloop
  endfacet
  facet normal 0.000000e+00 1.000000e+00 -0.000000e+00
    outer loop
      vertex   1.900000e+01 0.000000e+00 3.556624e+00
      vertex   1.800000e+01 0.000000e+00 3.556624e+00
      vertex   1.900000e+01 0.000000e+00 6.443376e+00
    endloop
  endfacet
  facet normal 0.000000e+00 1.000000e+00 0.000000e+00
    outer loop
      vertex   1.900000e+01 0.000000e+00 6.443376e+00
      vertex   1.800000e+01 0.000000e+00 3.556624e+00
      vertex   1.800000e+01 0.000000e+00 6.443376e+00
    endloop
  endfacet
  facet normal 0.000000e+00 1.000000e+00 -0.000000e+00
    outer loop
      vertex   1.900000e+01 0.000000e+00 6.443376e+00
      vertex   1.800000e+01 0.000000e+00 6.443376e+00
      vertex   2.150000e+01 0.000000e+00 7.886751e+00
    endloop
  endfacet
  facet normal 0.000000e+00 1.000000e+00 0.000000e+00
    outer loop
      vertex   2.150000e+01 0.000000e+00 7.886751e+00
      vertex   1.800000e+01 0.000000e+00 6.443376e+00
      vertex   1.550000e+01 0.000000e+00 7.886751e+00
    endloop
  endfacet
  facet normal 0.000000e+00 1.000000e+00 0.000000e+00
    outer loop
      vertex   2.750000e+01 0.000000e+00 2.113249e+00
      vertex   2.150000e+01 0.000000e+00 2.113249e+00
      vertex   2.500000e+01 0.000000e+00 3.556624e+00
    endloop
  endfacet
  facet normal 0.000000e+00 1.000000e+00 0.000000e+00
    outer loop
      vertex   2.500000e+01 0.000000e+00 3.556624e+00
      vertex   2.150000e+01 0.000000e+00 2.113249e+00
      vertex   2.400000e+01 0.000000e+00 3.556624e+00
    endloop
  endfacet
  facet normal 0.000000e+00 1.000000e+00 -0.000000e+00
    outer loop
      vertex   2.500000e+01 0.000000e+00 3.556624e+00
      vertex   2.400000e+01 0.000000e+00 3.556624e+00
      vertex   2.500000e+01 0.000000e+00 6.443376e+00
    endloop
  endfacet
  facet normal 0.000000e+00 1.000000e+00 0.000000e+00
    outer loop
      vertex   2.500000e+01 0.000000e+00 6.443376e+00
      vertex   2.400000e+01 0.000000e+00 3.556624e+00
      vertex   2.400000e+01 0.000000e+00 6.443376e+00
    endloop
  endfacet
  facet normal 0.000000e+00 1.000000e+00 -0.000000e+00
    outer loop
      vertex   2.500000e+01 0.000000e+00 6.443376e+00
      vertex   2.400000e+01 0.000000e+00 6.443376e+00
      vertex   2.750000e+01 0.000000e+00 7.886751e+00
    endloop
  endfacet
  facet normal 0.000000e+00 1.000000e+00 0.000000e+00
    outer loop
      vertex   2.750000e+01 0.000000e+00 7.886751e+00
      vertex   2.400000e+01 0.000000e+00 6.443376e+00
      vertex   2.150000e+01 0.000000e+00 7.886751e+00
    endloop
  endfacet
  facet normal -0.000000e+00 1.000000e+00 0.000000e+00
    outer loop
      vertex   3.600000e+01 0.000000e+00 6.443376e+00
      vertex   4.200000e+01 0.000000e+00 1.000000e+01
      vertex   3.600000e+01 0.000000e+00 3.556624e+00
    endloop
  endfacet
  facet normal -1.737329e-32 1.000000e+00 1.617781e-32
    outer loop
      vertex   3.600000e+01 0.000000e+00 3.556624e+00
      vertex   4.200000e+01 0.000000e+00 1.000000e+01
      vertex   4.200000e+01 1.617781e-31 0.000000e+00
    endloop
  endfacet
  facet normal -1.330384e-32 1.000000e+00 2.304293e-32
    outer loop
      vertex   3.600000e+01 0.000000e+00 3.556624e+00
      vertex   4.200000e+01 1.617781e-31 0.000000e+00
      vertex   3.350000e+01 0.000000e+00 2.113249e+00
    endloop
  endfacet
  facet normal 0.000000e+00 1.000000e+00 -0.000000e+00
    outer loop
      vertex   3.600000e+01 0.000000e+00 6.443376e+00
      vertex   3.350000e+01 0.000000e+00 7.886751e+00
      vertex   4.200000e+01 0.000000e+00 1.000000e+01
    endloop
  endfacet
  facet normal -0.000000e+00 1.000000e+00 0.000000e+00
    outer loop
      vertex   3.500000e+00 0.000000e+00 7.886751e+00
      vertex   9.500000e+00 0.000000e+00 7.886751e+00
      vertex   6.000000e+00 0.000000e+00 6.443376e+00
    endloop
  endfacet
  facet normal 0.000000e+00 1.000000e+00 0.000000e+00
    outer loop
      vertex   6.000000e+00 0.000000e+00 6.443376e+00
      vertex   9.500000e+00 0.000000e+00 7.886751e+00
      vertex   7.000000e+00 0.000000e+00 6.443376e+00
    endloop
  endfacet
  facet normal -0.000000e+00 1.000000e+00 0.000000e+00
    outer loop
      vertex   6.000000e+00 0.000000e+00 6.443376e+00
      vertex   7.000000e+00 0.000000e+00 6.443376e+00
      vertex   6.000000e+00 0.000000e+00 3.556624e+00
    endloop
  endfacet
  facet normal 0.000000e+00 1.000000e+00 0.000000e+00
    outer loop
      vertex   6.000000e+00 0.000000e+00 3.556624e+00
      vertex   7.000000e+00 0.000000e+00 6.443376e+00
      vertex   7.000000e+00 0.000000e+00 3.556624e+00
    endloop
  endfacet
  facet normal -0.000000e+00 1.000000e+00 0.000000e+00
    outer loop
      vertex   6.000000e+00 0.000000e+00 3.556624e+00
      vertex   7.000000e+00 0.000000e+00 3.556624e+00
      vertex   5.035898e+00 0.000000e+00 3.000000e+00
    endloop
  endfacet
  facet normal -0.000000e+00 1.000000e+00 0.000000e+00
    outer loop
      vertex   5.035898e+00 0.000000e+00 3.000000e+00
      vertex   7.000000e+00 0.000000e+00 3.556624e+00
      vertex   9.500000e+00 0.000000e+00 2.113249e+00
    endloop
  endfacet
  facet normal 0.000000e+00 1.000000e+00 0.000000e+00
    outer loop
      vertex   5.035898e+00 0.000000e+00 3.000000e+00
      vertex   9.500000e+00 0.000000e+00 2.113249e+00
      vertex   0.000000e+00 0.000000e+00 0.000000e+00
    endloop
  endfacet
  facet normal 0.000000e+00 1.000000e+00 0.000000e+00
    outer loop
      vertex   1.000000e+00 0.000000e+00 6.443376e+00
      vertex   1.000000e+00 0.000000e+00 3.556624e+00
      vertex   0.000000e+00 0.000000e+00 1.000000e+01
    endloop
  endfacet
  facet normal 0.000000e+00 1.000000e+00 0.000000e+00
    outer loop
      vertex   0.000000e+00 0.000000e+00 1.000000e+01
      vertex   1.000000e+00 0.000000e+00 3.556624e+00
      vertex   0.000000e+00 0.000000e+00 0.000000e+00
    endloop
  endfacet
  facet normal 0.000000e+00 1.000000e+00 0.000000e+00
    outer loop
      vertex   0.000000e+00 0.000000e+00 0.000000e+00
      vertex   1.000000e+00 0.000000e+00 3.556624e+00
      vertex   1.964102e+00 0.000000e+00 3.000000e+00
    endloop
  endfacet
  facet normal 0.000000e+00 1.000000e+00 0.000000e+00
    outer loop
      vertex   0.000000e+00 0.000000e+00 0.000000e+00
      vertex   1.964102e+00 0.000000e+00 3.000000e+00
      vertex   5.035898e+00 0.000000e+00 3.000000e+00
    endloop
  endfacet
  facet normal 1.000000e+00 2.454309e-08 -1.422384e-07
    outer loop
      vertex   4.200000e+01 -2.550000e+01 1.000000e+01
      vertex   4.200000e+01 -2.550000e+01 5.600000e+00
      vertex   4.200000e+01 0.000000e+00 1.000000e+01
    endloop
  endfacet
  facet normal 1.000000e+00 0.000000e+00 0.000000e+00
    outer loop
      vertex   4.200000e+01 0.000000e+00 1.000000e+01
      vertex   4.200000e+01 -2.550000e+01 5.600000e+00
      vertex   4.200000e+01 -2.553407e+01 5.341181e+00
    endloop
  endfacet
  facet normal 1.000000e+00 0.000000e+00 0.000000e+00
    outer loop
      vertex   4.200000e+01 0.000000e+00 1.000000e+01
      vertex   4.200000e+01 -2.553407e+01 5.341181e+00
      vertex   4.200000e+01 1.617781e-31 0.000000e+00
    endloop
  endfacet
  facet normal 1.000000e+00 0.000000e+00 0.000000e+00
    outer loop
      vertex   4.200000e+01 1.617781e-31 0.000000e+00
      vertex   4.200000e+01 -2.553407e+01 5.341181e+00
      vertex   4.200000e+01 -2.563397e+01 5.100000e+00
    endloop
  endfacet
  facet normal 1.000000e+00 0.000000e+00 0.000000e+00
    outer loop
      vertex   4.200000e+01 1.617781e-31 0.000000e+00
      vertex   4.200000e+01 -2.563397e+01 5.100000e+00
      vertex   4.200000e+01 -2.579289e+01 4.892893e+00
    endloop
  endfacet
  facet normal 1.000000e+00 0.000000e+00 0.000000e+00
    outer loop
      vertex   4.200000e+01 -2.579289e+01 4.892893e+00
      vertex   4.200000e+01 -2.600000e+01 4.733975e+00
      vertex   4.200000e+01 1.617781e-31 0.000000e+00
    endloop
  endfacet
  facet normal 1.000000e+00 0.000000e+00 0.000000e+00
    outer loop
      vertex   4.200000e+01 1.617781e-31 0.000000e+00
      vertex   4.200000e+01 -2.600000e+01 4.733975e+00
      vertex   4.200000e+01 -2.624118e+01 4.634074e+00
    endloop
  endfacet
  facet normal 1.000000e+00 0.000000e+00 0.000000e+00
    outer loop
      vertex   4.200000e+01 1.617781e-31 0.000000e+00
      vertex   4.200000e+01 -2.624118e+01 4.634074e+00
      vertex   4.200000e+01 -3.400000e+01 0.000000e+00
    endloop
  endfacet
  facet normal 1.000000e+00 0.000000e+00 0.000000e+00
    outer loop
      vertex   4.200000e+01 -3.400000e+01 0.000000e+00
      vertex   4.200000e+01 -2.624118e+01 4.634074e+00
      vertex   4.200000e+01 -2.650000e+01 4.600000e+00
    endloop
  endfacet
  facet normal 1.000000e+00 0.000000e+00 0.000000e+00
    outer loop
      vertex   4.200000e+01 -3.400000e+01 0.000000e+00
      vertex   4.200000e+01 -2.650000e+01 4.600000e+00
      vertex   4.200000e+01 -2.950000e+01 4.600000e+00
    endloop
  endfacet
  facet normal 1.000000e+00 0.000000e+00 0.000000e+00
    outer loop
      vertex   4.200000e+01 -2.950000e+01 4.600000e+00
      vertex   4.200000e+01 -2.975882e+01 4.634074e+00
      vertex   4.200000e+01 -3.400000e+01 0.000000e+00
    endloop
  endfacet
  facet normal 1.000000e+00 0.000000e+00 0.000000e+00
    outer loop
      vertex   4.200000e+01 -3.400000e+01 0.000000e+00
      vertex   4.200000e+01 -2.975882e+01 4.634074e+00
      vertex   4.200000e+01 -3.000000e+01 4.733975e+00
    endloop
  endfacet
  facet normal 1.000000e+00 0.000000e+00 0.000000e+00
    outer loop
      vertex   4.200000e+01 -3.400000e+01 0.000000e+00
      vertex   4.200000e+01 -3.000000e+01 4.733975e+00
      vertex   4.200000e+01 -3.020711e+01 4.892893e+00
    endloop
  endfacet
  facet normal 1.000000e+00 0.000000e+00 0.000000e+00
    outer loop
      vertex   4.200000e+01 -3.020711e+01 4.892893e+00
      vertex   4.200000e+01 -3.036603e+01 5.100000e+00
      vertex   4.200000e+01 -3.400000e+01 0.000000e+00
    endloop
  endfacet
  facet normal 1.000000e+00 0.000000e+00 0.000000e+00
    outer loop
      vertex   4.200000e+01 -3.400000e+01 0.000000e+00
      vertex   4.200000e+01 -3.036603e+01 5.100000e+00
      vertex   4.200000e+01 -3.046593e+01 5.341181e+00
    endloop
  endfacet
  facet normal 1.000000e+00 0.000000e+00 0.000000e+00
    outer loop
      vertex   4.200000e+01 -3.400000e+01 0.000000e+00
      vertex   4.200000e+01 -3.046593e+01 5.341181e+00
      vertex   4.200000e+01 -3.050000e+01 5.600000e+00
    endloop
  endfacet
  facet normal 1.000000e+00 -1.788140e-07 -1.422384e-07
    outer loop
      vertex   4.200000e+01 -3.050000e+01 1.000000e+01
      vertex   4.200000e+01 -3.400000e+01 1.000000e+01
      vertex   4.200000e+01 -3.050000e+01 5.600000e+00
    endloop
  endfacet
  facet normal 1.000000e+00 0.000000e+00 0.000000e+00
    outer loop
      vertex   4.200000e+01 -3.050000e+01 5.600000e+00
      vertex   4.200000e+01 -3.400000e+01 1.000000e+01
      vertex   4.200000e+01 -3.400000e+01 0.000000e+00
    endloop
  endfacet
  facet normal 0.000000e+00 -1.000000e+00 0.000000e+00
    outer loop
      vertex   1.300000e+01 -3.400000e+01 6.443376e+00
      vertex   1.200000e+01 -3.400000e+01 6.443376e+00
      vertex   1.300000e+01 -3.400000e+01 3.556624e+00
    endloop
  endfacet
  facet normal -0.000000e+00 -1.000000e+00 0.000000e+00
    outer loop
      vertex   1.300000e+01 -3.400000e+01 3.556624e+00
      vertex   1.200000e+01 -3.400000e+01 6.443376e+00
      vertex   1.200000e+01 -3.400000e+01 3.556624e+00
    endloop
  endfacet
  facet normal 0.000000e+00 -1.000000e+00 -0.000000e+00
    outer loop
      vertex   1.300000e+01 -3.400000e+01 3.556624e+00
      vertex   1.200000e+01 -3.400000e+01 3.556624e+00
      vertex   1.550000e+01 -3.400000e+01 2.113249e+00
    endloop
  endfacet
  facet normal 0.000000e+00 -1.000000e+00 0.000000e+00
    outer loop
      vertex   1.550000e+01 -3.400000e+01 2.113249e+00
      vertex   1.200000e+01 -3.400000e+01 3.556624e+00
      vertex   9.500000e+00 -3.400000e+01 2.113249e+00
    endloop
  endfacet
  facet normal -0.000000e+00 -1.000000e+00 0.000000e+00
    outer loop
      vertex   1.550000e+01 -3.400000e+01 2.113249e+00
      vertex   9.500000e+00 -3.400000e+01 2.113249e+00
      vertex   0.000000e+00 -3.400000e+01 0.000000e+00
    endloop
  endfacet
  facet normal 0.000000e+00 -1.000000e+00 0.000000e+00
    outer loop
      vertex   0.000000e+00 -3.400000e+01 0.000000e+00
      vertex   9.500000e+00 -3.400000e+01 2.113249e+00
      vertex   5.035898e+00 -3.400000e+01 3.000000e+00
    endloop
  endfacet
  facet normal 0.000000e+00 -1.000000e+00 0.000000e+00
    outer loop
      vertex   0.000000e+00 -3.400000e+01 0.000000e+00
      vertex   5.035898e+00 -3.400000e+01 3.000000e+00
      vertex   1.964102e+00 -3.400000e+01 3.000000e+00
    endloop
  endfacet
  facet normal 0.000000e+00 -1.000000e+00 0.000000e+00
    outer loop
      vertex   1.200000e+01 -3.400000e+01 6.443376e+00
      vertex   1.300000e+01 -3.400000e+01 6.443376e+00
      vertex   9.500000e+00 -3.400000e+01 7.886751e+00
    endloop
  endfacet
  facet normal 0.000000e+00 -1.000000e+00 0.000000e+00
    outer loop
      vertex   9.500000e+00 -3.400000e+01 7.886751e+00
      vertex   1.300000e+01 -3.400000e+01 6.443376e+00
      vertex   1.550000e+01 -3.400000e+01 7.886751e+00
    endloop
  endfacet
  facet normal 0.000000e+00 -1.000000e+00 0.000000e+00
    outer loop
      vertex   9.500000e+00 -3.400000e+01 7.886751e+00
      vertex   1.550000e+01 -3.400000e+01 7.886751e+00
      vertex   0.000000e+00 -3.400000e+01 1.000000e+01
    endloop
  endfacet
  facet normal 0.000000e+00 -1.000000e+00 0.000000e+00
    outer loop
      vertex   0.000000e+00 -3.400000e+01 1.000000e+01
      vertex   1.550000e+01 -3.400000e+01 7.886751e+00
      vertex   2.150000e+01 -3.400000e+01 7.886751e+00
    endloop
  endfacet
  facet normal 0.000000e+00 -1.000000e+00 0.000000e+00
    outer loop
      vertex   0.000000e+00 -3.400000e+01 1.000000e+01
      vertex   2.150000e+01 -3.400000e+01 7.886751e+00
      vertex   4.200000e+01 -3.400000e+01 1.000000e+01
    endloop
  endfacet
  facet normal 0.000000e+00 -1.000000e+00 0.000000e+00
    outer loop
      vertex   4.200000e+01 -3.400000e+01 1.000000e+01
      vertex   2.150000e+01 -3.400000e+01 7.886751e+00
      vertex   2.750000e+01 -3.400000e+01 7.886751e+00
    endloop
  endfacet
  facet normal 0.000000e+00 -1.000000e+00 0.000000e+00
    outer loop
      vertex   4.200000e+01 -3.400000e+01 1.000000e+01
      vertex   2.750000e+01 -3.400000e+01 7.886751e+00
      vertex   3.350000e+01 -3.400000e+01 7.886751e+00
    endloop
  endfacet
  facet normal -0.000000e+00 -1.000000e+00 0.000000e+00
    outer loop
      vertex   3.350000e+01 -3.400000e+01 7.886751e+00
      vertex   2.750000e+01 -3.400000e+01 7.886751e+00
      vertex   3.100000e+01 -3.400000e+01 6.443376e+00
    endloop
  endfacet
  facet normal -0.000000e+00 -1.000000e+00 0.000000e+00
    outer loop
      vertex   3.100000e+01 -3.400000e+01 6.443376e+00
      vertex   2.750000e+01 -3.400000e+01 7.886751e+00
      vertex   3.000000e+01 -3.400000e+01 6.443376e+00
    endloop
  endfacet
  facet normal 0.000000e+00 -1.000000e+00 0.000000e+00
    outer loop
      vertex   3.100000e+01 -3.400000e+01 6.443376e+00
      vertex   3.000000e+01 -3.400000e+01 6.443376e+00
      vertex   3.100000e+01 -3.400000e+01 3.556624e+00
    endloop
  endfacet
  facet normal -0.000000e+00 -1.000000e+00 0.000000e+00
    outer loop
      vertex   3.100000e+01 -3.400000e+01 3.556624e+00
      vertex   3.000000e+01 -3.400000e+01 6.443376e+00
      vertex   3.000000e+01 -3.400000e+01 3.556624e+00
    endloop
  endfacet
  facet normal 0.000000e+00 -1.000000e+00 -0.000000e+00
    outer loop
      vertex   3.100000e+01 -3.400000e+01 3.556624e+00
      vertex   3.000000e+01 -3.400000e+01 3.556624e+00
      vertex   3.350000e+01 -3.400000e+01 2.113249e+00
    endloop
  endfacet
  facet normal 0.000000e+00 -1.000000e+00 0.000000e+00
    outer loop
      vertex   3.350000e+01 -3.400000e+01 2.113249e+00
      vertex   3.000000e+01 -3.400000e+01 3.556624e+00
      vertex   2.750000e+01 -3.400000e+01 2.113249e+00
    endloop
  endfacet
  facet normal -0.000000e+00 -1.000000e+00 -0.000000e+00
    outer loop
      vertex   3.350000e+01 -3.400000e+01 2.113249e+00
      vertex   2.750000e+01 -3.400000e+01 2.113249e+00
      vertex   4.200000e+01 -3.400000e+01 0.000000e+00
    endloop
  endfacet
  facet normal 0.000000e+00 -1.000000e+00 0.000000e+00
    outer loop
      vertex   4.200000e+01 -3.400000e+01 0.000000e+00
      vertex   2.750000e+01 -3.400000e+01 2.113249e+00
      vertex   2.150000e+01 -3.400000e+01 2.113249e+00
    endloop
  endfacet
  facet normal 0.000000e+00 -1.000000e+00 0.000000e+00
    outer loop
      vertex   4.200000e+01 -3.400000e+01 0.000000e+00
      vertex   2.150000e+01 -3.400000e+01 2.113249e+00
      vertex   0.000000e+00 -3.400000e+01 0.000000e+00
    endloop
  endfacet
  facet normal 0.000000e+00 -1.000000e+00 0.000000e+00
    outer loop
      vertex   0.000000e+00 -3.400000e+01 0.000000e+00
      vertex   2.150000e+01 -3.400000e+01 2.113249e+00
      vertex   1.550000e+01 -3.400000e+01 2.113249e+00
    endloop
  endfacet
  facet normal -0.000000e+00 -1.000000e+00 0.000000e+00
    outer loop
      vertex   2.150000e+01 -3.400000e+01 7.886751e+00
      vertex   1.550000e+01 -3.400000e+01 7.886751e+00
      vertex   1.900000e+01 -3.400000e+01 6.443376e+00
    endloop
  endfacet
  facet normal -0.000000e+00 -1.000000e+00 0.000000e+00
    outer loop
      vertex   1.900000e+01 -3.400000e+01 6.443376e+00
      vertex   1.550000e+01 -3.400000e+01 7.886751e+00
      vertex   1.800000e+01 -3.400000e+01 6.443376e+00
    endloop
  endfacet
  facet normal 0.000000e+00 -1.000000e+00 0.000000e+00
    outer loop
      vertex   1.900000e+01 -3.400000e+01 6.443376e+00
      vertex   1.800000e+01 -3.400000e+01 6.443376e+00
      vertex   1.900000e+01 -3.400000e+01 3.556624e+00
    endloop
  endfacet
  facet normal -0.000000e+00 -1.000000e+00 0.000000e+00
    outer loop
      vertex   1.900000e+01 -3.400000e+01 3.556624e+00
      vertex   1.800000e+01 -3.400000e+01 6.443376e+00
      vertex   1.800000e+01 -3.400000e+01 3.556624e+00
    endloop
  endfacet
  facet normal 0.000000e+00 -1.000000e+00 -0.000000e+00
    outer loop
      vertex   1.900000e+01 -3.400000e+01 3.556624e+00
      vertex   1.800000e+01 -3.400000e+01 3.556624e+00
      vertex   2.150000e+01 -3.400000e+01 2.113249e+00
    endloop
  endfacet
  facet normal 0.000000e+00 -1.000000e+00 0.000000e+00
    outer loop
      vertex   2.150000e+01 -3.400000e+01 2.113249e+00
      vertex   1.800000e+01 -3.400000e+01 3.556624e+00
      vertex   1.550000e+01 -3.400000e+01 2.113249e+00
    endloop
  endfacet
  facet normal 0.000000e+00 -1.000000e+00 0.000000e+00
    outer loop
      vertex   2.150000e+01 -3.400000e+01 2.113249e+00
      vertex   2.750000e+01 -3.400000e+01 2.113249e+00
      vertex   2.400000e+01 -3.400000e+01 3.556624e+00
    endloop
  endfacet
  facet normal 0.000000e+00 -1.000000e+00 0.000000e+00
    outer loop
      vertex   2.400000e+01 -3.400000e+01 3.556624e+00
      vertex   2.750000e+01 -3.400000e+01 2.113249e+00
      vertex   2.500000e+01 -3.400000e+01 3.556624e+00
    endloop
  endfacet
  facet normal 0.000000e+00 -1.000000e+00 0.000000e+00
    outer loop
      vertex   2.400000e+01 -3.400000e+01 3.556624e+00
      vertex   2.500000e+01 -3.400000e+01 3.556624e+00
      vertex   2.400000e+01 -3.400000e+01 6.443376e+00
    endloop
  endfacet
  facet normal 0.000000e+00 -1.000000e+00 0.000000e+00
    outer loop
      vertex   2.400000e+01 -3.400000e+01 6.443376e+00
      vertex   2.500000e+01 -3.400000e+01 3.556624e+00
      vertex   2.500000e+01 -3.400000e+01 6.443376e+00
    endloop
  endfacet
  facet normal 0.000000e+00 -1.000000e+00 0.000000e+00
    outer loop
      vertex   2.400000e+01 -3.400000e+01 6.443376e+00
      vertex   2.500000e+01 -3.400000e+01 6.443376e+00
      vertex   2.150000e+01 -3.400000e+01 7.886751e+00
    endloop
  endfacet
  facet normal 0.000000e+00 -1.000000e+00 0.000000e+00
    outer loop
      vertex   2.150000e+01 -3.400000e+01 7.886751e+00
      vertex   2.500000e+01 -3.400000e+01 6.443376e+00
      vertex   2.750000e+01 -3.400000e+01 7.886751e+00
    endloop
  endfacet
  facet normal 0.000000e+00 -1.000000e+00 0.000000e+00
    outer loop
      vertex   3.350000e+01 -3.400000e+01 7.886751e+00
      vertex   3.600000e+01 -3.400000e+01 6.443376e+00
      vertex   4.200000e+01 -3.400000e+01 1.000000e+01
    endloop
  endfacet
  facet normal 0.000000e+00 -1.000000e+00 0.000000e+00
    outer loop
      vertex   4.200000e+01 -3.400000e+01 1.000000e+01
      vertex   3.600000e+01 -3.400000e+01 6.443376e+00
      vertex   3.600000e+01 -3.400000e+01 3.556624e+00
    endloop
  endfacet
  facet normal 0.000000e+00 -1.000000e+00 -0.000000e+00
    outer loop
      vertex   4.200000e+01 -3.400000e+01 1.000000e+01
      vertex   3.600000e+01 -3.400000e+01 3.556624e+00
      vertex   4.200000e+01 -3.400000e+01 0.000000e+00
    endloop
  endfacet
  facet normal 0.000000e+00 -1.000000e+00 0.000000e+00
    outer loop
      vertex   4.200000e+01 -3.400000e+01 0.000000e+00
      vertex   3.600000e+01 -3.400000e+01 3.556624e+00
      vertex   3.350000e+01 -3.400000e+01 2.113249e+00
    endloop
  endfacet
  facet normal -0.000000e+00 -1.000000e+00 0.000000e+00
    outer loop
      vertex   9.500000e+00 -3.400000e+01 7.886751e+00
      vertex   3.500000e+00 -3.400000e+01 7.886751e+00
      vertex   7.000000e+00 -3.400000e+01 6.443376e+00
    endloop
  endfacet
  facet normal -0.000000e+00 -1.000000e+00 0.000000e+00
    outer loop
      vertex   7.000000e+00 -3.400000e+01 6.443376e+00
      vertex   3.500000e+00 -3.400000e+01 7.886751e+00
      vertex   6.000000e+00 -3.400000e+01 6.443376e+00
    endloop
  endfacet
  facet normal 0.000000e+00 -1.000000e+00 0.000000e+00
    outer loop
      vertex   7.000000e+00 -3.400000e+01 6.443376e+00
      vertex   6.000000e+00 -3.400000e+01 6.443376e+00
      vertex   7.000000e+00 -3.400000e+01 3.556624e+00
    endloop
  endfacet
  facet normal -0.000000e+00 -1.000000e+00 0.000000e+00
    outer loop
      vertex   7.000000e+00 -3.400000e+01 3.556624e+00
      vertex   6.000000e+00 -3.400000e+01 6.443376e+00
      vertex   6.000000e+00 -3.400000e+01 3.556624e+00
    endloop
  endfacet
  facet normal 0.000000e+00 -1.000000e+00 0.000000e+00
    outer loop
      vertex   7.000000e+00 -3.400000e+01 3.556624e+00
      vertex   6.000000e+00 -3.400000e+01 3.556624e+00
      vertex   5.035898e+00 -3.400000e+01 3.000000e+00
    endloop
  endfacet
  facet normal 0.000000e+00 -1.000000e+00 0.000000e+00
    outer loop
      vertex   9.500000e+00 -3.400000e+01 2.113249e+00
      vertex   7.000000e+00 -3.400000e+01 3.556624e+00
      vertex   5.035898e+00 -3.400000e+01 3.000000e+00
    endloop
  endfacet
  facet normal -0.000000e+00 -1.000000e+00 0.000000e+00
    outer loop
      vertex   1.964102e+00 -3.400000e+01 3.000000e+00
      vertex   1.000000e+00 -3.400000e+01 3.556624e+00
      vertex   0.000000e+00 -3.400000e+01 0.000000e+00
    endloop
  endfacet
  facet normal 0.000000e+00 -1.000000e+00 0.000000e+00
    outer loop
      vertex   0.000000e+00 -3.400000e+01 0.000000e+00
      vertex   1.000000e+00 -3.400000e+01 3.556624e+00
      vertex   0.000000e+00 -3.400000e+01 1.000000e+01
    endloop
  endfacet
  facet normal 0.000000e+00 -1.000000e+00 0.000000e+00
    outer loop
      vertex   0.000000e+00 -3.400000e+01 1.000000e+01
      vertex   1.000000e+00 -3.400000e+01 3.556624e+00
      vertex   1.000000e+00 -3.400000e+01 6.443376e+00
    endloop
  endfacet
  facet normal 0.000000e+00 -1.000000e+00 0.000000e+00
    outer loop
      vertex   0.000000e+00 -3.400000e+01 1.000000e+01
      vertex   1.000000e+00 -3.400000e+01 6.443376e+00
      vertex   3.500000e+00 -3.400000e+01 7.886751e+00
    endloop
  endfacet
  facet normal 0.000000e+00 -1.000000e+00 0.000000e+00
    outer loop
      vertex   3.500000e+00 -3.400000e+01 7.886751e+00
      vertex   9.500000e+00 -3.400000e+01 7.886751e+00
      vertex   0.000000e+00 -3.400000e+01 1.000000e+01
    endloop
  endfacet
  facet normal 0.000000e+00 0.000000e+00 -1.000000e+00
    outer loop
      vertex   3.650000e+01 -9.113249e+00 0.000000e+00
      vertex   3.600000e+01 -5.556624e+00 0.000000e+00
      vertex   3.900000e+01 -1.055662e+01 0.000000e+00
    endloop
  endfacet
  facet normal 0.000000e+00 0.000000e+00 -1.000000e+00
    outer loop
      vertex   3.900000e+01 -1.055662e+01 0.000000e+00
      vertex   3.600000e+01 -5.556624e+00 0.000000e+00
      vertex   4.200000e+01 1.617781e-31 0.000000e+00
    endloop
  endfacet
  facet normal 0.000000e+00 0.000000e+00 -1.000000e+00
    outer loop
      vertex   3.900000e+01 -1.055662e+01 0.000000e+00
      vertex   4.200000e+01 1.617781e-31 0.000000e+00
      vertex   3.900000e+01 -1.344338e+01 0.000000e+00
    endloop
  endfacet
  facet normal 0.000000e+00 0.000000e+00 -1.000000e+00
    outer loop
      vertex   3.900000e+01 -1.344338e+01 0.000000e+00
      vertex   4.200000e+01 1.617781e-31 0.000000e+00
      vertex   4.200000e+01 -3.400000e+01 0.000000e+00
    endloop
  endfacet
  facet normal 0.000000e+00 0.000000e+00 -1.000000e+00
    outer loop
      vertex   3.900000e+01 -1.344338e+01 0.000000e+00
      vertex   4.200000e+01 -3.400000e+01 0.000000e+00
      vertex   3.900000e+01 -2.055662e+01 0.000000e+00
    endloop
  endfacet
  facet normal 0.000000e+00 0.000000e+00 -1.000000e+00
    outer loop
      vertex   3.900000e+01 -2.055662e+01 0.000000e+00
      vertex   4.200000e+01 -3.400000e+01 0.000000e+00
      vertex   3.900000e+01 -2.344338e+01 0.000000e+00
    endloop
  endfacet
  facet normal 0.000000e+00 -0.000000e+00 -1.000000e+00
    outer loop
      vertex   3.900000e+01 -2.344338e+01 0.000000e+00
      vertex   4.200000e+01 -3.400000e+01 0.000000e+00
      vertex   3.600000e+01 -2.844338e+01 0.000000e+00
    endloop
  endfacet
  facet normal 0.000000e+00 0.000000e+00 -1.000000e+00
    outer loop
      vertex   3.900000e+01 -2.344338e+01 0.000000e+00
      vertex   3.600000e+01 -2.844338e+01 0.000000e+00
      vertex   3.650000e+01 -2.488675e+01 0.000000e+00
    endloop
  endfacet
  facet normal 0.000000e+00 0.000000e+00 -1.000000e+00
    outer loop
      vertex   3.650000e+01 -2.488675e+01 0.000000e+00
      vertex   3.600000e+01 -2.844338e+01 0.000000e+00
      vertex   3.600000e+01 -2.555662e+01 0.000000e+00
    endloop
  endfacet
  facet normal -0.000000e+00 0.000000e+00 -1.000000e+00
    outer loop
      vertex   3.650000e+01 -2.488675e+01 0.000000e+00
      vertex   3.600000e+01 -2.555662e+01 0.000000e+00
      vertex   3.350000e+01 -2.411325e+01 0.000000e+00
    endloop
  endfacet
  facet normal 0.000000e+00 0.000000e+00 -1.000000e+00
    outer loop
      vertex   3.400000e+01 -1.055662e+01 0.000000e+00
      vertex   3.350000e+01 -9.886751e+00 0.000000e+00
      vertex   3.650000e+01 -9.113249e+00 0.000000e+00
    endloop
  endfacet
  facet normal -0.000000e+00 0.000000e+00 -1.000000e+00
    outer loop
      vertex   3.650000e+01 -9.113249e+00 0.000000e+00
      vertex   3.350000e+01 -9.886751e+00 0.000000e+00
      vertex   3.600000e+01 -8.443376e+00 0.000000e+00
    endloop
  endfacet
  facet normal 0.000000e+00 0.000000e+00 -1.000000e+00
    outer loop
      vertex   3.650000e+01 -9.113249e+00 0.000000e+00
      vertex   3.600000e+01 -8.443376e+00 0.000000e+00
      vertex   3.600000e+01 -5.556624e+00 0.000000e+00
    endloop
  endfacet
  facet normal 0.000000e+00 0.000000e+00 -1.000000e+00
    outer loop
      vertex   3.400000e+01 -1.344338e+01 0.000000e+00
      vertex   3.300000e+01 -1.344338e+01 0.000000e+00
      vertex   3.400000e+01 -1.055662e+01 0.000000e+00
    endloop
  endfacet
  facet normal -0.000000e+00 0.000000e+00 -1.000000e+00
    outer loop
      vertex   3.400000e+01 -1.055662e+01 0.000000e+00
      vertex   3.300000e+01 -1.344338e+01 0.000000e+00
      vertex   3.300000e+01 -1.055662e+01 0.000000e+00
    endloop
  endfacet
  facet normal 0.000000e+00 0.000000e+00 -1.000000e+00
    outer loop
      vertex   3.400000e+01 -1.055662e+01 0.000000e+00
      vertex   3.300000e+01 -1.055662e+01 0.000000e+00
      vertex   3.350000e+01 -9.886751e+00 0.000000e+00
    endloop
  endfacet
  facet normal -0.000000e+00 0.000000e+00 -1.000000e+00
    outer loop
      vertex   3.350000e+01 -9.886751e+00 0.000000e+00
      vertex   3.300000e+01 -1.055662e+01 0.000000e+00
      vertex   3.050000e+01 -9.113249e+00 0.000000e+00
    endloop
  endfacet
  facet normal 0.000000e+00 0.000000e+00 -1.000000e+00
    outer loop
      vertex   3.350000e+01 -9.886751e+00 0.000000e+00
      vertex   3.050000e+01 -9.113249e+00 0.000000e+00
      vertex   3.100000e+01 -8.443376e+00 0.000000e+00
    endloop
  endfacet
  facet normal 0.000000e+00 0.000000e+00 -1.000000e+00
    outer loop
      vertex   3.100000e+01 -8.443376e+00 0.000000e+00
      vertex   3.050000e+01 -9.113249e+00 0.000000e+00
      vertex   3.000000e+01 -8.443376e+00 0.000000e+00
    endloop
  endfacet
  facet normal -0.000000e+00 0.000000e+00 -1.000000e+00
    outer loop
      vertex   3.100000e+01 -8.443376e+00 0.000000e+00
      vertex   3.000000e+01 -8.443376e+00 0.000000e+00
      vertex   3.100000e+01 -5.556624e+00 0.000000e+00
    endloop
  endfacet
  facet normal 0.000000e+00 0.000000e+00 -1.000000e+00
    outer loop
      vertex   3.100000e+01 -5.556624e+00 0.000000e+00
      vertex   3.000000e+01 -8.443376e+00 0.000000e+00
      vertex   3.000000e+01 -5.556624e+00 0.000000e+00
    endloop
  endfacet
  facet normal -0.000000e+00 0.000000e+00 -1.000000e+00
    outer loop
      vertex   3.100000e+01 -5.556624e+00 0.000000e+00
      vertex   3.000000e+01 -5.556624e+00 0.000000e+00
      vertex   3.350000e+01 -4.113249e+00 0.000000e+00
    endloop
  endfacet
  facet normal -0.000000e+00 0.000000e+00 -1.000000e+00
    outer loop
      vertex   3.350000e+01 -4.113249e+00 0.000000e+00
      vertex   3.000000e+01 -5.556624e+00 0.000000e+00
      vertex   2.750000e+01 -4.113249e+00 0.000000e+00
    endloop
  endfacet
  facet normal 0.000000e+00 0.000000e+00 -1.000000e+00
    outer loop
      vertex   3.350000e+01 -4.113249e+00 0.000000e+00
      vertex   2.750000e+01 -4.113249e+00 0.000000e+00
      vertex   4.200000e+01 1.617781e-31 0.000000e+00
    endloop
  endfacet
  facet normal 0.000000e+00 0.000000e+00 -1.000000e+00
    outer loop
      vertex   4.200000e+01 1.617781e-31 0.000000e+00
      vertex   2.750000e+01 -4.113249e+00 0.000000e+00
      vertex   2.150000e+01 -4.113249e+00 0.000000e+00
    endloop
  endfacet
  facet normal 0.000000e+00 0.000000e+00 -1.000000e+00
    outer loop
      vertex   4.200000e+01 1.617781e-31 0.000000e+00
      vertex   2.150000e+01 -4.113249e+00 0.000000e+00
      vertex   0.000000e+00 0.000000e+00 0.000000e+00
    endloop
  endfacet
  facet normal 0.000000e+00 0.000000e+00 -1.000000e+00
    outer loop
      vertex   0.000000e+00 0.000000e+00 0.000000e+00
      vertex   2.150000e+01 -4.113249e+00 0.000000e+00
      vertex   1.550000e+01 -4.113249e+00 0.000000e+00
    endloop
  endfacet
  facet normal 0.000000e+00 0.000000e+00 -1.000000e+00
    outer loop
      vertex   0.000000e+00 0.000000e+00 0.000000e+00
      vertex   1.550000e+01 -4.113249e+00 0.000000e+00
      vertex   9.500000e+00 -4.113249e+00 0.000000e+00
    endloop
  endfacet
  facet normal 0.000000e+00 0.000000e+00 -1.000000e+00
    outer loop
      vertex   9.500000e+00 -4.113249e+00 0.000000e+00
      vertex   1.550000e+01 -4.113249e+00 0.000000e+00
      vertex   1.200000e+01 -5.556624e+00 0.000000e+00
    endloop
  endfacet
  facet normal 0.000000e+00 0.000000e+00 -1.000000e+00
    outer loop
      vertex   1.200000e+01 -5.556624e+00 0.000000e+00
      vertex   1.550000e+01 -4.113249e+00 0.000000e+00
      vertex   1.300000e+01 -5.556624e+00 0.000000e+00
    endloop
  endfacet
  facet normal 0.000000e+00 -0.000000e+00 -1.000000e+00
    outer loop
      vertex   1.200000e+01 -5.556624e+00 0.000000e+00
      vertex   1.300000e+01 -5.556624e+00 0.000000e+00
      vertex   1.200000e+01 -8.443376e+00 0.000000e+00
    endloop
  endfacet
  facet normal 0.000000e+00 0.000000e+00 -1.000000e+00
    outer loop
      vertex   1.200000e+01 -8.443376e+00 0.000000e+00
      vertex   1.300000e+01 -5.556624e+00 0.000000e+00
      vertex   1.300000e+01 -8.443376e+00 0.000000e+00
    endloop
  endfacet
  facet normal 0.000000e+00 0.000000e+00 -1.000000e+00
    outer loop
      vertex   1.200000e+01 -8.443376e+00 0.000000e+00
      vertex   1.300000e+01 -8.443376e+00 0.000000e+00
      vertex   1.250000e+01 -9.113249e+00 0.000000e+00
    endloop
  endfacet
  facet normal 0.000000e+00 0.000000e+00 -1.000000e+00
    outer loop
      vertex   1.250000e+01 -9.113249e+00 0.000000e+00
      vertex   1.300000e+01 -8.443376e+00 0.000000e+00
      vertex   1.550000e+01 -9.886751e+00 0.000000e+00
    endloop
  endfacet
  facet normal 0.000000e+00 0.000000e+00 -1.000000e+00
    outer loop
      vertex   1.250000e+01 -9.113249e+00 0.000000e+00
      vertex   1.550000e+01 -9.886751e+00 0.000000e+00
      vertex   1.500000e+01 -1.055662e+01 0.000000e+00
    endloop
  endfacet
  facet normal 0.000000e+00 0.000000e+00 -1.000000e+00
    outer loop
      vertex   1.500000e+01 -1.055662e+01 0.000000e+00
      vertex   1.550000e+01 -9.886751e+00 0.000000e+00
      vertex   1.600000e+01 -1.055662e+01 0.000000e+00
    endloop
  endfacet
  facet normal 0.000000e+00 -0.000000e+00 -1.000000e+00
    outer loop
      vertex   1.500000e+01 -1.055662e+01 0.000000e+00
      vertex   1.600000e+01 -1.055662e+01 0.000000e+00
      vertex   1.500000e+01 -1.344338e+01 0.000000e+00
    endloop
  endfacet
  facet normal 0.000000e+00 0.000000e+00 -1.000000e+00
    outer loop
      vertex   1.500000e+01 -1.344338e+01 0.000000e+00
      vertex   1.600000e+01 -1.055662e+01 0.000000e+00
      vertex   1.600000e+01 -1.344338e+01 0.000000e+00
    endloop
  endfacet
  facet normal 0.000000e+00 0.000000e+00 -1.000000e+00
    outer loop
      vertex   1.500000e+01 -1.344338e+01 0.000000e+00
      vertex   1.600000e+01 -1.344338e+01 0.000000e+00
      vertex   1.550000e+01 -1.411325e+01 0.000000e+00
    endloop
  endfacet
  facet normal 0.000000e+00 0.000000e+00 -1.000000e+00
    outer loop
      vertex   1.550000e+01 -1.411325e+01 0.000000e+00
      vertex   1.600000e+01 -1.344338e+01 0.000000e+00
      vertex   1.850000e+01 -1.488675e+01 0.000000e+00
    endloop
  endfacet
  facet normal 0.000000e+00 0.000000e+00 -1.000000e+00
    outer loop
      vertex   1.550000e+01 -1.411325e+01 0.000000e+00
      vertex   1.850000e+01 -1.488675e+01 0.000000e+00
      vertex   1.800000e+01 -1.555662e+01 0.000000e+00
    endloop
  endfacet
  facet normal 0.000000e+00 0.000000e+00 -1.000000e+00
    outer loop
      vertex   1.800000e+01 -1.555662e+01 0.000000e+00
      vertex   1.850000e+01 -1.488675e+01 0.000000e+00
      vertex   1.900000e+01 -1.555662e+01 0.000000e+00
    endloop
  endfacet
  facet normal 0.000000e+00 0.000000e+00 -1.000000e+00
    outer loop
      vertex   1.800000e+01 -1.555662e+01 0.000000e+00
      vertex   1.900000e+01 -1.555662e+01 0.000000e+00
      vertex   1.800000e+01 -1.844338e+01 0.000000e+00
    endloop
  endfacet
  facet normal 0.000000e+00 0.000000e+00 -1.000000e+00
    outer loop
      vertex   1.800000e+01 -1.844338e+01 0.000000e+00
      vertex   1.900000e+01 -1.555662e+01 0.000000e+00
      vertex   1.900000e+01 -1.844338e+01 0.000000e+00
    endloop
  endfacet
  facet normal 0.000000e+00 0.000000e+00 -1.000000e+00
    outer loop
      vertex   1.800000e+01 -1.844338e+01 0.000000e+00
      vertex   1.900000e+01 -1.844338e+01 0.000000e+00
      vertex   1.850000e+01 -1.911325e+01 0.000000e+00
    endloop
  endfacet
  facet normal 0.000000e+00 0.000000e+00 -1.000000e+00
    outer loop
      vertex   1.850000e+01 -1.911325e+01 0.000000e+00
      vertex   1.900000e+01 -1.844338e+01 0.000000e+00
      vertex   2.150000e+01 -1.988675e+01 0.000000e+00
    endloop
  endfacet
  facet normal 0.000000e+00 0.000000e+00 -1.000000e+00
    outer loop
      vertex   1.850000e+01 -1.911325e+01 0.000000e+00
      vertex   2.150000e+01 -1.988675e+01 0.000000e+00
      vertex   2.100000e+01 -2.055662e+01 0.000000e+00
    endloop
  endfacet
  facet normal 0.000000e+00 0.000000e+00 -1.000000e+00
    outer loop
      vertex   2.100000e+01 -2.055662e+01 0.000000e+00
      vertex   2.150000e+01 -1.988675e+01 0.000000e+00
      vertex   2.200000e+01 -2.055662e+01 0.000000e+00
    endloop
  endfacet
  facet normal 0.000000e+00 -0.000000e+00 -1.000000e+00
    outer loop
      vertex   2.100000e+01 -2.055662e+01 0.000000e+00
      vertex   2.200000e+01 -2.055662e+01 0.000000e+00
      vertex   2.100000e+01 -2.344338e+01 0.000000e+00
    endloop
  endfacet
  facet normal 0.000000e+00 0.000000e+00 -1.000000e+00
    outer loop
      vertex   2.100000e+01 -2.344338e+01 0.000000e+00
      vertex   2.200000e+01 -2.055662e+01 0.000000e+00
      vertex   2.200000e+01 -2.344338e+01 0.000000e+00
    endloop
  endfacet
  facet normal 0.000000e+00 0.000000e+00 -1.000000e+00
    outer loop
      vertex   2.100000e+01 -2.344338e+01 0.000000e+00
      vertex   2.200000e+01 -2.344338e+01 0.000000e+00
      vertex   2.150000e+01 -2.411325e+01 0.000000e+00
    endloop
  endfacet
  facet normal 0.000000e+00 0.000000e+00 -1.000000e+00
    outer loop
      vertex   2.150000e+01 -2.411325e+01 0.000000e+00
      vertex   2.200000e+01 -2.344338e+01 0.000000e+00
      vertex   2.450000e+01 -2.488675e+01 0.000000e+00
    endloop
  endfacet
  facet normal 0.000000e+00 0.000000e+00 -1.000000e+00
    outer loop
      vertex   2.150000e+01 -2.411325e+01 0.000000e+00
      vertex   2.450000e+01 -2.488675e+01 0.000000e+00
      vertex   2.400000e+01 -2.555662e+01 0.000000e+00
    endloop
  endfacet
  facet normal 0.000000e+00 0.000000e+00 -1.000000e+00
    outer loop
      vertex   2.400000e+01 -2.555662e+01 0.000000e+00
      vertex   2.450000e+01 -2.488675e+01 0.000000e+00
      vertex   2.500000e+01 -2.555662e+01 0.000000e+00
    endloop
  endfacet
  facet normal 0.000000e+00 0.000000e+00 -1.000000e+00
    outer loop
      vertex   2.400000e+01 -2.555662e+01 0.000000e+00
      vertex   2.500000e+01 -2.555662e+01 0.000000e+00
      vertex   2.400000e+01 -2.844338e+01 0.000000e+00
    endloop
  endfacet
  facet normal 0.000000e+00 0.000000e+00 -1.000000e+00
    outer loop
      vertex   2.400000e+01 -2.844338e+01 0.000000e+00
      vertex   2.500000e+01 -2.555662e+01 0.000000e+00
      vertex   2.500000e+01 -2.844338e+01 0.000000e+00
    endloop
  endfacet
  facet normal 0.000000e+00 -0.000000e+00 -1.000000e+00
    outer loop
      vertex   2.400000e+01 -2.844338e+01 0.000000e+00
      vertex   2.500000e+01 -2.844338e+01 0.000000e+00
      vertex   2.150000e+01 -2.988675e+01 0.000000e+00
    endloop
  endfacet
  facet normal 0.000000e+00 0.000000e+00 -1.000000e+00
    outer loop
      vertex   2.150000e+01 -2.988675e+01 0.000000e+00
      vertex   2.500000e+01 -2.844338e+01 0.000000e+00
      vertex   2.750000e+01 -2.988675e+01 0.000000e+00
    endloop
  endfacet
  facet normal 0.000000e+00 0.000000e+00 -1.000000e+00
    outer loop
      vertex   2.150000e+01 -2.988675e+01 0.000000e+00
      vertex   2.750000e+01 -2.988675e+01 0.000000e+00
      vertex   4.200000e+01 -3.400000e+01 0.000000e+00
    endloop
  endfacet
  facet normal 0.000000e+00 0.000000e+00 -1.000000e+00
    outer loop
      vertex   4.200000e+01 -3.400000e+01 0.000000e+00
      vertex   2.750000e+01 -2.988675e+01 0.000000e+00
      vertex   3.350000e+01 -2.988675e+01 0.000000e+00
    endloop
  endfacet
  facet normal 0.000000e+00 0.000000e+00 -1.000000e+00
    outer loop
      vertex   4.200000e+01 -3.400000e+01 0.000000e+00
      vertex   3.350000e+01 -2.988675e+01 0.000000e+00
      vertex   3.600000e+01 -2.844338e+01 0.000000e+00
    endloop
  endfacet
  facet normal 0.000000e+00 0.000000e+00 -1.000000e+00
    outer loop
      vertex   3.300000e+01 -1.344338e+01 0.000000e+00
      vertex   3.400000e+01 -1.344338e+01 0.000000e+00
      vertex   3.350000e+01 -1.411325e+01 0.000000e+00
    endloop
  endfacet
  facet normal 0.000000e+00 0.000000e+00 -1.000000e+00
    outer loop
      vertex   3.350000e+01 -1.411325e+01 0.000000e+00
      vertex   3.400000e+01 -1.344338e+01 0.000000e+00
      vertex   3.650000e+01 -1.488675e+01 0.000000e+00
    endloop
  endfacet
  facet normal 0.000000e+00 0.000000e+00 -1.000000e+00
    outer loop
      vertex   3.350000e+01 -1.411325e+01 0.000000e+00
      vertex   3.650000e+01 -1.488675e+01 0.000000e+00
      vertex   3.600000e+01 -1.555662e+01 0.000000e+00
    endloop
  endfacet
  facet normal 0.000000e+00 0.000000e+00 -1.000000e+00
    outer loop
      vertex   3.600000e+01 -1.555662e+01 0.000000e+00
      vertex   3.650000e+01 -1.488675e+01 0.000000e+00
      vertex   3.600000e+01 -1.844338e+01 0.000000e+00
    endloop
  endfacet
  facet normal 0.000000e+00 0.000000e+00 -1.000000e+00
    outer loop
      vertex   3.600000e+01 -1.844338e+01 0.000000e+00
      vertex   3.650000e+01 -1.488675e+01 0.000000e+00
      vertex   3.650000e+01 -1.911325e+01 0.000000e+00
    endloop
  endfacet
  facet normal 0.000000e+00 -0.000000e+00 -1.000000e+00
    outer loop
      vertex   3.600000e+01 -1.844338e+01 0.000000e+00
      vertex   3.650000e+01 -1.911325e+01 0.000000e+00
      vertex   3.350000e+01 -1.988675e+01 0.000000e+00
    endloop
  endfacet
  facet normal 0.000000e+00 0.000000e+00 -1.000000e+00
    outer loop
      vertex   3.350000e+01 -1.988675e+01 0.000000e+00
      vertex   3.650000e+01 -1.911325e+01 0.000000e+00
      vertex   3.400000e+01 -2.055662e+01 0.000000e+00
    endloop
  endfacet
  facet normal 0.000000e+00 -0.000000e+00 -1.000000e+00
    outer loop
      vertex   3.350000e+01 -1.988675e+01 0.000000e+00
      vertex   3.400000e+01 -2.055662e+01 0.000000e+00
      vertex   3.300000e+01 -2.055662e+01 0.000000e+00
    endloop
  endfacet
  facet normal 0.000000e+00 0.000000e+00 -1.000000e+00
    outer loop
      vertex   3.300000e+01 -2.055662e+01 0.000000e+00
      vertex   3.400000e+01 -2.055662e+01 0.000000e+00
      vertex   3.300000e+01 -2.344338e+01 0.000000e+00
    endloop
  endfacet
  facet normal 0.000000e+00 0.000000e+00 -1.000000e+00
    outer loop
      vertex   3.300000e+01 -2.344338e+01 0.000000e+00
      vertex   3.400000e+01 -2.055662e+01 0.000000e+00
      vertex   3.400000e+01 -2.344338e+01 0.000000e+00
    endloop
  endfacet
  facet normal 0.000000e+00 0.000000e+00 -1.000000e+00
    outer loop
      vertex   3.300000e+01 -2.344338e+01 0.000000e+00
      vertex   3.400000e+01 -2.344338e+01 0.000000e+00
      vertex   3.350000e+01 -2.411325e+01 0.000000e+00
    endloop
  endfacet
  facet normal 0.000000e+00 0.000000e+00 -1.000000e+00
    outer loop
      vertex   3.350000e+01 -2.411325e+01 0.000000e+00
      vertex   3.400000e+01 -2.344338e+01 0.000000e+00
      vertex   3.650000e+01 -2.488675e+01 0.000000e+00
    endloop
  endfacet
  facet normal 0.000000e+00 0.000000e+00 -1.000000e+00
    outer loop
      vertex   3.650000e+01 -1.911325e+01 0.000000e+00
      vertex   3.650000e+01 -1.488675e+01 0.000000e+00
      vertex   3.900000e+01 -2.055662e+01 0.000000e+00
    endloop
  endfacet
  facet normal 0.000000e+00 0.000000e+00 -1.000000e+00
    outer loop
      vertex   3.900000e+01 -2.055662e+01 0.000000e+00
      vertex   3.650000e+01 -1.488675e+01 0.000000e+00
      vertex   3.900000e+01 -1.344338e+01 0.000000e+00
    endloop
  endfacet
  facet normal -0.000000e+00 0.000000e+00 -1.000000e+00
    outer loop
      vertex   2.800000e+01 -1.344338e+01 0.000000e+00
      vertex   2.700000e+01 -1.344338e+01 0.000000e+00
      vertex   2.800000e+01 -1.055662e+01 0.000000e+00
    endloop
  endfacet
  facet normal 0.000000e+00 0.000000e+00 -1.000000e+00
    outer loop
      vertex   2.800000e+01 -1.055662e+01 0.000000e+00
      vertex   2.700000e+01 -1.344338e+01 0.000000e+00
      vertex   2.700000e+01 -1.055662e+01 0.000000e+00
    endloop
  endfacet
  facet normal -0.000000e+00 0.000000e+00 -1.000000e+00
    outer loop
      vertex   2.800000e+01 -1.055662e+01 0.000000e+00
      vertex   2.700000e+01 -1.055662e+01 0.000000e+00
      vertex   2.750000e+01 -9.886751e+00 0.000000e+00
    endloop
  endfacet
  facet normal -0.000000e+00 0.000000e+00 -1.000000e+00
    outer loop
      vertex   2.750000e+01 -9.886751e+00 0.000000e+00
      vertex   2.700000e+01 -1.055662e+01 0.000000e+00
      vertex   2.450000e+01 -9.113249e+00 0.000000e+00
    endloop
  endfacet
  facet normal 0.000000e+00 0.000000e+00 -1.000000e+00
    outer loop
      vertex   2.750000e+01 -9.886751e+00 0.000000e+00
      vertex   2.450000e+01 -9.113249e+00 0.000000e+00
      vertex   2.500000e+01 -8.443376e+00 0.000000e+00
    endloop
  endfacet
  facet normal 0.000000e+00 0.000000e+00 -1.000000e+00
    outer loop
      vertex   2.500000e+01 -8.443376e+00 0.000000e+00
      vertex   2.450000e+01 -9.113249e+00 0.000000e+00
      vertex   2.400000e+01 -8.443376e+00 0.000000e+00
    endloop
  endfacet
  facet normal -0.000000e+00 0.000000e+00 -1.000000e+00
    outer loop
      vertex   2.500000e+01 -8.443376e+00 0.000000e+00
      vertex   2.400000e+01 -8.443376e+00 0.000000e+00
      vertex   2.500000e+01 -5.556624e+00 0.000000e+00
    endloop
  endfacet
  facet normal 0.000000e+00 0.000000e+00 -1.000000e+00
    outer loop
      vertex   2.500000e+01 -5.556624e+00 0.000000e+00
      vertex   2.400000e+01 -8.443376e+00 0.000000e+00
      vertex   2.400000e+01 -5.556624e+00 0.000000e+00
    endloop
  endfacet
  facet normal -0.000000e+00 0.000000e+00 -1.000000e+00
    outer loop
      vertex   2.500000e+01 -5.556624e+00 0.000000e+00
      vertex   2.400000e+01 -5.556624e+00 0.000000e+00
      vertex   2.750000e+01 -4.113249e+00 0.000000e+00
    endloop
  endfacet
  facet normal -0.000000e+00 0.000000e+00 -1.000000e+00
    outer loop
      vertex   2.750000e+01 -4.113249e+00 0.000000e+00
      vertex   2.400000e+01 -5.556624e+00 0.000000e+00
      vertex   2.150000e+01 -4.113249e+00 0.000000e+00
    endloop
  endfacet
  facet normal 0.000000e+00 0.000000e+00 -1.000000e+00
    outer loop
      vertex   2.700000e+01 -1.344338e+01 0.000000e+00
      vertex   2.800000e+01 -1.344338e+01 0.000000e+00
      vertex   2.750000e+01 -1.411325e+01 0.000000e+00
    endloop
  endfacet
  facet normal 0.000000e+00 0.000000e+00 -1.000000e+00
    outer loop
      vertex   2.750000e+01 -1.411325e+01 0.000000e+00
      vertex   2.800000e+01 -1.344338e+01 0.000000e+00
      vertex   3.050000e+01 -1.488675e+01 0.000000e+00
    endloop
  endfacet
  facet normal 0.000000e+00 0.000000e+00 -1.000000e+00
    outer loop
      vertex   2.750000e+01 -1.411325e+01 0.000000e+00
      vertex   3.050000e+01 -1.488675e+01 0.000000e+00
      vertex   3.000000e+01 -1.555662e+01 0.000000e+00
    endloop
  endfacet
  facet normal 0.000000e+00 0.000000e+00 -1.000000e+00
    outer loop
      vertex   3.000000e+01 -1.555662e+01 0.000000e+00
      vertex   3.050000e+01 -1.488675e+01 0.000000e+00
      vertex   3.100000e+01 -1.555662e+01 0.000000e+00
    endloop
  endfacet
  facet normal 0.000000e+00 0.000000e+00 -1.000000e+00
    outer loop
      vertex   3.000000e+01 -1.555662e+01 0.000000e+00
      vertex   3.100000e+01 -1.555662e+01 0.000000e+00
      vertex   3.000000e+01 -1.844338e+01 0.000000e+00
    endloop
  endfacet
  facet normal 0.000000e+00 0.000000e+00 -1.000000e+00
    outer loop
      vertex   3.000000e+01 -1.844338e+01 0.000000e+00
      vertex   3.100000e+01 -1.555662e+01 0.000000e+00
      vertex   3.100000e+01 -1.844338e+01 0.000000e+00
    endloop
  endfacet
  facet normal 0.000000e+00 0.000000e+00 -1.000000e+00
    outer loop
      vertex   3.000000e+01 -1.844338e+01 0.000000e+00
      vertex   3.100000e+01 -1.844338e+01 0.000000e+00
      vertex   3.050000e+01 -1.911325e+01 0.000000e+00
    endloop
  endfacet
  facet normal 0.000000e+00 0.000000e+00 -1.000000e+00
    outer loop
      vertex   3.050000e+01 -1.911325e+01 0.000000e+00
      vertex   3.100000e+01 -1.844338e+01 0.000000e+00
      vertex   3.350000e+01 -1.988675e+01 0.000000e+00
    endloop
  endfacet
  facet normal 0.000000e+00 0.000000e+00 -1.000000e+00
    outer loop
      vertex   3.050000e+01 -1.911325e+01 0.000000e+00
      vertex   3.350000e+01 -1.988675e+01 0.000000e+00
      vertex   3.300000e+01 -2.055662e+01 0.000000e+00
    endloop
  endfacet
  facet normal 0.000000e+00 0.000000e+00 -1.000000e+00
    outer loop
      vertex   3.100000e+01 -1.555662e+01 0.000000e+00
      vertex   3.050000e+01 -1.488675e+01 0.000000e+00
      vertex   3.350000e+01 -1.411325e+01 0.000000e+00
    endloop
  endfacet
  facet normal -0.000000e+00 0.000000e+00 -1.000000e+00
    outer loop
      vertex   3.350000e+01 -1.411325e+01 0.000000e+00
      vertex   3.050000e+01 -1.488675e+01 0.000000e+00
      vertex   3.300000e+01 -1.344338e+01 0.000000e+00
    endloop
  endfacet
  facet normal 0.000000e+00 -0.000000e+00 -1.000000e+00
    outer loop
      vertex   3.000000e+01 -8.443376e+00 0.000000e+00
      vertex   3.050000e+01 -9.113249e+00 0.000000e+00
      vertex   2.750000e+01 -9.886751e+00 0.000000e+00
    endloop
  endfacet
  facet normal 0.000000e+00 0.000000e+00 -1.000000e+00
    outer loop
      vertex   2.750000e+01 -9.886751e+00 0.000000e+00
      vertex   3.050000e+01 -9.113249e+00 0.000000e+00
      vertex   2.800000e+01 -1.055662e+01 0.000000e+00
    endloop
  endfacet
  facet normal 0.000000e+00 0.000000e+00 -1.000000e+00
    outer loop
      vertex   1.550000e+01 -4.113249e+00 0.000000e+00
      vertex   2.150000e+01 -4.113249e+00 0.000000e+00
      vertex   1.800000e+01 -5.556624e+00 0.000000e+00
    endloop
  endfacet
  facet normal 0.000000e+00 0.000000e+00 -1.000000e+00
    outer loop
      vertex   1.800000e+01 -5.556624e+00 0.000000e+00
      vertex   2.150000e+01 -4.113249e+00 0.000000e+00
      vertex   1.900000e+01 -5.556624e+00 0.000000e+00
    endloop
  endfacet
  facet normal 0.000000e+00 0.000000e+00 -1.000000e+00
    outer loop
      vertex   1.800000e+01 -5.556624e+00 0.000000e+00
      vertex   1.900000e+01 -5.556624e+00 0.000000e+00
      vertex   1.800000e+01 -8.443376e+00 0.000000e+00
    endloop
  endfacet
  facet normal 0.000000e+00 0.000000e+00 -1.000000e+00
    outer loop
      vertex   1.800000e+01 -8.443376e+00 0.000000e+00
      vertex   1.900000e+01 -5.556624e+00 0.000000e+00
      vertex   1.900000e+01 -8.443376e+00 0.000000e+00
    endloop
  endfacet
  facet normal 0.000000e+00 0.000000e+00 -1.000000e+00
    outer loop
      vertex   1.800000e+01 -8.443376e+00 0.000000e+00
      vertex   1.900000e+01 -8.443376e+00 0.000000e+00
      vertex   1.850000e+01 -9.113249e+00 0.000000e+00
    endloop
  endfacet
  facet normal 0.000000e+00 0.000000e+00 -1.000000e+00
    outer loop
      vertex   1.850000e+01 -9.113249e+00 0.000000e+00
      vertex   1.900000e+01 -8.443376e+00 0.000000e+00
      vertex   2.150000e+01 -9.886751e+00 0.000000e+00
    endloop
  endfacet
  facet normal 0.000000e+00 0.000000e+00 -1.000000e+00
    outer loop
      vertex   1.850000e+01 -9.113249e+00 0.000000e+00
      vertex   2.150000e+01 -9.886751e+00 0.000000e+00
      vertex   2.100000e+01 -1.055662e+01 0.000000e+00
    endloop
  endfacet
  facet normal 0.000000e+00 0.000000e+00 -1.000000e+00
    outer loop
      vertex   2.100000e+01 -1.055662e+01 0.000000e+00
      vertex   2.150000e+01 -9.886751e+00 0.000000e+00
      vertex   2.200000e+01 -1.055662e+01 0.000000e+00
    endloop
  endfacet
  facet normal 0.000000e+00 -0.000000e+00 -1.000000e+00
    outer loop
      vertex   2.100000e+01 -1.055662e+01 0.000000e+00
      vertex   2.200000e+01 -1.055662e+01 0.000000e+00
      vertex   2.100000e+01 -1.344338e+01 0.000000e+00
    endloop
  endfacet
  facet normal 0.000000e+00 0.000000e+00 -1.000000e+00
    outer loop
      vertex   2.100000e+01 -1.344338e+01 0.000000e+00
      vertex   2.200000e+01 -1.055662e+01 0.000000e+00
      vertex   2.200000e+01 -1.344338e+01 0.000000e+00
    endloop
  endfacet
  facet normal 0.000000e+00 0.000000e+00 -1.000000e+00
    outer loop
      vertex   2.100000e+01 -1.344338e+01 0.000000e+00
      vertex   2.200000e+01 -1.344338e+01 0.000000e+00
      vertex   2.150000e+01 -1.411325e+01 0.000000e+00
    endloop
  endfacet
  facet normal 0.000000e+00 0.000000e+00 -1.000000e+00
    outer loop
      vertex   2.150000e+01 -1.411325e+01 0.000000e+00
      vertex   2.200000e+01 -1.344338e+01 0.000000e+00
      vertex   2.450000e+01 -1.488675e+01 0.000000e+00
    endloop
  endfacet
  facet normal 0.000000e+00 0.000000e+00 -1.000000e+00
    outer loop
      vertex   2.150000e+01 -1.411325e+01 0.000000e+00
      vertex   2.450000e+01 -1.488675e+01 0.000000e+00
      vertex   2.400000e+01 -1.555662e+01 0.000000e+00
    endloop
  endfacet
  facet normal 0.000000e+00 0.000000e+00 -1.000000e+00
    outer loop
      vertex   2.400000e+01 -1.555662e+01 0.000000e+00
      vertex   2.450000e+01 -1.488675e+01 0.000000e+00
      vertex   2.500000e+01 -1.555662e+01 0.000000e+00
    endloop
  endfacet
  facet normal 0.000000e+00 -0.000000e+00 -1.000000e+00
    outer loop
      vertex   2.400000e+01 -1.555662e+01 0.000000e+00
      vertex   2.500000e+01 -1.555662e+01 0.000000e+00
      vertex   2.400000e+01 -1.844338e+01 0.000000e+00
    endloop
  endfacet
  facet normal 0.000000e+00 0.000000e+00 -1.000000e+00
    outer loop
      vertex   2.400000e+01 -1.844338e+01 0.000000e+00
      vertex   2.500000e+01 -1.555662e+01 0.000000e+00
      vertex   2.500000e+01 -1.844338e+01 0.000000e+00
    endloop
  endfacet
  facet normal 0.000000e+00 0.000000e+00 -1.000000e+00
    outer loop
      vertex   2.400000e+01 -1.844338e+01 0.000000e+00
      vertex   2.500000e+01 -1.844338e+01 0.000000e+00
      vertex   2.450000e+01 -1.911325e+01 0.000000e+00
    endloop
  endfacet
  facet normal 0.000000e+00 0.000000e+00 -1.000000e+00
    outer loop
      vertex   2.450000e+01 -1.911325e+01 0.000000e+00
      vertex   2.500000e+01 -1.844338e+01 0.000000e+00
      vertex   2.750000e+01 -1.988675e+01 0.000000e+00
    endloop
  endfacet
  facet normal 0.000000e+00 0.000000e+00 -1.000000e+00
    outer loop
      vertex   2.450000e+01 -1.911325e+01 0.000000e+00
      vertex   2.750000e+01 -1.988675e+01 0.000000e+00
      vertex   2.700000e+01 -2.055662e+01 0.000000e+00
    endloop
  endfacet
  facet normal 0.000000e+00 0.000000e+00 -1.000000e+00
    outer loop
      vertex   2.700000e+01 -2.055662e+01 0.000000e+00
      vertex   2.750000e+01 -1.988675e+01 0.000000e+00
      vertex   2.800000e+01 -2.055662e+01 0.000000e+00
    endloop
  endfacet
  facet normal 0.000000e+00 0.000000e+00 -1.000000e+00
    outer loop
      vertex   2.700000e+01 -2.055662e+01 0.000000e+00
      vertex   2.800000e+01 -2.055662e+01 0.000000e+00
      vertex   2.700000e+01 -2.344338e+01 0.000000e+00
    endloop
  endfacet
  facet normal 0.000000e+00 0.000000e+00 -1.000000e+00
    outer loop
      vertex   2.700000e+01 -2.344338e+01 0.000000e+00
      vertex   2.800000e+01 -2.055662e+01 0.000000e+00
      vertex   2.800000e+01 -2.344338e+01 0.000000e+00
    endloop
  endfacet
  facet normal 0.000000e+00 0.000000e+00 -1.000000e+00
    outer loop
      vertex   2.700000e+01 -2.344338e+01 0.000000e+00
      vertex   2.800000e+01 -2.344338e+01 0.000000e+00
      vertex   2.750000e+01 -2.411325e+01 0.000000e+00
    endloop
  endfacet
  facet normal 0.000000e+00 0.000000e+00 -1.000000e+00
    outer loop
      vertex   2.750000e+01 -2.411325e+01 0.000000e+00
      vertex   2.800000e+01 -2.344338e+01 0.000000e+00
      vertex   3.050000e+01 -2.488675e+01 0.000000e+00
    endloop
  endfacet
  facet normal 0.000000e+00 0.000000e+00 -1.000000e+00
    outer loop
      vertex   2.750000e+01 -2.411325e+01 0.000000e+00
      vertex   3.050000e+01 -2.488675e+01 0.000000e+00
      vertex   3.000000e+01 -2.555662e+01 0.000000e+00
    endloop
  endfacet
  facet normal 0.000000e+00 0.000000e+00 -1.000000e+00
    outer loop
      vertex   3.000000e+01 -2.555662e+01 0.000000e+00
      vertex   3.050000e+01 -2.488675e+01 0.000000e+00
      vertex   3.100000e+01 -2.555662e+01 0.000000e+00
    endloop
  endfacet
  facet normal 0.000000e+00 0.000000e+00 -1.000000e+00
    outer loop
      vertex   3.000000e+01 -2.555662e+01 0.000000e+00
      vertex   3.100000e+01 -2.555662e+01 0.000000e+00
      vertex   3.000000e+01 -2.844338e+01 0.000000e+00
    endloop
  endfacet
  facet normal 0.000000e+00 0.000000e+00 -1.000000e+00
    outer loop
      vertex   3.000000e+01 -2.844338e+01 0.000000e+00
      vertex   3.100000e+01 -2.555662e+01 0.000000e+00
      vertex   3.100000e+01 -2.844338e+01 0.000000e+00
    endloop
  endfacet
  facet normal 0.000000e+00 -0.000000e+00 -1.000000e+00
    outer loop
      vertex   3.000000e+01 -2.844338e+01 0.000000e+00
      vertex   3.100000e+01 -2.844338e+01 0.000000e+00
      vertex   2.750000e+01 -2.988675e+01 0.000000e+00
    endloop
  endfacet
  facet normal 0.000000e+00 0.000000e+00 -1.000000e+00
    outer loop
      vertex   2.750000e+01 -2.988675e+01 0.000000e+00
      vertex   3.100000e+01 -2.844338e+01 0.000000e+00
      vertex   3.350000e+01 -2.988675e+01 0.000000e+00
    endloop
  endfacet
  facet normal 0.000000e+00 0.000000e+00 -1.000000e+00
    outer loop
      vertex   2.200000e+01 -1.055662e+01 0.000000e+00
      vertex   2.150000e+01 -9.886751e+00 0.000000e+00
      vertex   2.450000e+01 -9.113249e+00 0.000000e+00
    endloop
  endfacet
  facet normal -0.000000e+00 0.000000e+00 -1.000000e+00
    outer loop
      vertex   2.450000e+01 -9.113249e+00 0.000000e+00
      vertex   2.150000e+01 -9.886751e+00 0.000000e+00
      vertex   2.400000e+01 -8.443376e+00 0.000000e+00
    endloop
  endfacet
  facet normal 0.000000e+00 0.000000e+00 -1.000000e+00
    outer loop
      vertex   1.600000e+01 -1.055662e+01 0.000000e+00
      vertex   1.550000e+01 -9.886751e+00 0.000000e+00
      vertex   1.850000e+01 -9.113249e+00 0.000000e+00
    endloop
  endfacet
  facet normal -0.000000e+00 0.000000e+00 -1.000000e+00
    outer loop
      vertex   1.850000e+01 -9.113249e+00 0.000000e+00
      vertex   1.550000e+01 -9.886751e+00 0.000000e+00
      vertex   1.800000e+01 -8.443376e+00 0.000000e+00
    endloop
  endfacet
  facet normal 0.000000e+00 0.000000e+00 -1.000000e+00
    outer loop
      vertex   6.500000e+00 -1.911325e+01 0.000000e+00
      vertex   9.500000e+00 -1.988675e+01 0.000000e+00
      vertex   9.000000e+00 -2.055662e+01 0.000000e+00
    endloop
  endfacet
  facet normal 0.000000e+00 0.000000e+00 -1.000000e+00
    outer loop
      vertex   9.000000e+00 -2.055662e+01 0.000000e+00
      vertex   9.500000e+00 -1.988675e+01 0.000000e+00
      vertex   1.000000e+01 -2.055662e+01 0.000000e+00
    endloop
  endfacet
  facet normal 0.000000e+00 -0.000000e+00 -1.000000e+00
    outer loop
      vertex   9.000000e+00 -2.055662e+01 0.000000e+00
      vertex   1.000000e+01 -2.055662e+01 0.000000e+00
      vertex   9.000000e+00 -2.344338e+01 0.000000e+00
    endloop
  endfacet
  facet normal 0.000000e+00 0.000000e+00 -1.000000e+00
    outer loop
      vertex   9.000000e+00 -2.344338e+01 0.000000e+00
      vertex   1.000000e+01 -2.055662e+01 0.000000e+00
      vertex   1.000000e+01 -2.344338e+01 0.000000e+00
    endloop
  endfacet
  facet normal 0.000000e+00 0.000000e+00 -1.000000e+00
    outer loop
      vertex   9.000000e+00 -2.344338e+01 0.000000e+00
      vertex   1.000000e+01 -2.344338e+01 0.000000e+00
      vertex   9.500000e+00 -2.411325e+01 0.000000e+00
    endloop
  endfacet
  facet normal 0.000000e+00 0.000000e+00 -1.000000e+00
    outer loop
      vertex   9.500000e+00 -2.411325e+01 0.000000e+00
      vertex   1.000000e+01 -2.344338e+01 0.000000e+00
      vertex   1.250000e+01 -2.488675e+01 0.000000e+00
    endloop
  endfacet
  facet normal 0.000000e+00 0.000000e+00 -1.000000e+00
    outer loop
      vertex   9.500000e+00 -2.411325e+01 0.000000e+00
      vertex   1.250000e+01 -2.488675e+01 0.000000e+00
      vertex   1.200000e+01 -2.555662e+01 0.000000e+00
    endloop
  endfacet
  facet normal 0.000000e+00 0.000000e+00 -1.000000e+00
    outer loop
      vertex   1.200000e+01 -2.555662e+01 0.000000e+00
      vertex   1.250000e+01 -2.488675e+01 0.000000e+00
      vertex   1.300000e+01 -2.555662e+01 0.000000e+00
    endloop
  endfacet
  facet normal 0.000000e+00 0.000000e+00 -1.000000e+00
    outer loop
      vertex   1.200000e+01 -2.555662e+01 0.000000e+00
      vertex   1.300000e+01 -2.555662e+01 0.000000e+00
      vertex   1.200000e+01 -2.844338e+01 0.000000e+00
    endloop
  endfacet
  facet normal 0.000000e+00 0.000000e+00 -1.000000e+00
    outer loop
      vertex   1.200000e+01 -2.844338e+01 0.000000e+00
      vertex   1.300000e+01 -2.555662e+01 0.000000e+00
      vertex   1.300000e+01 -2.844338e+01 0.000000e+00
    endloop
  endfacet
  facet normal 0.000000e+00 -0.000000e+00 -1.000000e+00
    outer loop
      vertex   1.200000e+01 -2.844338e+01 0.000000e+00
      vertex   1.300000e+01 -2.844338e+01 0.000000e+00
      vertex   9.500000e+00 -2.988675e+01 0.000000e+00
    endloop
  endfacet
  facet normal 0.000000e+00 0.000000e+00 -1.000000e+00
    outer loop
      vertex   9.500000e+00 -2.988675e+01 0.000000e+00
      vertex   1.300000e+01 -2.844338e+01 0.000000e+00
      vertex   1.550000e+01 -2.988675e+01 0.000000e+00
    endloop
  endfacet
  facet normal 0.000000e+00 -0.000000e+00 -1.000000e+00
    outer loop
      vertex   9.500000e+00 -2.988675e+01 0.000000e+00
      vertex   1.550000e+01 -2.988675e+01 0.000000e+00
      vertex   0.000000e+00 -3.400000e+01 0.000000e+00
    endloop
  endfacet
  facet normal 0.000000e+00 0.000000e+00 -1.000000e+00
    outer loop
      vertex   0.000000e+00 -3.400000e+01 0.000000e+00
      vertex   1.550000e+01 -2.988675e+01 0.000000e+00
      vertex   2.150000e+01 -2.988675e+01 0.000000e+00
    endloop
  endfacet
  facet normal 0.000000e+00 0.000000e+00 -1.000000e+00
    outer loop
      vertex   0.000000e+00 -3.400000e+01 0.000000e+00
      vertex   2.150000e+01 -2.988675e+01 0.000000e+00
      vertex   4.200000e+01 -3.400000e+01 0.000000e+00
    endloop
  endfacet
  facet normal 0.000000e+00 0.000000e+00 -1.000000e+00
    outer loop
      vertex   4.000000e+00 -2.055662e+01 0.000000e+00
      vertex   6.500000e+00 -1.488675e+01 0.000000e+00
      vertex   6.500000e+00 -1.911325e+01 0.000000e+00
    endloop
  endfacet
  facet normal 0.000000e+00 0.000000e+00 -1.000000e+00
    outer loop
      vertex   6.500000e+00 -1.911325e+01 0.000000e+00
      vertex   6.500000e+00 -1.488675e+01 0.000000e+00
      vertex   7.000000e+00 -1.555662e+01 0.000000e+00
    endloop
  endfacet
  facet normal 0.000000e+00 0.000000e+00 -1.000000e+00
    outer loop
      vertex   6.500000e+00 -1.911325e+01 0.000000e+00
      vertex   7.000000e+00 -1.555662e+01 0.000000e+00
      vertex   7.000000e+00 -1.844338e+01 0.000000e+00
    endloop
  endfacet
  facet normal -0.000000e+00 0.000000e+00 -1.000000e+00
    outer loop
      vertex   4.000000e+00 -2.344338e+01 0.000000e+00
      vertex   0.000000e+00 -3.400000e+01 0.000000e+00
      vertex   4.000000e+00 -2.055662e+01 0.000000e+00
    endloop
  endfacet
  facet normal -0.000000e+00 0.000000e+00 -1.000000e+00
    outer loop
      vertex   4.000000e+00 -2.055662e+01 0.000000e+00
      vertex   0.000000e+00 -3.400000e+01 0.000000e+00
      vertex   4.000000e+00 -1.344338e+01 0.000000e+00
    endloop
  endfacet
  facet normal 0.000000e+00 0.000000e+00 -1.000000e+00
    outer loop
      vertex   4.000000e+00 -2.055662e+01 0.000000e+00
      vertex   4.000000e+00 -1.344338e+01 0.000000e+00
      vertex   6.500000e+00 -1.488675e+01 0.000000e+00
    endloop
  endfacet
  facet normal 0.000000e+00 0.000000e+00 -1.000000e+00
    outer loop
      vertex   0.000000e+00 -3.400000e+01 0.000000e+00
      vertex   4.000000e+00 -2.344338e+01 0.000000e+00
      vertex   7.000000e+00 -2.844338e+01 0.000000e+00
    endloop
  endfacet
  facet normal 0.000000e+00 0.000000e+00 -1.000000e+00
    outer loop
      vertex   7.000000e+00 -2.844338e+01 0.000000e+00
      vertex   4.000000e+00 -2.344338e+01 0.000000e+00
      vertex   6.500000e+00 -2.488675e+01 0.000000e+00
    endloop
  endfacet
  facet normal 0.000000e+00 0.000000e+00 -1.000000e+00
    outer loop
      vertex   7.000000e+00 -2.844338e+01 0.000000e+00
      vertex   6.500000e+00 -2.488675e+01 0.000000e+00
      vertex   7.000000e+00 -2.555662e+01 0.000000e+00
    endloop
  endfacet
  facet normal 0.000000e+00 0.000000e+00 -1.000000e+00
    outer loop
      vertex   7.000000e+00 -2.555662e+01 0.000000e+00
      vertex   6.500000e+00 -2.488675e+01 0.000000e+00
      vertex   9.500000e+00 -2.411325e+01 0.000000e+00
    endloop
  endfacet
  facet normal -0.000000e+00 0.000000e+00 -1.000000e+00
    outer loop
      vertex   9.500000e+00 -2.411325e+01 0.000000e+00
      vertex   6.500000e+00 -2.488675e+01 0.000000e+00
      vertex   9.000000e+00 -2.344338e+01 0.000000e+00
    endloop
  endfacet
  facet normal 0.000000e+00 -0.000000e+00 -1.000000e+00
    outer loop
      vertex   2.700000e+01 -2.344338e+01 0.000000e+00
      vertex   2.750000e+01 -2.411325e+01 0.000000e+00
      vertex   2.450000e+01 -2.488675e+01 0.000000e+00
    endloop
  endfacet
  facet normal 0.000000e+00 0.000000e+00 -1.000000e+00
    outer loop
      vertex   2.450000e+01 -2.488675e+01 0.000000e+00
      vertex   2.750000e+01 -2.411325e+01 0.000000e+00
      vertex   2.500000e+01 -2.555662e+01 0.000000e+00
    endloop
  endfacet
  facet normal 0.000000e+00 -0.000000e+00 -1.000000e+00
    outer loop
      vertex   7.000000e+00 -2.844338e+01 0.000000e+00
      vertex   9.500000e+00 -2.988675e+01 0.000000e+00
      vertex   0.000000e+00 -3.400000e+01 0.000000e+00
    endloop
  endfacet
  facet normal 0.000000e+00 0.000000e+00 -1.000000e+00
    outer loop
      vertex   3.100000e+01 -2.555662e+01 0.000000e+00
      vertex   3.050000e+01 -2.488675e+01 0.000000e+00
      vertex   3.350000e+01 -2.411325e+01 0.000000e+00
    endloop
  endfacet
  facet normal -0.000000e+00 0.000000e+00 -1.000000e+00
    outer loop
      vertex   3.350000e+01 -2.411325e+01 0.000000e+00
      vertex   3.050000e+01 -2.488675e+01 0.000000e+00
      vertex   3.300000e+01 -2.344338e+01 0.000000e+00
    endloop
  endfacet
  facet normal 0.000000e+00 -0.000000e+00 -1.000000e+00
    outer loop
      vertex   3.000000e+01 -1.844338e+01 0.000000e+00
      vertex   3.050000e+01 -1.911325e+01 0.000000e+00
      vertex   2.750000e+01 -1.988675e+01 0.000000e+00
    endloop
  endfacet
  facet normal 0.000000e+00 0.000000e+00 -1.000000e+00
    outer loop
      vertex   2.750000e+01 -1.988675e+01 0.000000e+00
      vertex   3.050000e+01 -1.911325e+01 0.000000e+00
      vertex   2.800000e+01 -2.055662e+01 0.000000e+00
    endloop
  endfacet
  facet normal 0.000000e+00 -0.000000e+00 -1.000000e+00
    outer loop
      vertex   1.500000e+01 -1.344338e+01 0.000000e+00
      vertex   1.550000e+01 -1.411325e+01 0.000000e+00
      vertex   1.250000e+01 -1.488675e+01 0.000000e+00
    endloop
  endfacet
  facet normal 0.000000e+00 0.000000e+00 -1.000000e+00
    outer loop
      vertex   1.250000e+01 -1.488675e+01 0.000000e+00
      vertex   1.550000e+01 -1.411325e+01 0.000000e+00
      vertex   1.300000e+01 -1.555662e+01 0.000000e+00
    endloop
  endfacet
  facet normal 0.000000e+00 -0.000000e+00 -1.000000e+00
    outer loop
      vertex   1.250000e+01 -1.488675e+01 0.000000e+00
      vertex   1.300000e+01 -1.555662e+01 0.000000e+00
      vertex   1.200000e+01 -1.555662e+01 0.000000e+00
    endloop
  endfacet
  facet normal 0.000000e+00 -0.000000e+00 -1.000000e+00
    outer loop
      vertex   1.200000e+01 -1.555662e+01 0.000000e+00
      vertex   1.300000e+01 -1.555662e+01 0.000000e+00
      vertex   1.200000e+01 -1.844338e+01 0.000000e+00
    endloop
  endfacet
  facet normal 0.000000e+00 0.000000e+00 -1.000000e+00
    outer loop
      vertex   1.200000e+01 -1.844338e+01 0.000000e+00
      vertex   1.300000e+01 -1.555662e+01 0.000000e+00
      vertex   1.300000e+01 -1.844338e+01 0.000000e+00
    endloop
  endfacet
  facet normal 0.000000e+00 0.000000e+00 -1.000000e+00
    outer loop
      vertex   1.200000e+01 -1.844338e+01 0.000000e+00
      vertex   1.300000e+01 -1.844338e+01 0.000000e+00
      vertex   1.250000e+01 -1.911325e+01 0.000000e+00
    endloop
  endfacet
  facet normal 0.000000e+00 0.000000e+00 -1.000000e+00
    outer loop
      vertex   1.250000e+01 -1.911325e+01 0.000000e+00
      vertex   1.300000e+01 -1.844338e+01 0.000000e+00
      vertex   1.550000e+01 -1.988675e+01 0.000000e+00
    endloop
  endfacet
  facet normal 0.000000e+00 0.000000e+00 -1.000000e+00
    outer loop
      vertex   1.250000e+01 -1.911325e+01 0.000000e+00
      vertex   1.550000e+01 -1.988675e+01 0.000000e+00
      vertex   1.500000e+01 -2.055662e+01 0.000000e+00
    endloop
  endfacet
  facet normal 0.000000e+00 0.000000e+00 -1.000000e+00
    outer loop
      vertex   1.500000e+01 -2.055662e+01 0.000000e+00
      vertex   1.550000e+01 -1.988675e+01 0.000000e+00
      vertex   1.600000e+01 -2.055662e+01 0.000000e+00
    endloop
  endfacet
  facet normal 0.000000e+00 -0.000000e+00 -1.000000e+00
    outer loop
      vertex   1.500000e+01 -2.055662e+01 0.000000e+00
      vertex   1.600000e+01 -2.055662e+01 0.000000e+00
      vertex   1.500000e+01 -2.344338e+01 0.000000e+00
    endloop
  endfacet
  facet normal 0.000000e+00 0.000000e+00 -1.000000e+00
    outer loop
      vertex   1.500000e+01 -2.344338e+01 0.000000e+00
      vertex   1.600000e+01 -2.055662e+01 0.000000e+00
      vertex   1.600000e+01 -2.344338e+01 0.000000e+00
    endloop
  endfacet
  facet normal 0.000000e+00 0.000000e+00 -1.000000e+00
    outer loop
      vertex   1.500000e+01 -2.344338e+01 0.000000e+00
      vertex   1.600000e+01 -2.344338e+01 0.000000e+00
      vertex   1.550000e+01 -2.411325e+01 0.000000e+00
    endloop
  endfacet
  facet normal 0.000000e+00 0.000000e+00 -1.000000e+00
    outer loop
      vertex   1.550000e+01 -2.411325e+01 0.000000e+00
      vertex   1.600000e+01 -2.344338e+01 0.000000e+00
      vertex   1.850000e+01 -2.488675e+01 0.000000e+00
    endloop
  endfacet
  facet normal 0.000000e+00 0.000000e+00 -1.000000e+00
    outer loop
      vertex   1.550000e+01 -2.411325e+01 0.000000e+00
      vertex   1.850000e+01 -2.488675e+01 0.000000e+00
      vertex   1.800000e+01 -2.555662e+01 0.000000e+00
    endloop
  endfacet
  facet normal 0.000000e+00 0.000000e+00 -1.000000e+00
    outer loop
      vertex   1.800000e+01 -2.555662e+01 0.000000e+00
      vertex   1.850000e+01 -2.488675e+01 0.000000e+00
      vertex   1.900000e+01 -2.555662e+01 0.000000e+00
    endloop
  endfacet
  facet normal 0.000000e+00 0.000000e+00 -1.000000e+00
    outer loop
      vertex   1.800000e+01 -2.555662e+01 0.000000e+00
      vertex   1.900000e+01 -2.555662e+01 0.000000e+00
      vertex   1.800000e+01 -2.844338e+01 0.000000e+00
    endloop
  endfacet
  facet normal 0.000000e+00 0.000000e+00 -1.000000e+00
    outer loop
      vertex   1.800000e+01 -2.844338e+01 0.000000e+00
      vertex   1.900000e+01 -2.555662e+01 0.000000e+00
      vertex   1.900000e+01 -2.844338e+01 0.000000e+00
    endloop
  endfacet
  facet normal 0.000000e+00 -0.000000e+00 -1.000000e+00
    outer loop
      vertex   1.800000e+01 -2.844338e+01 0.000000e+00
      vertex   1.900000e+01 -2.844338e+01 0.000000e+00
      vertex   1.550000e+01 -2.988675e+01 0.000000e+00
    endloop
  endfacet
  facet normal 0.000000e+00 0.000000e+00 -1.000000e+00
    outer loop
      vertex   1.550000e+01 -2.988675e+01 0.000000e+00
      vertex   1.900000e+01 -2.844338e+01 0.000000e+00
      vertex   2.150000e+01 -2.988675e+01 0.000000e+00
    endloop
  endfacet
  facet normal 0.000000e+00 0.000000e+00 -1.000000e+00
    outer loop
      vertex   1.600000e+01 -2.055662e+01 0.000000e+00
      vertex   1.550000e+01 -1.988675e+01 0.000000e+00
      vertex   1.850000e+01 -1.911325e+01 0.000000e+00
    endloop
  endfacet
  facet normal -0.000000e+00 0.000000e+00 -1.000000e+00
    outer loop
      vertex   1.850000e+01 -1.911325e+01 0.000000e+00
      vertex   1.550000e+01 -1.988675e+01 0.000000e+00
      vertex   1.800000e+01 -1.844338e+01 0.000000e+00
    endloop
  endfacet
  facet normal 0.000000e+00 0.000000e+00 -1.000000e+00
    outer loop
      vertex   1.900000e+01 -2.555662e+01 0.000000e+00
      vertex   1.850000e+01 -2.488675e+01 0.000000e+00
      vertex   2.150000e+01 -2.411325e+01 0.000000e+00
    endloop
  endfacet
  facet normal -0.000000e+00 0.000000e+00 -1.000000e+00
    outer loop
      vertex   2.150000e+01 -2.411325e+01 0.000000e+00
      vertex   1.850000e+01 -2.488675e+01 0.000000e+00
      vertex   2.100000e+01 -2.344338e+01 0.000000e+00
    endloop
  endfacet
  facet normal 0.000000e+00 -0.000000e+00 -1.000000e+00
    outer loop
      vertex   9.000000e+00 -1.055662e+01 0.000000e+00
      vertex   1.000000e+01 -1.055662e+01 0.000000e+00
      vertex   9.000000e+00 -1.344338e+01 0.000000e+00
    endloop
  endfacet
  facet normal 0.000000e+00 0.000000e+00 -1.000000e+00
    outer loop
      vertex   9.000000e+00 -1.344338e+01 0.000000e+00
      vertex   1.000000e+01 -1.055662e+01 0.000000e+00
      vertex   1.000000e+01 -1.344338e+01 0.000000e+00
    endloop
  endfacet
  facet normal 0.000000e+00 0.000000e+00 -1.000000e+00
    outer loop
      vertex   9.000000e+00 -1.344338e+01 0.000000e+00
      vertex   1.000000e+01 -1.344338e+01 0.000000e+00
      vertex   9.500000e+00 -1.411325e+01 0.000000e+00
    endloop
  endfacet
  facet normal 0.000000e+00 0.000000e+00 -1.000000e+00
    outer loop
      vertex   9.500000e+00 -1.411325e+01 0.000000e+00
      vertex   1.000000e+01 -1.344338e+01 0.000000e+00
      vertex   1.250000e+01 -1.488675e+01 0.000000e+00
    endloop
  endfacet
  facet normal 0.000000e+00 0.000000e+00 -1.000000e+00
    outer loop
      vertex   9.500000e+00 -1.411325e+01 0.000000e+00
      vertex   1.250000e+01 -1.488675e+01 0.000000e+00
      vertex   1.200000e+01 -1.555662e+01 0.000000e+00
    endloop
  endfacet
  facet normal -0.000000e+00 0.000000e+00 -1.000000e+00
    outer loop
      vertex   1.000000e+01 -1.055662e+01 0.000000e+00
      vertex   9.000000e+00 -1.055662e+01 0.000000e+00
      vertex   9.500000e+00 -9.886751e+00 0.000000e+00
    endloop
  endfacet
  facet normal -0.000000e+00 0.000000e+00 -1.000000e+00
    outer loop
      vertex   9.500000e+00 -9.886751e+00 0.000000e+00
      vertex   9.000000e+00 -1.055662e+01 0.000000e+00
      vertex   6.500000e+00 -9.113249e+00 0.000000e+00
    endloop
  endfacet
  facet normal 0.000000e+00 0.000000e+00 -1.000000e+00
    outer loop
      vertex   9.500000e+00 -9.886751e+00 0.000000e+00
      vertex   6.500000e+00 -9.113249e+00 0.000000e+00
      vertex   7.000000e+00 -8.443376e+00 0.000000e+00
    endloop
  endfacet
  facet normal -0.000000e+00 0.000000e+00 -1.000000e+00
    outer loop
      vertex   7.000000e+00 -8.443376e+00 0.000000e+00
      vertex   6.500000e+00 -9.113249e+00 0.000000e+00
      vertex   7.000000e+00 -5.556624e+00 0.000000e+00
    endloop
  endfacet
  facet normal 0.000000e+00 0.000000e+00 -1.000000e+00
    outer loop
      vertex   7.000000e+00 -5.556624e+00 0.000000e+00
      vertex   6.500000e+00 -9.113249e+00 0.000000e+00
      vertex   4.000000e+00 -1.055662e+01 0.000000e+00
    endloop
  endfacet
  facet normal -0.000000e+00 0.000000e+00 -1.000000e+00
    outer loop
      vertex   7.000000e+00 -5.556624e+00 0.000000e+00
      vertex   4.000000e+00 -1.055662e+01 0.000000e+00
      vertex   0.000000e+00 0.000000e+00 0.000000e+00
    endloop
  endfacet
  facet normal 0.000000e+00 0.000000e+00 -1.000000e+00
    outer loop
      vertex   0.000000e+00 0.000000e+00 0.000000e+00
      vertex   4.000000e+00 -1.055662e+01 0.000000e+00
      vertex   4.000000e+00 -1.344338e+01 0.000000e+00
    endloop
  endfacet
  facet normal 0.000000e+00 0.000000e+00 -1.000000e+00
    outer loop
      vertex   0.000000e+00 0.000000e+00 0.000000e+00
      vertex   4.000000e+00 -1.344338e+01 0.000000e+00
      vertex   0.000000e+00 -3.400000e+01 0.000000e+00
    endloop
  endfacet
  facet normal 0.000000e+00 0.000000e+00 -1.000000e+00
    outer loop
      vertex   7.000000e+00 -1.555662e+01 0.000000e+00
      vertex   6.500000e+00 -1.488675e+01 0.000000e+00
      vertex   9.500000e+00 -1.411325e+01 0.000000e+00
    endloop
  endfacet
  facet normal -0.000000e+00 0.000000e+00 -1.000000e+00
    outer loop
      vertex   9.500000e+00 -1.411325e+01 0.000000e+00
      vertex   6.500000e+00 -1.488675e+01 0.000000e+00
      vertex   9.000000e+00 -1.344338e+01 0.000000e+00
    endloop
  endfacet
  facet normal 0.000000e+00 0.000000e+00 -1.000000e+00
    outer loop
      vertex   2.500000e+01 -1.555662e+01 0.000000e+00
      vertex   2.450000e+01 -1.488675e+01 0.000000e+00
      vertex   2.750000e+01 -1.411325e+01 0.000000e+00
    endloop
  endfacet
  facet normal -0.000000e+00 0.000000e+00 -1.000000e+00
    outer loop
      vertex   2.750000e+01 -1.411325e+01 0.000000e+00
      vertex   2.450000e+01 -1.488675e+01 0.000000e+00
      vertex   2.700000e+01 -1.344338e+01 0.000000e+00
    endloop
  endfacet
  facet normal 0.000000e+00 -0.000000e+00 -1.000000e+00
    outer loop
      vertex   7.000000e+00 -1.844338e+01 0.000000e+00
      vertex   9.500000e+00 -1.988675e+01 0.000000e+00
      vertex   6.500000e+00 -1.911325e+01 0.000000e+00
    endloop
  endfacet
  facet normal 0.000000e+00 0.000000e+00 -1.000000e+00
    outer loop
      vertex   1.000000e+01 -2.055662e+01 0.000000e+00
      vertex   9.500000e+00 -1.988675e+01 0.000000e+00
      vertex   1.250000e+01 -1.911325e+01 0.000000e+00
    endloop
  endfacet
  facet normal -0.000000e+00 0.000000e+00 -1.000000e+00
    outer loop
      vertex   1.250000e+01 -1.911325e+01 0.000000e+00
      vertex   9.500000e+00 -1.988675e+01 0.000000e+00
      vertex   1.200000e+01 -1.844338e+01 0.000000e+00
    endloop
  endfacet
  facet normal 0.000000e+00 -0.000000e+00 -1.000000e+00
    outer loop
      vertex   2.100000e+01 -1.344338e+01 0.000000e+00
      vertex   2.150000e+01 -1.411325e+01 0.000000e+00
      vertex   1.850000e+01 -1.488675e+01 0.000000e+00
    endloop
  endfacet
  facet normal 0.000000e+00 0.000000e+00 -1.000000e+00
    outer loop
      vertex   1.850000e+01 -1.488675e+01 0.000000e+00
      vertex   2.150000e+01 -1.411325e+01 0.000000e+00
      vertex   1.900000e+01 -1.555662e+01 0.000000e+00
    endloop
  endfacet
  facet normal 0.000000e+00 0.000000e+00 -1.000000e+00
    outer loop
      vertex   2.200000e+01 -2.055662e+01 0.000000e+00
      vertex   2.150000e+01 -1.988675e+01 0.000000e+00
      vertex   2.450000e+01 -1.911325e+01 0.000000e+00
    endloop
  endfacet
  facet normal -0.000000e+00 0.000000e+00 -1.000000e+00
    outer loop
      vertex   2.450000e+01 -1.911325e+01 0.000000e+00
      vertex   2.150000e+01 -1.988675e+01 0.000000e+00
      vertex   2.400000e+01 -1.844338e+01 0.000000e+00
    endloop
  endfacet
  facet normal 0.000000e+00 0.000000e+00 -1.000000e+00
    outer loop
      vertex   3.600000e+01 -5.556624e+00 0.000000e+00
      vertex   3.350000e+01 -4.113249e+00 0.000000e+00
      vertex   4.200000e+01 1.617781e-31 0.000000e+00
    endloop
  endfacet
  facet normal -0.000000e+00 0.000000e+00 -1.000000e+00
    outer loop
      vertex   9.500000e+00 -4.113249e+00 0.000000e+00
      vertex   7.000000e+00 -5.556624e+00 0.000000e+00
      vertex   0.000000e+00 0.000000e+00 0.000000e+00
    endloop
  endfacet
  facet normal 0.000000e+00 0.000000e+00 -1.000000e+00
    outer loop
      vertex   1.000000e+01 -1.055662e+01 0.000000e+00
      vertex   9.500000e+00 -9.886751e+00 0.000000e+00
      vertex   1.250000e+01 -9.113249e+00 0.000000e+00
    endloop
  endfacet
  facet normal -0.000000e+00 0.000000e+00 -1.000000e+00
    outer loop
      vertex   1.250000e+01 -9.113249e+00 0.000000e+00
      vertex   9.500000e+00 -9.886751e+00 0.000000e+00
      vertex   1.200000e+01 -8.443376e+00 0.000000e+00
    endloop
  endfacet
  facet normal 0.000000e+00 -0.000000e+00 -1.000000e+00
    outer loop
      vertex   1.500000e+01 -2.344338e+01 0.000000e+00
      vertex   1.550000e+01 -2.411325e+01 0.000000e+00
      vertex   1.250000e+01 -2.488675e+01 0.000000e+00
    endloop
  endfacet
  facet normal 0.000000e+00 0.000000e+00 -1.000000e+00
    outer loop
      vertex   1.250000e+01 -2.488675e+01 0.000000e+00
      vertex   1.550000e+01 -2.411325e+01 0.000000e+00
      vertex   1.300000e+01 -2.555662e+01 0.000000e+00
    endloop
  endfacet
endsolid
