solid ASCII
  facet normal -1.000000e+00 0.000000e+00 0.000000e+00
    outer loop
      vertex   5.400000e+01 -3.050000e+01 0.000000e+00
      vertex   5.400000e+01 -3.200000e+01 0.000000e+00
      vertex   5.400000e+01 -3.050000e+01 4.000000e-01
    endloop
  endfacet
  facet normal -1.000000e+00 -0.000000e+00 0.000000e+00
    outer loop
      vertex   5.400000e+01 -3.050000e+01 4.000000e-01
      vertex   5.400000e+01 -3.200000e+01 0.000000e+00
      vertex   5.400000e+01 -3.200000e+01 4.000000e-01
    endloop
  endfacet
  facet normal 0.000000e+00 1.000000e+00 -0.000000e+00
    outer loop
      vertex   5.400000e+01 -3.200000e+01 0.000000e+00
      vertex   5.300000e+01 -3.200000e+01 0.000000e+00
      vertex   5.400000e+01 -3.200000e+01 4.000000e-01
    endloop
  endfacet
  facet normal 0.000000e+00 1.000000e+00 0.000000e+00
    outer loop
      vertex   5.400000e+01 -3.200000e+01 4.000000e-01
      vertex   5.300000e+01 -3.200000e+01 0.000000e+00
      vertex   5.300000e+01 -3.200000e+01 4.000000e-01
    endloop
  endfacet
  facet normal 1.000000e+00 0.000000e+00 0.000000e+00
    outer loop
      vertex   5.300000e+01 -3.200000e+01 0.000000e+00
      vertex   5.300000e+01 -3.050000e+01 0.000000e+00
      vertex   5.300000e+01 -3.200000e+01 4.000000e-01
    endloop
  endfacet
  facet normal 1.000000e+00 -0.000000e+00 0.000000e+00
    outer loop
      vertex   5.300000e+01 -3.200000e+01 4.000000e-01
      vertex   5.300000e+01 -3.050000e+01 0.000000e+00
      vertex   5.300000e+01 -3.050000e+01 4.000000e-01
    endloop
  endfacet
  facet normal 8.944272e-01 4.472136e-01 -0.000000e+00
    outer loop
      vertex   5.300000e+01 -3.050000e+01 0.000000e+00
      vertex   5.150000e+01 -2.750000e+01 0.000000e+00
      vertex   5.300000e+01 -3.050000e+01 4.000000e-01
    endloop
  endfacet
  facet normal 8.944272e-01 4.472136e-01 0.000000e+00
    outer loop
      vertex   5.300000e+01 -3.050000e+01 4.000000e-01
      vertex   5.150000e+01 -2.750000e+01 0.000000e+00
      vertex   5.150000e+01 -2.750000e+01 4.000000e-01
    endloop
  endfacet
  facet normal 0.000000e+00 -1.000000e+00 0.000000e+00
    outer loop
      vertex   5.150000e+01 -2.750000e+01 0.000000e+00
      vertex   5.250000e+01 -2.750000e+01 0.000000e+00
      vertex   5.150000e+01 -2.750000e+01 4.000000e-01
    endloop
  endfacet
  facet normal 0.000000e+00 -1.000000e+00 0.000000e+00
    outer loop
      vertex   5.150000e+01 -2.750000e+01 4.000000e-01
      vertex   5.250000e+01 -2.750000e+01 0.000000e+00
      vertex   5.250000e+01 -2.750000e+01 4.000000e-01
    endloop
  endfacet
  facet normal -8.944272e-01 -4.472136e-01 0.000000e+00
    outer loop
      vertex   5.250000e+01 -2.750000e+01 0.000000e+00
      vertex   5.350000e+01 -2.950000e+01 0.000000e+00
      vertex   5.250000e+01 -2.750000e+01 4.000000e-01
    endloop
  endfacet
  facet normal -8.944272e-01 -4.472136e-01 0.000000e+00
    outer loop
      vertex   5.250000e+01 -2.750000e+01 4.000000e-01
      vertex   5.350000e+01 -2.950000e+01 0.000000e+00
      vertex   5.350000e+01 -2.950000e+01 4.000000e-01
    endloop
  endfacet
  facet normal 8.944272e-01 -4.472136e-01 0.000000e+00
    outer loop
      vertex   5.350000e+01 -2.950000e+01 0.000000e+00
      vertex   5.450000e+01 -2.750000e+01 0.000000e+00
      vertex   5.350000e+01 -2.950000e+01 4.000000e-01
    endloop
  endfacet
  facet normal 8.944272e-01 -4.472136e-01 0.000000e+00
    outer loop
      vertex   5.350000e+01 -2.950000e+01 4.000000e-01
      vertex   5.450000e+01 -2.750000e+01 0.000000e+00
      vertex   5.450000e+01 -2.750000e+01 4.000000e-01
    endloop
  endfacet
  facet normal 0.000000e+00 -1.000000e+00 0.000000e+00
    outer loop
      vertex   5.450000e+01 -2.750000e+01 0.000000e+00
      vertex   5.550000e+01 -2.750000e+01 0.000000e+00
      vertex   5.450000e+01 -2.750000e+01 4.000000e-01
    endloop
  endfacet
  facet normal 0.000000e+00 -1.000000e+00 0.000000e+00
    outer loop
      vertex   5.450000e+01 -2.750000e+01 4.000000e-01
      vertex   5.550000e+01 -2.750000e+01 0.000000e+00
      vertex   5.550000e+01 -2.750000e+01 4.000000e-01
    endloop
  endfacet
  facet normal -8.944272e-01 4.472136e-01 0.000000e+00
    outer loop
      vertex   5.550000e+01 -2.750000e+01 0.000000e+00
      vertex   5.400000e+01 -3.050000e+01 0.000000e+00
      vertex   5.550000e+01 -2.750000e+01 4.000000e-01
    endloop
  endfacet
  facet normal -8.944272e-01 4.472136e-01 0.000000e+00
    outer loop
      vertex   5.550000e+01 -2.750000e+01 4.000000e-01
      vertex   5.400000e+01 -3.050000e+01 0.000000e+00
      vertex   5.400000e+01 -3.050000e+01 4.000000e-01
    endloop
  endfacet
  facet normal 0.000000e+00 -0.000000e+00 -1.000000e+00
    outer loop
      vertex   5.450000e+01 -2.750000e+01 4.000000e-01
      vertex   5.550000e+01 -2.750000e+01 4.000000e-01
      vertex   5.350000e+01 -2.950000e+01 4.000000e-01
    endloop
  endfacet
  facet normal 0.000000e+00 0.000000e+00 -1.000000e+00
    outer loop
      vertex   5.350000e+01 -2.950000e+01 4.000000e-01
      vertex   5.550000e+01 -2.750000e+01 4.000000e-01
      vertex   5.400000e+01 -3.050000e+01 4.000000e-01
    endloop
  endfacet
  facet normal 0.000000e+00 -0.000000e+00 -1.000000e+00
    outer loop
      vertex   5.350000e+01 -2.950000e+01 4.000000e-01
      vertex   5.400000e+01 -3.050000e+01 4.000000e-01
      vertex   5.300000e+01 -3.050000e+01 4.000000e-01
    endloop
  endfacet
  facet normal 0.000000e+00 0.000000e+00 -1.000000e+00
    outer loop
      vertex   5.300000e+01 -3.050000e+01 4.000000e-01
      vertex   5.400000e+01 -3.050000e+01 4.000000e-01
      vertex   5.300000e+01 -3.200000e+01 4.000000e-01
    endloop
  endfacet
  facet normal 0.000000e+00 0.000000e+00 -1.000000e+00
    outer loop
      vertex   5.300000e+01 -3.200000e+01 4.000000e-01
      vertex   5.400000e+01 -3.050000e+01 4.000000e-01
      vertex   5.400000e+01 -3.200000e+01 4.000000e-01
    endloop
  endfacet
  facet normal 0.000000e+00 0.000000e+00 -1.000000e+00
    outer loop
      vertex   5.300000e+01 -3.050000e+01 4.000000e-01
      vertex   5.150000e+01 -2.750000e+01 4.000000e-01
      vertex   5.350000e+01 -2.950000e+01 4.000000e-01
    endloop
  endfacet
  facet normal 0.000000e+00 0.000000e+00 -1.000000e+00
    outer loop
      vertex   5.350000e+01 -2.950000e+01 4.000000e-01
      vertex   5.150000e+01 -2.750000e+01 4.000000e-01
      vertex   5.250000e+01 -2.750000e+01 4.000000e-01
    endloop
  endfacet
  facet normal 0.000000e+00 1.000000e+00 -0.000000e+00
    outer loop
      vertex   4.950000e+01 -3.200000e+01 0.000000e+00
      vertex   4.850000e+01 -3.200000e+01 0.000000e+00
      vertex   4.950000e+01 -3.200000e+01 4.000000e-01
    endloop
  endfacet
  facet normal 0.000000e+00 1.000000e+00 0.000000e+00
    outer loop
      vertex   4.950000e+01 -3.200000e+01 4.000000e-01
      vertex   4.850000e+01 -3.200000e+01 0.000000e+00
      vertex   4.850000e+01 -3.200000e+01 4.000000e-01
    endloop
  endfacet
  facet normal 9.486833e-01 3.162278e-01 -0.000000e+00
    outer loop
      vertex   4.850000e+01 -3.200000e+01 0.000000e+00
      vertex   4.700000e+01 -2.750000e+01 0.000000e+00
      vertex   4.850000e+01 -3.200000e+01 4.000000e-01
    endloop
  endfacet
  facet normal 9.486833e-01 3.162278e-01 0.000000e+00
    outer loop
      vertex   4.850000e+01 -3.200000e+01 4.000000e-01
      vertex   4.700000e+01 -2.750000e+01 0.000000e+00
      vertex   4.700000e+01 -2.750000e+01 4.000000e-01
    endloop
  endfacet
  facet normal 0.000000e+00 -1.000000e+00 0.000000e+00
    outer loop
      vertex   4.700000e+01 -2.750000e+01 0.000000e+00
      vertex   4.800000e+01 -2.750000e+01 0.000000e+00
      vertex   4.700000e+01 -2.750000e+01 4.000000e-01
    endloop
  endfacet
  facet normal 0.000000e+00 -1.000000e+00 0.000000e+00
    outer loop
      vertex   4.700000e+01 -2.750000e+01 4.000000e-01
      vertex   4.800000e+01 -2.750000e+01 0.000000e+00
      vertex   4.800000e+01 -2.750000e+01 4.000000e-01
    endloop
  endfacet
  facet normal -9.615239e-01 -2.747211e-01 0.000000e+00
    outer loop
      vertex   4.800000e+01 -2.750000e+01 0.000000e+00
      vertex   4.900000e+01 -3.100000e+01 0.000000e+00
      vertex   4.800000e+01 -2.750000e+01 4.000000e-01
    endloop
  endfacet
  facet normal -9.615239e-01 -2.747211e-01 0.000000e+00
    outer loop
      vertex   4.800000e+01 -2.750000e+01 4.000000e-01
      vertex   4.900000e+01 -3.100000e+01 0.000000e+00
      vertex   4.900000e+01 -3.100000e+01 4.000000e-01
    endloop
  endfacet
  facet normal 9.615239e-01 -2.747211e-01 0.000000e+00
    outer loop
      vertex   4.900000e+01 -3.100000e+01 0.000000e+00
      vertex   5.000000e+01 -2.750000e+01 0.000000e+00
      vertex   4.900000e+01 -3.100000e+01 4.000000e-01
    endloop
  endfacet
  facet normal 9.615239e-01 -2.747211e-01 0.000000e+00
    outer loop
      vertex   4.900000e+01 -3.100000e+01 4.000000e-01
      vertex   5.000000e+01 -2.750000e+01 0.000000e+00
      vertex   5.000000e+01 -2.750000e+01 4.000000e-01
    endloop
  endfacet
  facet normal 0.000000e+00 -1.000000e+00 0.000000e+00
    outer loop
      vertex   5.000000e+01 -2.750000e+01 0.000000e+00
      vertex   5.100000e+01 -2.750000e+01 0.000000e+00
      vertex   5.000000e+01 -2.750000e+01 4.000000e-01
    endloop
  endfacet
  facet normal 0.000000e+00 -1.000000e+00 0.000000e+00
    outer loop
      vertex   5.000000e+01 -2.750000e+01 4.000000e-01
      vertex   5.100000e+01 -2.750000e+01 0.000000e+00
      vertex   5.100000e+01 -2.750000e+01 4.000000e-01
    endloop
  endfacet
  facet normal -9.486833e-01 3.162278e-01 0.000000e+00
    outer loop
      vertex   5.100000e+01 -2.750000e+01 0.000000e+00
      vertex   4.950000e+01 -3.200000e+01 0.000000e+00
      vertex   5.100000e+01 -2.750000e+01 4.000000e-01
    endloop
  endfacet
  facet normal -9.486833e-01 3.162278e-01 0.000000e+00
    outer loop
      vertex   5.100000e+01 -2.750000e+01 4.000000e-01
      vertex   4.950000e+01 -3.200000e+01 0.000000e+00
      vertex   4.950000e+01 -3.200000e+01 4.000000e-01
    endloop
  endfacet
  facet normal 0.000000e+00 -0.000000e+00 -1.000000e+00
    outer loop
      vertex   5.000000e+01 -2.750000e+01 4.000000e-01
      vertex   5.100000e+01 -2.750000e+01 4.000000e-01
      vertex   4.900000e+01 -3.100000e+01 4.000000e-01
    endloop
  endfacet
  facet normal 0.000000e+00 0.000000e+00 -1.000000e+00
    outer loop
      vertex   4.900000e+01 -3.100000e+01 4.000000e-01
      vertex   5.100000e+01 -2.750000e+01 4.000000e-01
      vertex   4.950000e+01 -3.200000e+01 4.000000e-01
    endloop
  endfacet
  facet normal 0.000000e+00 -0.000000e+00 -1.000000e+00
    outer loop
      vertex   4.900000e+01 -3.100000e+01 4.000000e-01
      vertex   4.950000e+01 -3.200000e+01 4.000000e-01
      vertex   4.850000e+01 -3.200000e+01 4.000000e-01
    endloop
  endfacet
  facet normal 0.000000e+00 0.000000e+00 -1.000000e+00
    outer loop
      vertex   4.850000e+01 -3.200000e+01 4.000000e-01
      vertex   4.700000e+01 -2.750000e+01 4.000000e-01
      vertex   4.900000e+01 -3.100000e+01 4.000000e-01
    endloop
  endfacet
  facet normal 0.000000e+00 0.000000e+00 -1.000000e+00
    outer loop
      vertex   4.900000e+01 -3.100000e+01 4.000000e-01
      vertex   4.700000e+01 -2.750000e+01 4.000000e-01
      vertex   4.800000e+01 -2.750000e+01 4.000000e-01
    endloop
  endfacet
  facet normal 5.000000e-01 -8.660254e-01 0.000000e+00
    outer loop
      vertex   7.150000e+01 -1.411325e+01 1.000000e+00
      vertex   6.900000e+01 -1.555662e+01 1.000000e+00
      vertex   7.150000e+01 -1.411325e+01 0.000000e+00
    endloop
  endfacet
  facet normal 5.000000e-01 -8.660254e-01 0.000000e+00
    outer loop
      vertex   7.150000e+01 -1.411325e+01 0.000000e+00
      vertex   6.900000e+01 -1.555662e+01 1.000000e+00
      vertex   6.900000e+01 -1.555662e+01 0.000000e+00
    endloop
  endfacet
  facet normal 1.000000e+00 0.000000e+00 0.000000e+00
    outer loop
      vertex   6.900000e+01 -1.555662e+01 1.000000e+00
      vertex   6.900000e+01 -1.844338e+01 1.000000e+00
      vertex   6.900000e+01 -1.555662e+01 0.000000e+00
    endloop
  endfacet
  facet normal 1.000000e+00 0.000000e+00 0.000000e+00
    outer loop
      vertex   6.900000e+01 -1.555662e+01 0.000000e+00
      vertex   6.900000e+01 -1.844338e+01 1.000000e+00
      vertex   6.900000e+01 -1.844338e+01 0.000000e+00
    endloop
  endfacet
  facet normal 5.000000e-01 8.660254e-01 0.000000e+00
    outer loop
      vertex   6.900000e+01 -1.844338e+01 1.000000e+00
      vertex   7.150000e+01 -1.988675e+01 1.000000e+00
      vertex   6.900000e+01 -1.844338e+01 0.000000e+00
    endloop
  endfacet
  facet normal 5.000000e-01 8.660254e-01 0.000000e+00
    outer loop
      vertex   6.900000e+01 -1.844338e+01 0.000000e+00
      vertex   7.150000e+01 -1.988675e+01 1.000000e+00
      vertex   7.150000e+01 -1.988675e+01 0.000000e+00
    endloop
  endfacet
  facet normal -5.000000e-01 8.660254e-01 0.000000e+00
    outer loop
      vertex   7.150000e+01 -1.988675e+01 1.000000e+00
      vertex   7.400000e+01 -1.844338e+01 1.000000e+00
      vertex   7.150000e+01 -1.988675e+01 0.000000e+00
    endloop
  endfacet
  facet normal -5.000000e-01 8.660254e-01 0.000000e+00
    outer loop
      vertex   7.150000e+01 -1.988675e+01 0.000000e+00
      vertex   7.400000e+01 -1.844338e+01 1.000000e+00
      vertex   7.400000e+01 -1.844338e+01 0.000000e+00
    endloop
  endfacet
  facet normal -1.000000e+00 0.000000e+00 0.000000e+00
    outer loop
      vertex   7.400000e+01 -1.844338e+01 1.000000e+00
      vertex   7.400000e+01 -1.555662e+01 1.000000e+00
      vertex   7.400000e+01 -1.844338e+01 0.000000e+00
    endloop
  endfacet
  facet normal -1.000000e+00 0.000000e+00 0.000000e+00
    outer loop
      vertex   7.400000e+01 -1.844338e+01 0.000000e+00
      vertex   7.400000e+01 -1.555662e+01 1.000000e+00
      vertex   7.400000e+01 -1.555662e+01 0.000000e+00
    endloop
  endfacet
  facet normal -5.000000e-01 -8.660254e-01 -0.000000e+00
    outer loop
      vertex   7.400000e+01 -1.555662e+01 1.000000e+00
      vertex   7.150000e+01 -1.411325e+01 1.000000e+00
      vertex   7.400000e+01 -1.555662e+01 0.000000e+00
    endloop
  endfacet
  facet normal -5.000000e-01 -8.660254e-01 0.000000e+00
    outer loop
      vertex   7.400000e+01 -1.555662e+01 0.000000e+00
      vertex   7.150000e+01 -1.411325e+01 1.000000e+00
      vertex   7.150000e+01 -1.411325e+01 0.000000e+00
    endloop
  endfacet
  facet normal -5.000000e-01 8.660254e-01 0.000000e+00
    outer loop
      vertex   7.450000e+01 -2.488675e+01 1.000000e+00
      vertex   7.700000e+01 -2.344338e+01 1.000000e+00
      vertex   7.450000e+01 -2.488675e+01 0.000000e+00
    endloop
  endfacet
  facet normal -5.000000e-01 8.660254e-01 0.000000e+00
    outer loop
      vertex   7.450000e+01 -2.488675e+01 0.000000e+00
      vertex   7.700000e+01 -2.344338e+01 1.000000e+00
      vertex   7.700000e+01 -2.344338e+01 0.000000e+00
    endloop
  endfacet
  facet normal -1.000000e+00 0.000000e+00 0.000000e+00
    outer loop
      vertex   7.700000e+01 -2.344338e+01 1.000000e+00
      vertex   7.700000e+01 -2.055662e+01 1.000000e+00
      vertex   7.700000e+01 -2.344338e+01 0.000000e+00
    endloop
  endfacet
  facet normal -1.000000e+00 0.000000e+00 0.000000e+00
    outer loop
      vertex   7.700000e+01 -2.344338e+01 0.000000e+00
      vertex   7.700000e+01 -2.055662e+01 1.000000e+00
      vertex   7.700000e+01 -2.055662e+01 0.000000e+00
    endloop
  endfacet
  facet normal -5.000000e-01 -8.660254e-01 -0.000000e+00
    outer loop
      vertex   7.700000e+01 -2.055662e+01 1.000000e+00
      vertex   7.450000e+01 -1.911325e+01 1.000000e+00
      vertex   7.700000e+01 -2.055662e+01 0.000000e+00
    endloop
  endfacet
  facet normal -5.000000e-01 -8.660254e-01 0.000000e+00
    outer loop
      vertex   7.700000e+01 -2.055662e+01 0.000000e+00
      vertex   7.450000e+01 -1.911325e+01 1.000000e+00
      vertex   7.450000e+01 -1.911325e+01 0.000000e+00
    endloop
  endfacet
  facet normal 5.000000e-01 -8.660254e-01 0.000000e+00
    outer loop
      vertex   7.450000e+01 -1.911325e+01 1.000000e+00
      vertex   7.200000e+01 -2.055662e+01 1.000000e+00
      vertex   7.450000e+01 -1.911325e+01 0.000000e+00
    endloop
  endfacet
  facet normal 5.000000e-01 -8.660254e-01 0.000000e+00
    outer loop
      vertex   7.450000e+01 -1.911325e+01 0.000000e+00
      vertex   7.200000e+01 -2.055662e+01 1.000000e+00
      vertex   7.200000e+01 -2.055662e+01 0.000000e+00
    endloop
  endfacet
  facet normal 1.000000e+00 0.000000e+00 0.000000e+00
    outer loop
      vertex   7.200000e+01 -2.055662e+01 1.000000e+00
      vertex   7.200000e+01 -2.344338e+01 1.000000e+00
      vertex   7.200000e+01 -2.055662e+01 0.000000e+00
    endloop
  endfacet
  facet normal 1.000000e+00 0.000000e+00 0.000000e+00
    outer loop
      vertex   7.200000e+01 -2.055662e+01 0.000000e+00
      vertex   7.200000e+01 -2.344338e+01 1.000000e+00
      vertex   7.200000e+01 -2.344338e+01 0.000000e+00
    endloop
  endfacet
  facet normal 5.000000e-01 8.660254e-01 0.000000e+00
    outer loop
      vertex   7.200000e+01 -2.344338e+01 1.000000e+00
      vertex   7.450000e+01 -2.488675e+01 1.000000e+00
      vertex   7.200000e+01 -2.344338e+01 0.000000e+00
    endloop
  endfacet
  facet normal 5.000000e-01 8.660254e-01 0.000000e+00
    outer loop
      vertex   7.200000e+01 -2.344338e+01 0.000000e+00
      vertex   7.450000e+01 -2.488675e+01 1.000000e+00
      vertex   7.450000e+01 -2.488675e+01 0.000000e+00
    endloop
  endfacet
  facet normal 5.000000e-01 -8.660254e-01 0.000000e+00
    outer loop
      vertex   5.050000e+01 -9.113249e+00 1.000000e+00
      vertex   4.800000e+01 -1.055662e+01 1.000000e+00
      vertex   5.050000e+01 -9.113249e+00 0.000000e+00
    endloop
  endfacet
  facet normal 5.000000e-01 -8.660254e-01 0.000000e+00
    outer loop
      vertex   5.050000e+01 -9.113249e+00 0.000000e+00
      vertex   4.800000e+01 -1.055662e+01 1.000000e+00
      vertex   4.800000e+01 -1.055662e+01 0.000000e+00
    endloop
  endfacet
  facet normal 1.000000e+00 0.000000e+00 0.000000e+00
    outer loop
      vertex   4.800000e+01 -1.055662e+01 1.000000e+00
      vertex   4.800000e+01 -1.344338e+01 1.000000e+00
      vertex   4.800000e+01 -1.055662e+01 0.000000e+00
    endloop
  endfacet
  facet normal 1.000000e+00 0.000000e+00 0.000000e+00
    outer loop
      vertex   4.800000e+01 -1.055662e+01 0.000000e+00
      vertex   4.800000e+01 -1.344338e+01 1.000000e+00
      vertex   4.800000e+01 -1.344338e+01 0.000000e+00
    endloop
  endfacet
  facet normal 5.000000e-01 8.660254e-01 0.000000e+00
    outer loop
      vertex   4.800000e+01 -1.344338e+01 1.000000e+00
      vertex   5.050000e+01 -1.488675e+01 1.000000e+00
      vertex   4.800000e+01 -1.344338e+01 0.000000e+00
    endloop
  endfacet
  facet normal 5.000000e-01 8.660254e-01 0.000000e+00
    outer loop
      vertex   4.800000e+01 -1.344338e+01 0.000000e+00
      vertex   5.050000e+01 -1.488675e+01 1.000000e+00
      vertex   5.050000e+01 -1.488675e+01 0.000000e+00
    endloop
  endfacet
  facet normal -5.000000e-01 8.660254e-01 0.000000e+00
    outer loop
      vertex   5.050000e+01 -1.488675e+01 1.000000e+00
      vertex   5.300000e+01 -1.344338e+01 1.000000e+00
      vertex   5.050000e+01 -1.488675e+01 0.000000e+00
    endloop
  endfacet
  facet normal -5.000000e-01 8.660254e-01 0.000000e+00
    outer loop
      vertex   5.050000e+01 -1.488675e+01 0.000000e+00
      vertex   5.300000e+01 -1.344338e+01 1.000000e+00
      vertex   5.300000e+01 -1.344338e+01 0.000000e+00
    endloop
  endfacet
  facet normal -1.000000e+00 0.000000e+00 0.000000e+00
    outer loop
      vertex   5.300000e+01 -1.344338e+01 1.000000e+00
      vertex   5.300000e+01 -1.055662e+01 1.000000e+00
      vertex   5.300000e+01 -1.344338e+01 0.000000e+00
    endloop
  endfacet
  facet normal -1.000000e+00 0.000000e+00 0.000000e+00
    outer loop
      vertex   5.300000e+01 -1.344338e+01 0.000000e+00
      vertex   5.300000e+01 -1.055662e+01 1.000000e+00
      vertex   5.300000e+01 -1.055662e+01 0.000000e+00
    endloop
  endfacet
  facet normal -5.000000e-01 -8.660254e-01 -0.000000e+00
    outer loop
      vertex   5.300000e+01 -1.055662e+01 1.000000e+00
      vertex   5.050000e+01 -9.113249e+00 1.000000e+00
      vertex   5.300000e+01 -1.055662e+01 0.000000e+00
    endloop
  endfacet
  facet normal -5.000000e-01 -8.660254e-01 0.000000e+00
    outer loop
      vertex   5.300000e+01 -1.055662e+01 0.000000e+00
      vertex   5.050000e+01 -9.113249e+00 1.000000e+00
      vertex   5.050000e+01 -9.113249e+00 0.000000e+00
    endloop
  endfacet
  facet normal 5.000000e-01 -8.660254e-01 0.000000e+00
    outer loop
      vertex   5.650000e+01 -1.911325e+01 1.000000e+00
      vertex   5.400000e+01 -2.055662e+01 1.000000e+00
      vertex   5.650000e+01 -1.911325e+01 0.000000e+00
    endloop
  endfacet
  facet normal 5.000000e-01 -8.660254e-01 0.000000e+00
    outer loop
      vertex   5.650000e+01 -1.911325e+01 0.000000e+00
      vertex   5.400000e+01 -2.055662e+01 1.000000e+00
      vertex   5.400000e+01 -2.055662e+01 0.000000e+00
    endloop
  endfacet
  facet normal 1.000000e+00 0.000000e+00 0.000000e+00
    outer loop
      vertex   5.400000e+01 -2.055662e+01 1.000000e+00
      vertex   5.400000e+01 -2.344338e+01 1.000000e+00
      vertex   5.400000e+01 -2.055662e+01 0.000000e+00
    endloop
  endfacet
  facet normal 1.000000e+00 0.000000e+00 0.000000e+00
    outer loop
      vertex   5.400000e+01 -2.055662e+01 0.000000e+00
      vertex   5.400000e+01 -2.344338e+01 1.000000e+00
      vertex   5.400000e+01 -2.344338e+01 0.000000e+00
    endloop
  endfacet
  facet normal 5.000000e-01 8.660254e-01 0.000000e+00
    outer loop
      vertex   5.400000e+01 -2.344338e+01 1.000000e+00
      vertex   5.650000e+01 -2.488675e+01 1.000000e+00
      vertex   5.400000e+01 -2.344338e+01 0.000000e+00
    endloop
  endfacet
  facet normal 5.000000e-01 8.660254e-01 0.000000e+00
    outer loop
      vertex   5.400000e+01 -2.344338e+01 0.000000e+00
      vertex   5.650000e+01 -2.488675e+01 1.000000e+00
      vertex   5.650000e+01 -2.488675e+01 0.000000e+00
    endloop
  endfacet
  facet normal -5.000000e-01 8.660254e-01 0.000000e+00
    outer loop
      vertex   5.650000e+01 -2.488675e+01 1.000000e+00
      vertex   5.900000e+01 -2.344338e+01 1.000000e+00
      vertex   5.650000e+01 -2.488675e+01 0.000000e+00
    endloop
  endfacet
  facet normal -5.000000e-01 8.660254e-01 0.000000e+00
    outer loop
      vertex   5.650000e+01 -2.488675e+01 0.000000e+00
      vertex   5.900000e+01 -2.344338e+01 1.000000e+00
      vertex   5.900000e+01 -2.344338e+01 0.000000e+00
    endloop
  endfacet
  facet normal -1.000000e+00 2.461392e-15 0.000000e+00
    outer loop
      vertex   5.900000e+01 -2.344338e+01 1.000000e+00
      vertex   5.900000e+01 -2.055662e+01 1.000000e+00
      vertex   5.900000e+01 -2.344338e+01 0.000000e+00
    endloop
  endfacet
  facet normal -1.000000e+00 2.461392e-15 0.000000e+00
    outer loop
      vertex   5.900000e+01 -2.344338e+01 0.000000e+00
      vertex   5.900000e+01 -2.055662e+01 1.000000e+00
      vertex   5.900000e+01 -2.055662e+01 0.000000e+00
    endloop
  endfacet
  facet normal -5.000000e-01 -8.660254e-01 -0.000000e+00
    outer loop
      vertex   5.900000e+01 -2.055662e+01 1.000000e+00
      vertex   5.650000e+01 -1.911325e+01 1.000000e+00
      vertex   5.900000e+01 -2.055662e+01 0.000000e+00
    endloop
  endfacet
  facet normal -5.000000e-01 -8.660254e-01 0.000000e+00
    outer loop
      vertex   5.900000e+01 -2.055662e+01 0.000000e+00
      vertex   5.650000e+01 -1.911325e+01 1.000000e+00
      vertex   5.650000e+01 -1.911325e+01 0.000000e+00
    endloop
  endfacet
  facet normal 1.000000e+00 0.000000e+00 0.000000e+00
    outer loop
      vertex   7.800000e+01 -2.055662e+01 1.000000e+00
      vertex   7.800000e+01 -2.344338e+01 1.000000e+00
      vertex   7.800000e+01 -2.055662e+01 0.000000e+00
    endloop
  endfacet
  facet normal 1.000000e+00 0.000000e+00 0.000000e+00
    outer loop
      vertex   7.800000e+01 -2.055662e+01 0.000000e+00
      vertex   7.800000e+01 -2.344338e+01 1.000000e+00
      vertex   7.800000e+01 -2.344338e+01 0.000000e+00
    endloop
  endfacet
  facet normal 5.000000e-01 8.660254e-01 0.000000e+00
    outer loop
      vertex   7.800000e+01 -2.344338e+01 1.000000e+00
      vertex   8.050000e+01 -2.488675e+01 1.000000e+00
      vertex   7.800000e+01 -2.344338e+01 0.000000e+00
    endloop
  endfacet
  facet normal 5.000000e-01 8.660254e-01 0.000000e+00
    outer loop
      vertex   7.800000e+01 -2.344338e+01 0.000000e+00
      vertex   8.050000e+01 -2.488675e+01 1.000000e+00
      vertex   8.050000e+01 -2.488675e+01 0.000000e+00
    endloop
  endfacet
  facet normal -5.000000e-01 8.660254e-01 0.000000e+00
    outer loop
      vertex   8.050000e+01 -2.488675e+01 1.000000e+00
      vertex   8.300000e+01 -2.344338e+01 1.000000e+00
      vertex   8.050000e+01 -2.488675e+01 0.000000e+00
    endloop
  endfacet
  facet normal -5.000000e-01 8.660254e-01 0.000000e+00
    outer loop
      vertex   8.050000e+01 -2.488675e+01 0.000000e+00
      vertex   8.300000e+01 -2.344338e+01 1.000000e+00
      vertex   8.300000e+01 -2.344338e+01 0.000000e+00
    endloop
  endfacet
  facet normal -1.000000e+00 0.000000e+00 0.000000e+00
    outer loop
      vertex   8.300000e+01 -2.344338e+01 1.000000e+00
      vertex   8.300000e+01 -2.055662e+01 1.000000e+00
      vertex   8.300000e+01 -2.344338e+01 0.000000e+00
    endloop
  endfacet
  facet normal -1.000000e+00 0.000000e+00 0.000000e+00
    outer loop
      vertex   8.300000e+01 -2.344338e+01 0.000000e+00
      vertex   8.300000e+01 -2.055662e+01 1.000000e+00
      vertex   8.300000e+01 -2.055662e+01 0.000000e+00
    endloop
  endfacet
  facet normal -5.000000e-01 -8.660254e-01 -0.000000e+00
    outer loop
      vertex   8.300000e+01 -2.055662e+01 1.000000e+00
      vertex   8.050000e+01 -1.911325e+01 1.000000e+00
      vertex   8.300000e+01 -2.055662e+01 0.000000e+00
    endloop
  endfacet
  facet normal -5.000000e-01 -8.660254e-01 0.000000e+00
    outer loop
      vertex   8.300000e+01 -2.055662e+01 0.000000e+00
      vertex   8.050000e+01 -1.911325e+01 1.000000e+00
      vertex   8.050000e+01 -1.911325e+01 0.000000e+00
    endloop
  endfacet
  facet normal 5.000000e-01 -8.660254e-01 0.000000e+00
    outer loop
      vertex   8.050000e+01 -1.911325e+01 1.000000e+00
      vertex   7.800000e+01 -2.055662e+01 1.000000e+00
      vertex   8.050000e+01 -1.911325e+01 0.000000e+00
    endloop
  endfacet
  facet normal 5.000000e-01 -8.660254e-01 0.000000e+00
    outer loop
      vertex   8.050000e+01 -1.911325e+01 0.000000e+00
      vertex   7.800000e+01 -2.055662e+01 1.000000e+00
      vertex   7.800000e+01 -2.055662e+01 0.000000e+00
    endloop
  endfacet
  facet normal 5.000000e-01 -8.660254e-01 0.000000e+00
    outer loop
      vertex   5.350000e+01 -1.411325e+01 1.000000e+00
      vertex   5.100000e+01 -1.555662e+01 1.000000e+00
      vertex   5.350000e+01 -1.411325e+01 0.000000e+00
    endloop
  endfacet
  facet normal 5.000000e-01 -8.660254e-01 0.000000e+00
    outer loop
      vertex   5.350000e+01 -1.411325e+01 0.000000e+00
      vertex   5.100000e+01 -1.555662e+01 1.000000e+00
      vertex   5.100000e+01 -1.555662e+01 0.000000e+00
    endloop
  endfacet
  facet normal 1.000000e+00 0.000000e+00 0.000000e+00
    outer loop
      vertex   5.100000e+01 -1.555662e+01 1.000000e+00
      vertex   5.100000e+01 -1.844338e+01 1.000000e+00
      vertex   5.100000e+01 -1.555662e+01 0.000000e+00
    endloop
  endfacet
  facet normal 1.000000e+00 0.000000e+00 0.000000e+00
    outer loop
      vertex   5.100000e+01 -1.555662e+01 0.000000e+00
      vertex   5.100000e+01 -1.844338e+01 1.000000e+00
      vertex   5.100000e+01 -1.844338e+01 0.000000e+00
    endloop
  endfacet
  facet normal 5.000000e-01 8.660254e-01 0.000000e+00
    outer loop
      vertex   5.100000e+01 -1.844338e+01 1.000000e+00
      vertex   5.350000e+01 -1.988675e+01 1.000000e+00
      vertex   5.100000e+01 -1.844338e+01 0.000000e+00
    endloop
  endfacet
  facet normal 5.000000e-01 8.660254e-01 0.000000e+00
    outer loop
      vertex   5.100000e+01 -1.844338e+01 0.000000e+00
      vertex   5.350000e+01 -1.988675e+01 1.000000e+00
      vertex   5.350000e+01 -1.988675e+01 0.000000e+00
    endloop
  endfacet
  facet normal -5.000000e-01 8.660254e-01 0.000000e+00
    outer loop
      vertex   5.350000e+01 -1.988675e+01 1.000000e+00
      vertex   5.600000e+01 -1.844338e+01 1.000000e+00
      vertex   5.350000e+01 -1.988675e+01 0.000000e+00
    endloop
  endfacet
  facet normal -5.000000e-01 8.660254e-01 0.000000e+00
    outer loop
      vertex   5.350000e+01 -1.988675e+01 0.000000e+00
      vertex   5.600000e+01 -1.844338e+01 1.000000e+00
      vertex   5.600000e+01 -1.844338e+01 0.000000e+00
    endloop
  endfacet
  facet normal -1.000000e+00 0.000000e+00 0.000000e+00
    outer loop
      vertex   5.600000e+01 -1.844338e+01 1.000000e+00
      vertex   5.600000e+01 -1.555662e+01 1.000000e+00
      vertex   5.600000e+01 -1.844338e+01 0.000000e+00
    endloop
  endfacet
  facet normal -1.000000e+00 0.000000e+00 0.000000e+00
    outer loop
      vertex   5.600000e+01 -1.844338e+01 0.000000e+00
      vertex   5.600000e+01 -1.555662e+01 1.000000e+00
      vertex   5.600000e+01 -1.555662e+01 0.000000e+00
    endloop
  endfacet
  facet normal -5.000000e-01 -8.660254e-01 -0.000000e+00
    outer loop
      vertex   5.600000e+01 -1.555662e+01 1.000000e+00
      vertex   5.350000e+01 -1.411325e+01 1.000000e+00
      vertex   5.600000e+01 -1.555662e+01 0.000000e+00
    endloop
  endfacet
  facet normal -5.000000e-01 -8.660254e-01 0.000000e+00
    outer loop
      vertex   5.600000e+01 -1.555662e+01 0.000000e+00
      vertex   5.350000e+01 -1.411325e+01 1.000000e+00
      vertex   5.350000e+01 -1.411325e+01 0.000000e+00
    endloop
  endfacet
  facet normal -1.000000e+00 0.000000e+00 0.000000e+00
    outer loop
      vertex   6.200000e+01 -8.443376e+00 1.000000e+00
      vertex   6.200000e+01 -5.556624e+00 1.000000e+00
      vertex   6.200000e+01 -8.443376e+00 0.000000e+00
    endloop
  endfacet
  facet normal -1.000000e+00 0.000000e+00 0.000000e+00
    outer loop
      vertex   6.200000e+01 -8.443376e+00 0.000000e+00
      vertex   6.200000e+01 -5.556624e+00 1.000000e+00
      vertex   6.200000e+01 -5.556624e+00 0.000000e+00
    endloop
  endfacet
  facet normal -5.000000e-01 -8.660254e-01 -0.000000e+00
    outer loop
      vertex   6.200000e+01 -5.556624e+00 1.000000e+00
      vertex   5.950000e+01 -4.113249e+00 1.000000e+00
      vertex   6.200000e+01 -5.556624e+00 0.000000e+00
    endloop
  endfacet
  facet normal -5.000000e-01 -8.660254e-01 7.691851e-16
    outer loop
      vertex   6.200000e+01 -5.556624e+00 0.000000e+00
      vertex   5.950000e+01 -4.113249e+00 1.000000e+00
      vertex   5.950000e+01 -4.113249e+00 0.000000e+00
    endloop
  endfacet
  facet normal 5.000000e-01 -8.660254e-01 7.691851e-16
    outer loop
      vertex   5.950000e+01 -4.113249e+00 1.000000e+00
      vertex   5.700000e+01 -5.556624e+00 1.000000e+00
      vertex   5.950000e+01 -4.113249e+00 0.000000e+00
    endloop
  endfacet
  facet normal 5.000000e-01 -8.660254e-01 0.000000e+00
    outer loop
      vertex   5.950000e+01 -4.113249e+00 0.000000e+00
      vertex   5.700000e+01 -5.556624e+00 1.000000e+00
      vertex   5.700000e+01 -5.556624e+00 0.000000e+00
    endloop
  endfacet
  facet normal 1.000000e+00 0.000000e+00 0.000000e+00
    outer loop
      vertex   5.700000e+01 -5.556624e+00 1.000000e+00
      vertex   5.700000e+01 -8.443376e+00 1.000000e+00
      vertex   5.700000e+01 -5.556624e+00 0.000000e+00
    endloop
  endfacet
  facet normal 1.000000e+00 0.000000e+00 0.000000e+00
    outer loop
      vertex   5.700000e+01 -5.556624e+00 0.000000e+00
      vertex   5.700000e+01 -8.443376e+00 1.000000e+00
      vertex   5.700000e+01 -8.443376e+00 0.000000e+00
    endloop
  endfacet
  facet normal 5.000000e-01 8.660254e-01 0.000000e+00
    outer loop
      vertex   5.700000e+01 -8.443376e+00 1.000000e+00
      vertex   5.950000e+01 -9.886751e+00 1.000000e+00
      vertex   5.700000e+01 -8.443376e+00 0.000000e+00
    endloop
  endfacet
  facet normal 5.000000e-01 8.660254e-01 0.000000e+00
    outer loop
      vertex   5.700000e+01 -8.443376e+00 0.000000e+00
      vertex   5.950000e+01 -9.886751e+00 1.000000e+00
      vertex   5.950000e+01 -9.886751e+00 0.000000e+00
    endloop
  endfacet
  facet normal -5.000000e-01 8.660254e-01 0.000000e+00
    outer loop
      vertex   5.950000e+01 -9.886751e+00 1.000000e+00
      vertex   6.200000e+01 -8.443376e+00 1.000000e+00
      vertex   5.950000e+01 -9.886751e+00 0.000000e+00
    endloop
  endfacet
  facet normal -5.000000e-01 8.660254e-01 0.000000e+00
    outer loop
      vertex   5.950000e+01 -9.886751e+00 0.000000e+00
      vertex   6.200000e+01 -8.443376e+00 1.000000e+00
      vertex   6.200000e+01 -8.443376e+00 0.000000e+00
    endloop
  endfacet
  facet normal -5.000000e-01 -8.660254e-01 -0.000000e+00
    outer loop
      vertex   7.100000e+01 -2.055662e+01 1.000000e+00
      vertex   6.850000e+01 -1.911325e+01 1.000000e+00
      vertex   7.100000e+01 -2.055662e+01 0.000000e+00
    endloop
  endfacet
  facet normal -5.000000e-01 -8.660254e-01 0.000000e+00
    outer loop
      vertex   7.100000e+01 -2.055662e+01 0.000000e+00
      vertex   6.850000e+01 -1.911325e+01 1.000000e+00
      vertex   6.850000e+01 -1.911325e+01 0.000000e+00
    endloop
  endfacet
  facet normal 5.000000e-01 -8.660254e-01 0.000000e+00
    outer loop
      vertex   6.850000e+01 -1.911325e+01 1.000000e+00
      vertex   6.600000e+01 -2.055662e+01 1.000000e+00
      vertex   6.850000e+01 -1.911325e+01 0.000000e+00
    endloop
  endfacet
  facet normal 5.000000e-01 -8.660254e-01 0.000000e+00
    outer loop
      vertex   6.850000e+01 -1.911325e+01 0.000000e+00
      vertex   6.600000e+01 -2.055662e+01 1.000000e+00
      vertex   6.600000e+01 -2.055662e+01 0.000000e+00
    endloop
  endfacet
  facet normal 1.000000e+00 0.000000e+00 0.000000e+00
    outer loop
      vertex   6.600000e+01 -2.055662e+01 1.000000e+00
      vertex   6.600000e+01 -2.344338e+01 1.000000e+00
      vertex   6.600000e+01 -2.055662e+01 0.000000e+00
    endloop
  endfacet
  facet normal 1.000000e+00 0.000000e+00 0.000000e+00
    outer loop
      vertex   6.600000e+01 -2.055662e+01 0.000000e+00
      vertex   6.600000e+01 -2.344338e+01 1.000000e+00
      vertex   6.600000e+01 -2.344338e+01 0.000000e+00
    endloop
  endfacet
  facet normal 5.000000e-01 8.660254e-01 0.000000e+00
    outer loop
      vertex   6.600000e+01 -2.344338e+01 1.000000e+00
      vertex   6.850000e+01 -2.488675e+01 1.000000e+00
      vertex   6.600000e+01 -2.344338e+01 0.000000e+00
    endloop
  endfacet
  facet normal 5.000000e-01 8.660254e-01 0.000000e+00
    outer loop
      vertex   6.600000e+01 -2.344338e+01 0.000000e+00
      vertex   6.850000e+01 -2.488675e+01 1.000000e+00
      vertex   6.850000e+01 -2.488675e+01 0.000000e+00
    endloop
  endfacet
  facet normal -5.000000e-01 8.660254e-01 0.000000e+00
    outer loop
      vertex   6.850000e+01 -2.488675e+01 1.000000e+00
      vertex   7.100000e+01 -2.344338e+01 1.000000e+00
      vertex   6.850000e+01 -2.488675e+01 0.000000e+00
    endloop
  endfacet
  facet normal -5.000000e-01 8.660254e-01 0.000000e+00
    outer loop
      vertex   6.850000e+01 -2.488675e+01 0.000000e+00
      vertex   7.100000e+01 -2.344338e+01 1.000000e+00
      vertex   7.100000e+01 -2.344338e+01 0.000000e+00
    endloop
  endfacet
  facet normal -1.000000e+00 0.000000e+00 0.000000e+00
    outer loop
      vertex   7.100000e+01 -2.344338e+01 1.000000e+00
      vertex   7.100000e+01 -2.055662e+01 1.000000e+00
      vertex   7.100000e+01 -2.344338e+01 0.000000e+00
    endloop
  endfacet
  facet normal -1.000000e+00 0.000000e+00 0.000000e+00
    outer loop
      vertex   7.100000e+01 -2.344338e+01 0.000000e+00
      vertex   7.100000e+01 -2.055662e+01 1.000000e+00
      vertex   7.100000e+01 -2.055662e+01 0.000000e+00
    endloop
  endfacet
  facet normal 5.000000e-01 8.660254e-01 0.000000e+00
    outer loop
      vertex   6.900000e+01 -2.844338e+01 1.000000e+00
      vertex   7.150000e+01 -2.988675e+01 1.000000e+00
      vertex   6.900000e+01 -2.844338e+01 0.000000e+00
    endloop
  endfacet
  facet normal 5.000000e-01 8.660254e-01 0.000000e+00
    outer loop
      vertex   6.900000e+01 -2.844338e+01 0.000000e+00
      vertex   7.150000e+01 -2.988675e+01 1.000000e+00
      vertex   7.150000e+01 -2.988675e+01 0.000000e+00
    endloop
  endfacet
  facet normal -5.000000e-01 8.660254e-01 0.000000e+00
    outer loop
      vertex   7.150000e+01 -2.988675e+01 1.000000e+00
      vertex   7.400000e+01 -2.844338e+01 1.000000e+00
      vertex   7.150000e+01 -2.988675e+01 0.000000e+00
    endloop
  endfacet
  facet normal -5.000000e-01 8.660254e-01 0.000000e+00
    outer loop
      vertex   7.150000e+01 -2.988675e+01 0.000000e+00
      vertex   7.400000e+01 -2.844338e+01 1.000000e+00
      vertex   7.400000e+01 -2.844338e+01 0.000000e+00
    endloop
  endfacet
  facet normal -1.000000e+00 0.000000e+00 0.000000e+00
    outer loop
      vertex   7.400000e+01 -2.844338e+01 1.000000e+00
      vertex   7.400000e+01 -2.555662e+01 1.000000e+00
      vertex   7.400000e+01 -2.844338e+01 0.000000e+00
    endloop
  endfacet
  facet normal -1.000000e+00 0.000000e+00 0.000000e+00
    outer loop
      vertex   7.400000e+01 -2.844338e+01 0.000000e+00
      vertex   7.400000e+01 -2.555662e+01 1.000000e+00
      vertex   7.400000e+01 -2.555662e+01 0.000000e+00
    endloop
  endfacet
  facet normal -5.000000e-01 -8.660254e-01 -0.000000e+00
    outer loop
      vertex   7.400000e+01 -2.555662e+01 1.000000e+00
      vertex   7.150000e+01 -2.411325e+01 1.000000e+00
      vertex   7.400000e+01 -2.555662e+01 0.000000e+00
    endloop
  endfacet
  facet normal -5.000000e-01 -8.660254e-01 0.000000e+00
    outer loop
      vertex   7.400000e+01 -2.555662e+01 0.000000e+00
      vertex   7.150000e+01 -2.411325e+01 1.000000e+00
      vertex   7.150000e+01 -2.411325e+01 0.000000e+00
    endloop
  endfacet
  facet normal 5.000000e-01 -8.660254e-01 0.000000e+00
    outer loop
      vertex   7.150000e+01 -2.411325e+01 1.000000e+00
      vertex   6.900000e+01 -2.555662e+01 1.000000e+00
      vertex   7.150000e+01 -2.411325e+01 0.000000e+00
    endloop
  endfacet
  facet normal 5.000000e-01 -8.660254e-01 0.000000e+00
    outer loop
      vertex   7.150000e+01 -2.411325e+01 0.000000e+00
      vertex   6.900000e+01 -2.555662e+01 1.000000e+00
      vertex   6.900000e+01 -2.555662e+01 0.000000e+00
    endloop
  endfacet
  facet normal 1.000000e+00 0.000000e+00 0.000000e+00
    outer loop
      vertex   6.900000e+01 -2.555662e+01 1.000000e+00
      vertex   6.900000e+01 -2.844338e+01 1.000000e+00
      vertex   6.900000e+01 -2.555662e+01 0.000000e+00
    endloop
  endfacet
  facet normal 1.000000e+00 0.000000e+00 0.000000e+00
    outer loop
      vertex   6.900000e+01 -2.555662e+01 0.000000e+00
      vertex   6.900000e+01 -2.844338e+01 1.000000e+00
      vertex   6.900000e+01 -2.844338e+01 0.000000e+00
    endloop
  endfacet
  facet normal -5.000000e-01 8.660254e-01 0.000000e+00
    outer loop
      vertex   5.950000e+01 -1.988675e+01 1.000000e+00
      vertex   6.200000e+01 -1.844338e+01 1.000000e+00
      vertex   5.950000e+01 -1.988675e+01 0.000000e+00
    endloop
  endfacet
  facet normal -5.000000e-01 8.660254e-01 0.000000e+00
    outer loop
      vertex   5.950000e+01 -1.988675e+01 0.000000e+00
      vertex   6.200000e+01 -1.844338e+01 1.000000e+00
      vertex   6.200000e+01 -1.844338e+01 0.000000e+00
    endloop
  endfacet
  facet normal -1.000000e+00 0.000000e+00 0.000000e+00
    outer loop
      vertex   6.200000e+01 -1.844338e+01 1.000000e+00
      vertex   6.200000e+01 -1.555662e+01 1.000000e+00
      vertex   6.200000e+01 -1.844338e+01 0.000000e+00
    endloop
  endfacet
  facet normal -1.000000e+00 0.000000e+00 0.000000e+00
    outer loop
      vertex   6.200000e+01 -1.844338e+01 0.000000e+00
      vertex   6.200000e+01 -1.555662e+01 1.000000e+00
      vertex   6.200000e+01 -1.555662e+01 0.000000e+00
    endloop
  endfacet
  facet normal -5.000000e-01 -8.660254e-01 -0.000000e+00
    outer loop
      vertex   6.200000e+01 -1.555662e+01 1.000000e+00
      vertex   5.950000e+01 -1.411325e+01 1.000000e+00
      vertex   6.200000e+01 -1.555662e+01 0.000000e+00
    endloop
  endfacet
  facet normal -5.000000e-01 -8.660254e-01 0.000000e+00
    outer loop
      vertex   6.200000e+01 -1.555662e+01 0.000000e+00
      vertex   5.950000e+01 -1.411325e+01 1.000000e+00
      vertex   5.950000e+01 -1.411325e+01 0.000000e+00
    endloop
  endfacet
  facet normal 5.000000e-01 -8.660254e-01 0.000000e+00
    outer loop
      vertex   5.950000e+01 -1.411325e+01 1.000000e+00
      vertex   5.700000e+01 -1.555662e+01 1.000000e+00
      vertex   5.950000e+01 -1.411325e+01 0.000000e+00
    endloop
  endfacet
  facet normal 5.000000e-01 -8.660254e-01 0.000000e+00
    outer loop
      vertex   5.950000e+01 -1.411325e+01 0.000000e+00
      vertex   5.700000e+01 -1.555662e+01 1.000000e+00
      vertex   5.700000e+01 -1.555662e+01 0.000000e+00
    endloop
  endfacet
  facet normal 1.000000e+00 0.000000e+00 0.000000e+00
    outer loop
      vertex   5.700000e+01 -1.555662e+01 1.000000e+00
      vertex   5.700000e+01 -1.844338e+01 1.000000e+00
      vertex   5.700000e+01 -1.555662e+01 0.000000e+00
    endloop
  endfacet
  facet normal 1.000000e+00 0.000000e+00 0.000000e+00
    outer loop
      vertex   5.700000e+01 -1.555662e+01 0.000000e+00
      vertex   5.700000e+01 -1.844338e+01 1.000000e+00
      vertex   5.700000e+01 -1.844338e+01 0.000000e+00
    endloop
  endfacet
  facet normal 5.000000e-01 8.660254e-01 0.000000e+00
    outer loop
      vertex   5.700000e+01 -1.844338e+01 1.000000e+00
      vertex   5.950000e+01 -1.988675e+01 1.000000e+00
      vertex   5.700000e+01 -1.844338e+01 0.000000e+00
    endloop
  endfacet
  facet normal 5.000000e-01 8.660254e-01 0.000000e+00
    outer loop
      vertex   5.700000e+01 -1.844338e+01 0.000000e+00
      vertex   5.950000e+01 -1.988675e+01 1.000000e+00
      vertex   5.950000e+01 -1.988675e+01 0.000000e+00
    endloop
  endfacet
  facet normal -5.000000e-01 -8.660254e-01 -0.000000e+00
    outer loop
      vertex   6.800000e+01 -2.555662e+01 1.000000e+00
      vertex   6.550000e+01 -2.411325e+01 1.000000e+00
      vertex   6.800000e+01 -2.555662e+01 0.000000e+00
    endloop
  endfacet
  facet normal -5.000000e-01 -8.660254e-01 0.000000e+00
    outer loop
      vertex   6.800000e+01 -2.555662e+01 0.000000e+00
      vertex   6.550000e+01 -2.411325e+01 1.000000e+00
      vertex   6.550000e+01 -2.411325e+01 0.000000e+00
    endloop
  endfacet
  facet normal 5.000000e-01 -8.660254e-01 0.000000e+00
    outer loop
      vertex   6.550000e+01 -2.411325e+01 1.000000e+00
      vertex   6.300000e+01 -2.555662e+01 1.000000e+00
      vertex   6.550000e+01 -2.411325e+01 0.000000e+00
    endloop
  endfacet
  facet normal 5.000000e-01 -8.660254e-01 0.000000e+00
    outer loop
      vertex   6.550000e+01 -2.411325e+01 0.000000e+00
      vertex   6.300000e+01 -2.555662e+01 1.000000e+00
      vertex   6.300000e+01 -2.555662e+01 0.000000e+00
    endloop
  endfacet
  facet normal 1.000000e+00 0.000000e+00 0.000000e+00
    outer loop
      vertex   6.300000e+01 -2.555662e+01 1.000000e+00
      vertex   6.300000e+01 -2.844338e+01 1.000000e+00
      vertex   6.300000e+01 -2.555662e+01 0.000000e+00
    endloop
  endfacet
  facet normal 1.000000e+00 0.000000e+00 0.000000e+00
    outer loop
      vertex   6.300000e+01 -2.555662e+01 0.000000e+00
      vertex   6.300000e+01 -2.844338e+01 1.000000e+00
      vertex   6.300000e+01 -2.844338e+01 0.000000e+00
    endloop
  endfacet
  facet normal 5.000000e-01 8.660254e-01 0.000000e+00
    outer loop
      vertex   6.300000e+01 -2.844338e+01 1.000000e+00
      vertex   6.550000e+01 -2.988675e+01 1.000000e+00
      vertex   6.300000e+01 -2.844338e+01 0.000000e+00
    endloop
  endfacet
  facet normal 5.000000e-01 8.660254e-01 0.000000e+00
    outer loop
      vertex   6.300000e+01 -2.844338e+01 0.000000e+00
      vertex   6.550000e+01 -2.988675e+01 1.000000e+00
      vertex   6.550000e+01 -2.988675e+01 0.000000e+00
    endloop
  endfacet
  facet normal -5.000000e-01 8.660254e-01 0.000000e+00
    outer loop
      vertex   6.550000e+01 -2.988675e+01 1.000000e+00
      vertex   6.800000e+01 -2.844338e+01 1.000000e+00
      vertex   6.550000e+01 -2.988675e+01 0.000000e+00
    endloop
  endfacet
  facet normal -5.000000e-01 8.660254e-01 0.000000e+00
    outer loop
      vertex   6.550000e+01 -2.988675e+01 0.000000e+00
      vertex   6.800000e+01 -2.844338e+01 1.000000e+00
      vertex   6.800000e+01 -2.844338e+01 0.000000e+00
    endloop
  endfacet
  facet normal -1.000000e+00 0.000000e+00 0.000000e+00
    outer loop
      vertex   6.800000e+01 -2.844338e+01 1.000000e+00
      vertex   6.800000e+01 -2.555662e+01 1.000000e+00
      vertex   6.800000e+01 -2.844338e+01 0.000000e+00
    endloop
  endfacet
  facet normal -1.000000e+00 0.000000e+00 0.000000e+00
    outer loop
      vertex   6.800000e+01 -2.844338e+01 0.000000e+00
      vertex   6.800000e+01 -2.555662e+01 1.000000e+00
      vertex   6.800000e+01 -2.555662e+01 0.000000e+00
    endloop
  endfacet
  facet normal 5.000000e-01 8.660254e-01 0.000000e+00
    outer loop
      vertex   4.800000e+01 -2.344338e+01 1.000000e+00
      vertex   5.050000e+01 -2.488675e+01 1.000000e+00
      vertex   4.800000e+01 -2.344338e+01 0.000000e+00
    endloop
  endfacet
  facet normal 5.000000e-01 8.660254e-01 0.000000e+00
    outer loop
      vertex   4.800000e+01 -2.344338e+01 0.000000e+00
      vertex   5.050000e+01 -2.488675e+01 1.000000e+00
      vertex   5.050000e+01 -2.488675e+01 0.000000e+00
    endloop
  endfacet
  facet normal -5.000000e-01 8.660254e-01 0.000000e+00
    outer loop
      vertex   5.050000e+01 -2.488675e+01 1.000000e+00
      vertex   5.300000e+01 -2.344338e+01 1.000000e+00
      vertex   5.050000e+01 -2.488675e+01 0.000000e+00
    endloop
  endfacet
  facet normal -5.000000e-01 8.660254e-01 0.000000e+00
    outer loop
      vertex   5.050000e+01 -2.488675e+01 0.000000e+00
      vertex   5.300000e+01 -2.344338e+01 1.000000e+00
      vertex   5.300000e+01 -2.344338e+01 0.000000e+00
    endloop
  endfacet
  facet normal -1.000000e+00 0.000000e+00 0.000000e+00
    outer loop
      vertex   5.300000e+01 -2.344338e+01 1.000000e+00
      vertex   5.300000e+01 -2.055662e+01 1.000000e+00
      vertex   5.300000e+01 -2.344338e+01 0.000000e+00
    endloop
  endfacet
  facet normal -1.000000e+00 0.000000e+00 0.000000e+00
    outer loop
      vertex   5.300000e+01 -2.344338e+01 0.000000e+00
      vertex   5.300000e+01 -2.055662e+01 1.000000e+00
      vertex   5.300000e+01 -2.055662e+01 0.000000e+00
    endloop
  endfacet
  facet normal -5.000000e-01 -8.660254e-01 -0.000000e+00
    outer loop
      vertex   5.300000e+01 -2.055662e+01 1.000000e+00
      vertex   5.050000e+01 -1.911325e+01 1.000000e+00
      vertex   5.300000e+01 -2.055662e+01 0.000000e+00
    endloop
  endfacet
  facet normal -5.000000e-01 -8.660254e-01 0.000000e+00
    outer loop
      vertex   5.300000e+01 -2.055662e+01 0.000000e+00
      vertex   5.050000e+01 -1.911325e+01 1.000000e+00
      vertex   5.050000e+01 -1.911325e+01 0.000000e+00
    endloop
  endfacet
  facet normal 5.000000e-01 -8.660254e-01 0.000000e+00
    outer loop
      vertex   5.050000e+01 -1.911325e+01 1.000000e+00
      vertex   4.800000e+01 -2.055662e+01 1.000000e+00
      vertex   5.050000e+01 -1.911325e+01 0.000000e+00
    endloop
  endfacet
  facet normal 5.000000e-01 -8.660254e-01 0.000000e+00
    outer loop
      vertex   5.050000e+01 -1.911325e+01 0.000000e+00
      vertex   4.800000e+01 -2.055662e+01 1.000000e+00
      vertex   4.800000e+01 -2.055662e+01 0.000000e+00
    endloop
  endfacet
  facet normal 1.000000e+00 0.000000e+00 0.000000e+00
    outer loop
      vertex   4.800000e+01 -2.055662e+01 1.000000e+00
      vertex   4.800000e+01 -2.344338e+01 1.000000e+00
      vertex   4.800000e+01 -2.055662e+01 0.000000e+00
    endloop
  endfacet
  facet normal 1.000000e+00 0.000000e+00 0.000000e+00
    outer loop
      vertex   4.800000e+01 -2.055662e+01 0.000000e+00
      vertex   4.800000e+01 -2.344338e+01 1.000000e+00
      vertex   4.800000e+01 -2.344338e+01 0.000000e+00
    endloop
  endfacet
  facet normal 5.000000e-01 -8.660254e-01 0.000000e+00
    outer loop
      vertex   7.750000e+01 -4.113249e+00 1.000000e+00
      vertex   7.500000e+01 -5.556624e+00 1.000000e+00
      vertex   7.750000e+01 -4.113249e+00 0.000000e+00
    endloop
  endfacet
  facet normal 5.000000e-01 -8.660254e-01 0.000000e+00
    outer loop
      vertex   7.750000e+01 -4.113249e+00 0.000000e+00
      vertex   7.500000e+01 -5.556624e+00 1.000000e+00
      vertex   7.500000e+01 -5.556624e+00 0.000000e+00
    endloop
  endfacet
  facet normal 1.000000e+00 0.000000e+00 0.000000e+00
    outer loop
      vertex   7.500000e+01 -5.556624e+00 1.000000e+00
      vertex   7.500000e+01 -8.443376e+00 1.000000e+00
      vertex   7.500000e+01 -5.556624e+00 0.000000e+00
    endloop
  endfacet
  facet normal 1.000000e+00 0.000000e+00 0.000000e+00
    outer loop
      vertex   7.500000e+01 -5.556624e+00 0.000000e+00
      vertex   7.500000e+01 -8.443376e+00 1.000000e+00
      vertex   7.500000e+01 -8.443376e+00 0.000000e+00
    endloop
  endfacet
  facet normal 5.000000e-01 8.660254e-01 0.000000e+00
    outer loop
      vertex   7.500000e+01 -8.443376e+00 1.000000e+00
      vertex   7.750000e+01 -9.886751e+00 1.000000e+00
      vertex   7.500000e+01 -8.443376e+00 0.000000e+00
    endloop
  endfacet
  facet normal 5.000000e-01 8.660254e-01 0.000000e+00
    outer loop
      vertex   7.500000e+01 -8.443376e+00 0.000000e+00
      vertex   7.750000e+01 -9.886751e+00 1.000000e+00
      vertex   7.750000e+01 -9.886751e+00 0.000000e+00
    endloop
  endfacet
  facet normal -5.000000e-01 8.660254e-01 0.000000e+00
    outer loop
      vertex   7.750000e+01 -9.886751e+00 1.000000e+00
      vertex   8.000000e+01 -8.443376e+00 1.000000e+00
      vertex   7.750000e+01 -9.886751e+00 0.000000e+00
    endloop
  endfacet
  facet normal -5.000000e-01 8.660254e-01 0.000000e+00
    outer loop
      vertex   7.750000e+01 -9.886751e+00 0.000000e+00
      vertex   8.000000e+01 -8.443376e+00 1.000000e+00
      vertex   8.000000e+01 -8.443376e+00 0.000000e+00
    endloop
  endfacet
  facet normal -1.000000e+00 0.000000e+00 0.000000e+00
    outer loop
      vertex   8.000000e+01 -8.443376e+00 1.000000e+00
      vertex   8.000000e+01 -5.556624e+00 1.000000e+00
      vertex   8.000000e+01 -8.443376e+00 0.000000e+00
    endloop
  endfacet
  facet normal -1.000000e+00 0.000000e+00 0.000000e+00
    outer loop
      vertex   8.000000e+01 -8.443376e+00 0.000000e+00
      vertex   8.000000e+01 -5.556624e+00 1.000000e+00
      vertex   8.000000e+01 -5.556624e+00 0.000000e+00
    endloop
  endfacet
  facet normal -5.000000e-01 -8.660254e-01 -0.000000e+00
    outer loop
      vertex   8.000000e+01 -5.556624e+00 1.000000e+00
      vertex   7.750000e+01 -4.113249e+00 1.000000e+00
      vertex   8.000000e+01 -5.556624e+00 0.000000e+00
    endloop
  endfacet
  facet normal -5.000000e-01 -8.660254e-01 0.000000e+00
    outer loop
      vertex   8.000000e+01 -5.556624e+00 0.000000e+00
      vertex   7.750000e+01 -4.113249e+00 1.000000e+00
      vertex   7.750000e+01 -4.113249e+00 0.000000e+00
    endloop
  endfacet
  facet normal 5.000000e-01 8.660254e-01 0.000000e+00
    outer loop
      vertex   7.500000e+01 -2.844338e+01 1.000000e+00
      vertex   7.750000e+01 -2.988675e+01 1.000000e+00
      vertex   7.500000e+01 -2.844338e+01 0.000000e+00
    endloop
  endfacet
  facet normal 5.000000e-01 8.660254e-01 0.000000e+00
    outer loop
      vertex   7.500000e+01 -2.844338e+01 0.000000e+00
      vertex   7.750000e+01 -2.988675e+01 1.000000e+00
      vertex   7.750000e+01 -2.988675e+01 0.000000e+00
    endloop
  endfacet
  facet normal -5.000000e-01 8.660254e-01 0.000000e+00
    outer loop
      vertex   7.750000e+01 -2.988675e+01 1.000000e+00
      vertex   8.000000e+01 -2.844338e+01 1.000000e+00
      vertex   7.750000e+01 -2.988675e+01 0.000000e+00
    endloop
  endfacet
  facet normal -5.000000e-01 8.660254e-01 0.000000e+00
    outer loop
      vertex   7.750000e+01 -2.988675e+01 0.000000e+00
      vertex   8.000000e+01 -2.844338e+01 1.000000e+00
      vertex   8.000000e+01 -2.844338e+01 0.000000e+00
    endloop
  endfacet
  facet normal -1.000000e+00 0.000000e+00 0.000000e+00
    outer loop
      vertex   8.000000e+01 -2.844338e+01 1.000000e+00
      vertex   8.000000e+01 -2.555662e+01 1.000000e+00
      vertex   8.000000e+01 -2.844338e+01 0.000000e+00
    endloop
  endfacet
  facet normal -1.000000e+00 0.000000e+00 0.000000e+00
    outer loop
      vertex   8.000000e+01 -2.844338e+01 0.000000e+00
      vertex   8.000000e+01 -2.555662e+01 1.000000e+00
      vertex   8.000000e+01 -2.555662e+01 0.000000e+00
    endloop
  endfacet
  facet normal -5.000000e-01 -8.660254e-01 -0.000000e+00
    outer loop
      vertex   8.000000e+01 -2.555662e+01 1.000000e+00
      vertex   7.750000e+01 -2.411325e+01 1.000000e+00
      vertex   8.000000e+01 -2.555662e+01 0.000000e+00
    endloop
  endfacet
  facet normal -5.000000e-01 -8.660254e-01 0.000000e+00
    outer loop
      vertex   8.000000e+01 -2.555662e+01 0.000000e+00
      vertex   7.750000e+01 -2.411325e+01 1.000000e+00
      vertex   7.750000e+01 -2.411325e+01 0.000000e+00
    endloop
  endfacet
  facet normal 5.000000e-01 -8.660254e-01 0.000000e+00
    outer loop
      vertex   7.750000e+01 -2.411325e+01 1.000000e+00
      vertex   7.500000e+01 -2.555662e+01 1.000000e+00
      vertex   7.750000e+01 -2.411325e+01 0.000000e+00
    endloop
  endfacet
  facet normal 5.000000e-01 -8.660254e-01 0.000000e+00
    outer loop
      vertex   7.750000e+01 -2.411325e+01 0.000000e+00
      vertex   7.500000e+01 -2.555662e+01 1.000000e+00
      vertex   7.500000e+01 -2.555662e+01 0.000000e+00
    endloop
  endfacet
  facet normal 1.000000e+00 0.000000e+00 0.000000e+00
    outer loop
      vertex   7.500000e+01 -2.555662e+01 1.000000e+00
      vertex   7.500000e+01 -2.844338e+01 1.000000e+00
      vertex   7.500000e+01 -2.555662e+01 0.000000e+00
    endloop
  endfacet
  facet normal 1.000000e+00 0.000000e+00 0.000000e+00
    outer loop
      vertex   7.500000e+01 -2.555662e+01 0.000000e+00
      vertex   7.500000e+01 -2.844338e+01 1.000000e+00
      vertex   7.500000e+01 -2.844338e+01 0.000000e+00
    endloop
  endfacet
  facet normal 1.000000e+00 0.000000e+00 0.000000e+00
    outer loop
      vertex   6.900000e+01 -5.556624e+00 1.000000e+00
      vertex   6.900000e+01 -8.443376e+00 1.000000e+00
      vertex   6.900000e+01 -5.556624e+00 0.000000e+00
    endloop
  endfacet
  facet normal 1.000000e+00 0.000000e+00 0.000000e+00
    outer loop
      vertex   6.900000e+01 -5.556624e+00 0.000000e+00
      vertex   6.900000e+01 -8.443376e+00 1.000000e+00
      vertex   6.900000e+01 -8.443376e+00 0.000000e+00
    endloop
  endfacet
  facet normal 5.000000e-01 8.660254e-01 0.000000e+00
    outer loop
      vertex   6.900000e+01 -8.443376e+00 1.000000e+00
      vertex   7.150000e+01 -9.886751e+00 1.000000e+00
      vertex   6.900000e+01 -8.443376e+00 0.000000e+00
    endloop
  endfacet
  facet normal 5.000000e-01 8.660254e-01 0.000000e+00
    outer loop
      vertex   6.900000e+01 -8.443376e+00 0.000000e+00
      vertex   7.150000e+01 -9.886751e+00 1.000000e+00
      vertex   7.150000e+01 -9.886751e+00 0.000000e+00
    endloop
  endfacet
  facet normal -5.000000e-01 8.660254e-01 0.000000e+00
    outer loop
      vertex   7.150000e+01 -9.886751e+00 1.000000e+00
      vertex   7.400000e+01 -8.443376e+00 1.000000e+00
      vertex   7.150000e+01 -9.886751e+00 0.000000e+00
    endloop
  endfacet
  facet normal -5.000000e-01 8.660254e-01 0.000000e+00
    outer loop
      vertex   7.150000e+01 -9.886751e+00 0.000000e+00
      vertex   7.400000e+01 -8.443376e+00 1.000000e+00
      vertex   7.400000e+01 -8.443376e+00 0.000000e+00
    endloop
  endfacet
  facet normal -1.000000e+00 0.000000e+00 0.000000e+00
    outer loop
      vertex   7.400000e+01 -8.443376e+00 1.000000e+00
      vertex   7.400000e+01 -5.556624e+00 1.000000e+00
      vertex   7.400000e+01 -8.443376e+00 0.000000e+00
    endloop
  endfacet
  facet normal -1.000000e+00 0.000000e+00 0.000000e+00
    outer loop
      vertex   7.400000e+01 -8.443376e+00 0.000000e+00
      vertex   7.400000e+01 -5.556624e+00 1.000000e+00
      vertex   7.400000e+01 -5.556624e+00 0.000000e+00
    endloop
  endfacet
  facet normal -5.000000e-01 -8.660254e-01 -0.000000e+00
    outer loop
      vertex   7.400000e+01 -5.556624e+00 1.000000e+00
      vertex   7.150000e+01 -4.113249e+00 1.000000e+00
      vertex   7.400000e+01 -5.556624e+00 0.000000e+00
    endloop
  endfacet
  facet normal -5.000000e-01 -8.660254e-01 0.000000e+00
    outer loop
      vertex   7.400000e+01 -5.556624e+00 0.000000e+00
      vertex   7.150000e+01 -4.113249e+00 1.000000e+00
      vertex   7.150000e+01 -4.113249e+00 0.000000e+00
    endloop
  endfacet
  facet normal 5.000000e-01 -8.660254e-01 0.000000e+00
    outer loop
      vertex   7.150000e+01 -4.113249e+00 1.000000e+00
      vertex   6.900000e+01 -5.556624e+00 1.000000e+00
      vertex   7.150000e+01 -4.113249e+00 0.000000e+00
    endloop
  endfacet
  facet normal 5.000000e-01 -8.660254e-01 0.000000e+00
    outer loop
      vertex   7.150000e+01 -4.113249e+00 0.000000e+00
      vertex   6.900000e+01 -5.556624e+00 1.000000e+00
      vertex   6.900000e+01 -5.556624e+00 0.000000e+00
    endloop
  endfacet
  facet normal -5.000000e-01 -8.660254e-01 -0.000000e+00
    outer loop
      vertex   6.200000e+01 -2.555662e+01 1.000000e+00
      vertex   5.950000e+01 -2.411325e+01 1.000000e+00
      vertex   6.200000e+01 -2.555662e+01 0.000000e+00
    endloop
  endfacet
  facet normal -5.000000e-01 -8.660254e-01 0.000000e+00
    outer loop
      vertex   6.200000e+01 -2.555662e+01 0.000000e+00
      vertex   5.950000e+01 -2.411325e+01 1.000000e+00
      vertex   5.950000e+01 -2.411325e+01 0.000000e+00
    endloop
  endfacet
  facet normal 5.000000e-01 -8.660254e-01 0.000000e+00
    outer loop
      vertex   5.950000e+01 -2.411325e+01 1.000000e+00
      vertex   5.700000e+01 -2.555662e+01 1.000000e+00
      vertex   5.950000e+01 -2.411325e+01 0.000000e+00
    endloop
  endfacet
  facet normal 5.000000e-01 -8.660254e-01 0.000000e+00
    outer loop
      vertex   5.950000e+01 -2.411325e+01 0.000000e+00
      vertex   5.700000e+01 -2.555662e+01 1.000000e+00
      vertex   5.700000e+01 -2.555662e+01 0.000000e+00
    endloop
  endfacet
  facet normal 1.000000e+00 0.000000e+00 0.000000e+00
    outer loop
      vertex   5.700000e+01 -2.555662e+01 1.000000e+00
      vertex   5.700000e+01 -2.844338e+01 1.000000e+00
      vertex   5.700000e+01 -2.555662e+01 0.000000e+00
    endloop
  endfacet
  facet normal 1.000000e+00 0.000000e+00 0.000000e+00
    outer loop
      vertex   5.700000e+01 -2.555662e+01 0.000000e+00
      vertex   5.700000e+01 -2.844338e+01 1.000000e+00
      vertex   5.700000e+01 -2.844338e+01 0.000000e+00
    endloop
  endfacet
  facet normal 5.000000e-01 8.660254e-01 0.000000e+00
    outer loop
      vertex   5.700000e+01 -2.844338e+01 1.000000e+00
      vertex   5.950000e+01 -2.988675e+01 1.000000e+00
      vertex   5.700000e+01 -2.844338e+01 0.000000e+00
    endloop
  endfacet
  facet normal 5.000000e-01 8.660254e-01 0.000000e+00
    outer loop
      vertex   5.700000e+01 -2.844338e+01 0.000000e+00
      vertex   5.950000e+01 -2.988675e+01 1.000000e+00
      vertex   5.950000e+01 -2.988675e+01 0.000000e+00
    endloop
  endfacet
  facet normal -5.000000e-01 8.660254e-01 0.000000e+00
    outer loop
      vertex   5.950000e+01 -2.988675e+01 1.000000e+00
      vertex   6.200000e+01 -2.844338e+01 1.000000e+00
      vertex   5.950000e+01 -2.988675e+01 0.000000e+00
    endloop
  endfacet
  facet normal -5.000000e-01 8.660254e-01 0.000000e+00
    outer loop
      vertex   5.950000e+01 -2.988675e+01 0.000000e+00
      vertex   6.200000e+01 -2.844338e+01 1.000000e+00
      vertex   6.200000e+01 -2.844338e+01 0.000000e+00
    endloop
  endfacet
  facet normal -1.000000e+00 0.000000e+00 0.000000e+00
    outer loop
      vertex   6.200000e+01 -2.844338e+01 1.000000e+00
      vertex   6.200000e+01 -2.555662e+01 1.000000e+00
      vertex   6.200000e+01 -2.844338e+01 0.000000e+00
    endloop
  endfacet
  facet normal -1.000000e+00 0.000000e+00 0.000000e+00
    outer loop
      vertex   6.200000e+01 -2.844338e+01 0.000000e+00
      vertex   6.200000e+01 -2.555662e+01 1.000000e+00
      vertex   6.200000e+01 -2.555662e+01 0.000000e+00
    endloop
  endfacet
  facet normal 1.000000e+00 0.000000e+00 0.000000e+00
    outer loop
      vertex   7.800000e+01 -1.055662e+01 1.000000e+00
      vertex   7.800000e+01 -1.344338e+01 1.000000e+00
      vertex   7.800000e+01 -1.055662e+01 0.000000e+00
    endloop
  endfacet
  facet normal 1.000000e+00 0.000000e+00 0.000000e+00
    outer loop
      vertex   7.800000e+01 -1.055662e+01 0.000000e+00
      vertex   7.800000e+01 -1.344338e+01 1.000000e+00
      vertex   7.800000e+01 -1.344338e+01 0.000000e+00
    endloop
  endfacet
  facet normal 5.000000e-01 8.660254e-01 0.000000e+00
    outer loop
      vertex   7.800000e+01 -1.344338e+01 1.000000e+00
      vertex   8.050000e+01 -1.488675e+01 1.000000e+00
      vertex   7.800000e+01 -1.344338e+01 0.000000e+00
    endloop
  endfacet
  facet normal 5.000000e-01 8.660254e-01 0.000000e+00
    outer loop
      vertex   7.800000e+01 -1.344338e+01 0.000000e+00
      vertex   8.050000e+01 -1.488675e+01 1.000000e+00
      vertex   8.050000e+01 -1.488675e+01 0.000000e+00
    endloop
  endfacet
  facet normal -5.000000e-01 8.660254e-01 0.000000e+00
    outer loop
      vertex   8.050000e+01 -1.488675e+01 1.000000e+00
      vertex   8.300000e+01 -1.344338e+01 1.000000e+00
      vertex   8.050000e+01 -1.488675e+01 0.000000e+00
    endloop
  endfacet
  facet normal -5.000000e-01 8.660254e-01 0.000000e+00
    outer loop
      vertex   8.050000e+01 -1.488675e+01 0.000000e+00
      vertex   8.300000e+01 -1.344338e+01 1.000000e+00
      vertex   8.300000e+01 -1.344338e+01 0.000000e+00
    endloop
  endfacet
  facet normal -1.000000e+00 0.000000e+00 0.000000e+00
    outer loop
      vertex   8.300000e+01 -1.344338e+01 1.000000e+00
      vertex   8.300000e+01 -1.055662e+01 1.000000e+00
      vertex   8.300000e+01 -1.344338e+01 0.000000e+00
    endloop
  endfacet
  facet normal -1.000000e+00 0.000000e+00 0.000000e+00
    outer loop
      vertex   8.300000e+01 -1.344338e+01 0.000000e+00
      vertex   8.300000e+01 -1.055662e+01 1.000000e+00
      vertex   8.300000e+01 -1.055662e+01 0.000000e+00
    endloop
  endfacet
  facet normal -5.000000e-01 -8.660254e-01 -0.000000e+00
    outer loop
      vertex   8.300000e+01 -1.055662e+01 1.000000e+00
      vertex   8.050000e+01 -9.113249e+00 1.000000e+00
      vertex   8.300000e+01 -1.055662e+01 0.000000e+00
    endloop
  endfacet
  facet normal -5.000000e-01 -8.660254e-01 0.000000e+00
    outer loop
      vertex   8.300000e+01 -1.055662e+01 0.000000e+00
      vertex   8.050000e+01 -9.113249e+00 1.000000e+00
      vertex   8.050000e+01 -9.113249e+00 0.000000e+00
    endloop
  endfacet
  facet normal 5.000000e-01 -8.660254e-01 0.000000e+00
    outer loop
      vertex   8.050000e+01 -9.113249e+00 1.000000e+00
      vertex   7.800000e+01 -1.055662e+01 1.000000e+00
      vertex   8.050000e+01 -9.113249e+00 0.000000e+00
    endloop
  endfacet
  facet normal 5.000000e-01 -8.660254e-01 0.000000e+00
    outer loop
      vertex   8.050000e+01 -9.113249e+00 0.000000e+00
      vertex   7.800000e+01 -1.055662e+01 1.000000e+00
      vertex   7.800000e+01 -1.055662e+01 0.000000e+00
    endloop
  endfacet
  facet normal 5.000000e-01 -8.660254e-01 0.000000e+00
    outer loop
      vertex   7.450000e+01 -9.113249e+00 1.000000e+00
      vertex   7.200000e+01 -1.055662e+01 1.000000e+00
      vertex   7.450000e+01 -9.113249e+00 0.000000e+00
    endloop
  endfacet
  facet normal 5.000000e-01 -8.660254e-01 0.000000e+00
    outer loop
      vertex   7.450000e+01 -9.113249e+00 0.000000e+00
      vertex   7.200000e+01 -1.055662e+01 1.000000e+00
      vertex   7.200000e+01 -1.055662e+01 0.000000e+00
    endloop
  endfacet
  facet normal 1.000000e+00 0.000000e+00 0.000000e+00
    outer loop
      vertex   7.200000e+01 -1.055662e+01 1.000000e+00
      vertex   7.200000e+01 -1.344338e+01 1.000000e+00
      vertex   7.200000e+01 -1.055662e+01 0.000000e+00
    endloop
  endfacet
  facet normal 1.000000e+00 0.000000e+00 0.000000e+00
    outer loop
      vertex   7.200000e+01 -1.055662e+01 0.000000e+00
      vertex   7.200000e+01 -1.344338e+01 1.000000e+00
      vertex   7.200000e+01 -1.344338e+01 0.000000e+00
    endloop
  endfacet
  facet normal 5.000000e-01 8.660254e-01 0.000000e+00
    outer loop
      vertex   7.200000e+01 -1.344338e+01 1.000000e+00
      vertex   7.450000e+01 -1.488675e+01 1.000000e+00
      vertex   7.200000e+01 -1.344338e+01 0.000000e+00
    endloop
  endfacet
  facet normal 5.000000e-01 8.660254e-01 0.000000e+00
    outer loop
      vertex   7.200000e+01 -1.344338e+01 0.000000e+00
      vertex   7.450000e+01 -1.488675e+01 1.000000e+00
      vertex   7.450000e+01 -1.488675e+01 0.000000e+00
    endloop
  endfacet
  facet normal -5.000000e-01 8.660254e-01 0.000000e+00
    outer loop
      vertex   7.450000e+01 -1.488675e+01 1.000000e+00
      vertex   7.700000e+01 -1.344338e+01 1.000000e+00
      vertex   7.450000e+01 -1.488675e+01 0.000000e+00
    endloop
  endfacet
  facet normal -5.000000e-01 8.660254e-01 0.000000e+00
    outer loop
      vertex   7.450000e+01 -1.488675e+01 0.000000e+00
      vertex   7.700000e+01 -1.344338e+01 1.000000e+00
      vertex   7.700000e+01 -1.344338e+01 0.000000e+00
    endloop
  endfacet
  facet normal -1.000000e+00 0.000000e+00 0.000000e+00
    outer loop
      vertex   7.700000e+01 -1.344338e+01 1.000000e+00
      vertex   7.700000e+01 -1.055662e+01 1.000000e+00
      vertex   7.700000e+01 -1.344338e+01 0.000000e+00
    endloop
  endfacet
  facet normal -1.000000e+00 0.000000e+00 0.000000e+00
    outer loop
      vertex   7.700000e+01 -1.344338e+01 0.000000e+00
      vertex   7.700000e+01 -1.055662e+01 1.000000e+00
      vertex   7.700000e+01 -1.055662e+01 0.000000e+00
    endloop
  endfacet
  facet normal -5.000000e-01 -8.660254e-01 -0.000000e+00
    outer loop
      vertex   7.700000e+01 -1.055662e+01 1.000000e+00
      vertex   7.450000e+01 -9.113249e+00 1.000000e+00
      vertex   7.700000e+01 -1.055662e+01 0.000000e+00
    endloop
  endfacet
  facet normal -5.000000e-01 -8.660254e-01 0.000000e+00
    outer loop
      vertex   7.700000e+01 -1.055662e+01 0.000000e+00
      vertex   7.450000e+01 -9.113249e+00 1.000000e+00
      vertex   7.450000e+01 -9.113249e+00 0.000000e+00
    endloop
  endfacet
  facet normal -1.000000e+00 0.000000e+00 0.000000e+00
    outer loop
      vertex   6.500000e+01 -2.344338e+01 1.000000e+00
      vertex   6.500000e+01 -2.055662e+01 1.000000e+00
      vertex   6.500000e+01 -2.344338e+01 0.000000e+00
    endloop
  endfacet
  facet normal -1.000000e+00 0.000000e+00 0.000000e+00
    outer loop
      vertex   6.500000e+01 -2.344338e+01 0.000000e+00
      vertex   6.500000e+01 -2.055662e+01 1.000000e+00
      vertex   6.500000e+01 -2.055662e+01 0.000000e+00
    endloop
  endfacet
  facet normal -5.000000e-01 -8.660254e-01 -0.000000e+00
    outer loop
      vertex   6.500000e+01 -2.055662e+01 1.000000e+00
      vertex   6.250000e+01 -1.911325e+01 1.000000e+00
      vertex   6.500000e+01 -2.055662e+01 0.000000e+00
    endloop
  endfacet
  facet normal -5.000000e-01 -8.660254e-01 0.000000e+00
    outer loop
      vertex   6.500000e+01 -2.055662e+01 0.000000e+00
      vertex   6.250000e+01 -1.911325e+01 1.000000e+00
      vertex   6.250000e+01 -1.911325e+01 0.000000e+00
    endloop
  endfacet
  facet normal 5.000000e-01 -8.660254e-01 0.000000e+00
    outer loop
      vertex   6.250000e+01 -1.911325e+01 1.000000e+00
      vertex   6.000000e+01 -2.055662e+01 1.000000e+00
      vertex   6.250000e+01 -1.911325e+01 0.000000e+00
    endloop
  endfacet
  facet normal 5.000000e-01 -8.660254e-01 0.000000e+00
    outer loop
      vertex   6.250000e+01 -1.911325e+01 0.000000e+00
      vertex   6.000000e+01 -2.055662e+01 1.000000e+00
      vertex   6.000000e+01 -2.055662e+01 0.000000e+00
    endloop
  endfacet
  facet normal 1.000000e+00 0.000000e+00 0.000000e+00
    outer loop
      vertex   6.000000e+01 -2.055662e+01 1.000000e+00
      vertex   6.000000e+01 -2.344338e+01 1.000000e+00
      vertex   6.000000e+01 -2.055662e+01 0.000000e+00
    endloop
  endfacet
  facet normal 1.000000e+00 0.000000e+00 0.000000e+00
    outer loop
      vertex   6.000000e+01 -2.055662e+01 0.000000e+00
      vertex   6.000000e+01 -2.344338e+01 1.000000e+00
      vertex   6.000000e+01 -2.344338e+01 0.000000e+00
    endloop
  endfacet
  facet normal 5.000000e-01 8.660254e-01 0.000000e+00
    outer loop
      vertex   6.000000e+01 -2.344338e+01 1.000000e+00
      vertex   6.250000e+01 -2.488675e+01 1.000000e+00
      vertex   6.000000e+01 -2.344338e+01 0.000000e+00
    endloop
  endfacet
  facet normal 5.000000e-01 8.660254e-01 0.000000e+00
    outer loop
      vertex   6.000000e+01 -2.344338e+01 0.000000e+00
      vertex   6.250000e+01 -2.488675e+01 1.000000e+00
      vertex   6.250000e+01 -2.488675e+01 0.000000e+00
    endloop
  endfacet
  facet normal -5.000000e-01 8.660254e-01 0.000000e+00
    outer loop
      vertex   6.250000e+01 -2.488675e+01 1.000000e+00
      vertex   6.500000e+01 -2.344338e+01 1.000000e+00
      vertex   6.250000e+01 -2.488675e+01 0.000000e+00
    endloop
  endfacet
  facet normal -5.000000e-01 8.660254e-01 0.000000e+00
    outer loop
      vertex   6.250000e+01 -2.488675e+01 0.000000e+00
      vertex   6.500000e+01 -2.344338e+01 1.000000e+00
      vertex   6.500000e+01 -2.344338e+01 0.000000e+00
    endloop
  endfacet
  facet normal -5.000000e-01 8.660254e-01 0.000000e+00
    outer loop
      vertex   6.550000e+01 -1.988675e+01 1.000000e+00
      vertex   6.800000e+01 -1.844338e+01 1.000000e+00
      vertex   6.550000e+01 -1.988675e+01 0.000000e+00
    endloop
  endfacet
  facet normal -5.000000e-01 8.660254e-01 0.000000e+00
    outer loop
      vertex   6.550000e+01 -1.988675e+01 0.000000e+00
      vertex   6.800000e+01 -1.844338e+01 1.000000e+00
      vertex   6.800000e+01 -1.844338e+01 0.000000e+00
    endloop
  endfacet
  facet normal -1.000000e+00 0.000000e+00 0.000000e+00
    outer loop
      vertex   6.800000e+01 -1.844338e+01 1.000000e+00
      vertex   6.800000e+01 -1.555662e+01 1.000000e+00
      vertex   6.800000e+01 -1.844338e+01 0.000000e+00
    endloop
  endfacet
  facet normal -1.000000e+00 0.000000e+00 0.000000e+00
    outer loop
      vertex   6.800000e+01 -1.844338e+01 0.000000e+00
      vertex   6.800000e+01 -1.555662e+01 1.000000e+00
      vertex   6.800000e+01 -1.555662e+01 0.000000e+00
    endloop
  endfacet
  facet normal -5.000000e-01 -8.660254e-01 -0.000000e+00
    outer loop
      vertex   6.800000e+01 -1.555662e+01 1.000000e+00
      vertex   6.550000e+01 -1.411325e+01 1.000000e+00
      vertex   6.800000e+01 -1.555662e+01 0.000000e+00
    endloop
  endfacet
  facet normal -5.000000e-01 -8.660254e-01 0.000000e+00
    outer loop
      vertex   6.800000e+01 -1.555662e+01 0.000000e+00
      vertex   6.550000e+01 -1.411325e+01 1.000000e+00
      vertex   6.550000e+01 -1.411325e+01 0.000000e+00
    endloop
  endfacet
  facet normal 5.000000e-01 -8.660254e-01 0.000000e+00
    outer loop
      vertex   6.550000e+01 -1.411325e+01 1.000000e+00
      vertex   6.300000e+01 -1.555662e+01 1.000000e+00
      vertex   6.550000e+01 -1.411325e+01 0.000000e+00
    endloop
  endfacet
  facet normal 5.000000e-01 -8.660254e-01 0.000000e+00
    outer loop
      vertex   6.550000e+01 -1.411325e+01 0.000000e+00
      vertex   6.300000e+01 -1.555662e+01 1.000000e+00
      vertex   6.300000e+01 -1.555662e+01 0.000000e+00
    endloop
  endfacet
  facet normal 1.000000e+00 0.000000e+00 0.000000e+00
    outer loop
      vertex   6.300000e+01 -1.555662e+01 1.000000e+00
      vertex   6.300000e+01 -1.844338e+01 1.000000e+00
      vertex   6.300000e+01 -1.555662e+01 0.000000e+00
    endloop
  endfacet
  facet normal 1.000000e+00 0.000000e+00 0.000000e+00
    outer loop
      vertex   6.300000e+01 -1.555662e+01 0.000000e+00
      vertex   6.300000e+01 -1.844338e+01 1.000000e+00
      vertex   6.300000e+01 -1.844338e+01 0.000000e+00
    endloop
  endfacet
  facet normal 5.000000e-01 8.660254e-01 0.000000e+00
    outer loop
      vertex   6.300000e+01 -1.844338e+01 1.000000e+00
      vertex   6.550000e+01 -1.988675e+01 1.000000e+00
      vertex   6.300000e+01 -1.844338e+01 0.000000e+00
    endloop
  endfacet
  facet normal 5.000000e-01 8.660254e-01 0.000000e+00
    outer loop
      vertex   6.300000e+01 -1.844338e+01 0.000000e+00
      vertex   6.550000e+01 -1.988675e+01 1.000000e+00
      vertex   6.550000e+01 -1.988675e+01 0.000000e+00
    endloop
  endfacet
  facet normal 5.000000e-01 -8.660254e-01 0.000000e+00
    outer loop
      vertex   5.650000e+01 -9.113249e+00 1.000000e+00
      vertex   5.400000e+01 -1.055662e+01 1.000000e+00
      vertex   5.650000e+01 -9.113249e+00 0.000000e+00
    endloop
  endfacet
  facet normal 5.000000e-01 -8.660254e-01 0.000000e+00
    outer loop
      vertex   5.650000e+01 -9.113249e+00 0.000000e+00
      vertex   5.400000e+01 -1.055662e+01 1.000000e+00
      vertex   5.400000e+01 -1.055662e+01 0.000000e+00
    endloop
  endfacet
  facet normal 1.000000e+00 0.000000e+00 0.000000e+00
    outer loop
      vertex   5.400000e+01 -1.055662e+01 1.000000e+00
      vertex   5.400000e+01 -1.344338e+01 1.000000e+00
      vertex   5.400000e+01 -1.055662e+01 0.000000e+00
    endloop
  endfacet
  facet normal 1.000000e+00 0.000000e+00 0.000000e+00
    outer loop
      vertex   5.400000e+01 -1.055662e+01 0.000000e+00
      vertex   5.400000e+01 -1.344338e+01 1.000000e+00
      vertex   5.400000e+01 -1.344338e+01 0.000000e+00
    endloop
  endfacet
  facet normal 5.000000e-01 8.660254e-01 0.000000e+00
    outer loop
      vertex   5.400000e+01 -1.344338e+01 1.000000e+00
      vertex   5.650000e+01 -1.488675e+01 1.000000e+00
      vertex   5.400000e+01 -1.344338e+01 0.000000e+00
    endloop
  endfacet
  facet normal 5.000000e-01 8.660254e-01 0.000000e+00
    outer loop
      vertex   5.400000e+01 -1.344338e+01 0.000000e+00
      vertex   5.650000e+01 -1.488675e+01 1.000000e+00
      vertex   5.650000e+01 -1.488675e+01 0.000000e+00
    endloop
  endfacet
  facet normal -5.000000e-01 8.660254e-01 0.000000e+00
    outer loop
      vertex   5.650000e+01 -1.488675e+01 1.000000e+00
      vertex   5.900000e+01 -1.344338e+01 1.000000e+00
      vertex   5.650000e+01 -1.488675e+01 0.000000e+00
    endloop
  endfacet
  facet normal -5.000000e-01 8.660254e-01 0.000000e+00
    outer loop
      vertex   5.650000e+01 -1.488675e+01 0.000000e+00
      vertex   5.900000e+01 -1.344338e+01 1.000000e+00
      vertex   5.900000e+01 -1.344338e+01 0.000000e+00
    endloop
  endfacet
  facet normal -1.000000e+00 2.461392e-15 0.000000e+00
    outer loop
      vertex   5.900000e+01 -1.344338e+01 1.000000e+00
      vertex   5.900000e+01 -1.055662e+01 1.000000e+00
      vertex   5.900000e+01 -1.344338e+01 0.000000e+00
    endloop
  endfacet
  facet normal -1.000000e+00 2.461392e-15 0.000000e+00
    outer loop
      vertex   5.900000e+01 -1.344338e+01 0.000000e+00
      vertex   5.900000e+01 -1.055662e+01 1.000000e+00
      vertex   5.900000e+01 -1.055662e+01 0.000000e+00
    endloop
  endfacet
  facet normal -5.000000e-01 -8.660254e-01 -0.000000e+00
    outer loop
      vertex   5.900000e+01 -1.055662e+01 1.000000e+00
      vertex   5.650000e+01 -9.113249e+00 1.000000e+00
      vertex   5.900000e+01 -1.055662e+01 0.000000e+00
    endloop
  endfacet
  facet normal -5.000000e-01 -8.660254e-01 0.000000e+00
    outer loop
      vertex   5.900000e+01 -1.055662e+01 0.000000e+00
      vertex   5.650000e+01 -9.113249e+00 1.000000e+00
      vertex   5.650000e+01 -9.113249e+00 0.000000e+00
    endloop
  endfacet
  facet normal 1.000000e+00 0.000000e+00 0.000000e+00
    outer loop
      vertex   6.600000e+01 -1.055662e+01 1.000000e+00
      vertex   6.600000e+01 -1.344338e+01 1.000000e+00
      vertex   6.600000e+01 -1.055662e+01 0.000000e+00
    endloop
  endfacet
  facet normal 1.000000e+00 0.000000e+00 0.000000e+00
    outer loop
      vertex   6.600000e+01 -1.055662e+01 0.000000e+00
      vertex   6.600000e+01 -1.344338e+01 1.000000e+00
      vertex   6.600000e+01 -1.344338e+01 0.000000e+00
    endloop
  endfacet
  facet normal 5.000000e-01 8.660254e-01 0.000000e+00
    outer loop
      vertex   6.600000e+01 -1.344338e+01 1.000000e+00
      vertex   6.850000e+01 -1.488675e+01 1.000000e+00
      vertex   6.600000e+01 -1.344338e+01 0.000000e+00
    endloop
  endfacet
  facet normal 5.000000e-01 8.660254e-01 0.000000e+00
    outer loop
      vertex   6.600000e+01 -1.344338e+01 0.000000e+00
      vertex   6.850000e+01 -1.488675e+01 1.000000e+00
      vertex   6.850000e+01 -1.488675e+01 0.000000e+00
    endloop
  endfacet
  facet normal -5.000000e-01 8.660254e-01 0.000000e+00
    outer loop
      vertex   6.850000e+01 -1.488675e+01 1.000000e+00
      vertex   7.100000e+01 -1.344338e+01 1.000000e+00
      vertex   6.850000e+01 -1.488675e+01 0.000000e+00
    endloop
  endfacet
  facet normal -5.000000e-01 8.660254e-01 0.000000e+00
    outer loop
      vertex   6.850000e+01 -1.488675e+01 0.000000e+00
      vertex   7.100000e+01 -1.344338e+01 1.000000e+00
      vertex   7.100000e+01 -1.344338e+01 0.000000e+00
    endloop
  endfacet
  facet normal -1.000000e+00 0.000000e+00 0.000000e+00
    outer loop
      vertex   7.100000e+01 -1.344338e+01 1.000000e+00
      vertex   7.100000e+01 -1.055662e+01 1.000000e+00
      vertex   7.100000e+01 -1.344338e+01 0.000000e+00
    endloop
  endfacet
  facet normal -1.000000e+00 0.000000e+00 0.000000e+00
    outer loop
      vertex   7.100000e+01 -1.344338e+01 0.000000e+00
      vertex   7.100000e+01 -1.055662e+01 1.000000e+00
      vertex   7.100000e+01 -1.055662e+01 0.000000e+00
    endloop
  endfacet
  facet normal -5.000000e-01 -8.660254e-01 -0.000000e+00
    outer loop
      vertex   7.100000e+01 -1.055662e+01 1.000000e+00
      vertex   6.850000e+01 -9.113249e+00 1.000000e+00
      vertex   7.100000e+01 -1.055662e+01 0.000000e+00
    endloop
  endfacet
  facet normal -5.000000e-01 -8.660254e-01 0.000000e+00
    outer loop
      vertex   7.100000e+01 -1.055662e+01 0.000000e+00
      vertex   6.850000e+01 -9.113249e+00 1.000000e+00
      vertex   6.850000e+01 -9.113249e+00 0.000000e+00
    endloop
  endfacet
  facet normal 5.000000e-01 -8.660254e-01 0.000000e+00
    outer loop
      vertex   6.850000e+01 -9.113249e+00 1.000000e+00
      vertex   6.600000e+01 -1.055662e+01 1.000000e+00
      vertex   6.850000e+01 -9.113249e+00 0.000000e+00
    endloop
  endfacet
  facet normal 5.000000e-01 -8.660254e-01 0.000000e+00
    outer loop
      vertex   6.850000e+01 -9.113249e+00 0.000000e+00
      vertex   6.600000e+01 -1.055662e+01 1.000000e+00
      vertex   6.600000e+01 -1.055662e+01 0.000000e+00
    endloop
  endfacet
  facet normal -1.000000e+00 0.000000e+00 0.000000e+00
    outer loop
      vertex   6.500000e+01 -1.344338e+01 1.000000e+00
      vertex   6.500000e+01 -1.055662e+01 1.000000e+00
      vertex   6.500000e+01 -1.344338e+01 0.000000e+00
    endloop
  endfacet
  facet normal -1.000000e+00 0.000000e+00 0.000000e+00
    outer loop
      vertex   6.500000e+01 -1.344338e+01 0.000000e+00
      vertex   6.500000e+01 -1.055662e+01 1.000000e+00
      vertex   6.500000e+01 -1.055662e+01 0.000000e+00
    endloop
  endfacet
  facet normal -5.000000e-01 -8.660254e-01 -0.000000e+00
    outer loop
      vertex   6.500000e+01 -1.055662e+01 1.000000e+00
      vertex   6.250000e+01 -9.113249e+00 1.000000e+00
      vertex   6.500000e+01 -1.055662e+01 0.000000e+00
    endloop
  endfacet
  facet normal -5.000000e-01 -8.660254e-01 0.000000e+00
    outer loop
      vertex   6.500000e+01 -1.055662e+01 0.000000e+00
      vertex   6.250000e+01 -9.113249e+00 1.000000e+00
      vertex   6.250000e+01 -9.113249e+00 0.000000e+00
    endloop
  endfacet
  facet normal 5.000000e-01 -8.660254e-01 0.000000e+00
    outer loop
      vertex   6.250000e+01 -9.113249e+00 1.000000e+00
      vertex   6.000000e+01 -1.055662e+01 1.000000e+00
      vertex   6.250000e+01 -9.113249e+00 0.000000e+00
    endloop
  endfacet
  facet normal 5.000000e-01 -8.660254e-01 0.000000e+00
    outer loop
      vertex   6.250000e+01 -9.113249e+00 0.000000e+00
      vertex   6.000000e+01 -1.055662e+01 1.000000e+00
      vertex   6.000000e+01 -1.055662e+01 0.000000e+00
    endloop
  endfacet
  facet normal 1.000000e+00 0.000000e+00 0.000000e+00
    outer loop
      vertex   6.000000e+01 -1.055662e+01 1.000000e+00
      vertex   6.000000e+01 -1.344338e+01 1.000000e+00
      vertex   6.000000e+01 -1.055662e+01 0.000000e+00
    endloop
  endfacet
  facet normal 1.000000e+00 0.000000e+00 0.000000e+00
    outer loop
      vertex   6.000000e+01 -1.055662e+01 0.000000e+00
      vertex   6.000000e+01 -1.344338e+01 1.000000e+00
      vertex   6.000000e+01 -1.344338e+01 0.000000e+00
    endloop
  endfacet
  facet normal 5.000000e-01 8.660254e-01 0.000000e+00
    outer loop
      vertex   6.000000e+01 -1.344338e+01 1.000000e+00
      vertex   6.250000e+01 -1.488675e+01 1.000000e+00
      vertex   6.000000e+01 -1.344338e+01 0.000000e+00
    endloop
  endfacet
  facet normal 5.000000e-01 8.660254e-01 0.000000e+00
    outer loop
      vertex   6.000000e+01 -1.344338e+01 0.000000e+00
      vertex   6.250000e+01 -1.488675e+01 1.000000e+00
      vertex   6.250000e+01 -1.488675e+01 0.000000e+00
    endloop
  endfacet
  facet normal -5.000000e-01 8.660254e-01 0.000000e+00
    outer loop
      vertex   6.250000e+01 -1.488675e+01 1.000000e+00
      vertex   6.500000e+01 -1.344338e+01 1.000000e+00
      vertex   6.250000e+01 -1.488675e+01 0.000000e+00
    endloop
  endfacet
  facet normal -5.000000e-01 8.660254e-01 0.000000e+00
    outer loop
      vertex   6.250000e+01 -1.488675e+01 0.000000e+00
      vertex   6.500000e+01 -1.344338e+01 1.000000e+00
      vertex   6.500000e+01 -1.344338e+01 0.000000e+00
    endloop
  endfacet
  facet normal -5.000000e-01 -8.660254e-01 -0.000000e+00
    outer loop
      vertex   6.800000e+01 -5.556624e+00 1.000000e+00
      vertex   6.550000e+01 -4.113249e+00 1.000000e+00
      vertex   6.800000e+01 -5.556624e+00 0.000000e+00
    endloop
  endfacet
  facet normal -5.000000e-01 -8.660254e-01 0.000000e+00
    outer loop
      vertex   6.800000e+01 -5.556624e+00 0.000000e+00
      vertex   6.550000e+01 -4.113249e+00 1.000000e+00
      vertex   6.550000e+01 -4.113249e+00 0.000000e+00
    endloop
  endfacet
  facet normal 5.000000e-01 -8.660254e-01 0.000000e+00
    outer loop
      vertex   6.550000e+01 -4.113249e+00 1.000000e+00
      vertex   6.300000e+01 -5.556624e+00 1.000000e+00
      vertex   6.550000e+01 -4.113249e+00 0.000000e+00
    endloop
  endfacet
  facet normal 5.000000e-01 -8.660254e-01 0.000000e+00
    outer loop
      vertex   6.550000e+01 -4.113249e+00 0.000000e+00
      vertex   6.300000e+01 -5.556624e+00 1.000000e+00
      vertex   6.300000e+01 -5.556624e+00 0.000000e+00
    endloop
  endfacet
  facet normal 1.000000e+00 0.000000e+00 0.000000e+00
    outer loop
      vertex   6.300000e+01 -5.556624e+00 1.000000e+00
      vertex   6.300000e+01 -8.443376e+00 1.000000e+00
      vertex   6.300000e+01 -5.556624e+00 0.000000e+00
    endloop
  endfacet
  facet normal 1.000000e+00 0.000000e+00 0.000000e+00
    outer loop
      vertex   6.300000e+01 -5.556624e+00 0.000000e+00
      vertex   6.300000e+01 -8.443376e+00 1.000000e+00
      vertex   6.300000e+01 -8.443376e+00 0.000000e+00
    endloop
  endfacet
  facet normal 5.000000e-01 8.660254e-01 0.000000e+00
    outer loop
      vertex   6.300000e+01 -8.443376e+00 1.000000e+00
      vertex   6.550000e+01 -9.886751e+00 1.000000e+00
      vertex   6.300000e+01 -8.443376e+00 0.000000e+00
    endloop
  endfacet
  facet normal 5.000000e-01 8.660254e-01 0.000000e+00
    outer loop
      vertex   6.300000e+01 -8.443376e+00 0.000000e+00
      vertex   6.550000e+01 -9.886751e+00 1.000000e+00
      vertex   6.550000e+01 -9.886751e+00 0.000000e+00
    endloop
  endfacet
  facet normal -5.000000e-01 8.660254e-01 0.000000e+00
    outer loop
      vertex   6.550000e+01 -9.886751e+00 1.000000e+00
      vertex   6.800000e+01 -8.443376e+00 1.000000e+00
      vertex   6.550000e+01 -9.886751e+00 0.000000e+00
    endloop
  endfacet
  facet normal -5.000000e-01 8.660254e-01 0.000000e+00
    outer loop
      vertex   6.550000e+01 -9.886751e+00 0.000000e+00
      vertex   6.800000e+01 -8.443376e+00 1.000000e+00
      vertex   6.800000e+01 -8.443376e+00 0.000000e+00
    endloop
  endfacet
  facet normal -1.000000e+00 0.000000e+00 0.000000e+00
    outer loop
      vertex   6.800000e+01 -8.443376e+00 1.000000e+00
      vertex   6.800000e+01 -5.556624e+00 1.000000e+00
      vertex   6.800000e+01 -8.443376e+00 0.000000e+00
    endloop
  endfacet
  facet normal -1.000000e+00 0.000000e+00 0.000000e+00
    outer loop
      vertex   6.800000e+01 -8.443376e+00 0.000000e+00
      vertex   6.800000e+01 -5.556624e+00 1.000000e+00
      vertex   6.800000e+01 -5.556624e+00 0.000000e+00
    endloop
  endfacet
  facet normal 5.000000e-01 8.660254e-01 0.000000e+00
    outer loop
      vertex   7.500000e+01 -1.844338e+01 1.000000e+00
      vertex   7.750000e+01 -1.988675e+01 1.000000e+00
      vertex   7.500000e+01 -1.844338e+01 0.000000e+00
    endloop
  endfacet
  facet normal 5.000000e-01 8.660254e-01 0.000000e+00
    outer loop
      vertex   7.500000e+01 -1.844338e+01 0.000000e+00
      vertex   7.750000e+01 -1.988675e+01 1.000000e+00
      vertex   7.750000e+01 -1.988675e+01 0.000000e+00
    endloop
  endfacet
  facet normal -5.000000e-01 8.660254e-01 0.000000e+00
    outer loop
      vertex   7.750000e+01 -1.988675e+01 1.000000e+00
      vertex   8.000000e+01 -1.844338e+01 1.000000e+00
      vertex   7.750000e+01 -1.988675e+01 0.000000e+00
    endloop
  endfacet
  facet normal -5.000000e-01 8.660254e-01 0.000000e+00
    outer loop
      vertex   7.750000e+01 -1.988675e+01 0.000000e+00
      vertex   8.000000e+01 -1.844338e+01 1.000000e+00
      vertex   8.000000e+01 -1.844338e+01 0.000000e+00
    endloop
  endfacet
  facet normal -1.000000e+00 0.000000e+00 0.000000e+00
    outer loop
      vertex   8.000000e+01 -1.844338e+01 1.000000e+00
      vertex   8.000000e+01 -1.555662e+01 1.000000e+00
      vertex   8.000000e+01 -1.844338e+01 0.000000e+00
    endloop
  endfacet
  facet normal -1.000000e+00 0.000000e+00 0.000000e+00
    outer loop
      vertex   8.000000e+01 -1.844338e+01 0.000000e+00
      vertex   8.000000e+01 -1.555662e+01 1.000000e+00
      vertex   8.000000e+01 -1.555662e+01 0.000000e+00
    endloop
  endfacet
  facet normal -5.000000e-01 -8.660254e-01 -0.000000e+00
    outer loop
      vertex   8.000000e+01 -1.555662e+01 1.000000e+00
      vertex   7.750000e+01 -1.411325e+01 1.000000e+00
      vertex   8.000000e+01 -1.555662e+01 0.000000e+00
    endloop
  endfacet
  facet normal -5.000000e-01 -8.660254e-01 0.000000e+00
    outer loop
      vertex   8.000000e+01 -1.555662e+01 0.000000e+00
      vertex   7.750000e+01 -1.411325e+01 1.000000e+00
      vertex   7.750000e+01 -1.411325e+01 0.000000e+00
    endloop
  endfacet
  facet normal 5.000000e-01 -8.660254e-01 0.000000e+00
    outer loop
      vertex   7.750000e+01 -1.411325e+01 1.000000e+00
      vertex   7.500000e+01 -1.555662e+01 1.000000e+00
      vertex   7.750000e+01 -1.411325e+01 0.000000e+00
    endloop
  endfacet
  facet normal 5.000000e-01 -8.660254e-01 0.000000e+00
    outer loop
      vertex   7.750000e+01 -1.411325e+01 0.000000e+00
      vertex   7.500000e+01 -1.555662e+01 1.000000e+00
      vertex   7.500000e+01 -1.555662e+01 0.000000e+00
    endloop
  endfacet
  facet normal 1.000000e+00 0.000000e+00 0.000000e+00
    outer loop
      vertex   7.500000e+01 -1.555662e+01 1.000000e+00
      vertex   7.500000e+01 -1.844338e+01 1.000000e+00
      vertex   7.500000e+01 -1.555662e+01 0.000000e+00
    endloop
  endfacet
  facet normal 1.000000e+00 0.000000e+00 0.000000e+00
    outer loop
      vertex   7.500000e+01 -1.555662e+01 0.000000e+00
      vertex   7.500000e+01 -1.844338e+01 1.000000e+00
      vertex   7.500000e+01 -1.844338e+01 0.000000e+00
    endloop
  endfacet
  facet normal 1.000000e+00 0.000000e+00 0.000000e+00
    outer loop
      vertex   5.100000e+01 -5.556624e+00 1.000000e+00
      vertex   5.100000e+01 -8.443376e+00 1.000000e+00
      vertex   5.100000e+01 -5.556624e+00 0.000000e+00
    endloop
  endfacet
  facet normal 1.000000e+00 0.000000e+00 0.000000e+00
    outer loop
      vertex   5.100000e+01 -5.556624e+00 0.000000e+00
      vertex   5.100000e+01 -8.443376e+00 1.000000e+00
      vertex   5.100000e+01 -8.443376e+00 0.000000e+00
    endloop
  endfacet
  facet normal 5.000000e-01 8.660254e-01 0.000000e+00
    outer loop
      vertex   5.100000e+01 -8.443376e+00 1.000000e+00
      vertex   5.350000e+01 -9.886751e+00 1.000000e+00
      vertex   5.100000e+01 -8.443376e+00 0.000000e+00
    endloop
  endfacet
  facet normal 5.000000e-01 8.660254e-01 0.000000e+00
    outer loop
      vertex   5.100000e+01 -8.443376e+00 0.000000e+00
      vertex   5.350000e+01 -9.886751e+00 1.000000e+00
      vertex   5.350000e+01 -9.886751e+00 0.000000e+00
    endloop
  endfacet
  facet normal -5.000000e-01 8.660254e-01 0.000000e+00
    outer loop
      vertex   5.350000e+01 -9.886751e+00 1.000000e+00
      vertex   5.600000e+01 -8.443376e+00 1.000000e+00
      vertex   5.350000e+01 -9.886751e+00 0.000000e+00
    endloop
  endfacet
  facet normal -5.000000e-01 8.660254e-01 0.000000e+00
    outer loop
      vertex   5.350000e+01 -9.886751e+00 0.000000e+00
      vertex   5.600000e+01 -8.443376e+00 1.000000e+00
      vertex   5.600000e+01 -8.443376e+00 0.000000e+00
    endloop
  endfacet
  facet normal -1.000000e+00 0.000000e+00 0.000000e+00
    outer loop
      vertex   5.600000e+01 -8.443376e+00 1.000000e+00
      vertex   5.600000e+01 -5.556624e+00 1.000000e+00
      vertex   5.600000e+01 -8.443376e+00 0.000000e+00
    endloop
  endfacet
  facet normal -1.000000e+00 0.000000e+00 0.000000e+00
    outer loop
      vertex   5.600000e+01 -8.443376e+00 0.000000e+00
      vertex   5.600000e+01 -5.556624e+00 1.000000e+00
      vertex   5.600000e+01 -5.556624e+00 0.000000e+00
    endloop
  endfacet
  facet normal -5.000000e-01 -8.660254e-01 -0.000000e+00
    outer loop
      vertex   5.600000e+01 -5.556624e+00 1.000000e+00
      vertex   5.350000e+01 -4.113249e+00 1.000000e+00
      vertex   5.600000e+01 -5.556624e+00 0.000000e+00
    endloop
  endfacet
  facet normal -5.000000e-01 -8.660254e-01 0.000000e+00
    outer loop
      vertex   5.600000e+01 -5.556624e+00 0.000000e+00
      vertex   5.350000e+01 -4.113249e+00 1.000000e+00
      vertex   5.350000e+01 -4.113249e+00 0.000000e+00
    endloop
  endfacet
  facet normal 5.000000e-01 -8.660254e-01 0.000000e+00
    outer loop
      vertex   5.350000e+01 -4.113249e+00 1.000000e+00
      vertex   5.100000e+01 -5.556624e+00 1.000000e+00
      vertex   5.350000e+01 -4.113249e+00 0.000000e+00
    endloop
  endfacet
  facet normal 5.000000e-01 -8.660254e-01 0.000000e+00
    outer loop
      vertex   5.350000e+01 -4.113249e+00 0.000000e+00
      vertex   5.100000e+01 -5.556624e+00 1.000000e+00
      vertex   5.100000e+01 -5.556624e+00 0.000000e+00
    endloop
  endfacet
  facet normal 9.567664e-01 2.908575e-01 -0.000000e+00
    outer loop
      vertex   4.987298e+01 -3.200000e+01 1.000000e+00
      vertex   4.977426e+01 -3.167524e+01 6.400000e+00
      vertex   4.987298e+01 -3.200000e+01 3.100000e+00
    endloop
  endfacet
  facet normal 9.606931e-01 2.776091e-01 1.421303e-03
    outer loop
      vertex   4.987298e+01 -3.200000e+01 3.100000e+00
      vertex   4.977426e+01 -3.167524e+01 6.400000e+00
      vertex   4.989914e+01 -3.210740e+01 6.400000e+00
    endloop
  endfacet
  facet normal 9.779121e-01 2.090142e-01 -9.476938e-04
    outer loop
      vertex   4.987298e+01 -3.200000e+01 3.100000e+00
      vertex   4.989914e+01 -3.210740e+01 6.400000e+00
      vertex   4.994338e+01 -3.232937e+01 3.100000e+00
    endloop
  endfacet
  facet normal 9.857881e-01 1.679823e-01 1.917786e-03
    outer loop
      vertex   4.994338e+01 -3.232937e+01 3.100000e+00
      vertex   4.989914e+01 -3.210740e+01 6.400000e+00
      vertex   4.997471e+01 -3.255086e+01 6.400000e+00
    endloop
  endfacet
  facet normal 9.920292e-01 1.260042e-01 -9.589902e-04
    outer loop
      vertex   4.994338e+01 -3.232937e+01 3.100000e+00
      vertex   4.997471e+01 -3.255086e+01 6.400000e+00
      vertex   4.998582e+01 -3.266349e+01 3.100000e+00
    endloop
  endfacet
  facet normal 9.984167e-01 5.623123e-02 1.443893e-03
    outer loop
      vertex   4.998582e+01 -3.266349e+01 3.100000e+00
      vertex   4.997471e+01 -3.255086e+01 6.400000e+00
      vertex   5.000000e+01 -3.300000e+01 6.400000e+00
    endloop
  endfacet
  facet normal 9.991134e-01 4.210093e-02 0.000000e+00
    outer loop
      vertex   4.998582e+01 -3.266349e+01 3.100000e+00
      vertex   5.000000e+01 -3.300000e+01 6.400000e+00
      vertex   5.000000e+01 -3.300000e+01 3.100000e+00
    endloop
  endfacet
  facet normal 9.537005e-01 3.007573e-01 -6.514400e-04
    outer loop
      vertex   4.987298e+01 -3.200000e+01 1.000000e+00
      vertex   4.974599e+01 -3.159730e+01 1.000000e+00
      vertex   4.977426e+01 -3.167524e+01 6.400000e+00
    endloop
  endfacet
  facet normal 9.234472e-01 3.837249e-01 7.044270e-04
    outer loop
      vertex   4.977426e+01 -3.167524e+01 6.400000e+00
      vertex   4.974599e+01 -3.159730e+01 1.000000e+00
      vertex   4.960164e+01 -3.125982e+01 6.400000e+00
    endloop
  endfacet
  facet normal 9.166819e-01 3.996174e-01 -4.696227e-04
    outer loop
      vertex   4.960164e+01 -3.125982e+01 6.400000e+00
      vertex   4.974599e+01 -3.159730e+01 1.000000e+00
      vertex   4.957725e+01 -3.121022e+01 1.000000e+00
    endloop
  endfacet
  facet normal 8.745211e-01 4.849872e-01 5.049421e-04
    outer loop
      vertex   4.960164e+01 -3.125982e+01 6.400000e+00
      vertex   4.957725e+01 -3.121022e+01 1.000000e+00
      vertex   4.938346e+01 -3.086642e+01 6.400000e+00
    endloop
  endfacet
  facet normal 8.694480e-01 4.940243e-01 -2.524726e-04
    outer loop
      vertex   4.938346e+01 -3.086642e+01 6.400000e+00
      vertex   4.957725e+01 -3.121022e+01 1.000000e+00
      vertex   4.936864e+01 -3.084309e+01 1.000000e+00
    endloop
  endfacet
  facet normal 8.145341e-01 5.801156e-01 2.701294e-04
    outer loop
      vertex   4.938346e+01 -3.086642e+01 6.400000e+00
      vertex   4.936864e+01 -3.084309e+01 1.000000e+00
      vertex   4.912250e+01 -3.050000e+01 6.400000e+00
    endloop
  endfacet
  facet normal 8.125253e-01 5.829260e-01 0.000000e+00
    outer loop
      vertex   4.912250e+01 -3.050000e+01 6.400000e+00
      vertex   4.936864e+01 -3.084309e+01 1.000000e+00
      vertex   4.912250e+01 -3.050000e+01 1.000000e+00
    endloop
  endfacet
  facet normal 0.000000e+00 0.000000e+00 1.000000e+00
    outer loop
      vertex   5.000000e+01 -3.300000e+01 6.400000e+00
      vertex   4.997471e+01 -3.255086e+01 6.400000e+00
      vertex   4.600000e+01 -3.300000e+01 6.400000e+00
    endloop
  endfacet
  facet normal 0.000000e+00 0.000000e+00 1.000000e+00
    outer loop
      vertex   4.600000e+01 -3.300000e+01 6.400000e+00
      vertex   4.997471e+01 -3.255086e+01 6.400000e+00
      vertex   4.989914e+01 -3.210740e+01 6.400000e+00
    endloop
  endfacet
  facet normal 0.000000e+00 0.000000e+00 1.000000e+00
    outer loop
      vertex   4.600000e+01 -3.300000e+01 6.400000e+00
      vertex   4.989914e+01 -3.210740e+01 6.400000e+00
      vertex   4.977426e+01 -3.167524e+01 6.400000e+00
    endloop
  endfacet
  facet normal 0.000000e+00 0.000000e+00 1.000000e+00
    outer loop
      vertex   4.977426e+01 -3.167524e+01 6.400000e+00
      vertex   4.960164e+01 -3.125982e+01 6.400000e+00
      vertex   4.600000e+01 -3.300000e+01 6.400000e+00
    endloop
  endfacet
  facet normal 0.000000e+00 0.000000e+00 1.000000e+00
    outer loop
      vertex   4.600000e+01 -3.300000e+01 6.400000e+00
      vertex   4.960164e+01 -3.125982e+01 6.400000e+00
      vertex   4.600000e+01 -3.050000e+01 6.400000e+00
    endloop
  endfacet
  facet normal 0.000000e+00 0.000000e+00 1.000000e+00
    outer loop
      vertex   4.600000e+01 -3.050000e+01 6.400000e+00
      vertex   4.960164e+01 -3.125982e+01 6.400000e+00
      vertex   4.938346e+01 -3.086642e+01 6.400000e+00
    endloop
  endfacet
  facet normal -0.000000e+00 0.000000e+00 1.000000e+00
    outer loop
      vertex   4.600000e+01 -3.050000e+01 6.400000e+00
      vertex   4.938346e+01 -3.086642e+01 6.400000e+00
      vertex   4.912250e+01 -3.050000e+01 6.400000e+00
    endloop
  endfacet
  facet normal 1.000000e+00 0.000000e+00 0.000000e+00
    outer loop
      vertex   4.700000e+01 -3.050000e+01 3.000000e+00
      vertex   4.700000e+01 -3.050000e+01 1.000000e+00
      vertex   4.700000e+01 -3.046593e+01 2.741181e+00
    endloop
  endfacet
  facet normal 1.000000e+00 0.000000e+00 0.000000e+00
    outer loop
      vertex   4.700000e+01 -3.046593e+01 2.741181e+00
      vertex   4.700000e+01 -3.050000e+01 1.000000e+00
      vertex   4.700000e+01 -3.036603e+01 2.500000e+00
    endloop
  endfacet
  facet normal 1.000000e+00 0.000000e+00 0.000000e+00
    outer loop
      vertex   4.700000e+01 -3.036603e+01 2.500000e+00
      vertex   4.700000e+01 -3.050000e+01 1.000000e+00
      vertex   4.700000e+01 -3.020711e+01 2.292893e+00
    endloop
  endfacet
  facet normal 1.000000e+00 0.000000e+00 0.000000e+00
    outer loop
      vertex   4.700000e+01 -3.020711e+01 2.292893e+00
      vertex   4.700000e+01 -3.050000e+01 1.000000e+00
      vertex   4.700000e+01 -3.000000e+01 2.133975e+00
    endloop
  endfacet
  facet normal 1.000000e+00 0.000000e+00 0.000000e+00
    outer loop
      vertex   4.700000e+01 -3.000000e+01 2.133975e+00
      vertex   4.700000e+01 -3.050000e+01 1.000000e+00
      vertex   4.700000e+01 -2.975882e+01 2.034074e+00
    endloop
  endfacet
  facet normal 1.000000e+00 0.000000e+00 0.000000e+00
    outer loop
      vertex   4.700000e+01 -2.975882e+01 2.034074e+00
      vertex   4.700000e+01 -3.050000e+01 1.000000e+00
      vertex   4.700000e+01 -2.950000e+01 2.000000e+00
    endloop
  endfacet
  facet normal 1.000000e+00 -0.000000e+00 0.000000e+00
    outer loop
      vertex   4.700000e+01 -2.950000e+01 2.000000e+00
      vertex   4.700000e+01 -3.050000e+01 1.000000e+00
      vertex   4.700000e+01 -2.650000e+01 2.000000e+00
    endloop
  endfacet
  facet normal 1.000000e+00 0.000000e+00 0.000000e+00
    outer loop
      vertex   4.700000e+01 -2.650000e+01 2.000000e+00
      vertex   4.700000e+01 -3.050000e+01 1.000000e+00
      vertex   4.700000e+01 -4.872983e+00 1.000000e+00
    endloop
  endfacet
  facet normal 1.000000e+00 -0.000000e+00 0.000000e+00
    outer loop
      vertex   4.700000e+01 -2.650000e+01 2.000000e+00
      vertex   4.700000e+01 -4.872983e+00 1.000000e+00
      vertex   4.700000e+01 -2.624118e+01 2.034074e+00
    endloop
  endfacet
  facet normal 1.000000e+00 -0.000000e+00 0.000000e+00
    outer loop
      vertex   4.700000e+01 -2.624118e+01 2.034074e+00
      vertex   4.700000e+01 -4.872983e+00 1.000000e+00
      vertex   4.700000e+01 -2.600000e+01 2.133975e+00
    endloop
  endfacet
  facet normal 1.000000e+00 -0.000000e+00 0.000000e+00
    outer loop
      vertex   4.700000e+01 -2.600000e+01 2.133975e+00
      vertex   4.700000e+01 -4.872983e+00 1.000000e+00
      vertex   4.700000e+01 -4.872983e+00 3.100000e+00
    endloop
  endfacet
  facet normal 1.000000e+00 0.000000e+00 0.000000e+00
    outer loop
      vertex   4.700000e+01 -2.600000e+01 2.133975e+00
      vertex   4.700000e+01 -4.872983e+00 3.100000e+00
      vertex   4.700000e+01 -2.579289e+01 2.292893e+00
    endloop
  endfacet
  facet normal 1.000000e+00 0.000000e+00 0.000000e+00
    outer loop
      vertex   4.700000e+01 -2.579289e+01 2.292893e+00
      vertex   4.700000e+01 -4.872983e+00 3.100000e+00
      vertex   4.700000e+01 -2.563397e+01 2.500000e+00
    endloop
  endfacet
  facet normal 1.000000e+00 0.000000e+00 0.000000e+00
    outer loop
      vertex   4.700000e+01 -2.563397e+01 2.500000e+00
      vertex   4.700000e+01 -4.872983e+00 3.100000e+00
      vertex   4.700000e+01 -2.553407e+01 2.741181e+00
    endloop
  endfacet
  facet normal 1.000000e+00 0.000000e+00 0.000000e+00
    outer loop
      vertex   4.700000e+01 -2.553407e+01 2.741181e+00
      vertex   4.700000e+01 -4.872983e+00 3.100000e+00
      vertex   4.700000e+01 -2.550000e+01 3.000000e+00
    endloop
  endfacet
  facet normal 1.000000e+00 0.000000e+00 0.000000e+00
    outer loop
      vertex   4.700000e+01 -2.550000e+01 3.000000e+00
      vertex   4.700000e+01 -4.872983e+00 3.100000e+00
      vertex   4.700000e+01 -2.550000e+01 3.100000e+00
    endloop
  endfacet
  facet normal 0.000000e+00 0.000000e+00 1.000000e+00
    outer loop
      vertex   7.150000e+01 -1.411325e+01 1.000000e+00
      vertex   6.850000e+01 -1.488675e+01 1.000000e+00
      vertex   6.900000e+01 -1.555662e+01 1.000000e+00
    endloop
  endfacet
  facet normal 0.000000e+00 0.000000e+00 1.000000e+00
    outer loop
      vertex   6.900000e+01 -1.555662e+01 1.000000e+00
      vertex   6.850000e+01 -1.488675e+01 1.000000e+00
      vertex   6.800000e+01 -1.555662e+01 1.000000e+00
    endloop
  endfacet
  facet normal 0.000000e+00 0.000000e+00 1.000000e+00
    outer loop
      vertex   6.900000e+01 -1.555662e+01 1.000000e+00
      vertex   6.800000e+01 -1.555662e+01 1.000000e+00
      vertex   6.900000e+01 -1.844338e+01 1.000000e+00
    endloop
  endfacet
  facet normal 0.000000e+00 0.000000e+00 1.000000e+00
    outer loop
      vertex   6.900000e+01 -1.844338e+01 1.000000e+00
      vertex   6.800000e+01 -1.555662e+01 1.000000e+00
      vertex   6.800000e+01 -1.844338e+01 1.000000e+00
    endloop
  endfacet
  facet normal 0.000000e+00 0.000000e+00 1.000000e+00
    outer loop
      vertex   6.900000e+01 -1.844338e+01 1.000000e+00
      vertex   6.800000e+01 -1.844338e+01 1.000000e+00
      vertex   6.850000e+01 -1.911325e+01 1.000000e+00
    endloop
  endfacet
  facet normal 0.000000e+00 0.000000e+00 1.000000e+00
    outer loop
      vertex   6.850000e+01 -1.911325e+01 1.000000e+00
      vertex   6.800000e+01 -1.844338e+01 1.000000e+00
      vertex   6.550000e+01 -1.988675e+01 1.000000e+00
    endloop
  endfacet
  facet normal 0.000000e+00 0.000000e+00 1.000000e+00
    outer loop
      vertex   6.850000e+01 -1.911325e+01 1.000000e+00
      vertex   6.550000e+01 -1.988675e+01 1.000000e+00
      vertex   6.600000e+01 -2.055662e+01 1.000000e+00
    endloop
  endfacet
  facet normal 0.000000e+00 0.000000e+00 1.000000e+00
    outer loop
      vertex   6.600000e+01 -2.055662e+01 1.000000e+00
      vertex   6.550000e+01 -1.988675e+01 1.000000e+00
      vertex   6.500000e+01 -2.055662e+01 1.000000e+00
    endloop
  endfacet
  facet normal 0.000000e+00 0.000000e+00 1.000000e+00
    outer loop
      vertex   6.600000e+01 -2.055662e+01 1.000000e+00
      vertex   6.500000e+01 -2.055662e+01 1.000000e+00
      vertex   6.600000e+01 -2.344338e+01 1.000000e+00
    endloop
  endfacet
  facet normal 0.000000e+00 0.000000e+00 1.000000e+00
    outer loop
      vertex   6.600000e+01 -2.344338e+01 1.000000e+00
      vertex   6.500000e+01 -2.055662e+01 1.000000e+00
      vertex   6.500000e+01 -2.344338e+01 1.000000e+00
    endloop
  endfacet
  facet normal 0.000000e+00 0.000000e+00 1.000000e+00
    outer loop
      vertex   6.600000e+01 -2.344338e+01 1.000000e+00
      vertex   6.500000e+01 -2.344338e+01 1.000000e+00
      vertex   6.550000e+01 -2.411325e+01 1.000000e+00
    endloop
  endfacet
  facet normal 0.000000e+00 0.000000e+00 1.000000e+00
    outer loop
      vertex   6.550000e+01 -2.411325e+01 1.000000e+00
      vertex   6.500000e+01 -2.344338e+01 1.000000e+00
      vertex   6.250000e+01 -2.488675e+01 1.000000e+00
    endloop
  endfacet
  facet normal 0.000000e+00 0.000000e+00 1.000000e+00
    outer loop
      vertex   6.550000e+01 -2.411325e+01 1.000000e+00
      vertex   6.250000e+01 -2.488675e+01 1.000000e+00
      vertex   6.300000e+01 -2.555662e+01 1.000000e+00
    endloop
  endfacet
  facet normal 0.000000e+00 0.000000e+00 1.000000e+00
    outer loop
      vertex   6.300000e+01 -2.555662e+01 1.000000e+00
      vertex   6.250000e+01 -2.488675e+01 1.000000e+00
      vertex   6.200000e+01 -2.555662e+01 1.000000e+00
    endloop
  endfacet
  facet normal 0.000000e+00 0.000000e+00 1.000000e+00
    outer loop
      vertex   6.300000e+01 -2.555662e+01 1.000000e+00
      vertex   6.200000e+01 -2.555662e+01 1.000000e+00
      vertex   6.300000e+01 -2.844338e+01 1.000000e+00
    endloop
  endfacet
  facet normal 0.000000e+00 0.000000e+00 1.000000e+00
    outer loop
      vertex   6.300000e+01 -2.844338e+01 1.000000e+00
      vertex   6.200000e+01 -2.555662e+01 1.000000e+00
      vertex   6.200000e+01 -2.844338e+01 1.000000e+00
    endloop
  endfacet
  facet normal 0.000000e+00 0.000000e+00 1.000000e+00
    outer loop
      vertex   6.300000e+01 -2.844338e+01 1.000000e+00
      vertex   6.200000e+01 -2.844338e+01 1.000000e+00
      vertex   6.550000e+01 -2.988675e+01 1.000000e+00
    endloop
  endfacet
  facet normal 0.000000e+00 0.000000e+00 1.000000e+00
    outer loop
      vertex   6.550000e+01 -2.988675e+01 1.000000e+00
      vertex   6.200000e+01 -2.844338e+01 1.000000e+00
      vertex   5.950000e+01 -2.988675e+01 1.000000e+00
    endloop
  endfacet
  facet normal 0.000000e+00 0.000000e+00 1.000000e+00
    outer loop
      vertex   6.550000e+01 -2.988675e+01 1.000000e+00
      vertex   5.950000e+01 -2.988675e+01 1.000000e+00
      vertex   4.987298e+01 -3.200000e+01 1.000000e+00
    endloop
  endfacet
  facet normal 0.000000e+00 0.000000e+00 1.000000e+00
    outer loop
      vertex   4.987298e+01 -3.200000e+01 1.000000e+00
      vertex   5.950000e+01 -2.988675e+01 1.000000e+00
      vertex   5.700000e+01 -2.844338e+01 1.000000e+00
    endloop
  endfacet
  facet normal 0.000000e+00 -0.000000e+00 1.000000e+00
    outer loop
      vertex   4.987298e+01 -3.200000e+01 1.000000e+00
      vertex   5.700000e+01 -2.844338e+01 1.000000e+00
      vertex   4.974599e+01 -3.159730e+01 1.000000e+00
    endloop
  endfacet
  facet normal 0.000000e+00 -0.000000e+00 1.000000e+00
    outer loop
      vertex   4.974599e+01 -3.159730e+01 1.000000e+00
      vertex   5.700000e+01 -2.844338e+01 1.000000e+00
      vertex   4.957725e+01 -3.121022e+01 1.000000e+00
    endloop
  endfacet
  facet normal 0.000000e+00 -0.000000e+00 1.000000e+00
    outer loop
      vertex   4.957725e+01 -3.121022e+01 1.000000e+00
      vertex   5.700000e+01 -2.844338e+01 1.000000e+00
      vertex   4.936864e+01 -3.084309e+01 1.000000e+00
    endloop
  endfacet
  facet normal 0.000000e+00 -0.000000e+00 1.000000e+00
    outer loop
      vertex   4.936864e+01 -3.084309e+01 1.000000e+00
      vertex   5.700000e+01 -2.844338e+01 1.000000e+00
      vertex   4.912250e+01 -3.050000e+01 1.000000e+00
    endloop
  endfacet
  facet normal 0.000000e+00 0.000000e+00 1.000000e+00
    outer loop
      vertex   4.912250e+01 -3.050000e+01 1.000000e+00
      vertex   5.700000e+01 -2.844338e+01 1.000000e+00
      vertex   5.050000e+01 -2.488675e+01 1.000000e+00
    endloop
  endfacet
  facet normal 0.000000e+00 -0.000000e+00 1.000000e+00
    outer loop
      vertex   4.912250e+01 -3.050000e+01 1.000000e+00
      vertex   5.050000e+01 -2.488675e+01 1.000000e+00
      vertex   4.700000e+01 -3.050000e+01 1.000000e+00
    endloop
  endfacet
  facet normal 0.000000e+00 0.000000e+00 1.000000e+00
    outer loop
      vertex   4.700000e+01 -3.050000e+01 1.000000e+00
      vertex   5.050000e+01 -2.488675e+01 1.000000e+00
      vertex   4.800000e+01 -2.344338e+01 1.000000e+00
    endloop
  endfacet
  facet normal 0.000000e+00 0.000000e+00 1.000000e+00
    outer loop
      vertex   4.700000e+01 -3.050000e+01 1.000000e+00
      vertex   4.800000e+01 -2.344338e+01 1.000000e+00
      vertex   4.800000e+01 -2.055662e+01 1.000000e+00
    endloop
  endfacet
  facet normal 0.000000e+00 -0.000000e+00 1.000000e+00
    outer loop
      vertex   7.400000e+01 -1.555662e+01 1.000000e+00
      vertex   7.450000e+01 -1.488675e+01 1.000000e+00
      vertex   7.150000e+01 -1.411325e+01 1.000000e+00
    endloop
  endfacet
  facet normal -0.000000e+00 0.000000e+00 1.000000e+00
    outer loop
      vertex   7.150000e+01 -1.411325e+01 1.000000e+00
      vertex   7.450000e+01 -1.488675e+01 1.000000e+00
      vertex   7.200000e+01 -1.344338e+01 1.000000e+00
    endloop
  endfacet
  facet normal 0.000000e+00 -0.000000e+00 1.000000e+00
    outer loop
      vertex   7.150000e+01 -1.411325e+01 1.000000e+00
      vertex   7.200000e+01 -1.344338e+01 1.000000e+00
      vertex   7.100000e+01 -1.344338e+01 1.000000e+00
    endloop
  endfacet
  facet normal 0.000000e+00 0.000000e+00 1.000000e+00
    outer loop
      vertex   7.100000e+01 -1.344338e+01 1.000000e+00
      vertex   7.200000e+01 -1.344338e+01 1.000000e+00
      vertex   7.100000e+01 -1.055662e+01 1.000000e+00
    endloop
  endfacet
  facet normal -0.000000e+00 0.000000e+00 1.000000e+00
    outer loop
      vertex   7.100000e+01 -1.055662e+01 1.000000e+00
      vertex   7.200000e+01 -1.344338e+01 1.000000e+00
      vertex   7.200000e+01 -1.055662e+01 1.000000e+00
    endloop
  endfacet
  facet normal 0.000000e+00 0.000000e+00 1.000000e+00
    outer loop
      vertex   7.100000e+01 -1.055662e+01 1.000000e+00
      vertex   7.200000e+01 -1.055662e+01 1.000000e+00
      vertex   7.150000e+01 -9.886751e+00 1.000000e+00
    endloop
  endfacet
  facet normal -0.000000e+00 0.000000e+00 1.000000e+00
    outer loop
      vertex   7.150000e+01 -9.886751e+00 1.000000e+00
      vertex   7.200000e+01 -1.055662e+01 1.000000e+00
      vertex   7.450000e+01 -9.113249e+00 1.000000e+00
    endloop
  endfacet
  facet normal 0.000000e+00 0.000000e+00 1.000000e+00
    outer loop
      vertex   7.150000e+01 -9.886751e+00 1.000000e+00
      vertex   7.450000e+01 -9.113249e+00 1.000000e+00
      vertex   7.400000e+01 -8.443376e+00 1.000000e+00
    endloop
  endfacet
  facet normal -0.000000e+00 0.000000e+00 1.000000e+00
    outer loop
      vertex   7.400000e+01 -8.443376e+00 1.000000e+00
      vertex   7.450000e+01 -9.113249e+00 1.000000e+00
      vertex   7.500000e+01 -8.443376e+00 1.000000e+00
    endloop
  endfacet
  facet normal 0.000000e+00 0.000000e+00 1.000000e+00
    outer loop
      vertex   7.400000e+01 -8.443376e+00 1.000000e+00
      vertex   7.500000e+01 -8.443376e+00 1.000000e+00
      vertex   7.400000e+01 -5.556624e+00 1.000000e+00
    endloop
  endfacet
  facet normal -0.000000e+00 0.000000e+00 1.000000e+00
    outer loop
      vertex   7.400000e+01 -5.556624e+00 1.000000e+00
      vertex   7.500000e+01 -8.443376e+00 1.000000e+00
      vertex   7.500000e+01 -5.556624e+00 1.000000e+00
    endloop
  endfacet
  facet normal 0.000000e+00 -0.000000e+00 1.000000e+00
    outer loop
      vertex   7.400000e+01 -5.556624e+00 1.000000e+00
      vertex   7.500000e+01 -5.556624e+00 1.000000e+00
      vertex   7.150000e+01 -4.113249e+00 1.000000e+00
    endloop
  endfacet
  facet normal -0.000000e+00 0.000000e+00 1.000000e+00
    outer loop
      vertex   7.150000e+01 -4.113249e+00 1.000000e+00
      vertex   7.500000e+01 -5.556624e+00 1.000000e+00
      vertex   7.750000e+01 -4.113249e+00 1.000000e+00
    endloop
  endfacet
  facet normal 0.000000e+00 0.000000e+00 1.000000e+00
    outer loop
      vertex   7.150000e+01 -4.113249e+00 1.000000e+00
      vertex   7.750000e+01 -4.113249e+00 1.000000e+00
      vertex   8.500000e+01 -2.000000e+00 1.000000e+00
    endloop
  endfacet
  facet normal 0.000000e+00 0.000000e+00 1.000000e+00
    outer loop
      vertex   8.500000e+01 -2.000000e+00 1.000000e+00
      vertex   7.750000e+01 -4.113249e+00 1.000000e+00
      vertex   8.000000e+01 -5.556624e+00 1.000000e+00
    endloop
  endfacet
  facet normal 0.000000e+00 0.000000e+00 1.000000e+00
    outer loop
      vertex   8.500000e+01 -2.000000e+00 1.000000e+00
      vertex   8.000000e+01 -5.556624e+00 1.000000e+00
      vertex   8.050000e+01 -9.113249e+00 1.000000e+00
    endloop
  endfacet
  facet normal 0.000000e+00 0.000000e+00 1.000000e+00
    outer loop
      vertex   8.050000e+01 -9.113249e+00 1.000000e+00
      vertex   8.000000e+01 -5.556624e+00 1.000000e+00
      vertex   8.000000e+01 -8.443376e+00 1.000000e+00
    endloop
  endfacet
  facet normal 0.000000e+00 0.000000e+00 1.000000e+00
    outer loop
      vertex   8.050000e+01 -9.113249e+00 1.000000e+00
      vertex   8.000000e+01 -8.443376e+00 1.000000e+00
      vertex   7.750000e+01 -9.886751e+00 1.000000e+00
    endloop
  endfacet
  facet normal 0.000000e+00 0.000000e+00 1.000000e+00
    outer loop
      vertex   7.400000e+01 -1.844338e+01 1.000000e+00
      vertex   7.500000e+01 -1.844338e+01 1.000000e+00
      vertex   7.400000e+01 -1.555662e+01 1.000000e+00
    endloop
  endfacet
  facet normal -0.000000e+00 0.000000e+00 1.000000e+00
    outer loop
      vertex   7.400000e+01 -1.555662e+01 1.000000e+00
      vertex   7.500000e+01 -1.844338e+01 1.000000e+00
      vertex   7.500000e+01 -1.555662e+01 1.000000e+00
    endloop
  endfacet
  facet normal 0.000000e+00 0.000000e+00 1.000000e+00
    outer loop
      vertex   7.400000e+01 -1.555662e+01 1.000000e+00
      vertex   7.500000e+01 -1.555662e+01 1.000000e+00
      vertex   7.450000e+01 -1.488675e+01 1.000000e+00
    endloop
  endfacet
  facet normal -0.000000e+00 0.000000e+00 1.000000e+00
    outer loop
      vertex   7.450000e+01 -1.488675e+01 1.000000e+00
      vertex   7.500000e+01 -1.555662e+01 1.000000e+00
      vertex   7.750000e+01 -1.411325e+01 1.000000e+00
    endloop
  endfacet
  facet normal 0.000000e+00 0.000000e+00 1.000000e+00
    outer loop
      vertex   7.450000e+01 -1.488675e+01 1.000000e+00
      vertex   7.750000e+01 -1.411325e+01 1.000000e+00
      vertex   7.700000e+01 -1.344338e+01 1.000000e+00
    endloop
  endfacet
  facet normal 0.000000e+00 0.000000e+00 1.000000e+00
    outer loop
      vertex   7.700000e+01 -1.344338e+01 1.000000e+00
      vertex   7.750000e+01 -1.411325e+01 1.000000e+00
      vertex   7.800000e+01 -1.344338e+01 1.000000e+00
    endloop
  endfacet
  facet normal -0.000000e+00 0.000000e+00 1.000000e+00
    outer loop
      vertex   7.700000e+01 -1.344338e+01 1.000000e+00
      vertex   7.800000e+01 -1.344338e+01 1.000000e+00
      vertex   7.800000e+01 -1.055662e+01 1.000000e+00
    endloop
  endfacet
  facet normal 0.000000e+00 0.000000e+00 1.000000e+00
    outer loop
      vertex   7.500000e+01 -1.844338e+01 1.000000e+00
      vertex   7.400000e+01 -1.844338e+01 1.000000e+00
      vertex   7.450000e+01 -1.911325e+01 1.000000e+00
    endloop
  endfacet
  facet normal 0.000000e+00 0.000000e+00 1.000000e+00
    outer loop
      vertex   7.450000e+01 -1.911325e+01 1.000000e+00
      vertex   7.400000e+01 -1.844338e+01 1.000000e+00
      vertex   7.150000e+01 -1.988675e+01 1.000000e+00
    endloop
  endfacet
  facet normal 0.000000e+00 0.000000e+00 1.000000e+00
    outer loop
      vertex   7.450000e+01 -1.911325e+01 1.000000e+00
      vertex   7.150000e+01 -1.988675e+01 1.000000e+00
      vertex   7.200000e+01 -2.055662e+01 1.000000e+00
    endloop
  endfacet
  facet normal 0.000000e+00 0.000000e+00 1.000000e+00
    outer loop
      vertex   7.200000e+01 -2.055662e+01 1.000000e+00
      vertex   7.150000e+01 -1.988675e+01 1.000000e+00
      vertex   7.100000e+01 -2.055662e+01 1.000000e+00
    endloop
  endfacet
  facet normal 0.000000e+00 0.000000e+00 1.000000e+00
    outer loop
      vertex   7.200000e+01 -2.055662e+01 1.000000e+00
      vertex   7.100000e+01 -2.055662e+01 1.000000e+00
      vertex   7.200000e+01 -2.344338e+01 1.000000e+00
    endloop
  endfacet
  facet normal 0.000000e+00 0.000000e+00 1.000000e+00
    outer loop
      vertex   7.200000e+01 -2.344338e+01 1.000000e+00
      vertex   7.100000e+01 -2.055662e+01 1.000000e+00
      vertex   7.100000e+01 -2.344338e+01 1.000000e+00
    endloop
  endfacet
  facet normal 0.000000e+00 0.000000e+00 1.000000e+00
    outer loop
      vertex   7.200000e+01 -2.344338e+01 1.000000e+00
      vertex   7.100000e+01 -2.344338e+01 1.000000e+00
      vertex   7.150000e+01 -2.411325e+01 1.000000e+00
    endloop
  endfacet
  facet normal 0.000000e+00 0.000000e+00 1.000000e+00
    outer loop
      vertex   7.150000e+01 -2.411325e+01 1.000000e+00
      vertex   7.100000e+01 -2.344338e+01 1.000000e+00
      vertex   6.850000e+01 -2.488675e+01 1.000000e+00
    endloop
  endfacet
  facet normal 0.000000e+00 0.000000e+00 1.000000e+00
    outer loop
      vertex   7.150000e+01 -2.411325e+01 1.000000e+00
      vertex   6.850000e+01 -2.488675e+01 1.000000e+00
      vertex   6.900000e+01 -2.555662e+01 1.000000e+00
    endloop
  endfacet
  facet normal 0.000000e+00 0.000000e+00 1.000000e+00
    outer loop
      vertex   6.900000e+01 -2.555662e+01 1.000000e+00
      vertex   6.850000e+01 -2.488675e+01 1.000000e+00
      vertex   6.800000e+01 -2.555662e+01 1.000000e+00
    endloop
  endfacet
  facet normal 0.000000e+00 0.000000e+00 1.000000e+00
    outer loop
      vertex   6.900000e+01 -2.555662e+01 1.000000e+00
      vertex   6.800000e+01 -2.555662e+01 1.000000e+00
      vertex   6.900000e+01 -2.844338e+01 1.000000e+00
    endloop
  endfacet
  facet normal 0.000000e+00 0.000000e+00 1.000000e+00
    outer loop
      vertex   6.900000e+01 -2.844338e+01 1.000000e+00
      vertex   6.800000e+01 -2.555662e+01 1.000000e+00
      vertex   6.800000e+01 -2.844338e+01 1.000000e+00
    endloop
  endfacet
  facet normal 0.000000e+00 0.000000e+00 1.000000e+00
    outer loop
      vertex   6.900000e+01 -2.844338e+01 1.000000e+00
      vertex   6.800000e+01 -2.844338e+01 1.000000e+00
      vertex   7.150000e+01 -2.988675e+01 1.000000e+00
    endloop
  endfacet
  facet normal 0.000000e+00 0.000000e+00 1.000000e+00
    outer loop
      vertex   7.150000e+01 -2.988675e+01 1.000000e+00
      vertex   6.800000e+01 -2.844338e+01 1.000000e+00
      vertex   6.550000e+01 -2.988675e+01 1.000000e+00
    endloop
  endfacet
  facet normal 0.000000e+00 0.000000e+00 1.000000e+00
    outer loop
      vertex   7.150000e+01 -2.988675e+01 1.000000e+00
      vertex   6.550000e+01 -2.988675e+01 1.000000e+00
      vertex   8.500000e+01 -3.200000e+01 1.000000e+00
    endloop
  endfacet
  facet normal 0.000000e+00 0.000000e+00 1.000000e+00
    outer loop
      vertex   8.500000e+01 -3.200000e+01 1.000000e+00
      vertex   6.550000e+01 -2.988675e+01 1.000000e+00
      vertex   4.987298e+01 -3.200000e+01 1.000000e+00
    endloop
  endfacet
  facet normal 0.000000e+00 -0.000000e+00 1.000000e+00
    outer loop
      vertex   7.100000e+01 -2.055662e+01 1.000000e+00
      vertex   7.150000e+01 -1.988675e+01 1.000000e+00
      vertex   6.850000e+01 -1.911325e+01 1.000000e+00
    endloop
  endfacet
  facet normal -0.000000e+00 0.000000e+00 1.000000e+00
    outer loop
      vertex   6.850000e+01 -1.911325e+01 1.000000e+00
      vertex   7.150000e+01 -1.988675e+01 1.000000e+00
      vertex   6.900000e+01 -1.844338e+01 1.000000e+00
    endloop
  endfacet
  facet normal 0.000000e+00 0.000000e+00 1.000000e+00
    outer loop
      vertex   7.450000e+01 -2.488675e+01 1.000000e+00
      vertex   7.750000e+01 -2.411325e+01 1.000000e+00
      vertex   7.700000e+01 -2.344338e+01 1.000000e+00
    endloop
  endfacet
  facet normal 0.000000e+00 0.000000e+00 1.000000e+00
    outer loop
      vertex   7.700000e+01 -2.344338e+01 1.000000e+00
      vertex   7.750000e+01 -2.411325e+01 1.000000e+00
      vertex   7.800000e+01 -2.344338e+01 1.000000e+00
    endloop
  endfacet
  facet normal -0.000000e+00 0.000000e+00 1.000000e+00
    outer loop
      vertex   7.700000e+01 -2.344338e+01 1.000000e+00
      vertex   7.800000e+01 -2.344338e+01 1.000000e+00
      vertex   7.800000e+01 -2.055662e+01 1.000000e+00
    endloop
  endfacet
  facet normal 0.000000e+00 0.000000e+00 1.000000e+00
    outer loop
      vertex   7.200000e+01 -2.344338e+01 1.000000e+00
      vertex   7.150000e+01 -2.411325e+01 1.000000e+00
      vertex   7.450000e+01 -2.488675e+01 1.000000e+00
    endloop
  endfacet
  facet normal 0.000000e+00 0.000000e+00 1.000000e+00
    outer loop
      vertex   7.450000e+01 -2.488675e+01 1.000000e+00
      vertex   7.150000e+01 -2.411325e+01 1.000000e+00
      vertex   7.400000e+01 -2.555662e+01 1.000000e+00
    endloop
  endfacet
  facet normal 0.000000e+00 0.000000e+00 1.000000e+00
    outer loop
      vertex   7.450000e+01 -2.488675e+01 1.000000e+00
      vertex   7.400000e+01 -2.555662e+01 1.000000e+00
      vertex   7.500000e+01 -2.555662e+01 1.000000e+00
    endloop
  endfacet
  facet normal 0.000000e+00 0.000000e+00 1.000000e+00
    outer loop
      vertex   7.500000e+01 -2.555662e+01 1.000000e+00
      vertex   7.400000e+01 -2.555662e+01 1.000000e+00
      vertex   7.500000e+01 -2.844338e+01 1.000000e+00
    endloop
  endfacet
  facet normal 0.000000e+00 0.000000e+00 1.000000e+00
    outer loop
      vertex   7.500000e+01 -2.844338e+01 1.000000e+00
      vertex   7.400000e+01 -2.555662e+01 1.000000e+00
      vertex   7.400000e+01 -2.844338e+01 1.000000e+00
    endloop
  endfacet
  facet normal 0.000000e+00 0.000000e+00 1.000000e+00
    outer loop
      vertex   7.500000e+01 -2.844338e+01 1.000000e+00
      vertex   7.400000e+01 -2.844338e+01 1.000000e+00
      vertex   7.750000e+01 -2.988675e+01 1.000000e+00
    endloop
  endfacet
  facet normal 0.000000e+00 0.000000e+00 1.000000e+00
    outer loop
      vertex   7.750000e+01 -2.988675e+01 1.000000e+00
      vertex   7.400000e+01 -2.844338e+01 1.000000e+00
      vertex   7.150000e+01 -2.988675e+01 1.000000e+00
    endloop
  endfacet
  facet normal 0.000000e+00 0.000000e+00 1.000000e+00
    outer loop
      vertex   7.750000e+01 -2.988675e+01 1.000000e+00
      vertex   7.150000e+01 -2.988675e+01 1.000000e+00
      vertex   8.500000e+01 -3.200000e+01 1.000000e+00
    endloop
  endfacet
  facet normal 0.000000e+00 0.000000e+00 1.000000e+00
    outer loop
      vertex   7.500000e+01 -1.844338e+01 1.000000e+00
      vertex   7.450000e+01 -1.911325e+01 1.000000e+00
      vertex   7.750000e+01 -1.988675e+01 1.000000e+00
    endloop
  endfacet
  facet normal 0.000000e+00 0.000000e+00 1.000000e+00
    outer loop
      vertex   7.750000e+01 -1.988675e+01 1.000000e+00
      vertex   7.450000e+01 -1.911325e+01 1.000000e+00
      vertex   7.700000e+01 -2.055662e+01 1.000000e+00
    endloop
  endfacet
  facet normal 0.000000e+00 0.000000e+00 1.000000e+00
    outer loop
      vertex   7.750000e+01 -1.988675e+01 1.000000e+00
      vertex   7.700000e+01 -2.055662e+01 1.000000e+00
      vertex   7.800000e+01 -2.055662e+01 1.000000e+00
    endloop
  endfacet
  facet normal 0.000000e+00 0.000000e+00 1.000000e+00
    outer loop
      vertex   7.800000e+01 -2.055662e+01 1.000000e+00
      vertex   7.700000e+01 -2.055662e+01 1.000000e+00
      vertex   7.700000e+01 -2.344338e+01 1.000000e+00
    endloop
  endfacet
  facet normal 0.000000e+00 -0.000000e+00 1.000000e+00
    outer loop
      vertex   4.800000e+01 -1.344338e+01 1.000000e+00
      vertex   4.800000e+01 -1.055662e+01 1.000000e+00
      vertex   4.700000e+01 -4.872983e+00 1.000000e+00
    endloop
  endfacet
  facet normal 0.000000e+00 0.000000e+00 1.000000e+00
    outer loop
      vertex   4.700000e+01 -4.872983e+00 1.000000e+00
      vertex   4.800000e+01 -1.055662e+01 1.000000e+00
      vertex   5.050000e+01 -9.113249e+00 1.000000e+00
    endloop
  endfacet
  facet normal 0.000000e+00 0.000000e+00 1.000000e+00
    outer loop
      vertex   4.700000e+01 -4.872983e+00 1.000000e+00
      vertex   5.050000e+01 -9.113249e+00 1.000000e+00
      vertex   5.100000e+01 -8.443376e+00 1.000000e+00
    endloop
  endfacet
  facet normal 0.000000e+00 0.000000e+00 1.000000e+00
    outer loop
      vertex   5.100000e+01 -8.443376e+00 1.000000e+00
      vertex   5.050000e+01 -9.113249e+00 1.000000e+00
      vertex   5.350000e+01 -9.886751e+00 1.000000e+00
    endloop
  endfacet
  facet normal 0.000000e+00 0.000000e+00 1.000000e+00
    outer loop
      vertex   5.350000e+01 -9.886751e+00 1.000000e+00
      vertex   5.050000e+01 -9.113249e+00 1.000000e+00
      vertex   5.300000e+01 -1.055662e+01 1.000000e+00
    endloop
  endfacet
  facet normal 0.000000e+00 0.000000e+00 1.000000e+00
    outer loop
      vertex   5.350000e+01 -9.886751e+00 1.000000e+00
      vertex   5.300000e+01 -1.055662e+01 1.000000e+00
      vertex   5.400000e+01 -1.055662e+01 1.000000e+00
    endloop
  endfacet
  facet normal 0.000000e+00 0.000000e+00 1.000000e+00
    outer loop
      vertex   5.400000e+01 -1.055662e+01 1.000000e+00
      vertex   5.300000e+01 -1.055662e+01 1.000000e+00
      vertex   5.400000e+01 -1.344338e+01 1.000000e+00
    endloop
  endfacet
  facet normal 0.000000e+00 0.000000e+00 1.000000e+00
    outer loop
      vertex   5.400000e+01 -1.344338e+01 1.000000e+00
      vertex   5.300000e+01 -1.055662e+01 1.000000e+00
      vertex   5.300000e+01 -1.344338e+01 1.000000e+00
    endloop
  endfacet
  facet normal 0.000000e+00 0.000000e+00 1.000000e+00
    outer loop
      vertex   5.400000e+01 -1.344338e+01 1.000000e+00
      vertex   5.300000e+01 -1.344338e+01 1.000000e+00
      vertex   5.350000e+01 -1.411325e+01 1.000000e+00
    endloop
  endfacet
  facet normal 0.000000e+00 0.000000e+00 1.000000e+00
    outer loop
      vertex   5.350000e+01 -1.411325e+01 1.000000e+00
      vertex   5.300000e+01 -1.344338e+01 1.000000e+00
      vertex   5.050000e+01 -1.488675e+01 1.000000e+00
    endloop
  endfacet
  facet normal 0.000000e+00 0.000000e+00 1.000000e+00
    outer loop
      vertex   5.350000e+01 -1.411325e+01 1.000000e+00
      vertex   5.050000e+01 -1.488675e+01 1.000000e+00
      vertex   5.100000e+01 -1.555662e+01 1.000000e+00
    endloop
  endfacet
  facet normal 0.000000e+00 0.000000e+00 1.000000e+00
    outer loop
      vertex   5.100000e+01 -1.555662e+01 1.000000e+00
      vertex   5.050000e+01 -1.488675e+01 1.000000e+00
      vertex   5.050000e+01 -1.911325e+01 1.000000e+00
    endloop
  endfacet
  facet normal 0.000000e+00 0.000000e+00 1.000000e+00
    outer loop
      vertex   5.100000e+01 -1.555662e+01 1.000000e+00
      vertex   5.050000e+01 -1.911325e+01 1.000000e+00
      vertex   5.100000e+01 -1.844338e+01 1.000000e+00
    endloop
  endfacet
  facet normal 0.000000e+00 0.000000e+00 1.000000e+00
    outer loop
      vertex   5.100000e+01 -1.844338e+01 1.000000e+00
      vertex   5.050000e+01 -1.911325e+01 1.000000e+00
      vertex   5.350000e+01 -1.988675e+01 1.000000e+00
    endloop
  endfacet
  facet normal 0.000000e+00 0.000000e+00 1.000000e+00
    outer loop
      vertex   5.350000e+01 -1.988675e+01 1.000000e+00
      vertex   5.050000e+01 -1.911325e+01 1.000000e+00
      vertex   5.300000e+01 -2.055662e+01 1.000000e+00
    endloop
  endfacet
  facet normal 0.000000e+00 0.000000e+00 1.000000e+00
    outer loop
      vertex   5.350000e+01 -1.988675e+01 1.000000e+00
      vertex   5.300000e+01 -2.055662e+01 1.000000e+00
      vertex   5.400000e+01 -2.055662e+01 1.000000e+00
    endloop
  endfacet
  facet normal 0.000000e+00 0.000000e+00 1.000000e+00
    outer loop
      vertex   5.400000e+01 -2.055662e+01 1.000000e+00
      vertex   5.300000e+01 -2.055662e+01 1.000000e+00
      vertex   5.400000e+01 -2.344338e+01 1.000000e+00
    endloop
  endfacet
  facet normal 0.000000e+00 0.000000e+00 1.000000e+00
    outer loop
      vertex   5.400000e+01 -2.344338e+01 1.000000e+00
      vertex   5.300000e+01 -2.055662e+01 1.000000e+00
      vertex   5.300000e+01 -2.344338e+01 1.000000e+00
    endloop
  endfacet
  facet normal 0.000000e+00 0.000000e+00 1.000000e+00
    outer loop
      vertex   5.400000e+01 -2.344338e+01 1.000000e+00
      vertex   5.300000e+01 -2.344338e+01 1.000000e+00
      vertex   5.650000e+01 -2.488675e+01 1.000000e+00
    endloop
  endfacet
  facet normal 0.000000e+00 0.000000e+00 1.000000e+00
    outer loop
      vertex   5.650000e+01 -2.488675e+01 1.000000e+00
      vertex   5.300000e+01 -2.344338e+01 1.000000e+00
      vertex   5.050000e+01 -2.488675e+01 1.000000e+00
    endloop
  endfacet
  facet normal 0.000000e+00 0.000000e+00 1.000000e+00
    outer loop
      vertex   5.650000e+01 -2.488675e+01 1.000000e+00
      vertex   5.050000e+01 -2.488675e+01 1.000000e+00
      vertex   5.700000e+01 -2.555662e+01 1.000000e+00
    endloop
  endfacet
  facet normal 0.000000e+00 0.000000e+00 1.000000e+00
    outer loop
      vertex   5.700000e+01 -2.555662e+01 1.000000e+00
      vertex   5.050000e+01 -2.488675e+01 1.000000e+00
      vertex   5.700000e+01 -2.844338e+01 1.000000e+00
    endloop
  endfacet
  facet normal 0.000000e+00 -0.000000e+00 1.000000e+00
    outer loop
      vertex   5.050000e+01 -1.911325e+01 1.000000e+00
      vertex   5.050000e+01 -1.488675e+01 1.000000e+00
      vertex   4.800000e+01 -2.055662e+01 1.000000e+00
    endloop
  endfacet
  facet normal 0.000000e+00 0.000000e+00 1.000000e+00
    outer loop
      vertex   4.800000e+01 -2.055662e+01 1.000000e+00
      vertex   5.050000e+01 -1.488675e+01 1.000000e+00
      vertex   4.800000e+01 -1.344338e+01 1.000000e+00
    endloop
  endfacet
  facet normal 0.000000e+00 -0.000000e+00 1.000000e+00
    outer loop
      vertex   4.800000e+01 -2.055662e+01 1.000000e+00
      vertex   4.800000e+01 -1.344338e+01 1.000000e+00
      vertex   4.700000e+01 -4.872983e+00 1.000000e+00
    endloop
  endfacet
  facet normal 0.000000e+00 -0.000000e+00 1.000000e+00
    outer loop
      vertex   5.400000e+01 -2.055662e+01 1.000000e+00
      vertex   5.650000e+01 -1.911325e+01 1.000000e+00
      vertex   5.350000e+01 -1.988675e+01 1.000000e+00
    endloop
  endfacet
  facet normal 0.000000e+00 0.000000e+00 1.000000e+00
    outer loop
      vertex   5.350000e+01 -1.988675e+01 1.000000e+00
      vertex   5.650000e+01 -1.911325e+01 1.000000e+00
      vertex   5.600000e+01 -1.844338e+01 1.000000e+00
    endloop
  endfacet
  facet normal -0.000000e+00 0.000000e+00 1.000000e+00
    outer loop
      vertex   5.600000e+01 -1.844338e+01 1.000000e+00
      vertex   5.650000e+01 -1.911325e+01 1.000000e+00
      vertex   5.700000e+01 -1.844338e+01 1.000000e+00
    endloop
  endfacet
  facet normal 0.000000e+00 0.000000e+00 1.000000e+00
    outer loop
      vertex   5.600000e+01 -1.844338e+01 1.000000e+00
      vertex   5.700000e+01 -1.844338e+01 1.000000e+00
      vertex   5.600000e+01 -1.555662e+01 1.000000e+00
    endloop
  endfacet
  facet normal -0.000000e+00 0.000000e+00 1.000000e+00
    outer loop
      vertex   5.600000e+01 -1.555662e+01 1.000000e+00
      vertex   5.700000e+01 -1.844338e+01 1.000000e+00
      vertex   5.700000e+01 -1.555662e+01 1.000000e+00
    endloop
  endfacet
  facet normal 0.000000e+00 0.000000e+00 1.000000e+00
    outer loop
      vertex   5.600000e+01 -1.555662e+01 1.000000e+00
      vertex   5.700000e+01 -1.555662e+01 1.000000e+00
      vertex   5.650000e+01 -1.488675e+01 1.000000e+00
    endloop
  endfacet
  facet normal -0.000000e+00 0.000000e+00 1.000000e+00
    outer loop
      vertex   5.650000e+01 -1.488675e+01 1.000000e+00
      vertex   5.700000e+01 -1.555662e+01 1.000000e+00
      vertex   5.950000e+01 -1.411325e+01 1.000000e+00
    endloop
  endfacet
  facet normal 0.000000e+00 0.000000e+00 1.000000e+00
    outer loop
      vertex   5.650000e+01 -1.488675e+01 1.000000e+00
      vertex   5.950000e+01 -1.411325e+01 1.000000e+00
      vertex   5.900000e+01 -1.344338e+01 1.000000e+00
    endloop
  endfacet
  facet normal -0.000000e+00 0.000000e+00 1.000000e+00
    outer loop
      vertex   5.900000e+01 -1.344338e+01 1.000000e+00
      vertex   5.950000e+01 -1.411325e+01 1.000000e+00
      vertex   6.000000e+01 -1.344338e+01 1.000000e+00
    endloop
  endfacet
  facet normal 0.000000e+00 0.000000e+00 1.000000e+00
    outer loop
      vertex   5.900000e+01 -1.344338e+01 1.000000e+00
      vertex   6.000000e+01 -1.344338e+01 1.000000e+00
      vertex   5.900000e+01 -1.055662e+01 1.000000e+00
    endloop
  endfacet
  facet normal -0.000000e+00 0.000000e+00 1.000000e+00
    outer loop
      vertex   5.900000e+01 -1.055662e+01 1.000000e+00
      vertex   6.000000e+01 -1.344338e+01 1.000000e+00
      vertex   6.000000e+01 -1.055662e+01 1.000000e+00
    endloop
  endfacet
  facet normal 0.000000e+00 0.000000e+00 1.000000e+00
    outer loop
      vertex   5.900000e+01 -1.055662e+01 1.000000e+00
      vertex   6.000000e+01 -1.055662e+01 1.000000e+00
      vertex   5.950000e+01 -9.886751e+00 1.000000e+00
    endloop
  endfacet
  facet normal -0.000000e+00 0.000000e+00 1.000000e+00
    outer loop
      vertex   5.950000e+01 -9.886751e+00 1.000000e+00
      vertex   6.000000e+01 -1.055662e+01 1.000000e+00
      vertex   6.250000e+01 -9.113249e+00 1.000000e+00
    endloop
  endfacet
  facet normal 0.000000e+00 0.000000e+00 1.000000e+00
    outer loop
      vertex   5.950000e+01 -9.886751e+00 1.000000e+00
      vertex   6.250000e+01 -9.113249e+00 1.000000e+00
      vertex   6.200000e+01 -8.443376e+00 1.000000e+00
    endloop
  endfacet
  facet normal -0.000000e+00 0.000000e+00 1.000000e+00
    outer loop
      vertex   6.200000e+01 -8.443376e+00 1.000000e+00
      vertex   6.250000e+01 -9.113249e+00 1.000000e+00
      vertex   6.300000e+01 -8.443376e+00 1.000000e+00
    endloop
  endfacet
  facet normal 0.000000e+00 0.000000e+00 1.000000e+00
    outer loop
      vertex   6.200000e+01 -8.443376e+00 1.000000e+00
      vertex   6.300000e+01 -8.443376e+00 1.000000e+00
      vertex   6.200000e+01 -5.556624e+00 1.000000e+00
    endloop
  endfacet
  facet normal -0.000000e+00 0.000000e+00 1.000000e+00
    outer loop
      vertex   6.200000e+01 -5.556624e+00 1.000000e+00
      vertex   6.300000e+01 -8.443376e+00 1.000000e+00
      vertex   6.300000e+01 -5.556624e+00 1.000000e+00
    endloop
  endfacet
  facet normal 0.000000e+00 -0.000000e+00 1.000000e+00
    outer loop
      vertex   6.200000e+01 -5.556624e+00 1.000000e+00
      vertex   6.300000e+01 -5.556624e+00 1.000000e+00
      vertex   5.950000e+01 -4.113249e+00 1.000000e+00
    endloop
  endfacet
  facet normal -0.000000e+00 0.000000e+00 1.000000e+00
    outer loop
      vertex   5.950000e+01 -4.113249e+00 1.000000e+00
      vertex   6.300000e+01 -5.556624e+00 1.000000e+00
      vertex   6.550000e+01 -4.113249e+00 1.000000e+00
    endloop
  endfacet
  facet normal 0.000000e+00 -0.000000e+00 1.000000e+00
    outer loop
      vertex   5.950000e+01 -4.113249e+00 1.000000e+00
      vertex   6.550000e+01 -4.113249e+00 1.000000e+00
      vertex   4.987298e+01 -2.000000e+00 1.000000e+00
    endloop
  endfacet
  facet normal -0.000000e+00 0.000000e+00 1.000000e+00
    outer loop
      vertex   4.987298e+01 -2.000000e+00 1.000000e+00
      vertex   6.550000e+01 -4.113249e+00 1.000000e+00
      vertex   8.500000e+01 -2.000000e+00 1.000000e+00
    endloop
  endfacet
  facet normal 0.000000e+00 0.000000e+00 1.000000e+00
    outer loop
      vertex   8.500000e+01 -2.000000e+00 1.000000e+00
      vertex   6.550000e+01 -4.113249e+00 1.000000e+00
      vertex   7.150000e+01 -4.113249e+00 1.000000e+00
    endloop
  endfacet
  facet normal 0.000000e+00 0.000000e+00 1.000000e+00
    outer loop
      vertex   5.700000e+01 -1.844338e+01 1.000000e+00
      vertex   5.650000e+01 -1.911325e+01 1.000000e+00
      vertex   5.950000e+01 -1.988675e+01 1.000000e+00
    endloop
  endfacet
  facet normal 0.000000e+00 0.000000e+00 1.000000e+00
    outer loop
      vertex   5.950000e+01 -1.988675e+01 1.000000e+00
      vertex   5.650000e+01 -1.911325e+01 1.000000e+00
      vertex   5.900000e+01 -2.055662e+01 1.000000e+00
    endloop
  endfacet
  facet normal 0.000000e+00 0.000000e+00 1.000000e+00
    outer loop
      vertex   5.950000e+01 -1.988675e+01 1.000000e+00
      vertex   5.900000e+01 -2.055662e+01 1.000000e+00
      vertex   6.000000e+01 -2.055662e+01 1.000000e+00
    endloop
  endfacet
  facet normal 0.000000e+00 0.000000e+00 1.000000e+00
    outer loop
      vertex   6.000000e+01 -2.055662e+01 1.000000e+00
      vertex   5.900000e+01 -2.055662e+01 1.000000e+00
      vertex   6.000000e+01 -2.344338e+01 1.000000e+00
    endloop
  endfacet
  facet normal 0.000000e+00 0.000000e+00 1.000000e+00
    outer loop
      vertex   6.000000e+01 -2.344338e+01 1.000000e+00
      vertex   5.900000e+01 -2.055662e+01 1.000000e+00
      vertex   5.900000e+01 -2.344338e+01 1.000000e+00
    endloop
  endfacet
  facet normal 0.000000e+00 0.000000e+00 1.000000e+00
    outer loop
      vertex   6.000000e+01 -2.344338e+01 1.000000e+00
      vertex   5.900000e+01 -2.344338e+01 1.000000e+00
      vertex   5.950000e+01 -2.411325e+01 1.000000e+00
    endloop
  endfacet
  facet normal 0.000000e+00 0.000000e+00 1.000000e+00
    outer loop
      vertex   5.950000e+01 -2.411325e+01 1.000000e+00
      vertex   5.900000e+01 -2.344338e+01 1.000000e+00
      vertex   5.650000e+01 -2.488675e+01 1.000000e+00
    endloop
  endfacet
  facet normal 0.000000e+00 0.000000e+00 1.000000e+00
    outer loop
      vertex   5.950000e+01 -2.411325e+01 1.000000e+00
      vertex   5.650000e+01 -2.488675e+01 1.000000e+00
      vertex   5.700000e+01 -2.555662e+01 1.000000e+00
    endloop
  endfacet
  facet normal 0.000000e+00 -0.000000e+00 1.000000e+00
    outer loop
      vertex   7.800000e+01 -2.055662e+01 1.000000e+00
      vertex   8.050000e+01 -1.911325e+01 1.000000e+00
      vertex   7.750000e+01 -1.988675e+01 1.000000e+00
    endloop
  endfacet
  facet normal 0.000000e+00 0.000000e+00 1.000000e+00
    outer loop
      vertex   7.750000e+01 -1.988675e+01 1.000000e+00
      vertex   8.050000e+01 -1.911325e+01 1.000000e+00
      vertex   8.000000e+01 -1.844338e+01 1.000000e+00
    endloop
  endfacet
  facet normal -0.000000e+00 0.000000e+00 1.000000e+00
    outer loop
      vertex   8.000000e+01 -1.844338e+01 1.000000e+00
      vertex   8.050000e+01 -1.911325e+01 1.000000e+00
      vertex   8.050000e+01 -1.488675e+01 1.000000e+00
    endloop
  endfacet
  facet normal 0.000000e+00 0.000000e+00 1.000000e+00
    outer loop
      vertex   8.000000e+01 -1.844338e+01 1.000000e+00
      vertex   8.050000e+01 -1.488675e+01 1.000000e+00
      vertex   8.000000e+01 -1.555662e+01 1.000000e+00
    endloop
  endfacet
  facet normal 0.000000e+00 -0.000000e+00 1.000000e+00
    outer loop
      vertex   8.000000e+01 -1.555662e+01 1.000000e+00
      vertex   8.050000e+01 -1.488675e+01 1.000000e+00
      vertex   7.750000e+01 -1.411325e+01 1.000000e+00
    endloop
  endfacet
  facet normal -0.000000e+00 0.000000e+00 1.000000e+00
    outer loop
      vertex   7.750000e+01 -1.411325e+01 1.000000e+00
      vertex   8.050000e+01 -1.488675e+01 1.000000e+00
      vertex   7.800000e+01 -1.344338e+01 1.000000e+00
    endloop
  endfacet
  facet normal -0.000000e+00 0.000000e+00 1.000000e+00
    outer loop
      vertex   8.050000e+01 -1.911325e+01 1.000000e+00
      vertex   8.300000e+01 -2.055662e+01 1.000000e+00
      vertex   8.050000e+01 -1.488675e+01 1.000000e+00
    endloop
  endfacet
  facet normal -0.000000e+00 0.000000e+00 1.000000e+00
    outer loop
      vertex   8.050000e+01 -1.488675e+01 1.000000e+00
      vertex   8.300000e+01 -2.055662e+01 1.000000e+00
      vertex   8.300000e+01 -1.344338e+01 1.000000e+00
    endloop
  endfacet
  facet normal -0.000000e+00 0.000000e+00 1.000000e+00
    outer loop
      vertex   8.300000e+01 -1.344338e+01 1.000000e+00
      vertex   8.300000e+01 -2.055662e+01 1.000000e+00
      vertex   8.500000e+01 -2.000000e+00 1.000000e+00
    endloop
  endfacet
  facet normal 0.000000e+00 0.000000e+00 1.000000e+00
    outer loop
      vertex   8.300000e+01 -1.344338e+01 1.000000e+00
      vertex   8.500000e+01 -2.000000e+00 1.000000e+00
      vertex   8.300000e+01 -1.055662e+01 1.000000e+00
    endloop
  endfacet
  facet normal 0.000000e+00 -0.000000e+00 1.000000e+00
    outer loop
      vertex   8.300000e+01 -1.055662e+01 1.000000e+00
      vertex   8.500000e+01 -2.000000e+00 1.000000e+00
      vertex   8.050000e+01 -9.113249e+00 1.000000e+00
    endloop
  endfacet
  facet normal 0.000000e+00 0.000000e+00 1.000000e+00
    outer loop
      vertex   8.500000e+01 -2.000000e+00 1.000000e+00
      vertex   8.300000e+01 -2.055662e+01 1.000000e+00
      vertex   8.500000e+01 -3.200000e+01 1.000000e+00
    endloop
  endfacet
  facet normal 0.000000e+00 0.000000e+00 1.000000e+00
    outer loop
      vertex   8.500000e+01 -3.200000e+01 1.000000e+00
      vertex   8.300000e+01 -2.055662e+01 1.000000e+00
      vertex   8.300000e+01 -2.344338e+01 1.000000e+00
    endloop
  endfacet
  facet normal 0.000000e+00 0.000000e+00 1.000000e+00
    outer loop
      vertex   8.500000e+01 -3.200000e+01 1.000000e+00
      vertex   8.300000e+01 -2.344338e+01 1.000000e+00
      vertex   8.050000e+01 -2.488675e+01 1.000000e+00
    endloop
  endfacet
  facet normal 0.000000e+00 0.000000e+00 1.000000e+00
    outer loop
      vertex   7.800000e+01 -2.344338e+01 1.000000e+00
      vertex   7.750000e+01 -2.411325e+01 1.000000e+00
      vertex   8.050000e+01 -2.488675e+01 1.000000e+00
    endloop
  endfacet
  facet normal 0.000000e+00 0.000000e+00 1.000000e+00
    outer loop
      vertex   8.050000e+01 -2.488675e+01 1.000000e+00
      vertex   7.750000e+01 -2.411325e+01 1.000000e+00
      vertex   8.000000e+01 -2.555662e+01 1.000000e+00
    endloop
  endfacet
  facet normal 0.000000e+00 0.000000e+00 1.000000e+00
    outer loop
      vertex   8.050000e+01 -2.488675e+01 1.000000e+00
      vertex   8.000000e+01 -2.555662e+01 1.000000e+00
      vertex   8.000000e+01 -2.844338e+01 1.000000e+00
    endloop
  endfacet
  facet normal 0.000000e+00 0.000000e+00 1.000000e+00
    outer loop
      vertex   5.400000e+01 -1.344338e+01 1.000000e+00
      vertex   5.350000e+01 -1.411325e+01 1.000000e+00
      vertex   5.650000e+01 -1.488675e+01 1.000000e+00
    endloop
  endfacet
  facet normal 0.000000e+00 0.000000e+00 1.000000e+00
    outer loop
      vertex   5.650000e+01 -1.488675e+01 1.000000e+00
      vertex   5.350000e+01 -1.411325e+01 1.000000e+00
      vertex   5.600000e+01 -1.555662e+01 1.000000e+00
    endloop
  endfacet
  facet normal 0.000000e+00 -0.000000e+00 1.000000e+00
    outer loop
      vertex   5.900000e+01 -1.055662e+01 1.000000e+00
      vertex   5.950000e+01 -9.886751e+00 1.000000e+00
      vertex   5.650000e+01 -9.113249e+00 1.000000e+00
    endloop
  endfacet
  facet normal -0.000000e+00 0.000000e+00 1.000000e+00
    outer loop
      vertex   5.650000e+01 -9.113249e+00 1.000000e+00
      vertex   5.950000e+01 -9.886751e+00 1.000000e+00
      vertex   5.700000e+01 -8.443376e+00 1.000000e+00
    endloop
  endfacet
  facet normal 0.000000e+00 -0.000000e+00 1.000000e+00
    outer loop
      vertex   5.650000e+01 -9.113249e+00 1.000000e+00
      vertex   5.700000e+01 -8.443376e+00 1.000000e+00
      vertex   5.600000e+01 -8.443376e+00 1.000000e+00
    endloop
  endfacet
  facet normal 0.000000e+00 0.000000e+00 1.000000e+00
    outer loop
      vertex   5.600000e+01 -8.443376e+00 1.000000e+00
      vertex   5.700000e+01 -8.443376e+00 1.000000e+00
      vertex   5.600000e+01 -5.556624e+00 1.000000e+00
    endloop
  endfacet
  facet normal -0.000000e+00 0.000000e+00 1.000000e+00
    outer loop
      vertex   5.600000e+01 -5.556624e+00 1.000000e+00
      vertex   5.700000e+01 -8.443376e+00 1.000000e+00
      vertex   5.700000e+01 -5.556624e+00 1.000000e+00
    endloop
  endfacet
  facet normal 0.000000e+00 -0.000000e+00 1.000000e+00
    outer loop
      vertex   5.600000e+01 -5.556624e+00 1.000000e+00
      vertex   5.700000e+01 -5.556624e+00 1.000000e+00
      vertex   5.350000e+01 -4.113249e+00 1.000000e+00
    endloop
  endfacet
  facet normal -0.000000e+00 0.000000e+00 1.000000e+00
    outer loop
      vertex   5.350000e+01 -4.113249e+00 1.000000e+00
      vertex   5.700000e+01 -5.556624e+00 1.000000e+00
      vertex   5.950000e+01 -4.113249e+00 1.000000e+00
    endloop
  endfacet
  facet normal 0.000000e+00 -0.000000e+00 1.000000e+00
    outer loop
      vertex   5.350000e+01 -4.113249e+00 1.000000e+00
      vertex   5.950000e+01 -4.113249e+00 1.000000e+00
      vertex   4.987298e+01 -2.000000e+00 1.000000e+00
    endloop
  endfacet
  facet normal 0.000000e+00 -0.000000e+00 1.000000e+00
    outer loop
      vertex   6.800000e+01 -2.555662e+01 1.000000e+00
      vertex   6.850000e+01 -2.488675e+01 1.000000e+00
      vertex   6.550000e+01 -2.411325e+01 1.000000e+00
    endloop
  endfacet
  facet normal -0.000000e+00 0.000000e+00 1.000000e+00
    outer loop
      vertex   6.550000e+01 -2.411325e+01 1.000000e+00
      vertex   6.850000e+01 -2.488675e+01 1.000000e+00
      vertex   6.600000e+01 -2.344338e+01 1.000000e+00
    endloop
  endfacet
  facet normal 0.000000e+00 0.000000e+00 1.000000e+00
    outer loop
      vertex   5.950000e+01 -1.988675e+01 1.000000e+00
      vertex   6.250000e+01 -1.911325e+01 1.000000e+00
      vertex   6.200000e+01 -1.844338e+01 1.000000e+00
    endloop
  endfacet
  facet normal -0.000000e+00 0.000000e+00 1.000000e+00
    outer loop
      vertex   6.200000e+01 -1.844338e+01 1.000000e+00
      vertex   6.250000e+01 -1.911325e+01 1.000000e+00
      vertex   6.300000e+01 -1.844338e+01 1.000000e+00
    endloop
  endfacet
  facet normal 0.000000e+00 0.000000e+00 1.000000e+00
    outer loop
      vertex   6.200000e+01 -1.844338e+01 1.000000e+00
      vertex   6.300000e+01 -1.844338e+01 1.000000e+00
      vertex   6.200000e+01 -1.555662e+01 1.000000e+00
    endloop
  endfacet
  facet normal -0.000000e+00 0.000000e+00 1.000000e+00
    outer loop
      vertex   6.200000e+01 -1.555662e+01 1.000000e+00
      vertex   6.300000e+01 -1.844338e+01 1.000000e+00
      vertex   6.300000e+01 -1.555662e+01 1.000000e+00
    endloop
  endfacet
  facet normal 0.000000e+00 0.000000e+00 1.000000e+00
    outer loop
      vertex   6.200000e+01 -1.555662e+01 1.000000e+00
      vertex   6.300000e+01 -1.555662e+01 1.000000e+00
      vertex   6.250000e+01 -1.488675e+01 1.000000e+00
    endloop
  endfacet
  facet normal -0.000000e+00 0.000000e+00 1.000000e+00
    outer loop
      vertex   6.250000e+01 -1.488675e+01 1.000000e+00
      vertex   6.300000e+01 -1.555662e+01 1.000000e+00
      vertex   6.550000e+01 -1.411325e+01 1.000000e+00
    endloop
  endfacet
  facet normal 0.000000e+00 0.000000e+00 1.000000e+00
    outer loop
      vertex   6.250000e+01 -1.488675e+01 1.000000e+00
      vertex   6.550000e+01 -1.411325e+01 1.000000e+00
      vertex   6.500000e+01 -1.344338e+01 1.000000e+00
    endloop
  endfacet
  facet normal -0.000000e+00 0.000000e+00 1.000000e+00
    outer loop
      vertex   6.500000e+01 -1.344338e+01 1.000000e+00
      vertex   6.550000e+01 -1.411325e+01 1.000000e+00
      vertex   6.600000e+01 -1.344338e+01 1.000000e+00
    endloop
  endfacet
  facet normal 0.000000e+00 0.000000e+00 1.000000e+00
    outer loop
      vertex   6.500000e+01 -1.344338e+01 1.000000e+00
      vertex   6.600000e+01 -1.344338e+01 1.000000e+00
      vertex   6.500000e+01 -1.055662e+01 1.000000e+00
    endloop
  endfacet
  facet normal -0.000000e+00 0.000000e+00 1.000000e+00
    outer loop
      vertex   6.500000e+01 -1.055662e+01 1.000000e+00
      vertex   6.600000e+01 -1.344338e+01 1.000000e+00
      vertex   6.600000e+01 -1.055662e+01 1.000000e+00
    endloop
  endfacet
  facet normal 0.000000e+00 0.000000e+00 1.000000e+00
    outer loop
      vertex   6.500000e+01 -1.055662e+01 1.000000e+00
      vertex   6.600000e+01 -1.055662e+01 1.000000e+00
      vertex   6.550000e+01 -9.886751e+00 1.000000e+00
    endloop
  endfacet
  facet normal -0.000000e+00 0.000000e+00 1.000000e+00
    outer loop
      vertex   6.550000e+01 -9.886751e+00 1.000000e+00
      vertex   6.600000e+01 -1.055662e+01 1.000000e+00
      vertex   6.850000e+01 -9.113249e+00 1.000000e+00
    endloop
  endfacet
  facet normal 0.000000e+00 0.000000e+00 1.000000e+00
    outer loop
      vertex   6.550000e+01 -9.886751e+00 1.000000e+00
      vertex   6.850000e+01 -9.113249e+00 1.000000e+00
      vertex   6.800000e+01 -8.443376e+00 1.000000e+00
    endloop
  endfacet
  facet normal -0.000000e+00 0.000000e+00 1.000000e+00
    outer loop
      vertex   6.800000e+01 -8.443376e+00 1.000000e+00
      vertex   6.850000e+01 -9.113249e+00 1.000000e+00
      vertex   6.900000e+01 -8.443376e+00 1.000000e+00
    endloop
  endfacet
  facet normal 0.000000e+00 0.000000e+00 1.000000e+00
    outer loop
      vertex   6.800000e+01 -8.443376e+00 1.000000e+00
      vertex   6.900000e+01 -8.443376e+00 1.000000e+00
      vertex   6.800000e+01 -5.556624e+00 1.000000e+00
    endloop
  endfacet
  facet normal -0.000000e+00 0.000000e+00 1.000000e+00
    outer loop
      vertex   6.800000e+01 -5.556624e+00 1.000000e+00
      vertex   6.900000e+01 -8.443376e+00 1.000000e+00
      vertex   6.900000e+01 -5.556624e+00 1.000000e+00
    endloop
  endfacet
  facet normal 0.000000e+00 -0.000000e+00 1.000000e+00
    outer loop
      vertex   6.800000e+01 -5.556624e+00 1.000000e+00
      vertex   6.900000e+01 -5.556624e+00 1.000000e+00
      vertex   6.550000e+01 -4.113249e+00 1.000000e+00
    endloop
  endfacet
  facet normal -0.000000e+00 0.000000e+00 1.000000e+00
    outer loop
      vertex   6.550000e+01 -4.113249e+00 1.000000e+00
      vertex   6.900000e+01 -5.556624e+00 1.000000e+00
      vertex   7.150000e+01 -4.113249e+00 1.000000e+00
    endloop
  endfacet
  facet normal 0.000000e+00 0.000000e+00 1.000000e+00
    outer loop
      vertex   6.000000e+01 -1.344338e+01 1.000000e+00
      vertex   5.950000e+01 -1.411325e+01 1.000000e+00
      vertex   6.250000e+01 -1.488675e+01 1.000000e+00
    endloop
  endfacet
  facet normal 0.000000e+00 0.000000e+00 1.000000e+00
    outer loop
      vertex   6.250000e+01 -1.488675e+01 1.000000e+00
      vertex   5.950000e+01 -1.411325e+01 1.000000e+00
      vertex   6.200000e+01 -1.555662e+01 1.000000e+00
    endloop
  endfacet
  facet normal 0.000000e+00 0.000000e+00 1.000000e+00
    outer loop
      vertex   7.500000e+01 -8.443376e+00 1.000000e+00
      vertex   7.450000e+01 -9.113249e+00 1.000000e+00
      vertex   7.750000e+01 -9.886751e+00 1.000000e+00
    endloop
  endfacet
  facet normal 0.000000e+00 0.000000e+00 1.000000e+00
    outer loop
      vertex   7.750000e+01 -9.886751e+00 1.000000e+00
      vertex   7.450000e+01 -9.113249e+00 1.000000e+00
      vertex   7.700000e+01 -1.055662e+01 1.000000e+00
    endloop
  endfacet
  facet normal 0.000000e+00 0.000000e+00 1.000000e+00
    outer loop
      vertex   7.750000e+01 -9.886751e+00 1.000000e+00
      vertex   7.700000e+01 -1.055662e+01 1.000000e+00
      vertex   7.800000e+01 -1.055662e+01 1.000000e+00
    endloop
  endfacet
  facet normal 0.000000e+00 0.000000e+00 1.000000e+00
    outer loop
      vertex   7.800000e+01 -1.055662e+01 1.000000e+00
      vertex   7.700000e+01 -1.055662e+01 1.000000e+00
      vertex   7.700000e+01 -1.344338e+01 1.000000e+00
    endloop
  endfacet
  facet normal 0.000000e+00 -0.000000e+00 1.000000e+00
    outer loop
      vertex   7.500000e+01 -2.555662e+01 1.000000e+00
      vertex   7.750000e+01 -2.411325e+01 1.000000e+00
      vertex   7.450000e+01 -2.488675e+01 1.000000e+00
    endloop
  endfacet
  facet normal 0.000000e+00 0.000000e+00 1.000000e+00
    outer loop
      vertex   8.050000e+01 -2.488675e+01 1.000000e+00
      vertex   8.000000e+01 -2.844338e+01 1.000000e+00
      vertex   8.500000e+01 -3.200000e+01 1.000000e+00
    endloop
  endfacet
  facet normal 0.000000e+00 0.000000e+00 1.000000e+00
    outer loop
      vertex   8.500000e+01 -3.200000e+01 1.000000e+00
      vertex   8.000000e+01 -2.844338e+01 1.000000e+00
      vertex   7.750000e+01 -2.988675e+01 1.000000e+00
    endloop
  endfacet
  facet normal 0.000000e+00 -0.000000e+00 1.000000e+00
    outer loop
      vertex   7.100000e+01 -1.055662e+01 1.000000e+00
      vertex   7.150000e+01 -9.886751e+00 1.000000e+00
      vertex   6.850000e+01 -9.113249e+00 1.000000e+00
    endloop
  endfacet
  facet normal -0.000000e+00 0.000000e+00 1.000000e+00
    outer loop
      vertex   6.850000e+01 -9.113249e+00 1.000000e+00
      vertex   7.150000e+01 -9.886751e+00 1.000000e+00
      vertex   6.900000e+01 -8.443376e+00 1.000000e+00
    endloop
  endfacet
  facet normal 0.000000e+00 0.000000e+00 1.000000e+00
    outer loop
      vertex   6.000000e+01 -2.344338e+01 1.000000e+00
      vertex   5.950000e+01 -2.411325e+01 1.000000e+00
      vertex   6.250000e+01 -2.488675e+01 1.000000e+00
    endloop
  endfacet
  facet normal 0.000000e+00 0.000000e+00 1.000000e+00
    outer loop
      vertex   6.250000e+01 -2.488675e+01 1.000000e+00
      vertex   5.950000e+01 -2.411325e+01 1.000000e+00
      vertex   6.200000e+01 -2.555662e+01 1.000000e+00
    endloop
  endfacet
  facet normal 0.000000e+00 -0.000000e+00 1.000000e+00
    outer loop
      vertex   7.800000e+01 -1.055662e+01 1.000000e+00
      vertex   8.050000e+01 -9.113249e+00 1.000000e+00
      vertex   7.750000e+01 -9.886751e+00 1.000000e+00
    endloop
  endfacet
  facet normal 0.000000e+00 -0.000000e+00 1.000000e+00
    outer loop
      vertex   6.000000e+01 -2.055662e+01 1.000000e+00
      vertex   6.250000e+01 -1.911325e+01 1.000000e+00
      vertex   5.950000e+01 -1.988675e+01 1.000000e+00
    endloop
  endfacet
  facet normal 0.000000e+00 0.000000e+00 1.000000e+00
    outer loop
      vertex   6.300000e+01 -1.844338e+01 1.000000e+00
      vertex   6.250000e+01 -1.911325e+01 1.000000e+00
      vertex   6.550000e+01 -1.988675e+01 1.000000e+00
    endloop
  endfacet
  facet normal 0.000000e+00 0.000000e+00 1.000000e+00
    outer loop
      vertex   6.550000e+01 -1.988675e+01 1.000000e+00
      vertex   6.250000e+01 -1.911325e+01 1.000000e+00
      vertex   6.500000e+01 -2.055662e+01 1.000000e+00
    endloop
  endfacet
  facet normal 0.000000e+00 0.000000e+00 1.000000e+00
    outer loop
      vertex   6.600000e+01 -1.344338e+01 1.000000e+00
      vertex   6.550000e+01 -1.411325e+01 1.000000e+00
      vertex   6.850000e+01 -1.488675e+01 1.000000e+00
    endloop
  endfacet
  facet normal 0.000000e+00 0.000000e+00 1.000000e+00
    outer loop
      vertex   6.850000e+01 -1.488675e+01 1.000000e+00
      vertex   6.550000e+01 -1.411325e+01 1.000000e+00
      vertex   6.800000e+01 -1.555662e+01 1.000000e+00
    endloop
  endfacet
  facet normal 0.000000e+00 -0.000000e+00 1.000000e+00
    outer loop
      vertex   5.400000e+01 -1.055662e+01 1.000000e+00
      vertex   5.650000e+01 -9.113249e+00 1.000000e+00
      vertex   5.350000e+01 -9.886751e+00 1.000000e+00
    endloop
  endfacet
  facet normal 0.000000e+00 0.000000e+00 1.000000e+00
    outer loop
      vertex   5.350000e+01 -9.886751e+00 1.000000e+00
      vertex   5.650000e+01 -9.113249e+00 1.000000e+00
      vertex   5.600000e+01 -8.443376e+00 1.000000e+00
    endloop
  endfacet
  facet normal 0.000000e+00 0.000000e+00 1.000000e+00
    outer loop
      vertex   7.100000e+01 -1.344338e+01 1.000000e+00
      vertex   6.850000e+01 -1.488675e+01 1.000000e+00
      vertex   7.150000e+01 -1.411325e+01 1.000000e+00
    endloop
  endfacet
  facet normal 0.000000e+00 0.000000e+00 1.000000e+00
    outer loop
      vertex   6.300000e+01 -8.443376e+00 1.000000e+00
      vertex   6.250000e+01 -9.113249e+00 1.000000e+00
      vertex   6.550000e+01 -9.886751e+00 1.000000e+00
    endloop
  endfacet
  facet normal 0.000000e+00 0.000000e+00 1.000000e+00
    outer loop
      vertex   6.550000e+01 -9.886751e+00 1.000000e+00
      vertex   6.250000e+01 -9.113249e+00 1.000000e+00
      vertex   6.500000e+01 -1.055662e+01 1.000000e+00
    endloop
  endfacet
  facet normal -0.000000e+00 0.000000e+00 1.000000e+00
    outer loop
      vertex   4.700000e+01 -4.872983e+00 1.000000e+00
      vertex   5.100000e+01 -8.443376e+00 1.000000e+00
      vertex   4.745042e+01 -4.727771e+00 1.000000e+00
    endloop
  endfacet
  facet normal 0.000000e+00 0.000000e+00 1.000000e+00
    outer loop
      vertex   4.745042e+01 -4.727771e+00 1.000000e+00
      vertex   5.100000e+01 -8.443376e+00 1.000000e+00
      vertex   5.100000e+01 -5.556624e+00 1.000000e+00
    endloop
  endfacet
  facet normal -0.000000e+00 0.000000e+00 1.000000e+00
    outer loop
      vertex   4.745042e+01 -4.727771e+00 1.000000e+00
      vertex   5.100000e+01 -5.556624e+00 1.000000e+00
      vertex   4.788054e+01 -4.530378e+00 1.000000e+00
    endloop
  endfacet
  facet normal -0.000000e+00 0.000000e+00 1.000000e+00
    outer loop
      vertex   4.788054e+01 -4.530378e+00 1.000000e+00
      vertex   5.100000e+01 -5.556624e+00 1.000000e+00
      vertex   4.828434e+01 -4.283567e+00 1.000000e+00
    endloop
  endfacet
  facet normal -0.000000e+00 0.000000e+00 1.000000e+00
    outer loop
      vertex   4.828434e+01 -4.283567e+00 1.000000e+00
      vertex   5.100000e+01 -5.556624e+00 1.000000e+00
      vertex   4.865616e+01 -3.990793e+00 1.000000e+00
    endloop
  endfacet
  facet normal -0.000000e+00 0.000000e+00 1.000000e+00
    outer loop
      vertex   4.865616e+01 -3.990793e+00 1.000000e+00
      vertex   5.100000e+01 -5.556624e+00 1.000000e+00
      vertex   4.899079e+01 -3.656154e+00 1.000000e+00
    endloop
  endfacet
  facet normal -0.000000e+00 0.000000e+00 1.000000e+00
    outer loop
      vertex   4.899079e+01 -3.656154e+00 1.000000e+00
      vertex   5.100000e+01 -5.556624e+00 1.000000e+00
      vertex   4.928357e+01 -3.284335e+00 1.000000e+00
    endloop
  endfacet
  facet normal 0.000000e+00 0.000000e+00 1.000000e+00
    outer loop
      vertex   4.928357e+01 -3.284335e+00 1.000000e+00
      vertex   5.100000e+01 -5.556624e+00 1.000000e+00
      vertex   5.350000e+01 -4.113249e+00 1.000000e+00
    endloop
  endfacet
  facet normal -0.000000e+00 0.000000e+00 1.000000e+00
    outer loop
      vertex   4.928357e+01 -3.284335e+00 1.000000e+00
      vertex   5.350000e+01 -4.113249e+00 1.000000e+00
      vertex   4.953038e+01 -2.880540e+00 1.000000e+00
    endloop
  endfacet
  facet normal -0.000000e+00 0.000000e+00 1.000000e+00
    outer loop
      vertex   4.953038e+01 -2.880540e+00 1.000000e+00
      vertex   5.350000e+01 -4.113249e+00 1.000000e+00
      vertex   4.972777e+01 -2.450422e+00 1.000000e+00
    endloop
  endfacet
  facet normal -0.000000e+00 0.000000e+00 1.000000e+00
    outer loop
      vertex   4.972777e+01 -2.450422e+00 1.000000e+00
      vertex   5.350000e+01 -4.113249e+00 1.000000e+00
      vertex   4.987298e+01 -2.000000e+00 1.000000e+00
    endloop
  endfacet
  facet normal 0.000000e+00 0.000000e+00 1.000000e+00
    outer loop
      vertex   4.700000e+01 -4.872983e+00 1.000000e+00
      vertex   4.700000e+01 -3.050000e+01 1.000000e+00
      vertex   4.800000e+01 -2.055662e+01 1.000000e+00
    endloop
  endfacet
  facet normal -0.000000e+00 1.000000e+00 0.000000e+00
    outer loop
      vertex   4.987298e+01 -3.200000e+01 3.100000e+00
      vertex   8.500000e+01 -3.200000e+01 3.100000e+00
      vertex   4.987298e+01 -3.200000e+01 1.000000e+00
    endloop
  endfacet
  facet normal 0.000000e+00 1.000000e+00 0.000000e+00
    outer loop
      vertex   4.987298e+01 -3.200000e+01 1.000000e+00
      vertex   8.500000e+01 -3.200000e+01 3.100000e+00
      vertex   8.500000e+01 -3.200000e+01 1.000000e+00
    endloop
  endfacet
  facet normal 9.670959e-01 -2.544122e-01 0.000000e+00
    outer loop
      vertex   4.987298e+01 -2.000000e+00 1.000000e+00
      vertex   4.987298e+01 -2.000000e+00 3.100000e+00
      vertex   4.986370e+01 -2.035276e+00 6.400000e+00
    endloop
  endfacet
  facet normal 9.779125e-01 -2.090143e-01 5.157100e-04
    outer loop
      vertex   4.986370e+01 -2.035276e+00 6.400000e+00
      vertex   4.987298e+01 -2.000000e+00 3.100000e+00
      vertex   4.994338e+01 -1.670632e+00 3.100000e+00
    endloop
  endfacet
  facet normal 9.807831e-01 -1.950899e-01 2.123641e-03
    outer loop
      vertex   4.986370e+01 -2.035276e+00 6.400000e+00
      vertex   4.994338e+01 -1.670632e+00 3.100000e+00
      vertex   4.996578e+01 -1.522105e+00 6.400000e+00
    endloop
  endfacet
  facet normal 9.920291e-01 -1.260042e-01 -1.062111e-03
    outer loop
      vertex   4.996578e+01 -1.522105e+00 6.400000e+00
      vertex   4.994338e+01 -1.670632e+00 3.100000e+00
      vertex   4.998582e+01 -1.336509e+00 3.100000e+00
    endloop
  endfacet
  facet normal 9.978561e-01 -6.540294e-02 2.381564e-03
    outer loop
      vertex   4.996578e+01 -1.522105e+00 6.400000e+00
      vertex   4.998582e+01 -1.336509e+00 3.100000e+00
      vertex   5.000000e+01 -1.000000e+00 6.400000e+00
    endloop
  endfacet
  facet normal 9.991134e-01 -4.210093e-02 0.000000e+00
    outer loop
      vertex   5.000000e+01 -1.000000e+00 6.400000e+00
      vertex   4.998582e+01 -1.336509e+00 3.100000e+00
      vertex   5.000000e+01 -1.000000e+00 3.100000e+00
    endloop
  endfacet
  facet normal 9.517610e-01 -3.068400e-01 -3.688449e-04
    outer loop
      vertex   4.987298e+01 -2.000000e+00 1.000000e+00
      vertex   4.986370e+01 -2.035276e+00 6.400000e+00
      vertex   4.972777e+01 -2.450422e+00 1.000000e+00
    endloop
  endfacet
  facet normal 9.469298e-01 -3.214393e-01 8.751482e-04
    outer loop
      vertex   4.972777e+01 -2.450422e+00 1.000000e+00
      vertex   4.986370e+01 -2.035276e+00 6.400000e+00
      vertex   4.969552e+01 -2.530734e+00 6.400000e+00
    endloop
  endfacet
  facet normal 9.088600e-01 -4.171005e-01 -7.749681e-04
    outer loop
      vertex   4.972777e+01 -2.450422e+00 1.000000e+00
      vertex   4.969552e+01 -2.530734e+00 6.400000e+00
      vertex   4.953038e+01 -2.880540e+00 1.000000e+00
    endloop
  endfacet
  facet normal 8.968721e-01 -4.422884e-01 1.223283e-03
    outer loop
      vertex   4.953038e+01 -2.880540e+00 1.000000e+00
      vertex   4.969552e+01 -2.530734e+00 6.400000e+00
      vertex   4.946410e+01 -3.000000e+00 6.400000e+00
    endloop
  endfacet
  facet normal 8.532369e-01 -5.215225e-01 -1.065101e-03
    outer loop
      vertex   4.953038e+01 -2.880540e+00 1.000000e+00
      vertex   4.946410e+01 -3.000000e+00 6.400000e+00
      vertex   4.928357e+01 -3.284335e+00 1.000000e+00
    endloop
  endfacet
  facet normal 8.314687e-01 -5.555696e-01 1.455403e-03
    outer loop
      vertex   4.928357e+01 -3.284335e+00 1.000000e+00
      vertex   4.946410e+01 -3.000000e+00 6.400000e+00
      vertex   4.917341e+01 -3.435046e+00 6.400000e+00
    endloop
  endfacet
  facet normal 7.856703e-01 -6.186441e-01 -1.239199e-03
    outer loop
      vertex   4.928357e+01 -3.284335e+00 1.000000e+00
      vertex   4.917341e+01 -3.435046e+00 6.400000e+00
      vertex   4.899079e+01 -3.656154e+00 1.000000e+00
    endloop
  endfacet
  facet normal 7.518389e-01 -6.593450e-01 1.571472e-03
    outer loop
      vertex   4.899079e+01 -3.656154e+00 1.000000e+00
      vertex   4.917341e+01 -3.435046e+00 6.400000e+00
      vertex   4.882843e+01 -3.828427e+00 6.400000e+00
    endloop
  endfacet
  facet normal 7.071062e-01 -7.071062e-01 -1.297235e-03
    outer loop
      vertex   4.899079e+01 -3.656154e+00 1.000000e+00
      vertex   4.882843e+01 -3.828427e+00 6.400000e+00
      vertex   4.865616e+01 -3.990793e+00 1.000000e+00
    endloop
  endfacet
  facet normal 6.593450e-01 -7.518389e-01 1.571472e-03
    outer loop
      vertex   4.865616e+01 -3.990793e+00 1.000000e+00
      vertex   4.882843e+01 -3.828427e+00 6.400000e+00
      vertex   4.843505e+01 -4.173413e+00 6.400000e+00
    endloop
  endfacet
  facet normal 6.186441e-01 -7.856703e-01 -1.239199e-03
    outer loop
      vertex   4.865616e+01 -3.990793e+00 1.000000e+00
      vertex   4.843505e+01 -4.173413e+00 6.400000e+00
      vertex   4.828434e+01 -4.283567e+00 1.000000e+00
    endloop
  endfacet
  facet normal 5.555696e-01 -8.314687e-01 1.455403e-03
    outer loop
      vertex   4.828434e+01 -4.283567e+00 1.000000e+00
      vertex   4.843505e+01 -4.173413e+00 6.400000e+00
      vertex   4.800000e+01 -4.464102e+00 6.400000e+00
    endloop
  endfacet
  facet normal 5.215225e-01 -8.532369e-01 -1.065101e-03
    outer loop
      vertex   4.828434e+01 -4.283567e+00 1.000000e+00
      vertex   4.800000e+01 -4.464102e+00 6.400000e+00
      vertex   4.788054e+01 -4.530378e+00 1.000000e+00
    endloop
  endfacet
  facet normal 4.422884e-01 -8.968721e-01 1.223283e-03
    outer loop
      vertex   4.788054e+01 -4.530378e+00 1.000000e+00
      vertex   4.800000e+01 -4.464102e+00 6.400000e+00
      vertex   4.753073e+01 -4.695518e+00 6.400000e+00
    endloop
  endfacet
  facet normal 4.171005e-01 -9.088600e-01 -7.749681e-04
    outer loop
      vertex   4.788054e+01 -4.530378e+00 1.000000e+00
      vertex   4.753073e+01 -4.695518e+00 6.400000e+00
      vertex   4.745042e+01 -4.727771e+00 1.000000e+00
    endloop
  endfacet
  facet normal 3.214393e-01 -9.469298e-01 8.751482e-04
    outer loop
      vertex   4.745042e+01 -4.727771e+00 1.000000e+00
      vertex   4.753073e+01 -4.695518e+00 6.400000e+00
      vertex   4.703528e+01 -4.863703e+00 6.400000e+00
    endloop
  endfacet
  facet normal 3.068400e-01 -9.517610e-01 -3.688449e-04
    outer loop
      vertex   4.745042e+01 -4.727771e+00 1.000000e+00
      vertex   4.703528e+01 -4.863703e+00 6.400000e+00
      vertex   4.700000e+01 -4.872983e+00 1.000000e+00
    endloop
  endfacet
  facet normal 2.544122e-01 -9.670959e-01 0.000000e+00
    outer loop
      vertex   4.700000e+01 -4.872983e+00 1.000000e+00
      vertex   4.703528e+01 -4.863703e+00 6.400000e+00
      vertex   4.700000e+01 -4.872983e+00 3.100000e+00
    endloop
  endfacet
  facet normal 2.090143e-01 -9.779125e-01 5.157100e-04
    outer loop
      vertex   4.700000e+01 -4.872983e+00 3.100000e+00
      vertex   4.703528e+01 -4.863703e+00 6.400000e+00
      vertex   4.667063e+01 -4.943381e+00 3.100000e+00
    endloop
  endfacet
  facet normal 1.950899e-01 -9.807831e-01 2.123641e-03
    outer loop
      vertex   4.667063e+01 -4.943381e+00 3.100000e+00
      vertex   4.703528e+01 -4.863703e+00 6.400000e+00
      vertex   4.652211e+01 -4.965780e+00 6.400000e+00
    endloop
  endfacet
  facet normal 1.260042e-01 -9.920291e-01 -1.062111e-03
    outer loop
      vertex   4.667063e+01 -4.943381e+00 3.100000e+00
      vertex   4.652211e+01 -4.965780e+00 6.400000e+00
      vertex   4.633651e+01 -4.985820e+00 3.100000e+00
    endloop
  endfacet
  facet normal 6.540294e-02 -9.978561e-01 2.381564e-03
    outer loop
      vertex   4.633651e+01 -4.985820e+00 3.100000e+00
      vertex   4.652211e+01 -4.965780e+00 6.400000e+00
      vertex   4.600000e+01 -5.000000e+00 6.400000e+00
    endloop
  endfacet
  facet normal 4.210093e-02 -9.991134e-01 0.000000e+00
    outer loop
      vertex   4.633651e+01 -4.985820e+00 3.100000e+00
      vertex   4.600000e+01 -5.000000e+00 6.400000e+00
      vertex   4.600000e+01 -5.000000e+00 3.100000e+00
    endloop
  endfacet
  facet normal 0.000000e+00 0.000000e+00 1.000000e+00
    outer loop
      vertex   4.600000e+01 -5.000000e+00 6.400000e+00
      vertex   4.652211e+01 -4.965780e+00 6.400000e+00
      vertex   4.600000e+01 -1.000000e+00 6.400000e+00
    endloop
  endfacet
  facet normal 0.000000e+00 0.000000e+00 1.000000e+00
    outer loop
      vertex   4.600000e+01 -1.000000e+00 6.400000e+00
      vertex   4.652211e+01 -4.965780e+00 6.400000e+00
      vertex   4.703528e+01 -4.863703e+00 6.400000e+00
    endloop
  endfacet
  facet normal 0.000000e+00 0.000000e+00 1.000000e+00
    outer loop
      vertex   4.600000e+01 -1.000000e+00 6.400000e+00
      vertex   4.703528e+01 -4.863703e+00 6.400000e+00
      vertex   4.753073e+01 -4.695518e+00 6.400000e+00
    endloop
  endfacet
  facet normal 0.000000e+00 -0.000000e+00 1.000000e+00
    outer loop
      vertex   4.753073e+01 -4.695518e+00 6.400000e+00
      vertex   4.800000e+01 -4.464102e+00 6.400000e+00
      vertex   4.600000e+01 -1.000000e+00 6.400000e+00
    endloop
  endfacet
  facet normal 0.000000e+00 0.000000e+00 1.000000e+00
    outer loop
      vertex   4.600000e+01 -1.000000e+00 6.400000e+00
      vertex   4.800000e+01 -4.464102e+00 6.400000e+00
      vertex   4.843505e+01 -4.173413e+00 6.400000e+00
    endloop
  endfacet
  facet normal 0.000000e+00 0.000000e+00 1.000000e+00
    outer loop
      vertex   4.600000e+01 -1.000000e+00 6.400000e+00
      vertex   4.843505e+01 -4.173413e+00 6.400000e+00
      vertex   4.882843e+01 -3.828427e+00 6.400000e+00
    endloop
  endfacet
  facet normal 0.000000e+00 -0.000000e+00 1.000000e+00
    outer loop
      vertex   4.882843e+01 -3.828427e+00 6.400000e+00
      vertex   4.917341e+01 -3.435046e+00 6.400000e+00
      vertex   4.600000e+01 -1.000000e+00 6.400000e+00
    endloop
  endfacet
  facet normal 0.000000e+00 0.000000e+00 1.000000e+00
    outer loop
      vertex   4.600000e+01 -1.000000e+00 6.400000e+00
      vertex   4.917341e+01 -3.435046e+00 6.400000e+00
      vertex   4.946410e+01 -3.000000e+00 6.400000e+00
    endloop
  endfacet
  facet normal 0.000000e+00 0.000000e+00 1.000000e+00
    outer loop
      vertex   4.600000e+01 -1.000000e+00 6.400000e+00
      vertex   4.946410e+01 -3.000000e+00 6.400000e+00
      vertex   4.969552e+01 -2.530734e+00 6.400000e+00
    endloop
  endfacet
  facet normal 0.000000e+00 -0.000000e+00 1.000000e+00
    outer loop
      vertex   4.969552e+01 -2.530734e+00 6.400000e+00
      vertex   4.986370e+01 -2.035276e+00 6.400000e+00
      vertex   4.600000e+01 -1.000000e+00 6.400000e+00
    endloop
  endfacet
  facet normal 0.000000e+00 0.000000e+00 1.000000e+00
    outer loop
      vertex   4.600000e+01 -1.000000e+00 6.400000e+00
      vertex   4.986370e+01 -2.035276e+00 6.400000e+00
      vertex   4.996578e+01 -1.522105e+00 6.400000e+00
    endloop
  endfacet
  facet normal 0.000000e+00 0.000000e+00 1.000000e+00
    outer loop
      vertex   4.600000e+01 -1.000000e+00 6.400000e+00
      vertex   4.996578e+01 -1.522105e+00 6.400000e+00
      vertex   5.000000e+01 -1.000000e+00 6.400000e+00
    endloop
  endfacet
  facet normal -6.167906e-18 1.000000e+00 0.000000e+00
    outer loop
      vertex   8.600000e+01 -1.000000e+00 3.100000e+00
      vertex   8.600000e+01 -1.000000e+00 1.000000e+00
      vertex   5.000000e+01 -1.000000e+00 3.100000e+00
    endloop
  endfacet
  facet normal 0.000000e+00 1.000000e+00 1.057355e-16
    outer loop
      vertex   5.000000e+01 -1.000000e+00 3.100000e+00
      vertex   8.600000e+01 -1.000000e+00 1.000000e+00
      vertex   4.600000e+01 -1.000000e+00 1.000000e+00
    endloop
  endfacet
  facet normal 5.551115e-17 1.000000e+00 0.000000e+00
    outer loop
      vertex   5.000000e+01 -1.000000e+00 3.100000e+00
      vertex   4.600000e+01 -1.000000e+00 1.000000e+00
      vertex   4.600000e+01 -1.000000e+00 6.400000e+00
    endloop
  endfacet
  facet normal 5.551115e-17 1.000000e+00 0.000000e+00
    outer loop
      vertex   4.600000e+01 -1.000000e+00 6.400000e+00
      vertex   5.000000e+01 -1.000000e+00 6.400000e+00
      vertex   5.000000e+01 -1.000000e+00 3.100000e+00
    endloop
  endfacet
  facet normal 0.000000e+00 -1.000000e+00 0.000000e+00
    outer loop
      vertex   4.987298e+01 -2.000000e+00 1.000000e+00
      vertex   8.500000e+01 -2.000000e+00 1.000000e+00
      vertex   4.987298e+01 -2.000000e+00 3.100000e+00
    endloop
  endfacet
  facet normal 0.000000e+00 -1.000000e+00 0.000000e+00
    outer loop
      vertex   4.987298e+01 -2.000000e+00 3.100000e+00
      vertex   8.500000e+01 -2.000000e+00 1.000000e+00
      vertex   8.500000e+01 -2.000000e+00 3.100000e+00
    endloop
  endfacet
  facet normal 0.000000e+00 0.000000e+00 1.000000e+00
    outer loop
      vertex   4.700000e+01 -4.872983e+00 3.100000e+00
      vertex   4.667063e+01 -4.943381e+00 3.100000e+00
      vertex   4.700000e+01 -2.550000e+01 3.100000e+00
    endloop
  endfacet
  facet normal 0.000000e+00 0.000000e+00 1.000000e+00
    outer loop
      vertex   4.700000e+01 -2.550000e+01 3.100000e+00
      vertex   4.667063e+01 -4.943381e+00 3.100000e+00
      vertex   4.633651e+01 -4.985820e+00 3.100000e+00
    endloop
  endfacet
  facet normal 0.000000e+00 0.000000e+00 1.000000e+00
    outer loop
      vertex   4.700000e+01 -2.550000e+01 3.100000e+00
      vertex   4.633651e+01 -4.985820e+00 3.100000e+00
      vertex   4.600000e+01 -2.550000e+01 3.100000e+00
    endloop
  endfacet
  facet normal 0.000000e+00 0.000000e+00 1.000000e+00
    outer loop
      vertex   4.600000e+01 -2.550000e+01 3.100000e+00
      vertex   4.633651e+01 -4.985820e+00 3.100000e+00
      vertex   4.600000e+01 -5.000000e+00 3.100000e+00
    endloop
  endfacet
  facet normal -0.000000e+00 0.000000e+00 1.000000e+00
    outer loop
      vertex   4.987298e+01 -3.200000e+01 3.100000e+00
      vertex   4.994338e+01 -3.232937e+01 3.100000e+00
      vertex   8.500000e+01 -3.200000e+01 3.100000e+00
    endloop
  endfacet
  facet normal 0.000000e+00 0.000000e+00 1.000000e+00
    outer loop
      vertex   8.500000e+01 -3.200000e+01 3.100000e+00
      vertex   4.994338e+01 -3.232937e+01 3.100000e+00
      vertex   4.998582e+01 -3.266349e+01 3.100000e+00
    endloop
  endfacet
  facet normal 0.000000e+00 0.000000e+00 1.000000e+00
    outer loop
      vertex   8.500000e+01 -3.200000e+01 3.100000e+00
      vertex   4.998582e+01 -3.266349e+01 3.100000e+00
      vertex   5.000000e+01 -3.300000e+01 3.100000e+00
    endloop
  endfacet
  facet normal 0.000000e+00 0.000000e+00 1.000000e+00
    outer loop
      vertex   5.000000e+01 -3.300000e+01 3.100000e+00
      vertex   8.600000e+01 -3.300000e+01 3.100000e+00
      vertex   8.500000e+01 -3.200000e+01 3.100000e+00
    endloop
  endfacet
  facet normal -0.000000e+00 0.000000e+00 1.000000e+00
    outer loop
      vertex   8.500000e+01 -3.200000e+01 3.100000e+00
      vertex   8.600000e+01 -3.300000e+01 3.100000e+00
      vertex   8.500000e+01 -2.000000e+00 3.100000e+00
    endloop
  endfacet
  facet normal -0.000000e+00 0.000000e+00 1.000000e+00
    outer loop
      vertex   8.500000e+01 -2.000000e+00 3.100000e+00
      vertex   8.600000e+01 -3.300000e+01 3.100000e+00
      vertex   8.600000e+01 -1.000000e+00 3.100000e+00
    endloop
  endfacet
  facet normal 0.000000e+00 -0.000000e+00 1.000000e+00
    outer loop
      vertex   8.500000e+01 -2.000000e+00 3.100000e+00
      vertex   8.600000e+01 -1.000000e+00 3.100000e+00
      vertex   5.000000e+01 -1.000000e+00 3.100000e+00
    endloop
  endfacet
  facet normal 0.000000e+00 0.000000e+00 1.000000e+00
    outer loop
      vertex   5.000000e+01 -1.000000e+00 3.100000e+00
      vertex   4.998582e+01 -1.336509e+00 3.100000e+00
      vertex   8.500000e+01 -2.000000e+00 3.100000e+00
    endloop
  endfacet
  facet normal 0.000000e+00 0.000000e+00 1.000000e+00
    outer loop
      vertex   8.500000e+01 -2.000000e+00 3.100000e+00
      vertex   4.998582e+01 -1.336509e+00 3.100000e+00
      vertex   4.994338e+01 -1.670632e+00 3.100000e+00
    endloop
  endfacet
  facet normal 0.000000e+00 0.000000e+00 1.000000e+00
    outer loop
      vertex   8.500000e+01 -2.000000e+00 3.100000e+00
      vertex   4.994338e+01 -1.670632e+00 3.100000e+00
      vertex   4.987298e+01 -2.000000e+00 3.100000e+00
    endloop
  endfacet
  facet normal 2.011657e-07 -1.000000e+00 -2.011657e-06
    outer loop
      vertex   4.600000e+01 -2.550000e+01 3.100000e+00
      vertex   4.600000e+01 -2.550000e+01 3.000000e+00
      vertex   4.700000e+01 -2.550000e+01 3.100000e+00
    endloop
  endfacet
  facet normal 0.000000e+00 -1.000000e+00 -0.000000e+00
    outer loop
      vertex   4.700000e+01 -2.550000e+01 3.100000e+00
      vertex   4.600000e+01 -2.550000e+01 3.000000e+00
      vertex   4.700000e+01 -2.550000e+01 3.000000e+00
    endloop
  endfacet
  facet normal -0.000000e+00 1.000000e+00 8.107985e-08
    outer loop
      vertex   4.600000e+01 -3.050000e+01 3.000000e+00
      vertex   4.600000e+01 -3.050000e+01 6.400000e+00
      vertex   4.700000e+01 -3.050000e+01 3.000000e+00
    endloop
  endfacet
  facet normal 0.000000e+00 1.000000e+00 8.107985e-08
    outer loop
      vertex   4.700000e+01 -3.050000e+01 3.000000e+00
      vertex   4.600000e+01 -3.050000e+01 6.400000e+00
      vertex   4.912250e+01 -3.050000e+01 6.400000e+00
    endloop
  endfacet
  facet normal 1.298806e-07 1.000000e+00 0.000000e+00
    outer loop
      vertex   4.700000e+01 -3.050000e+01 3.000000e+00
      vertex   4.912250e+01 -3.050000e+01 6.400000e+00
      vertex   4.912250e+01 -3.050000e+01 1.000000e+00
    endloop
  endfacet
  facet normal 0.000000e+00 1.000000e+00 -1.378357e-07
    outer loop
      vertex   4.912250e+01 -3.050000e+01 1.000000e+00
      vertex   4.700000e+01 -3.050000e+01 1.000000e+00
      vertex   4.700000e+01 -3.050000e+01 3.000000e+00
    endloop
  endfacet
  facet normal 0.000000e+00 -1.305262e-01 9.914449e-01
    outer loop
      vertex   4.500000e+01 -2.650000e+01 2.000000e+00
      vertex   4.700000e+01 -2.650000e+01 2.000000e+00
      vertex   4.500000e+01 -2.624118e+01 2.034074e+00
    endloop
  endfacet
  facet normal 0.000000e+00 -1.305262e-01 9.914449e-01
    outer loop
      vertex   4.500000e+01 -2.624118e+01 2.034074e+00
      vertex   4.700000e+01 -2.650000e+01 2.000000e+00
      vertex   4.700000e+01 -2.624118e+01 2.034074e+00
    endloop
  endfacet
  facet normal 0.000000e+00 -3.826834e-01 9.238795e-01
    outer loop
      vertex   4.500000e+01 -2.624118e+01 2.034074e+00
      vertex   4.700000e+01 -2.624118e+01 2.034074e+00
      vertex   4.500000e+01 -2.600000e+01 2.133975e+00
    endloop
  endfacet
  facet normal 0.000000e+00 -3.826834e-01 9.238795e-01
    outer loop
      vertex   4.500000e+01 -2.600000e+01 2.133975e+00
      vertex   4.700000e+01 -2.624118e+01 2.034074e+00
      vertex   4.700000e+01 -2.600000e+01 2.133975e+00
    endloop
  endfacet
  facet normal 0.000000e+00 -6.087614e-01 7.933533e-01
    outer loop
      vertex   4.500000e+01 -2.600000e+01 2.133975e+00
      vertex   4.700000e+01 -2.600000e+01 2.133975e+00
      vertex   4.500000e+01 -2.579289e+01 2.292893e+00
    endloop
  endfacet
  facet normal 0.000000e+00 -6.087614e-01 7.933533e-01
    outer loop
      vertex   4.500000e+01 -2.579289e+01 2.292893e+00
      vertex   4.700000e+01 -2.600000e+01 2.133975e+00
      vertex   4.700000e+01 -2.579289e+01 2.292893e+00
    endloop
  endfacet
  facet normal 0.000000e+00 -7.933533e-01 6.087614e-01
    outer loop
      vertex   4.500000e+01 -2.579289e+01 2.292893e+00
      vertex   4.700000e+01 -2.579289e+01 2.292893e+00
      vertex   4.500000e+01 -2.563397e+01 2.500000e+00
    endloop
  endfacet
  facet normal 0.000000e+00 -7.933533e-01 6.087614e-01
    outer loop
      vertex   4.500000e+01 -2.563397e+01 2.500000e+00
      vertex   4.700000e+01 -2.579289e+01 2.292893e+00
      vertex   4.700000e+01 -2.563397e+01 2.500000e+00
    endloop
  endfacet
  facet normal 0.000000e+00 -9.238795e-01 3.826834e-01
    outer loop
      vertex   4.500000e+01 -2.563397e+01 2.500000e+00
      vertex   4.700000e+01 -2.563397e+01 2.500000e+00
      vertex   4.500000e+01 -2.553407e+01 2.741181e+00
    endloop
  endfacet
  facet normal 0.000000e+00 -9.238795e-01 3.826834e-01
    outer loop
      vertex   4.500000e+01 -2.553407e+01 2.741181e+00
      vertex   4.700000e+01 -2.563397e+01 2.500000e+00
      vertex   4.700000e+01 -2.553407e+01 2.741181e+00
    endloop
  endfacet
  facet normal 0.000000e+00 -9.914449e-01 1.305262e-01
    outer loop
      vertex   4.500000e+01 -2.553407e+01 2.741181e+00
      vertex   4.700000e+01 -2.553407e+01 2.741181e+00
      vertex   4.600000e+01 -2.550000e+01 3.000000e+00
    endloop
  endfacet
  facet normal 0.000000e+00 -9.914449e-01 1.305262e-01
    outer loop
      vertex   4.600000e+01 -2.550000e+01 3.000000e+00
      vertex   4.700000e+01 -2.553407e+01 2.741181e+00
      vertex   4.700000e+01 -2.550000e+01 3.000000e+00
    endloop
  endfacet
  facet normal 0.000000e+00 -9.914449e-01 1.305262e-01
    outer loop
      vertex   4.600000e+01 -2.550000e+01 3.000000e+00
      vertex   4.500000e+01 -2.550000e+01 3.000000e+00
      vertex   4.500000e+01 -2.553407e+01 2.741181e+00
    endloop
  endfacet
  facet normal 0.000000e+00 -0.000000e+00 1.000000e+00
    outer loop
      vertex   4.700000e+01 -2.950000e+01 2.000000e+00
      vertex   4.700000e+01 -2.650000e+01 2.000000e+00
      vertex   4.500000e+01 -2.950000e+01 2.000000e+00
    endloop
  endfacet
  facet normal 0.000000e+00 0.000000e+00 1.000000e+00
    outer loop
      vertex   4.500000e+01 -2.950000e+01 2.000000e+00
      vertex   4.700000e+01 -2.650000e+01 2.000000e+00
      vertex   4.500000e+01 -2.650000e+01 2.000000e+00
    endloop
  endfacet
  facet normal 0.000000e+00 9.914449e-01 1.305262e-01
    outer loop
      vertex   4.700000e+01 -3.050000e+01 3.000000e+00
      vertex   4.700000e+01 -3.046593e+01 2.741181e+00
      vertex   4.600000e+01 -3.050000e+01 3.000000e+00
    endloop
  endfacet
  facet normal 0.000000e+00 9.914449e-01 1.305262e-01
    outer loop
      vertex   4.600000e+01 -3.050000e+01 3.000000e+00
      vertex   4.700000e+01 -3.046593e+01 2.741181e+00
      vertex   4.500000e+01 -3.046593e+01 2.741181e+00
    endloop
  endfacet
  facet normal 0.000000e+00 9.914449e-01 1.305262e-01
    outer loop
      vertex   4.600000e+01 -3.050000e+01 3.000000e+00
      vertex   4.500000e+01 -3.046593e+01 2.741181e+00
      vertex   4.500000e+01 -3.050000e+01 3.000000e+00
    endloop
  endfacet
  facet normal -0.000000e+00 9.238795e-01 3.826834e-01
    outer loop
      vertex   4.500000e+01 -3.046593e+01 2.741181e+00
      vertex   4.700000e+01 -3.046593e+01 2.741181e+00
      vertex   4.500000e+01 -3.036603e+01 2.500000e+00
    endloop
  endfacet
  facet normal -0.000000e+00 9.238795e-01 3.826834e-01
    outer loop
      vertex   4.500000e+01 -3.036603e+01 2.500000e+00
      vertex   4.700000e+01 -3.046593e+01 2.741181e+00
      vertex   4.700000e+01 -3.036603e+01 2.500000e+00
    endloop
  endfacet
  facet normal -0.000000e+00 7.933533e-01 6.087614e-01
    outer loop
      vertex   4.500000e+01 -3.036603e+01 2.500000e+00
      vertex   4.700000e+01 -3.036603e+01 2.500000e+00
      vertex   4.500000e+01 -3.020711e+01 2.292893e+00
    endloop
  endfacet
  facet normal -0.000000e+00 7.933533e-01 6.087614e-01
    outer loop
      vertex   4.500000e+01 -3.020711e+01 2.292893e+00
      vertex   4.700000e+01 -3.036603e+01 2.500000e+00
      vertex   4.700000e+01 -3.020711e+01 2.292893e+00
    endloop
  endfacet
  facet normal -0.000000e+00 6.087614e-01 7.933533e-01
    outer loop
      vertex   4.500000e+01 -3.020711e+01 2.292893e+00
      vertex   4.700000e+01 -3.020711e+01 2.292893e+00
      vertex   4.500000e+01 -3.000000e+01 2.133975e+00
    endloop
  endfacet
  facet normal -0.000000e+00 6.087614e-01 7.933533e-01
    outer loop
      vertex   4.500000e+01 -3.000000e+01 2.133975e+00
      vertex   4.700000e+01 -3.020711e+01 2.292893e+00
      vertex   4.700000e+01 -3.000000e+01 2.133975e+00
    endloop
  endfacet
  facet normal -0.000000e+00 3.826834e-01 9.238795e-01
    outer loop
      vertex   4.500000e+01 -3.000000e+01 2.133975e+00
      vertex   4.700000e+01 -3.000000e+01 2.133975e+00
      vertex   4.500000e+01 -2.975882e+01 2.034074e+00
    endloop
  endfacet
  facet normal -0.000000e+00 3.826834e-01 9.238795e-01
    outer loop
      vertex   4.500000e+01 -2.975882e+01 2.034074e+00
      vertex   4.700000e+01 -3.000000e+01 2.133975e+00
      vertex   4.700000e+01 -2.975882e+01 2.034074e+00
    endloop
  endfacet
  facet normal -0.000000e+00 1.305262e-01 9.914449e-01
    outer loop
      vertex   4.500000e+01 -2.975882e+01 2.034074e+00
      vertex   4.700000e+01 -2.975882e+01 2.034074e+00
      vertex   4.700000e+01 -2.950000e+01 2.000000e+00
    endloop
  endfacet
  facet normal 0.000000e+00 1.305262e-01 9.914449e-01
    outer loop
      vertex   4.700000e+01 -2.950000e+01 2.000000e+00
      vertex   4.500000e+01 -2.950000e+01 2.000000e+00
      vertex   4.500000e+01 -2.975882e+01 2.034074e+00
    endloop
  endfacet
  facet normal 0.000000e+00 -1.000000e+00 1.378357e-07
    outer loop
      vertex   4.500000e+01 -3.050000e+01 3.000000e+00
      vertex   4.500000e+01 -3.050000e+01 1.000000e+00
      vertex   4.600000e+01 -3.050000e+01 3.000000e+00
    endloop
  endfacet
  facet normal 0.000000e+00 -1.000000e+00 1.378357e-07
    outer loop
      vertex   4.600000e+01 -3.050000e+01 3.000000e+00
      vertex   4.500000e+01 -3.050000e+01 1.000000e+00
      vertex   4.600000e+01 -3.050000e+01 1.000000e+00
    endloop
  endfacet
  facet normal -1.000000e+00 1.713250e-05 -3.352785e-07
    outer loop
      vertex   4.500000e+01 -3.050000e+01 3.000000e+00
      vertex   4.500000e+01 -3.046593e+01 2.741181e+00
      vertex   4.500000e+01 -3.050000e+01 1.000000e+00
    endloop
  endfacet
  facet normal -1.000000e+00 0.000000e+00 0.000000e+00
    outer loop
      vertex   4.500000e+01 -3.050000e+01 1.000000e+00
      vertex   4.500000e+01 -3.046593e+01 2.741181e+00
      vertex   4.500000e+01 -3.036603e+01 2.500000e+00
    endloop
  endfacet
  facet normal -1.000000e+00 0.000000e+00 0.000000e+00
    outer loop
      vertex   4.500000e+01 -3.050000e+01 1.000000e+00
      vertex   4.500000e+01 -3.036603e+01 2.500000e+00
      vertex   4.500000e+01 -3.020711e+01 2.292893e+00
    endloop
  endfacet
  facet normal -1.000000e+00 0.000000e+00 -0.000000e+00
    outer loop
      vertex   4.500000e+01 -3.020711e+01 2.292893e+00
      vertex   4.500000e+01 -3.000000e+01 2.133975e+00
      vertex   4.500000e+01 -3.050000e+01 1.000000e+00
    endloop
  endfacet
  facet normal -1.000000e+00 0.000000e+00 0.000000e+00
    outer loop
      vertex   4.500000e+01 -3.050000e+01 1.000000e+00
      vertex   4.500000e+01 -3.000000e+01 2.133975e+00
      vertex   4.500000e+01 -2.975882e+01 2.034074e+00
    endloop
  endfacet
  facet normal -1.000000e+00 -2.367418e-06 1.696867e-06
    outer loop
      vertex   4.500000e+01 -3.050000e+01 1.000000e+00
      vertex   4.500000e+01 -2.975882e+01 2.034074e+00
      vertex   4.500000e+01 -2.950000e+01 2.000000e+00
    endloop
  endfacet
  facet normal -1.000000e+00 0.000000e+00 -6.705523e-07
    outer loop
      vertex   4.500000e+01 -3.050000e+01 1.000000e+00
      vertex   4.500000e+01 -2.950000e+01 2.000000e+00
      vertex   4.500000e+01 -2.550000e+01 1.000000e+00
    endloop
  endfacet
  facet normal -1.000000e+00 0.000000e+00 -6.705523e-07
    outer loop
      vertex   4.500000e+01 -2.550000e+01 1.000000e+00
      vertex   4.500000e+01 -2.950000e+01 2.000000e+00
      vertex   4.500000e+01 -2.650000e+01 2.000000e+00
    endloop
  endfacet
  facet normal -1.000000e+00 2.367418e-06 1.696866e-06
    outer loop
      vertex   4.500000e+01 -2.550000e+01 1.000000e+00
      vertex   4.500000e+01 -2.650000e+01 2.000000e+00
      vertex   4.500000e+01 -2.624118e+01 2.034074e+00
    endloop
  endfacet
  facet normal -1.000000e+00 0.000000e+00 0.000000e+00
    outer loop
      vertex   4.500000e+01 -2.624118e+01 2.034074e+00
      vertex   4.500000e+01 -2.600000e+01 2.133975e+00
      vertex   4.500000e+01 -2.550000e+01 1.000000e+00
    endloop
  endfacet
  facet normal -1.000000e+00 0.000000e+00 0.000000e+00
    outer loop
      vertex   4.500000e+01 -2.550000e+01 1.000000e+00
      vertex   4.500000e+01 -2.600000e+01 2.133975e+00
      vertex   4.500000e+01 -2.579289e+01 2.292893e+00
    endloop
  endfacet
  facet normal -1.000000e+00 0.000000e+00 0.000000e+00
    outer loop
      vertex   4.500000e+01 -2.550000e+01 1.000000e+00
      vertex   4.500000e+01 -2.579289e+01 2.292893e+00
      vertex   4.500000e+01 -2.563397e+01 2.500000e+00
    endloop
  endfacet
  facet normal -1.000000e+00 0.000000e+00 0.000000e+00
    outer loop
      vertex   4.500000e+01 -2.563397e+01 2.500000e+00
      vertex   4.500000e+01 -2.553407e+01 2.741181e+00
      vertex   4.500000e+01 -2.550000e+01 1.000000e+00
    endloop
  endfacet
  facet normal -1.000000e+00 -1.713253e-05 -3.352744e-07
    outer loop
      vertex   4.500000e+01 -2.550000e+01 1.000000e+00
      vertex   4.500000e+01 -2.553407e+01 2.741181e+00
      vertex   4.500000e+01 -2.550000e+01 3.000000e+00
    endloop
  endfacet
  facet normal -1.000000e+00 -0.000000e+00 -0.000000e+00
    outer loop
      vertex   4.500000e+01 0.000000e+00 1.000000e+00
      vertex   4.500000e+01 0.000000e+00 0.000000e+00
      vertex   4.500000e+01 -2.550000e+01 1.000000e+00
    endloop
  endfacet
  facet normal -1.000000e+00 0.000000e+00 -0.000000e+00
    outer loop
      vertex   4.500000e+01 -2.550000e+01 1.000000e+00
      vertex   4.500000e+01 0.000000e+00 0.000000e+00
      vertex   4.500000e+01 -3.400000e+01 0.000000e+00
    endloop
  endfacet
  facet normal -1.000000e+00 -0.000000e+00 0.000000e+00
    outer loop
      vertex   4.500000e+01 -2.550000e+01 1.000000e+00
      vertex   4.500000e+01 -3.400000e+01 0.000000e+00
      vertex   4.500000e+01 -3.050000e+01 1.000000e+00
    endloop
  endfacet
  facet normal -1.000000e+00 -0.000000e+00 0.000000e+00
    outer loop
      vertex   4.500000e+01 -3.050000e+01 1.000000e+00
      vertex   4.500000e+01 -3.400000e+01 0.000000e+00
      vertex   4.500000e+01 -3.400000e+01 1.000000e+00
    endloop
  endfacet
  facet normal 0.000000e+00 1.000000e+00 -1.005828e-07
    outer loop
      vertex   4.500000e+01 -2.550000e+01 3.000000e+00
      vertex   4.600000e+01 -2.550000e+01 3.000000e+00
      vertex   4.500000e+01 -2.550000e+01 1.000000e+00
    endloop
  endfacet
  facet normal 0.000000e+00 1.000000e+00 -1.005828e-07
    outer loop
      vertex   4.500000e+01 -2.550000e+01 1.000000e+00
      vertex   4.600000e+01 -2.550000e+01 3.000000e+00
      vertex   4.600000e+01 -2.550000e+01 1.000000e+00
    endloop
  endfacet
  facet normal -1.000000e+00 0.000000e+00 -0.000000e+00
    outer loop
      vertex   4.600000e+01 -1.000000e+00 6.400000e+00
      vertex   4.600000e+01 -1.000000e+00 1.000000e+00
      vertex   4.600000e+01 -5.000000e+00 3.100000e+00
    endloop
  endfacet
  facet normal -1.000000e+00 0.000000e+00 -0.000000e+00
    outer loop
      vertex   4.600000e+01 -5.000000e+00 3.100000e+00
      vertex   4.600000e+01 -1.000000e+00 1.000000e+00
      vertex   4.600000e+01 -2.550000e+01 1.000000e+00
    endloop
  endfacet
  facet normal -1.000000e+00 0.000000e+00 0.000000e+00
    outer loop
      vertex   4.600000e+01 -5.000000e+00 3.100000e+00
      vertex   4.600000e+01 -2.550000e+01 1.000000e+00
      vertex   4.600000e+01 -2.550000e+01 3.000000e+00
    endloop
  endfacet
  facet normal -1.000000e+00 0.000000e+00 0.000000e+00
    outer loop
      vertex   4.600000e+01 -2.550000e+01 3.000000e+00
      vertex   4.600000e+01 -2.550000e+01 3.100000e+00
      vertex   4.600000e+01 -5.000000e+00 3.100000e+00
    endloop
  endfacet
  facet normal -1.000000e+00 0.000000e+00 0.000000e+00
    outer loop
      vertex   4.600000e+01 -5.000000e+00 3.100000e+00
      vertex   4.600000e+01 -5.000000e+00 6.400000e+00
      vertex   4.600000e+01 -1.000000e+00 6.400000e+00
    endloop
  endfacet
  facet normal -1.000000e+00 0.000000e+00 0.000000e+00
    outer loop
      vertex   8.500000e+01 -2.000000e+00 1.000000e+00
      vertex   8.500000e+01 -3.200000e+01 1.000000e+00
      vertex   8.500000e+01 -2.000000e+00 3.100000e+00
    endloop
  endfacet
  facet normal -1.000000e+00 -0.000000e+00 0.000000e+00
    outer loop
      vertex   8.500000e+01 -2.000000e+00 3.100000e+00
      vertex   8.500000e+01 -3.200000e+01 1.000000e+00
      vertex   8.500000e+01 -3.200000e+01 3.100000e+00
    endloop
  endfacet
  facet normal 1.000000e+00 0.000000e+00 0.000000e+00
    outer loop
      vertex   8.600000e+01 -3.300000e+01 1.000000e+00
      vertex   8.600000e+01 -1.000000e+00 1.000000e+00
      vertex   8.600000e+01 -3.300000e+01 3.100000e+00
    endloop
  endfacet
  facet normal 1.000000e+00 -0.000000e+00 0.000000e+00
    outer loop
      vertex   8.600000e+01 -3.300000e+01 3.100000e+00
      vertex   8.600000e+01 -1.000000e+00 1.000000e+00
      vertex   8.600000e+01 -1.000000e+00 3.100000e+00
    endloop
  endfacet
  facet normal 0.000000e+00 -1.000000e+00 0.000000e+00
    outer loop
      vertex   4.600000e+01 -3.300000e+01 6.400000e+00
      vertex   4.600000e+01 -3.300000e+01 1.000000e+00
      vertex   5.000000e+01 -3.300000e+01 3.100000e+00
    endloop
  endfacet
  facet normal 0.000000e+00 -1.000000e+00 -0.000000e+00
    outer loop
      vertex   5.000000e+01 -3.300000e+01 3.100000e+00
      vertex   4.600000e+01 -3.300000e+01 1.000000e+00
      vertex   8.600000e+01 -3.300000e+01 1.000000e+00
    endloop
  endfacet
  facet normal 0.000000e+00 -1.000000e+00 0.000000e+00
    outer loop
      vertex   5.000000e+01 -3.300000e+01 3.100000e+00
      vertex   8.600000e+01 -3.300000e+01 1.000000e+00
      vertex   8.600000e+01 -3.300000e+01 3.100000e+00
    endloop
  endfacet
  facet normal 0.000000e+00 -1.000000e+00 0.000000e+00
    outer loop
      vertex   5.000000e+01 -3.300000e+01 3.100000e+00
      vertex   5.000000e+01 -3.300000e+01 6.400000e+00
      vertex   4.600000e+01 -3.300000e+01 6.400000e+00
    endloop
  endfacet
  facet normal -1.000000e+00 -0.000000e+00 -0.000000e+00
    outer loop
      vertex   4.600000e+01 -3.050000e+01 6.400000e+00
      vertex   4.600000e+01 -3.050000e+01 3.000000e+00
      vertex   4.600000e+01 -3.300000e+01 6.400000e+00
    endloop
  endfacet
  facet normal -1.000000e+00 0.000000e+00 0.000000e+00
    outer loop
      vertex   4.600000e+01 -3.300000e+01 6.400000e+00
      vertex   4.600000e+01 -3.050000e+01 3.000000e+00
      vertex   4.600000e+01 -3.300000e+01 1.000000e+00
    endloop
  endfacet
  facet normal -1.000000e+00 0.000000e+00 0.000000e+00
    outer loop
      vertex   4.600000e+01 -3.300000e+01 1.000000e+00
      vertex   4.600000e+01 -3.050000e+01 3.000000e+00
      vertex   4.600000e+01 -3.050000e+01 1.000000e+00
    endloop
  endfacet
  facet normal 0.000000e+00 0.000000e+00 1.000000e+00
    outer loop
      vertex   4.600000e+01 -3.050000e+01 1.000000e+00
      vertex   4.500000e+01 -3.050000e+01 1.000000e+00
      vertex   4.600000e+01 -3.300000e+01 1.000000e+00
    endloop
  endfacet
  facet normal 0.000000e+00 0.000000e+00 1.000000e+00
    outer loop
      vertex   4.600000e+01 -3.300000e+01 1.000000e+00
      vertex   4.500000e+01 -3.050000e+01 1.000000e+00
      vertex   4.500000e+01 -3.400000e+01 1.000000e+00
    endloop
  endfacet
  facet normal 0.000000e+00 0.000000e+00 1.000000e+00
    outer loop
      vertex   4.600000e+01 -3.300000e+01 1.000000e+00
      vertex   4.500000e+01 -3.400000e+01 1.000000e+00
      vertex   8.700000e+01 -3.400000e+01 1.000000e+00
    endloop
  endfacet
  facet normal 0.000000e+00 0.000000e+00 1.000000e+00
    outer loop
      vertex   8.700000e+01 0.000000e+00 1.000000e+00
      vertex   8.600000e+01 -1.000000e+00 1.000000e+00
      vertex   8.700000e+01 -3.400000e+01 1.000000e+00
    endloop
  endfacet
  facet normal 0.000000e+00 0.000000e+00 1.000000e+00
    outer loop
      vertex   8.700000e+01 -3.400000e+01 1.000000e+00
      vertex   8.600000e+01 -1.000000e+00 1.000000e+00
      vertex   8.600000e+01 -3.300000e+01 1.000000e+00
    endloop
  endfacet
  facet normal 0.000000e+00 0.000000e+00 1.000000e+00
    outer loop
      vertex   8.700000e+01 -3.400000e+01 1.000000e+00
      vertex   8.600000e+01 -3.300000e+01 1.000000e+00
      vertex   4.600000e+01 -3.300000e+01 1.000000e+00
    endloop
  endfacet
  facet normal 0.000000e+00 0.000000e+00 1.000000e+00
    outer loop
      vertex   8.700000e+01 0.000000e+00 1.000000e+00
      vertex   4.500000e+01 0.000000e+00 1.000000e+00
      vertex   8.600000e+01 -1.000000e+00 1.000000e+00
    endloop
  endfacet
  facet normal 0.000000e+00 0.000000e+00 1.000000e+00
    outer loop
      vertex   8.600000e+01 -1.000000e+00 1.000000e+00
      vertex   4.500000e+01 0.000000e+00 1.000000e+00
      vertex   4.600000e+01 -1.000000e+00 1.000000e+00
    endloop
  endfacet
  facet normal 0.000000e+00 0.000000e+00 1.000000e+00
    outer loop
      vertex   4.600000e+01 -1.000000e+00 1.000000e+00
      vertex   4.500000e+01 0.000000e+00 1.000000e+00
      vertex   4.500000e+01 -2.550000e+01 1.000000e+00
    endloop
  endfacet
  facet normal 0.000000e+00 0.000000e+00 1.000000e+00
    outer loop
      vertex   4.600000e+01 -1.000000e+00 1.000000e+00
      vertex   4.500000e+01 -2.550000e+01 1.000000e+00
      vertex   4.600000e+01 -2.550000e+01 1.000000e+00
    endloop
  endfacet
  facet normal 0.000000e+00 1.000000e+00 -0.000000e+00
    outer loop
      vertex   8.700000e+01 0.000000e+00 0.000000e+00
      vertex   4.500000e+01 0.000000e+00 0.000000e+00
      vertex   8.700000e+01 0.000000e+00 1.000000e+00
    endloop
  endfacet
  facet normal 0.000000e+00 1.000000e+00 0.000000e+00
    outer loop
      vertex   8.700000e+01 0.000000e+00 1.000000e+00
      vertex   4.500000e+01 0.000000e+00 0.000000e+00
      vertex   4.500000e+01 0.000000e+00 1.000000e+00
    endloop
  endfacet
  facet normal 1.000000e+00 0.000000e+00 0.000000e+00
    outer loop
      vertex   8.700000e+01 -3.400000e+01 0.000000e+00
      vertex   8.700000e+01 0.000000e+00 0.000000e+00
      vertex   8.700000e+01 -3.400000e+01 1.000000e+00
    endloop
  endfacet
  facet normal 1.000000e+00 -0.000000e+00 0.000000e+00
    outer loop
      vertex   8.700000e+01 -3.400000e+01 1.000000e+00
      vertex   8.700000e+01 0.000000e+00 0.000000e+00
      vertex   8.700000e+01 0.000000e+00 1.000000e+00
    endloop
  endfacet
  facet normal 0.000000e+00 -1.000000e+00 0.000000e+00
    outer loop
      vertex   4.500000e+01 -3.400000e+01 0.000000e+00
      vertex   8.700000e+01 -3.400000e+01 0.000000e+00
      vertex   4.500000e+01 -3.400000e+01 1.000000e+00
    endloop
  endfacet
  facet normal 0.000000e+00 -1.000000e+00 0.000000e+00
    outer loop
      vertex   4.500000e+01 -3.400000e+01 1.000000e+00
      vertex   8.700000e+01 -3.400000e+01 0.000000e+00
      vertex   8.700000e+01 -3.400000e+01 1.000000e+00
    endloop
  endfacet
  facet normal 0.000000e+00 0.000000e+00 -1.000000e+00
    outer loop
      vertex   5.400000e+01 -3.050000e+01 0.000000e+00
      vertex   5.950000e+01 -2.988675e+01 0.000000e+00
      vertex   5.400000e+01 -3.200000e+01 0.000000e+00
    endloop
  endfacet
  facet normal 0.000000e+00 0.000000e+00 -1.000000e+00
    outer loop
      vertex   5.400000e+01 -3.200000e+01 0.000000e+00
      vertex   5.950000e+01 -2.988675e+01 0.000000e+00
      vertex   6.550000e+01 -2.988675e+01 0.000000e+00
    endloop
  endfacet
  facet normal 0.000000e+00 0.000000e+00 -1.000000e+00
    outer loop
      vertex   5.400000e+01 -3.200000e+01 0.000000e+00
      vertex   6.550000e+01 -2.988675e+01 0.000000e+00
      vertex   8.700000e+01 -3.400000e+01 0.000000e+00
    endloop
  endfacet
  facet normal 0.000000e+00 0.000000e+00 -1.000000e+00
    outer loop
      vertex   8.700000e+01 -3.400000e+01 0.000000e+00
      vertex   6.550000e+01 -2.988675e+01 0.000000e+00
      vertex   7.150000e+01 -2.988675e+01 0.000000e+00
    endloop
  endfacet
  facet normal 0.000000e+00 0.000000e+00 -1.000000e+00
    outer loop
      vertex   8.700000e+01 -3.400000e+01 0.000000e+00
      vertex   7.150000e+01 -2.988675e+01 0.000000e+00
      vertex   7.750000e+01 -2.988675e+01 0.000000e+00
    endloop
  endfacet
  facet normal 0.000000e+00 0.000000e+00 -1.000000e+00
    outer loop
      vertex   7.750000e+01 -2.988675e+01 0.000000e+00
      vertex   7.150000e+01 -2.988675e+01 0.000000e+00
      vertex   7.500000e+01 -2.844338e+01 0.000000e+00
    endloop
  endfacet
  facet normal -0.000000e+00 0.000000e+00 -1.000000e+00
    outer loop
      vertex   7.500000e+01 -2.844338e+01 0.000000e+00
      vertex   7.150000e+01 -2.988675e+01 0.000000e+00
      vertex   7.400000e+01 -2.844338e+01 0.000000e+00
    endloop
  endfacet
  facet normal 0.000000e+00 0.000000e+00 -1.000000e+00
    outer loop
      vertex   7.500000e+01 -2.844338e+01 0.000000e+00
      vertex   7.400000e+01 -2.844338e+01 0.000000e+00
      vertex   7.500000e+01 -2.555662e+01 0.000000e+00
    endloop
  endfacet
  facet normal -0.000000e+00 0.000000e+00 -1.000000e+00
    outer loop
      vertex   7.500000e+01 -2.555662e+01 0.000000e+00
      vertex   7.400000e+01 -2.844338e+01 0.000000e+00
      vertex   7.400000e+01 -2.555662e+01 0.000000e+00
    endloop
  endfacet
  facet normal 0.000000e+00 0.000000e+00 -1.000000e+00
    outer loop
      vertex   7.500000e+01 -2.555662e+01 0.000000e+00
      vertex   7.400000e+01 -2.555662e+01 0.000000e+00
      vertex   7.450000e+01 -2.488675e+01 0.000000e+00
    endloop
  endfacet
  facet normal -0.000000e+00 0.000000e+00 -1.000000e+00
    outer loop
      vertex   7.450000e+01 -2.488675e+01 0.000000e+00
      vertex   7.400000e+01 -2.555662e+01 0.000000e+00
      vertex   7.150000e+01 -2.411325e+01 0.000000e+00
    endloop
  endfacet
  facet normal 0.000000e+00 0.000000e+00 -1.000000e+00
    outer loop
      vertex   7.450000e+01 -2.488675e+01 0.000000e+00
      vertex   7.150000e+01 -2.411325e+01 0.000000e+00
      vertex   7.200000e+01 -2.344338e+01 0.000000e+00
    endloop
  endfacet
  facet normal 0.000000e+00 0.000000e+00 -1.000000e+00
    outer loop
      vertex   7.200000e+01 -2.344338e+01 0.000000e+00
      vertex   7.150000e+01 -2.411325e+01 0.000000e+00
      vertex   7.100000e+01 -2.344338e+01 0.000000e+00
    endloop
  endfacet
  facet normal -0.000000e+00 0.000000e+00 -1.000000e+00
    outer loop
      vertex   7.200000e+01 -2.344338e+01 0.000000e+00
      vertex   7.100000e+01 -2.344338e+01 0.000000e+00
      vertex   7.200000e+01 -2.055662e+01 0.000000e+00
    endloop
  endfacet
  facet normal -0.000000e+00 0.000000e+00 -1.000000e+00
    outer loop
      vertex   7.200000e+01 -2.055662e+01 0.000000e+00
      vertex   7.100000e+01 -2.344338e+01 0.000000e+00
      vertex   7.100000e+01 -2.055662e+01 0.000000e+00
    endloop
  endfacet
  facet normal 0.000000e+00 0.000000e+00 -1.000000e+00
    outer loop
      vertex   7.200000e+01 -2.055662e+01 0.000000e+00
      vertex   7.100000e+01 -2.055662e+01 0.000000e+00
      vertex   7.150000e+01 -1.988675e+01 0.000000e+00
    endloop
  endfacet
  facet normal -0.000000e+00 0.000000e+00 -1.000000e+00
    outer loop
      vertex   7.150000e+01 -1.988675e+01 0.000000e+00
      vertex   7.100000e+01 -2.055662e+01 0.000000e+00
      vertex   6.850000e+01 -1.911325e+01 0.000000e+00
    endloop
  endfacet
  facet normal 0.000000e+00 0.000000e+00 -1.000000e+00
    outer loop
      vertex   7.150000e+01 -1.988675e+01 0.000000e+00
      vertex   6.850000e+01 -1.911325e+01 0.000000e+00
      vertex   6.900000e+01 -1.844338e+01 0.000000e+00
    endloop
  endfacet
  facet normal 0.000000e+00 0.000000e+00 -1.000000e+00
    outer loop
      vertex   6.900000e+01 -1.844338e+01 0.000000e+00
      vertex   6.850000e+01 -1.911325e+01 0.000000e+00
      vertex   6.800000e+01 -1.844338e+01 0.000000e+00
    endloop
  endfacet
  facet normal -0.000000e+00 0.000000e+00 -1.000000e+00
    outer loop
      vertex   6.900000e+01 -1.844338e+01 0.000000e+00
      vertex   6.800000e+01 -1.844338e+01 0.000000e+00
      vertex   6.900000e+01 -1.555662e+01 0.000000e+00
    endloop
  endfacet
  facet normal -0.000000e+00 0.000000e+00 -1.000000e+00
    outer loop
      vertex   6.900000e+01 -1.555662e+01 0.000000e+00
      vertex   6.800000e+01 -1.844338e+01 0.000000e+00
      vertex   6.800000e+01 -1.555662e+01 0.000000e+00
    endloop
  endfacet
  facet normal 0.000000e+00 0.000000e+00 -1.000000e+00
    outer loop
      vertex   6.900000e+01 -1.555662e+01 0.000000e+00
      vertex   6.800000e+01 -1.555662e+01 0.000000e+00
      vertex   6.850000e+01 -1.488675e+01 0.000000e+00
    endloop
  endfacet
  facet normal -0.000000e+00 0.000000e+00 -1.000000e+00
    outer loop
      vertex   6.850000e+01 -1.488675e+01 0.000000e+00
      vertex   6.800000e+01 -1.555662e+01 0.000000e+00
      vertex   6.550000e+01 -1.411325e+01 0.000000e+00
    endloop
  endfacet
  facet normal 0.000000e+00 0.000000e+00 -1.000000e+00
    outer loop
      vertex   6.850000e+01 -1.488675e+01 0.000000e+00
      vertex   6.550000e+01 -1.411325e+01 0.000000e+00
      vertex   6.600000e+01 -1.344338e+01 0.000000e+00
    endloop
  endfacet
  facet normal 0.000000e+00 0.000000e+00 -1.000000e+00
    outer loop
      vertex   6.600000e+01 -1.344338e+01 0.000000e+00
      vertex   6.550000e+01 -1.411325e+01 0.000000e+00
      vertex   6.500000e+01 -1.344338e+01 0.000000e+00
    endloop
  endfacet
  facet normal -0.000000e+00 0.000000e+00 -1.000000e+00
    outer loop
      vertex   6.600000e+01 -1.344338e+01 0.000000e+00
      vertex   6.500000e+01 -1.344338e+01 0.000000e+00
      vertex   6.600000e+01 -1.055662e+01 0.000000e+00
    endloop
  endfacet
  facet normal 0.000000e+00 0.000000e+00 -1.000000e+00
    outer loop
      vertex   6.600000e+01 -1.055662e+01 0.000000e+00
      vertex   6.500000e+01 -1.344338e+01 0.000000e+00
      vertex   6.500000e+01 -1.055662e+01 0.000000e+00
    endloop
  endfacet
  facet normal -0.000000e+00 0.000000e+00 -1.000000e+00
    outer loop
      vertex   6.600000e+01 -1.055662e+01 0.000000e+00
      vertex   6.500000e+01 -1.055662e+01 0.000000e+00
      vertex   6.550000e+01 -9.886751e+00 0.000000e+00
    endloop
  endfacet
  facet normal -0.000000e+00 0.000000e+00 -1.000000e+00
    outer loop
      vertex   6.550000e+01 -9.886751e+00 0.000000e+00
      vertex   6.500000e+01 -1.055662e+01 0.000000e+00
      vertex   6.250000e+01 -9.113249e+00 0.000000e+00
    endloop
  endfacet
  facet normal 0.000000e+00 0.000000e+00 -1.000000e+00
    outer loop
      vertex   6.550000e+01 -9.886751e+00 0.000000e+00
      vertex   6.250000e+01 -9.113249e+00 0.000000e+00
      vertex   6.300000e+01 -8.443376e+00 0.000000e+00
    endloop
  endfacet
  facet normal 0.000000e+00 0.000000e+00 -1.000000e+00
    outer loop
      vertex   6.300000e+01 -8.443376e+00 0.000000e+00
      vertex   6.250000e+01 -9.113249e+00 0.000000e+00
      vertex   6.200000e+01 -8.443376e+00 0.000000e+00
    endloop
  endfacet
  facet normal -0.000000e+00 0.000000e+00 -1.000000e+00
    outer loop
      vertex   6.300000e+01 -8.443376e+00 0.000000e+00
      vertex   6.200000e+01 -8.443376e+00 0.000000e+00
      vertex   6.300000e+01 -5.556624e+00 0.000000e+00
    endloop
  endfacet
  facet normal 0.000000e+00 0.000000e+00 -1.000000e+00
    outer loop
      vertex   6.300000e+01 -5.556624e+00 0.000000e+00
      vertex   6.200000e+01 -8.443376e+00 0.000000e+00
      vertex   6.200000e+01 -5.556624e+00 0.000000e+00
    endloop
  endfacet
  facet normal -0.000000e+00 0.000000e+00 -1.000000e+00
    outer loop
      vertex   6.300000e+01 -5.556624e+00 0.000000e+00
      vertex   6.200000e+01 -5.556624e+00 0.000000e+00
      vertex   6.550000e+01 -4.113249e+00 0.000000e+00
    endloop
  endfacet
  facet normal 0.000000e+00 0.000000e+00 -1.000000e+00
    outer loop
      vertex   6.550000e+01 -4.113249e+00 0.000000e+00
      vertex   6.200000e+01 -5.556624e+00 0.000000e+00
      vertex   5.950000e+01 -4.113249e+00 0.000000e+00
    endloop
  endfacet
  facet normal -0.000000e+00 0.000000e+00 -1.000000e+00
    outer loop
      vertex   6.550000e+01 -4.113249e+00 0.000000e+00
      vertex   5.950000e+01 -4.113249e+00 0.000000e+00
      vertex   4.500000e+01 0.000000e+00 0.000000e+00
    endloop
  endfacet
  facet normal 0.000000e+00 0.000000e+00 -1.000000e+00
    outer loop
      vertex   4.500000e+01 0.000000e+00 0.000000e+00
      vertex   5.950000e+01 -4.113249e+00 0.000000e+00
      vertex   5.350000e+01 -4.113249e+00 0.000000e+00
    endloop
  endfacet
  facet normal 0.000000e+00 0.000000e+00 -1.000000e+00
    outer loop
      vertex   4.500000e+01 0.000000e+00 0.000000e+00
      vertex   5.350000e+01 -4.113249e+00 0.000000e+00
      vertex   5.100000e+01 -5.556624e+00 0.000000e+00
    endloop
  endfacet
  facet normal -0.000000e+00 0.000000e+00 -1.000000e+00
    outer loop
      vertex   5.950000e+01 -2.988675e+01 0.000000e+00
      vertex   5.400000e+01 -3.050000e+01 0.000000e+00
      vertex   5.700000e+01 -2.844338e+01 0.000000e+00
    endloop
  endfacet
  facet normal -0.000000e+00 0.000000e+00 -1.000000e+00
    outer loop
      vertex   5.700000e+01 -2.844338e+01 0.000000e+00
      vertex   5.400000e+01 -3.050000e+01 0.000000e+00
      vertex   5.550000e+01 -2.750000e+01 0.000000e+00
    endloop
  endfacet
  facet normal 0.000000e+00 0.000000e+00 -1.000000e+00
    outer loop
      vertex   5.700000e+01 -2.844338e+01 0.000000e+00
      vertex   5.550000e+01 -2.750000e+01 0.000000e+00
      vertex   5.700000e+01 -2.555662e+01 0.000000e+00
    endloop
  endfacet
  facet normal -0.000000e+00 0.000000e+00 -1.000000e+00
    outer loop
      vertex   5.700000e+01 -2.555662e+01 0.000000e+00
      vertex   5.550000e+01 -2.750000e+01 0.000000e+00
      vertex   5.650000e+01 -2.488675e+01 0.000000e+00
    endloop
  endfacet
  facet normal 0.000000e+00 0.000000e+00 -1.000000e+00
    outer loop
      vertex   5.700000e+01 -2.555662e+01 0.000000e+00
      vertex   5.650000e+01 -2.488675e+01 0.000000e+00
      vertex   5.950000e+01 -2.411325e+01 0.000000e+00
    endloop
  endfacet
  facet normal -0.000000e+00 0.000000e+00 -1.000000e+00
    outer loop
      vertex   5.950000e+01 -2.411325e+01 0.000000e+00
      vertex   5.650000e+01 -2.488675e+01 0.000000e+00
      vertex   5.900000e+01 -2.344338e+01 0.000000e+00
    endloop
  endfacet
  facet normal 0.000000e+00 0.000000e+00 -1.000000e+00
    outer loop
      vertex   5.950000e+01 -2.411325e+01 0.000000e+00
      vertex   5.900000e+01 -2.344338e+01 0.000000e+00
      vertex   6.000000e+01 -2.344338e+01 0.000000e+00
    endloop
  endfacet
  facet normal -0.000000e+00 0.000000e+00 -1.000000e+00
    outer loop
      vertex   6.000000e+01 -2.344338e+01 0.000000e+00
      vertex   5.900000e+01 -2.344338e+01 0.000000e+00
      vertex   6.000000e+01 -2.055662e+01 0.000000e+00
    endloop
  endfacet
  facet normal -0.000000e+00 0.000000e+00 -1.000000e+00
    outer loop
      vertex   6.000000e+01 -2.055662e+01 0.000000e+00
      vertex   5.900000e+01 -2.344338e+01 0.000000e+00
      vertex   5.900000e+01 -2.055662e+01 0.000000e+00
    endloop
  endfacet
  facet normal 0.000000e+00 0.000000e+00 -1.000000e+00
    outer loop
      vertex   6.000000e+01 -2.055662e+01 0.000000e+00
      vertex   5.900000e+01 -2.055662e+01 0.000000e+00
      vertex   5.950000e+01 -1.988675e+01 0.000000e+00
    endloop
  endfacet
  facet normal -0.000000e+00 0.000000e+00 -1.000000e+00
    outer loop
      vertex   5.950000e+01 -1.988675e+01 0.000000e+00
      vertex   5.900000e+01 -2.055662e+01 0.000000e+00
      vertex   5.650000e+01 -1.911325e+01 0.000000e+00
    endloop
  endfacet
  facet normal 0.000000e+00 0.000000e+00 -1.000000e+00
    outer loop
      vertex   5.950000e+01 -1.988675e+01 0.000000e+00
      vertex   5.650000e+01 -1.911325e+01 0.000000e+00
      vertex   5.700000e+01 -1.844338e+01 0.000000e+00
    endloop
  endfacet
  facet normal 0.000000e+00 0.000000e+00 -1.000000e+00
    outer loop
      vertex   5.700000e+01 -1.844338e+01 0.000000e+00
      vertex   5.650000e+01 -1.911325e+01 0.000000e+00
      vertex   5.600000e+01 -1.844338e+01 0.000000e+00
    endloop
  endfacet
  facet normal -0.000000e+00 0.000000e+00 -1.000000e+00
    outer loop
      vertex   5.700000e+01 -1.844338e+01 0.000000e+00
      vertex   5.600000e+01 -1.844338e+01 0.000000e+00
      vertex   5.700000e+01 -1.555662e+01 0.000000e+00
    endloop
  endfacet
  facet normal -0.000000e+00 0.000000e+00 -1.000000e+00
    outer loop
      vertex   5.700000e+01 -1.555662e+01 0.000000e+00
      vertex   5.600000e+01 -1.844338e+01 0.000000e+00
      vertex   5.600000e+01 -1.555662e+01 0.000000e+00
    endloop
  endfacet
  facet normal 0.000000e+00 0.000000e+00 -1.000000e+00
    outer loop
      vertex   5.700000e+01 -1.555662e+01 0.000000e+00
      vertex   5.600000e+01 -1.555662e+01 0.000000e+00
      vertex   5.650000e+01 -1.488675e+01 0.000000e+00
    endloop
  endfacet
  facet normal -0.000000e+00 0.000000e+00 -1.000000e+00
    outer loop
      vertex   5.650000e+01 -1.488675e+01 0.000000e+00
      vertex   5.600000e+01 -1.555662e+01 0.000000e+00
      vertex   5.350000e+01 -1.411325e+01 0.000000e+00
    endloop
  endfacet
  facet normal 0.000000e+00 0.000000e+00 -1.000000e+00
    outer loop
      vertex   5.650000e+01 -1.488675e+01 0.000000e+00
      vertex   5.350000e+01 -1.411325e+01 0.000000e+00
      vertex   5.400000e+01 -1.344338e+01 0.000000e+00
    endloop
  endfacet
  facet normal 0.000000e+00 0.000000e+00 -1.000000e+00
    outer loop
      vertex   5.400000e+01 -1.344338e+01 0.000000e+00
      vertex   5.350000e+01 -1.411325e+01 0.000000e+00
      vertex   5.300000e+01 -1.344338e+01 0.000000e+00
    endloop
  endfacet
  facet normal -0.000000e+00 0.000000e+00 -1.000000e+00
    outer loop
      vertex   5.400000e+01 -1.344338e+01 0.000000e+00
      vertex   5.300000e+01 -1.344338e+01 0.000000e+00
      vertex   5.400000e+01 -1.055662e+01 0.000000e+00
    endloop
  endfacet
  facet normal 0.000000e+00 0.000000e+00 -1.000000e+00
    outer loop
      vertex   5.400000e+01 -1.055662e+01 0.000000e+00
      vertex   5.300000e+01 -1.344338e+01 0.000000e+00
      vertex   5.300000e+01 -1.055662e+01 0.000000e+00
    endloop
  endfacet
  facet normal -0.000000e+00 0.000000e+00 -1.000000e+00
    outer loop
      vertex   5.400000e+01 -1.055662e+01 0.000000e+00
      vertex   5.300000e+01 -1.055662e+01 0.000000e+00
      vertex   5.350000e+01 -9.886751e+00 0.000000e+00
    endloop
  endfacet
  facet normal -0.000000e+00 0.000000e+00 -1.000000e+00
    outer loop
      vertex   5.350000e+01 -9.886751e+00 0.000000e+00
      vertex   5.300000e+01 -1.055662e+01 0.000000e+00
      vertex   5.050000e+01 -9.113249e+00 0.000000e+00
    endloop
  endfacet
  facet normal 0.000000e+00 0.000000e+00 -1.000000e+00
    outer loop
      vertex   5.350000e+01 -9.886751e+00 0.000000e+00
      vertex   5.050000e+01 -9.113249e+00 0.000000e+00
      vertex   5.100000e+01 -8.443376e+00 0.000000e+00
    endloop
  endfacet
  facet normal -0.000000e+00 0.000000e+00 -1.000000e+00
    outer loop
      vertex   5.100000e+01 -8.443376e+00 0.000000e+00
      vertex   5.050000e+01 -9.113249e+00 0.000000e+00
      vertex   5.100000e+01 -5.556624e+00 0.000000e+00
    endloop
  endfacet
  facet normal 0.000000e+00 0.000000e+00 -1.000000e+00
    outer loop
      vertex   5.100000e+01 -5.556624e+00 0.000000e+00
      vertex   5.050000e+01 -9.113249e+00 0.000000e+00
      vertex   4.800000e+01 -1.055662e+01 0.000000e+00
    endloop
  endfacet
  facet normal -0.000000e+00 0.000000e+00 -1.000000e+00
    outer loop
      vertex   5.100000e+01 -5.556624e+00 0.000000e+00
      vertex   4.800000e+01 -1.055662e+01 0.000000e+00
      vertex   4.500000e+01 0.000000e+00 0.000000e+00
    endloop
  endfacet
  facet normal 0.000000e+00 0.000000e+00 -1.000000e+00
    outer loop
      vertex   4.500000e+01 0.000000e+00 0.000000e+00
      vertex   4.800000e+01 -1.055662e+01 0.000000e+00
      vertex   4.800000e+01 -1.344338e+01 0.000000e+00
    endloop
  endfacet
  facet normal 0.000000e+00 0.000000e+00 -1.000000e+00
    outer loop
      vertex   4.500000e+01 0.000000e+00 0.000000e+00
      vertex   4.800000e+01 -1.344338e+01 0.000000e+00
      vertex   4.800000e+01 -2.055662e+01 0.000000e+00
    endloop
  endfacet
  facet normal 0.000000e+00 0.000000e+00 -1.000000e+00
    outer loop
      vertex   4.800000e+01 -2.055662e+01 0.000000e+00
      vertex   4.800000e+01 -1.344338e+01 0.000000e+00
      vertex   5.050000e+01 -1.488675e+01 0.000000e+00
    endloop
  endfacet
  facet normal 0.000000e+00 0.000000e+00 -1.000000e+00
    outer loop
      vertex   4.800000e+01 -2.055662e+01 0.000000e+00
      vertex   5.050000e+01 -1.488675e+01 0.000000e+00
      vertex   5.050000e+01 -1.911325e+01 0.000000e+00
    endloop
  endfacet
  facet normal 0.000000e+00 0.000000e+00 -1.000000e+00
    outer loop
      vertex   5.050000e+01 -1.911325e+01 0.000000e+00
      vertex   5.050000e+01 -1.488675e+01 0.000000e+00
      vertex   5.100000e+01 -1.555662e+01 0.000000e+00
    endloop
  endfacet
  facet normal 0.000000e+00 0.000000e+00 -1.000000e+00
    outer loop
      vertex   5.050000e+01 -1.911325e+01 0.000000e+00
      vertex   5.100000e+01 -1.555662e+01 0.000000e+00
      vertex   5.100000e+01 -1.844338e+01 0.000000e+00
    endloop
  endfacet
  facet normal 0.000000e+00 0.000000e+00 -1.000000e+00
    outer loop
      vertex   5.550000e+01 -2.750000e+01 0.000000e+00
      vertex   5.450000e+01 -2.750000e+01 0.000000e+00
      vertex   5.650000e+01 -2.488675e+01 0.000000e+00
    endloop
  endfacet
  facet normal -0.000000e+00 0.000000e+00 -1.000000e+00
    outer loop
      vertex   5.650000e+01 -2.488675e+01 0.000000e+00
      vertex   5.450000e+01 -2.750000e+01 0.000000e+00
      vertex   5.400000e+01 -2.344338e+01 0.000000e+00
    endloop
  endfacet
  facet normal 0.000000e+00 -0.000000e+00 -1.000000e+00
    outer loop
      vertex   5.400000e+01 -2.344338e+01 0.000000e+00
      vertex   5.450000e+01 -2.750000e+01 0.000000e+00
      vertex   5.250000e+01 -2.750000e+01 0.000000e+00
    endloop
  endfacet
  facet normal 0.000000e+00 0.000000e+00 -1.000000e+00
    outer loop
      vertex   5.400000e+01 -2.344338e+01 0.000000e+00
      vertex   5.250000e+01 -2.750000e+01 0.000000e+00
      vertex   5.300000e+01 -2.344338e+01 0.000000e+00
    endloop
  endfacet
  facet normal 0.000000e+00 0.000000e+00 -1.000000e+00
    outer loop
      vertex   5.300000e+01 -2.344338e+01 0.000000e+00
      vertex   5.250000e+01 -2.750000e+01 0.000000e+00
      vertex   5.050000e+01 -2.488675e+01 0.000000e+00
    endloop
  endfacet
  facet normal 0.000000e+00 0.000000e+00 -1.000000e+00
    outer loop
      vertex   5.050000e+01 -2.488675e+01 0.000000e+00
      vertex   5.250000e+01 -2.750000e+01 0.000000e+00
      vertex   5.150000e+01 -2.750000e+01 0.000000e+00
    endloop
  endfacet
  facet normal 0.000000e+00 0.000000e+00 -1.000000e+00
    outer loop
      vertex   5.050000e+01 -2.488675e+01 0.000000e+00
      vertex   5.150000e+01 -2.750000e+01 0.000000e+00
      vertex   5.100000e+01 -2.750000e+01 0.000000e+00
    endloop
  endfacet
  facet normal 0.000000e+00 0.000000e+00 -1.000000e+00
    outer loop
      vertex   5.100000e+01 -2.750000e+01 0.000000e+00
      vertex   5.150000e+01 -2.750000e+01 0.000000e+00
      vertex   5.300000e+01 -3.050000e+01 0.000000e+00
    endloop
  endfacet
  facet normal 0.000000e+00 -0.000000e+00 -1.000000e+00
    outer loop
      vertex   5.100000e+01 -2.750000e+01 0.000000e+00
      vertex   5.300000e+01 -3.050000e+01 0.000000e+00
      vertex   4.950000e+01 -3.200000e+01 0.000000e+00
    endloop
  endfacet
  facet normal 0.000000e+00 0.000000e+00 -1.000000e+00
    outer loop
      vertex   4.950000e+01 -3.200000e+01 0.000000e+00
      vertex   5.300000e+01 -3.050000e+01 0.000000e+00
      vertex   5.300000e+01 -3.200000e+01 0.000000e+00
    endloop
  endfacet
  facet normal 0.000000e+00 -0.000000e+00 -1.000000e+00
    outer loop
      vertex   4.950000e+01 -3.200000e+01 0.000000e+00
      vertex   5.300000e+01 -3.200000e+01 0.000000e+00
      vertex   4.500000e+01 -3.400000e+01 0.000000e+00
    endloop
  endfacet
  facet normal 0.000000e+00 0.000000e+00 -1.000000e+00
    outer loop
      vertex   4.500000e+01 -3.400000e+01 0.000000e+00
      vertex   5.300000e+01 -3.200000e+01 0.000000e+00
      vertex   5.400000e+01 -3.200000e+01 0.000000e+00
    endloop
  endfacet
  facet normal 0.000000e+00 0.000000e+00 -1.000000e+00
    outer loop
      vertex   4.500000e+01 -3.400000e+01 0.000000e+00
      vertex   5.400000e+01 -3.200000e+01 0.000000e+00
      vertex   8.700000e+01 -3.400000e+01 0.000000e+00
    endloop
  endfacet
  facet normal -0.000000e+00 0.000000e+00 -1.000000e+00
    outer loop
      vertex   5.450000e+01 -2.750000e+01 0.000000e+00
      vertex   5.350000e+01 -2.950000e+01 0.000000e+00
      vertex   5.250000e+01 -2.750000e+01 0.000000e+00
    endloop
  endfacet
  facet normal 0.000000e+00 -0.000000e+00 -1.000000e+00
    outer loop
      vertex   4.700000e+01 -2.750000e+01 0.000000e+00
      vertex   4.850000e+01 -3.200000e+01 0.000000e+00
      vertex   4.500000e+01 -3.400000e+01 0.000000e+00
    endloop
  endfacet
  facet normal 0.000000e+00 0.000000e+00 -1.000000e+00
    outer loop
      vertex   4.500000e+01 -3.400000e+01 0.000000e+00
      vertex   4.850000e+01 -3.200000e+01 0.000000e+00
      vertex   4.950000e+01 -3.200000e+01 0.000000e+00
    endloop
  endfacet
  facet normal 0.000000e+00 0.000000e+00 -1.000000e+00
    outer loop
      vertex   5.100000e+01 -2.750000e+01 0.000000e+00
      vertex   5.000000e+01 -2.750000e+01 0.000000e+00
      vertex   5.050000e+01 -2.488675e+01 0.000000e+00
    endloop
  endfacet
  facet normal 0.000000e+00 0.000000e+00 -1.000000e+00
    outer loop
      vertex   5.050000e+01 -2.488675e+01 0.000000e+00
      vertex   5.000000e+01 -2.750000e+01 0.000000e+00
      vertex   4.800000e+01 -2.750000e+01 0.000000e+00
    endloop
  endfacet
  facet normal -0.000000e+00 0.000000e+00 -1.000000e+00
    outer loop
      vertex   5.050000e+01 -2.488675e+01 0.000000e+00
      vertex   4.800000e+01 -2.750000e+01 0.000000e+00
      vertex   4.800000e+01 -2.344338e+01 0.000000e+00
    endloop
  endfacet
  facet normal 0.000000e+00 -0.000000e+00 -1.000000e+00
    outer loop
      vertex   4.800000e+01 -2.344338e+01 0.000000e+00
      vertex   4.800000e+01 -2.750000e+01 0.000000e+00
      vertex   4.700000e+01 -2.750000e+01 0.000000e+00
    endloop
  endfacet
  facet normal -0.000000e+00 0.000000e+00 -1.000000e+00
    outer loop
      vertex   4.800000e+01 -2.344338e+01 0.000000e+00
      vertex   4.700000e+01 -2.750000e+01 0.000000e+00
      vertex   4.800000e+01 -2.055662e+01 0.000000e+00
    endloop
  endfacet
  facet normal -0.000000e+00 0.000000e+00 -1.000000e+00
    outer loop
      vertex   4.800000e+01 -2.055662e+01 0.000000e+00
      vertex   4.700000e+01 -2.750000e+01 0.000000e+00
      vertex   4.500000e+01 0.000000e+00 0.000000e+00
    endloop
  endfacet
  facet normal -0.000000e+00 0.000000e+00 -1.000000e+00
    outer loop
      vertex   5.000000e+01 -2.750000e+01 0.000000e+00
      vertex   4.900000e+01 -3.100000e+01 0.000000e+00
      vertex   4.800000e+01 -2.750000e+01 0.000000e+00
    endloop
  endfacet
  facet normal 0.000000e+00 0.000000e+00 -1.000000e+00
    outer loop
      vertex   4.500000e+01 0.000000e+00 0.000000e+00
      vertex   4.700000e+01 -2.750000e+01 0.000000e+00
      vertex   4.500000e+01 -3.400000e+01 0.000000e+00
    endloop
  endfacet
  facet normal 0.000000e+00 0.000000e+00 -1.000000e+00
    outer loop
      vertex   6.900000e+01 -1.555662e+01 0.000000e+00
      vertex   6.850000e+01 -1.488675e+01 0.000000e+00
      vertex   7.150000e+01 -1.411325e+01 0.000000e+00
    endloop
  endfacet
  facet normal -0.000000e+00 0.000000e+00 -1.000000e+00
    outer loop
      vertex   7.150000e+01 -1.411325e+01 0.000000e+00
      vertex   6.850000e+01 -1.488675e+01 0.000000e+00
      vertex   7.100000e+01 -1.344338e+01 0.000000e+00
    endloop
  endfacet
  facet normal 0.000000e+00 0.000000e+00 -1.000000e+00
    outer loop
      vertex   7.150000e+01 -1.411325e+01 0.000000e+00
      vertex   7.100000e+01 -1.344338e+01 0.000000e+00
      vertex   7.200000e+01 -1.344338e+01 0.000000e+00
    endloop
  endfacet
  facet normal -0.000000e+00 0.000000e+00 -1.000000e+00
    outer loop
      vertex   7.200000e+01 -1.344338e+01 0.000000e+00
      vertex   7.100000e+01 -1.344338e+01 0.000000e+00
      vertex   7.200000e+01 -1.055662e+01 0.000000e+00
    endloop
  endfacet
  facet normal 0.000000e+00 0.000000e+00 -1.000000e+00
    outer loop
      vertex   7.200000e+01 -1.055662e+01 0.000000e+00
      vertex   7.100000e+01 -1.344338e+01 0.000000e+00
      vertex   7.100000e+01 -1.055662e+01 0.000000e+00
    endloop
  endfacet
  facet normal -0.000000e+00 0.000000e+00 -1.000000e+00
    outer loop
      vertex   7.200000e+01 -1.055662e+01 0.000000e+00
      vertex   7.100000e+01 -1.055662e+01 0.000000e+00
      vertex   7.150000e+01 -9.886751e+00 0.000000e+00
    endloop
  endfacet
  facet normal -0.000000e+00 0.000000e+00 -1.000000e+00
    outer loop
      vertex   7.150000e+01 -9.886751e+00 0.000000e+00
      vertex   7.100000e+01 -1.055662e+01 0.000000e+00
      vertex   6.850000e+01 -9.113249e+00 0.000000e+00
    endloop
  endfacet
  facet normal 0.000000e+00 0.000000e+00 -1.000000e+00
    outer loop
      vertex   7.150000e+01 -9.886751e+00 0.000000e+00
      vertex   6.850000e+01 -9.113249e+00 0.000000e+00
      vertex   6.900000e+01 -8.443376e+00 0.000000e+00
    endloop
  endfacet
  facet normal 0.000000e+00 0.000000e+00 -1.000000e+00
    outer loop
      vertex   6.900000e+01 -8.443376e+00 0.000000e+00
      vertex   6.850000e+01 -9.113249e+00 0.000000e+00
      vertex   6.800000e+01 -8.443376e+00 0.000000e+00
    endloop
  endfacet
  facet normal -0.000000e+00 0.000000e+00 -1.000000e+00
    outer loop
      vertex   6.900000e+01 -8.443376e+00 0.000000e+00
      vertex   6.800000e+01 -8.443376e+00 0.000000e+00
      vertex   6.900000e+01 -5.556624e+00 0.000000e+00
    endloop
  endfacet
  facet normal 0.000000e+00 0.000000e+00 -1.000000e+00
    outer loop
      vertex   6.900000e+01 -5.556624e+00 0.000000e+00
      vertex   6.800000e+01 -8.443376e+00 0.000000e+00
      vertex   6.800000e+01 -5.556624e+00 0.000000e+00
    endloop
  endfacet
  facet normal -0.000000e+00 0.000000e+00 -1.000000e+00
    outer loop
      vertex   6.900000e+01 -5.556624e+00 0.000000e+00
      vertex   6.800000e+01 -5.556624e+00 0.000000e+00
      vertex   7.150000e+01 -4.113249e+00 0.000000e+00
    endloop
  endfacet
  facet normal -0.000000e+00 0.000000e+00 -1.000000e+00
    outer loop
      vertex   7.150000e+01 -4.113249e+00 0.000000e+00
      vertex   6.800000e+01 -5.556624e+00 0.000000e+00
      vertex   6.550000e+01 -4.113249e+00 0.000000e+00
    endloop
  endfacet
  facet normal 0.000000e+00 0.000000e+00 -1.000000e+00
    outer loop
      vertex   7.150000e+01 -4.113249e+00 0.000000e+00
      vertex   6.550000e+01 -4.113249e+00 0.000000e+00
      vertex   8.700000e+01 0.000000e+00 0.000000e+00
    endloop
  endfacet
  facet normal -0.000000e+00 0.000000e+00 -1.000000e+00
    outer loop
      vertex   8.700000e+01 0.000000e+00 0.000000e+00
      vertex   6.550000e+01 -4.113249e+00 0.000000e+00
      vertex   4.500000e+01 0.000000e+00 0.000000e+00
    endloop
  endfacet
  facet normal 0.000000e+00 0.000000e+00 -1.000000e+00
    outer loop
      vertex   7.200000e+01 -2.055662e+01 0.000000e+00
      vertex   7.150000e+01 -1.988675e+01 0.000000e+00
      vertex   7.450000e+01 -1.911325e+01 0.000000e+00
    endloop
  endfacet
  facet normal -0.000000e+00 0.000000e+00 -1.000000e+00
    outer loop
      vertex   7.450000e+01 -1.911325e+01 0.000000e+00
      vertex   7.150000e+01 -1.988675e+01 0.000000e+00
      vertex   7.400000e+01 -1.844338e+01 0.000000e+00
    endloop
  endfacet
  facet normal 0.000000e+00 0.000000e+00 -1.000000e+00
    outer loop
      vertex   7.450000e+01 -1.911325e+01 0.000000e+00
      vertex   7.400000e+01 -1.844338e+01 0.000000e+00
      vertex   7.500000e+01 -1.844338e+01 0.000000e+00
    endloop
  endfacet
  facet normal -0.000000e+00 0.000000e+00 -1.000000e+00
    outer loop
      vertex   7.500000e+01 -1.844338e+01 0.000000e+00
      vertex   7.400000e+01 -1.844338e+01 0.000000e+00
      vertex   7.500000e+01 -1.555662e+01 0.000000e+00
    endloop
  endfacet
  facet normal -0.000000e+00 0.000000e+00 -1.000000e+00
    outer loop
      vertex   7.500000e+01 -1.555662e+01 0.000000e+00
      vertex   7.400000e+01 -1.844338e+01 0.000000e+00
      vertex   7.400000e+01 -1.555662e+01 0.000000e+00
    endloop
  endfacet
  facet normal 0.000000e+00 0.000000e+00 -1.000000e+00
    outer loop
      vertex   7.500000e+01 -1.555662e+01 0.000000e+00
      vertex   7.400000e+01 -1.555662e+01 0.000000e+00
      vertex   7.450000e+01 -1.488675e+01 0.000000e+00
    endloop
  endfacet
  facet normal -0.000000e+00 0.000000e+00 -1.000000e+00
    outer loop
      vertex   7.450000e+01 -1.488675e+01 0.000000e+00
      vertex   7.400000e+01 -1.555662e+01 0.000000e+00
      vertex   7.150000e+01 -1.411325e+01 0.000000e+00
    endloop
  endfacet
  facet normal 0.000000e+00 0.000000e+00 -1.000000e+00
    outer loop
      vertex   7.450000e+01 -1.488675e+01 0.000000e+00
      vertex   7.150000e+01 -1.411325e+01 0.000000e+00
      vertex   7.200000e+01 -1.344338e+01 0.000000e+00
    endloop
  endfacet
  facet normal 0.000000e+00 0.000000e+00 -1.000000e+00
    outer loop
      vertex   7.500000e+01 -2.555662e+01 0.000000e+00
      vertex   7.450000e+01 -2.488675e+01 0.000000e+00
      vertex   7.750000e+01 -2.411325e+01 0.000000e+00
    endloop
  endfacet
  facet normal -0.000000e+00 0.000000e+00 -1.000000e+00
    outer loop
      vertex   7.750000e+01 -2.411325e+01 0.000000e+00
      vertex   7.450000e+01 -2.488675e+01 0.000000e+00
      vertex   7.700000e+01 -2.344338e+01 0.000000e+00
    endloop
  endfacet
  facet normal 0.000000e+00 0.000000e+00 -1.000000e+00
    outer loop
      vertex   7.750000e+01 -2.411325e+01 0.000000e+00
      vertex   7.700000e+01 -2.344338e+01 0.000000e+00
      vertex   7.800000e+01 -2.344338e+01 0.000000e+00
    endloop
  endfacet
  facet normal 0.000000e+00 0.000000e+00 -1.000000e+00
    outer loop
      vertex   7.800000e+01 -2.344338e+01 0.000000e+00
      vertex   7.700000e+01 -2.344338e+01 0.000000e+00
      vertex   7.800000e+01 -2.055662e+01 0.000000e+00
    endloop
  endfacet
  facet normal -0.000000e+00 0.000000e+00 -1.000000e+00
    outer loop
      vertex   7.800000e+01 -2.055662e+01 0.000000e+00
      vertex   7.700000e+01 -2.344338e+01 0.000000e+00
      vertex   7.700000e+01 -2.055662e+01 0.000000e+00
    endloop
  endfacet
  facet normal 0.000000e+00 0.000000e+00 -1.000000e+00
    outer loop
      vertex   7.800000e+01 -2.055662e+01 0.000000e+00
      vertex   7.700000e+01 -2.055662e+01 0.000000e+00
      vertex   7.750000e+01 -1.988675e+01 0.000000e+00
    endloop
  endfacet
  facet normal -0.000000e+00 0.000000e+00 -1.000000e+00
    outer loop
      vertex   7.750000e+01 -1.988675e+01 0.000000e+00
      vertex   7.700000e+01 -2.055662e+01 0.000000e+00
      vertex   7.450000e+01 -1.911325e+01 0.000000e+00
    endloop
  endfacet
  facet normal 0.000000e+00 0.000000e+00 -1.000000e+00
    outer loop
      vertex   7.750000e+01 -1.988675e+01 0.000000e+00
      vertex   7.450000e+01 -1.911325e+01 0.000000e+00
      vertex   7.500000e+01 -1.844338e+01 0.000000e+00
    endloop
  endfacet
  facet normal 0.000000e+00 0.000000e+00 -1.000000e+00
    outer loop
      vertex   5.100000e+01 -1.555662e+01 0.000000e+00
      vertex   5.050000e+01 -1.488675e+01 0.000000e+00
      vertex   5.350000e+01 -1.411325e+01 0.000000e+00
    endloop
  endfacet
  facet normal -0.000000e+00 0.000000e+00 -1.000000e+00
    outer loop
      vertex   5.350000e+01 -1.411325e+01 0.000000e+00
      vertex   5.050000e+01 -1.488675e+01 0.000000e+00
      vertex   5.300000e+01 -1.344338e+01 0.000000e+00
    endloop
  endfacet
  facet normal 0.000000e+00 -0.000000e+00 -1.000000e+00
    outer loop
      vertex   5.600000e+01 -1.844338e+01 0.000000e+00
      vertex   5.650000e+01 -1.911325e+01 0.000000e+00
      vertex   5.350000e+01 -1.988675e+01 0.000000e+00
    endloop
  endfacet
  facet normal 0.000000e+00 0.000000e+00 -1.000000e+00
    outer loop
      vertex   5.350000e+01 -1.988675e+01 0.000000e+00
      vertex   5.650000e+01 -1.911325e+01 0.000000e+00
      vertex   5.400000e+01 -2.055662e+01 0.000000e+00
    endloop
  endfacet
  facet normal 0.000000e+00 -0.000000e+00 -1.000000e+00
    outer loop
      vertex   5.350000e+01 -1.988675e+01 0.000000e+00
      vertex   5.400000e+01 -2.055662e+01 0.000000e+00
      vertex   5.300000e+01 -2.055662e+01 0.000000e+00
    endloop
  endfacet
  facet normal 0.000000e+00 0.000000e+00 -1.000000e+00
    outer loop
      vertex   5.300000e+01 -2.055662e+01 0.000000e+00
      vertex   5.400000e+01 -2.055662e+01 0.000000e+00
      vertex   5.300000e+01 -2.344338e+01 0.000000e+00
    endloop
  endfacet
  facet normal 0.000000e+00 0.000000e+00 -1.000000e+00
    outer loop
      vertex   5.300000e+01 -2.344338e+01 0.000000e+00
      vertex   5.400000e+01 -2.055662e+01 0.000000e+00
      vertex   5.400000e+01 -2.344338e+01 0.000000e+00
    endloop
  endfacet
  facet normal 0.000000e+00 -0.000000e+00 -1.000000e+00
    outer loop
      vertex   7.800000e+01 -2.344338e+01 0.000000e+00
      vertex   8.050000e+01 -2.488675e+01 0.000000e+00
      vertex   7.750000e+01 -2.411325e+01 0.000000e+00
    endloop
  endfacet
  facet normal 0.000000e+00 0.000000e+00 -1.000000e+00
    outer loop
      vertex   7.750000e+01 -2.411325e+01 0.000000e+00
      vertex   8.050000e+01 -2.488675e+01 0.000000e+00
      vertex   8.000000e+01 -2.555662e+01 0.000000e+00
    endloop
  endfacet
  facet normal 0.000000e+00 0.000000e+00 -1.000000e+00
    outer loop
      vertex   8.000000e+01 -2.555662e+01 0.000000e+00
      vertex   8.050000e+01 -2.488675e+01 0.000000e+00
      vertex   8.000000e+01 -2.844338e+01 0.000000e+00
    endloop
  endfacet
  facet normal 0.000000e+00 0.000000e+00 -1.000000e+00
    outer loop
      vertex   8.000000e+01 -2.844338e+01 0.000000e+00
      vertex   8.050000e+01 -2.488675e+01 0.000000e+00
      vertex   8.300000e+01 -2.344338e+01 0.000000e+00
    endloop
  endfacet
  facet normal 0.000000e+00 0.000000e+00 -1.000000e+00
    outer loop
      vertex   8.000000e+01 -2.844338e+01 0.000000e+00
      vertex   8.300000e+01 -2.344338e+01 0.000000e+00
      vertex   8.700000e+01 -3.400000e+01 0.000000e+00
    endloop
  endfacet
  facet normal 0.000000e+00 0.000000e+00 -1.000000e+00
    outer loop
      vertex   8.700000e+01 -3.400000e+01 0.000000e+00
      vertex   8.300000e+01 -2.344338e+01 0.000000e+00
      vertex   8.300000e+01 -2.055662e+01 0.000000e+00
    endloop
  endfacet
  facet normal 0.000000e+00 0.000000e+00 -1.000000e+00
    outer loop
      vertex   8.700000e+01 -3.400000e+01 0.000000e+00
      vertex   8.300000e+01 -2.055662e+01 0.000000e+00
      vertex   8.700000e+01 0.000000e+00 0.000000e+00
    endloop
  endfacet
  facet normal 0.000000e+00 0.000000e+00 -1.000000e+00
    outer loop
      vertex   8.700000e+01 0.000000e+00 0.000000e+00
      vertex   8.300000e+01 -2.055662e+01 0.000000e+00
      vertex   8.300000e+01 -1.344338e+01 0.000000e+00
    endloop
  endfacet
  facet normal 0.000000e+00 0.000000e+00 -1.000000e+00
    outer loop
      vertex   8.700000e+01 0.000000e+00 0.000000e+00
      vertex   8.300000e+01 -1.344338e+01 0.000000e+00
      vertex   8.300000e+01 -1.055662e+01 0.000000e+00
    endloop
  endfacet
  facet normal 0.000000e+00 -0.000000e+00 -1.000000e+00
    outer loop
      vertex   8.300000e+01 -1.344338e+01 0.000000e+00
      vertex   8.300000e+01 -2.055662e+01 0.000000e+00
      vertex   8.050000e+01 -1.488675e+01 0.000000e+00
    endloop
  endfacet
  facet normal 0.000000e+00 0.000000e+00 -1.000000e+00
    outer loop
      vertex   8.050000e+01 -1.488675e+01 0.000000e+00
      vertex   8.300000e+01 -2.055662e+01 0.000000e+00
      vertex   8.050000e+01 -1.911325e+01 0.000000e+00
    endloop
  endfacet
  facet normal 0.000000e+00 -0.000000e+00 -1.000000e+00
    outer loop
      vertex   8.050000e+01 -1.488675e+01 0.000000e+00
      vertex   8.050000e+01 -1.911325e+01 0.000000e+00
      vertex   8.000000e+01 -1.844338e+01 0.000000e+00
    endloop
  endfacet
  facet normal 0.000000e+00 -0.000000e+00 -1.000000e+00
    outer loop
      vertex   8.000000e+01 -1.844338e+01 0.000000e+00
      vertex   8.050000e+01 -1.911325e+01 0.000000e+00
      vertex   7.750000e+01 -1.988675e+01 0.000000e+00
    endloop
  endfacet
  facet normal 0.000000e+00 0.000000e+00 -1.000000e+00
    outer loop
      vertex   7.750000e+01 -1.988675e+01 0.000000e+00
      vertex   8.050000e+01 -1.911325e+01 0.000000e+00
      vertex   7.800000e+01 -2.055662e+01 0.000000e+00
    endloop
  endfacet
  facet normal 0.000000e+00 -0.000000e+00 -1.000000e+00
    outer loop
      vertex   5.100000e+01 -1.844338e+01 0.000000e+00
      vertex   5.350000e+01 -1.988675e+01 0.000000e+00
      vertex   5.050000e+01 -1.911325e+01 0.000000e+00
    endloop
  endfacet
  facet normal 0.000000e+00 0.000000e+00 -1.000000e+00
    outer loop
      vertex   5.050000e+01 -1.911325e+01 0.000000e+00
      vertex   5.350000e+01 -1.988675e+01 0.000000e+00
      vertex   5.300000e+01 -2.055662e+01 0.000000e+00
    endloop
  endfacet
  facet normal 0.000000e+00 0.000000e+00 -1.000000e+00
    outer loop
      vertex   5.350000e+01 -4.113249e+00 0.000000e+00
      vertex   5.950000e+01 -4.113249e+00 0.000000e+00
      vertex   5.600000e+01 -5.556624e+00 0.000000e+00
    endloop
  endfacet
  facet normal 0.000000e+00 0.000000e+00 -1.000000e+00
    outer loop
      vertex   5.600000e+01 -5.556624e+00 0.000000e+00
      vertex   5.950000e+01 -4.113249e+00 0.000000e+00
      vertex   5.700000e+01 -5.556624e+00 0.000000e+00
    endloop
  endfacet
  facet normal 0.000000e+00 0.000000e+00 -1.000000e+00
    outer loop
      vertex   5.600000e+01 -5.556624e+00 0.000000e+00
      vertex   5.700000e+01 -5.556624e+00 0.000000e+00
      vertex   5.600000e+01 -8.443376e+00 0.000000e+00
    endloop
  endfacet
  facet normal 0.000000e+00 0.000000e+00 -1.000000e+00
    outer loop
      vertex   5.600000e+01 -8.443376e+00 0.000000e+00
      vertex   5.700000e+01 -5.556624e+00 0.000000e+00
      vertex   5.700000e+01 -8.443376e+00 0.000000e+00
    endloop
  endfacet
  facet normal 0.000000e+00 0.000000e+00 -1.000000e+00
    outer loop
      vertex   5.600000e+01 -8.443376e+00 0.000000e+00
      vertex   5.700000e+01 -8.443376e+00 0.000000e+00
      vertex   5.650000e+01 -9.113249e+00 0.000000e+00
    endloop
  endfacet
  facet normal 0.000000e+00 0.000000e+00 -1.000000e+00
    outer loop
      vertex   5.650000e+01 -9.113249e+00 0.000000e+00
      vertex   5.700000e+01 -8.443376e+00 0.000000e+00
      vertex   5.950000e+01 -9.886751e+00 0.000000e+00
    endloop
  endfacet
  facet normal 0.000000e+00 0.000000e+00 -1.000000e+00
    outer loop
      vertex   5.650000e+01 -9.113249e+00 0.000000e+00
      vertex   5.950000e+01 -9.886751e+00 0.000000e+00
      vertex   5.900000e+01 -1.055662e+01 0.000000e+00
    endloop
  endfacet
  facet normal 0.000000e+00 0.000000e+00 -1.000000e+00
    outer loop
      vertex   5.900000e+01 -1.055662e+01 0.000000e+00
      vertex   5.950000e+01 -9.886751e+00 0.000000e+00
      vertex   6.000000e+01 -1.055662e+01 0.000000e+00
    endloop
  endfacet
  facet normal 0.000000e+00 -0.000000e+00 -1.000000e+00
    outer loop
      vertex   5.900000e+01 -1.055662e+01 0.000000e+00
      vertex   6.000000e+01 -1.055662e+01 0.000000e+00
      vertex   5.900000e+01 -1.344338e+01 0.000000e+00
    endloop
  endfacet
  facet normal 0.000000e+00 0.000000e+00 -1.000000e+00
    outer loop
      vertex   5.900000e+01 -1.344338e+01 0.000000e+00
      vertex   6.000000e+01 -1.055662e+01 0.000000e+00
      vertex   6.000000e+01 -1.344338e+01 0.000000e+00
    endloop
  endfacet
  facet normal 0.000000e+00 0.000000e+00 -1.000000e+00
    outer loop
      vertex   5.900000e+01 -1.344338e+01 0.000000e+00
      vertex   6.000000e+01 -1.344338e+01 0.000000e+00
      vertex   5.950000e+01 -1.411325e+01 0.000000e+00
    endloop
  endfacet
  facet normal 0.000000e+00 0.000000e+00 -1.000000e+00
    outer loop
      vertex   5.950000e+01 -1.411325e+01 0.000000e+00
      vertex   6.000000e+01 -1.344338e+01 0.000000e+00
      vertex   6.250000e+01 -1.488675e+01 0.000000e+00
    endloop
  endfacet
  facet normal 0.000000e+00 0.000000e+00 -1.000000e+00
    outer loop
      vertex   5.950000e+01 -1.411325e+01 0.000000e+00
      vertex   6.250000e+01 -1.488675e+01 0.000000e+00
      vertex   6.200000e+01 -1.555662e+01 0.000000e+00
    endloop
  endfacet
  facet normal 0.000000e+00 0.000000e+00 -1.000000e+00
    outer loop
      vertex   6.200000e+01 -1.555662e+01 0.000000e+00
      vertex   6.250000e+01 -1.488675e+01 0.000000e+00
      vertex   6.300000e+01 -1.555662e+01 0.000000e+00
    endloop
  endfacet
  facet normal 0.000000e+00 0.000000e+00 -1.000000e+00
    outer loop
      vertex   6.200000e+01 -1.555662e+01 0.000000e+00
      vertex   6.300000e+01 -1.555662e+01 0.000000e+00
      vertex   6.200000e+01 -1.844338e+01 0.000000e+00
    endloop
  endfacet
  facet normal 0.000000e+00 0.000000e+00 -1.000000e+00
    outer loop
      vertex   6.200000e+01 -1.844338e+01 0.000000e+00
      vertex   6.300000e+01 -1.555662e+01 0.000000e+00
      vertex   6.300000e+01 -1.844338e+01 0.000000e+00
    endloop
  endfacet
  facet normal 0.000000e+00 0.000000e+00 -1.000000e+00
    outer loop
      vertex   6.200000e+01 -1.844338e+01 0.000000e+00
      vertex   6.300000e+01 -1.844338e+01 0.000000e+00
      vertex   6.250000e+01 -1.911325e+01 0.000000e+00
    endloop
  endfacet
  facet normal 0.000000e+00 0.000000e+00 -1.000000e+00
    outer loop
      vertex   6.250000e+01 -1.911325e+01 0.000000e+00
      vertex   6.300000e+01 -1.844338e+01 0.000000e+00
      vertex   6.550000e+01 -1.988675e+01 0.000000e+00
    endloop
  endfacet
  facet normal 0.000000e+00 0.000000e+00 -1.000000e+00
    outer loop
      vertex   6.250000e+01 -1.911325e+01 0.000000e+00
      vertex   6.550000e+01 -1.988675e+01 0.000000e+00
      vertex   6.500000e+01 -2.055662e+01 0.000000e+00
    endloop
  endfacet
  facet normal 0.000000e+00 0.000000e+00 -1.000000e+00
    outer loop
      vertex   6.500000e+01 -2.055662e+01 0.000000e+00
      vertex   6.550000e+01 -1.988675e+01 0.000000e+00
      vertex   6.600000e+01 -2.055662e+01 0.000000e+00
    endloop
  endfacet
  facet normal 0.000000e+00 0.000000e+00 -1.000000e+00
    outer loop
      vertex   6.500000e+01 -2.055662e+01 0.000000e+00
      vertex   6.600000e+01 -2.055662e+01 0.000000e+00
      vertex   6.500000e+01 -2.344338e+01 0.000000e+00
    endloop
  endfacet
  facet normal 0.000000e+00 0.000000e+00 -1.000000e+00
    outer loop
      vertex   6.500000e+01 -2.344338e+01 0.000000e+00
      vertex   6.600000e+01 -2.055662e+01 0.000000e+00
      vertex   6.600000e+01 -2.344338e+01 0.000000e+00
    endloop
  endfacet
  facet normal 0.000000e+00 0.000000e+00 -1.000000e+00
    outer loop
      vertex   6.500000e+01 -2.344338e+01 0.000000e+00
      vertex   6.600000e+01 -2.344338e+01 0.000000e+00
      vertex   6.550000e+01 -2.411325e+01 0.000000e+00
    endloop
  endfacet
  facet normal 0.000000e+00 0.000000e+00 -1.000000e+00
    outer loop
      vertex   6.550000e+01 -2.411325e+01 0.000000e+00
      vertex   6.600000e+01 -2.344338e+01 0.000000e+00
      vertex   6.850000e+01 -2.488675e+01 0.000000e+00
    endloop
  endfacet
  facet normal 0.000000e+00 0.000000e+00 -1.000000e+00
    outer loop
      vertex   6.550000e+01 -2.411325e+01 0.000000e+00
      vertex   6.850000e+01 -2.488675e+01 0.000000e+00
      vertex   6.800000e+01 -2.555662e+01 0.000000e+00
    endloop
  endfacet
  facet normal 0.000000e+00 0.000000e+00 -1.000000e+00
    outer loop
      vertex   6.800000e+01 -2.555662e+01 0.000000e+00
      vertex   6.850000e+01 -2.488675e+01 0.000000e+00
      vertex   6.900000e+01 -2.555662e+01 0.000000e+00
    endloop
  endfacet
  facet normal 0.000000e+00 0.000000e+00 -1.000000e+00
    outer loop
      vertex   6.800000e+01 -2.555662e+01 0.000000e+00
      vertex   6.900000e+01 -2.555662e+01 0.000000e+00
      vertex   6.800000e+01 -2.844338e+01 0.000000e+00
    endloop
  endfacet
  facet normal 0.000000e+00 0.000000e+00 -1.000000e+00
    outer loop
      vertex   6.800000e+01 -2.844338e+01 0.000000e+00
      vertex   6.900000e+01 -2.555662e+01 0.000000e+00
      vertex   6.900000e+01 -2.844338e+01 0.000000e+00
    endloop
  endfacet
  facet normal 0.000000e+00 -0.000000e+00 -1.000000e+00
    outer loop
      vertex   6.800000e+01 -2.844338e+01 0.000000e+00
      vertex   6.900000e+01 -2.844338e+01 0.000000e+00
      vertex   6.550000e+01 -2.988675e+01 0.000000e+00
    endloop
  endfacet
  facet normal 0.000000e+00 0.000000e+00 -1.000000e+00
    outer loop
      vertex   6.550000e+01 -2.988675e+01 0.000000e+00
      vertex   6.900000e+01 -2.844338e+01 0.000000e+00
      vertex   7.150000e+01 -2.988675e+01 0.000000e+00
    endloop
  endfacet
  facet normal 0.000000e+00 0.000000e+00 -1.000000e+00
    outer loop
      vertex   6.000000e+01 -1.055662e+01 0.000000e+00
      vertex   5.950000e+01 -9.886751e+00 0.000000e+00
      vertex   6.250000e+01 -9.113249e+00 0.000000e+00
    endloop
  endfacet
  facet normal -0.000000e+00 0.000000e+00 -1.000000e+00
    outer loop
      vertex   6.250000e+01 -9.113249e+00 0.000000e+00
      vertex   5.950000e+01 -9.886751e+00 0.000000e+00
      vertex   6.200000e+01 -8.443376e+00 0.000000e+00
    endloop
  endfacet
  facet normal 0.000000e+00 -0.000000e+00 -1.000000e+00
    outer loop
      vertex   6.800000e+01 -1.844338e+01 0.000000e+00
      vertex   6.850000e+01 -1.911325e+01 0.000000e+00
      vertex   6.550000e+01 -1.988675e+01 0.000000e+00
    endloop
  endfacet
  facet normal 0.000000e+00 0.000000e+00 -1.000000e+00
    outer loop
      vertex   6.550000e+01 -1.988675e+01 0.000000e+00
      vertex   6.850000e+01 -1.911325e+01 0.000000e+00
      vertex   6.600000e+01 -2.055662e+01 0.000000e+00
    endloop
  endfacet
  facet normal 0.000000e+00 0.000000e+00 -1.000000e+00
    outer loop
      vertex   6.900000e+01 -2.555662e+01 0.000000e+00
      vertex   6.850000e+01 -2.488675e+01 0.000000e+00
      vertex   7.150000e+01 -2.411325e+01 0.000000e+00
    endloop
  endfacet
  facet normal -0.000000e+00 0.000000e+00 -1.000000e+00
    outer loop
      vertex   7.150000e+01 -2.411325e+01 0.000000e+00
      vertex   6.850000e+01 -2.488675e+01 0.000000e+00
      vertex   7.100000e+01 -2.344338e+01 0.000000e+00
    endloop
  endfacet
  facet normal 0.000000e+00 0.000000e+00 -1.000000e+00
    outer loop
      vertex   6.000000e+01 -2.055662e+01 0.000000e+00
      vertex   5.950000e+01 -1.988675e+01 0.000000e+00
      vertex   6.250000e+01 -1.911325e+01 0.000000e+00
    endloop
  endfacet
  facet normal -0.000000e+00 0.000000e+00 -1.000000e+00
    outer loop
      vertex   6.250000e+01 -1.911325e+01 0.000000e+00
      vertex   5.950000e+01 -1.988675e+01 0.000000e+00
      vertex   6.200000e+01 -1.844338e+01 0.000000e+00
    endloop
  endfacet
  facet normal 0.000000e+00 -0.000000e+00 -1.000000e+00
    outer loop
      vertex   5.900000e+01 -1.344338e+01 0.000000e+00
      vertex   5.950000e+01 -1.411325e+01 0.000000e+00
      vertex   5.650000e+01 -1.488675e+01 0.000000e+00
    endloop
  endfacet
  facet normal 0.000000e+00 0.000000e+00 -1.000000e+00
    outer loop
      vertex   5.650000e+01 -1.488675e+01 0.000000e+00
      vertex   5.950000e+01 -1.411325e+01 0.000000e+00
      vertex   5.700000e+01 -1.555662e+01 0.000000e+00
    endloop
  endfacet
  facet normal 0.000000e+00 -0.000000e+00 -1.000000e+00
    outer loop
      vertex   6.500000e+01 -2.344338e+01 0.000000e+00
      vertex   6.550000e+01 -2.411325e+01 0.000000e+00
      vertex   6.250000e+01 -2.488675e+01 0.000000e+00
    endloop
  endfacet
  facet normal 0.000000e+00 0.000000e+00 -1.000000e+00
    outer loop
      vertex   6.250000e+01 -2.488675e+01 0.000000e+00
      vertex   6.550000e+01 -2.411325e+01 0.000000e+00
      vertex   6.300000e+01 -2.555662e+01 0.000000e+00
    endloop
  endfacet
  facet normal 0.000000e+00 -0.000000e+00 -1.000000e+00
    outer loop
      vertex   6.250000e+01 -2.488675e+01 0.000000e+00
      vertex   6.300000e+01 -2.555662e+01 0.000000e+00
      vertex   6.200000e+01 -2.555662e+01 0.000000e+00
    endloop
  endfacet
  facet normal 0.000000e+00 0.000000e+00 -1.000000e+00
    outer loop
      vertex   6.200000e+01 -2.555662e+01 0.000000e+00
      vertex   6.300000e+01 -2.555662e+01 0.000000e+00
      vertex   6.200000e+01 -2.844338e+01 0.000000e+00
    endloop
  endfacet
  facet normal 0.000000e+00 0.000000e+00 -1.000000e+00
    outer loop
      vertex   6.200000e+01 -2.844338e+01 0.000000e+00
      vertex   6.300000e+01 -2.555662e+01 0.000000e+00
      vertex   6.300000e+01 -2.844338e+01 0.000000e+00
    endloop
  endfacet
  facet normal 0.000000e+00 -0.000000e+00 -1.000000e+00
    outer loop
      vertex   6.200000e+01 -2.844338e+01 0.000000e+00
      vertex   6.300000e+01 -2.844338e+01 0.000000e+00
      vertex   5.950000e+01 -2.988675e+01 0.000000e+00
    endloop
  endfacet
  facet normal 0.000000e+00 0.000000e+00 -1.000000e+00
    outer loop
      vertex   5.950000e+01 -2.988675e+01 0.000000e+00
      vertex   6.300000e+01 -2.844338e+01 0.000000e+00
      vertex   6.550000e+01 -2.988675e+01 0.000000e+00
    endloop
  endfacet
  facet normal -0.000000e+00 0.000000e+00 -1.000000e+00
    outer loop
      vertex   7.500000e+01 -5.556624e+00 0.000000e+00
      vertex   7.400000e+01 -5.556624e+00 0.000000e+00
      vertex   7.750000e+01 -4.113249e+00 0.000000e+00
    endloop
  endfacet
  facet normal -0.000000e+00 0.000000e+00 -1.000000e+00
    outer loop
      vertex   7.750000e+01 -4.113249e+00 0.000000e+00
      vertex   7.400000e+01 -5.556624e+00 0.000000e+00
      vertex   7.150000e+01 -4.113249e+00 0.000000e+00
    endloop
  endfacet
  facet normal 0.000000e+00 0.000000e+00 -1.000000e+00
    outer loop
      vertex   7.750000e+01 -4.113249e+00 0.000000e+00
      vertex   7.150000e+01 -4.113249e+00 0.000000e+00
      vertex   8.700000e+01 0.000000e+00 0.000000e+00
    endloop
  endfacet
  facet normal 0.000000e+00 0.000000e+00 -1.000000e+00
    outer loop
      vertex   7.400000e+01 -5.556624e+00 0.000000e+00
      vertex   7.500000e+01 -5.556624e+00 0.000000e+00
      vertex   7.400000e+01 -8.443376e+00 0.000000e+00
    endloop
  endfacet
  facet normal 0.000000e+00 0.000000e+00 -1.000000e+00
    outer loop
      vertex   7.400000e+01 -8.443376e+00 0.000000e+00
      vertex   7.500000e+01 -5.556624e+00 0.000000e+00
      vertex   7.500000e+01 -8.443376e+00 0.000000e+00
    endloop
  endfacet
  facet normal 0.000000e+00 0.000000e+00 -1.000000e+00
    outer loop
      vertex   7.400000e+01 -8.443376e+00 0.000000e+00
      vertex   7.500000e+01 -8.443376e+00 0.000000e+00
      vertex   7.450000e+01 -9.113249e+00 0.000000e+00
    endloop
  endfacet
  facet normal 0.000000e+00 0.000000e+00 -1.000000e+00
    outer loop
      vertex   7.450000e+01 -9.113249e+00 0.000000e+00
      vertex   7.500000e+01 -8.443376e+00 0.000000e+00
      vertex   7.750000e+01 -9.886751e+00 0.000000e+00
    endloop
  endfacet
  facet normal 0.000000e+00 0.000000e+00 -1.000000e+00
    outer loop
      vertex   7.450000e+01 -9.113249e+00 0.000000e+00
      vertex   7.750000e+01 -9.886751e+00 0.000000e+00
      vertex   7.700000e+01 -1.055662e+01 0.000000e+00
    endloop
  endfacet
  facet normal 0.000000e+00 0.000000e+00 -1.000000e+00
    outer loop
      vertex   7.700000e+01 -1.055662e+01 0.000000e+00
      vertex   7.750000e+01 -9.886751e+00 0.000000e+00
      vertex   7.800000e+01 -1.055662e+01 0.000000e+00
    endloop
  endfacet
  facet normal 0.000000e+00 0.000000e+00 -1.000000e+00
    outer loop
      vertex   7.700000e+01 -1.055662e+01 0.000000e+00
      vertex   7.800000e+01 -1.055662e+01 0.000000e+00
      vertex   7.700000e+01 -1.344338e+01 0.000000e+00
    endloop
  endfacet
  facet normal 0.000000e+00 0.000000e+00 -1.000000e+00
    outer loop
      vertex   7.700000e+01 -1.344338e+01 0.000000e+00
      vertex   7.800000e+01 -1.055662e+01 0.000000e+00
      vertex   7.800000e+01 -1.344338e+01 0.000000e+00
    endloop
  endfacet
  facet normal 0.000000e+00 0.000000e+00 -1.000000e+00
    outer loop
      vertex   7.700000e+01 -1.344338e+01 0.000000e+00
      vertex   7.800000e+01 -1.344338e+01 0.000000e+00
      vertex   7.750000e+01 -1.411325e+01 0.000000e+00
    endloop
  endfacet
  facet normal 0.000000e+00 0.000000e+00 -1.000000e+00
    outer loop
      vertex   7.750000e+01 -1.411325e+01 0.000000e+00
      vertex   7.800000e+01 -1.344338e+01 0.000000e+00
      vertex   8.050000e+01 -1.488675e+01 0.000000e+00
    endloop
  endfacet
  facet normal 0.000000e+00 0.000000e+00 -1.000000e+00
    outer loop
      vertex   7.750000e+01 -1.411325e+01 0.000000e+00
      vertex   8.050000e+01 -1.488675e+01 0.000000e+00
      vertex   8.000000e+01 -1.555662e+01 0.000000e+00
    endloop
  endfacet
  facet normal 0.000000e+00 0.000000e+00 -1.000000e+00
    outer loop
      vertex   8.000000e+01 -1.555662e+01 0.000000e+00
      vertex   8.050000e+01 -1.488675e+01 0.000000e+00
      vertex   8.000000e+01 -1.844338e+01 0.000000e+00
    endloop
  endfacet
  facet normal 0.000000e+00 0.000000e+00 -1.000000e+00
    outer loop
      vertex   7.800000e+01 -1.055662e+01 0.000000e+00
      vertex   7.750000e+01 -9.886751e+00 0.000000e+00
      vertex   8.050000e+01 -9.113249e+00 0.000000e+00
    endloop
  endfacet
  facet normal -0.000000e+00 0.000000e+00 -1.000000e+00
    outer loop
      vertex   8.050000e+01 -9.113249e+00 0.000000e+00
      vertex   7.750000e+01 -9.886751e+00 0.000000e+00
      vertex   8.000000e+01 -8.443376e+00 0.000000e+00
    endloop
  endfacet
  facet normal 0.000000e+00 0.000000e+00 -1.000000e+00
    outer loop
      vertex   8.050000e+01 -9.113249e+00 0.000000e+00
      vertex   8.000000e+01 -8.443376e+00 0.000000e+00
      vertex   8.000000e+01 -5.556624e+00 0.000000e+00
    endloop
  endfacet
  facet normal 0.000000e+00 0.000000e+00 -1.000000e+00
    outer loop
      vertex   7.750000e+01 -4.113249e+00 0.000000e+00
      vertex   8.700000e+01 0.000000e+00 0.000000e+00
      vertex   8.000000e+01 -5.556624e+00 0.000000e+00
    endloop
  endfacet
  facet normal 0.000000e+00 0.000000e+00 -1.000000e+00
    outer loop
      vertex   8.000000e+01 -5.556624e+00 0.000000e+00
      vertex   8.700000e+01 0.000000e+00 0.000000e+00
      vertex   8.300000e+01 -1.055662e+01 0.000000e+00
    endloop
  endfacet
  facet normal 0.000000e+00 0.000000e+00 -1.000000e+00
    outer loop
      vertex   8.000000e+01 -5.556624e+00 0.000000e+00
      vertex   8.300000e+01 -1.055662e+01 0.000000e+00
      vertex   8.050000e+01 -9.113249e+00 0.000000e+00
    endloop
  endfacet
  facet normal 0.000000e+00 0.000000e+00 -1.000000e+00
    outer loop
      vertex   7.750000e+01 -2.988675e+01 0.000000e+00
      vertex   8.000000e+01 -2.844338e+01 0.000000e+00
      vertex   8.700000e+01 -3.400000e+01 0.000000e+00
    endloop
  endfacet
  facet normal 0.000000e+00 0.000000e+00 -1.000000e+00
    outer loop
      vertex   7.200000e+01 -1.055662e+01 0.000000e+00
      vertex   7.150000e+01 -9.886751e+00 0.000000e+00
      vertex   7.450000e+01 -9.113249e+00 0.000000e+00
    endloop
  endfacet
  facet normal -0.000000e+00 0.000000e+00 -1.000000e+00
    outer loop
      vertex   7.450000e+01 -9.113249e+00 0.000000e+00
      vertex   7.150000e+01 -9.886751e+00 0.000000e+00
      vertex   7.400000e+01 -8.443376e+00 0.000000e+00
    endloop
  endfacet
  facet normal 0.000000e+00 0.000000e+00 -1.000000e+00
    outer loop
      vertex   6.200000e+01 -2.555662e+01 0.000000e+00
      vertex   5.950000e+01 -2.411325e+01 0.000000e+00
      vertex   6.250000e+01 -2.488675e+01 0.000000e+00
    endloop
  endfacet
  facet normal 0.000000e+00 0.000000e+00 -1.000000e+00
    outer loop
      vertex   6.250000e+01 -2.488675e+01 0.000000e+00
      vertex   5.950000e+01 -2.411325e+01 0.000000e+00
      vertex   6.000000e+01 -2.344338e+01 0.000000e+00
    endloop
  endfacet
  facet normal 0.000000e+00 0.000000e+00 -1.000000e+00
    outer loop
      vertex   7.500000e+01 -1.555662e+01 0.000000e+00
      vertex   7.450000e+01 -1.488675e+01 0.000000e+00
      vertex   7.750000e+01 -1.411325e+01 0.000000e+00
    endloop
  endfacet
  facet normal -0.000000e+00 0.000000e+00 -1.000000e+00
    outer loop
      vertex   7.750000e+01 -1.411325e+01 0.000000e+00
      vertex   7.450000e+01 -1.488675e+01 0.000000e+00
      vertex   7.700000e+01 -1.344338e+01 0.000000e+00
    endloop
  endfacet
  facet normal 0.000000e+00 -0.000000e+00 -1.000000e+00
    outer loop
      vertex   6.500000e+01 -1.344338e+01 0.000000e+00
      vertex   6.550000e+01 -1.411325e+01 0.000000e+00
      vertex   6.250000e+01 -1.488675e+01 0.000000e+00
    endloop
  endfacet
  facet normal 0.000000e+00 0.000000e+00 -1.000000e+00
    outer loop
      vertex   6.250000e+01 -1.488675e+01 0.000000e+00
      vertex   6.550000e+01 -1.411325e+01 0.000000e+00
      vertex   6.300000e+01 -1.555662e+01 0.000000e+00
    endloop
  endfacet
  facet normal 0.000000e+00 -0.000000e+00 -1.000000e+00
    outer loop
      vertex   5.600000e+01 -8.443376e+00 0.000000e+00
      vertex   5.650000e+01 -9.113249e+00 0.000000e+00
      vertex   5.350000e+01 -9.886751e+00 0.000000e+00
    endloop
  endfacet
  facet normal 0.000000e+00 0.000000e+00 -1.000000e+00
    outer loop
      vertex   5.350000e+01 -9.886751e+00 0.000000e+00
      vertex   5.650000e+01 -9.113249e+00 0.000000e+00
      vertex   5.400000e+01 -1.055662e+01 0.000000e+00
    endloop
  endfacet
  facet normal 0.000000e+00 -0.000000e+00 -1.000000e+00
    outer loop
      vertex   6.800000e+01 -8.443376e+00 0.000000e+00
      vertex   6.850000e+01 -9.113249e+00 0.000000e+00
      vertex   6.550000e+01 -9.886751e+00 0.000000e+00
    endloop
  endfacet
  facet normal 0.000000e+00 0.000000e+00 -1.000000e+00
    outer loop
      vertex   6.550000e+01 -9.886751e+00 0.000000e+00
      vertex   6.850000e+01 -9.113249e+00 0.000000e+00
      vertex   6.600000e+01 -1.055662e+01 0.000000e+00
    endloop
  endfacet
endsolid
