solid ASCII
  facet normal 4.006354e-02 9.991971e-01 0.000000e+00
    outer loop
      vertex   1.852358e+02 -1.908534e+02 2.000000e+00
      vertex   1.885619e+02 -1.909868e+02 2.000000e+00
      vertex   1.852358e+02 -1.908534e+02 1.000000e+00
    endloop
  endfacet
  facet normal 4.006354e-02 9.991971e-01 0.000000e+00
    outer loop
      vertex   1.852358e+02 -1.908534e+02 1.000000e+00
      vertex   1.885619e+02 -1.909868e+02 2.000000e+00
      vertex   1.885619e+02 -1.909868e+02 1.000000e+00
    endloop
  endfacet
  facet normal -3.050928e-03 9.999953e-01 0.000000e+00
    outer loop
      vertex   1.885619e+02 -1.909868e+02 1.000000e+00
      vertex   1.885619e+02 -1.909868e+02 2.000000e+00
      vertex   1.919138e+02 -1.909765e+02 2.000000e+00
    endloop
  endfacet
  facet normal -3.050928e-03 9.999953e-01 0.000000e+00
    outer loop
      vertex   1.885619e+02 -1.909868e+02 1.000000e+00
      vertex   1.919138e+02 -1.909765e+02 2.000000e+00
      vertex   1.919138e+02 -1.909765e+02 1.000000e+00
    endloop
  endfacet
  facet normal -4.625925e-02 9.989295e-01 0.000000e+00
    outer loop
      vertex   1.919138e+02 -1.909765e+02 1.000000e+00
      vertex   1.919138e+02 -1.909765e+02 2.000000e+00
      vertex   1.952313e+02 -1.908229e+02 2.000000e+00
    endloop
  endfacet
  facet normal -4.625925e-02 9.989295e-01 0.000000e+00
    outer loop
      vertex   1.919138e+02 -1.909765e+02 1.000000e+00
      vertex   1.952313e+02 -1.908229e+02 2.000000e+00
      vertex   1.952313e+02 -1.908229e+02 1.000000e+00
    endloop
  endfacet
  facet normal -7.953520e-02 9.968321e-01 0.000000e+00
    outer loop
      vertex   1.952313e+02 -1.908229e+02 1.000000e+00
      vertex   1.952313e+02 -1.908229e+02 2.000000e+00
      vertex   1.968584e+02 -1.906931e+02 2.000000e+00
    endloop
  endfacet
  facet normal -7.953520e-02 9.968321e-01 0.000000e+00
    outer loop
      vertex   1.952313e+02 -1.908229e+02 1.000000e+00
      vertex   1.968584e+02 -1.906931e+02 2.000000e+00
      vertex   1.968584e+02 -1.906931e+02 1.000000e+00
    endloop
  endfacet
  facet normal -1.024732e-01 9.947358e-01 0.000000e+00
    outer loop
      vertex   1.968584e+02 -1.906931e+02 1.000000e+00
      vertex   1.968584e+02 -1.906931e+02 2.000000e+00
      vertex   1.984547e+02 -1.905286e+02 2.000000e+00
    endloop
  endfacet
  facet normal -1.024732e-01 9.947358e-01 0.000000e+00
    outer loop
      vertex   1.968584e+02 -1.906931e+02 1.000000e+00
      vertex   1.984547e+02 -1.905286e+02 2.000000e+00
      vertex   1.984547e+02 -1.905286e+02 1.000000e+00
    endloop
  endfacet
  facet normal -1.262517e-01 9.919982e-01 0.000000e+00
    outer loop
      vertex   1.984547e+02 -1.905286e+02 1.000000e+00
      vertex   1.984547e+02 -1.905286e+02 2.000000e+00
      vertex   2.000130e+02 -1.903303e+02 2.000000e+00
    endloop
  endfacet
  facet normal -1.262517e-01 9.919982e-01 0.000000e+00
    outer loop
      vertex   1.984547e+02 -1.905286e+02 1.000000e+00
      vertex   2.000130e+02 -1.903303e+02 2.000000e+00
      vertex   2.000130e+02 -1.903303e+02 1.000000e+00
    endloop
  endfacet
  facet normal -1.511015e-01 9.885183e-01 0.000000e+00
    outer loop
      vertex   2.000130e+02 -1.903303e+02 1.000000e+00
      vertex   2.000130e+02 -1.903303e+02 2.000000e+00
      vertex   2.015262e+02 -1.900990e+02 2.000000e+00
    endloop
  endfacet
  facet normal -1.511015e-01 9.885183e-01 0.000000e+00
    outer loop
      vertex   2.000130e+02 -1.903303e+02 1.000000e+00
      vertex   2.015262e+02 -1.900990e+02 2.000000e+00
      vertex   2.015262e+02 -1.900990e+02 1.000000e+00
    endloop
  endfacet
  facet normal -1.772865e-01 9.841593e-01 0.000000e+00
    outer loop
      vertex   2.015262e+02 -1.900990e+02 1.000000e+00
      vertex   2.015262e+02 -1.900990e+02 2.000000e+00
      vertex   2.029875e+02 -1.898358e+02 2.000000e+00
    endloop
  endfacet
  facet normal -1.772865e-01 9.841593e-01 0.000000e+00
    outer loop
      vertex   2.015262e+02 -1.900990e+02 1.000000e+00
      vertex   2.029875e+02 -1.898358e+02 2.000000e+00
      vertex   2.029875e+02 -1.898358e+02 1.000000e+00
    endloop
  endfacet
  facet normal -2.051128e-01 9.787383e-01 0.000000e+00
    outer loop
      vertex   2.029875e+02 -1.898358e+02 1.000000e+00
      vertex   2.029875e+02 -1.898358e+02 2.000000e+00
      vertex   2.043904e+02 -1.895418e+02 2.000000e+00
    endloop
  endfacet
  facet normal -2.051128e-01 9.787383e-01 0.000000e+00
    outer loop
      vertex   2.029875e+02 -1.898358e+02 1.000000e+00
      vertex   2.043904e+02 -1.895418e+02 2.000000e+00
      vertex   2.043904e+02 -1.895418e+02 1.000000e+00
    endloop
  endfacet
  facet normal -2.349410e-01 9.720096e-01 0.000000e+00
    outer loop
      vertex   2.043904e+02 -1.895418e+02 1.000000e+00
      vertex   2.043904e+02 -1.895418e+02 2.000000e+00
      vertex   2.057286e+02 -1.892183e+02 2.000000e+00
    endloop
  endfacet
  facet normal -2.349410e-01 9.720096e-01 0.000000e+00
    outer loop
      vertex   2.043904e+02 -1.895418e+02 1.000000e+00
      vertex   2.057286e+02 -1.892183e+02 2.000000e+00
      vertex   2.057286e+02 -1.892183e+02 1.000000e+00
    endloop
  endfacet
  facet normal -2.671992e-01 9.636413e-01 0.000000e+00
    outer loop
      vertex   2.057286e+02 -1.892183e+02 1.000000e+00
      vertex   2.057286e+02 -1.892183e+02 2.000000e+00
      vertex   2.069960e+02 -1.888669e+02 2.000000e+00
    endloop
  endfacet
  facet normal -2.671992e-01 9.636413e-01 0.000000e+00
    outer loop
      vertex   2.057286e+02 -1.892183e+02 1.000000e+00
      vertex   2.069960e+02 -1.888669e+02 2.000000e+00
      vertex   2.069960e+02 -1.888669e+02 1.000000e+00
    endloop
  endfacet
  facet normal -3.024002e-01 9.531810e-01 0.000000e+00
    outer loop
      vertex   2.069960e+02 -1.888669e+02 1.000000e+00
      vertex   2.069960e+02 -1.888669e+02 2.000000e+00
      vertex   2.081869e+02 -1.884891e+02 2.000000e+00
    endloop
  endfacet
  facet normal -3.024002e-01 9.531810e-01 0.000000e+00
    outer loop
      vertex   2.069960e+02 -1.888669e+02 1.000000e+00
      vertex   2.081869e+02 -1.884891e+02 2.000000e+00
      vertex   2.081869e+02 -1.884891e+02 1.000000e+00
    endloop
  endfacet
  facet normal -3.411585e-01 9.400058e-01 0.000000e+00
    outer loop
      vertex   2.081869e+02 -1.884891e+02 1.000000e+00
      vertex   2.081869e+02 -1.884891e+02 2.000000e+00
      vertex   2.092959e+02 -1.880866e+02 2.000000e+00
    endloop
  endfacet
  facet normal -3.411585e-01 9.400058e-01 0.000000e+00
    outer loop
      vertex   2.081869e+02 -1.884891e+02 1.000000e+00
      vertex   2.092959e+02 -1.880866e+02 2.000000e+00
      vertex   2.092959e+02 -1.880866e+02 1.000000e+00
    endloop
  endfacet
  facet normal -3.842069e-01 9.232470e-01 0.000000e+00
    outer loop
      vertex   2.092959e+02 -1.880866e+02 1.000000e+00
      vertex   2.092959e+02 -1.880866e+02 2.000000e+00
      vertex   2.103182e+02 -1.876612e+02 2.000000e+00
    endloop
  endfacet
  facet normal -3.842069e-01 9.232470e-01 0.000000e+00
    outer loop
      vertex   2.092959e+02 -1.880866e+02 1.000000e+00
      vertex   2.103182e+02 -1.876612e+02 2.000000e+00
      vertex   2.103182e+02 -1.876612e+02 1.000000e+00
    endloop
  endfacet
  facet normal -4.324035e-01 9.016802e-01 0.000000e+00
    outer loop
      vertex   2.103182e+02 -1.876612e+02 1.000000e+00
      vertex   2.103182e+02 -1.876612e+02 2.000000e+00
      vertex   2.112490e+02 -1.872148e+02 2.000000e+00
    endloop
  endfacet
  facet normal -4.324035e-01 9.016802e-01 0.000000e+00
    outer loop
      vertex   2.103182e+02 -1.876612e+02 1.000000e+00
      vertex   2.112490e+02 -1.872148e+02 2.000000e+00
      vertex   2.112490e+02 -1.872148e+02 1.000000e+00
    endloop
  endfacet
  facet normal -4.867120e-01 8.735625e-01 0.000000e+00
    outer loop
      vertex   2.112490e+02 -1.872148e+02 1.000000e+00
      vertex   2.112490e+02 -1.872148e+02 2.000000e+00
      vertex   2.120842e+02 -1.867494e+02 2.000000e+00
    endloop
  endfacet
  facet normal -4.867120e-01 8.735625e-01 0.000000e+00
    outer loop
      vertex   2.112490e+02 -1.872148e+02 1.000000e+00
      vertex   2.120842e+02 -1.867494e+02 2.000000e+00
      vertex   2.120842e+02 -1.867494e+02 1.000000e+00
    endloop
  endfacet
  facet normal -5.481161e-01 8.364023e-01 0.000000e+00
    outer loop
      vertex   2.120842e+02 -1.867494e+02 1.000000e+00
      vertex   2.120842e+02 -1.867494e+02 2.000000e+00
      vertex   2.128201e+02 -1.862672e+02 2.000000e+00
    endloop
  endfacet
  facet normal -5.481161e-01 8.364023e-01 0.000000e+00
    outer loop
      vertex   2.120842e+02 -1.867494e+02 1.000000e+00
      vertex   2.128201e+02 -1.862672e+02 2.000000e+00
      vertex   2.128201e+02 -1.862672e+02 1.000000e+00
    endloop
  endfacet
  facet normal -6.173872e-01 7.866594e-01 0.000000e+00
    outer loop
      vertex   2.128201e+02 -1.862672e+02 1.000000e+00
      vertex   2.128201e+02 -1.862672e+02 2.000000e+00
      vertex   2.134532e+02 -1.857703e+02 2.000000e+00
    endloop
  endfacet
  facet normal -6.173872e-01 7.866594e-01 0.000000e+00
    outer loop
      vertex   2.128201e+02 -1.862672e+02 1.000000e+00
      vertex   2.134532e+02 -1.857703e+02 2.000000e+00
      vertex   2.134532e+02 -1.857703e+02 1.000000e+00
    endloop
  endfacet
  facet normal -6.945577e-01 7.194370e-01 0.000000e+00
    outer loop
      vertex   2.134532e+02 -1.857703e+02 1.000000e+00
      vertex   2.134532e+02 -1.857703e+02 2.000000e+00
      vertex   2.139808e+02 -1.852609e+02 2.000000e+00
    endloop
  endfacet
  facet normal -6.945577e-01 7.194370e-01 0.000000e+00
    outer loop
      vertex   2.134532e+02 -1.857703e+02 1.000000e+00
      vertex   2.139808e+02 -1.852609e+02 2.000000e+00
      vertex   2.139808e+02 -1.852609e+02 1.000000e+00
    endloop
  endfacet
  facet normal -7.778807e-01 6.284119e-01 0.000000e+00
    outer loop
      vertex   2.139808e+02 -1.852609e+02 1.000000e+00
      vertex   2.139808e+02 -1.852609e+02 2.000000e+00
      vertex   2.144006e+02 -1.847414e+02 2.000000e+00
    endloop
  endfacet
  facet normal -7.778807e-01 6.284119e-01 0.000000e+00
    outer loop
      vertex   2.139808e+02 -1.852609e+02 1.000000e+00
      vertex   2.144006e+02 -1.847414e+02 2.000000e+00
      vertex   2.144006e+02 -1.847414e+02 1.000000e+00
    endloop
  endfacet
  facet normal -8.621484e-01 5.066559e-01 0.000000e+00
    outer loop
      vertex   2.144006e+02 -1.847414e+02 1.000000e+00
      vertex   2.144006e+02 -1.847414e+02 2.000000e+00
      vertex   2.147105e+02 -1.842140e+02 2.000000e+00
    endloop
  endfacet
  facet normal -8.621484e-01 5.066559e-01 0.000000e+00
    outer loop
      vertex   2.144006e+02 -1.847414e+02 1.000000e+00
      vertex   2.147105e+02 -1.842140e+02 2.000000e+00
      vertex   2.147105e+02 -1.842140e+02 1.000000e+00
    endloop
  endfacet
  facet normal -9.369508e-01 3.494613e-01 0.000000e+00
    outer loop
      vertex   2.147105e+02 -1.842140e+02 1.000000e+00
      vertex   2.147105e+02 -1.842140e+02 2.000000e+00
      vertex   2.149092e+02 -1.836811e+02 2.000000e+00
    endloop
  endfacet
  facet normal -9.369508e-01 3.494613e-01 0.000000e+00
    outer loop
      vertex   2.147105e+02 -1.842140e+02 1.000000e+00
      vertex   2.149092e+02 -1.836811e+02 2.000000e+00
      vertex   2.149092e+02 -1.836811e+02 1.000000e+00
    endloop
  endfacet
  facet normal -9.871769e-01 1.596302e-01 0.000000e+00
    outer loop
      vertex   2.149092e+02 -1.836811e+02 1.000000e+00
      vertex   2.149092e+02 -1.836811e+02 2.000000e+00
      vertex   2.149959e+02 -1.831452e+02 2.000000e+00
    endloop
  endfacet
  facet normal -9.871769e-01 1.596302e-01 0.000000e+00
    outer loop
      vertex   2.149092e+02 -1.836811e+02 1.000000e+00
      vertex   2.149959e+02 -1.831452e+02 2.000000e+00
      vertex   2.149959e+02 -1.831452e+02 1.000000e+00
    endloop
  endfacet
  facet normal -9.988449e-01 -4.805013e-02 0.000000e+00
    outer loop
      vertex   2.149959e+02 -1.831452e+02 1.000000e+00
      vertex   2.149959e+02 -1.831452e+02 2.000000e+00
      vertex   2.149701e+02 -1.826087e+02 2.000000e+00
    endloop
  endfacet
  facet normal -9.988449e-01 -4.805013e-02 0.000000e+00
    outer loop
      vertex   2.149959e+02 -1.831452e+02 1.000000e+00
      vertex   2.149701e+02 -1.826087e+02 2.000000e+00
      vertex   2.149701e+02 -1.826087e+02 1.000000e+00
    endloop
  endfacet
  facet normal -9.682105e-01 -2.501368e-01 0.000000e+00
    outer loop
      vertex   2.149701e+02 -1.826087e+02 1.000000e+00
      vertex   2.149701e+02 -1.826087e+02 2.000000e+00
      vertex   2.148319e+02 -1.820738e+02 2.000000e+00
    endloop
  endfacet
  facet normal -9.682105e-01 -2.501368e-01 0.000000e+00
    outer loop
      vertex   2.149701e+02 -1.826087e+02 1.000000e+00
      vertex   2.148319e+02 -1.820738e+02 2.000000e+00
      vertex   2.148319e+02 -1.820738e+02 1.000000e+00
    endloop
  endfacet
  facet normal -9.046952e-01 -4.260593e-01 0.000000e+00
    outer loop
      vertex   2.148319e+02 -1.820738e+02 1.000000e+00
      vertex   2.148319e+02 -1.820738e+02 2.000000e+00
      vertex   2.145820e+02 -1.815432e+02 2.000000e+00
    endloop
  endfacet
  facet normal -9.046952e-01 -4.260593e-01 0.000000e+00
    outer loop
      vertex   2.148319e+02 -1.820738e+02 1.000000e+00
      vertex   2.145820e+02 -1.815432e+02 2.000000e+00
      vertex   2.145820e+02 -1.815432e+02 1.000000e+00
    endloop
  endfacet
  facet normal -8.238940e-01 -5.667439e-01 0.000000e+00
    outer loop
      vertex   2.145820e+02 -1.815432e+02 1.000000e+00
      vertex   2.145820e+02 -1.815432e+02 2.000000e+00
      vertex   2.142215e+02 -1.810191e+02 2.000000e+00
    endloop
  endfacet
  facet normal -8.238940e-01 -5.667439e-01 0.000000e+00
    outer loop
      vertex   2.145820e+02 -1.815432e+02 1.000000e+00
      vertex   2.142215e+02 -1.810191e+02 2.000000e+00
      vertex   2.142215e+02 -1.810191e+02 1.000000e+00
    endloop
  endfacet
  facet normal -7.391119e-01 -6.735826e-01 0.000000e+00
    outer loop
      vertex   2.142215e+02 -1.810191e+02 1.000000e+00
      vertex   2.142215e+02 -1.810191e+02 2.000000e+00
      vertex   2.137520e+02 -1.805039e+02 2.000000e+00
    endloop
  endfacet
  facet normal -7.391119e-01 -6.735826e-01 0.000000e+00
    outer loop
      vertex   2.142215e+02 -1.810191e+02 1.000000e+00
      vertex   2.137520e+02 -1.805039e+02 2.000000e+00
      vertex   2.137520e+02 -1.805039e+02 1.000000e+00
    endloop
  endfacet
  facet normal -6.582202e-01 -7.528255e-01 0.000000e+00
    outer loop
      vertex   2.137520e+02 -1.805039e+02 1.000000e+00
      vertex   2.137520e+02 -1.805039e+02 2.000000e+00
      vertex   2.131756e+02 -1.800000e+02 2.000000e+00
    endloop
  endfacet
  facet normal -6.582202e-01 -7.528255e-01 0.000000e+00
    outer loop
      vertex   2.137520e+02 -1.805039e+02 1.000000e+00
      vertex   2.131756e+02 -1.800000e+02 2.000000e+00
      vertex   2.131756e+02 -1.800000e+02 1.000000e+00
    endloop
  endfacet
  facet normal -6.472919e-01 7.622422e-01 0.000000e+00
    outer loop
      vertex   2.131756e+02 -1.800000e+02 1.000000e+00
      vertex   2.131756e+02 -1.800000e+02 2.000000e+00
      vertex   2.135992e+02 -1.796403e+02 1.000000e+00
    endloop
  endfacet
  facet normal -6.472919e-01 7.622422e-01 0.000000e+00
    outer loop
      vertex   2.135992e+02 -1.796403e+02 1.000000e+00
      vertex   2.131756e+02 -1.800000e+02 2.000000e+00
      vertex   2.135992e+02 -1.796403e+02 2.000000e+00
    endloop
  endfacet
  facet normal -7.039208e-01 7.102785e-01 0.000000e+00
    outer loop
      vertex   2.135992e+02 -1.796403e+02 1.000000e+00
      vertex   2.135992e+02 -1.796403e+02 2.000000e+00
      vertex   2.139682e+02 -1.792746e+02 2.000000e+00
    endloop
  endfacet
  facet normal -7.039208e-01 7.102785e-01 0.000000e+00
    outer loop
      vertex   2.135992e+02 -1.796403e+02 1.000000e+00
      vertex   2.139682e+02 -1.792746e+02 2.000000e+00
      vertex   2.139682e+02 -1.792746e+02 1.000000e+00
    endloop
  endfacet
  facet normal -7.635830e-01 6.457097e-01 0.000000e+00
    outer loop
      vertex   2.139682e+02 -1.792746e+02 1.000000e+00
      vertex   2.139682e+02 -1.792746e+02 2.000000e+00
      vertex   2.142820e+02 -1.789036e+02 2.000000e+00
    endloop
  endfacet
  facet normal -7.635830e-01 6.457097e-01 0.000000e+00
    outer loop
      vertex   2.139682e+02 -1.792746e+02 1.000000e+00
      vertex   2.142820e+02 -1.789036e+02 2.000000e+00
      vertex   2.142820e+02 -1.789036e+02 1.000000e+00
    endloop
  endfacet
  facet normal -8.244541e-01 5.659288e-01 0.000000e+00
    outer loop
      vertex   2.142820e+02 -1.789036e+02 1.000000e+00
      vertex   2.142820e+02 -1.789036e+02 2.000000e+00
      vertex   2.145397e+02 -1.785281e+02 2.000000e+00
    endloop
  endfacet
  facet normal -8.244541e-01 5.659288e-01 0.000000e+00
    outer loop
      vertex   2.142820e+02 -1.789036e+02 1.000000e+00
      vertex   2.145397e+02 -1.785281e+02 2.000000e+00
      vertex   2.145397e+02 -1.785281e+02 1.000000e+00
    endloop
  endfacet
  facet normal -8.833704e-01 4.686755e-01 0.000000e+00
    outer loop
      vertex   2.145397e+02 -1.785281e+02 1.000000e+00
      vertex   2.145397e+02 -1.785281e+02 2.000000e+00
      vertex   2.147407e+02 -1.781492e+02 2.000000e+00
    endloop
  endfacet
  facet normal -8.833704e-01 4.686755e-01 0.000000e+00
    outer loop
      vertex   2.145397e+02 -1.785281e+02 1.000000e+00
      vertex   2.147407e+02 -1.781492e+02 2.000000e+00
      vertex   2.147407e+02 -1.781492e+02 1.000000e+00
    endloop
  endfacet
  facet normal -9.356496e-01 3.529304e-01 0.000000e+00
    outer loop
      vertex   2.147407e+02 -1.781492e+02 1.000000e+00
      vertex   2.147407e+02 -1.781492e+02 2.000000e+00
      vertex   2.148847e+02 -1.777676e+02 1.000000e+00
    endloop
  endfacet
  facet normal -9.356496e-01 3.529304e-01 0.000000e+00
    outer loop
      vertex   2.148847e+02 -1.777676e+02 1.000000e+00
      vertex   2.147407e+02 -1.781492e+02 2.000000e+00
      vertex   2.148847e+02 -1.777676e+02 2.000000e+00
    endloop
  endfacet
  facet normal -9.754794e-01 2.200909e-01 0.000000e+00
    outer loop
      vertex   2.148847e+02 -1.777676e+02 1.000000e+00
      vertex   2.148847e+02 -1.777676e+02 2.000000e+00
      vertex   2.149711e+02 -1.773843e+02 2.000000e+00
    endloop
  endfacet
  facet normal -9.754794e-01 2.200909e-01 0.000000e+00
    outer loop
      vertex   2.148847e+02 -1.777676e+02 1.000000e+00
      vertex   2.149711e+02 -1.773843e+02 2.000000e+00
      vertex   2.149711e+02 -1.773843e+02 1.000000e+00
    endloop
  endfacet
  facet normal -9.971925e-01 7.488114e-02 0.000000e+00
    outer loop
      vertex   2.149711e+02 -1.773843e+02 1.000000e+00
      vertex   2.149711e+02 -1.773843e+02 2.000000e+00
      vertex   2.150000e+02 -1.770000e+02 2.000000e+00
    endloop
  endfacet
  facet normal -9.971925e-01 7.488114e-02 0.000000e+00
    outer loop
      vertex   2.149711e+02 -1.773843e+02 1.000000e+00
      vertex   2.150000e+02 -1.770000e+02 2.000000e+00
      vertex   2.150000e+02 -1.770000e+02 1.000000e+00
    endloop
  endfacet
  facet normal -9.971925e-01 -7.488113e-02 0.000000e+00
    outer loop
      vertex   2.150000e+02 -1.770000e+02 1.000000e+00
      vertex   2.150000e+02 -1.770000e+02 2.000000e+00
      vertex   2.149711e+02 -1.766158e+02 2.000000e+00
    endloop
  endfacet
  facet normal -9.971925e-01 -7.488113e-02 0.000000e+00
    outer loop
      vertex   2.150000e+02 -1.770000e+02 1.000000e+00
      vertex   2.149711e+02 -1.766158e+02 2.000000e+00
      vertex   2.149711e+02 -1.766158e+02 1.000000e+00
    endloop
  endfacet
  facet normal -9.754794e-01 -2.200909e-01 0.000000e+00
    outer loop
      vertex   2.149711e+02 -1.766158e+02 1.000000e+00
      vertex   2.149711e+02 -1.766158e+02 2.000000e+00
      vertex   2.148847e+02 -1.762324e+02 2.000000e+00
    endloop
  endfacet
  facet normal -9.754794e-01 -2.200909e-01 0.000000e+00
    outer loop
      vertex   2.149711e+02 -1.766158e+02 1.000000e+00
      vertex   2.148847e+02 -1.762324e+02 2.000000e+00
      vertex   2.148847e+02 -1.762324e+02 1.000000e+00
    endloop
  endfacet
  facet normal -9.356496e-01 -3.529304e-01 0.000000e+00
    outer loop
      vertex   2.148847e+02 -1.762324e+02 1.000000e+00
      vertex   2.148847e+02 -1.762324e+02 2.000000e+00
      vertex   2.147407e+02 -1.758508e+02 1.000000e+00
    endloop
  endfacet
  facet normal -9.356496e-01 -3.529304e-01 0.000000e+00
    outer loop
      vertex   2.147407e+02 -1.758508e+02 1.000000e+00
      vertex   2.148847e+02 -1.762324e+02 2.000000e+00
      vertex   2.147407e+02 -1.758508e+02 2.000000e+00
    endloop
  endfacet
  facet normal -8.833704e-01 -4.686755e-01 0.000000e+00
    outer loop
      vertex   2.147407e+02 -1.758508e+02 1.000000e+00
      vertex   2.147407e+02 -1.758508e+02 2.000000e+00
      vertex   2.145397e+02 -1.754719e+02 2.000000e+00
    endloop
  endfacet
  facet normal -8.833704e-01 -4.686755e-01 0.000000e+00
    outer loop
      vertex   2.147407e+02 -1.758508e+02 1.000000e+00
      vertex   2.145397e+02 -1.754719e+02 2.000000e+00
      vertex   2.145397e+02 -1.754719e+02 1.000000e+00
    endloop
  endfacet
  facet normal -8.244541e-01 -5.659288e-01 0.000000e+00
    outer loop
      vertex   2.145397e+02 -1.754719e+02 1.000000e+00
      vertex   2.145397e+02 -1.754719e+02 2.000000e+00
      vertex   2.142820e+02 -1.750965e+02 2.000000e+00
    endloop
  endfacet
  facet normal -8.244541e-01 -5.659288e-01 0.000000e+00
    outer loop
      vertex   2.145397e+02 -1.754719e+02 1.000000e+00
      vertex   2.142820e+02 -1.750965e+02 2.000000e+00
      vertex   2.142820e+02 -1.750965e+02 1.000000e+00
    endloop
  endfacet
  facet normal -7.635830e-01 -6.457097e-01 0.000000e+00
    outer loop
      vertex   2.142820e+02 -1.750965e+02 1.000000e+00
      vertex   2.142820e+02 -1.750965e+02 2.000000e+00
      vertex   2.139682e+02 -1.747254e+02 2.000000e+00
    endloop
  endfacet
  facet normal -7.635830e-01 -6.457097e-01 0.000000e+00
    outer loop
      vertex   2.142820e+02 -1.750965e+02 1.000000e+00
      vertex   2.139682e+02 -1.747254e+02 2.000000e+00
      vertex   2.139682e+02 -1.747254e+02 1.000000e+00
    endloop
  endfacet
  facet normal -7.039208e-01 -7.102785e-01 0.000000e+00
    outer loop
      vertex   2.139682e+02 -1.747254e+02 1.000000e+00
      vertex   2.139682e+02 -1.747254e+02 2.000000e+00
      vertex   2.135992e+02 -1.743597e+02 2.000000e+00
    endloop
  endfacet
  facet normal -7.039208e-01 -7.102785e-01 0.000000e+00
    outer loop
      vertex   2.139682e+02 -1.747254e+02 1.000000e+00
      vertex   2.135992e+02 -1.743597e+02 2.000000e+00
      vertex   2.135992e+02 -1.743597e+02 1.000000e+00
    endloop
  endfacet
  facet normal -6.472919e-01 -7.622422e-01 0.000000e+00
    outer loop
      vertex   2.135992e+02 -1.743597e+02 1.000000e+00
      vertex   2.135992e+02 -1.743597e+02 2.000000e+00
      vertex   2.131756e+02 -1.740000e+02 1.000000e+00
    endloop
  endfacet
  facet normal -6.472919e-01 -7.622422e-01 0.000000e+00
    outer loop
      vertex   2.131756e+02 -1.740000e+02 1.000000e+00
      vertex   2.135992e+02 -1.743597e+02 2.000000e+00
      vertex   2.131756e+02 -1.740000e+02 2.000000e+00
    endloop
  endfacet
  facet normal -6.472919e-01 7.622422e-01 0.000000e+00
    outer loop
      vertex   2.131756e+02 -1.740000e+02 1.000000e+00
      vertex   2.131756e+02 -1.740000e+02 2.000000e+00
      vertex   2.135992e+02 -1.736403e+02 1.000000e+00
    endloop
  endfacet
  facet normal -6.472919e-01 7.622422e-01 2.493131e-14
    outer loop
      vertex   2.135992e+02 -1.736403e+02 1.000000e+00
      vertex   2.131756e+02 -1.740000e+02 2.000000e+00
      vertex   2.135992e+02 -1.736403e+02 2.000000e+00
    endloop
  endfacet
  facet normal -7.039208e-01 7.102785e-01 2.036803e-14
    outer loop
      vertex   2.135992e+02 -1.736403e+02 1.000000e+00
      vertex   2.135992e+02 -1.736403e+02 2.000000e+00
      vertex   2.139682e+02 -1.732746e+02 2.000000e+00
    endloop
  endfacet
  facet normal -7.039208e-01 7.102785e-01 3.739120e-16
    outer loop
      vertex   2.135992e+02 -1.736403e+02 1.000000e+00
      vertex   2.139682e+02 -1.732746e+02 2.000000e+00
      vertex   2.139682e+02 -1.732746e+02 1.000000e+00
    endloop
  endfacet
  facet normal -7.635830e-01 6.457097e-01 -6.700321e-15
    outer loop
      vertex   2.139682e+02 -1.732746e+02 1.000000e+00
      vertex   2.139682e+02 -1.732746e+02 2.000000e+00
      vertex   2.142820e+02 -1.729036e+02 2.000000e+00
    endloop
  endfacet
  facet normal -7.635830e-01 6.457097e-01 -3.341719e-15
    outer loop
      vertex   2.139682e+02 -1.732746e+02 1.000000e+00
      vertex   2.142820e+02 -1.729036e+02 2.000000e+00
      vertex   2.142820e+02 -1.729036e+02 1.000000e+00
    endloop
  endfacet
  facet normal -8.244541e-01 5.659288e-01 -7.347729e-15
    outer loop
      vertex   2.142820e+02 -1.729036e+02 1.000000e+00
      vertex   2.142820e+02 -1.729036e+02 2.000000e+00
      vertex   2.145397e+02 -1.725281e+02 2.000000e+00
    endloop
  endfacet
  facet normal -8.244541e-01 5.659288e-01 0.000000e+00
    outer loop
      vertex   2.142820e+02 -1.729036e+02 1.000000e+00
      vertex   2.145397e+02 -1.725281e+02 2.000000e+00
      vertex   2.145397e+02 -1.725281e+02 1.000000e+00
    endloop
  endfacet
  facet normal -8.833704e-01 4.686756e-01 0.000000e+00
    outer loop
      vertex   2.145397e+02 -1.725281e+02 1.000000e+00
      vertex   2.145397e+02 -1.725281e+02 2.000000e+00
      vertex   2.147407e+02 -1.721492e+02 2.000000e+00
    endloop
  endfacet
  facet normal -8.833704e-01 4.686756e-01 0.000000e+00
    outer loop
      vertex   2.145397e+02 -1.725281e+02 1.000000e+00
      vertex   2.147407e+02 -1.721492e+02 2.000000e+00
      vertex   2.147407e+02 -1.721492e+02 1.000000e+00
    endloop
  endfacet
  facet normal -9.356496e-01 3.529305e-01 0.000000e+00
    outer loop
      vertex   2.147407e+02 -1.721492e+02 1.000000e+00
      vertex   2.147407e+02 -1.721492e+02 2.000000e+00
      vertex   2.148847e+02 -1.717676e+02 1.000000e+00
    endloop
  endfacet
  facet normal -9.356496e-01 3.529305e-01 0.000000e+00
    outer loop
      vertex   2.148847e+02 -1.717676e+02 1.000000e+00
      vertex   2.147407e+02 -1.721492e+02 2.000000e+00
      vertex   2.148847e+02 -1.717676e+02 2.000000e+00
    endloop
  endfacet
  facet normal -9.754794e-01 2.200910e-01 0.000000e+00
    outer loop
      vertex   2.148847e+02 -1.717676e+02 1.000000e+00
      vertex   2.148847e+02 -1.717676e+02 2.000000e+00
      vertex   2.149711e+02 -1.713843e+02 2.000000e+00
    endloop
  endfacet
  facet normal -9.754794e-01 2.200910e-01 0.000000e+00
    outer loop
      vertex   2.148847e+02 -1.717676e+02 1.000000e+00
      vertex   2.149711e+02 -1.713843e+02 2.000000e+00
      vertex   2.149711e+02 -1.713843e+02 1.000000e+00
    endloop
  endfacet
  facet normal -9.971925e-01 7.488116e-02 0.000000e+00
    outer loop
      vertex   2.149711e+02 -1.713843e+02 1.000000e+00
      vertex   2.149711e+02 -1.713843e+02 2.000000e+00
      vertex   2.150000e+02 -1.710000e+02 2.000000e+00
    endloop
  endfacet
  facet normal -9.971925e-01 7.488116e-02 0.000000e+00
    outer loop
      vertex   2.149711e+02 -1.713843e+02 1.000000e+00
      vertex   2.150000e+02 -1.710000e+02 2.000000e+00
      vertex   2.150000e+02 -1.710000e+02 1.000000e+00
    endloop
  endfacet
  facet normal -9.971925e-01 -7.488113e-02 0.000000e+00
    outer loop
      vertex   2.150000e+02 -1.710000e+02 1.000000e+00
      vertex   2.150000e+02 -1.710000e+02 2.000000e+00
      vertex   2.149711e+02 -1.706158e+02 2.000000e+00
    endloop
  endfacet
  facet normal -9.971925e-01 -7.488113e-02 0.000000e+00
    outer loop
      vertex   2.150000e+02 -1.710000e+02 1.000000e+00
      vertex   2.149711e+02 -1.706158e+02 2.000000e+00
      vertex   2.149711e+02 -1.706158e+02 1.000000e+00
    endloop
  endfacet
  facet normal -9.754794e-01 -2.200909e-01 0.000000e+00
    outer loop
      vertex   2.149711e+02 -1.706158e+02 1.000000e+00
      vertex   2.149711e+02 -1.706158e+02 2.000000e+00
      vertex   2.148847e+02 -1.702324e+02 2.000000e+00
    endloop
  endfacet
  facet normal -9.754794e-01 -2.200909e-01 0.000000e+00
    outer loop
      vertex   2.149711e+02 -1.706158e+02 1.000000e+00
      vertex   2.148847e+02 -1.702324e+02 2.000000e+00
      vertex   2.148847e+02 -1.702324e+02 1.000000e+00
    endloop
  endfacet
  facet normal -9.356496e-01 -3.529304e-01 0.000000e+00
    outer loop
      vertex   2.148847e+02 -1.702324e+02 1.000000e+00
      vertex   2.148847e+02 -1.702324e+02 2.000000e+00
      vertex   2.147407e+02 -1.698508e+02 1.000000e+00
    endloop
  endfacet
  facet normal -9.356496e-01 -3.529304e-01 0.000000e+00
    outer loop
      vertex   2.147407e+02 -1.698508e+02 1.000000e+00
      vertex   2.148847e+02 -1.702324e+02 2.000000e+00
      vertex   2.147407e+02 -1.698508e+02 2.000000e+00
    endloop
  endfacet
  facet normal -8.833704e-01 -4.686755e-01 0.000000e+00
    outer loop
      vertex   2.147407e+02 -1.698508e+02 1.000000e+00
      vertex   2.147407e+02 -1.698508e+02 2.000000e+00
      vertex   2.145397e+02 -1.694719e+02 2.000000e+00
    endloop
  endfacet
  facet normal -8.833704e-01 -4.686755e-01 0.000000e+00
    outer loop
      vertex   2.147407e+02 -1.698508e+02 1.000000e+00
      vertex   2.145397e+02 -1.694719e+02 2.000000e+00
      vertex   2.145397e+02 -1.694719e+02 1.000000e+00
    endloop
  endfacet
  facet normal -8.244541e-01 -5.659288e-01 0.000000e+00
    outer loop
      vertex   2.145397e+02 -1.694719e+02 1.000000e+00
      vertex   2.145397e+02 -1.694719e+02 2.000000e+00
      vertex   2.142820e+02 -1.690965e+02 2.000000e+00
    endloop
  endfacet
  facet normal -8.244541e-01 -5.659288e-01 0.000000e+00
    outer loop
      vertex   2.145397e+02 -1.694719e+02 1.000000e+00
      vertex   2.142820e+02 -1.690965e+02 2.000000e+00
      vertex   2.142820e+02 -1.690965e+02 1.000000e+00
    endloop
  endfacet
  facet normal -7.635830e-01 -6.457097e-01 0.000000e+00
    outer loop
      vertex   2.142820e+02 -1.690965e+02 1.000000e+00
      vertex   2.142820e+02 -1.690965e+02 2.000000e+00
      vertex   2.139682e+02 -1.687254e+02 2.000000e+00
    endloop
  endfacet
  facet normal -7.635830e-01 -6.457097e-01 0.000000e+00
    outer loop
      vertex   2.142820e+02 -1.690965e+02 1.000000e+00
      vertex   2.139682e+02 -1.687254e+02 2.000000e+00
      vertex   2.139682e+02 -1.687254e+02 1.000000e+00
    endloop
  endfacet
  facet normal -7.039208e-01 -7.102785e-01 0.000000e+00
    outer loop
      vertex   2.139682e+02 -1.687254e+02 1.000000e+00
      vertex   2.139682e+02 -1.687254e+02 2.000000e+00
      vertex   2.135992e+02 -1.683597e+02 2.000000e+00
    endloop
  endfacet
  facet normal -7.039208e-01 -7.102785e-01 0.000000e+00
    outer loop
      vertex   2.139682e+02 -1.687254e+02 1.000000e+00
      vertex   2.135992e+02 -1.683597e+02 2.000000e+00
      vertex   2.135992e+02 -1.683597e+02 1.000000e+00
    endloop
  endfacet
  facet normal -6.472919e-01 -7.622422e-01 0.000000e+00
    outer loop
      vertex   2.135992e+02 -1.683597e+02 1.000000e+00
      vertex   2.135992e+02 -1.683597e+02 2.000000e+00
      vertex   2.131756e+02 -1.680000e+02 1.000000e+00
    endloop
  endfacet
  facet normal -6.472919e-01 -7.622422e-01 0.000000e+00
    outer loop
      vertex   2.131756e+02 -1.680000e+02 1.000000e+00
      vertex   2.135992e+02 -1.683597e+02 2.000000e+00
      vertex   2.131756e+02 -1.680000e+02 2.000000e+00
    endloop
  endfacet
  facet normal -6.472918e-01 7.622423e-01 0.000000e+00
    outer loop
      vertex   2.131756e+02 -1.680000e+02 1.000000e+00
      vertex   2.131756e+02 -1.680000e+02 2.000000e+00
      vertex   2.135992e+02 -1.676403e+02 1.000000e+00
    endloop
  endfacet
  facet normal -6.472918e-01 7.622423e-01 -1.839714e-14
    outer loop
      vertex   2.135992e+02 -1.676403e+02 1.000000e+00
      vertex   2.131756e+02 -1.680000e+02 2.000000e+00
      vertex   2.135992e+02 -1.676403e+02 2.000000e+00
    endloop
  endfacet
  facet normal -7.039207e-01 7.102786e-01 -2.000663e-14
    outer loop
      vertex   2.135992e+02 -1.676403e+02 1.000000e+00
      vertex   2.135992e+02 -1.676403e+02 2.000000e+00
      vertex   2.139682e+02 -1.672746e+02 2.000000e+00
    endloop
  endfacet
  facet normal -7.039207e-01 7.102786e-01 0.000000e+00
    outer loop
      vertex   2.135992e+02 -1.676403e+02 1.000000e+00
      vertex   2.139682e+02 -1.672746e+02 2.000000e+00
      vertex   2.139682e+02 -1.672746e+02 1.000000e+00
    endloop
  endfacet
  facet normal -7.635829e-01 6.457098e-01 0.000000e+00
    outer loop
      vertex   2.139682e+02 -1.672746e+02 1.000000e+00
      vertex   2.139682e+02 -1.672746e+02 2.000000e+00
      vertex   2.142820e+02 -1.669036e+02 2.000000e+00
    endloop
  endfacet
  facet normal -7.635829e-01 6.457098e-01 0.000000e+00
    outer loop
      vertex   2.139682e+02 -1.672746e+02 1.000000e+00
      vertex   2.142820e+02 -1.669036e+02 2.000000e+00
      vertex   2.142820e+02 -1.669036e+02 1.000000e+00
    endloop
  endfacet
  facet normal -8.244540e-01 5.659290e-01 0.000000e+00
    outer loop
      vertex   2.142820e+02 -1.669036e+02 1.000000e+00
      vertex   2.142820e+02 -1.669036e+02 2.000000e+00
      vertex   2.145397e+02 -1.665281e+02 2.000000e+00
    endloop
  endfacet
  facet normal -8.244540e-01 5.659290e-01 0.000000e+00
    outer loop
      vertex   2.142820e+02 -1.669036e+02 1.000000e+00
      vertex   2.145397e+02 -1.665281e+02 2.000000e+00
      vertex   2.145397e+02 -1.665281e+02 1.000000e+00
    endloop
  endfacet
  facet normal -8.833703e-01 4.686757e-01 0.000000e+00
    outer loop
      vertex   2.145397e+02 -1.665281e+02 1.000000e+00
      vertex   2.145397e+02 -1.665281e+02 2.000000e+00
      vertex   2.147407e+02 -1.661492e+02 2.000000e+00
    endloop
  endfacet
  facet normal -8.833703e-01 4.686757e-01 0.000000e+00
    outer loop
      vertex   2.145397e+02 -1.665281e+02 1.000000e+00
      vertex   2.147407e+02 -1.661492e+02 2.000000e+00
      vertex   2.147407e+02 -1.661492e+02 1.000000e+00
    endloop
  endfacet
  facet normal -9.356495e-01 3.529306e-01 0.000000e+00
    outer loop
      vertex   2.147407e+02 -1.661492e+02 1.000000e+00
      vertex   2.147407e+02 -1.661492e+02 2.000000e+00
      vertex   2.148847e+02 -1.657676e+02 1.000000e+00
    endloop
  endfacet
  facet normal -9.356495e-01 3.529306e-01 0.000000e+00
    outer loop
      vertex   2.148847e+02 -1.657676e+02 1.000000e+00
      vertex   2.147407e+02 -1.661492e+02 2.000000e+00
      vertex   2.148847e+02 -1.657676e+02 2.000000e+00
    endloop
  endfacet
  facet normal -9.754793e-01 2.200912e-01 0.000000e+00
    outer loop
      vertex   2.148847e+02 -1.657676e+02 1.000000e+00
      vertex   2.148847e+02 -1.657676e+02 2.000000e+00
      vertex   2.149711e+02 -1.653843e+02 2.000000e+00
    endloop
  endfacet
  facet normal -9.754793e-01 2.200912e-01 0.000000e+00
    outer loop
      vertex   2.148847e+02 -1.657676e+02 1.000000e+00
      vertex   2.149711e+02 -1.653843e+02 2.000000e+00
      vertex   2.149711e+02 -1.653843e+02 1.000000e+00
    endloop
  endfacet
  facet normal -9.971924e-01 7.488136e-02 0.000000e+00
    outer loop
      vertex   2.149711e+02 -1.653843e+02 1.000000e+00
      vertex   2.149711e+02 -1.653843e+02 2.000000e+00
      vertex   2.150000e+02 -1.650000e+02 2.000000e+00
    endloop
  endfacet
  facet normal -9.971924e-01 7.488136e-02 0.000000e+00
    outer loop
      vertex   2.149711e+02 -1.653843e+02 1.000000e+00
      vertex   2.150000e+02 -1.650000e+02 2.000000e+00
      vertex   2.150000e+02 -1.650000e+02 1.000000e+00
    endloop
  endfacet
  facet normal -9.971925e-01 -7.488093e-02 0.000000e+00
    outer loop
      vertex   2.150000e+02 -1.650000e+02 1.000000e+00
      vertex   2.150000e+02 -1.650000e+02 2.000000e+00
      vertex   2.149711e+02 -1.646158e+02 2.000000e+00
    endloop
  endfacet
  facet normal -9.971925e-01 -7.488093e-02 0.000000e+00
    outer loop
      vertex   2.150000e+02 -1.650000e+02 1.000000e+00
      vertex   2.149711e+02 -1.646158e+02 2.000000e+00
      vertex   2.149711e+02 -1.646158e+02 1.000000e+00
    endloop
  endfacet
  facet normal -9.754794e-01 -2.200908e-01 0.000000e+00
    outer loop
      vertex   2.149711e+02 -1.646158e+02 1.000000e+00
      vertex   2.149711e+02 -1.646158e+02 2.000000e+00
      vertex   2.148847e+02 -1.642324e+02 2.000000e+00
    endloop
  endfacet
  facet normal -9.754794e-01 -2.200908e-01 0.000000e+00
    outer loop
      vertex   2.149711e+02 -1.646158e+02 1.000000e+00
      vertex   2.148847e+02 -1.642324e+02 2.000000e+00
      vertex   2.148847e+02 -1.642324e+02 1.000000e+00
    endloop
  endfacet
  facet normal -9.356496e-01 -3.529303e-01 0.000000e+00
    outer loop
      vertex   2.148847e+02 -1.642324e+02 1.000000e+00
      vertex   2.148847e+02 -1.642324e+02 2.000000e+00
      vertex   2.147407e+02 -1.638508e+02 1.000000e+00
    endloop
  endfacet
  facet normal -9.356496e-01 -3.529303e-01 0.000000e+00
    outer loop
      vertex   2.147407e+02 -1.638508e+02 1.000000e+00
      vertex   2.148847e+02 -1.642324e+02 2.000000e+00
      vertex   2.147407e+02 -1.638508e+02 2.000000e+00
    endloop
  endfacet
  facet normal -8.833704e-01 -4.686754e-01 0.000000e+00
    outer loop
      vertex   2.147407e+02 -1.638508e+02 1.000000e+00
      vertex   2.147407e+02 -1.638508e+02 2.000000e+00
      vertex   2.145397e+02 -1.634719e+02 2.000000e+00
    endloop
  endfacet
  facet normal -8.833704e-01 -4.686754e-01 0.000000e+00
    outer loop
      vertex   2.147407e+02 -1.638508e+02 1.000000e+00
      vertex   2.145397e+02 -1.634719e+02 2.000000e+00
      vertex   2.145397e+02 -1.634719e+02 1.000000e+00
    endloop
  endfacet
  facet normal -8.244542e-01 -5.659287e-01 0.000000e+00
    outer loop
      vertex   2.145397e+02 -1.634719e+02 1.000000e+00
      vertex   2.145397e+02 -1.634719e+02 2.000000e+00
      vertex   2.142820e+02 -1.630965e+02 2.000000e+00
    endloop
  endfacet
  facet normal -8.244542e-01 -5.659287e-01 0.000000e+00
    outer loop
      vertex   2.145397e+02 -1.634719e+02 1.000000e+00
      vertex   2.142820e+02 -1.630965e+02 2.000000e+00
      vertex   2.142820e+02 -1.630965e+02 1.000000e+00
    endloop
  endfacet
  facet normal -7.635831e-01 -6.457096e-01 0.000000e+00
    outer loop
      vertex   2.142820e+02 -1.630965e+02 1.000000e+00
      vertex   2.142820e+02 -1.630965e+02 2.000000e+00
      vertex   2.139682e+02 -1.627254e+02 2.000000e+00
    endloop
  endfacet
  facet normal -7.635831e-01 -6.457096e-01 0.000000e+00
    outer loop
      vertex   2.142820e+02 -1.630965e+02 1.000000e+00
      vertex   2.139682e+02 -1.627254e+02 2.000000e+00
      vertex   2.139682e+02 -1.627254e+02 1.000000e+00
    endloop
  endfacet
  facet normal -7.039208e-01 -7.102784e-01 0.000000e+00
    outer loop
      vertex   2.139682e+02 -1.627254e+02 1.000000e+00
      vertex   2.139682e+02 -1.627254e+02 2.000000e+00
      vertex   2.135992e+02 -1.623597e+02 2.000000e+00
    endloop
  endfacet
  facet normal -7.039208e-01 -7.102784e-01 0.000000e+00
    outer loop
      vertex   2.139682e+02 -1.627254e+02 1.000000e+00
      vertex   2.135992e+02 -1.623597e+02 2.000000e+00
      vertex   2.135992e+02 -1.623597e+02 1.000000e+00
    endloop
  endfacet
  facet normal -6.472919e-01 -7.622422e-01 0.000000e+00
    outer loop
      vertex   2.135992e+02 -1.623597e+02 1.000000e+00
      vertex   2.135992e+02 -1.623597e+02 2.000000e+00
      vertex   2.131756e+02 -1.620000e+02 1.000000e+00
    endloop
  endfacet
  facet normal -6.472919e-01 -7.622422e-01 0.000000e+00
    outer loop
      vertex   2.131756e+02 -1.620000e+02 1.000000e+00
      vertex   2.135992e+02 -1.623597e+02 2.000000e+00
      vertex   2.131756e+02 -1.620000e+02 2.000000e+00
    endloop
  endfacet
  facet normal -6.472924e-01 7.622418e-01 0.000000e+00
    outer loop
      vertex   2.131756e+02 -1.620000e+02 1.000000e+00
      vertex   2.131756e+02 -1.620000e+02 2.000000e+00
      vertex   2.135992e+02 -1.616403e+02 1.000000e+00
    endloop
  endfacet
  facet normal -6.472924e-01 7.622418e-01 0.000000e+00
    outer loop
      vertex   2.135992e+02 -1.616403e+02 1.000000e+00
      vertex   2.131756e+02 -1.620000e+02 2.000000e+00
      vertex   2.135992e+02 -1.616403e+02 2.000000e+00
    endloop
  endfacet
  facet normal -7.039213e-01 7.102780e-01 0.000000e+00
    outer loop
      vertex   2.135992e+02 -1.616403e+02 1.000000e+00
      vertex   2.135992e+02 -1.616403e+02 2.000000e+00
      vertex   2.139682e+02 -1.612746e+02 2.000000e+00
    endloop
  endfacet
  facet normal -7.039213e-01 7.102780e-01 0.000000e+00
    outer loop
      vertex   2.135992e+02 -1.616403e+02 1.000000e+00
      vertex   2.139682e+02 -1.612746e+02 2.000000e+00
      vertex   2.139682e+02 -1.612746e+02 1.000000e+00
    endloop
  endfacet
  facet normal -7.635835e-01 6.457091e-01 0.000000e+00
    outer loop
      vertex   2.139682e+02 -1.612746e+02 1.000000e+00
      vertex   2.139682e+02 -1.612746e+02 2.000000e+00
      vertex   2.142820e+02 -1.609035e+02 2.000000e+00
    endloop
  endfacet
  facet normal -7.635835e-01 6.457091e-01 0.000000e+00
    outer loop
      vertex   2.139682e+02 -1.612746e+02 1.000000e+00
      vertex   2.142820e+02 -1.609035e+02 2.000000e+00
      vertex   2.142820e+02 -1.609035e+02 1.000000e+00
    endloop
  endfacet
  facet normal -8.244545e-01 5.659282e-01 0.000000e+00
    outer loop
      vertex   2.142820e+02 -1.609035e+02 1.000000e+00
      vertex   2.142820e+02 -1.609035e+02 2.000000e+00
      vertex   2.145397e+02 -1.605281e+02 2.000000e+00
    endloop
  endfacet
  facet normal -8.244545e-01 5.659282e-01 0.000000e+00
    outer loop
      vertex   2.142820e+02 -1.609035e+02 1.000000e+00
      vertex   2.145397e+02 -1.605281e+02 2.000000e+00
      vertex   2.145397e+02 -1.605281e+02 1.000000e+00
    endloop
  endfacet
  facet normal -8.833707e-01 4.686749e-01 0.000000e+00
    outer loop
      vertex   2.145397e+02 -1.605281e+02 1.000000e+00
      vertex   2.145397e+02 -1.605281e+02 2.000000e+00
      vertex   2.147407e+02 -1.601492e+02 2.000000e+00
    endloop
  endfacet
  facet normal -8.833707e-01 4.686749e-01 0.000000e+00
    outer loop
      vertex   2.145397e+02 -1.605281e+02 1.000000e+00
      vertex   2.147407e+02 -1.601492e+02 2.000000e+00
      vertex   2.147407e+02 -1.601492e+02 1.000000e+00
    endloop
  endfacet
  facet normal -9.356498e-01 3.529298e-01 0.000000e+00
    outer loop
      vertex   2.147407e+02 -1.601492e+02 1.000000e+00
      vertex   2.147407e+02 -1.601492e+02 2.000000e+00
      vertex   2.148847e+02 -1.597676e+02 1.000000e+00
    endloop
  endfacet
  facet normal -9.356498e-01 3.529298e-01 0.000000e+00
    outer loop
      vertex   2.148847e+02 -1.597676e+02 1.000000e+00
      vertex   2.147407e+02 -1.601492e+02 2.000000e+00
      vertex   2.148847e+02 -1.597676e+02 2.000000e+00
    endloop
  endfacet
  facet normal -9.754795e-01 2.200904e-01 0.000000e+00
    outer loop
      vertex   2.148847e+02 -1.597676e+02 1.000000e+00
      vertex   2.148847e+02 -1.597676e+02 2.000000e+00
      vertex   2.149712e+02 -1.593842e+02 2.000000e+00
    endloop
  endfacet
  facet normal -9.754795e-01 2.200904e-01 0.000000e+00
    outer loop
      vertex   2.148847e+02 -1.597676e+02 1.000000e+00
      vertex   2.149712e+02 -1.593842e+02 2.000000e+00
      vertex   2.149712e+02 -1.593842e+02 1.000000e+00
    endloop
  endfacet
  facet normal -9.971925e-01 7.488076e-02 0.000000e+00
    outer loop
      vertex   2.149712e+02 -1.593842e+02 1.000000e+00
      vertex   2.149712e+02 -1.593842e+02 2.000000e+00
      vertex   2.150000e+02 -1.590000e+02 2.000000e+00
    endloop
  endfacet
  facet normal -9.971925e-01 7.488076e-02 0.000000e+00
    outer loop
      vertex   2.149712e+02 -1.593842e+02 1.000000e+00
      vertex   2.150000e+02 -1.590000e+02 2.000000e+00
      vertex   2.150000e+02 -1.590000e+02 1.000000e+00
    endloop
  endfacet
  facet normal -9.971925e-01 -7.488135e-02 0.000000e+00
    outer loop
      vertex   2.150000e+02 -1.590000e+02 1.000000e+00
      vertex   2.150000e+02 -1.590000e+02 2.000000e+00
      vertex   2.149712e+02 -1.586157e+02 2.000000e+00
    endloop
  endfacet
  facet normal -9.971925e-01 -7.488135e-02 0.000000e+00
    outer loop
      vertex   2.150000e+02 -1.590000e+02 1.000000e+00
      vertex   2.149712e+02 -1.586157e+02 2.000000e+00
      vertex   2.149712e+02 -1.586157e+02 1.000000e+00
    endloop
  endfacet
  facet normal -9.754794e-01 -2.200910e-01 0.000000e+00
    outer loop
      vertex   2.149712e+02 -1.586157e+02 1.000000e+00
      vertex   2.149712e+02 -1.586157e+02 2.000000e+00
      vertex   2.148847e+02 -1.582324e+02 2.000000e+00
    endloop
  endfacet
  facet normal -9.754794e-01 -2.200910e-01 0.000000e+00
    outer loop
      vertex   2.149712e+02 -1.586157e+02 1.000000e+00
      vertex   2.148847e+02 -1.582324e+02 2.000000e+00
      vertex   2.148847e+02 -1.582324e+02 1.000000e+00
    endloop
  endfacet
  facet normal -9.356496e-01 -3.529303e-01 0.000000e+00
    outer loop
      vertex   2.148847e+02 -1.582324e+02 1.000000e+00
      vertex   2.148847e+02 -1.582324e+02 2.000000e+00
      vertex   2.147407e+02 -1.578508e+02 1.000000e+00
    endloop
  endfacet
  facet normal -9.356496e-01 -3.529303e-01 0.000000e+00
    outer loop
      vertex   2.147407e+02 -1.578508e+02 1.000000e+00
      vertex   2.148847e+02 -1.582324e+02 2.000000e+00
      vertex   2.147407e+02 -1.578508e+02 2.000000e+00
    endloop
  endfacet
  facet normal -8.833705e-01 -4.686753e-01 0.000000e+00
    outer loop
      vertex   2.147407e+02 -1.578508e+02 1.000000e+00
      vertex   2.147407e+02 -1.578508e+02 2.000000e+00
      vertex   2.145397e+02 -1.574719e+02 2.000000e+00
    endloop
  endfacet
  facet normal -8.833705e-01 -4.686753e-01 0.000000e+00
    outer loop
      vertex   2.147407e+02 -1.578508e+02 1.000000e+00
      vertex   2.145397e+02 -1.574719e+02 2.000000e+00
      vertex   2.145397e+02 -1.574719e+02 1.000000e+00
    endloop
  endfacet
  facet normal -8.244543e-01 -5.659286e-01 0.000000e+00
    outer loop
      vertex   2.145397e+02 -1.574719e+02 1.000000e+00
      vertex   2.145397e+02 -1.574719e+02 2.000000e+00
      vertex   2.142820e+02 -1.570964e+02 2.000000e+00
    endloop
  endfacet
  facet normal -8.244543e-01 -5.659286e-01 0.000000e+00
    outer loop
      vertex   2.145397e+02 -1.574719e+02 1.000000e+00
      vertex   2.142820e+02 -1.570964e+02 2.000000e+00
      vertex   2.142820e+02 -1.570964e+02 1.000000e+00
    endloop
  endfacet
  facet normal -7.635833e-01 -6.457094e-01 0.000000e+00
    outer loop
      vertex   2.142820e+02 -1.570964e+02 1.000000e+00
      vertex   2.142820e+02 -1.570964e+02 2.000000e+00
      vertex   2.139682e+02 -1.567254e+02 2.000000e+00
    endloop
  endfacet
  facet normal -7.635833e-01 -6.457094e-01 0.000000e+00
    outer loop
      vertex   2.142820e+02 -1.570964e+02 1.000000e+00
      vertex   2.139682e+02 -1.567254e+02 2.000000e+00
      vertex   2.139682e+02 -1.567254e+02 1.000000e+00
    endloop
  endfacet
  facet normal -7.039211e-01 -7.102782e-01 0.000000e+00
    outer loop
      vertex   2.139682e+02 -1.567254e+02 1.000000e+00
      vertex   2.139682e+02 -1.567254e+02 2.000000e+00
      vertex   2.135992e+02 -1.563597e+02 2.000000e+00
    endloop
  endfacet
  facet normal -7.039211e-01 -7.102782e-01 0.000000e+00
    outer loop
      vertex   2.139682e+02 -1.567254e+02 1.000000e+00
      vertex   2.135992e+02 -1.563597e+02 2.000000e+00
      vertex   2.135992e+02 -1.563597e+02 1.000000e+00
    endloop
  endfacet
  facet normal -6.472922e-01 -7.622420e-01 0.000000e+00
    outer loop
      vertex   2.135992e+02 -1.563597e+02 1.000000e+00
      vertex   2.135992e+02 -1.563597e+02 2.000000e+00
      vertex   2.131756e+02 -1.560000e+02 1.000000e+00
    endloop
  endfacet
  facet normal -6.472922e-01 -7.622420e-01 0.000000e+00
    outer loop
      vertex   2.131756e+02 -1.560000e+02 1.000000e+00
      vertex   2.135992e+02 -1.563597e+02 2.000000e+00
      vertex   2.131756e+02 -1.560000e+02 2.000000e+00
    endloop
  endfacet
  facet normal -6.512909e-01 7.588281e-01 0.000000e+00
    outer loop
      vertex   2.131756e+02 -1.560000e+02 2.000000e+00
      vertex   2.136563e+02 -1.555874e+02 2.000000e+00
      vertex   2.131756e+02 -1.560000e+02 1.000000e+00
    endloop
  endfacet
  facet normal -6.512909e-01 7.588281e-01 0.000000e+00
    outer loop
      vertex   2.131756e+02 -1.560000e+02 1.000000e+00
      vertex   2.136563e+02 -1.555874e+02 2.000000e+00
      vertex   2.136563e+02 -1.555874e+02 1.000000e+00
    endloop
  endfacet
  facet normal -7.167441e-01 6.973363e-01 0.000000e+00
    outer loop
      vertex   2.136563e+02 -1.555874e+02 1.000000e+00
      vertex   2.136563e+02 -1.555874e+02 2.000000e+00
      vertex   2.140654e+02 -1.551670e+02 2.000000e+00
    endloop
  endfacet
  facet normal -7.167441e-01 6.973363e-01 0.000000e+00
    outer loop
      vertex   2.136563e+02 -1.555874e+02 1.000000e+00
      vertex   2.140654e+02 -1.551670e+02 2.000000e+00
      vertex   2.140654e+02 -1.551670e+02 1.000000e+00
    endloop
  endfacet
  facet normal -7.857455e-01 6.185499e-01 0.000000e+00
    outer loop
      vertex   2.140654e+02 -1.551670e+02 1.000000e+00
      vertex   2.140654e+02 -1.551670e+02 2.000000e+00
      vertex   2.144015e+02 -1.547400e+02 2.000000e+00
    endloop
  endfacet
  facet normal -7.857455e-01 6.185499e-01 0.000000e+00
    outer loop
      vertex   2.140654e+02 -1.551670e+02 1.000000e+00
      vertex   2.144015e+02 -1.547400e+02 2.000000e+00
      vertex   2.144015e+02 -1.547400e+02 1.000000e+00
    endloop
  endfacet
  facet normal -8.549968e-01 5.186333e-01 0.000000e+00
    outer loop
      vertex   2.144015e+02 -1.547400e+02 1.000000e+00
      vertex   2.144015e+02 -1.547400e+02 2.000000e+00
      vertex   2.146637e+02 -1.543077e+02 2.000000e+00
    endloop
  endfacet
  facet normal -8.549968e-01 5.186333e-01 0.000000e+00
    outer loop
      vertex   2.144015e+02 -1.547400e+02 1.000000e+00
      vertex   2.146637e+02 -1.543077e+02 2.000000e+00
      vertex   2.146637e+02 -1.543077e+02 1.000000e+00
    endloop
  endfacet
  facet normal -9.187389e-01 3.948656e-01 0.000000e+00
    outer loop
      vertex   2.146637e+02 -1.543077e+02 1.000000e+00
      vertex   2.146637e+02 -1.543077e+02 2.000000e+00
      vertex   2.148512e+02 -1.538715e+02 2.000000e+00
    endloop
  endfacet
  facet normal -9.187389e-01 3.948656e-01 0.000000e+00
    outer loop
      vertex   2.146637e+02 -1.543077e+02 1.000000e+00
      vertex   2.148512e+02 -1.538715e+02 2.000000e+00
      vertex   2.148512e+02 -1.538715e+02 1.000000e+00
    endloop
  endfacet
  facet normal -9.688407e-01 2.476847e-01 0.000000e+00
    outer loop
      vertex   2.148512e+02 -1.538715e+02 1.000000e+00
      vertex   2.148512e+02 -1.538715e+02 2.000000e+00
      vertex   2.149634e+02 -1.534326e+02 2.000000e+00
    endloop
  endfacet
  facet normal -9.688407e-01 2.476847e-01 0.000000e+00
    outer loop
      vertex   2.148512e+02 -1.538715e+02 1.000000e+00
      vertex   2.149634e+02 -1.534326e+02 2.000000e+00
      vertex   2.149634e+02 -1.534326e+02 1.000000e+00
    endloop
  endfacet
  facet normal -9.965672e-01 8.278813e-02 0.000000e+00
    outer loop
      vertex   2.149634e+02 -1.534326e+02 1.000000e+00
      vertex   2.149634e+02 -1.534326e+02 2.000000e+00
      vertex   2.150000e+02 -1.529924e+02 2.000000e+00
    endloop
  endfacet
  facet normal -9.965672e-01 8.278813e-02 2.348571e-15
    outer loop
      vertex   2.149634e+02 -1.534326e+02 1.000000e+00
      vertex   2.150000e+02 -1.529924e+02 2.000000e+00
      vertex   2.150000e+02 -1.529924e+02 1.000000e+00
    endloop
  endfacet
  facet normal -9.960630e-01 -8.864872e-02 -2.519548e-15
    outer loop
      vertex   2.150000e+02 -1.529924e+02 1.000000e+00
      vertex   2.150000e+02 -1.529924e+02 2.000000e+00
      vertex   2.149608e+02 -1.525522e+02 2.000000e+00
    endloop
  endfacet
  facet normal -9.960630e-01 -8.864872e-02 -2.520232e-15
    outer loop
      vertex   2.150000e+02 -1.529924e+02 1.000000e+00
      vertex   2.149608e+02 -1.525522e+02 2.000000e+00
      vertex   2.149608e+02 -1.525522e+02 1.000000e+00
    endloop
  endfacet
  facet normal -9.674415e-01 -2.530948e-01 -7.193386e-15
    outer loop
      vertex   2.149608e+02 -1.525522e+02 1.000000e+00
      vertex   2.149608e+02 -1.525522e+02 2.000000e+00
      vertex   2.148460e+02 -1.521134e+02 2.000000e+00
    endloop
  endfacet
  facet normal -9.674415e-01 -2.530948e-01 0.000000e+00
    outer loop
      vertex   2.149608e+02 -1.525522e+02 1.000000e+00
      vertex   2.148460e+02 -1.521134e+02 2.000000e+00
      vertex   2.148460e+02 -1.521134e+02 1.000000e+00
    endloop
  endfacet
  facet normal -9.167200e-01 -3.995302e-01 0.000000e+00
    outer loop
      vertex   2.148460e+02 -1.521134e+02 1.000000e+00
      vertex   2.148460e+02 -1.521134e+02 2.000000e+00
      vertex   2.146560e+02 -1.516773e+02 2.000000e+00
    endloop
  endfacet
  facet normal -9.167200e-01 -3.995302e-01 0.000000e+00
    outer loop
      vertex   2.148460e+02 -1.521134e+02 1.000000e+00
      vertex   2.146560e+02 -1.516773e+02 2.000000e+00
      vertex   2.146560e+02 -1.516773e+02 1.000000e+00
    endloop
  endfacet
  facet normal -8.526642e-01 -5.224594e-01 0.000000e+00
    outer loop
      vertex   2.146560e+02 -1.516773e+02 1.000000e+00
      vertex   2.146560e+02 -1.516773e+02 2.000000e+00
      vertex   2.143912e+02 -1.512452e+02 2.000000e+00
    endloop
  endfacet
  facet normal -8.526642e-01 -5.224594e-01 0.000000e+00
    outer loop
      vertex   2.146560e+02 -1.516773e+02 1.000000e+00
      vertex   2.143912e+02 -1.512452e+02 2.000000e+00
      vertex   2.143912e+02 -1.512452e+02 1.000000e+00
    endloop
  endfacet
  facet normal -7.833410e-01 -6.215922e-01 0.000000e+00
    outer loop
      vertex   2.143912e+02 -1.512452e+02 1.000000e+00
      vertex   2.143912e+02 -1.512452e+02 2.000000e+00
      vertex   2.140525e+02 -1.508184e+02 2.000000e+00
    endloop
  endfacet
  facet normal -7.833410e-01 -6.215922e-01 0.000000e+00
    outer loop
      vertex   2.143912e+02 -1.512452e+02 1.000000e+00
      vertex   2.140525e+02 -1.508184e+02 2.000000e+00
      vertex   2.140525e+02 -1.508184e+02 1.000000e+00
    endloop
  endfacet
  facet normal -7.144194e-01 -6.997178e-01 0.000000e+00
    outer loop
      vertex   2.140525e+02 -1.508184e+02 1.000000e+00
      vertex   2.140525e+02 -1.508184e+02 2.000000e+00
      vertex   2.136410e+02 -1.503982e+02 2.000000e+00
    endloop
  endfacet
  facet normal -7.144194e-01 -6.997178e-01 0.000000e+00
    outer loop
      vertex   2.140525e+02 -1.508184e+02 1.000000e+00
      vertex   2.136410e+02 -1.503982e+02 2.000000e+00
      vertex   2.136410e+02 -1.503982e+02 1.000000e+00
    endloop
  endfacet
  facet normal -6.491230e-01 -7.606835e-01 0.000000e+00
    outer loop
      vertex   2.136410e+02 -1.503982e+02 1.000000e+00
      vertex   2.136410e+02 -1.503982e+02 2.000000e+00
      vertex   2.131578e+02 -1.499859e+02 2.000000e+00
    endloop
  endfacet
  facet normal -6.491230e-01 -7.606835e-01 0.000000e+00
    outer loop
      vertex   2.136410e+02 -1.503982e+02 1.000000e+00
      vertex   2.131578e+02 -1.499859e+02 2.000000e+00
      vertex   2.131578e+02 -1.499859e+02 1.000000e+00
    endloop
  endfacet
  facet normal -5.888924e-01 -8.082114e-01 0.000000e+00
    outer loop
      vertex   2.131578e+02 -1.499859e+02 1.000000e+00
      vertex   2.131578e+02 -1.499859e+02 2.000000e+00
      vertex   2.126045e+02 -1.495828e+02 2.000000e+00
    endloop
  endfacet
  facet normal -5.888924e-01 -8.082114e-01 0.000000e+00
    outer loop
      vertex   2.131578e+02 -1.499859e+02 1.000000e+00
      vertex   2.126045e+02 -1.495828e+02 2.000000e+00
      vertex   2.126045e+02 -1.495828e+02 1.000000e+00
    endloop
  endfacet
  facet normal -5.340885e-01 -8.454286e-01 0.000000e+00
    outer loop
      vertex   2.126045e+02 -1.495828e+02 1.000000e+00
      vertex   2.126045e+02 -1.495828e+02 2.000000e+00
      vertex   2.119827e+02 -1.491899e+02 2.000000e+00
    endloop
  endfacet
  facet normal -5.340885e-01 -8.454286e-01 0.000000e+00
    outer loop
      vertex   2.126045e+02 -1.495828e+02 1.000000e+00
      vertex   2.119827e+02 -1.491899e+02 2.000000e+00
      vertex   2.119827e+02 -1.491899e+02 1.000000e+00
    endloop
  endfacet
  facet normal -4.845034e-01 -8.747894e-01 0.000000e+00
    outer loop
      vertex   2.119827e+02 -1.491899e+02 1.000000e+00
      vertex   2.119827e+02 -1.491899e+02 2.000000e+00
      vertex   2.112943e+02 -1.488087e+02 2.000000e+00
    endloop
  endfacet
  facet normal -4.845034e-01 -8.747894e-01 0.000000e+00
    outer loop
      vertex   2.119827e+02 -1.491899e+02 1.000000e+00
      vertex   2.112943e+02 -1.488087e+02 2.000000e+00
      vertex   2.112943e+02 -1.488087e+02 1.000000e+00
    endloop
  endfacet
  facet normal -4.396742e-01 -8.981573e-01 0.000000e+00
    outer loop
      vertex   2.112943e+02 -1.488087e+02 1.000000e+00
      vertex   2.112943e+02 -1.488087e+02 2.000000e+00
      vertex   2.105414e+02 -1.484401e+02 2.000000e+00
    endloop
  endfacet
  facet normal -4.396742e-01 -8.981573e-01 0.000000e+00
    outer loop
      vertex   2.112943e+02 -1.488087e+02 1.000000e+00
      vertex   2.105414e+02 -1.484401e+02 2.000000e+00
      vertex   2.105414e+02 -1.484401e+02 1.000000e+00
    endloop
  endfacet
  facet normal -3.990543e-01 -9.169273e-01 0.000000e+00
    outer loop
      vertex   2.105414e+02 -1.484401e+02 1.000000e+00
      vertex   2.105414e+02 -1.484401e+02 2.000000e+00
      vertex   2.097262e+02 -1.480853e+02 2.000000e+00
    endloop
  endfacet
  facet normal -3.990543e-01 -9.169273e-01 0.000000e+00
    outer loop
      vertex   2.105414e+02 -1.484401e+02 1.000000e+00
      vertex   2.097262e+02 -1.480853e+02 2.000000e+00
      vertex   2.097262e+02 -1.480853e+02 1.000000e+00
    endloop
  endfacet
  facet normal -3.621003e-01 -9.321391e-01 0.000000e+00
    outer loop
      vertex   2.097262e+02 -1.480853e+02 1.000000e+00
      vertex   2.097262e+02 -1.480853e+02 2.000000e+00
      vertex   2.088513e+02 -1.477454e+02 2.000000e+00
    endloop
  endfacet
  facet normal -3.621003e-01 -9.321391e-01 0.000000e+00
    outer loop
      vertex   2.097262e+02 -1.480853e+02 1.000000e+00
      vertex   2.088513e+02 -1.477454e+02 2.000000e+00
      vertex   2.088513e+02 -1.477454e+02 1.000000e+00
    endloop
  endfacet
  facet normal -3.283109e-01 -9.445697e-01 0.000000e+00
    outer loop
      vertex   2.088513e+02 -1.477454e+02 1.000000e+00
      vertex   2.088513e+02 -1.477454e+02 2.000000e+00
      vertex   2.079193e+02 -1.474215e+02 2.000000e+00
    endloop
  endfacet
  facet normal -3.283109e-01 -9.445697e-01 0.000000e+00
    outer loop
      vertex   2.088513e+02 -1.477454e+02 1.000000e+00
      vertex   2.079193e+02 -1.474215e+02 2.000000e+00
      vertex   2.079193e+02 -1.474215e+02 1.000000e+00
    endloop
  endfacet
  facet normal -2.972401e-01 -9.548028e-01 0.000000e+00
    outer loop
      vertex   2.079193e+02 -1.474215e+02 1.000000e+00
      vertex   2.079193e+02 -1.474215e+02 2.000000e+00
      vertex   2.069329e+02 -1.471144e+02 2.000000e+00
    endloop
  endfacet
  facet normal -2.972401e-01 -9.548028e-01 0.000000e+00
    outer loop
      vertex   2.079193e+02 -1.474215e+02 1.000000e+00
      vertex   2.069329e+02 -1.471144e+02 2.000000e+00
      vertex   2.069329e+02 -1.471144e+02 1.000000e+00
    endloop
  endfacet
  facet normal -2.684991e-01 -9.632799e-01 0.000000e+00
    outer loop
      vertex   2.069329e+02 -1.471144e+02 1.000000e+00
      vertex   2.069329e+02 -1.471144e+02 2.000000e+00
      vertex   2.058953e+02 -1.468252e+02 2.000000e+00
    endloop
  endfacet
  facet normal -2.684991e-01 -9.632799e-01 0.000000e+00
    outer loop
      vertex   2.069329e+02 -1.471144e+02 1.000000e+00
      vertex   2.058953e+02 -1.468252e+02 2.000000e+00
      vertex   2.058953e+02 -1.468252e+02 1.000000e+00
    endloop
  endfacet
  facet normal -2.417521e-01 -9.703380e-01 0.000000e+00
    outer loop
      vertex   2.058953e+02 -1.468252e+02 1.000000e+00
      vertex   2.058953e+02 -1.468252e+02 2.000000e+00
      vertex   2.048095e+02 -1.465547e+02 2.000000e+00
    endloop
  endfacet
  facet normal -2.417521e-01 -9.703380e-01 0.000000e+00
    outer loop
      vertex   2.058953e+02 -1.468252e+02 1.000000e+00
      vertex   2.048095e+02 -1.465547e+02 2.000000e+00
      vertex   2.048095e+02 -1.465547e+02 1.000000e+00
    endloop
  endfacet
  facet normal -2.167095e-01 -9.762361e-01 0.000000e+00
    outer loop
      vertex   2.048095e+02 -1.465547e+02 1.000000e+00
      vertex   2.048095e+02 -1.465547e+02 2.000000e+00
      vertex   2.036789e+02 -1.463037e+02 2.000000e+00
    endloop
  endfacet
  facet normal -2.167095e-01 -9.762361e-01 0.000000e+00
    outer loop
      vertex   2.048095e+02 -1.465547e+02 1.000000e+00
      vertex   2.036789e+02 -1.463037e+02 2.000000e+00
      vertex   2.036789e+02 -1.463037e+02 1.000000e+00
    endloop
  endfacet
  facet normal -1.931218e-01 -9.811748e-01 0.000000e+00
    outer loop
      vertex   2.036789e+02 -1.463037e+02 1.000000e+00
      vertex   2.036789e+02 -1.463037e+02 2.000000e+00
      vertex   2.025068e+02 -1.460730e+02 2.000000e+00
    endloop
  endfacet
  facet normal -1.931218e-01 -9.811748e-01 0.000000e+00
    outer loop
      vertex   2.036789e+02 -1.463037e+02 1.000000e+00
      vertex   2.025068e+02 -1.460730e+02 2.000000e+00
      vertex   2.025068e+02 -1.460730e+02 1.000000e+00
    endloop
  endfacet
  facet normal -1.600035e-01 -9.871165e-01 0.000000e+00
    outer loop
      vertex   2.025068e+02 -1.460730e+02 1.000000e+00
      vertex   2.025068e+02 -1.460730e+02 2.000000e+00
      vertex   2.000526e+02 -1.456752e+02 2.000000e+00
    endloop
  endfacet
  facet normal -1.600035e-01 -9.871165e-01 0.000000e+00
    outer loop
      vertex   2.025068e+02 -1.460730e+02 1.000000e+00
      vertex   2.000526e+02 -1.456752e+02 2.000000e+00
      vertex   2.000526e+02 -1.456752e+02 1.000000e+00
    endloop
  endfacet
  facet normal -1.191431e-01 -9.928771e-01 0.000000e+00
    outer loop
      vertex   2.000526e+02 -1.456752e+02 1.000000e+00
      vertex   2.000526e+02 -1.456752e+02 2.000000e+00
      vertex   1.974767e+02 -1.453661e+02 2.000000e+00
    endloop
  endfacet
  facet normal -1.191431e-01 -9.928771e-01 0.000000e+00
    outer loop
      vertex   2.000526e+02 -1.456752e+02 1.000000e+00
      vertex   1.974767e+02 -1.453661e+02 2.000000e+00
      vertex   1.974767e+02 -1.453661e+02 1.000000e+00
    endloop
  endfacet
  facet normal -8.098793e-02 -9.967151e-01 0.000000e+00
    outer loop
      vertex   1.974767e+02 -1.453661e+02 1.000000e+00
      vertex   1.974767e+02 -1.453661e+02 2.000000e+00
      vertex   1.948102e+02 -1.451495e+02 2.000000e+00
    endloop
  endfacet
  facet normal -8.098793e-02 -9.967151e-01 0.000000e+00
    outer loop
      vertex   1.974767e+02 -1.453661e+02 1.000000e+00
      vertex   1.948102e+02 -1.451495e+02 2.000000e+00
      vertex   1.948102e+02 -1.451495e+02 1.000000e+00
    endloop
  endfacet
  facet normal -4.458313e-02 -9.990057e-01 0.000000e+00
    outer loop
      vertex   1.948102e+02 -1.451495e+02 1.000000e+00
      vertex   1.948102e+02 -1.451495e+02 2.000000e+00
      vertex   1.920855e+02 -1.450279e+02 2.000000e+00
    endloop
  endfacet
  facet normal -4.458313e-02 -9.990057e-01 0.000000e+00
    outer loop
      vertex   1.948102e+02 -1.451495e+02 1.000000e+00
      vertex   1.920855e+02 -1.450279e+02 2.000000e+00
      vertex   1.920855e+02 -1.450279e+02 1.000000e+00
    endloop
  endfacet
  facet normal -9.111993e-03 -9.999585e-01 0.000000e+00
    outer loop
      vertex   1.920855e+02 -1.450279e+02 1.000000e+00
      vertex   1.920855e+02 -1.450279e+02 2.000000e+00
      vertex   1.893356e+02 -1.450028e+02 2.000000e+00
    endloop
  endfacet
  facet normal -9.111993e-03 -9.999585e-01 0.000000e+00
    outer loop
      vertex   1.920855e+02 -1.450279e+02 1.000000e+00
      vertex   1.893356e+02 -1.450028e+02 2.000000e+00
      vertex   1.893356e+02 -1.450028e+02 1.000000e+00
    endloop
  endfacet
  facet normal 2.617090e-02 -9.996575e-01 0.000000e+00
    outer loop
      vertex   1.893356e+02 -1.450028e+02 1.000000e+00
      vertex   1.893356e+02 -1.450028e+02 2.000000e+00
      vertex   1.865937e+02 -1.450746e+02 2.000000e+00
    endloop
  endfacet
  facet normal 2.617090e-02 -9.996575e-01 0.000000e+00
    outer loop
      vertex   1.893356e+02 -1.450028e+02 1.000000e+00
      vertex   1.865937e+02 -1.450746e+02 2.000000e+00
      vertex   1.865937e+02 -1.450746e+02 1.000000e+00
    endloop
  endfacet
  facet normal 6.199680e-02 -9.980763e-01 0.000000e+00
    outer loop
      vertex   1.865937e+02 -1.450746e+02 1.000000e+00
      vertex   1.865937e+02 -1.450746e+02 2.000000e+00
      vertex   1.838930e+02 -1.452423e+02 2.000000e+00
    endloop
  endfacet
  facet normal 6.199680e-02 -9.980763e-01 0.000000e+00
    outer loop
      vertex   1.865937e+02 -1.450746e+02 1.000000e+00
      vertex   1.838930e+02 -1.452423e+02 2.000000e+00
      vertex   1.838930e+02 -1.452423e+02 1.000000e+00
    endloop
  endfacet
  facet normal 9.913800e-02 -9.950737e-01 0.000000e+00
    outer loop
      vertex   1.838930e+02 -1.452423e+02 1.000000e+00
      vertex   1.838930e+02 -1.452423e+02 2.000000e+00
      vertex   1.812663e+02 -1.455040e+02 2.000000e+00
    endloop
  endfacet
  facet normal 9.913800e-02 -9.950737e-01 0.000000e+00
    outer loop
      vertex   1.838930e+02 -1.452423e+02 1.000000e+00
      vertex   1.812663e+02 -1.455040e+02 2.000000e+00
      vertex   1.812663e+02 -1.455040e+02 1.000000e+00
    endloop
  endfacet
  facet normal 1.384686e-01 -9.903668e-01 0.000000e+00
    outer loop
      vertex   1.812663e+02 -1.455040e+02 1.000000e+00
      vertex   1.812663e+02 -1.455040e+02 2.000000e+00
      vertex   1.787453e+02 -1.458565e+02 2.000000e+00
    endloop
  endfacet
  facet normal 1.384686e-01 -9.903668e-01 0.000000e+00
    outer loop
      vertex   1.812663e+02 -1.455040e+02 1.000000e+00
      vertex   1.787453e+02 -1.458565e+02 2.000000e+00
      vertex   1.787453e+02 -1.458565e+02 1.000000e+00
    endloop
  endfacet
  facet normal 1.810395e-01 -9.834758e-01 0.000000e+00
    outer loop
      vertex   1.787453e+02 -1.458565e+02 1.000000e+00
      vertex   1.787453e+02 -1.458565e+02 2.000000e+00
      vertex   1.763607e+02 -1.462955e+02 2.000000e+00
    endloop
  endfacet
  facet normal 1.810395e-01 -9.834758e-01 0.000000e+00
    outer loop
      vertex   1.787453e+02 -1.458565e+02 1.000000e+00
      vertex   1.763607e+02 -1.462955e+02 2.000000e+00
      vertex   1.763607e+02 -1.462955e+02 1.000000e+00
    endloop
  endfacet
  facet normal 2.158779e-01 -9.764204e-01 0.000000e+00
    outer loop
      vertex   1.763607e+02 -1.462955e+02 1.000000e+00
      vertex   1.763607e+02 -1.462955e+02 2.000000e+00
      vertex   1.752285e+02 -1.465458e+02 2.000000e+00
    endloop
  endfacet
  facet normal 2.158779e-01 -9.764204e-01 0.000000e+00
    outer loop
      vertex   1.763607e+02 -1.462955e+02 1.000000e+00
      vertex   1.752285e+02 -1.465458e+02 2.000000e+00
      vertex   1.752285e+02 -1.465458e+02 1.000000e+00
    endloop
  endfacet
  facet normal 2.408667e-01 -9.705582e-01 0.000000e+00
    outer loop
      vertex   1.752285e+02 -1.465458e+02 1.000000e+00
      vertex   1.752285e+02 -1.465458e+02 2.000000e+00
      vertex   1.741412e+02 -1.468156e+02 2.000000e+00
    endloop
  endfacet
  facet normal 2.408667e-01 -9.705582e-01 0.000000e+00
    outer loop
      vertex   1.752285e+02 -1.465458e+02 1.000000e+00
      vertex   1.741412e+02 -1.468156e+02 2.000000e+00
      vertex   1.741412e+02 -1.468156e+02 1.000000e+00
    endloop
  endfacet
  facet normal 2.675507e-01 -9.635438e-01 0.000000e+00
    outer loop
      vertex   1.741412e+02 -1.468156e+02 1.000000e+00
      vertex   1.741412e+02 -1.468156e+02 2.000000e+00
      vertex   1.731018e+02 -1.471042e+02 2.000000e+00
    endloop
  endfacet
  facet normal 2.675507e-01 -9.635438e-01 0.000000e+00
    outer loop
      vertex   1.741412e+02 -1.468156e+02 1.000000e+00
      vertex   1.731018e+02 -1.471042e+02 2.000000e+00
      vertex   1.731018e+02 -1.471042e+02 1.000000e+00
    endloop
  endfacet
  facet normal 2.962180e-01 -9.551204e-01 0.000000e+00
    outer loop
      vertex   1.731018e+02 -1.471042e+02 1.000000e+00
      vertex   1.731018e+02 -1.471042e+02 2.000000e+00
      vertex   1.721137e+02 -1.474107e+02 2.000000e+00
    endloop
  endfacet
  facet normal 2.962180e-01 -9.551204e-01 0.000000e+00
    outer loop
      vertex   1.731018e+02 -1.471042e+02 1.000000e+00
      vertex   1.721137e+02 -1.474107e+02 2.000000e+00
      vertex   1.721137e+02 -1.474107e+02 1.000000e+00
    endloop
  endfacet
  facet normal 3.272028e-01 -9.449542e-01 0.000000e+00
    outer loop
      vertex   1.721137e+02 -1.474107e+02 1.000000e+00
      vertex   1.721137e+02 -1.474107e+02 2.000000e+00
      vertex   1.711798e+02 -1.477341e+02 2.000000e+00
    endloop
  endfacet
  facet normal 3.272028e-01 -9.449542e-01 0.000000e+00
    outer loop
      vertex   1.721137e+02 -1.474107e+02 1.000000e+00
      vertex   1.711798e+02 -1.477341e+02 2.000000e+00
      vertex   1.711798e+02 -1.477341e+02 1.000000e+00
    endloop
  endfacet
  facet normal 3.608919e-01 -9.326076e-01 0.000000e+00
    outer loop
      vertex   1.711798e+02 -1.477341e+02 1.000000e+00
      vertex   1.711798e+02 -1.477341e+02 2.000000e+00
      vertex   1.703028e+02 -1.480734e+02 2.000000e+00
    endloop
  endfacet
  facet normal 3.608919e-01 -9.326076e-01 0.000000e+00
    outer loop
      vertex   1.711798e+02 -1.477341e+02 1.000000e+00
      vertex   1.703028e+02 -1.480734e+02 2.000000e+00
      vertex   1.703028e+02 -1.480734e+02 1.000000e+00
    endloop
  endfacet
  facet normal 3.977293e-01 -9.175028e-01 0.000000e+00
    outer loop
      vertex   1.703028e+02 -1.480734e+02 1.000000e+00
      vertex   1.703028e+02 -1.480734e+02 2.000000e+00
      vertex   1.694856e+02 -1.484277e+02 2.000000e+00
    endloop
  endfacet
  facet normal 3.977293e-01 -9.175028e-01 0.000000e+00
    outer loop
      vertex   1.703028e+02 -1.480734e+02 1.000000e+00
      vertex   1.694856e+02 -1.484277e+02 2.000000e+00
      vertex   1.694856e+02 -1.484277e+02 1.000000e+00
    endloop
  endfacet
  facet normal 4.382147e-01 -8.988703e-01 0.000000e+00
    outer loop
      vertex   1.694856e+02 -1.484277e+02 1.000000e+00
      vertex   1.694856e+02 -1.484277e+02 2.000000e+00
      vertex   1.687305e+02 -1.487958e+02 2.000000e+00
    endloop
  endfacet
  facet normal 4.382147e-01 -8.988703e-01 0.000000e+00
    outer loop
      vertex   1.694856e+02 -1.484277e+02 1.000000e+00
      vertex   1.687305e+02 -1.487958e+02 2.000000e+00
      vertex   1.687305e+02 -1.487958e+02 1.000000e+00
    endloop
  endfacet
  facet normal 4.828903e-01 -8.756808e-01 0.000000e+00
    outer loop
      vertex   1.687305e+02 -1.487958e+02 1.000000e+00
      vertex   1.687305e+02 -1.487958e+02 2.000000e+00
      vertex   1.680398e+02 -1.491767e+02 2.000000e+00
    endloop
  endfacet
  facet normal 4.828903e-01 -8.756808e-01 0.000000e+00
    outer loop
      vertex   1.687305e+02 -1.487958e+02 1.000000e+00
      vertex   1.680398e+02 -1.491767e+02 2.000000e+00
      vertex   1.680398e+02 -1.491767e+02 1.000000e+00
    endloop
  endfacet
  facet normal 5.323037e-01 -8.465534e-01 0.000000e+00
    outer loop
      vertex   1.680398e+02 -1.491767e+02 1.000000e+00
      vertex   1.680398e+02 -1.491767e+02 2.000000e+00
      vertex   1.674157e+02 -1.495691e+02 2.000000e+00
    endloop
  endfacet
  facet normal 5.323037e-01 -8.465534e-01 0.000000e+00
    outer loop
      vertex   1.680398e+02 -1.491767e+02 1.000000e+00
      vertex   1.674157e+02 -1.495691e+02 2.000000e+00
      vertex   1.674157e+02 -1.495691e+02 1.000000e+00
    endloop
  endfacet
  facet normal 5.869232e-01 -8.096426e-01 0.000000e+00
    outer loop
      vertex   1.674157e+02 -1.495691e+02 1.000000e+00
      vertex   1.674157e+02 -1.495691e+02 2.000000e+00
      vertex   1.668600e+02 -1.499719e+02 2.000000e+00
    endloop
  endfacet
  facet normal 5.869232e-01 -8.096426e-01 0.000000e+00
    outer loop
      vertex   1.674157e+02 -1.495691e+02 1.000000e+00
      vertex   1.668600e+02 -1.499719e+02 2.000000e+00
      vertex   1.668600e+02 -1.499719e+02 1.000000e+00
    endloop
  endfacet
  facet normal 6.469692e-01 -7.625162e-01 0.000000e+00
    outer loop
      vertex   1.668600e+02 -1.499719e+02 1.000000e+00
      vertex   1.668600e+02 -1.499719e+02 2.000000e+00
      vertex   1.663744e+02 -1.503840e+02 2.000000e+00
    endloop
  endfacet
  facet normal 6.469692e-01 -7.625162e-01 0.000000e+00
    outer loop
      vertex   1.668600e+02 -1.499719e+02 1.000000e+00
      vertex   1.663744e+02 -1.503840e+02 2.000000e+00
      vertex   1.663744e+02 -1.503840e+02 1.000000e+00
    endloop
  endfacet
  facet normal 7.121077e-01 -7.020703e-01 0.000000e+00
    outer loop
      vertex   1.663744e+02 -1.503840e+02 1.000000e+00
      vertex   1.663744e+02 -1.503840e+02 2.000000e+00
      vertex   1.659604e+02 -1.508039e+02 2.000000e+00
    endloop
  endfacet
  facet normal 7.121077e-01 -7.020703e-01 0.000000e+00
    outer loop
      vertex   1.663744e+02 -1.503840e+02 1.000000e+00
      vertex   1.659604e+02 -1.508039e+02 2.000000e+00
      vertex   1.659604e+02 -1.508039e+02 1.000000e+00
    endloop
  endfacet
  facet normal 7.809460e-01 -6.245985e-01 0.000000e+00
    outer loop
      vertex   1.659604e+02 -1.508039e+02 1.000000e+00
      vertex   1.659604e+02 -1.508039e+02 2.000000e+00
      vertex   1.656192e+02 -1.512305e+02 2.000000e+00
    endloop
  endfacet
  facet normal 7.809460e-01 -6.245985e-01 0.000000e+00
    outer loop
      vertex   1.659604e+02 -1.508039e+02 1.000000e+00
      vertex   1.656192e+02 -1.512305e+02 2.000000e+00
      vertex   1.656192e+02 -1.512305e+02 1.000000e+00
    endloop
  endfacet
  facet normal 8.503341e-01 -5.262433e-01 0.000000e+00
    outer loop
      vertex   1.656192e+02 -1.512305e+02 1.000000e+00
      vertex   1.656192e+02 -1.512305e+02 2.000000e+00
      vertex   1.653519e+02 -1.516624e+02 2.000000e+00
    endloop
  endfacet
  facet normal 8.503341e-01 -5.262433e-01 0.000000e+00
    outer loop
      vertex   1.656192e+02 -1.512305e+02 1.000000e+00
      vertex   1.653519e+02 -1.516624e+02 2.000000e+00
      vertex   1.653519e+02 -1.516624e+02 1.000000e+00
    endloop
  endfacet
  facet normal 9.146929e-01 -4.041497e-01 0.000000e+00
    outer loop
      vertex   1.653519e+02 -1.516624e+02 1.000000e+00
      vertex   1.653519e+02 -1.516624e+02 2.000000e+00
      vertex   1.651593e+02 -1.520984e+02 2.000000e+00
    endloop
  endfacet
  facet normal 9.146929e-01 -4.041497e-01 0.000000e+00
    outer loop
      vertex   1.653519e+02 -1.516624e+02 1.000000e+00
      vertex   1.651593e+02 -1.520984e+02 2.000000e+00
      vertex   1.651593e+02 -1.520984e+02 1.000000e+00
    endloop
  endfacet
  facet normal 9.660211e-01 -2.584634e-01 0.000000e+00
    outer loop
      vertex   1.651593e+02 -1.520984e+02 1.000000e+00
      vertex   1.651593e+02 -1.520984e+02 2.000000e+00
      vertex   1.650419e+02 -1.525372e+02 2.000000e+00
    endloop
  endfacet
  facet normal 9.660211e-01 -2.584634e-01 0.000000e+00
    outer loop
      vertex   1.651593e+02 -1.520984e+02 1.000000e+00
      vertex   1.650419e+02 -1.525372e+02 2.000000e+00
      vertex   1.650419e+02 -1.525372e+02 1.000000e+00
    endloop
  endfacet
  facet normal 9.955268e-01 -9.447952e-02 0.000000e+00
    outer loop
      vertex   1.650419e+02 -1.525372e+02 1.000000e+00
      vertex   1.650419e+02 -1.525372e+02 2.000000e+00
      vertex   1.650001e+02 -1.529773e+02 2.000000e+00
    endloop
  endfacet
  facet normal 9.955268e-01 -9.447952e-02 0.000000e+00
    outer loop
      vertex   1.650419e+02 -1.525372e+02 1.000000e+00
      vertex   1.650001e+02 -1.529773e+02 2.000000e+00
      vertex   1.650001e+02 -1.529773e+02 1.000000e+00
    endloop
  endfacet
  facet normal 9.749777e-01 2.223029e-01 -0.000000e+00
    outer loop
      vertex   1.650001e+02 -1.529773e+02 1.000000e+00
      vertex   1.650001e+02 -1.529773e+02 2.000000e+00
      vertex   1.650381e+02 -1.531439e+02 1.000000e+00
    endloop
  endfacet
  facet normal 9.749777e-01 2.223029e-01 -0.000000e+00
    outer loop
      vertex   1.650381e+02 -1.531439e+02 1.000000e+00
      vertex   1.650001e+02 -1.529773e+02 2.000000e+00
      vertex   1.650381e+02 -1.531439e+02 2.000000e+00
    endloop
  endfacet
  facet normal 8.881244e-01 4.596031e-01 -0.000000e+00
    outer loop
      vertex   1.650381e+02 -1.531439e+02 1.000000e+00
      vertex   1.650381e+02 -1.531439e+02 2.000000e+00
      vertex   1.651166e+02 -1.532957e+02 1.000000e+00
    endloop
  endfacet
  facet normal 8.881244e-01 4.596031e-01 -0.000000e+00
    outer loop
      vertex   1.651166e+02 -1.532957e+02 1.000000e+00
      vertex   1.650381e+02 -1.531439e+02 2.000000e+00
      vertex   1.651166e+02 -1.532957e+02 2.000000e+00
    endloop
  endfacet
  facet normal 7.445600e-01 6.675555e-01 -0.000000e+00
    outer loop
      vertex   1.651166e+02 -1.532957e+02 1.000000e+00
      vertex   1.651166e+02 -1.532957e+02 2.000000e+00
      vertex   1.652307e+02 -1.534229e+02 1.000000e+00
    endloop
  endfacet
  facet normal 7.445600e-01 6.675555e-01 -0.000000e+00
    outer loop
      vertex   1.652307e+02 -1.534229e+02 1.000000e+00
      vertex   1.651166e+02 -1.532957e+02 2.000000e+00
      vertex   1.652307e+02 -1.534229e+02 2.000000e+00
    endloop
  endfacet
  facet normal 5.534518e-01 8.328812e-01 -0.000000e+00
    outer loop
      vertex   1.652307e+02 -1.534229e+02 1.000000e+00
      vertex   1.652307e+02 -1.534229e+02 2.000000e+00
      vertex   1.653730e+02 -1.535174e+02 1.000000e+00
    endloop
  endfacet
  facet normal 5.534518e-01 8.328812e-01 -0.000000e+00
    outer loop
      vertex   1.653730e+02 -1.535174e+02 1.000000e+00
      vertex   1.652307e+02 -1.534229e+02 2.000000e+00
      vertex   1.653730e+02 -1.535174e+02 2.000000e+00
    endloop
  endfacet
  facet normal 3.270030e-01 9.450233e-01 -0.000000e+00
    outer loop
      vertex   1.653730e+02 -1.535174e+02 1.000000e+00
      vertex   1.653730e+02 -1.535174e+02 2.000000e+00
      vertex   1.655345e+02 -1.535733e+02 1.000000e+00
    endloop
  endfacet
  facet normal 3.270030e-01 9.450233e-01 -0.000000e+00
    outer loop
      vertex   1.655345e+02 -1.535733e+02 1.000000e+00
      vertex   1.653730e+02 -1.535174e+02 2.000000e+00
      vertex   1.655345e+02 -1.535733e+02 2.000000e+00
    endloop
  endfacet
  facet normal 2.212507e-01 9.752170e-01 -0.000000e+00
    outer loop
      vertex   1.655345e+02 -1.535733e+02 1.000000e+00
      vertex   1.655345e+02 -1.535733e+02 2.000000e+00
      vertex   1.664114e+02 -1.537723e+02 1.000000e+00
    endloop
  endfacet
  facet normal 2.212507e-01 9.752170e-01 -0.000000e+00
    outer loop
      vertex   1.664114e+02 -1.537723e+02 1.000000e+00
      vertex   1.655345e+02 -1.535733e+02 2.000000e+00
      vertex   1.664114e+02 -1.537723e+02 2.000000e+00
    endloop
  endfacet
  facet normal 2.536015e-01 9.673088e-01 -0.000000e+00
    outer loop
      vertex   1.664114e+02 -1.537723e+02 1.000000e+00
      vertex   1.664114e+02 -1.537723e+02 2.000000e+00
      vertex   1.672812e+02 -1.540003e+02 2.000000e+00
    endloop
  endfacet
  facet normal 2.856711e-01 9.583277e-01 0.000000e+00
    outer loop
      vertex   1.681429e+02 -1.542572e+02 2.000000e+00
      vertex   1.681429e+02 -1.542572e+02 1.000000e+00
      vertex   1.672812e+02 -1.540003e+02 2.000000e+00
    endloop
  endfacet
  facet normal 2.856711e-01 9.583277e-01 0.000000e+00
    outer loop
      vertex   1.672812e+02 -1.540003e+02 2.000000e+00
      vertex   1.681429e+02 -1.542572e+02 1.000000e+00
      vertex   1.672812e+02 -1.540003e+02 1.000000e+00
    endloop
  endfacet
  facet normal 2.536015e-01 9.673088e-01 0.000000e+00
    outer loop
      vertex   1.672812e+02 -1.540003e+02 2.000000e+00
      vertex   1.672812e+02 -1.540003e+02 1.000000e+00
      vertex   1.664114e+02 -1.537723e+02 1.000000e+00
    endloop
  endfacet
  facet normal 1.867859e-01 9.824000e-01 1.085309e-03
    outer loop
      vertex   1.681794e+02 -1.542641e+02 2.000000e+00
      vertex   1.681835e+02 -1.542643e+02 1.500000e+00
      vertex   1.681429e+02 -1.542572e+02 2.000000e+00
    endloop
  endfacet
  facet normal 1.632136e-01 9.865904e-01 -8.887534e-04
    outer loop
      vertex   1.681429e+02 -1.542572e+02 2.000000e+00
      vertex   1.681835e+02 -1.542643e+02 1.500000e+00
      vertex   1.681794e+02 -1.542641e+02 1.000000e+00
    endloop
  endfacet
  facet normal 1.867860e-01 9.824006e-01 0.000000e+00
    outer loop
      vertex   1.681429e+02 -1.542572e+02 2.000000e+00
      vertex   1.681794e+02 -1.542641e+02 1.000000e+00
      vertex   1.681429e+02 -1.542572e+02 1.000000e+00
    endloop
  endfacet
  facet normal -4.902976e-02 9.987969e-01 -8.691518e-04
    outer loop
      vertex   1.681794e+02 -1.542641e+02 2.000000e+00
      vertex   1.682165e+02 -1.542623e+02 2.000000e+00
      vertex   1.681835e+02 -1.542643e+02 1.500000e+00
    endloop
  endfacet
  facet normal -8.842352e-02 9.960815e-01 1.738151e-03
    outer loop
      vertex   1.681835e+02 -1.542643e+02 1.500000e+00
      vertex   1.682165e+02 -1.542623e+02 2.000000e+00
      vertex   1.682246e+02 -1.542607e+02 1.500000e+00
    endloop
  endfacet
  facet normal -8.842352e-02 9.960815e-01 -1.738151e-03
    outer loop
      vertex   1.681835e+02 -1.542643e+02 1.500000e+00
      vertex   1.682246e+02 -1.542607e+02 1.500000e+00
      vertex   1.682165e+02 -1.542623e+02 1.000000e+00
    endloop
  endfacet
  facet normal -2.821056e-01 9.593822e-01 1.521542e-03
    outer loop
      vertex   1.682165e+02 -1.542623e+02 1.000000e+00
      vertex   1.682246e+02 -1.542607e+02 1.500000e+00
      vertex   1.682521e+02 -1.542518e+02 1.000000e+00
    endloop
  endfacet
  facet normal -3.445918e-01 9.387498e-01 -2.281980e-03
    outer loop
      vertex   1.682521e+02 -1.542518e+02 1.000000e+00
      vertex   1.682246e+02 -1.542607e+02 1.500000e+00
      vertex   1.682633e+02 -1.542465e+02 1.500000e+00
    endloop
  endfacet
  facet normal -4.994176e-01 8.663592e-01 1.956719e-03
    outer loop
      vertex   1.682521e+02 -1.542518e+02 1.000000e+00
      vertex   1.682633e+02 -1.542465e+02 1.500000e+00
      vertex   1.682842e+02 -1.542333e+02 1.000000e+00
    endloop
  endfacet
  facet normal -5.770141e-01 8.167300e-01 -2.608428e-03
    outer loop
      vertex   1.682842e+02 -1.542333e+02 1.000000e+00
      vertex   1.682633e+02 -1.542465e+02 1.500000e+00
      vertex   1.682969e+02 -1.542227e+02 1.500000e+00
    endloop
  endfacet
  facet normal -6.888231e-01 7.249262e-01 2.174383e-03
    outer loop
      vertex   1.682842e+02 -1.542333e+02 1.000000e+00
      vertex   1.682969e+02 -1.542227e+02 1.500000e+00
      vertex   1.683111e+02 -1.542077e+02 1.000000e+00
    endloop
  endfacet
  facet normal -7.696748e-01 6.384303e-01 -2.717268e-03
    outer loop
      vertex   1.683111e+02 -1.542077e+02 1.000000e+00
      vertex   1.682969e+02 -1.542227e+02 1.500000e+00
      vertex   1.683233e+02 -1.541910e+02 1.500000e+00
    endloop
  endfacet
  facet normal -8.397388e-01 5.429862e-01 2.174383e-03
    outer loop
      vertex   1.683111e+02 -1.542077e+02 1.000000e+00
      vertex   1.683233e+02 -1.541910e+02 1.500000e+00
      vertex   1.683313e+02 -1.541765e+02 1.000000e+00
    endloop
  endfacet
  facet normal -9.092981e-01 4.161372e-01 -2.608428e-03
    outer loop
      vertex   1.683313e+02 -1.541765e+02 1.000000e+00
      vertex   1.683233e+02 -1.541910e+02 1.500000e+00
      vertex   1.683404e+02 -1.541535e+02 1.500000e+00
    endloop
  endfacet
  facet normal -9.437320e-01 3.307055e-01 1.956719e-03
    outer loop
      vertex   1.683313e+02 -1.541765e+02 1.000000e+00
      vertex   1.683404e+02 -1.541535e+02 1.500000e+00
      vertex   1.683436e+02 -1.541415e+02 1.000000e+00
    endloop
  endfacet
  facet normal -9.862628e-01 1.651682e-01 -2.281980e-03
    outer loop
      vertex   1.683436e+02 -1.541415e+02 1.000000e+00
      vertex   1.683404e+02 -1.541535e+02 1.500000e+00
      vertex   1.683472e+02 -1.541128e+02 1.500000e+00
    endloop
  endfacet
  facet normal -9.949918e-01 9.994536e-02 1.521542e-03
    outer loop
      vertex   1.683436e+02 -1.541415e+02 1.000000e+00
      vertex   1.683472e+02 -1.541128e+02 1.500000e+00
      vertex   1.683473e+02 -1.541046e+02 1.000000e+00
    endloop
  endfacet
  facet normal -9.952650e-01 -9.718280e-02 -1.738151e-03
    outer loop
      vertex   1.683473e+02 -1.541046e+02 1.000000e+00
      vertex   1.683472e+02 -1.541128e+02 1.500000e+00
      vertex   1.683432e+02 -1.540718e+02 1.500000e+00
    endloop
  endfacet
  facet normal -9.906535e-01 -1.363998e-01 8.691518e-04
    outer loop
      vertex   1.683473e+02 -1.541046e+02 1.000000e+00
      vertex   1.683432e+02 -1.540718e+02 1.500000e+00
      vertex   1.683422e+02 -1.540678e+02 1.000000e+00
    endloop
  endfacet
  facet normal -9.309585e-01 -3.651233e-01 -1.085309e-03
    outer loop
      vertex   1.683422e+02 -1.540678e+02 1.000000e+00
      vertex   1.683432e+02 -1.540718e+02 1.500000e+00
      vertex   1.683287e+02 -1.540332e+02 1.000000e+00
    endloop
  endfacet
  facet normal -9.394330e-01 -3.427314e-01 8.887534e-04
    outer loop
      vertex   1.683287e+02 -1.540332e+02 1.000000e+00
      vertex   1.683432e+02 -1.540718e+02 1.500000e+00
      vertex   1.683422e+02 -1.540678e+02 2.000000e+00
    endloop
  endfacet
  facet normal -9.309591e-01 -3.651235e-01 0.000000e+00
    outer loop
      vertex   1.683287e+02 -1.540332e+02 1.000000e+00
      vertex   1.683422e+02 -1.540678e+02 2.000000e+00
      vertex   1.683287e+02 -1.540332e+02 2.000000e+00
    endloop
  endfacet
  facet normal -2.821056e-01 9.593822e-01 -1.521542e-03
    outer loop
      vertex   1.682165e+02 -1.542623e+02 2.000000e+00
      vertex   1.682521e+02 -1.542518e+02 2.000000e+00
      vertex   1.682246e+02 -1.542607e+02 1.500000e+00
    endloop
  endfacet
  facet normal -3.445918e-01 9.387498e-01 2.281980e-03
    outer loop
      vertex   1.682246e+02 -1.542607e+02 1.500000e+00
      vertex   1.682521e+02 -1.542518e+02 2.000000e+00
      vertex   1.682633e+02 -1.542465e+02 1.500000e+00
    endloop
  endfacet
  facet normal -4.994176e-01 8.663592e-01 -1.956719e-03
    outer loop
      vertex   1.682521e+02 -1.542518e+02 2.000000e+00
      vertex   1.682842e+02 -1.542333e+02 2.000000e+00
      vertex   1.682633e+02 -1.542465e+02 1.500000e+00
    endloop
  endfacet
  facet normal -5.770141e-01 8.167300e-01 2.608428e-03
    outer loop
      vertex   1.682633e+02 -1.542465e+02 1.500000e+00
      vertex   1.682842e+02 -1.542333e+02 2.000000e+00
      vertex   1.682969e+02 -1.542227e+02 1.500000e+00
    endloop
  endfacet
  facet normal -6.888231e-01 7.249262e-01 -2.174383e-03
    outer loop
      vertex   1.682842e+02 -1.542333e+02 2.000000e+00
      vertex   1.683111e+02 -1.542077e+02 2.000000e+00
      vertex   1.682969e+02 -1.542227e+02 1.500000e+00
    endloop
  endfacet
  facet normal -7.696748e-01 6.384303e-01 2.717268e-03
    outer loop
      vertex   1.682969e+02 -1.542227e+02 1.500000e+00
      vertex   1.683111e+02 -1.542077e+02 2.000000e+00
      vertex   1.683233e+02 -1.541910e+02 1.500000e+00
    endloop
  endfacet
  facet normal -8.397388e-01 5.429862e-01 -2.174383e-03
    outer loop
      vertex   1.683111e+02 -1.542077e+02 2.000000e+00
      vertex   1.683313e+02 -1.541765e+02 2.000000e+00
      vertex   1.683233e+02 -1.541910e+02 1.500000e+00
    endloop
  endfacet
  facet normal -9.092981e-01 4.161372e-01 2.608428e-03
    outer loop
      vertex   1.683233e+02 -1.541910e+02 1.500000e+00
      vertex   1.683313e+02 -1.541765e+02 2.000000e+00
      vertex   1.683404e+02 -1.541535e+02 1.500000e+00
    endloop
  endfacet
  facet normal -9.437320e-01 3.307055e-01 -1.956719e-03
    outer loop
      vertex   1.683313e+02 -1.541765e+02 2.000000e+00
      vertex   1.683436e+02 -1.541415e+02 2.000000e+00
      vertex   1.683404e+02 -1.541535e+02 1.500000e+00
    endloop
  endfacet
  facet normal -9.862628e-01 1.651682e-01 2.281980e-03
    outer loop
      vertex   1.683404e+02 -1.541535e+02 1.500000e+00
      vertex   1.683436e+02 -1.541415e+02 2.000000e+00
      vertex   1.683472e+02 -1.541128e+02 1.500000e+00
    endloop
  endfacet
  facet normal -9.949918e-01 9.994536e-02 -1.521542e-03
    outer loop
      vertex   1.683436e+02 -1.541415e+02 2.000000e+00
      vertex   1.683473e+02 -1.541046e+02 2.000000e+00
      vertex   1.683472e+02 -1.541128e+02 1.500000e+00
    endloop
  endfacet
  facet normal -9.952650e-01 -9.718280e-02 1.738151e-03
    outer loop
      vertex   1.683472e+02 -1.541128e+02 1.500000e+00
      vertex   1.683473e+02 -1.541046e+02 2.000000e+00
      vertex   1.683432e+02 -1.540718e+02 1.500000e+00
    endloop
  endfacet
  facet normal -9.906535e-01 -1.363998e-01 -8.691518e-04
    outer loop
      vertex   1.683473e+02 -1.541046e+02 2.000000e+00
      vertex   1.683422e+02 -1.540678e+02 2.000000e+00
      vertex   1.683432e+02 -1.540718e+02 1.500000e+00
    endloop
  endfacet
  facet normal -4.902976e-02 9.987969e-01 8.691518e-04
    outer loop
      vertex   1.682165e+02 -1.542623e+02 1.000000e+00
      vertex   1.681794e+02 -1.542641e+02 1.000000e+00
      vertex   1.681835e+02 -1.542643e+02 1.500000e+00
    endloop
  endfacet
  facet normal -8.731839e-01 -4.873909e-01 0.000000e+00
    outer loop
      vertex   1.683287e+02 -1.540332e+02 1.000000e+00
      vertex   1.683287e+02 -1.540332e+02 2.000000e+00
      vertex   1.681830e+02 -1.537723e+02 1.000000e+00
    endloop
  endfacet
  facet normal -8.731839e-01 -4.873909e-01 0.000000e+00
    outer loop
      vertex   1.681830e+02 -1.537723e+02 1.000000e+00
      vertex   1.683287e+02 -1.540332e+02 2.000000e+00
      vertex   1.681830e+02 -1.537723e+02 2.000000e+00
    endloop
  endfacet
  facet normal -9.303485e-01 -3.666764e-01 0.000000e+00
    outer loop
      vertex   1.681830e+02 -1.537723e+02 1.000000e+00
      vertex   1.681830e+02 -1.537723e+02 2.000000e+00
      vertex   1.680796e+02 -1.535099e+02 2.000000e+00
    endloop
  endfacet
  facet normal -9.303485e-01 -3.666764e-01 1.041808e-14
    outer loop
      vertex   1.681830e+02 -1.537723e+02 1.000000e+00
      vertex   1.680796e+02 -1.535099e+02 2.000000e+00
      vertex   1.680796e+02 -1.535099e+02 1.000000e+00
    endloop
  endfacet
  facet normal -9.742083e-01 -2.256505e-01 6.413372e-15
    outer loop
      vertex   1.680796e+02 -1.535099e+02 1.000000e+00
      vertex   1.680796e+02 -1.535099e+02 2.000000e+00
      vertex   1.680186e+02 -1.532465e+02 2.000000e+00
    endloop
  endfacet
  facet normal -9.742083e-01 -2.256505e-01 1.281876e-14
    outer loop
      vertex   1.680796e+02 -1.535099e+02 1.000000e+00
      vertex   1.680186e+02 -1.532465e+02 2.000000e+00
      vertex   1.680186e+02 -1.532465e+02 1.000000e+00
    endloop
  endfacet
  facet normal -9.975574e-01 -6.985114e-02 3.970578e-15
    outer loop
      vertex   1.680186e+02 -1.532465e+02 1.000000e+00
      vertex   1.680186e+02 -1.532465e+02 2.000000e+00
      vertex   1.680001e+02 -1.529826e+02 2.000000e+00
    endloop
  endfacet
  facet normal -9.975574e-01 -6.985114e-02 3.970683e-15
    outer loop
      vertex   1.680186e+02 -1.532465e+02 1.000000e+00
      vertex   1.680001e+02 -1.529826e+02 2.000000e+00
      vertex   1.680001e+02 -1.529826e+02 1.000000e+00
    endloop
  endfacet
  facet normal -9.958573e-01 9.093033e-02 -5.168791e-15
    outer loop
      vertex   1.680001e+02 -1.529826e+02 1.000000e+00
      vertex   1.680001e+02 -1.529826e+02 2.000000e+00
      vertex   1.680242e+02 -1.527187e+02 2.000000e+00
    endloop
  endfacet
  facet normal -9.958573e-01 9.093033e-02 -7.752065e-15
    outer loop
      vertex   1.680001e+02 -1.529826e+02 1.000000e+00
      vertex   1.680242e+02 -1.527187e+02 2.000000e+00
      vertex   1.680242e+02 -1.527187e+02 1.000000e+00
    endloop
  endfacet
  facet normal -9.694558e-01 2.452660e-01 -2.091264e-14
    outer loop
      vertex   1.680242e+02 -1.527187e+02 1.000000e+00
      vertex   1.680242e+02 -1.527187e+02 2.000000e+00
      vertex   1.680908e+02 -1.524554e+02 2.000000e+00
    endloop
  endfacet
  facet normal -9.694558e-01 2.452660e-01 1.361697e-14
    outer loop
      vertex   1.680242e+02 -1.527187e+02 1.000000e+00
      vertex   1.680908e+02 -1.524554e+02 2.000000e+00
      vertex   1.680908e+02 -1.524554e+02 1.000000e+00
    endloop
  endfacet
  facet normal -9.234055e-01 3.838260e-01 4.426781e-15
    outer loop
      vertex   1.680908e+02 -1.524554e+02 1.000000e+00
      vertex   1.680908e+02 -1.524554e+02 2.000000e+00
      vertex   1.681998e+02 -1.521932e+02 1.000000e+00
    endloop
  endfacet
  facet normal -9.234055e-01 3.838260e-01 -6.482209e-15
    outer loop
      vertex   1.681998e+02 -1.521932e+02 1.000000e+00
      vertex   1.680908e+02 -1.524554e+02 2.000000e+00
      vertex   1.681998e+02 -1.521932e+02 2.000000e+00
    endloop
  endfacet
  facet normal -8.650442e-01 5.016956e-01 -1.819111e-14
    outer loop
      vertex   1.681998e+02 -1.521932e+02 1.000000e+00
      vertex   1.681998e+02 -1.521932e+02 2.000000e+00
      vertex   1.683510e+02 -1.519325e+02 2.000000e+00
    endloop
  endfacet
  facet normal -8.650442e-01 5.016956e-01 1.673912e-14
    outer loop
      vertex   1.681998e+02 -1.521932e+02 1.000000e+00
      vertex   1.683510e+02 -1.519325e+02 2.000000e+00
      vertex   1.683510e+02 -1.519325e+02 1.000000e+00
    endloop
  endfacet
  facet normal -7.691190e-01 6.391056e-01 -7.078862e-15
    outer loop
      vertex   1.683510e+02 -1.519325e+02 1.000000e+00
      vertex   1.683510e+02 -1.519325e+02 2.000000e+00
      vertex   1.687787e+02 -1.514178e+02 2.000000e+00
    endloop
  endfacet
  facet normal -7.691190e-01 6.391056e-01 -7.092419e-15
    outer loop
      vertex   1.683510e+02 -1.519325e+02 1.000000e+00
      vertex   1.687787e+02 -1.514178e+02 2.000000e+00
      vertex   1.687787e+02 -1.514178e+02 1.000000e+00
    endloop
  endfacet
  facet normal -6.471763e-01 7.623404e-01 -3.148649e-14
    outer loop
      vertex   1.687787e+02 -1.514178e+02 1.000000e+00
      vertex   1.687787e+02 -1.514178e+02 2.000000e+00
      vertex   1.693706e+02 -1.509153e+02 2.000000e+00
    endloop
  endfacet
  facet normal -6.471763e-01 7.623404e-01 2.044921e-14
    outer loop
      vertex   1.687787e+02 -1.514178e+02 1.000000e+00
      vertex   1.693706e+02 -1.509153e+02 2.000000e+00
      vertex   1.693706e+02 -1.509153e+02 1.000000e+00
    endloop
  endfacet
  facet normal -5.433195e-01 8.395260e-01 -1.120935e-14
    outer loop
      vertex   1.693706e+02 -1.509153e+02 1.000000e+00
      vertex   1.693706e+02 -1.509153e+02 2.000000e+00
      vertex   1.701220e+02 -1.504290e+02 2.000000e+00
    endloop
  endfacet
  facet normal -5.433195e-01 8.395260e-01 1.128712e-14
    outer loop
      vertex   1.693706e+02 -1.509153e+02 1.000000e+00
      vertex   1.701220e+02 -1.504290e+02 2.000000e+00
      vertex   1.701220e+02 -1.504290e+02 1.000000e+00
    endloop
  endfacet
  facet normal -4.580329e-01 8.889353e-01 -2.140959e-14
    outer loop
      vertex   1.701220e+02 -1.504290e+02 1.000000e+00
      vertex   1.701220e+02 -1.504290e+02 2.000000e+00
      vertex   1.710273e+02 -1.499626e+02 2.000000e+00
    endloop
  endfacet
  facet normal -4.580329e-01 8.889353e-01 1.760723e-14
    outer loop
      vertex   1.701220e+02 -1.504290e+02 1.000000e+00
      vertex   1.710273e+02 -1.499626e+02 2.000000e+00
      vertex   1.710273e+02 -1.499626e+02 1.000000e+00
    endloop
  endfacet
  facet normal -3.880423e-01 9.216415e-01 -1.379302e-14
    outer loop
      vertex   1.710273e+02 -1.499626e+02 1.000000e+00
      vertex   1.710273e+02 -1.499626e+02 2.000000e+00
      vertex   1.720793e+02 -1.495196e+02 2.000000e+00
    endloop
  endfacet
  facet normal -3.880423e-01 9.216415e-01 2.616392e-14
    outer loop
      vertex   1.710273e+02 -1.499626e+02 1.000000e+00
      vertex   1.720793e+02 -1.495196e+02 2.000000e+00
      vertex   1.720793e+02 -1.495196e+02 1.000000e+00
    endloop
  endfacet
  facet normal -3.298417e-01 9.440362e-01 -9.699221e-15
    outer loop
      vertex   1.720793e+02 -1.495196e+02 1.000000e+00
      vertex   1.720793e+02 -1.495196e+02 2.000000e+00
      vertex   1.732699e+02 -1.491036e+02 2.000000e+00
    endloop
  endfacet
  facet normal -3.298417e-01 9.440362e-01 -1.778134e-14
    outer loop
      vertex   1.720793e+02 -1.495196e+02 1.000000e+00
      vertex   1.732699e+02 -1.491036e+02 2.000000e+00
      vertex   1.732699e+02 -1.491036e+02 1.000000e+00
    endloop
  endfacet
  facet normal -2.805638e-01 9.598354e-01 -5.078513e-14
    outer loop
      vertex   1.732699e+02 -1.491036e+02 1.000000e+00
      vertex   1.732699e+02 -1.491036e+02 2.000000e+00
      vertex   1.745900e+02 -1.487178e+02 2.000000e+00
    endloop
  endfacet
  facet normal -2.805638e-01 9.598354e-01 2.429809e-14
    outer loop
      vertex   1.732699e+02 -1.491036e+02 1.000000e+00
      vertex   1.745900e+02 -1.487178e+02 2.000000e+00
      vertex   1.745900e+02 -1.487178e+02 1.000000e+00
    endloop
  endfacet
  facet normal -2.380316e-01 9.712574e-01 -1.057141e-14
    outer loop
      vertex   1.745900e+02 -1.487178e+02 1.000000e+00
      vertex   1.745900e+02 -1.487178e+02 2.000000e+00
      vertex   1.760293e+02 -1.483650e+02 2.000000e+00
    endloop
  endfacet
  facet normal -2.380316e-01 9.712574e-01 1.655716e-14
    outer loop
      vertex   1.745900e+02 -1.487178e+02 1.000000e+00
      vertex   1.760293e+02 -1.483650e+02 2.000000e+00
      vertex   1.760293e+02 -1.483650e+02 1.000000e+00
    endloop
  endfacet
  facet normal -2.006213e-01 9.796689e-01 -1.814505e-14
    outer loop
      vertex   1.760293e+02 -1.483650e+02 1.000000e+00
      vertex   1.760293e+02 -1.483650e+02 2.000000e+00
      vertex   1.775767e+02 -1.480481e+02 2.000000e+00
    endloop
  endfacet
  facet normal -2.006213e-01 9.796689e-01 1.036775e-14
    outer loop
      vertex   1.760293e+02 -1.483650e+02 1.000000e+00
      vertex   1.775767e+02 -1.480481e+02 2.000000e+00
      vertex   1.775767e+02 -1.480481e+02 1.000000e+00
    endloop
  endfacet
  facet normal -1.671161e-01 9.859372e-01 -2.516406e-14
    outer loop
      vertex   1.775767e+02 -1.480481e+02 1.000000e+00
      vertex   1.775767e+02 -1.480481e+02 2.000000e+00
      vertex   1.792202e+02 -1.477696e+02 2.000000e+00
    endloop
  endfacet
  facet normal -1.671161e-01 9.859372e-01 3.133660e-14
    outer loop
      vertex   1.775767e+02 -1.480481e+02 1.000000e+00
      vertex   1.792202e+02 -1.477696e+02 2.000000e+00
      vertex   1.792202e+02 -1.477696e+02 1.000000e+00
    endloop
  endfacet
  facet normal -1.365902e-01 9.906276e-01 -5.882691e-15
    outer loop
      vertex   1.792202e+02 -1.477696e+02 1.000000e+00
      vertex   1.792202e+02 -1.477696e+02 2.000000e+00
      vertex   1.809471e+02 -1.475315e+02 2.000000e+00
    endloop
  endfacet
  facet normal -1.365902e-01 9.906276e-01 3.779877e-14
    outer loop
      vertex   1.792202e+02 -1.477696e+02 1.000000e+00
      vertex   1.809471e+02 -1.475315e+02 2.000000e+00
      vertex   1.809471e+02 -1.475315e+02 1.000000e+00
    endloop
  endfacet
  facet normal -1.083237e-01 9.941157e-01 3.498786e-16
    outer loop
      vertex   1.809471e+02 -1.475315e+02 1.000000e+00
      vertex   1.809471e+02 -1.475315e+02 2.000000e+00
      vertex   1.827440e+02 -1.473357e+02 2.000000e+00
    endloop
  endfacet
  facet normal -1.083237e-01 9.941157e-01 4.400824e-14
    outer loop
      vertex   1.809471e+02 -1.475315e+02 1.000000e+00
      vertex   1.827440e+02 -1.473357e+02 2.000000e+00
      vertex   1.827440e+02 -1.473357e+02 1.000000e+00
    endloop
  endfacet
  facet normal -8.174172e-02 9.966535e-01 5.178825e-15
    outer loop
      vertex   1.827440e+02 -1.473357e+02 1.000000e+00
      vertex   1.827440e+02 -1.473357e+02 2.000000e+00
      vertex   1.845970e+02 -1.471837e+02 2.000000e+00
    endloop
  endfacet
  facet normal -8.174172e-02 9.966535e-01 4.281390e-14
    outer loop
      vertex   1.827440e+02 -1.473357e+02 1.000000e+00
      vertex   1.845970e+02 -1.471837e+02 2.000000e+00
      vertex   1.845970e+02 -1.471837e+02 1.000000e+00
    endloop
  endfacet
  facet normal -5.637056e-02 9.984099e-01 2.988567e-15
    outer loop
      vertex   1.845970e+02 -1.471837e+02 1.000000e+00
      vertex   1.845970e+02 -1.471837e+02 2.000000e+00
      vertex   1.864919e+02 -1.470767e+02 2.000000e+00
    endloop
  endfacet
  facet normal -5.637056e-02 9.984099e-01 3.936933e-14
    outer loop
      vertex   1.845970e+02 -1.471837e+02 1.000000e+00
      vertex   1.864919e+02 -1.470767e+02 2.000000e+00
      vertex   1.864919e+02 -1.470767e+02 1.000000e+00
    endloop
  endfacet
  facet normal -3.180502e-02 9.994941e-01 -2.577473e-15
    outer loop
      vertex   1.864919e+02 -1.470767e+02 1.000000e+00
      vertex   1.864919e+02 -1.470767e+02 2.000000e+00
      vertex   1.884139e+02 -1.470155e+02 2.000000e+00
    endloop
  endfacet
  facet normal -3.180502e-02 9.994941e-01 2.944478e-14
    outer loop
      vertex   1.864919e+02 -1.470767e+02 1.000000e+00
      vertex   1.884139e+02 -1.470155e+02 2.000000e+00
      vertex   1.884139e+02 -1.470155e+02 1.000000e+00
    endloop
  endfacet
  facet normal -7.683704e-03 9.999705e-01 -1.444430e-14
    outer loop
      vertex   1.884139e+02 -1.470155e+02 1.000000e+00
      vertex   1.884139e+02 -1.470155e+02 2.000000e+00
      vertex   1.903482e+02 -1.470007e+02 2.000000e+00
    endloop
  endfacet
  facet normal -7.683704e-03 9.999705e-01 4.305234e-14
    outer loop
      vertex   1.884139e+02 -1.470155e+02 1.000000e+00
      vertex   1.903482e+02 -1.470007e+02 2.000000e+00
      vertex   1.903482e+02 -1.470007e+02 1.000000e+00
    endloop
  endfacet
  facet normal 1.633141e-02 9.998666e-01 -2.681234e-15
    outer loop
      vertex   1.903482e+02 -1.470007e+02 1.000000e+00
      vertex   1.903482e+02 -1.470007e+02 2.000000e+00
      vertex   1.922797e+02 -1.470322e+02 2.000000e+00
    endloop
  endfacet
  facet normal 1.633141e-02 9.998666e-01 5.276465e-14
    outer loop
      vertex   1.903482e+02 -1.470007e+02 1.000000e+00
      vertex   1.922797e+02 -1.470322e+02 2.000000e+00
      vertex   1.922797e+02 -1.470322e+02 1.000000e+00
    endloop
  endfacet
  facet normal 4.057278e-02 9.991766e-01 4.474578e-15
    outer loop
      vertex   1.922797e+02 -1.470322e+02 1.000000e+00
      vertex   1.922797e+02 -1.470322e+02 2.000000e+00
      vertex   1.941937e+02 -1.471099e+02 2.000000e+00
    endloop
  endfacet
  facet normal 4.057278e-02 9.991766e-01 2.941447e-14
    outer loop
      vertex   1.922797e+02 -1.470322e+02 1.000000e+00
      vertex   1.941937e+02 -1.471099e+02 2.000000e+00
      vertex   1.941937e+02 -1.471099e+02 1.000000e+00
    endloop
  endfacet
  facet normal 6.538470e-02 9.978601e-01 -2.221562e-14
    outer loop
      vertex   1.941937e+02 -1.471099e+02 1.000000e+00
      vertex   1.941937e+02 -1.471099e+02 2.000000e+00
      vertex   1.960752e+02 -1.472332e+02 2.000000e+00
    endloop
  endfacet
  facet normal 6.538470e-02 9.978601e-01 3.264968e-14
    outer loop
      vertex   1.941937e+02 -1.471099e+02 1.000000e+00
      vertex   1.960752e+02 -1.472332e+02 2.000000e+00
      vertex   1.960752e+02 -1.472332e+02 1.000000e+00
    endloop
  endfacet
  facet normal 9.114179e-02 9.958379e-01 -2.186950e-14
    outer loop
      vertex   1.960752e+02 -1.472332e+02 1.000000e+00
      vertex   1.960752e+02 -1.472332e+02 2.000000e+00
      vertex   1.979097e+02 -1.474011e+02 2.000000e+00
    endloop
  endfacet
  facet normal 9.114179e-02 9.958379e-01 2.956117e-14
    outer loop
      vertex   1.960752e+02 -1.472332e+02 1.000000e+00
      vertex   1.979097e+02 -1.474011e+02 2.000000e+00
      vertex   1.979097e+02 -1.474011e+02 1.000000e+00
    endloop
  endfacet
  facet normal 1.182707e-01 9.929814e-01 -2.969277e-14
    outer loop
      vertex   1.979097e+02 -1.474011e+02 1.000000e+00
      vertex   1.979097e+02 -1.474011e+02 2.000000e+00
      vertex   1.996830e+02 -1.476123e+02 2.000000e+00
    endloop
  endfacet
  facet normal 1.182707e-01 9.929814e-01 3.012051e-14
    outer loop
      vertex   1.979097e+02 -1.474011e+02 1.000000e+00
      vertex   1.996830e+02 -1.476123e+02 2.000000e+00
      vertex   1.996830e+02 -1.476123e+02 1.000000e+00
    endloop
  endfacet
  facet normal 1.472773e-01 9.890952e-01 -3.282271e-14
    outer loop
      vertex   1.996830e+02 -1.476123e+02 1.000000e+00
      vertex   1.996830e+02 -1.476123e+02 2.000000e+00
      vertex   2.013813e+02 -1.478652e+02 2.000000e+00
    endloop
  endfacet
  facet normal 1.472773e-01 9.890952e-01 2.340555e-14
    outer loop
      vertex   1.996830e+02 -1.476123e+02 1.000000e+00
      vertex   2.013813e+02 -1.478652e+02 2.000000e+00
      vertex   2.013813e+02 -1.478652e+02 1.000000e+00
    endloop
  endfacet
  facet normal 1.787829e-01 9.838886e-01 -4.553308e-14
    outer loop
      vertex   2.013813e+02 -1.478652e+02 1.000000e+00
      vertex   2.013813e+02 -1.478652e+02 2.000000e+00
      vertex   2.029917e+02 -1.481579e+02 2.000000e+00
    endloop
  endfacet
  facet normal 1.787829e-01 9.838886e-01 1.546581e-14
    outer loop
      vertex   2.013813e+02 -1.478652e+02 1.000000e+00
      vertex   2.029917e+02 -1.481579e+02 2.000000e+00
      vertex   2.029917e+02 -1.481579e+02 1.000000e+00
    endloop
  endfacet
  facet normal 2.135732e-01 9.769271e-01 -6.046546e-14
    outer loop
      vertex   2.029917e+02 -1.481579e+02 1.000000e+00
      vertex   2.029917e+02 -1.481579e+02 2.000000e+00
      vertex   2.045015e+02 -1.484879e+02 2.000000e+00
    endloop
  endfacet
  facet normal 2.135732e-01 9.769271e-01 4.712447e-14
    outer loop
      vertex   2.029917e+02 -1.481579e+02 1.000000e+00
      vertex   2.045015e+02 -1.484879e+02 2.000000e+00
      vertex   2.045015e+02 -1.484879e+02 1.000000e+00
    endloop
  endfacet
  facet normal 2.526676e-01 9.675532e-01 -3.519531e-14
    outer loop
      vertex   2.045015e+02 -1.484879e+02 1.000000e+00
      vertex   2.045015e+02 -1.484879e+02 2.000000e+00
      vertex   2.058992e+02 -1.488529e+02 2.000000e+00
    endloop
  endfacet
  facet normal 2.526676e-01 9.675532e-01 4.134943e-14
    outer loop
      vertex   2.045015e+02 -1.484879e+02 1.000000e+00
      vertex   2.058992e+02 -1.488529e+02 2.000000e+00
      vertex   2.058992e+02 -1.488529e+02 1.000000e+00
    endloop
  endfacet
  facet normal 2.974140e-01 9.547486e-01 -5.077570e-14
    outer loop
      vertex   2.058992e+02 -1.488529e+02 1.000000e+00
      vertex   2.058992e+02 -1.488529e+02 2.000000e+00
      vertex   2.071738e+02 -1.492500e+02 2.000000e+00
    endloop
  endfacet
  facet normal 2.974140e-01 9.547486e-01 7.284727e-14
    outer loop
      vertex   2.058992e+02 -1.488529e+02 1.000000e+00
      vertex   2.071738e+02 -1.492500e+02 2.000000e+00
      vertex   2.071738e+02 -1.492500e+02 1.000000e+00
    endloop
  endfacet
  facet normal 3.496173e-01 9.368926e-01 -3.025885e-14
    outer loop
      vertex   2.071738e+02 -1.492500e+02 1.000000e+00
      vertex   2.071738e+02 -1.492500e+02 2.000000e+00
      vertex   2.083156e+02 -1.496761e+02 2.000000e+00
    endloop
  endfacet
  facet normal 3.496173e-01 9.368926e-01 7.265173e-14
    outer loop
      vertex   2.071738e+02 -1.492500e+02 1.000000e+00
      vertex   2.083156e+02 -1.496761e+02 2.000000e+00
      vertex   2.083156e+02 -1.496761e+02 1.000000e+00
    endloop
  endfacet
  facet normal 4.116908e-01 9.113236e-01 -4.532146e-14
    outer loop
      vertex   2.083156e+02 -1.496761e+02 1.000000e+00
      vertex   2.083156e+02 -1.496761e+02 2.000000e+00
      vertex   2.093157e+02 -1.501278e+02 2.000000e+00
    endloop
  endfacet
  facet normal 4.116908e-01 9.113236e-01 2.741652e-14
    outer loop
      vertex   2.083156e+02 -1.496761e+02 1.000000e+00
      vertex   2.093157e+02 -1.501278e+02 2.000000e+00
      vertex   2.093157e+02 -1.501278e+02 1.000000e+00
    endloop
  endfacet
  facet normal 4.867588e-01 8.735364e-01 -1.125444e-13
    outer loop
      vertex   2.093157e+02 -1.501278e+02 1.000000e+00
      vertex   2.093157e+02 -1.501278e+02 2.000000e+00
      vertex   2.101664e+02 -1.506019e+02 2.000000e+00
    endloop
  endfacet
  facet normal 4.867588e-01 8.735364e-01 7.262309e-14
    outer loop
      vertex   2.093157e+02 -1.501278e+02 1.000000e+00
      vertex   2.101664e+02 -1.506019e+02 2.000000e+00
      vertex   2.101664e+02 -1.506019e+02 1.000000e+00
    endloop
  endfacet
  facet normal 5.784255e-01 8.157352e-01 -9.062440e-14
    outer loop
      vertex   2.101664e+02 -1.506019e+02 1.000000e+00
      vertex   2.101664e+02 -1.506019e+02 2.000000e+00
      vertex   2.108610e+02 -1.510944e+02 2.000000e+00
    endloop
  endfacet
  facet normal 5.784255e-01 8.157352e-01 8.050670e-14
    outer loop
      vertex   2.101664e+02 -1.506019e+02 1.000000e+00
      vertex   2.108610e+02 -1.510944e+02 2.000000e+00
      vertex   2.108610e+02 -1.510944e+02 1.000000e+00
    endloop
  endfacet
  facet normal 6.892550e-01 7.245188e-01 -1.080632e-13
    outer loop
      vertex   2.108610e+02 -1.510944e+02 1.000000e+00
      vertex   2.108610e+02 -1.510944e+02 2.000000e+00
      vertex   2.113943e+02 -1.516017e+02 2.000000e+00
    endloop
  endfacet
  facet normal 6.892550e-01 7.245188e-01 1.094354e-13
    outer loop
      vertex   2.108610e+02 -1.510944e+02 1.000000e+00
      vertex   2.113943e+02 -1.516017e+02 2.000000e+00
      vertex   2.113943e+02 -1.516017e+02 1.000000e+00
    endloop
  endfacet
  facet normal 8.154712e-01 5.787977e-01 -1.158182e-13
    outer loop
      vertex   2.113943e+02 -1.516017e+02 1.000000e+00
      vertex   2.113943e+02 -1.516017e+02 2.000000e+00
      vertex   2.117620e+02 -1.521198e+02 2.000000e+00
    endloop
  endfacet
  facet normal 8.154712e-01 5.787977e-01 1.488326e-13
    outer loop
      vertex   2.113943e+02 -1.516017e+02 1.000000e+00
      vertex   2.117620e+02 -1.521198e+02 2.000000e+00
      vertex   2.117620e+02 -1.521198e+02 1.000000e+00
    endloop
  endfacet
  facet normal 9.079521e-01 4.190740e-01 -4.563799e-14
    outer loop
      vertex   2.117620e+02 -1.521198e+02 1.000000e+00
      vertex   2.117620e+02 -1.521198e+02 2.000000e+00
      vertex   2.118829e+02 -1.523817e+02 2.000000e+00
    endloop
  endfacet
  facet normal 9.079521e-01 4.190740e-01 8.341127e-14
    outer loop
      vertex   2.117620e+02 -1.521198e+02 1.000000e+00
      vertex   2.118829e+02 -1.523817e+02 2.000000e+00
      vertex   2.118829e+02 -1.523817e+02 1.000000e+00
    endloop
  endfacet
  facet normal 9.582215e-01 2.860272e-01 -5.854196e-14
    outer loop
      vertex   2.118829e+02 -1.523817e+02 1.000000e+00
      vertex   2.118829e+02 -1.523817e+02 2.000000e+00
      vertex   2.119614e+02 -1.526448e+02 2.000000e+00
    endloop
  endfacet
  facet normal 9.582215e-01 2.860272e-01 5.852469e-14
    outer loop
      vertex   2.118829e+02 -1.523817e+02 1.000000e+00
      vertex   2.119614e+02 -1.526448e+02 2.000000e+00
      vertex   2.119614e+02 -1.526448e+02 1.000000e+00
    endloop
  endfacet
  facet normal 9.907987e-01 1.353440e-01 -9.449351e-14
    outer loop
      vertex   2.119614e+02 -1.526448e+02 1.000000e+00
      vertex   2.119614e+02 -1.526448e+02 2.000000e+00
      vertex   2.119974e+02 -1.529085e+02 1.000000e+00
    endloop
  endfacet
  facet normal 9.907987e-01 1.353440e-01 7.831435e-14
    outer loop
      vertex   2.119974e+02 -1.529085e+02 1.000000e+00
      vertex   2.119614e+02 -1.526448e+02 2.000000e+00
      vertex   2.119974e+02 -1.529085e+02 2.000000e+00
    endloop
  endfacet
  facet normal 9.996935e-01 -2.475846e-02 -8.145472e-14
    outer loop
      vertex   2.119974e+02 -1.529085e+02 1.000000e+00
      vertex   2.119974e+02 -1.529085e+02 2.000000e+00
      vertex   2.119909e+02 -1.531725e+02 2.000000e+00
    endloop
  endfacet
  facet normal 9.996935e-01 -2.475846e-02 8.972684e-14
    outer loop
      vertex   2.119974e+02 -1.529085e+02 1.000000e+00
      vertex   2.119909e+02 -1.531725e+02 2.000000e+00
      vertex   2.119909e+02 -1.531725e+02 1.000000e+00
    endloop
  endfacet
  facet normal 9.830978e-01 -1.830813e-01 -6.515314e-14
    outer loop
      vertex   2.119909e+02 -1.531725e+02 1.000000e+00
      vertex   2.119909e+02 -1.531725e+02 2.000000e+00
      vertex   2.119418e+02 -1.534361e+02 2.000000e+00
    endloop
  endfacet
  facet normal 9.830978e-01 -1.830813e-01 6.934968e-14
    outer loop
      vertex   2.119909e+02 -1.531725e+02 1.000000e+00
      vertex   2.119418e+02 -1.534361e+02 2.000000e+00
      vertex   2.119418e+02 -1.534361e+02 1.000000e+00
    endloop
  endfacet
  facet normal 9.443240e-01 -3.290171e-01 -8.573927e-14
    outer loop
      vertex   2.119418e+02 -1.534361e+02 1.000000e+00
      vertex   2.119418e+02 -1.534361e+02 2.000000e+00
      vertex   2.118503e+02 -1.536988e+02 2.000000e+00
    endloop
  endfacet
  facet normal 9.443240e-01 -3.290171e-01 7.530121e-14
    outer loop
      vertex   2.119418e+02 -1.534361e+02 1.000000e+00
      vertex   2.118503e+02 -1.536988e+02 2.000000e+00
      vertex   2.118503e+02 -1.536988e+02 1.000000e+00
    endloop
  endfacet
  facet normal 8.595885e-01 -5.109869e-01 -1.418446e-13
    outer loop
      vertex   2.118503e+02 -1.536988e+02 1.000000e+00
      vertex   2.118503e+02 -1.536988e+02 2.000000e+00
      vertex   2.115406e+02 -1.542197e+02 2.000000e+00
    endloop
  endfacet
  facet normal 8.595885e-01 -5.109869e-01 1.612574e-13
    outer loop
      vertex   2.118503e+02 -1.536988e+02 1.000000e+00
      vertex   2.115406e+02 -1.542197e+02 2.000000e+00
      vertex   2.115406e+02 -1.542197e+02 1.000000e+00
    endloop
  endfacet
  facet normal 7.318282e-01 -6.814892e-01 -1.148926e-13
    outer loop
      vertex   2.115406e+02 -1.542197e+02 1.000000e+00
      vertex   2.115406e+02 -1.542197e+02 2.000000e+00
      vertex   2.110643e+02 -1.547312e+02 2.000000e+00
    endloop
  endfacet
  facet normal 7.318282e-01 -6.814892e-01 1.540788e-13
    outer loop
      vertex   2.115406e+02 -1.542197e+02 1.000000e+00
      vertex   2.110643e+02 -1.547312e+02 2.000000e+00
      vertex   2.110643e+02 -1.547312e+02 1.000000e+00
    endloop
  endfacet
  facet normal 6.146270e-01 -7.888179e-01 -8.593437e-14
    outer loop
      vertex   2.110643e+02 -1.547312e+02 1.000000e+00
      vertex   2.110643e+02 -1.547312e+02 2.000000e+00
      vertex   2.104250e+02 -1.552294e+02 2.000000e+00
    endloop
  endfacet
  facet normal 6.146270e-01 -7.888179e-01 1.237043e-13
    outer loop
      vertex   2.110643e+02 -1.547312e+02 1.000000e+00
      vertex   2.104250e+02 -1.552294e+02 2.000000e+00
      vertex   2.104250e+02 -1.552294e+02 1.000000e+00
    endloop
  endfacet
  facet normal 5.164588e-01 -8.563121e-01 -8.853551e-14
    outer loop
      vertex   2.104250e+02 -1.552294e+02 1.000000e+00
      vertex   2.104250e+02 -1.552294e+02 2.000000e+00
      vertex   2.096277e+02 -1.557102e+02 2.000000e+00
    endloop
  endfacet
  facet normal 5.164588e-01 -8.563121e-01 1.023087e-13
    outer loop
      vertex   2.104250e+02 -1.552294e+02 1.000000e+00
      vertex   2.096277e+02 -1.557102e+02 2.000000e+00
      vertex   2.096277e+02 -1.557102e+02 1.000000e+00
    endloop
  endfacet
  facet normal 4.360490e-01 -8.999229e-01 -8.964537e-14
    outer loop
      vertex   2.096277e+02 -1.557102e+02 1.000000e+00
      vertex   2.096277e+02 -1.557102e+02 2.000000e+00
      vertex   2.086786e+02 -1.561701e+02 2.000000e+00
    endloop
  endfacet
  facet normal 4.360490e-01 -8.999229e-01 9.705492e-14
    outer loop
      vertex   2.096277e+02 -1.557102e+02 1.000000e+00
      vertex   2.086786e+02 -1.561701e+02 2.000000e+00
      vertex   2.086786e+02 -1.561701e+02 1.000000e+00
    endloop
  endfacet
  facet normal 3.698627e-01 -9.290864e-01 -7.786537e-14
    outer loop
      vertex   2.086786e+02 -1.561701e+02 1.000000e+00
      vertex   2.086786e+02 -1.561701e+02 2.000000e+00
      vertex   2.075849e+02 -1.566055e+02 2.000000e+00
    endloop
  endfacet
  facet normal 3.698627e-01 -9.290864e-01 8.521583e-14
    outer loop
      vertex   2.086786e+02 -1.561701e+02 1.000000e+00
      vertex   2.075849e+02 -1.566055e+02 2.000000e+00
      vertex   2.075849e+02 -1.566055e+02 1.000000e+00
    endloop
  endfacet
  facet normal 3.145482e-01 -9.492415e-01 -7.676939e-14
    outer loop
      vertex   2.075849e+02 -1.566055e+02 1.000000e+00
      vertex   2.075849e+02 -1.566055e+02 2.000000e+00
      vertex   2.063552e+02 -1.570130e+02 2.000000e+00
    endloop
  endfacet
  facet normal 3.145482e-01 -9.492415e-01 9.341591e-14
    outer loop
      vertex   2.075849e+02 -1.566055e+02 1.000000e+00
      vertex   2.063552e+02 -1.570130e+02 2.000000e+00
      vertex   2.063552e+02 -1.570130e+02 1.000000e+00
    endloop
  endfacet
  facet normal 2.674502e-01 -9.635717e-01 -5.843215e-14
    outer loop
      vertex   2.063552e+02 -1.570130e+02 1.000000e+00
      vertex   2.063552e+02 -1.570130e+02 2.000000e+00
      vertex   2.049990e+02 -1.573894e+02 2.000000e+00
    endloop
  endfacet
  facet normal 2.674502e-01 -9.635717e-01 5.261301e-14
    outer loop
      vertex   2.063552e+02 -1.570130e+02 1.000000e+00
      vertex   2.049990e+02 -1.573894e+02 2.000000e+00
      vertex   2.049990e+02 -1.573894e+02 1.000000e+00
    endloop
  endfacet
  facet normal 2.265705e-01 -9.739948e-01 -8.993310e-14
    outer loop
      vertex   2.049990e+02 -1.573894e+02 1.000000e+00
      vertex   2.049990e+02 -1.573894e+02 2.000000e+00
      vertex   2.035268e+02 -1.577319e+02 2.000000e+00
    endloop
  endfacet
  facet normal 2.265705e-01 -9.739948e-01 7.036420e-14
    outer loop
      vertex   2.049990e+02 -1.573894e+02 1.000000e+00
      vertex   2.035268e+02 -1.577319e+02 2.000000e+00
      vertex   2.035268e+02 -1.577319e+02 1.000000e+00
    endloop
  endfacet
  facet normal 1.904187e-01 -9.817030e-01 -6.601798e-14
    outer loop
      vertex   2.035268e+02 -1.577319e+02 1.000000e+00
      vertex   2.035268e+02 -1.577319e+02 2.000000e+00
      vertex   2.019499e+02 -1.580377e+02 2.000000e+00
    endloop
  endfacet
  facet normal 1.904187e-01 -9.817030e-01 9.970197e-14
    outer loop
      vertex   2.035268e+02 -1.577319e+02 1.000000e+00
      vertex   2.019499e+02 -1.580377e+02 2.000000e+00
      vertex   2.019499e+02 -1.580377e+02 1.000000e+00
    endloop
  endfacet
  facet normal 1.578743e-01 -9.874592e-01 -3.077468e-14
    outer loop
      vertex   2.019499e+02 -1.580377e+02 1.000000e+00
      vertex   2.019499e+02 -1.580377e+02 2.000000e+00
      vertex   2.002806e+02 -1.583046e+02 2.000000e+00
    endloop
  endfacet
  facet normal 1.578743e-01 -9.874592e-01 5.112612e-14
    outer loop
      vertex   2.019499e+02 -1.580377e+02 1.000000e+00
      vertex   2.002806e+02 -1.583046e+02 2.000000e+00
      vertex   2.002806e+02 -1.583046e+02 1.000000e+00
    endloop
  endfacet
  facet normal 1.280793e-01 -9.917639e-01 -7.773291e-14
    outer loop
      vertex   2.002806e+02 -1.583046e+02 1.000000e+00
      vertex   2.002806e+02 -1.583046e+02 2.000000e+00
      vertex   1.985317e+02 -1.585305e+02 2.000000e+00
    endloop
  endfacet
  facet normal 1.280793e-01 -9.917639e-01 6.412404e-14
    outer loop
      vertex   2.002806e+02 -1.583046e+02 1.000000e+00
      vertex   1.985317e+02 -1.585305e+02 2.000000e+00
      vertex   1.985317e+02 -1.585305e+02 1.000000e+00
    endloop
  endfacet
  facet normal 1.003622e-01 -9.949510e-01 -6.117091e-14
    outer loop
      vertex   1.985317e+02 -1.585305e+02 1.000000e+00
      vertex   1.985317e+02 -1.585305e+02 2.000000e+00
      vertex   1.967168e+02 -1.587136e+02 2.000000e+00
    endloop
  endfacet
  facet normal 1.003622e-01 -9.949510e-01 7.763274e-14
    outer loop
      vertex   1.985317e+02 -1.585305e+02 1.000000e+00
      vertex   1.967168e+02 -1.587136e+02 2.000000e+00
      vertex   1.967168e+02 -1.587136e+02 1.000000e+00
    endloop
  endfacet
  facet normal 7.418146e-02 -9.972448e-01 -4.681919e-14
    outer loop
      vertex   1.967168e+02 -1.587136e+02 1.000000e+00
      vertex   1.967168e+02 -1.587136e+02 2.000000e+00
      vertex   1.948500e+02 -1.588524e+02 2.000000e+00
    endloop
  endfacet
  facet normal 7.418146e-02 -9.972448e-01 8.341505e-14
    outer loop
      vertex   1.967168e+02 -1.587136e+02 1.000000e+00
      vertex   1.948500e+02 -1.588524e+02 2.000000e+00
      vertex   1.948500e+02 -1.588524e+02 1.000000e+00
    endloop
  endfacet
  facet normal 4.908663e-02 -9.987945e-01 -4.112255e-14
    outer loop
      vertex   1.948500e+02 -1.588524e+02 1.000000e+00
      vertex   1.948500e+02 -1.588524e+02 2.000000e+00
      vertex   1.929456e+02 -1.589460e+02 2.000000e+00
    endloop
  endfacet
  facet normal 4.908663e-02 -9.987945e-01 7.801188e-14
    outer loop
      vertex   1.948500e+02 -1.588524e+02 1.000000e+00
      vertex   1.929456e+02 -1.589460e+02 2.000000e+00
      vertex   1.929456e+02 -1.589460e+02 1.000000e+00
    endloop
  endfacet
  facet normal 2.468769e-02 -9.996952e-01 -4.558165e-14
    outer loop
      vertex   1.929456e+02 -1.589460e+02 1.000000e+00
      vertex   1.929456e+02 -1.589460e+02 2.000000e+00
      vertex   1.910184e+02 -1.589936e+02 2.000000e+00
    endloop
  endfacet
  facet normal 2.468769e-02 -9.996952e-01 7.227800e-14
    outer loop
      vertex   1.929456e+02 -1.589460e+02 1.000000e+00
      vertex   1.910184e+02 -1.589936e+02 2.000000e+00
      vertex   1.910184e+02 -1.589936e+02 1.000000e+00
    endloop
  endfacet
  facet normal 6.320643e-04 -9.999998e-01 -5.353797e-14
    outer loop
      vertex   1.910184e+02 -1.589936e+02 1.000000e+00
      vertex   1.910184e+02 -1.589936e+02 2.000000e+00
      vertex   1.890834e+02 -1.589948e+02 2.000000e+00
    endloop
  endfacet
  facet normal 6.320643e-04 -9.999998e-01 6.020275e-14
    outer loop
      vertex   1.910184e+02 -1.589936e+02 1.000000e+00
      vertex   1.890834e+02 -1.589948e+02 2.000000e+00
      vertex   1.890834e+02 -1.589948e+02 1.000000e+00
    endloop
  endfacet
  facet normal -2.341483e-02 -9.997258e-01 -6.761873e-14
    outer loop
      vertex   1.890834e+02 -1.589948e+02 1.000000e+00
      vertex   1.890834e+02 -1.589948e+02 2.000000e+00
      vertex   1.871555e+02 -1.589497e+02 2.000000e+00
    endloop
  endfacet
  facet normal -2.341483e-02 -9.997258e-01 7.245217e-14
    outer loop
      vertex   1.890834e+02 -1.589948e+02 1.000000e+00
      vertex   1.871555e+02 -1.589497e+02 2.000000e+00
      vertex   1.871555e+02 -1.589497e+02 1.000000e+00
    endloop
  endfacet
  facet normal -4.778713e-02 -9.988575e-01 -5.933180e-14
    outer loop
      vertex   1.871555e+02 -1.589497e+02 1.000000e+00
      vertex   1.871555e+02 -1.589497e+02 2.000000e+00
      vertex   1.852496e+02 -1.588585e+02 2.000000e+00
    endloop
  endfacet
  facet normal -4.778713e-02 -9.988575e-01 8.262183e-14
    outer loop
      vertex   1.871555e+02 -1.589497e+02 1.000000e+00
      vertex   1.852496e+02 -1.588585e+02 2.000000e+00
      vertex   1.852496e+02 -1.588585e+02 1.000000e+00
    endloop
  endfacet
  facet normal -7.283599e-02 -9.973439e-01 -5.316883e-14
    outer loop
      vertex   1.852496e+02 -1.588585e+02 1.000000e+00
      vertex   1.852496e+02 -1.588585e+02 2.000000e+00
      vertex   1.833804e+02 -1.587220e+02 2.000000e+00
    endloop
  endfacet
  facet normal -7.283599e-02 -9.973439e-01 6.433299e-14
    outer loop
      vertex   1.852496e+02 -1.588585e+02 1.000000e+00
      vertex   1.833804e+02 -1.587220e+02 2.000000e+00
      vertex   1.833804e+02 -1.587220e+02 1.000000e+00
    endloop
  endfacet
  facet normal -9.894889e-02 -9.950925e-01 -7.619607e-14
    outer loop
      vertex   1.833804e+02 -1.587220e+02 1.000000e+00
      vertex   1.833804e+02 -1.587220e+02 2.000000e+00
      vertex   1.815624e+02 -1.585412e+02 2.000000e+00
    endloop
  endfacet
  facet normal -9.894889e-02 -9.950925e-01 7.365288e-14
    outer loop
      vertex   1.833804e+02 -1.587220e+02 1.000000e+00
      vertex   1.815624e+02 -1.585412e+02 2.000000e+00
      vertex   1.815624e+02 -1.585412e+02 1.000000e+00
    endloop
  endfacet
  facet normal -1.265726e-01 -9.919573e-01 -7.346516e-14
    outer loop
      vertex   1.815624e+02 -1.585412e+02 1.000000e+00
      vertex   1.815624e+02 -1.585412e+02 2.000000e+00
      vertex   1.798097e+02 -1.583176e+02 2.000000e+00
    endloop
  endfacet
  facet normal -1.265726e-01 -9.919573e-01 5.727352e-14
    outer loop
      vertex   1.815624e+02 -1.585412e+02 1.000000e+00
      vertex   1.798097e+02 -1.583176e+02 2.000000e+00
      vertex   1.798097e+02 -1.583176e+02 1.000000e+00
    endloop
  endfacet
  facet normal -1.562427e-01 -9.877187e-01 -9.750668e-14
    outer loop
      vertex   1.798097e+02 -1.583176e+02 1.000000e+00
      vertex   1.798097e+02 -1.583176e+02 2.000000e+00
      vertex   1.781358e+02 -1.580528e+02 2.000000e+00
    endloop
  endfacet
  facet normal -1.562427e-01 -9.877187e-01 7.396370e-14
    outer loop
      vertex   1.798097e+02 -1.583176e+02 1.000000e+00
      vertex   1.781358e+02 -1.580528e+02 2.000000e+00
      vertex   1.781358e+02 -1.580528e+02 1.000000e+00
    endloop
  endfacet
  facet normal -1.886228e-01 -9.820496e-01 -9.010416e-14
    outer loop
      vertex   1.781358e+02 -1.580528e+02 1.000000e+00
      vertex   1.781358e+02 -1.580528e+02 2.000000e+00
      vertex   1.765538e+02 -1.577489e+02 2.000000e+00
    endloop
  endfacet
  facet normal -1.886228e-01 -9.820496e-01 8.697134e-14
    outer loop
      vertex   1.781358e+02 -1.580528e+02 1.000000e+00
      vertex   1.765538e+02 -1.577489e+02 2.000000e+00
      vertex   1.765538e+02 -1.577489e+02 1.000000e+00
    endloop
  endfacet
  facet normal -2.245593e-01 -9.744604e-01 -9.011745e-14
    outer loop
      vertex   1.765538e+02 -1.577489e+02 1.000000e+00
      vertex   1.765538e+02 -1.577489e+02 2.000000e+00
      vertex   1.750757e+02 -1.574083e+02 2.000000e+00
    endloop
  endfacet
  facet normal -2.245593e-01 -9.744604e-01 0.000000e+00
    outer loop
      vertex   1.765538e+02 -1.577489e+02 1.000000e+00
      vertex   1.750757e+02 -1.574083e+02 2.000000e+00
      vertex   1.750757e+02 -1.574083e+02 1.000000e+00
    endloop
  endfacet
  facet normal -1.157464e-01 -9.932788e-01 -0.000000e+00
    outer loop
      vertex   1.750550e+02 -1.574059e+02 2.000000e+00
      vertex   1.750550e+02 -1.574059e+02 1.666667e+00
      vertex   1.750757e+02 -1.574083e+02 2.000000e+00
    endloop
  endfacet
  facet normal -1.157464e-01 -9.932788e-01 0.000000e+00
    outer loop
      vertex   1.750757e+02 -1.574083e+02 2.000000e+00
      vertex   1.750550e+02 -1.574059e+02 1.666667e+00
      vertex   1.750550e+02 -1.574059e+02 1.333333e+00
    endloop
  endfacet
  facet normal -1.157464e-01 -9.932788e-01 -0.000000e+00
    outer loop
      vertex   1.750757e+02 -1.574083e+02 2.000000e+00
      vertex   1.750550e+02 -1.574059e+02 1.333333e+00
      vertex   1.750757e+02 -1.574083e+02 1.000000e+00
    endloop
  endfacet
  facet normal -1.157464e-01 -9.932788e-01 0.000000e+00
    outer loop
      vertex   1.750757e+02 -1.574083e+02 1.000000e+00
      vertex   1.750550e+02 -1.574059e+02 1.333333e+00
      vertex   1.750550e+02 -1.574059e+02 1.000000e+00
    endloop
  endfacet
  facet normal 1.376616e-01 -9.904793e-01 0.000000e+00
    outer loop
      vertex   1.750550e+02 -1.574059e+02 1.000000e+00
      vertex   1.750550e+02 -1.574059e+02 1.333333e+00
      vertex   1.750343e+02 -1.574088e+02 1.000000e+00
    endloop
  endfacet
  facet normal 1.376616e-01 -9.904793e-01 0.000000e+00
    outer loop
      vertex   1.750343e+02 -1.574088e+02 1.000000e+00
      vertex   1.750550e+02 -1.574059e+02 1.333333e+00
      vertex   1.750343e+02 -1.574088e+02 1.333333e+00
    endloop
  endfacet
  facet normal 3.822285e-01 -9.240679e-01 0.000000e+00
    outer loop
      vertex   1.750343e+02 -1.574088e+02 1.000000e+00
      vertex   1.750343e+02 -1.574088e+02 1.333333e+00
      vertex   1.750150e+02 -1.574167e+02 1.000000e+00
    endloop
  endfacet
  facet normal 3.822285e-01 -9.240679e-01 7.879076e-14
    outer loop
      vertex   1.750150e+02 -1.574167e+02 1.000000e+00
      vertex   1.750343e+02 -1.574088e+02 1.333333e+00
      vertex   1.750150e+02 -1.574167e+02 1.333333e+00
    endloop
  endfacet
  facet normal 6.022473e-01 -7.983096e-01 6.806797e-14
    outer loop
      vertex   1.750150e+02 -1.574167e+02 1.000000e+00
      vertex   1.750150e+02 -1.574167e+02 1.333333e+00
      vertex   1.749983e+02 -1.574293e+02 1.000000e+00
    endloop
  endfacet
  facet normal 6.022473e-01 -7.983096e-01 0.000000e+00
    outer loop
      vertex   1.749983e+02 -1.574293e+02 1.000000e+00
      vertex   1.750150e+02 -1.574167e+02 1.333333e+00
      vertex   1.749983e+02 -1.574293e+02 1.333333e+00
    endloop
  endfacet
  facet normal 7.835878e-01 -6.212811e-01 0.000000e+00
    outer loop
      vertex   1.749983e+02 -1.574293e+02 1.000000e+00
      vertex   1.749983e+02 -1.574293e+02 1.333333e+00
      vertex   1.749853e+02 -1.574457e+02 1.000000e+00
    endloop
  endfacet
  facet normal 7.835878e-01 -6.212811e-01 0.000000e+00
    outer loop
      vertex   1.749853e+02 -1.574457e+02 1.000000e+00
      vertex   1.749983e+02 -1.574293e+02 1.333333e+00
      vertex   1.749853e+02 -1.574457e+02 1.333333e+00
    endloop
  endfacet
  facet normal 9.146035e-01 -4.043518e-01 0.000000e+00
    outer loop
      vertex   1.749853e+02 -1.574457e+02 1.000000e+00
      vertex   1.749853e+02 -1.574457e+02 1.333333e+00
      vertex   1.749769e+02 -1.574648e+02 1.000000e+00
    endloop
  endfacet
  facet normal 9.146035e-01 -4.043518e-01 0.000000e+00
    outer loop
      vertex   1.749769e+02 -1.574648e+02 1.000000e+00
      vertex   1.749853e+02 -1.574457e+02 1.333333e+00
      vertex   1.749769e+02 -1.574648e+02 1.333333e+00
    endloop
  endfacet
  facet normal 9.868803e-01 -1.614536e-01 0.000000e+00
    outer loop
      vertex   1.749769e+02 -1.574648e+02 1.000000e+00
      vertex   1.749769e+02 -1.574648e+02 1.333333e+00
      vertex   1.749735e+02 -1.574854e+02 1.000000e+00
    endloop
  endfacet
  facet normal 9.868803e-01 -1.614536e-01 0.000000e+00
    outer loop
      vertex   1.749735e+02 -1.574854e+02 1.000000e+00
      vertex   1.749769e+02 -1.574648e+02 1.333333e+00
      vertex   1.749735e+02 -1.574854e+02 1.333333e+00
    endloop
  endfacet
  facet normal 9.957762e-01 9.181366e-02 -0.000000e+00
    outer loop
      vertex   1.749735e+02 -1.574854e+02 1.000000e+00
      vertex   1.749735e+02 -1.574854e+02 1.333333e+00
      vertex   1.749754e+02 -1.575062e+02 1.000000e+00
    endloop
  endfacet
  facet normal 9.957762e-01 9.181366e-02 -0.000000e+00
    outer loop
      vertex   1.749754e+02 -1.575062e+02 1.000000e+00
      vertex   1.749735e+02 -1.574854e+02 1.333333e+00
      vertex   1.749754e+02 -1.575062e+02 1.333333e+00
    endloop
  endfacet
  facet normal 9.407199e-01 3.391843e-01 -0.000000e+00
    outer loop
      vertex   1.749754e+02 -1.575062e+02 1.000000e+00
      vertex   1.749754e+02 -1.575062e+02 1.333333e+00
      vertex   1.749825e+02 -1.575258e+02 1.000000e+00
    endloop
  endfacet
  facet normal 9.407199e-01 3.391843e-01 -1.091312e-13
    outer loop
      vertex   1.749825e+02 -1.575258e+02 1.000000e+00
      vertex   1.749754e+02 -1.575062e+02 1.333333e+00
      vertex   1.749825e+02 -1.575258e+02 1.333333e+00
    endloop
  endfacet
  facet normal 8.252474e-01 5.647714e-01 -1.185201e-13
    outer loop
      vertex   1.749825e+02 -1.575258e+02 1.000000e+00
      vertex   1.749825e+02 -1.575258e+02 1.333333e+00
      vertex   1.749943e+02 -1.575431e+02 1.000000e+00
    endloop
  endfacet
  facet normal 8.252474e-01 5.647714e-01 -0.000000e+00
    outer loop
      vertex   1.749943e+02 -1.575431e+02 1.000000e+00
      vertex   1.749825e+02 -1.575258e+02 1.333333e+00
      vertex   1.749943e+02 -1.575431e+02 1.333333e+00
    endloop
  endfacet
  facet normal 6.567746e-01 7.540870e-01 -0.000000e+00
    outer loop
      vertex   1.749943e+02 -1.575431e+02 1.000000e+00
      vertex   1.749943e+02 -1.575431e+02 1.333333e+00
      vertex   1.750101e+02 -1.575568e+02 1.000000e+00
    endloop
  endfacet
  facet normal 6.567746e-01 7.540870e-01 0.000000e+00
    outer loop
      vertex   1.750101e+02 -1.575568e+02 1.000000e+00
      vertex   1.749943e+02 -1.575431e+02 1.333333e+00
      vertex   1.749943e+02 -1.575431e+02 1.666667e+00
    endloop
  endfacet
  facet normal 6.567746e-01 7.540870e-01 -0.000000e+00
    outer loop
      vertex   1.750101e+02 -1.575568e+02 1.000000e+00
      vertex   1.749943e+02 -1.575431e+02 1.666667e+00
      vertex   1.750101e+02 -1.575568e+02 2.000000e+00
    endloop
  endfacet
  facet normal 6.567746e-01 7.540870e-01 0.000000e+00
    outer loop
      vertex   1.750101e+02 -1.575568e+02 2.000000e+00
      vertex   1.749943e+02 -1.575431e+02 1.666667e+00
      vertex   1.749943e+02 -1.575431e+02 2.000000e+00
    endloop
  endfacet
  facet normal 8.252474e-01 5.647714e-01 0.000000e+00
    outer loop
      vertex   1.749943e+02 -1.575431e+02 2.000000e+00
      vertex   1.749943e+02 -1.575431e+02 1.666667e+00
      vertex   1.749825e+02 -1.575258e+02 2.000000e+00
    endloop
  endfacet
  facet normal 8.252474e-01 5.647714e-01 1.185201e-13
    outer loop
      vertex   1.749825e+02 -1.575258e+02 2.000000e+00
      vertex   1.749943e+02 -1.575431e+02 1.666667e+00
      vertex   1.749825e+02 -1.575258e+02 1.666667e+00
    endloop
  endfacet
  facet normal 9.407199e-01 3.391843e-01 1.091312e-13
    outer loop
      vertex   1.749825e+02 -1.575258e+02 2.000000e+00
      vertex   1.749825e+02 -1.575258e+02 1.666667e+00
      vertex   1.749754e+02 -1.575062e+02 2.000000e+00
    endloop
  endfacet
  facet normal 9.407199e-01 3.391843e-01 0.000000e+00
    outer loop
      vertex   1.749754e+02 -1.575062e+02 2.000000e+00
      vertex   1.749825e+02 -1.575258e+02 1.666667e+00
      vertex   1.749754e+02 -1.575062e+02 1.666667e+00
    endloop
  endfacet
  facet normal 9.957762e-01 9.181366e-02 0.000000e+00
    outer loop
      vertex   1.749754e+02 -1.575062e+02 2.000000e+00
      vertex   1.749754e+02 -1.575062e+02 1.666667e+00
      vertex   1.749735e+02 -1.574854e+02 2.000000e+00
    endloop
  endfacet
  facet normal 9.957762e-01 9.181366e-02 0.000000e+00
    outer loop
      vertex   1.749735e+02 -1.574854e+02 2.000000e+00
      vertex   1.749754e+02 -1.575062e+02 1.666667e+00
      vertex   1.749735e+02 -1.574854e+02 1.666667e+00
    endloop
  endfacet
  facet normal 9.868803e-01 -1.614536e-01 0.000000e+00
    outer loop
      vertex   1.749735e+02 -1.574854e+02 2.000000e+00
      vertex   1.749735e+02 -1.574854e+02 1.666667e+00
      vertex   1.749769e+02 -1.574648e+02 2.000000e+00
    endloop
  endfacet
  facet normal 9.868803e-01 -1.614536e-01 0.000000e+00
    outer loop
      vertex   1.749769e+02 -1.574648e+02 2.000000e+00
      vertex   1.749735e+02 -1.574854e+02 1.666667e+00
      vertex   1.749769e+02 -1.574648e+02 1.666667e+00
    endloop
  endfacet
  facet normal 9.146035e-01 -4.043518e-01 0.000000e+00
    outer loop
      vertex   1.749769e+02 -1.574648e+02 2.000000e+00
      vertex   1.749769e+02 -1.574648e+02 1.666667e+00
      vertex   1.749853e+02 -1.574457e+02 2.000000e+00
    endloop
  endfacet
  facet normal 9.146035e-01 -4.043518e-01 0.000000e+00
    outer loop
      vertex   1.749853e+02 -1.574457e+02 2.000000e+00
      vertex   1.749769e+02 -1.574648e+02 1.666667e+00
      vertex   1.749853e+02 -1.574457e+02 1.666667e+00
    endloop
  endfacet
  facet normal 7.835878e-01 -6.212811e-01 0.000000e+00
    outer loop
      vertex   1.749853e+02 -1.574457e+02 2.000000e+00
      vertex   1.749853e+02 -1.574457e+02 1.666667e+00
      vertex   1.749983e+02 -1.574293e+02 2.000000e+00
    endloop
  endfacet
  facet normal 7.835878e-01 -6.212811e-01 0.000000e+00
    outer loop
      vertex   1.749983e+02 -1.574293e+02 2.000000e+00
      vertex   1.749853e+02 -1.574457e+02 1.666667e+00
      vertex   1.749983e+02 -1.574293e+02 1.666667e+00
    endloop
  endfacet
  facet normal 6.022473e-01 -7.983096e-01 0.000000e+00
    outer loop
      vertex   1.749983e+02 -1.574293e+02 2.000000e+00
      vertex   1.749983e+02 -1.574293e+02 1.666667e+00
      vertex   1.750150e+02 -1.574167e+02 2.000000e+00
    endloop
  endfacet
  facet normal 6.022473e-01 -7.983096e-01 -6.806797e-14
    outer loop
      vertex   1.750150e+02 -1.574167e+02 2.000000e+00
      vertex   1.749983e+02 -1.574293e+02 1.666667e+00
      vertex   1.750150e+02 -1.574167e+02 1.666667e+00
    endloop
  endfacet
  facet normal 3.822285e-01 -9.240679e-01 -7.879076e-14
    outer loop
      vertex   1.750150e+02 -1.574167e+02 2.000000e+00
      vertex   1.750150e+02 -1.574167e+02 1.666667e+00
      vertex   1.750343e+02 -1.574088e+02 2.000000e+00
    endloop
  endfacet
  facet normal 3.822285e-01 -9.240679e-01 0.000000e+00
    outer loop
      vertex   1.750343e+02 -1.574088e+02 2.000000e+00
      vertex   1.750150e+02 -1.574167e+02 1.666667e+00
      vertex   1.750343e+02 -1.574088e+02 1.666667e+00
    endloop
  endfacet
  facet normal 1.376616e-01 -9.904793e-01 0.000000e+00
    outer loop
      vertex   1.750343e+02 -1.574088e+02 2.000000e+00
      vertex   1.750343e+02 -1.574088e+02 1.666667e+00
      vertex   1.750550e+02 -1.574059e+02 2.000000e+00
    endloop
  endfacet
  facet normal 1.376616e-01 -9.904793e-01 0.000000e+00
    outer loop
      vertex   1.750550e+02 -1.574059e+02 2.000000e+00
      vertex   1.750343e+02 -1.574088e+02 1.666667e+00
      vertex   1.750550e+02 -1.574059e+02 1.666667e+00
    endloop
  endfacet
  facet normal 1.376616e-01 -9.904793e-01 0.000000e+00
    outer loop
      vertex   1.750343e+02 -1.574088e+02 1.333333e+00
      vertex   1.750550e+02 -1.574059e+02 1.333333e+00
      vertex   1.750550e+02 -1.574059e+02 1.666667e+00
    endloop
  endfacet
  facet normal 1.376616e-01 -9.904793e-01 0.000000e+00
    outer loop
      vertex   1.750343e+02 -1.574088e+02 1.333333e+00
      vertex   1.750550e+02 -1.574059e+02 1.666667e+00
      vertex   1.750343e+02 -1.574088e+02 1.666667e+00
    endloop
  endfacet
  facet normal 3.822285e-01 -9.240679e-01 0.000000e+00
    outer loop
      vertex   1.750150e+02 -1.574167e+02 1.333333e+00
      vertex   1.750343e+02 -1.574088e+02 1.333333e+00
      vertex   1.750343e+02 -1.574088e+02 1.666667e+00
    endloop
  endfacet
  facet normal 3.822285e-01 -9.240679e-01 0.000000e+00
    outer loop
      vertex   1.750150e+02 -1.574167e+02 1.333333e+00
      vertex   1.750343e+02 -1.574088e+02 1.666667e+00
      vertex   1.750150e+02 -1.574167e+02 1.666667e+00
    endloop
  endfacet
  facet normal 6.022473e-01 -7.983096e-01 0.000000e+00
    outer loop
      vertex   1.749983e+02 -1.574293e+02 1.333333e+00
      vertex   1.750150e+02 -1.574167e+02 1.333333e+00
      vertex   1.750150e+02 -1.574167e+02 1.666667e+00
    endloop
  endfacet
  facet normal 6.022473e-01 -7.983096e-01 0.000000e+00
    outer loop
      vertex   1.749983e+02 -1.574293e+02 1.333333e+00
      vertex   1.750150e+02 -1.574167e+02 1.666667e+00
      vertex   1.749983e+02 -1.574293e+02 1.666667e+00
    endloop
  endfacet
  facet normal 7.835878e-01 -6.212811e-01 0.000000e+00
    outer loop
      vertex   1.749853e+02 -1.574457e+02 1.333333e+00
      vertex   1.749983e+02 -1.574293e+02 1.333333e+00
      vertex   1.749983e+02 -1.574293e+02 1.666667e+00
    endloop
  endfacet
  facet normal 7.835878e-01 -6.212811e-01 0.000000e+00
    outer loop
      vertex   1.749853e+02 -1.574457e+02 1.333333e+00
      vertex   1.749983e+02 -1.574293e+02 1.666667e+00
      vertex   1.749853e+02 -1.574457e+02 1.666667e+00
    endloop
  endfacet
  facet normal 9.146035e-01 -4.043518e-01 0.000000e+00
    outer loop
      vertex   1.749769e+02 -1.574648e+02 1.333333e+00
      vertex   1.749853e+02 -1.574457e+02 1.333333e+00
      vertex   1.749853e+02 -1.574457e+02 1.666667e+00
    endloop
  endfacet
  facet normal 9.146035e-01 -4.043518e-01 0.000000e+00
    outer loop
      vertex   1.749769e+02 -1.574648e+02 1.333333e+00
      vertex   1.749853e+02 -1.574457e+02 1.666667e+00
      vertex   1.749769e+02 -1.574648e+02 1.666667e+00
    endloop
  endfacet
  facet normal 9.868803e-01 -1.614536e-01 0.000000e+00
    outer loop
      vertex   1.749735e+02 -1.574854e+02 1.333333e+00
      vertex   1.749769e+02 -1.574648e+02 1.333333e+00
      vertex   1.749769e+02 -1.574648e+02 1.666667e+00
    endloop
  endfacet
  facet normal 9.868803e-01 -1.614536e-01 0.000000e+00
    outer loop
      vertex   1.749735e+02 -1.574854e+02 1.333333e+00
      vertex   1.749769e+02 -1.574648e+02 1.666667e+00
      vertex   1.749735e+02 -1.574854e+02 1.666667e+00
    endloop
  endfacet
  facet normal 9.957762e-01 9.181366e-02 0.000000e+00
    outer loop
      vertex   1.749754e+02 -1.575062e+02 1.333333e+00
      vertex   1.749735e+02 -1.574854e+02 1.333333e+00
      vertex   1.749735e+02 -1.574854e+02 1.666667e+00
    endloop
  endfacet
  facet normal 9.957762e-01 9.181366e-02 -0.000000e+00
    outer loop
      vertex   1.749754e+02 -1.575062e+02 1.333333e+00
      vertex   1.749735e+02 -1.574854e+02 1.666667e+00
      vertex   1.749754e+02 -1.575062e+02 1.666667e+00
    endloop
  endfacet
  facet normal 9.407199e-01 3.391843e-01 0.000000e+00
    outer loop
      vertex   1.749825e+02 -1.575258e+02 1.333333e+00
      vertex   1.749754e+02 -1.575062e+02 1.333333e+00
      vertex   1.749754e+02 -1.575062e+02 1.666667e+00
    endloop
  endfacet
  facet normal 9.407199e-01 3.391843e-01 -0.000000e+00
    outer loop
      vertex   1.749825e+02 -1.575258e+02 1.333333e+00
      vertex   1.749754e+02 -1.575062e+02 1.666667e+00
      vertex   1.749825e+02 -1.575258e+02 1.666667e+00
    endloop
  endfacet
  facet normal 8.252474e-01 5.647714e-01 0.000000e+00
    outer loop
      vertex   1.749943e+02 -1.575431e+02 1.333333e+00
      vertex   1.749825e+02 -1.575258e+02 1.333333e+00
      vertex   1.749825e+02 -1.575258e+02 1.666667e+00
    endloop
  endfacet
  facet normal 8.252474e-01 5.647714e-01 -0.000000e+00
    outer loop
      vertex   1.749943e+02 -1.575431e+02 1.333333e+00
      vertex   1.749825e+02 -1.575258e+02 1.666667e+00
      vertex   1.749943e+02 -1.575431e+02 1.666667e+00
    endloop
  endfacet
  facet normal 5.740103e-01 8.188480e-01 -0.000000e+00
    outer loop
      vertex   1.750101e+02 -1.575568e+02 1.000000e+00
      vertex   1.750101e+02 -1.575568e+02 2.000000e+00
      vertex   1.759790e+02 -1.582360e+02 1.000000e+00
    endloop
  endfacet
  facet normal 5.740103e-01 8.188480e-01 -0.000000e+00
    outer loop
      vertex   1.759790e+02 -1.582360e+02 1.000000e+00
      vertex   1.750101e+02 -1.575568e+02 2.000000e+00
      vertex   1.759790e+02 -1.582360e+02 2.000000e+00
    endloop
  endfacet
  facet normal 6.093374e-01 7.929110e-01 -0.000000e+00
    outer loop
      vertex   1.759790e+02 -1.582360e+02 1.000000e+00
      vertex   1.759790e+02 -1.582360e+02 2.000000e+00
      vertex   1.769173e+02 -1.589571e+02 2.000000e+00
    endloop
  endfacet
  facet normal 6.434941e-01 7.654511e-01 0.000000e+00
    outer loop
      vertex   1.778230e+02 -1.597185e+02 2.000000e+00
      vertex   1.778230e+02 -1.597185e+02 1.000000e+00
      vertex   1.769173e+02 -1.589571e+02 2.000000e+00
    endloop
  endfacet
  facet normal 6.434941e-01 7.654511e-01 0.000000e+00
    outer loop
      vertex   1.769173e+02 -1.589571e+02 2.000000e+00
      vertex   1.778230e+02 -1.597185e+02 1.000000e+00
      vertex   1.769173e+02 -1.589571e+02 1.000000e+00
    endloop
  endfacet
  facet normal 6.093374e-01 7.929110e-01 0.000000e+00
    outer loop
      vertex   1.769173e+02 -1.589571e+02 2.000000e+00
      vertex   1.769173e+02 -1.589571e+02 1.000000e+00
      vertex   1.759790e+02 -1.582360e+02 1.000000e+00
    endloop
  endfacet
  facet normal 5.890680e-01 8.080835e-01 -0.000000e+00
    outer loop
      vertex   1.778230e+02 -1.597185e+02 1.000000e+00
      vertex   1.778230e+02 -1.597185e+02 2.000000e+00
      vertex   1.780846e+02 -1.599092e+02 1.000000e+00
    endloop
  endfacet
  facet normal 5.890680e-01 8.080835e-01 -0.000000e+00
    outer loop
      vertex   1.780846e+02 -1.599092e+02 1.000000e+00
      vertex   1.778230e+02 -1.597185e+02 2.000000e+00
      vertex   1.780846e+02 -1.599092e+02 2.000000e+00
    endloop
  endfacet
  facet normal 4.329626e-01 9.014119e-01 -0.000000e+00
    outer loop
      vertex   1.780846e+02 -1.599092e+02 1.000000e+00
      vertex   1.780846e+02 -1.599092e+02 2.000000e+00
      vertex   1.783764e+02 -1.600493e+02 2.000000e+00
    endloop
  endfacet
  facet normal 2.625351e-01 9.649224e-01 0.000000e+00
    outer loop
      vertex   1.786887e+02 -1.601343e+02 2.000000e+00
      vertex   1.786887e+02 -1.601343e+02 1.000000e+00
      vertex   1.783764e+02 -1.600493e+02 2.000000e+00
    endloop
  endfacet
  facet normal 2.625351e-01 9.649224e-01 0.000000e+00
    outer loop
      vertex   1.783764e+02 -1.600493e+02 2.000000e+00
      vertex   1.786887e+02 -1.601343e+02 1.000000e+00
      vertex   1.783764e+02 -1.600493e+02 1.000000e+00
    endloop
  endfacet
  facet normal 4.329626e-01 9.014119e-01 0.000000e+00
    outer loop
      vertex   1.783764e+02 -1.600493e+02 2.000000e+00
      vertex   1.783764e+02 -1.600493e+02 1.000000e+00
      vertex   1.780846e+02 -1.599092e+02 1.000000e+00
    endloop
  endfacet
  facet normal 1.427562e-01 9.897579e-01 0.000000e+00
    outer loop
      vertex   1.786887e+02 -1.601343e+02 2.000000e+00
      vertex   1.807872e+02 -1.604370e+02 2.000000e+00
      vertex   1.786887e+02 -1.601343e+02 1.000000e+00
    endloop
  endfacet
  facet normal 1.427562e-01 9.897579e-01 0.000000e+00
    outer loop
      vertex   1.786887e+02 -1.601343e+02 1.000000e+00
      vertex   1.807872e+02 -1.604370e+02 2.000000e+00
      vertex   1.807872e+02 -1.604370e+02 1.000000e+00
    endloop
  endfacet
  facet normal 1.094322e-01 9.939943e-01 -0.000000e+00
    outer loop
      vertex   1.807872e+02 -1.604370e+02 1.000000e+00
      vertex   1.807872e+02 -1.604370e+02 2.000000e+00
      vertex   1.829638e+02 -1.606766e+02 2.000000e+00
    endloop
  endfacet
  facet normal 1.094322e-01 9.939943e-01 0.000000e+00
    outer loop
      vertex   1.807872e+02 -1.604370e+02 1.000000e+00
      vertex   1.829638e+02 -1.606766e+02 2.000000e+00
      vertex   1.829638e+02 -1.606766e+02 1.000000e+00
    endloop
  endfacet
  facet normal 7.781955e-02 9.969675e-01 -0.000000e+00
    outer loop
      vertex   1.829638e+02 -1.606766e+02 1.000000e+00
      vertex   1.829638e+02 -1.606766e+02 2.000000e+00
      vertex   1.852000e+02 -1.608512e+02 2.000000e+00
    endloop
  endfacet
  facet normal 7.781955e-02 9.969675e-01 0.000000e+00
    outer loop
      vertex   1.829638e+02 -1.606766e+02 1.000000e+00
      vertex   1.852000e+02 -1.608512e+02 2.000000e+00
      vertex   1.852000e+02 -1.608512e+02 1.000000e+00
    endloop
  endfacet
  facet normal 4.737764e-02 9.988770e-01 -0.000000e+00
    outer loop
      vertex   1.852000e+02 -1.608512e+02 1.000000e+00
      vertex   1.852000e+02 -1.608512e+02 2.000000e+00
      vertex   1.874768e+02 -1.609592e+02 2.000000e+00
    endloop
  endfacet
  facet normal 4.737764e-02 9.988770e-01 0.000000e+00
    outer loop
      vertex   1.852000e+02 -1.608512e+02 1.000000e+00
      vertex   1.874768e+02 -1.609592e+02 2.000000e+00
      vertex   1.874768e+02 -1.609592e+02 1.000000e+00
    endloop
  endfacet
  facet normal 1.763002e-02 9.998446e-01 -0.000000e+00
    outer loop
      vertex   1.874768e+02 -1.609592e+02 1.000000e+00
      vertex   1.874768e+02 -1.609592e+02 2.000000e+00
      vertex   1.897751e+02 -1.609997e+02 2.000000e+00
    endloop
  endfacet
  facet normal 1.763002e-02 9.998446e-01 0.000000e+00
    outer loop
      vertex   1.874768e+02 -1.609592e+02 1.000000e+00
      vertex   1.897751e+02 -1.609997e+02 2.000000e+00
      vertex   1.897751e+02 -1.609997e+02 1.000000e+00
    endloop
  endfacet
  facet normal -1.186276e-02 9.999296e-01 0.000000e+00
    outer loop
      vertex   1.897751e+02 -1.609997e+02 1.000000e+00
      vertex   1.897751e+02 -1.609997e+02 2.000000e+00
      vertex   1.920753e+02 -1.609724e+02 2.000000e+00
    endloop
  endfacet
  facet normal -1.186276e-02 9.999296e-01 0.000000e+00
    outer loop
      vertex   1.897751e+02 -1.609997e+02 1.000000e+00
      vertex   1.920753e+02 -1.609724e+02 2.000000e+00
      vertex   1.920753e+02 -1.609724e+02 1.000000e+00
    endloop
  endfacet
  facet normal -4.152680e-02 9.991374e-01 0.000000e+00
    outer loop
      vertex   1.920753e+02 -1.609724e+02 1.000000e+00
      vertex   1.920753e+02 -1.609724e+02 2.000000e+00
      vertex   1.943579e+02 -1.608775e+02 2.000000e+00
    endloop
  endfacet
  facet normal -4.152680e-02 9.991374e-01 0.000000e+00
    outer loop
      vertex   1.920753e+02 -1.609724e+02 1.000000e+00
      vertex   1.943579e+02 -1.608775e+02 2.000000e+00
      vertex   1.943579e+02 -1.608775e+02 1.000000e+00
    endloop
  endfacet
  facet normal -7.179716e-02 9.974193e-01 0.000000e+00
    outer loop
      vertex   1.943579e+02 -1.608775e+02 1.000000e+00
      vertex   1.943579e+02 -1.608775e+02 2.000000e+00
      vertex   1.966036e+02 -1.607159e+02 2.000000e+00
    endloop
  endfacet
  facet normal -7.179716e-02 9.974193e-01 0.000000e+00
    outer loop
      vertex   1.943579e+02 -1.608775e+02 1.000000e+00
      vertex   1.966036e+02 -1.607159e+02 2.000000e+00
      vertex   1.966036e+02 -1.607159e+02 1.000000e+00
    endloop
  endfacet
  facet normal -1.031411e-01 9.946667e-01 0.000000e+00
    outer loop
      vertex   1.966036e+02 -1.607159e+02 1.000000e+00
      vertex   1.966036e+02 -1.607159e+02 2.000000e+00
      vertex   1.987932e+02 -1.604888e+02 2.000000e+00
    endloop
  endfacet
  facet normal -1.031411e-01 9.946667e-01 0.000000e+00
    outer loop
      vertex   1.966036e+02 -1.607159e+02 1.000000e+00
      vertex   1.987932e+02 -1.604888e+02 2.000000e+00
      vertex   1.987932e+02 -1.604888e+02 1.000000e+00
    endloop
  endfacet
  facet normal -1.360843e-01 9.906973e-01 0.000000e+00
    outer loop
      vertex   1.987932e+02 -1.604888e+02 1.000000e+00
      vertex   1.987932e+02 -1.604888e+02 2.000000e+00
      vertex   2.009084e+02 -1.601983e+02 2.000000e+00
    endloop
  endfacet
  facet normal -1.360843e-01 9.906973e-01 0.000000e+00
    outer loop
      vertex   1.987932e+02 -1.604888e+02 1.000000e+00
      vertex   2.009084e+02 -1.601983e+02 2.000000e+00
      vertex   2.009084e+02 -1.601983e+02 1.000000e+00
    endloop
  endfacet
  facet normal -1.712427e-01 9.852289e-01 0.000000e+00
    outer loop
      vertex   2.009084e+02 -1.601983e+02 1.000000e+00
      vertex   2.009084e+02 -1.601983e+02 2.000000e+00
      vertex   2.029310e+02 -1.598467e+02 2.000000e+00
    endloop
  endfacet
  facet normal -1.712427e-01 9.852289e-01 0.000000e+00
    outer loop
      vertex   2.009084e+02 -1.601983e+02 1.000000e+00
      vertex   2.029310e+02 -1.598467e+02 2.000000e+00
      vertex   2.029310e+02 -1.598467e+02 1.000000e+00
    endloop
  endfacet
  facet normal -2.093631e-01 9.778380e-01 0.000000e+00
    outer loop
      vertex   2.029310e+02 -1.598467e+02 1.000000e+00
      vertex   2.029310e+02 -1.598467e+02 2.000000e+00
      vertex   2.048441e+02 -1.594371e+02 2.000000e+00
    endloop
  endfacet
  facet normal -2.093631e-01 9.778380e-01 0.000000e+00
    outer loop
      vertex   2.029310e+02 -1.598467e+02 1.000000e+00
      vertex   2.048441e+02 -1.594371e+02 2.000000e+00
      vertex   2.048441e+02 -1.594371e+02 1.000000e+00
    endloop
  endfacet
  facet normal -2.513757e-01 9.678896e-01 0.000000e+00
    outer loop
      vertex   2.048441e+02 -1.594371e+02 1.000000e+00
      vertex   2.048441e+02 -1.594371e+02 2.000000e+00
      vertex   2.066313e+02 -1.589730e+02 2.000000e+00
    endloop
  endfacet
  facet normal -2.513757e-01 9.678896e-01 0.000000e+00
    outer loop
      vertex   2.048441e+02 -1.594371e+02 1.000000e+00
      vertex   2.066313e+02 -1.589730e+02 2.000000e+00
      vertex   2.066313e+02 -1.589730e+02 1.000000e+00
    endloop
  endfacet
  facet normal -2.984613e-01 9.544217e-01 0.000000e+00
    outer loop
      vertex   2.066313e+02 -1.589730e+02 1.000000e+00
      vertex   2.066313e+02 -1.589730e+02 2.000000e+00
      vertex   2.082775e+02 -1.584582e+02 2.000000e+00
    endloop
  endfacet
  facet normal -2.984613e-01 9.544217e-01 0.000000e+00
    outer loop
      vertex   2.066313e+02 -1.589730e+02 1.000000e+00
      vertex   2.082775e+02 -1.584582e+02 2.000000e+00
      vertex   2.082775e+02 -1.584582e+02 1.000000e+00
    endloop
  endfacet
  facet normal -3.521326e-01 9.359501e-01 0.000000e+00
    outer loop
      vertex   2.082775e+02 -1.584582e+02 1.000000e+00
      vertex   2.082775e+02 -1.584582e+02 2.000000e+00
      vertex   2.097688e+02 -1.578971e+02 2.000000e+00
    endloop
  endfacet
  facet normal -3.521326e-01 9.359501e-01 0.000000e+00
    outer loop
      vertex   2.082775e+02 -1.584582e+02 1.000000e+00
      vertex   2.097688e+02 -1.578971e+02 2.000000e+00
      vertex   2.097688e+02 -1.578971e+02 1.000000e+00
    endloop
  endfacet
  facet normal -4.143126e-01 9.101346e-01 0.000000e+00
    outer loop
      vertex   2.097688e+02 -1.578971e+02 1.000000e+00
      vertex   2.097688e+02 -1.578971e+02 2.000000e+00
      vertex   2.110925e+02 -1.572945e+02 2.000000e+00
    endloop
  endfacet
  facet normal -4.143126e-01 9.101346e-01 0.000000e+00
    outer loop
      vertex   2.097688e+02 -1.578971e+02 1.000000e+00
      vertex   2.110925e+02 -1.572945e+02 2.000000e+00
      vertex   2.110925e+02 -1.572945e+02 1.000000e+00
    endloop
  endfacet
  facet normal 7.244820e-01 6.892937e-01 0.000000e+00
    outer loop
      vertex   2.110925e+02 -1.572945e+02 2.000000e+00
      vertex   2.114720e+02 -1.576934e+02 2.000000e+00
      vertex   2.110925e+02 -1.572945e+02 1.000000e+00
    endloop
  endfacet
  facet normal 7.244820e-01 6.892937e-01 0.000000e+00
    outer loop
      vertex   2.110925e+02 -1.572945e+02 1.000000e+00
      vertex   2.114720e+02 -1.576934e+02 2.000000e+00
      vertex   2.114720e+02 -1.576934e+02 1.000000e+00
    endloop
  endfacet
  facet normal 8.242755e-01 5.661889e-01 -0.000000e+00
    outer loop
      vertex   2.114720e+02 -1.576934e+02 1.000000e+00
      vertex   2.114720e+02 -1.576934e+02 2.000000e+00
      vertex   2.117502e+02 -1.580984e+02 2.000000e+00
    endloop
  endfacet
  facet normal 8.242755e-01 5.661889e-01 0.000000e+00
    outer loop
      vertex   2.114720e+02 -1.576934e+02 1.000000e+00
      vertex   2.117502e+02 -1.580984e+02 2.000000e+00
      vertex   2.117502e+02 -1.580984e+02 1.000000e+00
    endloop
  endfacet
  facet normal 9.189729e-01 3.943206e-01 -0.000000e+00
    outer loop
      vertex   2.117502e+02 -1.580984e+02 1.000000e+00
      vertex   2.117502e+02 -1.580984e+02 2.000000e+00
      vertex   2.119259e+02 -1.585077e+02 2.000000e+00
    endloop
  endfacet
  facet normal 9.189729e-01 3.943206e-01 0.000000e+00
    outer loop
      vertex   2.117502e+02 -1.580984e+02 1.000000e+00
      vertex   2.119259e+02 -1.585077e+02 2.000000e+00
      vertex   2.119259e+02 -1.585077e+02 1.000000e+00
    endloop
  endfacet
  facet normal 9.849631e-01 1.727647e-01 -0.000000e+00
    outer loop
      vertex   2.119259e+02 -1.585077e+02 1.000000e+00
      vertex   2.119259e+02 -1.585077e+02 2.000000e+00
      vertex   2.119980e+02 -1.589193e+02 2.000000e+00
    endloop
  endfacet
  facet normal 9.849631e-01 1.727647e-01 0.000000e+00
    outer loop
      vertex   2.119259e+02 -1.585077e+02 1.000000e+00
      vertex   2.119980e+02 -1.589193e+02 2.000000e+00
      vertex   2.119980e+02 -1.589193e+02 1.000000e+00
    endloop
  endfacet
  facet normal 9.970776e-01 -7.639559e-02 0.000000e+00
    outer loop
      vertex   2.119980e+02 -1.589193e+02 1.000000e+00
      vertex   2.119980e+02 -1.589193e+02 2.000000e+00
      vertex   2.119665e+02 -1.593313e+02 2.000000e+00
    endloop
  endfacet
  facet normal 9.970776e-01 -7.639559e-02 0.000000e+00
    outer loop
      vertex   2.119980e+02 -1.589193e+02 1.000000e+00
      vertex   2.119665e+02 -1.593313e+02 2.000000e+00
      vertex   2.119665e+02 -1.593313e+02 1.000000e+00
    endloop
  endfacet
  facet normal 9.498074e-01 -3.128351e-01 0.000000e+00
    outer loop
      vertex   2.119665e+02 -1.593313e+02 1.000000e+00
      vertex   2.119665e+02 -1.593313e+02 2.000000e+00
      vertex   2.118313e+02 -1.597417e+02 2.000000e+00
    endloop
  endfacet
  facet normal 9.498074e-01 -3.128351e-01 0.000000e+00
    outer loop
      vertex   2.119665e+02 -1.593313e+02 1.000000e+00
      vertex   2.118313e+02 -1.597417e+02 2.000000e+00
      vertex   2.118313e+02 -1.597417e+02 1.000000e+00
    endloop
  endfacet
  facet normal 8.630551e-01 -5.051097e-01 0.000000e+00
    outer loop
      vertex   2.118313e+02 -1.597417e+02 1.000000e+00
      vertex   2.118313e+02 -1.597417e+02 2.000000e+00
      vertex   2.115931e+02 -1.601486e+02 2.000000e+00
    endloop
  endfacet
  facet normal 8.630551e-01 -5.051097e-01 0.000000e+00
    outer loop
      vertex   2.118313e+02 -1.597417e+02 1.000000e+00
      vertex   2.115931e+02 -1.601486e+02 2.000000e+00
      vertex   2.115931e+02 -1.601486e+02 1.000000e+00
    endloop
  endfacet
  facet normal 7.631313e-01 -6.462435e-01 0.000000e+00
    outer loop
      vertex   2.115931e+02 -1.601486e+02 1.000000e+00
      vertex   2.115931e+02 -1.601486e+02 2.000000e+00
      vertex   2.112531e+02 -1.605502e+02 2.000000e+00
    endloop
  endfacet
  facet normal 7.631313e-01 -6.462435e-01 0.000000e+00
    outer loop
      vertex   2.115931e+02 -1.601486e+02 1.000000e+00
      vertex   2.112531e+02 -1.605502e+02 2.000000e+00
      vertex   2.112531e+02 -1.605502e+02 1.000000e+00
    endloop
  endfacet
  facet normal 6.670584e-01 -7.450055e-01 0.000000e+00
    outer loop
      vertex   2.112531e+02 -1.605502e+02 1.000000e+00
      vertex   2.112531e+02 -1.605502e+02 2.000000e+00
      vertex   2.108129e+02 -1.609443e+02 2.000000e+00
    endloop
  endfacet
  facet normal 6.670584e-01 -7.450055e-01 -1.897499e-14
    outer loop
      vertex   2.112531e+02 -1.605502e+02 1.000000e+00
      vertex   2.108129e+02 -1.609443e+02 2.000000e+00
      vertex   2.108129e+02 -1.609443e+02 1.000000e+00
    endloop
  endfacet
  facet normal 5.816694e-01 -8.134253e-01 -1.653204e-14
    outer loop
      vertex   2.108129e+02 -1.609443e+02 1.000000e+00
      vertex   2.108129e+02 -1.609443e+02 2.000000e+00
      vertex   2.102744e+02 -1.613294e+02 2.000000e+00
    endloop
  endfacet
  facet normal 5.816694e-01 -8.134253e-01 -1.652085e-14
    outer loop
      vertex   2.108129e+02 -1.609443e+02 1.000000e+00
      vertex   2.102744e+02 -1.613294e+02 2.000000e+00
      vertex   2.102744e+02 -1.613294e+02 1.000000e+00
    endloop
  endfacet
  facet normal 5.080882e-01 -8.613051e-01 -1.444073e-14
    outer loop
      vertex   2.102744e+02 -1.613294e+02 1.000000e+00
      vertex   2.102744e+02 -1.613294e+02 2.000000e+00
      vertex   2.096404e+02 -1.617034e+02 2.000000e+00
    endloop
  endfacet
  facet normal 5.080882e-01 -8.613051e-01 0.000000e+00
    outer loop
      vertex   2.102744e+02 -1.613294e+02 1.000000e+00
      vertex   2.096404e+02 -1.617034e+02 2.000000e+00
      vertex   2.096404e+02 -1.617034e+02 1.000000e+00
    endloop
  endfacet
  facet normal 4.451747e-01 -8.954437e-01 0.000000e+00
    outer loop
      vertex   2.096404e+02 -1.617034e+02 1.000000e+00
      vertex   2.096404e+02 -1.617034e+02 2.000000e+00
      vertex   2.089137e+02 -1.620647e+02 2.000000e+00
    endloop
  endfacet
  facet normal 4.451747e-01 -8.954437e-01 0.000000e+00
    outer loop
      vertex   2.096404e+02 -1.617034e+02 1.000000e+00
      vertex   2.089137e+02 -1.620647e+02 2.000000e+00
      vertex   2.089137e+02 -1.620647e+02 1.000000e+00
    endloop
  endfacet
  facet normal 3.912017e-01 -9.203050e-01 0.000000e+00
    outer loop
      vertex   2.089137e+02 -1.620647e+02 1.000000e+00
      vertex   2.089137e+02 -1.620647e+02 2.000000e+00
      vertex   2.080977e+02 -1.624115e+02 2.000000e+00
    endloop
  endfacet
  facet normal 3.912017e-01 -9.203050e-01 0.000000e+00
    outer loop
      vertex   2.089137e+02 -1.620647e+02 1.000000e+00
      vertex   2.080977e+02 -1.624115e+02 2.000000e+00
      vertex   2.080977e+02 -1.624115e+02 1.000000e+00
    endloop
  endfacet
  facet normal 3.444996e-01 -9.387865e-01 0.000000e+00
    outer loop
      vertex   2.080977e+02 -1.624115e+02 1.000000e+00
      vertex   2.080977e+02 -1.624115e+02 2.000000e+00
      vertex   2.071965e+02 -1.627423e+02 2.000000e+00
    endloop
  endfacet
  facet normal 3.444996e-01 -9.387865e-01 0.000000e+00
    outer loop
      vertex   2.080977e+02 -1.624115e+02 1.000000e+00
      vertex   2.071965e+02 -1.627423e+02 2.000000e+00
      vertex   2.071965e+02 -1.627423e+02 1.000000e+00
    endloop
  endfacet
  facet normal 3.036479e-01 -9.527843e-01 0.000000e+00
    outer loop
      vertex   2.071965e+02 -1.627423e+02 1.000000e+00
      vertex   2.071965e+02 -1.627423e+02 2.000000e+00
      vertex   2.062140e+02 -1.630554e+02 2.000000e+00
    endloop
  endfacet
  facet normal 3.036479e-01 -9.527843e-01 0.000000e+00
    outer loop
      vertex   2.071965e+02 -1.627423e+02 1.000000e+00
      vertex   2.062140e+02 -1.630554e+02 2.000000e+00
      vertex   2.062140e+02 -1.630554e+02 1.000000e+00
    endloop
  endfacet
  facet normal 2.674953e-01 -9.635592e-01 0.000000e+00
    outer loop
      vertex   2.062140e+02 -1.630554e+02 1.000000e+00
      vertex   2.062140e+02 -1.630554e+02 2.000000e+00
      vertex   2.051552e+02 -1.633493e+02 2.000000e+00
    endloop
  endfacet
  facet normal 2.674953e-01 -9.635592e-01 0.000000e+00
    outer loop
      vertex   2.062140e+02 -1.630554e+02 1.000000e+00
      vertex   2.051552e+02 -1.633493e+02 2.000000e+00
      vertex   2.051552e+02 -1.633493e+02 1.000000e+00
    endloop
  endfacet
  facet normal 2.351242e-01 -9.719653e-01 0.000000e+00
    outer loop
      vertex   2.051552e+02 -1.633493e+02 1.000000e+00
      vertex   2.051552e+02 -1.633493e+02 2.000000e+00
      vertex   2.040248e+02 -1.636228e+02 2.000000e+00
    endloop
  endfacet
  facet normal 2.351242e-01 -9.719653e-01 0.000000e+00
    outer loop
      vertex   2.051552e+02 -1.633493e+02 1.000000e+00
      vertex   2.040248e+02 -1.636228e+02 2.000000e+00
      vertex   2.040248e+02 -1.636228e+02 1.000000e+00
    endloop
  endfacet
  facet normal 2.058055e-01 -9.785929e-01 0.000000e+00
    outer loop
      vertex   2.040248e+02 -1.636228e+02 1.000000e+00
      vertex   2.040248e+02 -1.636228e+02 2.000000e+00
      vertex   2.028283e+02 -1.638744e+02 2.000000e+00
    endloop
  endfacet
  facet normal 2.058055e-01 -9.785929e-01 0.000000e+00
    outer loop
      vertex   2.040248e+02 -1.636228e+02 1.000000e+00
      vertex   2.028283e+02 -1.638744e+02 2.000000e+00
      vertex   2.028283e+02 -1.638744e+02 1.000000e+00
    endloop
  endfacet
  facet normal 1.789568e-01 -9.838569e-01 0.000000e+00
    outer loop
      vertex   2.028283e+02 -1.638744e+02 1.000000e+00
      vertex   2.028283e+02 -1.638744e+02 2.000000e+00
      vertex   2.015712e+02 -1.641030e+02 2.000000e+00
    endloop
  endfacet
  facet normal 1.789568e-01 -9.838569e-01 0.000000e+00
    outer loop
      vertex   2.028283e+02 -1.638744e+02 1.000000e+00
      vertex   2.015712e+02 -1.641030e+02 2.000000e+00
      vertex   2.015712e+02 -1.641030e+02 1.000000e+00
    endloop
  endfacet
  facet normal 1.541087e-01 -9.880539e-01 0.000000e+00
    outer loop
      vertex   2.015712e+02 -1.641030e+02 1.000000e+00
      vertex   2.015712e+02 -1.641030e+02 2.000000e+00
      vertex   2.002596e+02 -1.643076e+02 2.000000e+00
    endloop
  endfacet
  facet normal 1.541087e-01 -9.880539e-01 0.000000e+00
    outer loop
      vertex   2.015712e+02 -1.641030e+02 1.000000e+00
      vertex   2.002596e+02 -1.643076e+02 2.000000e+00
      vertex   2.002596e+02 -1.643076e+02 1.000000e+00
    endloop
  endfacet
  facet normal 1.308779e-01 -9.913985e-01 0.000000e+00
    outer loop
      vertex   2.002596e+02 -1.643076e+02 1.000000e+00
      vertex   2.002596e+02 -1.643076e+02 2.000000e+00
      vertex   1.988996e+02 -1.644872e+02 2.000000e+00
    endloop
  endfacet
  facet normal 1.308779e-01 -9.913985e-01 3.722847e-15
    outer loop
      vertex   2.002596e+02 -1.643076e+02 1.000000e+00
      vertex   1.988996e+02 -1.644872e+02 2.000000e+00
      vertex   1.988996e+02 -1.644872e+02 1.000000e+00
    endloop
  endfacet
  facet normal 1.089469e-01 -9.940476e-01 3.096458e-15
    outer loop
      vertex   1.988996e+02 -1.644872e+02 1.000000e+00
      vertex   1.988996e+02 -1.644872e+02 2.000000e+00
      vertex   1.974976e+02 -1.646408e+02 2.000000e+00
    endloop
  endfacet
  facet normal 1.089469e-01 -9.940476e-01 0.000000e+00
    outer loop
      vertex   1.988996e+02 -1.644872e+02 1.000000e+00
      vertex   1.974976e+02 -1.646408e+02 2.000000e+00
      vertex   1.974976e+02 -1.646408e+02 1.000000e+00
    endloop
  endfacet
  facet normal 7.791248e-02 -9.969602e-01 0.000000e+00
    outer loop
      vertex   1.974976e+02 -1.646408e+02 1.000000e+00
      vertex   1.974976e+02 -1.646408e+02 2.000000e+00
      vertex   1.945943e+02 -1.648677e+02 2.000000e+00
    endloop
  endfacet
  facet normal 7.791248e-02 -9.969602e-01 0.000000e+00
    outer loop
      vertex   1.974976e+02 -1.646408e+02 1.000000e+00
      vertex   1.945943e+02 -1.648677e+02 2.000000e+00
      vertex   1.945943e+02 -1.648677e+02 1.000000e+00
    endloop
  endfacet
  facet normal 3.887274e-02 -9.992442e-01 0.000000e+00
    outer loop
      vertex   1.945943e+02 -1.648677e+02 1.000000e+00
      vertex   1.945943e+02 -1.648677e+02 2.000000e+00
      vertex   1.916045e+02 -1.649840e+02 2.000000e+00
    endloop
  endfacet
  facet normal 3.887274e-02 -9.992442e-01 0.000000e+00
    outer loop
      vertex   1.945943e+02 -1.648677e+02 1.000000e+00
      vertex   1.916045e+02 -1.649840e+02 2.000000e+00
      vertex   1.916045e+02 -1.649840e+02 1.000000e+00
    endloop
  endfacet
  facet normal 1.172339e-03 -9.999993e-01 0.000000e+00
    outer loop
      vertex   1.916045e+02 -1.649840e+02 1.000000e+00
      vertex   1.916045e+02 -1.649840e+02 2.000000e+00
      vertex   1.885844e+02 -1.649876e+02 2.000000e+00
    endloop
  endfacet
  facet normal 1.172339e-03 -9.999993e-01 3.331471e-17
    outer loop
      vertex   1.916045e+02 -1.649840e+02 1.000000e+00
      vertex   1.885844e+02 -1.649876e+02 2.000000e+00
      vertex   1.885844e+02 -1.649876e+02 1.000000e+00
    endloop
  endfacet
  facet normal -3.648833e-02 -9.993341e-01 -1.037061e-15
    outer loop
      vertex   1.885844e+02 -1.649876e+02 1.000000e+00
      vertex   1.885844e+02 -1.649876e+02 2.000000e+00
      vertex   1.855910e+02 -1.648783e+02 2.000000e+00
    endloop
  endfacet
  facet normal -3.648833e-02 -9.993341e-01 -2.075586e-15
    outer loop
      vertex   1.885844e+02 -1.649876e+02 1.000000e+00
      vertex   1.855910e+02 -1.648783e+02 2.000000e+00
      vertex   1.855910e+02 -1.648783e+02 1.000000e+00
    endloop
  endfacet
  facet normal -7.540377e-02 -9.971531e-01 -4.286208e-15
    outer loop
      vertex   1.855910e+02 -1.648783e+02 1.000000e+00
      vertex   1.855910e+02 -1.648783e+02 2.000000e+00
      vertex   1.826806e+02 -1.646582e+02 2.000000e+00
    endloop
  endfacet
  facet normal -7.540377e-02 -9.971531e-01 0.000000e+00
    outer loop
      vertex   1.855910e+02 -1.648783e+02 1.000000e+00
      vertex   1.826806e+02 -1.646582e+02 2.000000e+00
      vertex   1.826806e+02 -1.646582e+02 1.000000e+00
    endloop
  endfacet
  facet normal 3.571265e-02 -9.993621e-01 0.000000e+00
    outer loop
      vertex   1.826806e+02 -1.646582e+02 1.000000e+00
      vertex   1.826806e+02 -1.646582e+02 2.000000e+00
      vertex   1.826222e+02 -1.646603e+02 1.000000e+00
    endloop
  endfacet
  facet normal 3.571265e-02 -9.993621e-01 0.000000e+00
    outer loop
      vertex   1.826222e+02 -1.646603e+02 1.000000e+00
      vertex   1.826806e+02 -1.646582e+02 2.000000e+00
      vertex   1.826222e+02 -1.646603e+02 2.000000e+00
    endloop
  endfacet
  facet normal 2.816375e-01 -9.595209e-01 0.000000e+00
    outer loop
      vertex   1.826222e+02 -1.646603e+02 1.000000e+00
      vertex   1.826222e+02 -1.646603e+02 2.000000e+00
      vertex   1.825661e+02 -1.646767e+02 1.000000e+00
    endloop
  endfacet
  facet normal 2.816375e-01 -9.595209e-01 0.000000e+00
    outer loop
      vertex   1.825661e+02 -1.646767e+02 1.000000e+00
      vertex   1.826222e+02 -1.646603e+02 2.000000e+00
      vertex   1.825661e+02 -1.646767e+02 2.000000e+00
    endloop
  endfacet
  facet normal 5.100822e-01 -8.601257e-01 0.000000e+00
    outer loop
      vertex   1.825661e+02 -1.646767e+02 1.000000e+00
      vertex   1.825661e+02 -1.646767e+02 2.000000e+00
      vertex   1.825159e+02 -1.647065e+02 1.000000e+00
    endloop
  endfacet
  facet normal 5.100822e-01 -8.601257e-01 0.000000e+00
    outer loop
      vertex   1.825159e+02 -1.647065e+02 1.000000e+00
      vertex   1.825661e+02 -1.646767e+02 2.000000e+00
      vertex   1.825159e+02 -1.647065e+02 2.000000e+00
    endloop
  endfacet
  facet normal 7.068679e-01 -7.073456e-01 0.000000e+00
    outer loop
      vertex   1.825159e+02 -1.647065e+02 1.000000e+00
      vertex   1.825159e+02 -1.647065e+02 2.000000e+00
      vertex   1.824746e+02 -1.647478e+02 1.000000e+00
    endloop
  endfacet
  facet normal 7.068679e-01 -7.073456e-01 0.000000e+00
    outer loop
      vertex   1.824746e+02 -1.647478e+02 1.000000e+00
      vertex   1.825159e+02 -1.647065e+02 2.000000e+00
      vertex   1.824746e+02 -1.647478e+02 2.000000e+00
    endloop
  endfacet
  facet normal 8.597809e-01 -5.106632e-01 0.000000e+00
    outer loop
      vertex   1.824746e+02 -1.647478e+02 1.000000e+00
      vertex   1.824746e+02 -1.647478e+02 2.000000e+00
      vertex   1.824447e+02 -1.647981e+02 1.000000e+00
    endloop
  endfacet
  facet normal 8.597809e-01 -5.106632e-01 0.000000e+00
    outer loop
      vertex   1.824447e+02 -1.647981e+02 1.000000e+00
      vertex   1.824746e+02 -1.647478e+02 2.000000e+00
      vertex   1.824447e+02 -1.647981e+02 2.000000e+00
    endloop
  endfacet
  facet normal 9.593304e-01 -2.822857e-01 0.000000e+00
    outer loop
      vertex   1.824447e+02 -1.647981e+02 1.000000e+00
      vertex   1.824447e+02 -1.647981e+02 2.000000e+00
      vertex   1.824282e+02 -1.648541e+02 1.000000e+00
    endloop
  endfacet
  facet normal 9.593304e-01 -2.822857e-01 0.000000e+00
    outer loop
      vertex   1.824282e+02 -1.648541e+02 1.000000e+00
      vertex   1.824447e+02 -1.647981e+02 2.000000e+00
      vertex   1.824282e+02 -1.648541e+02 2.000000e+00
    endloop
  endfacet
  facet normal 9.993377e-01 -3.638783e-02 0.000000e+00
    outer loop
      vertex   1.824282e+02 -1.648541e+02 1.000000e+00
      vertex   1.824282e+02 -1.648541e+02 2.000000e+00
      vertex   1.824261e+02 -1.649125e+02 1.000000e+00
    endloop
  endfacet
  facet normal 9.993377e-01 -3.638783e-02 0.000000e+00
    outer loop
      vertex   1.824261e+02 -1.649125e+02 1.000000e+00
      vertex   1.824282e+02 -1.648541e+02 2.000000e+00
      vertex   1.824261e+02 -1.649125e+02 2.000000e+00
    endloop
  endfacet
  facet normal 9.773199e-01 2.117685e-01 -0.000000e+00
    outer loop
      vertex   1.824261e+02 -1.649125e+02 1.000000e+00
      vertex   1.824261e+02 -1.649125e+02 2.000000e+00
      vertex   1.824385e+02 -1.649697e+02 1.000000e+00
    endloop
  endfacet
  facet normal 9.773199e-01 2.117685e-01 -0.000000e+00
    outer loop
      vertex   1.824385e+02 -1.649697e+02 1.000000e+00
      vertex   1.824261e+02 -1.649125e+02 2.000000e+00
      vertex   1.824385e+02 -1.649697e+02 2.000000e+00
    endloop
  endfacet
  facet normal 8.946433e-01 4.467812e-01 -0.000000e+00
    outer loop
      vertex   1.824385e+02 -1.649697e+02 1.000000e+00
      vertex   1.824385e+02 -1.649697e+02 2.000000e+00
      vertex   1.824646e+02 -1.650219e+02 1.000000e+00
    endloop
  endfacet
  facet normal 8.946433e-01 4.467812e-01 -0.000000e+00
    outer loop
      vertex   1.824646e+02 -1.650219e+02 1.000000e+00
      vertex   1.824385e+02 -1.649697e+02 2.000000e+00
      vertex   1.824646e+02 -1.650219e+02 2.000000e+00
    endloop
  endfacet
  facet normal 8.371238e-01 5.470135e-01 -0.000000e+00
    outer loop
      vertex   1.824646e+02 -1.650219e+02 1.000000e+00
      vertex   1.824646e+02 -1.650219e+02 2.000000e+00
      vertex   1.827381e+02 -1.654406e+02 1.000000e+00
    endloop
  endfacet
  facet normal 8.371238e-01 5.470135e-01 -0.000000e+00
    outer loop
      vertex   1.827381e+02 -1.654406e+02 1.000000e+00
      vertex   1.824646e+02 -1.650219e+02 2.000000e+00
      vertex   1.827381e+02 -1.654406e+02 2.000000e+00
    endloop
  endfacet
  facet normal 8.471121e-01 5.314142e-01 -0.000000e+00
    outer loop
      vertex   1.827381e+02 -1.654406e+02 1.000000e+00
      vertex   1.827381e+02 -1.654406e+02 2.000000e+00
      vertex   1.830039e+02 -1.658643e+02 1.000000e+00
    endloop
  endfacet
  facet normal 8.471121e-01 5.314142e-01 2.407637e-14
    outer loop
      vertex   1.830039e+02 -1.658643e+02 1.000000e+00
      vertex   1.827381e+02 -1.654406e+02 2.000000e+00
      vertex   1.830039e+02 -1.658643e+02 2.000000e+00
    endloop
  endfacet
  facet normal 8.568098e-01 5.156326e-01 2.435200e-14
    outer loop
      vertex   1.830039e+02 -1.658643e+02 1.000000e+00
      vertex   1.830039e+02 -1.658643e+02 2.000000e+00
      vertex   1.832618e+02 -1.662928e+02 1.000000e+00
    endloop
  endfacet
  facet normal 8.568098e-01 5.156326e-01 -0.000000e+00
    outer loop
      vertex   1.832618e+02 -1.662928e+02 1.000000e+00
      vertex   1.830039e+02 -1.658643e+02 2.000000e+00
      vertex   1.832618e+02 -1.662928e+02 2.000000e+00
    endloop
  endfacet
  facet normal 7.955806e-01 6.058478e-01 -0.000000e+00
    outer loop
      vertex   1.832618e+02 -1.662928e+02 1.000000e+00
      vertex   1.832618e+02 -1.662928e+02 2.000000e+00
      vertex   1.834008e+02 -1.664753e+02 1.000000e+00
    endloop
  endfacet
  facet normal 7.955806e-01 6.058478e-01 -4.522352e-14
    outer loop
      vertex   1.834008e+02 -1.664753e+02 1.000000e+00
      vertex   1.832618e+02 -1.662928e+02 2.000000e+00
      vertex   1.834008e+02 -1.664753e+02 2.000000e+00
    endloop
  endfacet
  facet normal 6.313333e-01 7.755116e-01 -3.588714e-14
    outer loop
      vertex   1.834008e+02 -1.664753e+02 1.000000e+00
      vertex   1.834008e+02 -1.664753e+02 2.000000e+00
      vertex   1.835787e+02 -1.666201e+02 1.000000e+00
    endloop
  endfacet
  facet normal 6.313333e-01 7.755116e-01 -0.000000e+00
    outer loop
      vertex   1.835787e+02 -1.666201e+02 1.000000e+00
      vertex   1.834008e+02 -1.664753e+02 2.000000e+00
      vertex   1.835787e+02 -1.666201e+02 2.000000e+00
    endloop
  endfacet
  facet normal 4.318810e-01 9.019306e-01 -0.000000e+00
    outer loop
      vertex   1.835787e+02 -1.666201e+02 1.000000e+00
      vertex   1.835787e+02 -1.666201e+02 2.000000e+00
      vertex   1.837856e+02 -1.667192e+02 1.000000e+00
    endloop
  endfacet
  facet normal 4.318810e-01 9.019306e-01 2.563441e-14
    outer loop
      vertex   1.837856e+02 -1.667192e+02 1.000000e+00
      vertex   1.835787e+02 -1.666201e+02 2.000000e+00
      vertex   1.837856e+02 -1.667192e+02 2.000000e+00
    endloop
  endfacet
  facet normal 2.083458e-01 9.780552e-01 2.779800e-14
    outer loop
      vertex   1.837856e+02 -1.667192e+02 1.000000e+00
      vertex   1.837856e+02 -1.667192e+02 2.000000e+00
      vertex   1.840100e+02 -1.667670e+02 1.000000e+00
    endloop
  endfacet
  facet normal 2.083458e-01 9.780552e-01 -0.000000e+00
    outer loop
      vertex   1.840100e+02 -1.667670e+02 1.000000e+00
      vertex   1.837856e+02 -1.667192e+02 2.000000e+00
      vertex   1.840100e+02 -1.667670e+02 2.000000e+00
    endloop
  endfacet
  facet normal 6.572997e-02 9.978374e-01 0.000000e+00
    outer loop
      vertex   1.840100e+02 -1.667670e+02 2.000000e+00
      vertex   1.859165e+02 -1.668926e+02 2.000000e+00
      vertex   1.840100e+02 -1.667670e+02 1.000000e+00
    endloop
  endfacet
  facet normal 6.572997e-02 9.978374e-01 0.000000e+00
    outer loop
      vertex   1.840100e+02 -1.667670e+02 1.000000e+00
      vertex   1.859165e+02 -1.668926e+02 2.000000e+00
      vertex   1.859165e+02 -1.668926e+02 1.000000e+00
    endloop
  endfacet
  facet normal 4.022073e-02 9.991908e-01 -0.000000e+00
    outer loop
      vertex   1.859165e+02 -1.668926e+02 1.000000e+00
      vertex   1.859165e+02 -1.668926e+02 2.000000e+00
      vertex   1.878478e+02 -1.669703e+02 2.000000e+00
    endloop
  endfacet
  facet normal 4.022073e-02 9.991908e-01 0.000000e+00
    outer loop
      vertex   1.859165e+02 -1.668926e+02 1.000000e+00
      vertex   1.878478e+02 -1.669703e+02 2.000000e+00
      vertex   1.878478e+02 -1.669703e+02 1.000000e+00
    endloop
  endfacet
  facet normal 1.513055e-02 9.998855e-01 -0.000000e+00
    outer loop
      vertex   1.878478e+02 -1.669703e+02 1.000000e+00
      vertex   1.878478e+02 -1.669703e+02 2.000000e+00
      vertex   1.897922e+02 -1.669997e+02 2.000000e+00
    endloop
  endfacet
  facet normal 1.513055e-02 9.998855e-01 0.000000e+00
    outer loop
      vertex   1.878478e+02 -1.669703e+02 1.000000e+00
      vertex   1.897922e+02 -1.669997e+02 2.000000e+00
      vertex   1.897922e+02 -1.669997e+02 1.000000e+00
    endloop
  endfacet
  facet normal -9.803546e-03 9.999519e-01 0.000000e+00
    outer loop
      vertex   1.897922e+02 -1.669997e+02 1.000000e+00
      vertex   1.897922e+02 -1.669997e+02 2.000000e+00
      vertex   1.917378e+02 -1.669807e+02 2.000000e+00
    endloop
  endfacet
  facet normal -9.803546e-03 9.999519e-01 0.000000e+00
    outer loop
      vertex   1.897922e+02 -1.669997e+02 1.000000e+00
      vertex   1.917378e+02 -1.669807e+02 2.000000e+00
      vertex   1.917378e+02 -1.669807e+02 1.000000e+00
    endloop
  endfacet
  facet normal -3.483868e-02 9.993929e-01 0.000000e+00
    outer loop
      vertex   1.917378e+02 -1.669807e+02 1.000000e+00
      vertex   1.917378e+02 -1.669807e+02 2.000000e+00
      vertex   1.936729e+02 -1.669132e+02 2.000000e+00
    endloop
  endfacet
  facet normal -3.483868e-02 9.993929e-01 0.000000e+00
    outer loop
      vertex   1.917378e+02 -1.669807e+02 1.000000e+00
      vertex   1.936729e+02 -1.669132e+02 2.000000e+00
      vertex   1.936729e+02 -1.669132e+02 1.000000e+00
    endloop
  endfacet
  facet normal -6.023575e-02 9.981842e-01 0.000000e+00
    outer loop
      vertex   1.936729e+02 -1.669132e+02 1.000000e+00
      vertex   1.936729e+02 -1.669132e+02 2.000000e+00
      vertex   1.955857e+02 -1.667978e+02 2.000000e+00
    endloop
  endfacet
  facet normal -6.023575e-02 9.981842e-01 0.000000e+00
    outer loop
      vertex   1.936729e+02 -1.669132e+02 1.000000e+00
      vertex   1.955857e+02 -1.667978e+02 2.000000e+00
      vertex   1.955857e+02 -1.667978e+02 1.000000e+00
    endloop
  endfacet
  facet normal -8.626930e-02 9.962719e-01 0.000000e+00
    outer loop
      vertex   1.955857e+02 -1.667978e+02 1.000000e+00
      vertex   1.955857e+02 -1.667978e+02 2.000000e+00
      vertex   1.974647e+02 -1.666351e+02 2.000000e+00
    endloop
  endfacet
  facet normal -8.626930e-02 9.962719e-01 0.000000e+00
    outer loop
      vertex   1.955857e+02 -1.667978e+02 1.000000e+00
      vertex   1.974647e+02 -1.666351e+02 2.000000e+00
      vertex   1.974647e+02 -1.666351e+02 1.000000e+00
    endloop
  endfacet
  facet normal -1.132383e-01 9.935679e-01 0.000000e+00
    outer loop
      vertex   1.974647e+02 -1.666351e+02 1.000000e+00
      vertex   1.974647e+02 -1.666351e+02 2.000000e+00
      vertex   1.992984e+02 -1.664261e+02 2.000000e+00
    endloop
  endfacet
  facet normal -1.132383e-01 9.935679e-01 0.000000e+00
    outer loop
      vertex   1.974647e+02 -1.666351e+02 1.000000e+00
      vertex   1.992984e+02 -1.664261e+02 2.000000e+00
      vertex   1.992984e+02 -1.664261e+02 1.000000e+00
    endloop
  endfacet
  facet normal -1.414786e-01 9.899413e-01 0.000000e+00
    outer loop
      vertex   1.992984e+02 -1.664261e+02 1.000000e+00
      vertex   1.992984e+02 -1.664261e+02 2.000000e+00
      vertex   2.010757e+02 -1.661721e+02 2.000000e+00
    endloop
  endfacet
  facet normal -1.414786e-01 9.899413e-01 0.000000e+00
    outer loop
      vertex   1.992984e+02 -1.664261e+02 1.000000e+00
      vertex   2.010757e+02 -1.661721e+02 2.000000e+00
      vertex   2.010757e+02 -1.661721e+02 1.000000e+00
    endloop
  endfacet
  facet normal -1.713778e-01 9.852054e-01 0.000000e+00
    outer loop
      vertex   2.010757e+02 -1.661721e+02 1.000000e+00
      vertex   2.010757e+02 -1.661721e+02 2.000000e+00
      vertex   2.027859e+02 -1.658746e+02 2.000000e+00
    endloop
  endfacet
  facet normal -1.713778e-01 9.852054e-01 -2.801352e-14
    outer loop
      vertex   2.010757e+02 -1.661721e+02 1.000000e+00
      vertex   2.027859e+02 -1.658746e+02 2.000000e+00
      vertex   2.027859e+02 -1.658746e+02 1.000000e+00
    endloop
  endfacet
  facet normal -2.033940e-01 9.790970e-01 -2.782761e-14
    outer loop
      vertex   2.027859e+02 -1.658746e+02 1.000000e+00
      vertex   2.027859e+02 -1.658746e+02 2.000000e+00
      vertex   2.044186e+02 -1.655354e+02 2.000000e+00
    endloop
  endfacet
  facet normal -2.033940e-01 9.790970e-01 0.000000e+00
    outer loop
      vertex   2.027859e+02 -1.658746e+02 1.000000e+00
      vertex   2.044186e+02 -1.655354e+02 2.000000e+00
      vertex   2.044186e+02 -1.655354e+02 1.000000e+00
    endloop
  endfacet
  facet normal -2.380787e-01 9.712459e-01 0.000000e+00
    outer loop
      vertex   2.044186e+02 -1.655354e+02 1.000000e+00
      vertex   2.044186e+02 -1.655354e+02 2.000000e+00
      vertex   2.059638e+02 -1.651566e+02 2.000000e+00
    endloop
  endfacet
  facet normal -2.380787e-01 9.712459e-01 0.000000e+00
    outer loop
      vertex   2.044186e+02 -1.655354e+02 1.000000e+00
      vertex   2.059638e+02 -1.651566e+02 2.000000e+00
      vertex   2.059638e+02 -1.651566e+02 1.000000e+00
    endloop
  endfacet
  facet normal -2.761055e-01 9.611273e-01 0.000000e+00
    outer loop
      vertex   2.059638e+02 -1.651566e+02 1.000000e+00
      vertex   2.059638e+02 -1.651566e+02 2.000000e+00
      vertex   2.074123e+02 -1.647405e+02 2.000000e+00
    endloop
  endfacet
  facet normal -2.761055e-01 9.611273e-01 0.000000e+00
    outer loop
      vertex   2.059638e+02 -1.651566e+02 1.000000e+00
      vertex   2.074123e+02 -1.647405e+02 2.000000e+00
      vertex   2.074123e+02 -1.647405e+02 1.000000e+00
    endloop
  endfacet
  facet normal -3.183043e-01 9.479886e-01 0.000000e+00
    outer loop
      vertex   2.074123e+02 -1.647405e+02 1.000000e+00
      vertex   2.074123e+02 -1.647405e+02 2.000000e+00
      vertex   2.087552e+02 -1.642896e+02 2.000000e+00
    endloop
  endfacet
  facet normal -3.183043e-01 9.479886e-01 0.000000e+00
    outer loop
      vertex   2.074123e+02 -1.647405e+02 1.000000e+00
      vertex   2.087552e+02 -1.642896e+02 2.000000e+00
      vertex   2.087552e+02 -1.642896e+02 1.000000e+00
    endloop
  endfacet
  facet normal -3.656982e-01 9.307335e-01 0.000000e+00
    outer loop
      vertex   2.087552e+02 -1.642896e+02 1.000000e+00
      vertex   2.087552e+02 -1.642896e+02 2.000000e+00
      vertex   2.099845e+02 -1.638066e+02 2.000000e+00
    endloop
  endfacet
  facet normal -3.656982e-01 9.307335e-01 1.042382e-14
    outer loop
      vertex   2.087552e+02 -1.642896e+02 1.000000e+00
      vertex   2.099845e+02 -1.638066e+02 2.000000e+00
      vertex   2.099845e+02 -1.638066e+02 1.000000e+00
    endloop
  endfacet
  facet normal -4.195321e-01 9.077405e-01 1.192382e-14
    outer loop
      vertex   2.099845e+02 -1.638066e+02 1.000000e+00
      vertex   2.099845e+02 -1.638066e+02 2.000000e+00
      vertex   2.110925e+02 -1.632945e+02 2.000000e+00
    endloop
  endfacet
  facet normal -4.195321e-01 9.077405e-01 0.000000e+00
    outer loop
      vertex   2.099845e+02 -1.638066e+02 1.000000e+00
      vertex   2.110925e+02 -1.632945e+02 2.000000e+00
      vertex   2.110925e+02 -1.632945e+02 1.000000e+00
    endloop
  endfacet
  facet normal 7.211324e-01 6.927973e-01 0.000000e+00
    outer loop
      vertex   2.110925e+02 -1.632945e+02 2.000000e+00
      vertex   2.114490e+02 -1.636656e+02 2.000000e+00
      vertex   2.110925e+02 -1.632945e+02 1.000000e+00
    endloop
  endfacet
  facet normal 7.211324e-01 6.927973e-01 2.049782e-14
    outer loop
      vertex   2.110925e+02 -1.632945e+02 1.000000e+00
      vertex   2.114490e+02 -1.636656e+02 2.000000e+00
      vertex   2.114490e+02 -1.636656e+02 1.000000e+00
    endloop
  endfacet
  facet normal 8.138593e-01 5.810620e-01 2.313127e-14
    outer loop
      vertex   2.114490e+02 -1.636656e+02 1.000000e+00
      vertex   2.114490e+02 -1.636656e+02 2.000000e+00
      vertex   2.117178e+02 -1.640421e+02 2.000000e+00
    endloop
  endfacet
  facet normal 8.138593e-01 5.810620e-01 4.625683e-14
    outer loop
      vertex   2.114490e+02 -1.636656e+02 1.000000e+00
      vertex   2.117178e+02 -1.640421e+02 2.000000e+00
      vertex   2.117178e+02 -1.640421e+02 1.000000e+00
    endloop
  endfacet
  facet normal 9.038767e-01 4.277930e-01 5.137944e-14
    outer loop
      vertex   2.117178e+02 -1.640421e+02 1.000000e+00
      vertex   2.117178e+02 -1.640421e+02 2.000000e+00
      vertex   2.118979e+02 -1.644225e+02 2.000000e+00
    endloop
  endfacet
  facet normal 9.038767e-01 4.277930e-01 1.216705e-14
    outer loop
      vertex   2.117178e+02 -1.640421e+02 1.000000e+00
      vertex   2.118979e+02 -1.644225e+02 2.000000e+00
      vertex   2.118979e+02 -1.644225e+02 1.000000e+00
    endloop
  endfacet
  facet normal 9.731417e-01 2.302069e-01 6.542875e-15
    outer loop
      vertex   2.118979e+02 -1.644225e+02 1.000000e+00
      vertex   2.118979e+02 -1.644225e+02 2.000000e+00
      vertex   2.119884e+02 -1.648053e+02 2.000000e+00
    endloop
  endfacet
  facet normal 9.731417e-01 2.302069e-01 6.544604e-15
    outer loop
      vertex   2.118979e+02 -1.644225e+02 1.000000e+00
      vertex   2.119884e+02 -1.648053e+02 2.000000e+00
      vertex   2.119884e+02 -1.648053e+02 1.000000e+00
    endloop
  endfacet
  facet normal 9.999984e-01 1.781952e-03 5.064613e-17
    outer loop
      vertex   2.119884e+02 -1.648053e+02 1.000000e+00
      vertex   2.119884e+02 -1.648053e+02 2.000000e+00
      vertex   2.119891e+02 -1.651889e+02 2.000000e+00
    endloop
  endfacet
  facet normal 9.999984e-01 1.781952e-03 5.059456e-17
    outer loop
      vertex   2.119884e+02 -1.648053e+02 1.000000e+00
      vertex   2.119891e+02 -1.651889e+02 2.000000e+00
      vertex   2.119891e+02 -1.651889e+02 1.000000e+00
    endloop
  endfacet
  facet normal 9.739169e-01 -2.269051e-01 -6.449032e-15
    outer loop
      vertex   2.119891e+02 -1.651889e+02 1.000000e+00
      vertex   2.119891e+02 -1.651889e+02 2.000000e+00
      vertex   2.118999e+02 -1.655717e+02 2.000000e+00
    endloop
  endfacet
  facet normal 9.739169e-01 -2.269051e-01 1.477589e-14
    outer loop
      vertex   2.119891e+02 -1.651889e+02 1.000000e+00
      vertex   2.118999e+02 -1.655717e+02 2.000000e+00
      vertex   2.118999e+02 -1.655717e+02 1.000000e+00
    endloop
  endfacet
  facet normal 9.051407e-01 -4.251121e-01 1.560822e-15
    outer loop
      vertex   2.118999e+02 -1.655717e+02 1.000000e+00
      vertex   2.118999e+02 -1.655717e+02 2.000000e+00
      vertex   2.117212e+02 -1.659522e+02 2.000000e+00
    endloop
  endfacet
  facet normal 9.051407e-01 -4.251121e-01 2.727040e-14
    outer loop
      vertex   2.118999e+02 -1.655717e+02 1.000000e+00
      vertex   2.117212e+02 -1.659522e+02 2.000000e+00
      vertex   2.117212e+02 -1.659522e+02 1.000000e+00
    endloop
  endfacet
  facet normal 8.152827e-01 -5.790631e-01 1.342753e-14
    outer loop
      vertex   2.117212e+02 -1.659522e+02 1.000000e+00
      vertex   2.117212e+02 -1.659522e+02 2.000000e+00
      vertex   2.114537e+02 -1.663287e+02 2.000000e+00
    endloop
  endfacet
  facet normal 8.152827e-01 -5.790631e-01 3.665458e-15
    outer loop
      vertex   2.117212e+02 -1.659522e+02 1.000000e+00
      vertex   2.114537e+02 -1.663287e+02 2.000000e+00
      vertex   2.114537e+02 -1.663287e+02 1.000000e+00
    endloop
  endfacet
  facet normal 7.225053e-01 -6.913653e-01 -1.699463e-14
    outer loop
      vertex   2.114537e+02 -1.663287e+02 1.000000e+00
      vertex   2.114537e+02 -1.663287e+02 2.000000e+00
      vertex   2.110986e+02 -1.666999e+02 2.000000e+00
    endloop
  endfacet
  facet normal 7.225053e-01 -6.913653e-01 3.511989e-15
    outer loop
      vertex   2.114537e+02 -1.663287e+02 1.000000e+00
      vertex   2.110986e+02 -1.666999e+02 2.000000e+00
      vertex   2.110986e+02 -1.666999e+02 1.000000e+00
    endloop
  endfacet
  facet normal 6.364452e-01 -7.713220e-01 -1.533372e-14
    outer loop
      vertex   2.110986e+02 -1.666999e+02 1.000000e+00
      vertex   2.110986e+02 -1.666999e+02 2.000000e+00
      vertex   2.106572e+02 -1.670641e+02 2.000000e+00
    endloop
  endfacet
  facet normal 6.364452e-01 -7.713220e-01 1.697596e-14
    outer loop
      vertex   2.110986e+02 -1.666999e+02 1.000000e+00
      vertex   2.106572e+02 -1.670641e+02 2.000000e+00
      vertex   2.106572e+02 -1.670641e+02 1.000000e+00
    endloop
  endfacet
  facet normal 5.603846e-01 -8.282325e-01 -6.209308e-15
    outer loop
      vertex   2.106572e+02 -1.670641e+02 1.000000e+00
      vertex   2.106572e+02 -1.670641e+02 2.000000e+00
      vertex   2.101314e+02 -1.674199e+02 2.000000e+00
    endloop
  endfacet
  facet normal 5.603846e-01 -8.282325e-01 4.087721e-14
    outer loop
      vertex   2.106572e+02 -1.670641e+02 1.000000e+00
      vertex   2.101314e+02 -1.674199e+02 2.000000e+00
      vertex   2.101314e+02 -1.674199e+02 1.000000e+00
    endloop
  endfacet
  facet normal 4.944090e-01 -8.692294e-01 2.424869e-14
    outer loop
      vertex   2.101314e+02 -1.674199e+02 1.000000e+00
      vertex   2.101314e+02 -1.674199e+02 2.000000e+00
      vertex   2.095233e+02 -1.677657e+02 2.000000e+00
    endloop
  endfacet
  facet normal 4.944090e-01 -8.692294e-01 1.698079e-14
    outer loop
      vertex   2.101314e+02 -1.674199e+02 1.000000e+00
      vertex   2.095233e+02 -1.677657e+02 2.000000e+00
      vertex   2.095233e+02 -1.677657e+02 1.000000e+00
    endloop
  endfacet
  facet normal 4.373874e-01 -8.992732e-01 -3.481414e-15
    outer loop
      vertex   2.095233e+02 -1.677657e+02 1.000000e+00
      vertex   2.095233e+02 -1.677657e+02 2.000000e+00
      vertex   2.088354e+02 -1.681003e+02 2.000000e+00
    endloop
  endfacet
  facet normal 4.373874e-01 -8.992732e-01 8.272932e-15
    outer loop
      vertex   2.095233e+02 -1.677657e+02 1.000000e+00
      vertex   2.088354e+02 -1.681003e+02 2.000000e+00
      vertex   2.088354e+02 -1.681003e+02 1.000000e+00
    endloop
  endfacet
  facet normal 3.879058e-01 -9.216990e-01 -1.385328e-14
    outer loop
      vertex   2.088354e+02 -1.681003e+02 1.000000e+00
      vertex   2.088354e+02 -1.681003e+02 2.000000e+00
      vertex   2.080705e+02 -1.684222e+02 2.000000e+00
    endloop
  endfacet
  facet normal 3.879058e-01 -9.216990e-01 3.438312e-14
    outer loop
      vertex   2.088354e+02 -1.681003e+02 1.000000e+00
      vertex   2.080705e+02 -1.684222e+02 2.000000e+00
      vertex   2.080705e+02 -1.684222e+02 1.000000e+00
    endloop
  endfacet
  facet normal 3.446325e-01 -9.387377e-01 1.352300e-14
    outer loop
      vertex   2.080705e+02 -1.684222e+02 1.000000e+00
      vertex   2.080705e+02 -1.684222e+02 2.000000e+00
      vertex   2.072318e+02 -1.687301e+02 2.000000e+00
    endloop
  endfacet
  facet normal 3.446325e-01 -9.387377e-01 6.399440e-15
    outer loop
      vertex   2.080705e+02 -1.684222e+02 1.000000e+00
      vertex   2.072318e+02 -1.687301e+02 2.000000e+00
      vertex   2.072318e+02 -1.687301e+02 1.000000e+00
    endloop
  endfacet
  facet normal 3.064289e-01 -9.518936e-01 -1.426970e-14
    outer loop
      vertex   2.072318e+02 -1.687301e+02 1.000000e+00
      vertex   2.072318e+02 -1.687301e+02 2.000000e+00
      vertex   2.063227e+02 -1.690228e+02 2.000000e+00
    endloop
  endfacet
  facet normal 3.064289e-01 -9.518936e-01 1.185664e-14
    outer loop
      vertex   2.072318e+02 -1.687301e+02 1.000000e+00
      vertex   2.063227e+02 -1.690228e+02 2.000000e+00
      vertex   2.063227e+02 -1.690228e+02 1.000000e+00
    endloop
  endfacet
  facet normal 2.723592e-01 -9.621957e-01 -9.265212e-15
    outer loop
      vertex   2.063227e+02 -1.690228e+02 1.000000e+00
      vertex   2.063227e+02 -1.690228e+02 2.000000e+00
      vertex   2.053468e+02 -1.692990e+02 2.000000e+00
    endloop
  endfacet
  facet normal 2.723592e-01 -9.621957e-01 1.395706e-14
    outer loop
      vertex   2.063227e+02 -1.690228e+02 1.000000e+00
      vertex   2.053468e+02 -1.692990e+02 2.000000e+00
      vertex   2.053468e+02 -1.692990e+02 1.000000e+00
    endloop
  endfacet
  facet normal 2.416656e-01 -9.703596e-01 -7.499057e-15
    outer loop
      vertex   2.053468e+02 -1.692990e+02 1.000000e+00
      vertex   2.053468e+02 -1.692990e+02 2.000000e+00
      vertex   2.043082e+02 -1.695577e+02 2.000000e+00
    endloop
  endfacet
  facet normal 2.416656e-01 -9.703596e-01 1.312168e-14
    outer loop
      vertex   2.053468e+02 -1.692990e+02 1.000000e+00
      vertex   2.043082e+02 -1.695577e+02 2.000000e+00
      vertex   2.043082e+02 -1.695577e+02 1.000000e+00
    endloop
  endfacet
  facet normal 2.137365e-01 -9.768914e-01 -8.645880e-15
    outer loop
      vertex   2.043082e+02 -1.695577e+02 1.000000e+00
      vertex   2.043082e+02 -1.695577e+02 2.000000e+00
      vertex   2.032111e+02 -1.697977e+02 2.000000e+00
    endloop
  endfacet
  facet normal 2.137365e-01 -9.768914e-01 4.339976e-14
    outer loop
      vertex   2.043082e+02 -1.695577e+02 1.000000e+00
      vertex   2.032111e+02 -1.697977e+02 2.000000e+00
      vertex   2.032111e+02 -1.697977e+02 1.000000e+00
    endloop
  endfacet
  facet normal 1.880765e-01 -9.821544e-01 2.079113e-14
    outer loop
      vertex   2.032111e+02 -1.697977e+02 1.000000e+00
      vertex   2.032111e+02 -1.697977e+02 2.000000e+00
      vertex   2.020601e+02 -1.700181e+02 2.000000e+00
    endloop
  endfacet
  facet normal 1.880765e-01 -9.821544e-01 -1.368859e-14
    outer loop
      vertex   2.032111e+02 -1.697977e+02 1.000000e+00
      vertex   2.020601e+02 -1.700181e+02 2.000000e+00
      vertex   2.020601e+02 -1.700181e+02 1.000000e+00
    endloop
  endfacet
  facet normal 1.642814e-01 -9.864135e-01 -3.749757e-14
    outer loop
      vertex   2.020601e+02 -1.700181e+02 1.000000e+00
      vertex   2.020601e+02 -1.700181e+02 2.000000e+00
      vertex   2.008597e+02 -1.702181e+02 2.000000e+00
    endloop
  endfacet
  facet normal 1.642814e-01 -9.864135e-01 3.724655e-14
    outer loop
      vertex   2.020601e+02 -1.700181e+02 1.000000e+00
      vertex   2.008597e+02 -1.702181e+02 2.000000e+00
      vertex   2.008597e+02 -1.702181e+02 1.000000e+00
    endloop
  endfacet
  facet normal 1.420178e-01 -9.898641e-01 1.271464e-14
    outer loop
      vertex   2.008597e+02 -1.702181e+02 1.000000e+00
      vertex   2.008597e+02 -1.702181e+02 2.000000e+00
      vertex   1.996150e+02 -1.703966e+02 2.000000e+00
    endloop
  endfacet
  facet normal 1.420178e-01 -9.898641e-01 -7.350076e-15
    outer loop
      vertex   2.008597e+02 -1.702181e+02 1.000000e+00
      vertex   1.996150e+02 -1.703966e+02 2.000000e+00
      vertex   1.996150e+02 -1.703966e+02 1.000000e+00
    endloop
  endfacet
  facet normal 1.108979e-01 -9.938318e-01 -4.340204e-14
    outer loop
      vertex   1.996150e+02 -1.703966e+02 1.000000e+00
      vertex   1.996150e+02 -1.703966e+02 2.000000e+00
      vertex   1.970129e+02 -1.706870e+02 2.000000e+00
    endloop
  endfacet
  facet normal 1.108979e-01 -9.938318e-01 3.515200e-14
    outer loop
      vertex   1.996150e+02 -1.703966e+02 1.000000e+00
      vertex   1.970129e+02 -1.706870e+02 2.000000e+00
      vertex   1.970129e+02 -1.706870e+02 1.000000e+00
    endloop
  endfacet
  facet normal 7.250204e-02 -9.973683e-01 -1.653794e-14
    outer loop
      vertex   1.970129e+02 -1.706870e+02 1.000000e+00
      vertex   1.970129e+02 -1.706870e+02 2.000000e+00
      vertex   1.942962e+02 -1.708845e+02 2.000000e+00
    endloop
  endfacet
  facet normal 7.250204e-02 -9.973683e-01 5.457732e-14
    outer loop
      vertex   1.970129e+02 -1.706870e+02 1.000000e+00
      vertex   1.942962e+02 -1.708845e+02 2.000000e+00
      vertex   1.942962e+02 -1.708845e+02 1.000000e+00
    endloop
  endfacet
  facet normal 3.635405e-02 -9.993390e-01 -1.010649e-15
    outer loop
      vertex   1.942962e+02 -1.708845e+02 1.000000e+00
      vertex   1.942962e+02 -1.708845e+02 2.000000e+00
      vertex   1.915094e+02 -1.709859e+02 2.000000e+00
    endloop
  endfacet
  facet normal 3.635405e-02 -9.993390e-01 3.256626e-14
    outer loop
      vertex   1.942962e+02 -1.708845e+02 1.000000e+00
      vertex   1.915094e+02 -1.709859e+02 2.000000e+00
      vertex   1.915094e+02 -1.709859e+02 1.000000e+00
    endloop
  endfacet
  facet normal 1.287555e-03 -9.999992e-01 -2.626261e-14
    outer loop
      vertex   1.915094e+02 -1.709859e+02 1.000000e+00
      vertex   1.915094e+02 -1.709859e+02 2.000000e+00
      vertex   1.886979e+02 -1.709895e+02 2.000000e+00
    endloop
  endfacet
  facet normal 1.287555e-03 -9.999992e-01 3.072742e-14
    outer loop
      vertex   1.915094e+02 -1.709859e+02 1.000000e+00
      vertex   1.886979e+02 -1.709895e+02 2.000000e+00
      vertex   1.886979e+02 -1.709895e+02 1.000000e+00
    endloop
  endfacet
  facet normal -3.374119e-02 -9.994306e-01 -3.201035e-14
    outer loop
      vertex   1.886979e+02 -1.709895e+02 1.000000e+00
      vertex   1.886979e+02 -1.709895e+02 2.000000e+00
      vertex   1.859077e+02 -1.708953e+02 2.000000e+00
    endloop
  endfacet
  facet normal -3.374119e-02 -9.994306e-01 0.000000e+00
    outer loop
      vertex   1.886979e+02 -1.709895e+02 1.000000e+00
      vertex   1.859077e+02 -1.708953e+02 2.000000e+00
      vertex   1.859077e+02 -1.708953e+02 1.000000e+00
    endloop
  endfacet
  facet normal 7.649923e-02 -9.970696e-01 0.000000e+00
    outer loop
      vertex   1.859077e+02 -1.708953e+02 1.000000e+00
      vertex   1.859077e+02 -1.708953e+02 2.000000e+00
      vertex   1.858264e+02 -1.709015e+02 1.000000e+00
    endloop
  endfacet
  facet normal 7.649923e-02 -9.970696e-01 0.000000e+00
    outer loop
      vertex   1.858264e+02 -1.709015e+02 1.000000e+00
      vertex   1.859077e+02 -1.708953e+02 2.000000e+00
      vertex   1.858264e+02 -1.709015e+02 2.000000e+00
    endloop
  endfacet
  facet normal 3.139388e-01 -9.494432e-01 0.000000e+00
    outer loop
      vertex   1.858264e+02 -1.709015e+02 1.000000e+00
      vertex   1.858264e+02 -1.709015e+02 2.000000e+00
      vertex   1.857489e+02 -1.709271e+02 1.000000e+00
    endloop
  endfacet
  facet normal 3.139388e-01 -9.494432e-01 0.000000e+00
    outer loop
      vertex   1.857489e+02 -1.709271e+02 1.000000e+00
      vertex   1.858264e+02 -1.709015e+02 2.000000e+00
      vertex   1.857489e+02 -1.709271e+02 2.000000e+00
    endloop
  endfacet
  facet normal 5.329671e-01 -8.461359e-01 0.000000e+00
    outer loop
      vertex   1.857489e+02 -1.709271e+02 1.000000e+00
      vertex   1.857489e+02 -1.709271e+02 2.000000e+00
      vertex   1.856798e+02 -1.709706e+02 1.000000e+00
    endloop
  endfacet
  facet normal 5.329671e-01 -8.461359e-01 0.000000e+00
    outer loop
      vertex   1.856798e+02 -1.709706e+02 1.000000e+00
      vertex   1.857489e+02 -1.709271e+02 2.000000e+00
      vertex   1.856798e+02 -1.709706e+02 2.000000e+00
    endloop
  endfacet
  facet normal 7.207392e-01 -6.932063e-01 0.000000e+00
    outer loop
      vertex   1.856798e+02 -1.709706e+02 1.000000e+00
      vertex   1.856798e+02 -1.709706e+02 2.000000e+00
      vertex   1.856233e+02 -1.710294e+02 1.000000e+00
    endloop
  endfacet
  facet normal 7.207392e-01 -6.932063e-01 -1.970211e-14
    outer loop
      vertex   1.856233e+02 -1.710294e+02 1.000000e+00
      vertex   1.856798e+02 -1.709706e+02 2.000000e+00
      vertex   1.856233e+02 -1.710294e+02 2.000000e+00
    endloop
  endfacet
  facet normal 8.662429e-01 -4.996231e-01 -1.420014e-14
    outer loop
      vertex   1.856233e+02 -1.710294e+02 1.000000e+00
      vertex   1.856233e+02 -1.710294e+02 2.000000e+00
      vertex   1.855825e+02 -1.711001e+02 1.000000e+00
    endloop
  endfacet
  facet normal 8.662429e-01 -4.996231e-01 0.000000e+00
    outer loop
      vertex   1.855825e+02 -1.711001e+02 1.000000e+00
      vertex   1.856233e+02 -1.710294e+02 2.000000e+00
      vertex   1.855825e+02 -1.711001e+02 2.000000e+00
    endloop
  endfacet
  facet normal 9.609451e-01 -2.767390e-01 0.000000e+00
    outer loop
      vertex   1.855825e+02 -1.711001e+02 1.000000e+00
      vertex   1.855825e+02 -1.711001e+02 2.000000e+00
      vertex   1.855599e+02 -1.711785e+02 1.000000e+00
    endloop
  endfacet
  facet normal 9.609451e-01 -2.767390e-01 0.000000e+00
    outer loop
      vertex   1.855599e+02 -1.711785e+02 1.000000e+00
      vertex   1.855825e+02 -1.711001e+02 2.000000e+00
      vertex   1.855599e+02 -1.711785e+02 2.000000e+00
    endloop
  endfacet
  facet normal 9.992919e-01 -3.762533e-02 0.000000e+00
    outer loop
      vertex   1.855599e+02 -1.711785e+02 1.000000e+00
      vertex   1.855599e+02 -1.711785e+02 2.000000e+00
      vertex   1.855569e+02 -1.712601e+02 1.000000e+00
    endloop
  endfacet
  facet normal 9.992919e-01 -3.762533e-02 0.000000e+00
    outer loop
      vertex   1.855569e+02 -1.712601e+02 1.000000e+00
      vertex   1.855599e+02 -1.711785e+02 2.000000e+00
      vertex   1.855569e+02 -1.712601e+02 2.000000e+00
    endloop
  endfacet
  facet normal 9.790344e-01 2.036949e-01 -0.000000e+00
    outer loop
      vertex   1.855569e+02 -1.712601e+02 1.000000e+00
      vertex   1.855569e+02 -1.712601e+02 2.000000e+00
      vertex   1.855735e+02 -1.713400e+02 1.000000e+00
    endloop
  endfacet
  facet normal 9.790344e-01 2.036949e-01 -0.000000e+00
    outer loop
      vertex   1.855735e+02 -1.713400e+02 1.000000e+00
      vertex   1.855569e+02 -1.712601e+02 2.000000e+00
      vertex   1.855735e+02 -1.713400e+02 2.000000e+00
    endloop
  endfacet
  facet normal 9.493824e-01 3.141226e-01 -0.000000e+00
    outer loop
      vertex   1.855735e+02 -1.713400e+02 1.000000e+00
      vertex   1.855735e+02 -1.713400e+02 2.000000e+00
      vertex   1.856919e+02 -1.716978e+02 1.000000e+00
    endloop
  endfacet
  facet normal 9.493824e-01 3.141226e-01 -0.000000e+00
    outer loop
      vertex   1.856919e+02 -1.716978e+02 1.000000e+00
      vertex   1.855735e+02 -1.713400e+02 2.000000e+00
      vertex   1.856919e+02 -1.716978e+02 2.000000e+00
    endloop
  endfacet
  facet normal 9.536752e-01 3.008382e-01 -0.000000e+00
    outer loop
      vertex   1.856919e+02 -1.716978e+02 1.000000e+00
      vertex   1.856919e+02 -1.716978e+02 2.000000e+00
      vertex   1.858053e+02 -1.720573e+02 1.000000e+00
    endloop
  endfacet
  facet normal 9.536752e-01 3.008382e-01 -0.000000e+00
    outer loop
      vertex   1.858053e+02 -1.720573e+02 1.000000e+00
      vertex   1.856919e+02 -1.716978e+02 2.000000e+00
      vertex   1.858053e+02 -1.720573e+02 2.000000e+00
    endloop
  endfacet
  facet normal 9.577821e-01 2.874951e-01 -0.000000e+00
    outer loop
      vertex   1.858053e+02 -1.720573e+02 1.000000e+00
      vertex   1.858053e+02 -1.720573e+02 2.000000e+00
      vertex   1.859137e+02 -1.724183e+02 1.000000e+00
    endloop
  endfacet
  facet normal 9.577821e-01 2.874951e-01 -0.000000e+00
    outer loop
      vertex   1.859137e+02 -1.724183e+02 1.000000e+00
      vertex   1.858053e+02 -1.720573e+02 2.000000e+00
      vertex   1.859137e+02 -1.724183e+02 2.000000e+00
    endloop
  endfacet
  facet normal 9.181000e-01 3.963489e-01 -0.000000e+00
    outer loop
      vertex   1.859137e+02 -1.724183e+02 1.000000e+00
      vertex   1.859137e+02 -1.724183e+02 2.000000e+00
      vertex   1.859821e+02 -1.725768e+02 1.000000e+00
    endloop
  endfacet
  facet normal 9.181000e-01 3.963489e-01 -0.000000e+00
    outer loop
      vertex   1.859821e+02 -1.725768e+02 1.000000e+00
      vertex   1.859137e+02 -1.724183e+02 2.000000e+00
      vertex   1.859821e+02 -1.725768e+02 2.000000e+00
    endloop
  endfacet
  facet normal 7.940522e-01 6.078496e-01 -0.000000e+00
    outer loop
      vertex   1.859821e+02 -1.725768e+02 1.000000e+00
      vertex   1.859821e+02 -1.725768e+02 2.000000e+00
      vertex   1.860870e+02 -1.727138e+02 1.000000e+00
    endloop
  endfacet
  facet normal 7.940522e-01 6.078496e-01 -0.000000e+00
    outer loop
      vertex   1.860870e+02 -1.727138e+02 1.000000e+00
      vertex   1.859821e+02 -1.725768e+02 2.000000e+00
      vertex   1.860870e+02 -1.727138e+02 2.000000e+00
    endloop
  endfacet
  facet normal 6.222657e-01 7.828061e-01 -0.000000e+00
    outer loop
      vertex   1.860870e+02 -1.727138e+02 1.000000e+00
      vertex   1.860870e+02 -1.727138e+02 2.000000e+00
      vertex   1.862221e+02 -1.728212e+02 1.000000e+00
    endloop
  endfacet
  facet normal 6.222657e-01 7.828061e-01 -0.000000e+00
    outer loop
      vertex   1.862221e+02 -1.728212e+02 1.000000e+00
      vertex   1.860870e+02 -1.727138e+02 2.000000e+00
      vertex   1.862221e+02 -1.728212e+02 2.000000e+00
    endloop
  endfacet
  facet normal 4.130683e-01 9.107001e-01 -0.000000e+00
    outer loop
      vertex   1.862221e+02 -1.728212e+02 1.000000e+00
      vertex   1.862221e+02 -1.728212e+02 2.000000e+00
      vertex   1.863793e+02 -1.728925e+02 1.000000e+00
    endloop
  endfacet
  facet normal 4.130683e-01 9.107001e-01 -0.000000e+00
    outer loop
      vertex   1.863793e+02 -1.728925e+02 1.000000e+00
      vertex   1.862221e+02 -1.728212e+02 2.000000e+00
      vertex   1.863793e+02 -1.728925e+02 2.000000e+00
    endloop
  endfacet
  facet normal 1.790371e-01 9.838423e-01 -0.000000e+00
    outer loop
      vertex   1.863793e+02 -1.728925e+02 1.000000e+00
      vertex   1.863793e+02 -1.728925e+02 2.000000e+00
      vertex   1.865491e+02 -1.729234e+02 1.000000e+00
    endloop
  endfacet
  facet normal 1.790371e-01 9.838423e-01 -0.000000e+00
    outer loop
      vertex   1.865491e+02 -1.729234e+02 1.000000e+00
      vertex   1.863793e+02 -1.728925e+02 2.000000e+00
      vertex   1.865491e+02 -1.729234e+02 2.000000e+00
    endloop
  endfacet
  facet normal 2.148852e-02 9.997691e-01 0.000000e+00
    outer loop
      vertex   1.865491e+02 -1.729234e+02 2.000000e+00
      vertex   1.901087e+02 -1.729999e+02 2.000000e+00
      vertex   1.865491e+02 -1.729234e+02 1.000000e+00
    endloop
  endfacet
  facet normal 2.148852e-02 9.997691e-01 0.000000e+00
    outer loop
      vertex   1.865491e+02 -1.729234e+02 1.000000e+00
      vertex   1.901087e+02 -1.729999e+02 2.000000e+00
      vertex   1.901087e+02 -1.729999e+02 1.000000e+00
    endloop
  endfacet
  facet normal -2.428289e-02 9.997051e-01 0.000000e+00
    outer loop
      vertex   1.901087e+02 -1.729999e+02 1.000000e+00
      vertex   1.901087e+02 -1.729999e+02 2.000000e+00
      vertex   1.936661e+02 -1.729135e+02 2.000000e+00
    endloop
  endfacet
  facet normal -2.428289e-02 9.997051e-01 0.000000e+00
    outer loop
      vertex   1.901087e+02 -1.729999e+02 1.000000e+00
      vertex   1.936661e+02 -1.729135e+02 2.000000e+00
      vertex   1.936661e+02 -1.729135e+02 1.000000e+00
    endloop
  endfacet
  facet normal -5.908007e-02 9.982532e-01 0.000000e+00
    outer loop
      vertex   1.936661e+02 -1.729135e+02 1.000000e+00
      vertex   1.936661e+02 -1.729135e+02 2.000000e+00
      vertex   1.954213e+02 -1.728096e+02 2.000000e+00
    endloop
  endfacet
  facet normal -5.908007e-02 9.982532e-01 0.000000e+00
    outer loop
      vertex   1.936661e+02 -1.729135e+02 1.000000e+00
      vertex   1.954213e+02 -1.728096e+02 2.000000e+00
      vertex   1.954213e+02 -1.728096e+02 1.000000e+00
    endloop
  endfacet
  facet normal -8.288899e-02 9.965588e-01 0.000000e+00
    outer loop
      vertex   1.954213e+02 -1.728096e+02 1.000000e+00
      vertex   1.954213e+02 -1.728096e+02 2.000000e+00
      vertex   1.971489e+02 -1.726659e+02 2.000000e+00
    endloop
  endfacet
  facet normal -8.288899e-02 9.965588e-01 4.723257e-15
    outer loop
      vertex   1.954213e+02 -1.728096e+02 1.000000e+00
      vertex   1.971489e+02 -1.726659e+02 2.000000e+00
      vertex   1.971489e+02 -1.726659e+02 1.000000e+00
    endloop
  endfacet
  facet normal -1.074504e-01 9.942104e-01 6.107846e-15
    outer loop
      vertex   1.971489e+02 -1.726659e+02 1.000000e+00
      vertex   1.971489e+02 -1.726659e+02 2.000000e+00
      vertex   1.988400e+02 -1.724832e+02 2.000000e+00
    endloop
  endfacet
  facet normal -1.074504e-01 9.942104e-01 9.170454e-15
    outer loop
      vertex   1.971489e+02 -1.726659e+02 1.000000e+00
      vertex   1.988400e+02 -1.724832e+02 2.000000e+00
      vertex   1.988400e+02 -1.724832e+02 1.000000e+00
    endloop
  endfacet
  facet normal -1.330173e-01 9.911137e-01 1.134174e-14
    outer loop
      vertex   1.988400e+02 -1.724832e+02 1.000000e+00
      vertex   1.988400e+02 -1.724832e+02 2.000000e+00
      vertex   2.004860e+02 -1.722623e+02 2.000000e+00
    endloop
  endfacet
  facet normal -1.330173e-01 9.911137e-01 3.776922e-15
    outer loop
      vertex   1.988400e+02 -1.724832e+02 1.000000e+00
      vertex   2.004860e+02 -1.722623e+02 2.000000e+00
      vertex   2.004860e+02 -1.722623e+02 1.000000e+00
    endloop
  endfacet
  facet normal -1.598772e-01 9.871369e-01 4.543982e-15
    outer loop
      vertex   2.004860e+02 -1.722623e+02 1.000000e+00
      vertex   2.004860e+02 -1.722623e+02 2.000000e+00
      vertex   2.020786e+02 -1.720043e+02 2.000000e+00
    endloop
  endfacet
  facet normal -1.598772e-01 9.871369e-01 9.083539e-15
    outer loop
      vertex   2.004860e+02 -1.722623e+02 1.000000e+00
      vertex   2.020786e+02 -1.720043e+02 2.000000e+00
      vertex   2.020786e+02 -1.720043e+02 1.000000e+00
    endloop
  endfacet
  facet normal -1.883627e-01 9.820995e-01 1.070718e-14
    outer loop
      vertex   2.020786e+02 -1.720043e+02 1.000000e+00
      vertex   2.020786e+02 -1.720043e+02 2.000000e+00
      vertex   2.036097e+02 -1.717107e+02 2.000000e+00
    endloop
  endfacet
  facet normal -1.883627e-01 9.820995e-01 -4.515155e-14
    outer loop
      vertex   2.020786e+02 -1.720043e+02 1.000000e+00
      vertex   2.036097e+02 -1.717107e+02 2.000000e+00
      vertex   2.036097e+02 -1.717107e+02 1.000000e+00
    endloop
  endfacet
  facet normal -2.188662e-01 9.757549e-01 -4.302414e-14
    outer loop
      vertex   2.036097e+02 -1.717107e+02 1.000000e+00
      vertex   2.036097e+02 -1.717107e+02 2.000000e+00
      vertex   2.050713e+02 -1.713828e+02 2.000000e+00
    endloop
  endfacet
  facet normal -2.188662e-01 9.757549e-01 1.241434e-14
    outer loop
      vertex   2.036097e+02 -1.717107e+02 1.000000e+00
      vertex   2.050713e+02 -1.713828e+02 2.000000e+00
      vertex   2.050713e+02 -1.713828e+02 1.000000e+00
    endloop
  endfacet
  facet normal -2.518562e-01 9.677647e-01 1.431637e-14
    outer loop
      vertex   2.050713e+02 -1.713828e+02 1.000000e+00
      vertex   2.050713e+02 -1.713828e+02 2.000000e+00
      vertex   2.064561e+02 -1.710224e+02 2.000000e+00
    endloop
  endfacet
  facet normal -2.518562e-01 9.677647e-01 7.137985e-15
    outer loop
      vertex   2.050713e+02 -1.713828e+02 1.000000e+00
      vertex   2.064561e+02 -1.710224e+02 2.000000e+00
      vertex   2.064561e+02 -1.710224e+02 1.000000e+00
    endloop
  endfacet
  facet normal -2.878981e-01 9.576611e-01 8.182555e-15
    outer loop
      vertex   2.064561e+02 -1.710224e+02 1.000000e+00
      vertex   2.064561e+02 -1.710224e+02 2.000000e+00
      vertex   2.077571e+02 -1.706313e+02 2.000000e+00
    endloop
  endfacet
  facet normal -2.878981e-01 9.576611e-01 2.451830e-14
    outer loop
      vertex   2.064561e+02 -1.710224e+02 1.000000e+00
      vertex   2.077571e+02 -1.706313e+02 2.000000e+00
      vertex   2.077571e+02 -1.706313e+02 1.000000e+00
    endloop
  endfacet
  facet normal -3.276774e-01 9.447897e-01 2.793946e-14
    outer loop
      vertex   2.077571e+02 -1.706313e+02 1.000000e+00
      vertex   2.077571e+02 -1.706313e+02 2.000000e+00
      vertex   2.089675e+02 -1.702115e+02 2.000000e+00
    endloop
  endfacet
  facet normal -3.276774e-01 9.447897e-01 1.039910e-15
    outer loop
      vertex   2.077571e+02 -1.706313e+02 1.000000e+00
      vertex   2.089675e+02 -1.702115e+02 2.000000e+00
      vertex   2.089675e+02 -1.702115e+02 1.000000e+00
    endloop
  endfacet
  facet normal -3.720239e-01 9.282232e-01 5.338975e-15
    outer loop
      vertex   2.089675e+02 -1.702115e+02 1.000000e+00
      vertex   2.089675e+02 -1.702115e+02 2.000000e+00
      vertex   2.100812e+02 -1.697652e+02 2.000000e+00
    endloop
  endfacet
  facet normal -3.720239e-01 9.282232e-01 -1.582286e-14
    outer loop
      vertex   2.089675e+02 -1.702115e+02 1.000000e+00
      vertex   2.100812e+02 -1.697652e+02 2.000000e+00
      vertex   2.100812e+02 -1.697652e+02 1.000000e+00
    endloop
  endfacet
  facet normal -4.219265e-01 9.066300e-01 -1.377610e-14
    outer loop
      vertex   2.100812e+02 -1.697652e+02 1.000000e+00
      vertex   2.100812e+02 -1.697652e+02 2.000000e+00
      vertex   2.110925e+02 -1.692945e+02 1.000000e+00
    endloop
  endfacet
  facet normal -4.219265e-01 9.066300e-01 0.000000e+00
    outer loop
      vertex   2.110925e+02 -1.692945e+02 1.000000e+00
      vertex   2.100812e+02 -1.697652e+02 2.000000e+00
      vertex   2.110925e+02 -1.692945e+02 2.000000e+00
    endloop
  endfacet
  facet normal 7.196944e-01 6.942910e-01 0.000000e+00
    outer loop
      vertex   2.110925e+02 -1.692945e+02 2.000000e+00
      vertex   2.114390e+02 -1.696537e+02 2.000000e+00
      vertex   2.110925e+02 -1.692945e+02 1.000000e+00
    endloop
  endfacet
  facet normal 7.196944e-01 6.942910e-01 0.000000e+00
    outer loop
      vertex   2.110925e+02 -1.692945e+02 1.000000e+00
      vertex   2.114390e+02 -1.696537e+02 2.000000e+00
      vertex   2.114390e+02 -1.696537e+02 1.000000e+00
    endloop
  endfacet
  facet normal 8.093793e-01 5.872863e-01 -0.000000e+00
    outer loop
      vertex   2.114390e+02 -1.696537e+02 1.000000e+00
      vertex   2.114390e+02 -1.696537e+02 2.000000e+00
      vertex   2.117033e+02 -1.700179e+02 2.000000e+00
    endloop
  endfacet
  facet normal 8.093793e-01 5.872863e-01 0.000000e+00
    outer loop
      vertex   2.114390e+02 -1.696537e+02 1.000000e+00
      vertex   2.117033e+02 -1.700179e+02 2.000000e+00
      vertex   2.117033e+02 -1.700179e+02 1.000000e+00
    endloop
  endfacet
  facet normal 8.971757e-01 4.416739e-01 -0.000000e+00
    outer loop
      vertex   2.117033e+02 -1.700179e+02 1.000000e+00
      vertex   2.117033e+02 -1.700179e+02 2.000000e+00
      vertex   2.118845e+02 -1.703860e+02 2.000000e+00
    endloop
  endfacet
  facet normal 8.971757e-01 4.416739e-01 0.000000e+00
    outer loop
      vertex   2.117033e+02 -1.700179e+02 1.000000e+00
      vertex   2.118845e+02 -1.703860e+02 2.000000e+00
      vertex   2.118845e+02 -1.703860e+02 1.000000e+00
    endloop
  endfacet
  facet normal 9.671508e-01 2.542035e-01 -0.000000e+00
    outer loop
      vertex   2.118845e+02 -1.703860e+02 1.000000e+00
      vertex   2.118845e+02 -1.703860e+02 2.000000e+00
      vertex   2.119819e+02 -1.707564e+02 2.000000e+00
    endloop
  endfacet
  facet normal 9.671508e-01 2.542035e-01 0.000000e+00
    outer loop
      vertex   2.118845e+02 -1.703860e+02 1.000000e+00
      vertex   2.119819e+02 -1.707564e+02 2.000000e+00
      vertex   2.119819e+02 -1.707564e+02 1.000000e+00
    endloop
  endfacet
  facet normal 9.993736e-01 3.538909e-02 -0.000000e+00
    outer loop
      vertex   2.119819e+02 -1.707564e+02 1.000000e+00
      vertex   2.119819e+02 -1.707564e+02 2.000000e+00
      vertex   2.119950e+02 -1.711278e+02 2.000000e+00
    endloop
  endfacet
  facet normal 9.993736e-01 3.538909e-02 0.000000e+00
    outer loop
      vertex   2.119819e+02 -1.707564e+02 1.000000e+00
      vertex   2.119950e+02 -1.711278e+02 2.000000e+00
      vertex   2.119950e+02 -1.711278e+02 1.000000e+00
    endloop
  endfacet
  facet normal 9.821092e-01 -1.883124e-01 0.000000e+00
    outer loop
      vertex   2.119950e+02 -1.711278e+02 1.000000e+00
      vertex   2.119950e+02 -1.711278e+02 2.000000e+00
      vertex   2.119239e+02 -1.714986e+02 2.000000e+00
    endloop
  endfacet
  facet normal 9.821092e-01 -1.883124e-01 0.000000e+00
    outer loop
      vertex   2.119950e+02 -1.711278e+02 1.000000e+00
      vertex   2.119239e+02 -1.714986e+02 2.000000e+00
      vertex   2.119239e+02 -1.714986e+02 1.000000e+00
    endloop
  endfacet
  facet normal 9.218589e-01 -3.875257e-01 0.000000e+00
    outer loop
      vertex   2.119239e+02 -1.714986e+02 1.000000e+00
      vertex   2.119239e+02 -1.714986e+02 2.000000e+00
      vertex   2.117688e+02 -1.718676e+02 2.000000e+00
    endloop
  endfacet
  facet normal 9.218589e-01 -3.875257e-01 0.000000e+00
    outer loop
      vertex   2.119239e+02 -1.714986e+02 1.000000e+00
      vertex   2.117688e+02 -1.718676e+02 2.000000e+00
      vertex   2.117688e+02 -1.718676e+02 1.000000e+00
    endloop
  endfacet
  facet normal 8.375706e-01 -5.463291e-01 0.000000e+00
    outer loop
      vertex   2.117688e+02 -1.718676e+02 1.000000e+00
      vertex   2.117688e+02 -1.718676e+02 2.000000e+00
      vertex   2.115303e+02 -1.722332e+02 2.000000e+00
    endloop
  endfacet
  facet normal 8.375706e-01 -5.463291e-01 0.000000e+00
    outer loop
      vertex   2.117688e+02 -1.718676e+02 1.000000e+00
      vertex   2.115303e+02 -1.722332e+02 2.000000e+00
      vertex   2.115303e+02 -1.722332e+02 1.000000e+00
    endloop
  endfacet
  facet normal 7.472369e-01 -6.645577e-01 0.000000e+00
    outer loop
      vertex   2.115303e+02 -1.722332e+02 1.000000e+00
      vertex   2.115303e+02 -1.722332e+02 2.000000e+00
      vertex   2.112094e+02 -1.725941e+02 2.000000e+00
    endloop
  endfacet
  facet normal 7.472369e-01 -6.645577e-01 0.000000e+00
    outer loop
      vertex   2.115303e+02 -1.722332e+02 1.000000e+00
      vertex   2.112094e+02 -1.725941e+02 2.000000e+00
      vertex   2.112094e+02 -1.725941e+02 1.000000e+00
    endloop
  endfacet
  facet normal 6.615125e-01 -7.499341e-01 0.000000e+00
    outer loop
      vertex   2.112094e+02 -1.725941e+02 1.000000e+00
      vertex   2.112094e+02 -1.725941e+02 2.000000e+00
      vertex   2.108071e+02 -1.729489e+02 2.000000e+00
    endloop
  endfacet
  facet normal 6.615125e-01 -7.499341e-01 0.000000e+00
    outer loop
      vertex   2.112094e+02 -1.725941e+02 1.000000e+00
      vertex   2.108071e+02 -1.729489e+02 2.000000e+00
      vertex   2.108071e+02 -1.729489e+02 1.000000e+00
    endloop
  endfacet
  facet normal 5.846828e-01 -8.112620e-01 0.000000e+00
    outer loop
      vertex   2.108071e+02 -1.729489e+02 1.000000e+00
      vertex   2.108071e+02 -1.729489e+02 2.000000e+00
      vertex   2.103252e+02 -1.732962e+02 2.000000e+00
    endloop
  endfacet
  facet normal 5.846828e-01 -8.112620e-01 0.000000e+00
    outer loop
      vertex   2.108071e+02 -1.729489e+02 1.000000e+00
      vertex   2.103252e+02 -1.732962e+02 2.000000e+00
      vertex   2.103252e+02 -1.732962e+02 1.000000e+00
    endloop
  endfacet
  facet normal 5.174806e-01 -8.556949e-01 0.000000e+00
    outer loop
      vertex   2.103252e+02 -1.732962e+02 1.000000e+00
      vertex   2.103252e+02 -1.732962e+02 2.000000e+00
      vertex   2.097654e+02 -1.736347e+02 2.000000e+00
    endloop
  endfacet
  facet normal 5.174806e-01 -8.556949e-01 0.000000e+00
    outer loop
      vertex   2.103252e+02 -1.732962e+02 1.000000e+00
      vertex   2.097654e+02 -1.736347e+02 2.000000e+00
      vertex   2.097654e+02 -1.736347e+02 1.000000e+00
    endloop
  endfacet
  facet normal 4.591230e-01 -8.883727e-01 0.000000e+00
    outer loop
      vertex   2.097654e+02 -1.736347e+02 1.000000e+00
      vertex   2.097654e+02 -1.736347e+02 2.000000e+00
      vertex   2.091299e+02 -1.739632e+02 2.000000e+00
    endloop
  endfacet
  facet normal 4.591230e-01 -8.883727e-01 0.000000e+00
    outer loop
      vertex   2.097654e+02 -1.736347e+02 1.000000e+00
      vertex   2.091299e+02 -1.739632e+02 2.000000e+00
      vertex   2.091299e+02 -1.739632e+02 1.000000e+00
    endloop
  endfacet
  facet normal 4.083625e-01 -9.128198e-01 0.000000e+00
    outer loop
      vertex   2.091299e+02 -1.739632e+02 1.000000e+00
      vertex   2.091299e+02 -1.739632e+02 2.000000e+00
      vertex   2.084212e+02 -1.742802e+02 2.000000e+00
    endloop
  endfacet
  facet normal 4.083625e-01 -9.128198e-01 0.000000e+00
    outer loop
      vertex   2.091299e+02 -1.739632e+02 1.000000e+00
      vertex   2.084212e+02 -1.742802e+02 2.000000e+00
      vertex   2.084212e+02 -1.742802e+02 1.000000e+00
    endloop
  endfacet
  facet normal 3.639377e-01 -9.314233e-01 0.000000e+00
    outer loop
      vertex   2.084212e+02 -1.742802e+02 1.000000e+00
      vertex   2.084212e+02 -1.742802e+02 2.000000e+00
      vertex   2.076418e+02 -1.745848e+02 2.000000e+00
    endloop
  endfacet
  facet normal 3.639377e-01 -9.314233e-01 0.000000e+00
    outer loop
      vertex   2.084212e+02 -1.742802e+02 1.000000e+00
      vertex   2.076418e+02 -1.745848e+02 2.000000e+00
      vertex   2.076418e+02 -1.745848e+02 1.000000e+00
    endloop
  endfacet
  facet normal 3.247325e-01 -9.458059e-01 0.000000e+00
    outer loop
      vertex   2.076418e+02 -1.745848e+02 1.000000e+00
      vertex   2.076418e+02 -1.745848e+02 2.000000e+00
      vertex   2.067949e+02 -1.748755e+02 2.000000e+00
    endloop
  endfacet
  facet normal 3.247325e-01 -9.458059e-01 0.000000e+00
    outer loop
      vertex   2.076418e+02 -1.745848e+02 1.000000e+00
      vertex   2.067949e+02 -1.748755e+02 2.000000e+00
      vertex   2.067949e+02 -1.748755e+02 1.000000e+00
    endloop
  endfacet
  facet normal 2.898117e-01 -9.570837e-01 0.000000e+00
    outer loop
      vertex   2.067949e+02 -1.748755e+02 1.000000e+00
      vertex   2.067949e+02 -1.748755e+02 2.000000e+00
      vertex   2.058836e+02 -1.751515e+02 2.000000e+00
    endloop
  endfacet
  facet normal 2.898117e-01 -9.570837e-01 8.220573e-15
    outer loop
      vertex   2.067949e+02 -1.748755e+02 1.000000e+00
      vertex   2.058836e+02 -1.751515e+02 2.000000e+00
      vertex   2.058836e+02 -1.751515e+02 1.000000e+00
    endloop
  endfacet
  facet normal 2.584089e-01 -9.660356e-01 7.344422e-15
    outer loop
      vertex   2.058836e+02 -1.751515e+02 1.000000e+00
      vertex   2.058836e+02 -1.751515e+02 2.000000e+00
      vertex   2.049115e+02 -1.754115e+02 2.000000e+00
    endloop
  endfacet
  facet normal 2.584089e-01 -9.660356e-01 0.000000e+00
    outer loop
      vertex   2.058836e+02 -1.751515e+02 1.000000e+00
      vertex   2.049115e+02 -1.754115e+02 2.000000e+00
      vertex   2.049115e+02 -1.754115e+02 1.000000e+00
    endloop
  endfacet
  facet normal 2.299011e-01 -9.732140e-01 0.000000e+00
    outer loop
      vertex   2.049115e+02 -1.754115e+02 1.000000e+00
      vertex   2.049115e+02 -1.754115e+02 2.000000e+00
      vertex   2.038823e+02 -1.756546e+02 2.000000e+00
    endloop
  endfacet
  facet normal 2.299011e-01 -9.732140e-01 6.508691e-15
    outer loop
      vertex   2.049115e+02 -1.754115e+02 1.000000e+00
      vertex   2.038823e+02 -1.756546e+02 2.000000e+00
      vertex   2.038823e+02 -1.756546e+02 1.000000e+00
    endloop
  endfacet
  facet normal 2.037817e-01 -9.790164e-01 5.791824e-15
    outer loop
      vertex   2.038823e+02 -1.756546e+02 1.000000e+00
      vertex   2.038823e+02 -1.756546e+02 2.000000e+00
      vertex   2.027998e+02 -1.758800e+02 2.000000e+00
    endloop
  endfacet
  facet normal 2.037817e-01 -9.790164e-01 0.000000e+00
    outer loop
      vertex   2.038823e+02 -1.756546e+02 1.000000e+00
      vertex   2.027998e+02 -1.758800e+02 2.000000e+00
      vertex   2.027998e+02 -1.758800e+02 1.000000e+00
    endloop
  endfacet
  facet normal 1.796363e-01 -9.837331e-01 0.000000e+00
    outer loop
      vertex   2.027998e+02 -1.758800e+02 1.000000e+00
      vertex   2.027998e+02 -1.758800e+02 2.000000e+00
      vertex   2.016684e+02 -1.760866e+02 2.000000e+00
    endloop
  endfacet
  facet normal 1.796363e-01 -9.837331e-01 5.091823e-15
    outer loop
      vertex   2.027998e+02 -1.758800e+02 1.000000e+00
      vertex   2.016684e+02 -1.760866e+02 2.000000e+00
      vertex   2.016684e+02 -1.760866e+02 1.000000e+00
    endloop
  endfacet
  facet normal 1.571234e-01 -9.875790e-01 4.465717e-15
    outer loop
      vertex   2.016684e+02 -1.760866e+02 1.000000e+00
      vertex   2.016684e+02 -1.760866e+02 2.000000e+00
      vertex   2.004922e+02 -1.762737e+02 2.000000e+00
    endloop
  endfacet
  facet normal 1.571234e-01 -9.875790e-01 4.474656e-15
    outer loop
      vertex   2.016684e+02 -1.760866e+02 1.000000e+00
      vertex   2.004922e+02 -1.762737e+02 2.000000e+00
      vertex   2.004922e+02 -1.762737e+02 1.000000e+00
    endloop
  endfacet
  facet normal 1.258059e-01 -9.920549e-01 3.575618e-15
    outer loop
      vertex   2.004922e+02 -1.762737e+02 1.000000e+00
      vertex   2.004922e+02 -1.762737e+02 2.000000e+00
      vertex   1.980240e+02 -1.765867e+02 2.000000e+00
    endloop
  endfacet
  facet normal 1.258059e-01 -9.920549e-01 0.000000e+00
    outer loop
      vertex   2.004922e+02 -1.762737e+02 1.000000e+00
      vertex   1.980240e+02 -1.765867e+02 2.000000e+00
      vertex   1.980240e+02 -1.765867e+02 1.000000e+00
    endloop
  endfacet
  facet normal 8.745787e-02 -9.961682e-01 0.000000e+00
    outer loop
      vertex   1.980240e+02 -1.765867e+02 1.000000e+00
      vertex   1.980240e+02 -1.765867e+02 2.000000e+00
      vertex   1.954329e+02 -1.768142e+02 2.000000e+00
    endloop
  endfacet
  facet normal 8.745787e-02 -9.961682e-01 4.951345e-15
    outer loop
      vertex   1.980240e+02 -1.765867e+02 1.000000e+00
      vertex   1.954329e+02 -1.768142e+02 2.000000e+00
      vertex   1.954329e+02 -1.768142e+02 1.000000e+00
    endloop
  endfacet
  facet normal 5.171163e-02 -9.986621e-01 2.939466e-15
    outer loop
      vertex   1.954329e+02 -1.768142e+02 1.000000e+00
      vertex   1.954329e+02 -1.768142e+02 2.000000e+00
      vertex   1.927587e+02 -1.769526e+02 2.000000e+00
    endloop
  endfacet
  facet normal 5.171163e-02 -9.986621e-01 0.000000e+00
    outer loop
      vertex   1.954329e+02 -1.768142e+02 1.000000e+00
      vertex   1.927587e+02 -1.769526e+02 2.000000e+00
      vertex   1.927587e+02 -1.769526e+02 1.000000e+00
    endloop
  endfacet
  facet normal 1.742740e-02 -9.998481e-01 0.000000e+00
    outer loop
      vertex   1.927587e+02 -1.769526e+02 1.000000e+00
      vertex   1.927587e+02 -1.769526e+02 2.000000e+00
      vertex   1.900422e+02 -1.770000e+02 2.000000e+00
    endloop
  endfacet
  facet normal 1.742740e-02 -9.998481e-01 4.903676e-16
    outer loop
      vertex   1.927587e+02 -1.769526e+02 1.000000e+00
      vertex   1.900422e+02 -1.770000e+02 2.000000e+00
      vertex   1.900422e+02 -1.770000e+02 1.000000e+00
    endloop
  endfacet
  facet normal -1.637653e-02 -9.998659e-01 -4.654490e-16
    outer loop
      vertex   1.900422e+02 -1.770000e+02 1.000000e+00
      vertex   1.900422e+02 -1.770000e+02 2.000000e+00
      vertex   1.873251e+02 -1.769555e+02 2.000000e+00
    endloop
  endfacet
  facet normal -1.637653e-02 -9.998659e-01 0.000000e+00
    outer loop
      vertex   1.900422e+02 -1.770000e+02 1.000000e+00
      vertex   1.873251e+02 -1.769555e+02 2.000000e+00
      vertex   1.873251e+02 -1.769555e+02 1.000000e+00
    endloop
  endfacet
  facet normal 9.401316e-02 -9.955710e-01 0.000000e+00
    outer loop
      vertex   1.873251e+02 -1.769555e+02 1.000000e+00
      vertex   1.873251e+02 -1.769555e+02 2.000000e+00
      vertex   1.872200e+02 -1.769654e+02 1.000000e+00
    endloop
  endfacet
  facet normal 9.401316e-02 -9.955710e-01 0.000000e+00
    outer loop
      vertex   1.872200e+02 -1.769654e+02 1.000000e+00
      vertex   1.873251e+02 -1.769555e+02 2.000000e+00
      vertex   1.872200e+02 -1.769654e+02 2.000000e+00
    endloop
  endfacet
  facet normal 3.296837e-01 -9.440914e-01 0.000000e+00
    outer loop
      vertex   1.872200e+02 -1.769654e+02 1.000000e+00
      vertex   1.872200e+02 -1.769654e+02 2.000000e+00
      vertex   1.871204e+02 -1.770002e+02 1.000000e+00
    endloop
  endfacet
  facet normal 3.296837e-01 -9.440914e-01 0.000000e+00
    outer loop
      vertex   1.871204e+02 -1.770002e+02 1.000000e+00
      vertex   1.872200e+02 -1.769654e+02 2.000000e+00
      vertex   1.871204e+02 -1.770002e+02 2.000000e+00
    endloop
  endfacet
  facet normal 5.461698e-01 -8.376745e-01 0.000000e+00
    outer loop
      vertex   1.871204e+02 -1.770002e+02 1.000000e+00
      vertex   1.871204e+02 -1.770002e+02 2.000000e+00
      vertex   1.870320e+02 -1.770579e+02 1.000000e+00
    endloop
  endfacet
  facet normal 5.461698e-01 -8.376745e-01 0.000000e+00
    outer loop
      vertex   1.870320e+02 -1.770579e+02 1.000000e+00
      vertex   1.871204e+02 -1.770002e+02 2.000000e+00
      vertex   1.870320e+02 -1.770579e+02 2.000000e+00
    endloop
  endfacet
  facet normal 7.308738e-01 -6.825127e-01 0.000000e+00
    outer loop
      vertex   1.870320e+02 -1.770579e+02 1.000000e+00
      vertex   1.870320e+02 -1.770579e+02 2.000000e+00
      vertex   1.869599e+02 -1.771350e+02 1.000000e+00
    endloop
  endfacet
  facet normal 7.308738e-01 -6.825127e-01 0.000000e+00
    outer loop
      vertex   1.869599e+02 -1.771350e+02 1.000000e+00
      vertex   1.870320e+02 -1.770579e+02 2.000000e+00
      vertex   1.869599e+02 -1.771350e+02 2.000000e+00
    endloop
  endfacet
  facet normal 8.730477e-01 -4.876349e-01 0.000000e+00
    outer loop
      vertex   1.869599e+02 -1.771350e+02 1.000000e+00
      vertex   1.869599e+02 -1.771350e+02 2.000000e+00
      vertex   1.869085e+02 -1.772272e+02 1.000000e+00
    endloop
  endfacet
  facet normal 8.730477e-01 -4.876349e-01 0.000000e+00
    outer loop
      vertex   1.869085e+02 -1.772272e+02 1.000000e+00
      vertex   1.869599e+02 -1.771350e+02 2.000000e+00
      vertex   1.869085e+02 -1.772272e+02 2.000000e+00
    endloop
  endfacet
  facet normal 9.644182e-01 -2.643812e-01 0.000000e+00
    outer loop
      vertex   1.869085e+02 -1.772272e+02 1.000000e+00
      vertex   1.869085e+02 -1.772272e+02 2.000000e+00
      vertex   1.868806e+02 -1.773290e+02 1.000000e+00
    endloop
  endfacet
  facet normal 9.644182e-01 -2.643812e-01 0.000000e+00
    outer loop
      vertex   1.868806e+02 -1.773290e+02 1.000000e+00
      vertex   1.869085e+02 -1.772272e+02 2.000000e+00
      vertex   1.868806e+02 -1.773290e+02 2.000000e+00
    endloop
  endfacet
  facet normal 9.996686e-01 -2.574307e-02 0.000000e+00
    outer loop
      vertex   1.868806e+02 -1.773290e+02 1.000000e+00
      vertex   1.868806e+02 -1.773290e+02 2.000000e+00
      vertex   1.868778e+02 -1.774345e+02 1.000000e+00
    endloop
  endfacet
  facet normal 9.996686e-01 -2.574307e-02 0.000000e+00
    outer loop
      vertex   1.868778e+02 -1.774345e+02 1.000000e+00
      vertex   1.868806e+02 -1.773290e+02 2.000000e+00
      vertex   1.868778e+02 -1.774345e+02 2.000000e+00
    endloop
  endfacet
  facet normal 9.960488e-01 8.880751e-02 -0.000000e+00
    outer loop
      vertex   1.868778e+02 -1.774345e+02 1.000000e+00
      vertex   1.868778e+02 -1.774345e+02 2.000000e+00
      vertex   1.869077e+02 -1.777700e+02 1.000000e+00
    endloop
  endfacet
  facet normal 9.960488e-01 8.880751e-02 -0.000000e+00
    outer loop
      vertex   1.869077e+02 -1.777700e+02 1.000000e+00
      vertex   1.868778e+02 -1.774345e+02 2.000000e+00
      vertex   1.869077e+02 -1.777700e+02 2.000000e+00
    endloop
  endfacet
  facet normal 9.970792e-01 7.637500e-02 -0.000000e+00
    outer loop
      vertex   1.869077e+02 -1.777700e+02 1.000000e+00
      vertex   1.869077e+02 -1.777700e+02 2.000000e+00
      vertex   1.869335e+02 -1.781058e+02 1.000000e+00
    endloop
  endfacet
  facet normal 9.970792e-01 7.637500e-02 -0.000000e+00
    outer loop
      vertex   1.869335e+02 -1.781058e+02 1.000000e+00
      vertex   1.869077e+02 -1.777700e+02 2.000000e+00
      vertex   1.869335e+02 -1.781058e+02 2.000000e+00
    endloop
  endfacet
  facet normal 9.979543e-01 6.393060e-02 -0.000000e+00
    outer loop
      vertex   1.869335e+02 -1.781058e+02 1.000000e+00
      vertex   1.869335e+02 -1.781058e+02 2.000000e+00
      vertex   1.869550e+02 -1.784420e+02 1.000000e+00
    endloop
  endfacet
  facet normal 9.979543e-01 6.393060e-02 -0.000000e+00
    outer loop
      vertex   1.869550e+02 -1.784420e+02 1.000000e+00
      vertex   1.869335e+02 -1.781058e+02 2.000000e+00
      vertex   1.869550e+02 -1.784420e+02 2.000000e+00
    endloop
  endfacet
  facet normal 9.838290e-01 1.791101e-01 -0.000000e+00
    outer loop
      vertex   1.869550e+02 -1.784420e+02 1.000000e+00
      vertex   1.869550e+02 -1.784420e+02 2.000000e+00
      vertex   1.869790e+02 -1.785739e+02 1.000000e+00
    endloop
  endfacet
  facet normal 9.838290e-01 1.791101e-01 -0.000000e+00
    outer loop
      vertex   1.869790e+02 -1.785739e+02 1.000000e+00
      vertex   1.869550e+02 -1.784420e+02 2.000000e+00
      vertex   1.869790e+02 -1.785739e+02 2.000000e+00
    endloop
  endfacet
  facet normal 9.111326e-01 4.121133e-01 -0.000000e+00
    outer loop
      vertex   1.869790e+02 -1.785739e+02 1.000000e+00
      vertex   1.869790e+02 -1.785739e+02 2.000000e+00
      vertex   1.870343e+02 -1.786961e+02 1.000000e+00
    endloop
  endfacet
  facet normal 9.111326e-01 4.121133e-01 -0.000000e+00
    outer loop
      vertex   1.870343e+02 -1.786961e+02 1.000000e+00
      vertex   1.869790e+02 -1.785739e+02 2.000000e+00
      vertex   1.870343e+02 -1.786961e+02 2.000000e+00
    endloop
  endfacet
  facet normal 7.841552e-01 6.205648e-01 -0.000000e+00
    outer loop
      vertex   1.870343e+02 -1.786961e+02 1.000000e+00
      vertex   1.870343e+02 -1.786961e+02 2.000000e+00
      vertex   1.871175e+02 -1.788013e+02 1.000000e+00
    endloop
  endfacet
  facet normal 7.841552e-01 6.205648e-01 -0.000000e+00
    outer loop
      vertex   1.871175e+02 -1.788013e+02 1.000000e+00
      vertex   1.870343e+02 -1.786961e+02 2.000000e+00
      vertex   1.871175e+02 -1.788013e+02 2.000000e+00
    endloop
  endfacet
  facet normal 6.104615e-01 7.920460e-01 -0.000000e+00
    outer loop
      vertex   1.871175e+02 -1.788013e+02 1.000000e+00
      vertex   1.871175e+02 -1.788013e+02 2.000000e+00
      vertex   1.872238e+02 -1.788832e+02 1.000000e+00
    endloop
  endfacet
  facet normal 6.104615e-01 7.920460e-01 -0.000000e+00
    outer loop
      vertex   1.872238e+02 -1.788832e+02 1.000000e+00
      vertex   1.871175e+02 -1.788013e+02 2.000000e+00
      vertex   1.872238e+02 -1.788832e+02 2.000000e+00
    endloop
  endfacet
  facet normal 4.003994e-01 9.163407e-01 -0.000000e+00
    outer loop
      vertex   1.872238e+02 -1.788832e+02 1.000000e+00
      vertex   1.872238e+02 -1.788832e+02 2.000000e+00
      vertex   1.873467e+02 -1.789369e+02 1.000000e+00
    endloop
  endfacet
  facet normal 4.003994e-01 9.163407e-01 -0.000000e+00
    outer loop
      vertex   1.873467e+02 -1.789369e+02 1.000000e+00
      vertex   1.872238e+02 -1.788832e+02 2.000000e+00
      vertex   1.873467e+02 -1.789369e+02 2.000000e+00
    endloop
  endfacet
  facet normal 1.664834e-01 9.860443e-01 -0.000000e+00
    outer loop
      vertex   1.873467e+02 -1.789369e+02 1.000000e+00
      vertex   1.873467e+02 -1.789369e+02 2.000000e+00
      vertex   1.874789e+02 -1.789592e+02 1.000000e+00
    endloop
  endfacet
  facet normal 1.664834e-01 9.860443e-01 -0.000000e+00
    outer loop
      vertex   1.874789e+02 -1.789592e+02 1.000000e+00
      vertex   1.873467e+02 -1.789369e+02 2.000000e+00
      vertex   1.874789e+02 -1.789592e+02 2.000000e+00
    endloop
  endfacet
  facet normal 1.022459e-02 9.999477e-01 0.000000e+00
    outer loop
      vertex   1.874789e+02 -1.789592e+02 2.000000e+00
      vertex   1.909280e+02 -1.789945e+02 2.000000e+00
      vertex   1.874789e+02 -1.789592e+02 1.000000e+00
    endloop
  endfacet
  facet normal 1.022459e-02 9.999477e-01 0.000000e+00
    outer loop
      vertex   1.874789e+02 -1.789592e+02 1.000000e+00
      vertex   1.909280e+02 -1.789945e+02 2.000000e+00
      vertex   1.909280e+02 -1.789945e+02 1.000000e+00
    endloop
  endfacet
  facet normal -3.409306e-02 9.994187e-01 0.000000e+00
    outer loop
      vertex   1.909280e+02 -1.789945e+02 1.000000e+00
      vertex   1.909280e+02 -1.789945e+02 2.000000e+00
      vertex   1.943594e+02 -1.788774e+02 2.000000e+00
    endloop
  endfacet
  facet normal -3.409306e-02 9.994187e-01 0.000000e+00
    outer loop
      vertex   1.909280e+02 -1.789945e+02 1.000000e+00
      vertex   1.943594e+02 -1.788774e+02 2.000000e+00
      vertex   1.943594e+02 -1.788774e+02 1.000000e+00
    endloop
  endfacet
  facet normal -6.798435e-02 9.976864e-01 0.000000e+00
    outer loop
      vertex   1.943594e+02 -1.788774e+02 1.000000e+00
      vertex   1.943594e+02 -1.788774e+02 2.000000e+00
      vertex   1.960481e+02 -1.787624e+02 2.000000e+00
    endloop
  endfacet
  facet normal -6.798435e-02 9.976864e-01 0.000000e+00
    outer loop
      vertex   1.943594e+02 -1.788774e+02 1.000000e+00
      vertex   1.960481e+02 -1.787624e+02 2.000000e+00
      vertex   1.960481e+02 -1.787624e+02 1.000000e+00
    endloop
  endfacet
  facet normal -9.124795e-02 9.958282e-01 0.000000e+00
    outer loop
      vertex   1.960481e+02 -1.787624e+02 1.000000e+00
      vertex   1.960481e+02 -1.787624e+02 2.000000e+00
      vertex   1.977078e+02 -1.786103e+02 2.000000e+00
    endloop
  endfacet
  facet normal -9.124795e-02 9.958282e-01 0.000000e+00
    outer loop
      vertex   1.960481e+02 -1.787624e+02 1.000000e+00
      vertex   1.977078e+02 -1.786103e+02 2.000000e+00
      vertex   1.977078e+02 -1.786103e+02 1.000000e+00
    endloop
  endfacet
  facet normal -1.152938e-01 9.933314e-01 0.000000e+00
    outer loop
      vertex   1.977078e+02 -1.786103e+02 1.000000e+00
      vertex   1.977078e+02 -1.786103e+02 2.000000e+00
      vertex   1.993308e+02 -1.784219e+02 2.000000e+00
    endloop
  endfacet
  facet normal -1.152938e-01 9.933314e-01 0.000000e+00
    outer loop
      vertex   1.977078e+02 -1.786103e+02 1.000000e+00
      vertex   1.993308e+02 -1.784219e+02 2.000000e+00
      vertex   1.993308e+02 -1.784219e+02 1.000000e+00
    endloop
  endfacet
  facet normal -1.403601e-01 9.901005e-01 0.000000e+00
    outer loop
      vertex   1.993308e+02 -1.784219e+02 1.000000e+00
      vertex   1.993308e+02 -1.784219e+02 2.000000e+00
      vertex   2.009093e+02 -1.781981e+02 2.000000e+00
    endloop
  endfacet
  facet normal -1.403601e-01 9.901005e-01 0.000000e+00
    outer loop
      vertex   1.993308e+02 -1.784219e+02 1.000000e+00
      vertex   2.009093e+02 -1.781981e+02 2.000000e+00
      vertex   2.009093e+02 -1.781981e+02 1.000000e+00
    endloop
  endfacet
  facet normal -1.667175e-01 9.860047e-01 0.000000e+00
    outer loop
      vertex   2.009093e+02 -1.781981e+02 1.000000e+00
      vertex   2.009093e+02 -1.781981e+02 2.000000e+00
      vertex   2.024358e+02 -1.779400e+02 2.000000e+00
    endloop
  endfacet
  facet normal -1.667175e-01 9.860047e-01 0.000000e+00
    outer loop
      vertex   2.009093e+02 -1.781981e+02 1.000000e+00
      vertex   2.024358e+02 -1.779400e+02 2.000000e+00
      vertex   2.024358e+02 -1.779400e+02 1.000000e+00
    endloop
  endfacet
  facet normal -1.946801e-01 9.808668e-01 0.000000e+00
    outer loop
      vertex   2.024358e+02 -1.779400e+02 1.000000e+00
      vertex   2.024358e+02 -1.779400e+02 2.000000e+00
      vertex   2.039029e+02 -1.776488e+02 2.000000e+00
    endloop
  endfacet
  facet normal -1.946801e-01 9.808668e-01 0.000000e+00
    outer loop
      vertex   2.024358e+02 -1.779400e+02 1.000000e+00
      vertex   2.039029e+02 -1.776488e+02 2.000000e+00
      vertex   2.039029e+02 -1.776488e+02 1.000000e+00
    endloop
  endfacet
  facet normal -2.246168e-01 9.744472e-01 0.000000e+00
    outer loop
      vertex   2.039029e+02 -1.776488e+02 1.000000e+00
      vertex   2.039029e+02 -1.776488e+02 2.000000e+00
      vertex   2.053038e+02 -1.773259e+02 2.000000e+00
    endloop
  endfacet
  facet normal -2.246168e-01 9.744472e-01 0.000000e+00
    outer loop
      vertex   2.039029e+02 -1.776488e+02 1.000000e+00
      vertex   2.053038e+02 -1.773259e+02 2.000000e+00
      vertex   2.053038e+02 -1.773259e+02 1.000000e+00
    endloop
  endfacet
  facet normal -2.569672e-01 9.664201e-01 0.000000e+00
    outer loop
      vertex   2.053038e+02 -1.773259e+02 1.000000e+00
      vertex   2.053038e+02 -1.773259e+02 2.000000e+00
      vertex   2.066317e+02 -1.769728e+02 2.000000e+00
    endloop
  endfacet
  facet normal -2.569672e-01 9.664201e-01 0.000000e+00
    outer loop
      vertex   2.053038e+02 -1.773259e+02 1.000000e+00
      vertex   2.066317e+02 -1.769728e+02 2.000000e+00
      vertex   2.066317e+02 -1.769728e+02 1.000000e+00
    endloop
  endfacet
  facet normal -2.922591e-01 9.563392e-01 0.000000e+00
    outer loop
      vertex   2.066317e+02 -1.769728e+02 1.000000e+00
      vertex   2.066317e+02 -1.769728e+02 2.000000e+00
      vertex   2.078802e+02 -1.765913e+02 2.000000e+00
    endloop
  endfacet
  facet normal -2.922591e-01 9.563392e-01 0.000000e+00
    outer loop
      vertex   2.066317e+02 -1.769728e+02 1.000000e+00
      vertex   2.078802e+02 -1.765913e+02 2.000000e+00
      vertex   2.078802e+02 -1.765913e+02 1.000000e+00
    endloop
  endfacet
  facet normal -3.311284e-01 9.435857e-01 0.000000e+00
    outer loop
      vertex   2.078802e+02 -1.765913e+02 1.000000e+00
      vertex   2.078802e+02 -1.765913e+02 2.000000e+00
      vertex   2.090435e+02 -1.761831e+02 2.000000e+00
    endloop
  endfacet
  facet normal -3.311284e-01 9.435857e-01 0.000000e+00
    outer loop
      vertex   2.078802e+02 -1.765913e+02 1.000000e+00
      vertex   2.090435e+02 -1.761831e+02 2.000000e+00
      vertex   2.090435e+02 -1.761831e+02 1.000000e+00
    endloop
  endfacet
  facet normal -3.743396e-01 9.272917e-01 0.000000e+00
    outer loop
      vertex   2.090435e+02 -1.761831e+02 1.000000e+00
      vertex   2.090435e+02 -1.761831e+02 2.000000e+00
      vertex   2.101160e+02 -1.757501e+02 2.000000e+00
    endloop
  endfacet
  facet normal -3.743396e-01 9.272917e-01 0.000000e+00
    outer loop
      vertex   2.090435e+02 -1.761831e+02 1.000000e+00
      vertex   2.101160e+02 -1.757501e+02 2.000000e+00
      vertex   2.101160e+02 -1.757501e+02 1.000000e+00
    endloop
  endfacet
  facet normal -4.227972e-01 9.062243e-01 0.000000e+00
    outer loop
      vertex   2.101160e+02 -1.757501e+02 1.000000e+00
      vertex   2.101160e+02 -1.757501e+02 2.000000e+00
      vertex   2.110925e+02 -1.752945e+02 1.000000e+00
    endloop
  endfacet
  facet normal -4.227972e-01 9.062243e-01 0.000000e+00
    outer loop
      vertex   2.110925e+02 -1.752945e+02 1.000000e+00
      vertex   2.101160e+02 -1.757501e+02 2.000000e+00
      vertex   2.110925e+02 -1.752945e+02 2.000000e+00
    endloop
  endfacet
  facet normal 7.196816e-01 6.943042e-01 0.000000e+00
    outer loop
      vertex   2.110925e+02 -1.752945e+02 2.000000e+00
      vertex   2.114389e+02 -1.756535e+02 2.000000e+00
      vertex   2.110925e+02 -1.752945e+02 1.000000e+00
    endloop
  endfacet
  facet normal 7.196816e-01 6.943042e-01 0.000000e+00
    outer loop
      vertex   2.110925e+02 -1.752945e+02 1.000000e+00
      vertex   2.114389e+02 -1.756535e+02 2.000000e+00
      vertex   2.114389e+02 -1.756535e+02 1.000000e+00
    endloop
  endfacet
  facet normal 8.093370e-01 5.873446e-01 -0.000000e+00
    outer loop
      vertex   2.114389e+02 -1.756535e+02 1.000000e+00
      vertex   2.114389e+02 -1.756535e+02 2.000000e+00
      vertex   2.117032e+02 -1.760177e+02 2.000000e+00
    endloop
  endfacet
  facet normal 8.093370e-01 5.873446e-01 -2.297681e-14
    outer loop
      vertex   2.114389e+02 -1.756535e+02 1.000000e+00
      vertex   2.117032e+02 -1.760177e+02 2.000000e+00
      vertex   2.117032e+02 -1.760177e+02 1.000000e+00
    endloop
  endfacet
  facet normal 8.971111e-01 4.418050e-01 -2.549743e-14
    outer loop
      vertex   2.117032e+02 -1.760177e+02 1.000000e+00
      vertex   2.117032e+02 -1.760177e+02 2.000000e+00
      vertex   2.118844e+02 -1.763857e+02 2.000000e+00
    endloop
  endfacet
  facet normal 8.971111e-01 4.418050e-01 1.255344e-14
    outer loop
      vertex   2.117032e+02 -1.760177e+02 1.000000e+00
      vertex   2.118844e+02 -1.763857e+02 2.000000e+00
      vertex   2.118844e+02 -1.763857e+02 1.000000e+00
    endloop
  endfacet
  facet normal 9.670908e-01 2.544316e-01 7.231382e-15
    outer loop
      vertex   2.118844e+02 -1.763857e+02 1.000000e+00
      vertex   2.118844e+02 -1.763857e+02 2.000000e+00
      vertex   2.119818e+02 -1.767560e+02 2.000000e+00
    endloop
  endfacet
  facet normal 9.670908e-01 2.544316e-01 -5.781002e-15
    outer loop
      vertex   2.118844e+02 -1.763857e+02 1.000000e+00
      vertex   2.119818e+02 -1.767560e+02 2.000000e+00
      vertex   2.119818e+02 -1.767560e+02 1.000000e+00
    endloop
  endfacet
  facet normal 9.993621e-01 3.571212e-02 -2.535858e-14
    outer loop
      vertex   2.119818e+02 -1.767560e+02 1.000000e+00
      vertex   2.119818e+02 -1.767560e+02 2.000000e+00
      vertex   2.119951e+02 -1.771272e+02 2.000000e+00
    endloop
  endfacet
  facet normal 9.993621e-01 3.571212e-02 3.246326e-14
    outer loop
      vertex   2.119818e+02 -1.767560e+02 1.000000e+00
      vertex   2.119951e+02 -1.771272e+02 2.000000e+00
      vertex   2.119951e+02 -1.771272e+02 1.000000e+00
    endloop
  endfacet
  facet normal 9.821813e-01 -1.879359e-01 6.549428e-15
    outer loop
      vertex   2.119951e+02 -1.771272e+02 1.000000e+00
      vertex   2.119951e+02 -1.771272e+02 2.000000e+00
      vertex   2.119241e+02 -1.774979e+02 2.000000e+00
    endloop
  endfacet
  facet normal 9.821813e-01 -1.879359e-01 6.553478e-15
    outer loop
      vertex   2.119951e+02 -1.771272e+02 1.000000e+00
      vertex   2.119241e+02 -1.774979e+02 2.000000e+00
      vertex   2.119241e+02 -1.774979e+02 1.000000e+00
    endloop
  endfacet
  facet normal 9.220153e-01 -3.871535e-01 -1.780900e-14
    outer loop
      vertex   2.119241e+02 -1.774979e+02 1.000000e+00
      vertex   2.119241e+02 -1.774979e+02 2.000000e+00
      vertex   2.117693e+02 -1.778668e+02 2.000000e+00
    endloop
  endfacet
  facet normal 9.220153e-01 -3.871535e-01 -2.882893e-14
    outer loop
      vertex   2.119241e+02 -1.774979e+02 1.000000e+00
      vertex   2.117693e+02 -1.778668e+02 2.000000e+00
      vertex   2.117693e+02 -1.778668e+02 1.000000e+00
    endloop
  endfacet
  facet normal 8.377847e-01 -5.460007e-01 -5.378010e-14
    outer loop
      vertex   2.117693e+02 -1.778668e+02 1.000000e+00
      vertex   2.117693e+02 -1.778668e+02 2.000000e+00
      vertex   2.115310e+02 -1.782323e+02 2.000000e+00
    endloop
  endfacet
  facet normal 8.377847e-01 -5.460007e-01 2.131186e-15
    outer loop
      vertex   2.117693e+02 -1.778668e+02 1.000000e+00
      vertex   2.115310e+02 -1.782323e+02 2.000000e+00
      vertex   2.115310e+02 -1.782323e+02 1.000000e+00
    endloop
  endfacet
  facet normal 7.474782e-01 -6.642863e-01 -2.830248e-14
    outer loop
      vertex   2.115310e+02 -1.782323e+02 1.000000e+00
      vertex   2.115310e+02 -1.782323e+02 2.000000e+00
      vertex   2.112104e+02 -1.785931e+02 2.000000e+00
    endloop
  endfacet
  facet normal 7.474782e-01 -6.642863e-01 3.545010e-14
    outer loop
      vertex   2.115310e+02 -1.782323e+02 1.000000e+00
      vertex   2.112104e+02 -1.785931e+02 2.000000e+00
      vertex   2.112104e+02 -1.785931e+02 1.000000e+00
    endloop
  endfacet
  facet normal 6.617595e-01 -7.497162e-01 3.809045e-15
    outer loop
      vertex   2.112104e+02 -1.785931e+02 1.000000e+00
      vertex   2.112104e+02 -1.785931e+02 2.000000e+00
      vertex   2.108086e+02 -1.789478e+02 2.000000e+00
    endloop
  endfacet
  facet normal 6.617595e-01 -7.497162e-01 2.262931e-14
    outer loop
      vertex   2.112104e+02 -1.785931e+02 1.000000e+00
      vertex   2.108086e+02 -1.789478e+02 2.000000e+00
      vertex   2.108086e+02 -1.789478e+02 1.000000e+00
    endloop
  endfacet
  facet normal 5.849235e-01 -8.110884e-01 -5.318902e-15
    outer loop
      vertex   2.108086e+02 -1.789478e+02 1.000000e+00
      vertex   2.108086e+02 -1.789478e+02 2.000000e+00
      vertex   2.103270e+02 -1.792950e+02 2.000000e+00
    endloop
  endfacet
  facet normal 5.849235e-01 -8.110884e-01 2.795873e-14
    outer loop
      vertex   2.108086e+02 -1.789478e+02 1.000000e+00
      vertex   2.103270e+02 -1.792950e+02 2.000000e+00
      vertex   2.103270e+02 -1.792950e+02 1.000000e+00
    endloop
  endfacet
  facet normal 5.177100e-01 -8.555562e-01 1.243800e-15
    outer loop
      vertex   2.103270e+02 -1.792950e+02 1.000000e+00
      vertex   2.103270e+02 -1.792950e+02 2.000000e+00
      vertex   2.097677e+02 -1.796335e+02 2.000000e+00
    endloop
  endfacet
  facet normal 5.177100e-01 -8.555562e-01 -3.226617e-15
    outer loop
      vertex   2.103270e+02 -1.792950e+02 1.000000e+00
      vertex   2.097677e+02 -1.796335e+02 2.000000e+00
      vertex   2.097677e+02 -1.796335e+02 1.000000e+00
    endloop
  endfacet
  facet normal 4.593394e-01 -8.882608e-01 -3.224937e-14
    outer loop
      vertex   2.097677e+02 -1.796335e+02 1.000000e+00
      vertex   2.097677e+02 -1.796335e+02 2.000000e+00
      vertex   2.091327e+02 -1.799618e+02 2.000000e+00
    endloop
  endfacet
  facet normal 4.593394e-01 -8.882608e-01 1.910202e-14
    outer loop
      vertex   2.097677e+02 -1.796335e+02 1.000000e+00
      vertex   2.091327e+02 -1.799618e+02 2.000000e+00
      vertex   2.091327e+02 -1.799618e+02 1.000000e+00
    endloop
  endfacet
  facet normal 4.085664e-01 -9.127286e-01 -7.406833e-15
    outer loop
      vertex   2.091327e+02 -1.799618e+02 1.000000e+00
      vertex   2.091327e+02 -1.799618e+02 2.000000e+00
      vertex   2.084245e+02 -1.802789e+02 2.000000e+00
    endloop
  endfacet
  facet normal 4.085664e-01 -9.127286e-01 -2.443011e-14
    outer loop
      vertex   2.091327e+02 -1.799618e+02 1.000000e+00
      vertex   2.084245e+02 -1.802789e+02 2.000000e+00
      vertex   2.084245e+02 -1.802789e+02 1.000000e+00
    endloop
  endfacet
  facet normal 3.641301e-01 -9.313481e-01 -5.194895e-14
    outer loop
      vertex   2.084245e+02 -1.802789e+02 1.000000e+00
      vertex   2.084245e+02 -1.802789e+02 2.000000e+00
      vertex   2.076457e+02 -1.805834e+02 2.000000e+00
    endloop
  endfacet
  facet normal 3.641301e-01 -9.313481e-01 -2.091146e-14
    outer loop
      vertex   2.084245e+02 -1.802789e+02 1.000000e+00
      vertex   2.076457e+02 -1.805834e+02 2.000000e+00
      vertex   2.076457e+02 -1.805834e+02 1.000000e+00
    endloop
  endfacet
  facet normal 3.249148e-01 -9.457433e-01 -4.798944e-14
    outer loop
      vertex   2.076457e+02 -1.805834e+02 1.000000e+00
      vertex   2.076457e+02 -1.805834e+02 2.000000e+00
      vertex   2.067993e+02 -1.808741e+02 2.000000e+00
    endloop
  endfacet
  facet normal 3.249148e-01 -9.457433e-01 -1.829912e-15
    outer loop
      vertex   2.076457e+02 -1.805834e+02 1.000000e+00
      vertex   2.067993e+02 -1.808741e+02 2.000000e+00
      vertex   2.067993e+02 -1.808741e+02 1.000000e+00
    endloop
  endfacet
  facet normal 2.899853e-01 -9.570311e-01 -3.051530e-14
    outer loop
      vertex   2.067993e+02 -1.808741e+02 1.000000e+00
      vertex   2.067993e+02 -1.808741e+02 2.000000e+00
      vertex   2.058887e+02 -1.811501e+02 2.000000e+00
    endloop
  endfacet
  facet normal 2.899853e-01 -9.570311e-01 2.963577e-14
    outer loop
      vertex   2.067993e+02 -1.808741e+02 1.000000e+00
      vertex   2.058887e+02 -1.811501e+02 2.000000e+00
      vertex   2.058887e+02 -1.811501e+02 1.000000e+00
    endloop
  endfacet
  facet normal 2.585752e-01 -9.659911e-01 8.335419e-16
    outer loop
      vertex   2.058887e+02 -1.811501e+02 1.000000e+00
      vertex   2.058887e+02 -1.811501e+02 2.000000e+00
      vertex   2.049172e+02 -1.814101e+02 2.000000e+00
    endloop
  endfacet
  facet normal 2.585752e-01 -9.659911e-01 3.024816e-14
    outer loop
      vertex   2.058887e+02 -1.811501e+02 1.000000e+00
      vertex   2.049172e+02 -1.814101e+02 2.000000e+00
      vertex   2.049172e+02 -1.814101e+02 1.000000e+00
    endloop
  endfacet
  facet normal 2.300615e-01 -9.731761e-01 1.042522e-15
    outer loop
      vertex   2.049172e+02 -1.814101e+02 1.000000e+00
      vertex   2.049172e+02 -1.814101e+02 2.000000e+00
      vertex   2.038886e+02 -1.816533e+02 2.000000e+00
    endloop
  endfacet
  facet normal 2.300615e-01 -9.731761e-01 -4.726846e-16
    outer loop
      vertex   2.049172e+02 -1.814101e+02 1.000000e+00
      vertex   2.038886e+02 -1.816533e+02 2.000000e+00
      vertex   2.038886e+02 -1.816533e+02 1.000000e+00
    endloop
  endfacet
  facet normal 2.039372e-01 -9.789840e-01 -3.016236e-14
    outer loop
      vertex   2.038886e+02 -1.816533e+02 1.000000e+00
      vertex   2.038886e+02 -1.816533e+02 2.000000e+00
      vertex   2.028068e+02 -1.818786e+02 2.000000e+00
    endloop
  endfacet
  facet normal 2.039372e-01 -9.789840e-01 4.287733e-14
    outer loop
      vertex   2.038886e+02 -1.816533e+02 1.000000e+00
      vertex   2.028068e+02 -1.818786e+02 2.000000e+00
      vertex   2.028068e+02 -1.818786e+02 1.000000e+00
    endloop
  endfacet
  facet normal 1.797880e-01 -9.837054e-01 1.379501e-14
    outer loop
      vertex   2.028068e+02 -1.818786e+02 1.000000e+00
      vertex   2.028068e+02 -1.818786e+02 2.000000e+00
      vertex   2.016761e+02 -1.820853e+02 2.000000e+00
    endloop
  endfacet
  facet normal 1.797880e-01 -9.837054e-01 3.935687e-14
    outer loop
      vertex   2.028068e+02 -1.818786e+02 1.000000e+00
      vertex   2.016761e+02 -1.820853e+02 2.000000e+00
      vertex   2.016761e+02 -1.820853e+02 1.000000e+00
    endloop
  endfacet
  facet normal 1.572723e-01 -9.875553e-01 9.141571e-15
    outer loop
      vertex   2.016761e+02 -1.820853e+02 1.000000e+00
      vertex   2.016761e+02 -1.820853e+02 2.000000e+00
      vertex   2.005006e+02 -1.822725e+02 2.000000e+00
    endloop
  endfacet
  facet normal 1.572723e-01 -9.875553e-01 -1.049312e-15
    outer loop
      vertex   2.016761e+02 -1.820853e+02 1.000000e+00
      vertex   2.005006e+02 -1.822725e+02 2.000000e+00
      vertex   2.005006e+02 -1.822725e+02 1.000000e+00
    endloop
  endfacet
  facet normal 1.259523e-01 -9.920363e-01 -4.657401e-14
    outer loop
      vertex   2.005006e+02 -1.822725e+02 1.000000e+00
      vertex   2.005006e+02 -1.822725e+02 2.000000e+00
      vertex   1.980336e+02 -1.825857e+02 2.000000e+00
    endloop
  endfacet
  facet normal 1.259523e-01 -9.920363e-01 3.848474e-14
    outer loop
      vertex   2.005006e+02 -1.822725e+02 1.000000e+00
      vertex   1.980336e+02 -1.825857e+02 2.000000e+00
      vertex   1.980336e+02 -1.825857e+02 1.000000e+00
    endloop
  endfacet
  facet normal 8.760390e-02 -9.961554e-01 -2.546318e-14
    outer loop
      vertex   1.980336e+02 -1.825857e+02 1.000000e+00
      vertex   1.980336e+02 -1.825857e+02 2.000000e+00
      vertex   1.954438e+02 -1.828134e+02 2.000000e+00
    endloop
  endfacet
  facet normal 8.760390e-02 -9.961554e-01 4.855411e-14
    outer loop
      vertex   1.980336e+02 -1.825857e+02 1.000000e+00
      vertex   1.954438e+02 -1.828134e+02 2.000000e+00
      vertex   1.954438e+02 -1.828134e+02 1.000000e+00
    endloop
  endfacet
  facet normal 5.186065e-02 -9.986543e-01 -1.772592e-14
    outer loop
      vertex   1.954438e+02 -1.828134e+02 1.000000e+00
      vertex   1.954438e+02 -1.828134e+02 2.000000e+00
      vertex   1.927707e+02 -1.829523e+02 2.000000e+00
    endloop
  endfacet
  facet normal 5.186065e-02 -9.986543e-01 4.788521e-14
    outer loop
      vertex   1.954438e+02 -1.828134e+02 1.000000e+00
      vertex   1.927707e+02 -1.829523e+02 2.000000e+00
      vertex   1.927707e+02 -1.829523e+02 1.000000e+00
    endloop
  endfacet
  facet normal 1.758291e-02 -9.998454e-01 -2.135334e-14
    outer loop
      vertex   1.927707e+02 -1.829523e+02 1.000000e+00
      vertex   1.927707e+02 -1.829523e+02 2.000000e+00
      vertex   1.900552e+02 -1.830000e+02 2.000000e+00
    endloop
  endfacet
  facet normal 1.758291e-02 -9.998454e-01 3.897743e-14
    outer loop
      vertex   1.927707e+02 -1.829523e+02 1.000000e+00
      vertex   1.900552e+02 -1.830000e+02 2.000000e+00
      vertex   1.900552e+02 -1.830000e+02 1.000000e+00
    endloop
  endfacet
  facet normal -1.621052e-02 -9.998686e-01 -3.593699e-14
    outer loop
      vertex   1.900552e+02 -1.830000e+02 1.000000e+00
      vertex   1.900552e+02 -1.830000e+02 2.000000e+00
      vertex   1.873388e+02 -1.829560e+02 2.000000e+00
    endloop
  endfacet
  facet normal -1.621052e-02 -9.998686e-01 0.000000e+00
    outer loop
      vertex   1.900552e+02 -1.830000e+02 1.000000e+00
      vertex   1.873388e+02 -1.829560e+02 2.000000e+00
      vertex   1.873388e+02 -1.829560e+02 1.000000e+00
    endloop
  endfacet
  facet normal 9.604821e-02 -9.953767e-01 0.000000e+00
    outer loop
      vertex   1.873388e+02 -1.829560e+02 1.000000e+00
      vertex   1.873388e+02 -1.829560e+02 2.000000e+00
      vertex   1.872055e+02 -1.829688e+02 1.000000e+00
    endloop
  endfacet
  facet normal 9.604821e-02 -9.953767e-01 0.000000e+00
    outer loop
      vertex   1.872055e+02 -1.829688e+02 1.000000e+00
      vertex   1.873388e+02 -1.829560e+02 2.000000e+00
      vertex   1.872055e+02 -1.829688e+02 2.000000e+00
    endloop
  endfacet
  facet normal 3.345393e-01 -9.423818e-01 0.000000e+00
    outer loop
      vertex   1.872055e+02 -1.829688e+02 1.000000e+00
      vertex   1.872055e+02 -1.829688e+02 2.000000e+00
      vertex   1.870793e+02 -1.830136e+02 1.000000e+00
    endloop
  endfacet
  facet normal 3.345393e-01 -9.423818e-01 0.000000e+00
    outer loop
      vertex   1.870793e+02 -1.830136e+02 1.000000e+00
      vertex   1.872055e+02 -1.829688e+02 2.000000e+00
      vertex   1.870793e+02 -1.830136e+02 2.000000e+00
    endloop
  endfacet
  facet normal 5.530629e-01 -8.331395e-01 0.000000e+00
    outer loop
      vertex   1.870793e+02 -1.830136e+02 1.000000e+00
      vertex   1.870793e+02 -1.830136e+02 2.000000e+00
      vertex   1.869677e+02 -1.830877e+02 1.000000e+00
    endloop
  endfacet
  facet normal 5.530629e-01 -8.331395e-01 0.000000e+00
    outer loop
      vertex   1.869677e+02 -1.830877e+02 1.000000e+00
      vertex   1.870793e+02 -1.830136e+02 2.000000e+00
      vertex   1.869677e+02 -1.830877e+02 2.000000e+00
    endloop
  endfacet
  facet normal 7.385761e-01 -6.741701e-01 0.000000e+00
    outer loop
      vertex   1.869677e+02 -1.830877e+02 1.000000e+00
      vertex   1.869677e+02 -1.830877e+02 2.000000e+00
      vertex   1.868774e+02 -1.831866e+02 1.000000e+00
    endloop
  endfacet
  facet normal 7.385761e-01 -6.741701e-01 0.000000e+00
    outer loop
      vertex   1.868774e+02 -1.831866e+02 1.000000e+00
      vertex   1.869677e+02 -1.830877e+02 2.000000e+00
      vertex   1.868774e+02 -1.831866e+02 2.000000e+00
    endloop
  endfacet
  facet normal 8.800064e-01 -4.749618e-01 0.000000e+00
    outer loop
      vertex   1.868774e+02 -1.831866e+02 1.000000e+00
      vertex   1.868774e+02 -1.831866e+02 2.000000e+00
      vertex   1.868138e+02 -1.833045e+02 1.000000e+00
    endloop
  endfacet
  facet normal 8.800064e-01 -4.749618e-01 0.000000e+00
    outer loop
      vertex   1.868138e+02 -1.833045e+02 1.000000e+00
      vertex   1.868774e+02 -1.831866e+02 2.000000e+00
      vertex   1.868138e+02 -1.833045e+02 2.000000e+00
    endloop
  endfacet
  facet normal 9.689122e-01 -2.474048e-01 0.000000e+00
    outer loop
      vertex   1.868138e+02 -1.833045e+02 1.000000e+00
      vertex   1.868138e+02 -1.833045e+02 2.000000e+00
      vertex   1.867807e+02 -1.834343e+02 1.000000e+00
    endloop
  endfacet
  facet normal 9.689122e-01 -2.474048e-01 0.000000e+00
    outer loop
      vertex   1.867807e+02 -1.834343e+02 1.000000e+00
      vertex   1.868138e+02 -1.833045e+02 2.000000e+00
      vertex   1.867807e+02 -1.834343e+02 2.000000e+00
    endloop
  endfacet
  facet normal 9.910675e-01 -1.333612e-01 0.000000e+00
    outer loop
      vertex   1.867807e+02 -1.834343e+02 1.000000e+00
      vertex   1.867807e+02 -1.834343e+02 2.000000e+00
      vertex   1.867359e+02 -1.837671e+02 1.000000e+00
    endloop
  endfacet
  facet normal 9.910675e-01 -1.333612e-01 0.000000e+00
    outer loop
      vertex   1.867359e+02 -1.837671e+02 1.000000e+00
      vertex   1.867807e+02 -1.834343e+02 2.000000e+00
      vertex   1.867359e+02 -1.837671e+02 2.000000e+00
    endloop
  endfacet
  facet normal 9.893322e-01 -1.456768e-01 0.000000e+00
    outer loop
      vertex   1.867359e+02 -1.837671e+02 1.000000e+00
      vertex   1.867359e+02 -1.837671e+02 2.000000e+00
      vertex   1.866870e+02 -1.840993e+02 1.000000e+00
    endloop
  endfacet
  facet normal 9.893322e-01 -1.456768e-01 0.000000e+00
    outer loop
      vertex   1.866870e+02 -1.840993e+02 1.000000e+00
      vertex   1.867359e+02 -1.837671e+02 2.000000e+00
      vertex   1.866870e+02 -1.840993e+02 2.000000e+00
    endloop
  endfacet
  facet normal 9.874439e-01 -1.579699e-01 0.000000e+00
    outer loop
      vertex   1.866870e+02 -1.840993e+02 1.000000e+00
      vertex   1.866870e+02 -1.840993e+02 2.000000e+00
      vertex   1.866339e+02 -1.844309e+02 1.000000e+00
    endloop
  endfacet
  facet normal 9.874439e-01 -1.579699e-01 0.000000e+00
    outer loop
      vertex   1.866339e+02 -1.844309e+02 1.000000e+00
      vertex   1.866870e+02 -1.840993e+02 2.000000e+00
      vertex   1.866339e+02 -1.844309e+02 2.000000e+00
    endloop
  endfacet
  facet normal 9.990106e-01 -4.447313e-02 0.000000e+00
    outer loop
      vertex   1.866339e+02 -1.844309e+02 1.000000e+00
      vertex   1.866339e+02 -1.844309e+02 2.000000e+00
      vertex   1.866292e+02 -1.845368e+02 1.000000e+00
    endloop
  endfacet
  facet normal 9.990106e-01 -4.447313e-02 0.000000e+00
    outer loop
      vertex   1.866292e+02 -1.845368e+02 1.000000e+00
      vertex   1.866339e+02 -1.844309e+02 2.000000e+00
      vertex   1.866292e+02 -1.845368e+02 2.000000e+00
    endloop
  endfacet
  facet normal 9.808061e-01 1.949856e-01 -0.000000e+00
    outer loop
      vertex   1.866292e+02 -1.845368e+02 1.000000e+00
      vertex   1.866292e+02 -1.845368e+02 2.000000e+00
      vertex   1.866499e+02 -1.846407e+02 1.000000e+00
    endloop
  endfacet
  facet normal 9.808061e-01 1.949856e-01 -0.000000e+00
    outer loop
      vertex   1.866499e+02 -1.846407e+02 1.000000e+00
      vertex   1.866292e+02 -1.845368e+02 2.000000e+00
      vertex   1.866499e+02 -1.846407e+02 2.000000e+00
    endloop
  endfacet
  facet normal 9.060367e-01 4.231991e-01 -0.000000e+00
    outer loop
      vertex   1.866499e+02 -1.846407e+02 1.000000e+00
      vertex   1.866499e+02 -1.846407e+02 2.000000e+00
      vertex   1.866947e+02 -1.847367e+02 1.000000e+00
    endloop
  endfacet
  facet normal 9.060367e-01 4.231991e-01 -0.000000e+00
    outer loop
      vertex   1.866947e+02 -1.847367e+02 1.000000e+00
      vertex   1.866499e+02 -1.846407e+02 2.000000e+00
      vertex   1.866947e+02 -1.847367e+02 2.000000e+00
    endloop
  endfacet
  facet normal 7.790144e-01 6.270060e-01 -0.000000e+00
    outer loop
      vertex   1.866947e+02 -1.847367e+02 1.000000e+00
      vertex   1.866947e+02 -1.847367e+02 2.000000e+00
      vertex   1.867612e+02 -1.848192e+02 1.000000e+00
    endloop
  endfacet
  facet normal 7.790144e-01 6.270060e-01 -0.000000e+00
    outer loop
      vertex   1.867612e+02 -1.848192e+02 1.000000e+00
      vertex   1.866947e+02 -1.847367e+02 2.000000e+00
      vertex   1.867612e+02 -1.848192e+02 2.000000e+00
    endloop
  endfacet
  facet normal 6.070649e-01 7.946522e-01 -0.000000e+00
    outer loop
      vertex   1.867612e+02 -1.848192e+02 1.000000e+00
      vertex   1.867612e+02 -1.848192e+02 2.000000e+00
      vertex   1.868454e+02 -1.848836e+02 1.000000e+00
    endloop
  endfacet
  facet normal 6.070649e-01 7.946522e-01 -0.000000e+00
    outer loop
      vertex   1.868454e+02 -1.848836e+02 1.000000e+00
      vertex   1.867612e+02 -1.848192e+02 2.000000e+00
      vertex   1.868454e+02 -1.848836e+02 2.000000e+00
    endloop
  endfacet
  facet normal 4.001049e-01 9.164694e-01 -0.000000e+00
    outer loop
      vertex   1.868454e+02 -1.848836e+02 1.000000e+00
      vertex   1.868454e+02 -1.848836e+02 2.000000e+00
      vertex   1.869425e+02 -1.849260e+02 1.000000e+00
    endloop
  endfacet
  facet normal 4.001049e-01 9.164694e-01 -0.000000e+00
    outer loop
      vertex   1.869425e+02 -1.849260e+02 1.000000e+00
      vertex   1.868454e+02 -1.848836e+02 2.000000e+00
      vertex   1.869425e+02 -1.849260e+02 2.000000e+00
    endloop
  endfacet
  facet normal 1.700700e-01 9.854320e-01 -0.000000e+00
    outer loop
      vertex   1.869425e+02 -1.849260e+02 1.000000e+00
      vertex   1.869425e+02 -1.849260e+02 2.000000e+00
      vertex   1.870469e+02 -1.849440e+02 1.000000e+00
    endloop
  endfacet
  facet normal 1.700700e-01 9.854320e-01 -0.000000e+00
    outer loop
      vertex   1.870469e+02 -1.849440e+02 1.000000e+00
      vertex   1.869425e+02 -1.849260e+02 2.000000e+00
      vertex   1.870469e+02 -1.849440e+02 2.000000e+00
    endloop
  endfacet
  facet normal 1.544743e-02 9.998807e-01 0.000000e+00
    outer loop
      vertex   1.870469e+02 -1.849440e+02 2.000000e+00
      vertex   1.905479e+02 -1.849981e+02 2.000000e+00
      vertex   1.870469e+02 -1.849440e+02 1.000000e+00
    endloop
  endfacet
  facet normal 1.544743e-02 9.998807e-01 0.000000e+00
    outer loop
      vertex   1.870469e+02 -1.849440e+02 1.000000e+00
      vertex   1.905479e+02 -1.849981e+02 2.000000e+00
      vertex   1.905479e+02 -1.849981e+02 1.000000e+00
    endloop
  endfacet
  facet normal -2.953502e-02 9.995637e-01 0.000000e+00
    outer loop
      vertex   1.905479e+02 -1.849981e+02 1.000000e+00
      vertex   1.905479e+02 -1.849981e+02 2.000000e+00
      vertex   1.940381e+02 -1.848950e+02 2.000000e+00
    endloop
  endfacet
  facet normal -2.953502e-02 9.995637e-01 0.000000e+00
    outer loop
      vertex   1.905479e+02 -1.849981e+02 1.000000e+00
      vertex   1.940381e+02 -1.848950e+02 2.000000e+00
      vertex   1.940381e+02 -1.848950e+02 1.000000e+00
    endloop
  endfacet
  facet normal -6.384248e-02 9.979600e-01 0.000000e+00
    outer loop
      vertex   1.940381e+02 -1.848950e+02 1.000000e+00
      vertex   1.940381e+02 -1.848950e+02 2.000000e+00
      vertex   1.957577e+02 -1.847849e+02 2.000000e+00
    endloop
  endfacet
  facet normal -6.384248e-02 9.979600e-01 0.000000e+00
    outer loop
      vertex   1.940381e+02 -1.848950e+02 1.000000e+00
      vertex   1.957577e+02 -1.847849e+02 2.000000e+00
      vertex   1.957577e+02 -1.847849e+02 1.000000e+00
    endloop
  endfacet
  facet normal -8.735746e-02 9.961770e-01 0.000000e+00
    outer loop
      vertex   1.957577e+02 -1.847849e+02 1.000000e+00
      vertex   1.957577e+02 -1.847849e+02 2.000000e+00
      vertex   1.974489e+02 -1.846366e+02 2.000000e+00
    endloop
  endfacet
  facet normal -8.735746e-02 9.961770e-01 0.000000e+00
    outer loop
      vertex   1.957577e+02 -1.847849e+02 1.000000e+00
      vertex   1.974489e+02 -1.846366e+02 2.000000e+00
      vertex   1.974489e+02 -1.846366e+02 1.000000e+00
    endloop
  endfacet
  facet normal -1.116416e-01 9.937485e-01 0.000000e+00
    outer loop
      vertex   1.974489e+02 -1.846366e+02 1.000000e+00
      vertex   1.974489e+02 -1.846366e+02 2.000000e+00
      vertex   1.991035e+02 -1.844508e+02 2.000000e+00
    endloop
  endfacet
  facet normal -1.116416e-01 9.937485e-01 0.000000e+00
    outer loop
      vertex   1.974489e+02 -1.846366e+02 1.000000e+00
      vertex   1.991035e+02 -1.844508e+02 2.000000e+00
      vertex   1.991035e+02 -1.844508e+02 1.000000e+00
    endloop
  endfacet
  facet normal -1.369400e-01 9.905793e-01 0.000000e+00
    outer loop
      vertex   1.991035e+02 -1.844508e+02 1.000000e+00
      vertex   1.991035e+02 -1.844508e+02 2.000000e+00
      vertex   2.007134e+02 -1.842282e+02 2.000000e+00
    endloop
  endfacet
  facet normal -1.369400e-01 9.905793e-01 0.000000e+00
    outer loop
      vertex   1.991035e+02 -1.844508e+02 1.000000e+00
      vertex   2.007134e+02 -1.842282e+02 2.000000e+00
      vertex   2.007134e+02 -1.842282e+02 1.000000e+00
    endloop
  endfacet
  facet normal -1.635310e-01 9.865382e-01 0.000000e+00
    outer loop
      vertex   2.007134e+02 -1.842282e+02 1.000000e+00
      vertex   2.007134e+02 -1.842282e+02 2.000000e+00
      vertex   2.022705e+02 -1.839701e+02 2.000000e+00
    endloop
  endfacet
  facet normal -1.635310e-01 9.865382e-01 0.000000e+00
    outer loop
      vertex   2.007134e+02 -1.842282e+02 1.000000e+00
      vertex   2.022705e+02 -1.839701e+02 2.000000e+00
      vertex   2.022705e+02 -1.839701e+02 1.000000e+00
    endloop
  endfacet
  facet normal -1.917371e-01 9.814463e-01 0.000000e+00
    outer loop
      vertex   2.022705e+02 -1.839701e+02 1.000000e+00
      vertex   2.022705e+02 -1.839701e+02 2.000000e+00
      vertex   2.037672e+02 -1.836777e+02 2.000000e+00
    endloop
  endfacet
  facet normal -1.917371e-01 9.814463e-01 0.000000e+00
    outer loop
      vertex   2.022705e+02 -1.839701e+02 1.000000e+00
      vertex   2.037672e+02 -1.836777e+02 2.000000e+00
      vertex   2.037672e+02 -1.836777e+02 1.000000e+00
    endloop
  endfacet
  facet normal -2.219383e-01 9.750607e-01 0.000000e+00
    outer loop
      vertex   2.037672e+02 -1.836777e+02 1.000000e+00
      vertex   2.037672e+02 -1.836777e+02 2.000000e+00
      vertex   2.051962e+02 -1.833524e+02 2.000000e+00
    endloop
  endfacet
  facet normal -2.219383e-01 9.750607e-01 0.000000e+00
    outer loop
      vertex   2.037672e+02 -1.836777e+02 1.000000e+00
      vertex   2.051962e+02 -1.833524e+02 2.000000e+00
      vertex   2.051962e+02 -1.833524e+02 1.000000e+00
    endloop
  endfacet
  facet normal -2.545874e-01 9.670498e-01 0.000000e+00
    outer loop
      vertex   2.051962e+02 -1.833524e+02 1.000000e+00
      vertex   2.051962e+02 -1.833524e+02 2.000000e+00
      vertex   2.065504e+02 -1.829959e+02 2.000000e+00
    endloop
  endfacet
  facet normal -2.545874e-01 9.670498e-01 0.000000e+00
    outer loop
      vertex   2.051962e+02 -1.833524e+02 1.000000e+00
      vertex   2.065504e+02 -1.829959e+02 2.000000e+00
      vertex   2.065504e+02 -1.829959e+02 1.000000e+00
    endloop
  endfacet
  facet normal -2.902295e-01 9.569571e-01 0.000000e+00
    outer loop
      vertex   2.065504e+02 -1.829959e+02 1.000000e+00
      vertex   2.065504e+02 -1.829959e+02 2.000000e+00
      vertex   2.078232e+02 -1.826099e+02 2.000000e+00
    endloop
  endfacet
  facet normal -2.902295e-01 9.569571e-01 1.652767e-14
    outer loop
      vertex   2.065504e+02 -1.829959e+02 1.000000e+00
      vertex   2.078232e+02 -1.826099e+02 2.000000e+00
      vertex   2.078232e+02 -1.826099e+02 1.000000e+00
    endloop
  endfacet
  facet normal -3.295235e-01 9.441474e-01 1.873124e-14
    outer loop
      vertex   2.078232e+02 -1.826099e+02 1.000000e+00
      vertex   2.078232e+02 -1.826099e+02 2.000000e+00
      vertex   2.090083e+02 -1.821963e+02 2.000000e+00
    endloop
  endfacet
  facet normal -3.295235e-01 9.441474e-01 9.331461e-15
    outer loop
      vertex   2.078232e+02 -1.826099e+02 1.000000e+00
      vertex   2.090083e+02 -1.821963e+02 2.000000e+00
      vertex   2.090083e+02 -1.821963e+02 1.000000e+00
    endloop
  endfacet
  facet normal -3.732637e-01 9.277253e-01 1.060879e-14
    outer loop
      vertex   2.090083e+02 -1.821963e+02 1.000000e+00
      vertex   2.090083e+02 -1.821963e+02 2.000000e+00
      vertex   2.100998e+02 -1.817571e+02 2.000000e+00
    endloop
  endfacet
  facet normal -3.732637e-01 9.277253e-01 2.123054e-14
    outer loop
      vertex   2.090083e+02 -1.821963e+02 1.000000e+00
      vertex   2.100998e+02 -1.817571e+02 2.000000e+00
      vertex   2.100998e+02 -1.817571e+02 1.000000e+00
    endloop
  endfacet
  facet normal -4.223934e-01 9.064126e-01 2.401028e-14
    outer loop
      vertex   2.100998e+02 -1.817571e+02 1.000000e+00
      vertex   2.100998e+02 -1.817571e+02 2.000000e+00
      vertex   2.110925e+02 -1.812945e+02 1.000000e+00
    endloop
  endfacet
  facet normal -4.223934e-01 9.064126e-01 0.000000e+00
    outer loop
      vertex   2.110925e+02 -1.812945e+02 1.000000e+00
      vertex   2.100998e+02 -1.817571e+02 2.000000e+00
      vertex   2.110925e+02 -1.812945e+02 2.000000e+00
    endloop
  endfacet
  facet normal 7.210404e-01 6.928930e-01 0.000000e+00
    outer loop
      vertex   2.110925e+02 -1.812945e+02 2.000000e+00
      vertex   2.114484e+02 -1.816648e+02 2.000000e+00
      vertex   2.110925e+02 -1.812945e+02 1.000000e+00
    endloop
  endfacet
  facet normal 7.210404e-01 6.928930e-01 4.102177e-14
    outer loop
      vertex   2.110925e+02 -1.812945e+02 1.000000e+00
      vertex   2.114484e+02 -1.816648e+02 2.000000e+00
      vertex   2.114484e+02 -1.816648e+02 1.000000e+00
    endloop
  endfacet
  facet normal 8.135702e-01 5.814667e-01 4.624611e-14
    outer loop
      vertex   2.114484e+02 -1.816648e+02 1.000000e+00
      vertex   2.114484e+02 -1.816648e+02 2.000000e+00
      vertex   2.117169e+02 -1.820405e+02 2.000000e+00
    endloop
  endfacet
  facet normal 8.135702e-01 5.814667e-01 0.000000e+00
    outer loop
      vertex   2.114484e+02 -1.816648e+02 1.000000e+00
      vertex   2.117169e+02 -1.820405e+02 2.000000e+00
      vertex   2.117169e+02 -1.820405e+02 1.000000e+00
    endloop
  endfacet
  facet normal 9.034471e-01 4.286997e-01 -0.000000e+00
    outer loop
      vertex   2.117169e+02 -1.820405e+02 1.000000e+00
      vertex   2.117169e+02 -1.820405e+02 2.000000e+00
      vertex   2.118970e+02 -1.824201e+02 2.000000e+00
    endloop
  endfacet
  facet normal 9.034471e-01 4.286997e-01 -1.218691e-14
    outer loop
      vertex   2.117169e+02 -1.820405e+02 1.000000e+00
      vertex   2.118970e+02 -1.824201e+02 2.000000e+00
      vertex   2.118970e+02 -1.824201e+02 1.000000e+00
    endloop
  endfacet
  facet normal 9.727699e-01 2.317731e-01 -6.587387e-15
    outer loop
      vertex   2.118970e+02 -1.824201e+02 1.000000e+00
      vertex   2.118970e+02 -1.824201e+02 2.000000e+00
      vertex   2.119880e+02 -1.828021e+02 2.000000e+00
    endloop
  endfacet
  facet normal 9.727699e-01 2.317731e-01 0.000000e+00
    outer loop
      vertex   2.118970e+02 -1.824201e+02 1.000000e+00
      vertex   2.119880e+02 -1.828021e+02 2.000000e+00
      vertex   2.119880e+02 -1.828021e+02 1.000000e+00
    endloop
  endfacet
  facet normal 9.999922e-01 3.960033e-03 -0.000000e+00
    outer loop
      vertex   2.119880e+02 -1.828021e+02 1.000000e+00
      vertex   2.119880e+02 -1.828021e+02 2.000000e+00
      vertex   2.119896e+02 -1.831849e+02 2.000000e+00
    endloop
  endfacet
  facet normal 9.999922e-01 3.960033e-03 0.000000e+00
    outer loop
      vertex   2.119880e+02 -1.828021e+02 1.000000e+00
      vertex   2.119896e+02 -1.831849e+02 2.000000e+00
      vertex   2.119896e+02 -1.831849e+02 1.000000e+00
    endloop
  endfacet
  facet normal 9.744895e-01 -2.244332e-01 0.000000e+00
    outer loop
      vertex   2.119896e+02 -1.831849e+02 1.000000e+00
      vertex   2.119896e+02 -1.831849e+02 2.000000e+00
      vertex   2.119016e+02 -1.835670e+02 2.000000e+00
    endloop
  endfacet
  facet normal 9.744895e-01 -2.244332e-01 0.000000e+00
    outer loop
      vertex   2.119896e+02 -1.831849e+02 1.000000e+00
      vertex   2.119016e+02 -1.835670e+02 2.000000e+00
      vertex   2.119016e+02 -1.835670e+02 1.000000e+00
    endloop
  endfacet
  facet normal 9.062532e-01 -4.227354e-01 0.000000e+00
    outer loop
      vertex   2.119016e+02 -1.835670e+02 1.000000e+00
      vertex   2.119016e+02 -1.835670e+02 2.000000e+00
      vertex   2.117244e+02 -1.839467e+02 2.000000e+00
    endloop
  endfacet
  facet normal 9.062532e-01 -4.227354e-01 -5.150199e-14
    outer loop
      vertex   2.119016e+02 -1.835670e+02 1.000000e+00
      vertex   2.117244e+02 -1.839467e+02 2.000000e+00
      vertex   2.117244e+02 -1.839467e+02 1.000000e+00
    endloop
  endfacet
  facet normal 8.167331e-01 -5.770157e-01 -4.642590e-14
    outer loop
      vertex   2.117244e+02 -1.839467e+02 1.000000e+00
      vertex   2.117244e+02 -1.839467e+02 2.000000e+00
      vertex   2.114589e+02 -1.843226e+02 2.000000e+00
    endloop
  endfacet
  facet normal 8.167331e-01 -5.770157e-01 0.000000e+00
    outer loop
      vertex   2.117244e+02 -1.839467e+02 1.000000e+00
      vertex   2.114589e+02 -1.843226e+02 2.000000e+00
      vertex   2.114589e+02 -1.843226e+02 1.000000e+00
    endloop
  endfacet
  facet normal 7.240936e-01 -6.897017e-01 0.000000e+00
    outer loop
      vertex   2.114589e+02 -1.843226e+02 1.000000e+00
      vertex   2.114589e+02 -1.843226e+02 2.000000e+00
      vertex   2.111060e+02 -1.846931e+02 2.000000e+00
    endloop
  endfacet
  facet normal 7.240936e-01 -6.897017e-01 1.958259e-14
    outer loop
      vertex   2.114589e+02 -1.843226e+02 1.000000e+00
      vertex   2.111060e+02 -1.846931e+02 2.000000e+00
      vertex   2.111060e+02 -1.846931e+02 1.000000e+00
    endloop
  endfacet
  facet normal 6.380421e-01 -7.700015e-01 2.188476e-14
    outer loop
      vertex   2.111060e+02 -1.846931e+02 1.000000e+00
      vertex   2.111060e+02 -1.846931e+02 2.000000e+00
      vertex   2.106672e+02 -1.850567e+02 2.000000e+00
    endloop
  endfacet
  facet normal 6.380421e-01 -7.700015e-01 0.000000e+00
    outer loop
      vertex   2.111060e+02 -1.846931e+02 1.000000e+00
      vertex   2.106672e+02 -1.850567e+02 2.000000e+00
      vertex   2.106672e+02 -1.850567e+02 1.000000e+00
    endloop
  endfacet
  facet normal 5.619250e-01 -8.271882e-01 0.000000e+00
    outer loop
      vertex   2.106672e+02 -1.850567e+02 1.000000e+00
      vertex   2.106672e+02 -1.850567e+02 2.000000e+00
      vertex   2.101443e+02 -1.854119e+02 2.000000e+00
    endloop
  endfacet
  facet normal 5.619250e-01 -8.271882e-01 -1.598149e-14
    outer loop
      vertex   2.106672e+02 -1.850567e+02 1.000000e+00
      vertex   2.101443e+02 -1.854119e+02 2.000000e+00
      vertex   2.101443e+02 -1.854119e+02 1.000000e+00
    endloop
  endfacet
  facet normal 4.958675e-01 -8.683982e-01 -1.409340e-14
    outer loop
      vertex   2.101443e+02 -1.854119e+02 1.000000e+00
      vertex   2.101443e+02 -1.854119e+02 2.000000e+00
      vertex   2.095393e+02 -1.857573e+02 2.000000e+00
    endloop
  endfacet
  facet normal 4.958675e-01 -8.683982e-01 0.000000e+00
    outer loop
      vertex   2.101443e+02 -1.854119e+02 1.000000e+00
      vertex   2.095393e+02 -1.857573e+02 2.000000e+00
      vertex   2.095393e+02 -1.857573e+02 1.000000e+00
    endloop
  endfacet
  facet normal 4.387594e-01 -8.986046e-01 0.000000e+00
    outer loop
      vertex   2.095393e+02 -1.857573e+02 1.000000e+00
      vertex   2.095393e+02 -1.857573e+02 2.000000e+00
      vertex   2.088549e+02 -1.860915e+02 2.000000e+00
    endloop
  endfacet
  facet normal 4.387594e-01 -8.986046e-01 0.000000e+00
    outer loop
      vertex   2.095393e+02 -1.857573e+02 1.000000e+00
      vertex   2.088549e+02 -1.860915e+02 2.000000e+00
      vertex   2.088549e+02 -1.860915e+02 1.000000e+00
    endloop
  endfacet
  facet normal 3.891962e-01 -9.211549e-01 0.000000e+00
    outer loop
      vertex   2.088549e+02 -1.860915e+02 1.000000e+00
      vertex   2.088549e+02 -1.860915e+02 2.000000e+00
      vertex   2.080937e+02 -1.864131e+02 2.000000e+00
    endloop
  endfacet
  facet normal 3.891962e-01 -9.211549e-01 0.000000e+00
    outer loop
      vertex   2.088549e+02 -1.860915e+02 1.000000e+00
      vertex   2.080937e+02 -1.864131e+02 2.000000e+00
      vertex   2.080937e+02 -1.864131e+02 1.000000e+00
    endloop
  endfacet
  facet normal 3.458502e-01 -9.382897e-01 0.000000e+00
    outer loop
      vertex   2.080937e+02 -1.864131e+02 1.000000e+00
      vertex   2.080937e+02 -1.864131e+02 2.000000e+00
      vertex   2.072589e+02 -1.867208e+02 2.000000e+00
    endloop
  endfacet
  facet normal 3.458502e-01 -9.382897e-01 0.000000e+00
    outer loop
      vertex   2.080937e+02 -1.864131e+02 1.000000e+00
      vertex   2.072589e+02 -1.867208e+02 2.000000e+00
      vertex   2.072589e+02 -1.867208e+02 1.000000e+00
    endloop
  endfacet
  facet normal 3.075839e-01 -9.515210e-01 0.000000e+00
    outer loop
      vertex   2.072589e+02 -1.867208e+02 1.000000e+00
      vertex   2.072589e+02 -1.867208e+02 2.000000e+00
      vertex   2.063538e+02 -1.870134e+02 2.000000e+00
    endloop
  endfacet
  facet normal 3.075839e-01 -9.515210e-01 0.000000e+00
    outer loop
      vertex   2.072589e+02 -1.867208e+02 1.000000e+00
      vertex   2.063538e+02 -1.870134e+02 2.000000e+00
      vertex   2.063538e+02 -1.870134e+02 1.000000e+00
    endloop
  endfacet
  facet normal 2.734613e-01 -9.618830e-01 0.000000e+00
    outer loop
      vertex   2.063538e+02 -1.870134e+02 1.000000e+00
      vertex   2.063538e+02 -1.870134e+02 2.000000e+00
      vertex   2.053821e+02 -1.872896e+02 2.000000e+00
    endloop
  endfacet
  facet normal 2.734613e-01 -9.618830e-01 0.000000e+00
    outer loop
      vertex   2.063538e+02 -1.870134e+02 1.000000e+00
      vertex   2.053821e+02 -1.872896e+02 2.000000e+00
      vertex   2.053821e+02 -1.872896e+02 1.000000e+00
    endloop
  endfacet
  facet normal 2.427240e-01 -9.700954e-01 0.000000e+00
    outer loop
      vertex   2.053821e+02 -1.872896e+02 1.000000e+00
      vertex   2.053821e+02 -1.872896e+02 2.000000e+00
      vertex   2.043479e+02 -1.875484e+02 2.000000e+00
    endloop
  endfacet
  facet normal 2.427240e-01 -9.700954e-01 -6.924981e-15
    outer loop
      vertex   2.053821e+02 -1.872896e+02 1.000000e+00
      vertex   2.043479e+02 -1.875484e+02 2.000000e+00
      vertex   2.043479e+02 -1.875484e+02 1.000000e+00
    endloop
  endfacet
  facet normal 2.147595e-01 -9.766670e-01 -6.103832e-15
    outer loop
      vertex   2.043479e+02 -1.875484e+02 1.000000e+00
      vertex   2.043479e+02 -1.875484e+02 2.000000e+00
      vertex   2.032552e+02 -1.877887e+02 2.000000e+00
    endloop
  endfacet
  facet normal 2.147595e-01 -9.766670e-01 0.000000e+00
    outer loop
      vertex   2.043479e+02 -1.875484e+02 1.000000e+00
      vertex   2.032552e+02 -1.877887e+02 2.000000e+00
      vertex   2.032552e+02 -1.877887e+02 1.000000e+00
    endloop
  endfacet
  facet normal 1.890718e-01 -9.819633e-01 0.000000e+00
    outer loop
      vertex   2.032552e+02 -1.877887e+02 1.000000e+00
      vertex   2.032552e+02 -1.877887e+02 2.000000e+00
      vertex   2.021086e+02 -1.880095e+02 2.000000e+00
    endloop
  endfacet
  facet normal 1.890718e-01 -9.819633e-01 0.000000e+00
    outer loop
      vertex   2.032552e+02 -1.877887e+02 1.000000e+00
      vertex   2.021086e+02 -1.880095e+02 2.000000e+00
      vertex   2.021086e+02 -1.880095e+02 1.000000e+00
    endloop
  endfacet
  facet normal 1.652560e-01 -9.862507e-01 0.000000e+00
    outer loop
      vertex   2.021086e+02 -1.880095e+02 1.000000e+00
      vertex   2.021086e+02 -1.880095e+02 2.000000e+00
      vertex   2.009127e+02 -1.882098e+02 2.000000e+00
    endloop
  endfacet
  facet normal 1.652560e-01 -9.862507e-01 0.000000e+00
    outer loop
      vertex   2.021086e+02 -1.880095e+02 1.000000e+00
      vertex   2.009127e+02 -1.882098e+02 2.000000e+00
      vertex   2.009127e+02 -1.882098e+02 1.000000e+00
    endloop
  endfacet
  facet normal 1.429782e-01 -9.897258e-01 0.000000e+00
    outer loop
      vertex   2.009127e+02 -1.882098e+02 1.000000e+00
      vertex   2.009127e+02 -1.882098e+02 2.000000e+00
      vertex   1.996724e+02 -1.883890e+02 2.000000e+00
    endloop
  endfacet
  facet normal 1.429782e-01 -9.897258e-01 0.000000e+00
    outer loop
      vertex   2.009127e+02 -1.882098e+02 1.000000e+00
      vertex   1.996724e+02 -1.883890e+02 2.000000e+00
      vertex   1.996724e+02 -1.883890e+02 1.000000e+00
    endloop
  endfacet
  facet normal 1.118484e-01 -9.937253e-01 0.000000e+00
    outer loop
      vertex   1.996724e+02 -1.883890e+02 1.000000e+00
      vertex   1.996724e+02 -1.883890e+02 2.000000e+00
      vertex   1.970789e+02 -1.886809e+02 2.000000e+00
    endloop
  endfacet
  facet normal 1.118484e-01 -9.937253e-01 0.000000e+00
    outer loop
      vertex   1.996724e+02 -1.883890e+02 1.000000e+00
      vertex   1.970789e+02 -1.886809e+02 2.000000e+00
      vertex   1.970789e+02 -1.886809e+02 1.000000e+00
    endloop
  endfacet
  facet normal 7.345968e-02 -9.972982e-01 0.000000e+00
    outer loop
      vertex   1.970789e+02 -1.886809e+02 1.000000e+00
      vertex   1.970789e+02 -1.886809e+02 2.000000e+00
      vertex   1.943703e+02 -1.888804e+02 2.000000e+00
    endloop
  endfacet
  facet normal 7.345968e-02 -9.972982e-01 0.000000e+00
    outer loop
      vertex   1.970789e+02 -1.886809e+02 1.000000e+00
      vertex   1.943703e+02 -1.888804e+02 2.000000e+00
      vertex   1.943703e+02 -1.888804e+02 1.000000e+00
    endloop
  endfacet
  facet normal 3.734227e-02 -9.993025e-01 0.000000e+00
    outer loop
      vertex   1.943703e+02 -1.888804e+02 1.000000e+00
      vertex   1.943703e+02 -1.888804e+02 2.000000e+00
      vertex   1.915905e+02 -1.889843e+02 2.000000e+00
    endloop
  endfacet
  facet normal 3.734227e-02 -9.993025e-01 0.000000e+00
    outer loop
      vertex   1.943703e+02 -1.888804e+02 1.000000e+00
      vertex   1.915905e+02 -1.889843e+02 2.000000e+00
      vertex   1.915905e+02 -1.889843e+02 1.000000e+00
    endloop
  endfacet
  facet normal 2.331988e-03 -9.999973e-01 0.000000e+00
    outer loop
      vertex   1.915905e+02 -1.889843e+02 1.000000e+00
      vertex   1.915905e+02 -1.889843e+02 2.000000e+00
      vertex   1.887849e+02 -1.889909e+02 2.000000e+00
    endloop
  endfacet
  facet normal 2.331988e-03 -9.999973e-01 0.000000e+00
    outer loop
      vertex   1.915905e+02 -1.889843e+02 1.000000e+00
      vertex   1.887849e+02 -1.889909e+02 2.000000e+00
      vertex   1.887849e+02 -1.889909e+02 1.000000e+00
    endloop
  endfacet
  facet normal -3.261019e-02 -9.994681e-01 0.000000e+00
    outer loop
      vertex   1.887849e+02 -1.889909e+02 1.000000e+00
      vertex   1.887849e+02 -1.889909e+02 2.000000e+00
      vertex   1.859991e+02 -1.889000e+02 2.000000e+00
    endloop
  endfacet
  facet normal -3.261019e-02 -9.994681e-01 0.000000e+00
    outer loop
      vertex   1.887849e+02 -1.889909e+02 1.000000e+00
      vertex   1.859991e+02 -1.889000e+02 2.000000e+00
      vertex   1.859991e+02 -1.889000e+02 1.000000e+00
    endloop
  endfacet
  facet normal 8.231867e-02 -9.966061e-01 0.000000e+00
    outer loop
      vertex   1.859991e+02 -1.889000e+02 1.000000e+00
      vertex   1.859991e+02 -1.889000e+02 2.000000e+00
      vertex   1.858287e+02 -1.889140e+02 1.000000e+00
    endloop
  endfacet
  facet normal 8.231867e-02 -9.966061e-01 0.000000e+00
    outer loop
      vertex   1.858287e+02 -1.889140e+02 1.000000e+00
      vertex   1.859991e+02 -1.889000e+02 2.000000e+00
      vertex   1.858287e+02 -1.889140e+02 2.000000e+00
    endloop
  endfacet
  facet normal 3.284251e-01 -9.445300e-01 0.000000e+00
    outer loop
      vertex   1.858287e+02 -1.889140e+02 1.000000e+00
      vertex   1.858287e+02 -1.889140e+02 2.000000e+00
      vertex   1.856672e+02 -1.889702e+02 1.000000e+00
    endloop
  endfacet
  facet normal 3.284251e-01 -9.445300e-01 0.000000e+00
    outer loop
      vertex   1.856672e+02 -1.889702e+02 1.000000e+00
      vertex   1.858287e+02 -1.889140e+02 2.000000e+00
      vertex   1.856672e+02 -1.889702e+02 2.000000e+00
    endloop
  endfacet
  facet normal 5.537487e-01 -8.326838e-01 0.000000e+00
    outer loop
      vertex   1.856672e+02 -1.889702e+02 1.000000e+00
      vertex   1.856672e+02 -1.889702e+02 2.000000e+00
      vertex   1.855248e+02 -1.890649e+02 1.000000e+00
    endloop
  endfacet
  facet normal 5.537487e-01 -8.326838e-01 0.000000e+00
    outer loop
      vertex   1.855248e+02 -1.890649e+02 1.000000e+00
      vertex   1.856672e+02 -1.889702e+02 2.000000e+00
      vertex   1.855248e+02 -1.890649e+02 2.000000e+00
    endloop
  endfacet
  facet normal 7.440309e-01 -6.681452e-01 0.000000e+00
    outer loop
      vertex   1.855248e+02 -1.890649e+02 1.000000e+00
      vertex   1.855248e+02 -1.890649e+02 2.000000e+00
      vertex   1.854105e+02 -1.891921e+02 1.000000e+00
    endloop
  endfacet
  facet normal 7.440309e-01 -6.681452e-01 0.000000e+00
    outer loop
      vertex   1.854105e+02 -1.891921e+02 1.000000e+00
      vertex   1.855248e+02 -1.890649e+02 2.000000e+00
      vertex   1.854105e+02 -1.891921e+02 2.000000e+00
    endloop
  endfacet
  facet normal 8.872306e-01 -4.613261e-01 0.000000e+00
    outer loop
      vertex   1.854105e+02 -1.891921e+02 1.000000e+00
      vertex   1.854105e+02 -1.891921e+02 2.000000e+00
      vertex   1.853316e+02 -1.893438e+02 1.000000e+00
    endloop
  endfacet
  facet normal 8.872306e-01 -4.613261e-01 0.000000e+00
    outer loop
      vertex   1.853316e+02 -1.893438e+02 1.000000e+00
      vertex   1.854105e+02 -1.891921e+02 2.000000e+00
      vertex   1.853316e+02 -1.893438e+02 2.000000e+00
    endloop
  endfacet
  facet normal 9.358544e-01 -3.523869e-01 0.000000e+00
    outer loop
      vertex   1.853316e+02 -1.893438e+02 1.000000e+00
      vertex   1.853316e+02 -1.893438e+02 2.000000e+00
      vertex   1.852033e+02 -1.896846e+02 1.000000e+00
    endloop
  endfacet
  facet normal 9.358544e-01 -3.523869e-01 0.000000e+00
    outer loop
      vertex   1.852033e+02 -1.896846e+02 1.000000e+00
      vertex   1.853316e+02 -1.893438e+02 2.000000e+00
      vertex   1.852033e+02 -1.896846e+02 2.000000e+00
    endloop
  endfacet
  facet normal 9.310172e-01 -3.649753e-01 0.000000e+00
    outer loop
      vertex   1.852033e+02 -1.896846e+02 1.000000e+00
      vertex   1.852033e+02 -1.896846e+02 2.000000e+00
      vertex   1.850704e+02 -1.900236e+02 1.000000e+00
    endloop
  endfacet
  facet normal 9.310172e-01 -3.649753e-01 0.000000e+00
    outer loop
      vertex   1.850704e+02 -1.900236e+02 1.000000e+00
      vertex   1.852033e+02 -1.896846e+02 2.000000e+00
      vertex   1.850704e+02 -1.900236e+02 2.000000e+00
    endloop
  endfacet
  facet normal 9.260107e-01 -3.774973e-01 0.000000e+00
    outer loop
      vertex   1.850704e+02 -1.900236e+02 1.000000e+00
      vertex   1.850704e+02 -1.900236e+02 2.000000e+00
      vertex   1.849330e+02 -1.903608e+02 1.000000e+00
    endloop
  endfacet
  facet normal 9.260107e-01 -3.774973e-01 0.000000e+00
    outer loop
      vertex   1.849330e+02 -1.903608e+02 1.000000e+00
      vertex   1.850704e+02 -1.900236e+02 2.000000e+00
      vertex   1.849330e+02 -1.903608e+02 2.000000e+00
    endloop
  endfacet
  facet normal 9.622319e-01 -2.722309e-01 0.000000e+00
    outer loop
      vertex   1.849330e+02 -1.903608e+02 1.000000e+00
      vertex   1.849330e+02 -1.903608e+02 2.000000e+00
      vertex   1.849101e+02 -1.904417e+02 1.000000e+00
    endloop
  endfacet
  facet normal 9.622319e-01 -2.722309e-01 0.000000e+00
    outer loop
      vertex   1.849101e+02 -1.904417e+02 1.000000e+00
      vertex   1.849330e+02 -1.903608e+02 2.000000e+00
      vertex   1.849101e+02 -1.904417e+02 2.000000e+00
    endloop
  endfacet
  facet normal 9.992215e-01 -3.945188e-02 0.000000e+00
    outer loop
      vertex   1.849101e+02 -1.904417e+02 1.000000e+00
      vertex   1.849101e+02 -1.904417e+02 2.000000e+00
      vertex   1.849068e+02 -1.905257e+02 1.000000e+00
    endloop
  endfacet
  facet normal 9.992215e-01 -3.945188e-02 0.000000e+00
    outer loop
      vertex   1.849068e+02 -1.905257e+02 1.000000e+00
      vertex   1.849101e+02 -1.904417e+02 2.000000e+00
      vertex   1.849068e+02 -1.905257e+02 2.000000e+00
    endloop
  endfacet
  facet normal 9.806999e-01 1.955189e-01 -0.000000e+00
    outer loop
      vertex   1.849068e+02 -1.905257e+02 1.000000e+00
      vertex   1.849068e+02 -1.905257e+02 2.000000e+00
      vertex   1.849232e+02 -1.906082e+02 1.000000e+00
    endloop
  endfacet
  facet normal 9.806999e-01 1.955189e-01 -0.000000e+00
    outer loop
      vertex   1.849232e+02 -1.906082e+02 1.000000e+00
      vertex   1.849068e+02 -1.905257e+02 2.000000e+00
      vertex   1.849232e+02 -1.906082e+02 2.000000e+00
    endloop
  endfacet
  facet normal 9.076963e-01 4.196278e-01 -0.000000e+00
    outer loop
      vertex   1.849232e+02 -1.906082e+02 1.000000e+00
      vertex   1.849232e+02 -1.906082e+02 2.000000e+00
      vertex   1.849585e+02 -1.906845e+02 1.000000e+00
    endloop
  endfacet
  facet normal 9.076963e-01 4.196278e-01 -0.000000e+00
    outer loop
      vertex   1.849585e+02 -1.906845e+02 1.000000e+00
      vertex   1.849232e+02 -1.906082e+02 2.000000e+00
      vertex   1.849585e+02 -1.906845e+02 2.000000e+00
    endloop
  endfacet
  facet normal 7.842662e-01 6.204245e-01 -0.000000e+00
    outer loop
      vertex   1.849585e+02 -1.906845e+02 1.000000e+00
      vertex   1.849585e+02 -1.906845e+02 2.000000e+00
      vertex   1.850107e+02 -1.907504e+02 1.000000e+00
    endloop
  endfacet
  facet normal 7.842662e-01 6.204245e-01 -0.000000e+00
    outer loop
      vertex   1.850107e+02 -1.907504e+02 1.000000e+00
      vertex   1.849585e+02 -1.906845e+02 2.000000e+00
      vertex   1.850107e+02 -1.907504e+02 2.000000e+00
    endloop
  endfacet
  facet normal 6.172667e-01 7.867540e-01 -0.000000e+00
    outer loop
      vertex   1.850107e+02 -1.907504e+02 1.000000e+00
      vertex   1.850107e+02 -1.907504e+02 2.000000e+00
      vertex   1.850768e+02 -1.908023e+02 1.000000e+00
    endloop
  endfacet
  facet normal 6.172667e-01 7.867540e-01 -0.000000e+00
    outer loop
      vertex   1.850768e+02 -1.908023e+02 1.000000e+00
      vertex   1.850107e+02 -1.907504e+02 2.000000e+00
      vertex   1.850768e+02 -1.908023e+02 2.000000e+00
    endloop
  endfacet
  facet normal 4.159754e-01 9.093759e-01 -0.000000e+00
    outer loop
      vertex   1.850768e+02 -1.908023e+02 1.000000e+00
      vertex   1.850768e+02 -1.908023e+02 2.000000e+00
      vertex   1.851533e+02 -1.908373e+02 1.000000e+00
    endloop
  endfacet
  facet normal 4.159754e-01 9.093759e-01 -0.000000e+00
    outer loop
      vertex   1.851533e+02 -1.908373e+02 1.000000e+00
      vertex   1.850768e+02 -1.908023e+02 2.000000e+00
      vertex   1.851533e+02 -1.908373e+02 2.000000e+00
    endloop
  endfacet
  facet normal 1.915748e-01 9.814780e-01 -0.000000e+00
    outer loop
      vertex   1.851533e+02 -1.908373e+02 1.000000e+00
      vertex   1.851533e+02 -1.908373e+02 2.000000e+00
      vertex   1.852358e+02 -1.908534e+02 1.000000e+00
    endloop
  endfacet
  facet normal 1.915748e-01 9.814780e-01 -0.000000e+00
    outer loop
      vertex   1.852358e+02 -1.908534e+02 1.000000e+00
      vertex   1.851533e+02 -1.908373e+02 2.000000e+00
      vertex   1.852358e+02 -1.908534e+02 2.000000e+00
    endloop
  endfacet
  facet normal 0.000000e+00 0.000000e+00 1.000000e+00
    outer loop
      vertex   1.850704e+02 -1.900236e+02 1.000000e+00
      vertex   1.849330e+02 -1.903608e+02 1.000000e+00
      vertex   1.852358e+02 -1.908534e+02 1.000000e+00
    endloop
  endfacet
  facet normal 0.000000e+00 0.000000e+00 1.000000e+00
    outer loop
      vertex   1.852358e+02 -1.908534e+02 1.000000e+00
      vertex   1.849330e+02 -1.903608e+02 1.000000e+00
      vertex   1.849101e+02 -1.904417e+02 1.000000e+00
    endloop
  endfacet
  facet normal 0.000000e+00 0.000000e+00 1.000000e+00
    outer loop
      vertex   1.852358e+02 -1.908534e+02 1.000000e+00
      vertex   1.849101e+02 -1.904417e+02 1.000000e+00
      vertex   1.849068e+02 -1.905257e+02 1.000000e+00
    endloop
  endfacet
  facet normal 0.000000e+00 0.000000e+00 1.000000e+00
    outer loop
      vertex   1.849068e+02 -1.905257e+02 1.000000e+00
      vertex   1.849232e+02 -1.906082e+02 1.000000e+00
      vertex   1.852358e+02 -1.908534e+02 1.000000e+00
    endloop
  endfacet
  facet normal 0.000000e+00 0.000000e+00 1.000000e+00
    outer loop
      vertex   1.852358e+02 -1.908534e+02 1.000000e+00
      vertex   1.849232e+02 -1.906082e+02 1.000000e+00
      vertex   1.849585e+02 -1.906845e+02 1.000000e+00
    endloop
  endfacet
  facet normal 0.000000e+00 0.000000e+00 1.000000e+00
    outer loop
      vertex   1.852358e+02 -1.908534e+02 1.000000e+00
      vertex   1.849585e+02 -1.906845e+02 1.000000e+00
      vertex   1.850107e+02 -1.907504e+02 1.000000e+00
    endloop
  endfacet
  facet normal 0.000000e+00 0.000000e+00 1.000000e+00
    outer loop
      vertex   1.850107e+02 -1.907504e+02 1.000000e+00
      vertex   1.850768e+02 -1.908023e+02 1.000000e+00
      vertex   1.852358e+02 -1.908534e+02 1.000000e+00
    endloop
  endfacet
  facet normal 0.000000e+00 0.000000e+00 1.000000e+00
    outer loop
      vertex   1.852358e+02 -1.908534e+02 1.000000e+00
      vertex   1.850768e+02 -1.908023e+02 1.000000e+00
      vertex   1.851533e+02 -1.908373e+02 1.000000e+00
    endloop
  endfacet
  facet normal -0.000000e+00 0.000000e+00 1.000000e+00
    outer loop
      vertex   1.850704e+02 -1.900236e+02 1.000000e+00
      vertex   1.852358e+02 -1.908534e+02 1.000000e+00
      vertex   1.852033e+02 -1.896846e+02 1.000000e+00
    endloop
  endfacet
  facet normal 0.000000e+00 0.000000e+00 1.000000e+00
    outer loop
      vertex   1.852033e+02 -1.896846e+02 1.000000e+00
      vertex   1.852358e+02 -1.908534e+02 1.000000e+00
      vertex   1.885619e+02 -1.909868e+02 1.000000e+00
    endloop
  endfacet
  facet normal -0.000000e+00 0.000000e+00 1.000000e+00
    outer loop
      vertex   1.852033e+02 -1.896846e+02 1.000000e+00
      vertex   1.885619e+02 -1.909868e+02 1.000000e+00
      vertex   1.859991e+02 -1.889000e+02 1.000000e+00
    endloop
  endfacet
  facet normal 0.000000e+00 0.000000e+00 1.000000e+00
    outer loop
      vertex   1.859991e+02 -1.889000e+02 1.000000e+00
      vertex   1.885619e+02 -1.909868e+02 1.000000e+00
      vertex   1.887849e+02 -1.889909e+02 1.000000e+00
    endloop
  endfacet
  facet normal -0.000000e+00 0.000000e+00 1.000000e+00
    outer loop
      vertex   1.887849e+02 -1.889909e+02 1.000000e+00
      vertex   1.885619e+02 -1.909868e+02 1.000000e+00
      vertex   1.915905e+02 -1.889843e+02 1.000000e+00
    endloop
  endfacet
  facet normal 0.000000e+00 0.000000e+00 1.000000e+00
    outer loop
      vertex   1.915905e+02 -1.889843e+02 1.000000e+00
      vertex   1.885619e+02 -1.909868e+02 1.000000e+00
      vertex   1.919138e+02 -1.909765e+02 1.000000e+00
    endloop
  endfacet
  facet normal -0.000000e+00 0.000000e+00 1.000000e+00
    outer loop
      vertex   1.915905e+02 -1.889843e+02 1.000000e+00
      vertex   1.919138e+02 -1.909765e+02 1.000000e+00
      vertex   1.943703e+02 -1.888804e+02 1.000000e+00
    endloop
  endfacet
  facet normal 0.000000e+00 0.000000e+00 1.000000e+00
    outer loop
      vertex   1.943703e+02 -1.888804e+02 1.000000e+00
      vertex   1.919138e+02 -1.909765e+02 1.000000e+00
      vertex   1.952313e+02 -1.908229e+02 1.000000e+00
    endloop
  endfacet
  facet normal -0.000000e+00 0.000000e+00 1.000000e+00
    outer loop
      vertex   1.943703e+02 -1.888804e+02 1.000000e+00
      vertex   1.952313e+02 -1.908229e+02 1.000000e+00
      vertex   1.970789e+02 -1.886809e+02 1.000000e+00
    endloop
  endfacet
  facet normal 0.000000e+00 0.000000e+00 1.000000e+00
    outer loop
      vertex   1.970789e+02 -1.886809e+02 1.000000e+00
      vertex   1.952313e+02 -1.908229e+02 1.000000e+00
      vertex   1.968584e+02 -1.906931e+02 1.000000e+00
    endloop
  endfacet
  facet normal 0.000000e+00 0.000000e+00 1.000000e+00
    outer loop
      vertex   1.970789e+02 -1.886809e+02 1.000000e+00
      vertex   1.968584e+02 -1.906931e+02 1.000000e+00
      vertex   1.984547e+02 -1.905286e+02 1.000000e+00
    endloop
  endfacet
  facet normal -0.000000e+00 0.000000e+00 1.000000e+00
    outer loop
      vertex   1.970789e+02 -1.886809e+02 1.000000e+00
      vertex   1.984547e+02 -1.905286e+02 1.000000e+00
      vertex   1.996724e+02 -1.883890e+02 1.000000e+00
    endloop
  endfacet
  facet normal 0.000000e+00 0.000000e+00 1.000000e+00
    outer loop
      vertex   1.996724e+02 -1.883890e+02 1.000000e+00
      vertex   1.984547e+02 -1.905286e+02 1.000000e+00
      vertex   2.000130e+02 -1.903303e+02 1.000000e+00
    endloop
  endfacet
  facet normal -0.000000e+00 0.000000e+00 1.000000e+00
    outer loop
      vertex   1.996724e+02 -1.883890e+02 1.000000e+00
      vertex   2.000130e+02 -1.903303e+02 1.000000e+00
      vertex   2.009127e+02 -1.882098e+02 1.000000e+00
    endloop
  endfacet
  facet normal 0.000000e+00 0.000000e+00 1.000000e+00
    outer loop
      vertex   2.009127e+02 -1.882098e+02 1.000000e+00
      vertex   2.000130e+02 -1.903303e+02 1.000000e+00
      vertex   2.015262e+02 -1.900990e+02 1.000000e+00
    endloop
  endfacet
  facet normal -0.000000e+00 0.000000e+00 1.000000e+00
    outer loop
      vertex   2.009127e+02 -1.882098e+02 1.000000e+00
      vertex   2.015262e+02 -1.900990e+02 1.000000e+00
      vertex   2.021086e+02 -1.880095e+02 1.000000e+00
    endloop
  endfacet
  facet normal 0.000000e+00 0.000000e+00 1.000000e+00
    outer loop
      vertex   2.021086e+02 -1.880095e+02 1.000000e+00
      vertex   2.015262e+02 -1.900990e+02 1.000000e+00
      vertex   2.029875e+02 -1.898358e+02 1.000000e+00
    endloop
  endfacet
  facet normal -0.000000e+00 0.000000e+00 1.000000e+00
    outer loop
      vertex   2.021086e+02 -1.880095e+02 1.000000e+00
      vertex   2.029875e+02 -1.898358e+02 1.000000e+00
      vertex   2.032552e+02 -1.877887e+02 1.000000e+00
    endloop
  endfacet
  facet normal 0.000000e+00 0.000000e+00 1.000000e+00
    outer loop
      vertex   2.032552e+02 -1.877887e+02 1.000000e+00
      vertex   2.029875e+02 -1.898358e+02 1.000000e+00
      vertex   2.043904e+02 -1.895418e+02 1.000000e+00
    endloop
  endfacet
  facet normal -0.000000e+00 0.000000e+00 1.000000e+00
    outer loop
      vertex   2.032552e+02 -1.877887e+02 1.000000e+00
      vertex   2.043904e+02 -1.895418e+02 1.000000e+00
      vertex   2.043479e+02 -1.875484e+02 1.000000e+00
    endloop
  endfacet
  facet normal 0.000000e+00 0.000000e+00 1.000000e+00
    outer loop
      vertex   2.043479e+02 -1.875484e+02 1.000000e+00
      vertex   2.043904e+02 -1.895418e+02 1.000000e+00
      vertex   2.057286e+02 -1.892183e+02 1.000000e+00
    endloop
  endfacet
  facet normal -0.000000e+00 0.000000e+00 1.000000e+00
    outer loop
      vertex   2.043479e+02 -1.875484e+02 1.000000e+00
      vertex   2.057286e+02 -1.892183e+02 1.000000e+00
      vertex   2.053821e+02 -1.872896e+02 1.000000e+00
    endloop
  endfacet
  facet normal 0.000000e+00 0.000000e+00 1.000000e+00
    outer loop
      vertex   2.053821e+02 -1.872896e+02 1.000000e+00
      vertex   2.057286e+02 -1.892183e+02 1.000000e+00
      vertex   2.069960e+02 -1.888669e+02 1.000000e+00
    endloop
  endfacet
  facet normal -0.000000e+00 0.000000e+00 1.000000e+00
    outer loop
      vertex   2.053821e+02 -1.872896e+02 1.000000e+00
      vertex   2.069960e+02 -1.888669e+02 1.000000e+00
      vertex   2.063538e+02 -1.870134e+02 1.000000e+00
    endloop
  endfacet
  facet normal -0.000000e+00 0.000000e+00 1.000000e+00
    outer loop
      vertex   2.063538e+02 -1.870134e+02 1.000000e+00
      vertex   2.069960e+02 -1.888669e+02 1.000000e+00
      vertex   2.072589e+02 -1.867208e+02 1.000000e+00
    endloop
  endfacet
  facet normal 0.000000e+00 0.000000e+00 1.000000e+00
    outer loop
      vertex   2.072589e+02 -1.867208e+02 1.000000e+00
      vertex   2.069960e+02 -1.888669e+02 1.000000e+00
      vertex   2.081869e+02 -1.884891e+02 1.000000e+00
    endloop
  endfacet
  facet normal -0.000000e+00 0.000000e+00 1.000000e+00
    outer loop
      vertex   2.072589e+02 -1.867208e+02 1.000000e+00
      vertex   2.081869e+02 -1.884891e+02 1.000000e+00
      vertex   2.080937e+02 -1.864131e+02 1.000000e+00
    endloop
  endfacet
  facet normal 0.000000e+00 0.000000e+00 1.000000e+00
    outer loop
      vertex   2.080937e+02 -1.864131e+02 1.000000e+00
      vertex   2.081869e+02 -1.884891e+02 1.000000e+00
      vertex   2.092959e+02 -1.880866e+02 1.000000e+00
    endloop
  endfacet
  facet normal -0.000000e+00 0.000000e+00 1.000000e+00
    outer loop
      vertex   2.080937e+02 -1.864131e+02 1.000000e+00
      vertex   2.092959e+02 -1.880866e+02 1.000000e+00
      vertex   2.088549e+02 -1.860915e+02 1.000000e+00
    endloop
  endfacet
  facet normal 0.000000e+00 0.000000e+00 1.000000e+00
    outer loop
      vertex   2.088549e+02 -1.860915e+02 1.000000e+00
      vertex   2.092959e+02 -1.880866e+02 1.000000e+00
      vertex   2.103182e+02 -1.876612e+02 1.000000e+00
    endloop
  endfacet
  facet normal -0.000000e+00 0.000000e+00 1.000000e+00
    outer loop
      vertex   2.088549e+02 -1.860915e+02 1.000000e+00
      vertex   2.103182e+02 -1.876612e+02 1.000000e+00
      vertex   2.095393e+02 -1.857573e+02 1.000000e+00
    endloop
  endfacet
  facet normal 0.000000e+00 0.000000e+00 1.000000e+00
    outer loop
      vertex   2.095393e+02 -1.857573e+02 1.000000e+00
      vertex   2.103182e+02 -1.876612e+02 1.000000e+00
      vertex   2.112490e+02 -1.872148e+02 1.000000e+00
    endloop
  endfacet
  facet normal -0.000000e+00 0.000000e+00 1.000000e+00
    outer loop
      vertex   2.095393e+02 -1.857573e+02 1.000000e+00
      vertex   2.112490e+02 -1.872148e+02 1.000000e+00
      vertex   2.101443e+02 -1.854119e+02 1.000000e+00
    endloop
  endfacet
  facet normal 0.000000e+00 0.000000e+00 1.000000e+00
    outer loop
      vertex   2.101443e+02 -1.854119e+02 1.000000e+00
      vertex   2.112490e+02 -1.872148e+02 1.000000e+00
      vertex   2.120842e+02 -1.867494e+02 1.000000e+00
    endloop
  endfacet
  facet normal -0.000000e+00 0.000000e+00 1.000000e+00
    outer loop
      vertex   2.101443e+02 -1.854119e+02 1.000000e+00
      vertex   2.120842e+02 -1.867494e+02 1.000000e+00
      vertex   2.106672e+02 -1.850567e+02 1.000000e+00
    endloop
  endfacet
  facet normal -0.000000e+00 0.000000e+00 1.000000e+00
    outer loop
      vertex   2.106672e+02 -1.850567e+02 1.000000e+00
      vertex   2.120842e+02 -1.867494e+02 1.000000e+00
      vertex   2.111060e+02 -1.846931e+02 1.000000e+00
    endloop
  endfacet
  facet normal 0.000000e+00 0.000000e+00 1.000000e+00
    outer loop
      vertex   2.111060e+02 -1.846931e+02 1.000000e+00
      vertex   2.120842e+02 -1.867494e+02 1.000000e+00
      vertex   2.128201e+02 -1.862672e+02 1.000000e+00
    endloop
  endfacet
  facet normal -0.000000e+00 0.000000e+00 1.000000e+00
    outer loop
      vertex   2.111060e+02 -1.846931e+02 1.000000e+00
      vertex   2.128201e+02 -1.862672e+02 1.000000e+00
      vertex   2.114589e+02 -1.843226e+02 1.000000e+00
    endloop
  endfacet
  facet normal 0.000000e+00 0.000000e+00 1.000000e+00
    outer loop
      vertex   2.114589e+02 -1.843226e+02 1.000000e+00
      vertex   2.128201e+02 -1.862672e+02 1.000000e+00
      vertex   2.134532e+02 -1.857703e+02 1.000000e+00
    endloop
  endfacet
  facet normal -0.000000e+00 0.000000e+00 1.000000e+00
    outer loop
      vertex   2.114589e+02 -1.843226e+02 1.000000e+00
      vertex   2.134532e+02 -1.857703e+02 1.000000e+00
      vertex   2.117244e+02 -1.839467e+02 1.000000e+00
    endloop
  endfacet
  facet normal 0.000000e+00 0.000000e+00 1.000000e+00
    outer loop
      vertex   2.117244e+02 -1.839467e+02 1.000000e+00
      vertex   2.134532e+02 -1.857703e+02 1.000000e+00
      vertex   2.139808e+02 -1.852609e+02 1.000000e+00
    endloop
  endfacet
  facet normal -0.000000e+00 0.000000e+00 1.000000e+00
    outer loop
      vertex   2.117244e+02 -1.839467e+02 1.000000e+00
      vertex   2.139808e+02 -1.852609e+02 1.000000e+00
      vertex   2.119016e+02 -1.835670e+02 1.000000e+00
    endloop
  endfacet
  facet normal 0.000000e+00 0.000000e+00 1.000000e+00
    outer loop
      vertex   2.119016e+02 -1.835670e+02 1.000000e+00
      vertex   2.139808e+02 -1.852609e+02 1.000000e+00
      vertex   2.144006e+02 -1.847414e+02 1.000000e+00
    endloop
  endfacet
  facet normal 0.000000e+00 0.000000e+00 1.000000e+00
    outer loop
      vertex   2.119016e+02 -1.835670e+02 1.000000e+00
      vertex   2.144006e+02 -1.847414e+02 1.000000e+00
      vertex   2.147105e+02 -1.842140e+02 1.000000e+00
    endloop
  endfacet
  facet normal -0.000000e+00 0.000000e+00 1.000000e+00
    outer loop
      vertex   2.119016e+02 -1.835670e+02 1.000000e+00
      vertex   2.147105e+02 -1.842140e+02 1.000000e+00
      vertex   2.119896e+02 -1.831849e+02 1.000000e+00
    endloop
  endfacet
  facet normal 0.000000e+00 0.000000e+00 1.000000e+00
    outer loop
      vertex   2.119896e+02 -1.831849e+02 1.000000e+00
      vertex   2.147105e+02 -1.842140e+02 1.000000e+00
      vertex   2.149092e+02 -1.836811e+02 1.000000e+00
    endloop
  endfacet
  facet normal -0.000000e+00 0.000000e+00 1.000000e+00
    outer loop
      vertex   2.119896e+02 -1.831849e+02 1.000000e+00
      vertex   2.149092e+02 -1.836811e+02 1.000000e+00
      vertex   2.149959e+02 -1.831452e+02 1.000000e+00
    endloop
  endfacet
  facet normal 0.000000e+00 -0.000000e+00 1.000000e+00
    outer loop
      vertex   2.119896e+02 -1.831849e+02 1.000000e+00
      vertex   2.149959e+02 -1.831452e+02 1.000000e+00
      vertex   2.119880e+02 -1.828021e+02 1.000000e+00
    endloop
  endfacet
  facet normal -0.000000e+00 0.000000e+00 1.000000e+00
    outer loop
      vertex   2.119880e+02 -1.828021e+02 1.000000e+00
      vertex   2.149959e+02 -1.831452e+02 1.000000e+00
      vertex   2.149701e+02 -1.826087e+02 1.000000e+00
    endloop
  endfacet
  facet normal 0.000000e+00 0.000000e+00 1.000000e+00
    outer loop
      vertex   2.119880e+02 -1.828021e+02 1.000000e+00
      vertex   2.149701e+02 -1.826087e+02 1.000000e+00
      vertex   2.148319e+02 -1.820738e+02 1.000000e+00
    endloop
  endfacet
  facet normal 0.000000e+00 0.000000e+00 1.000000e+00
    outer loop
      vertex   2.148319e+02 -1.820738e+02 1.000000e+00
      vertex   2.145820e+02 -1.815432e+02 1.000000e+00
      vertex   2.119880e+02 -1.828021e+02 1.000000e+00
    endloop
  endfacet
  facet normal 0.000000e+00 -0.000000e+00 1.000000e+00
    outer loop
      vertex   2.119880e+02 -1.828021e+02 1.000000e+00
      vertex   2.145820e+02 -1.815432e+02 1.000000e+00
      vertex   2.118970e+02 -1.824201e+02 1.000000e+00
    endloop
  endfacet
  facet normal 0.000000e+00 0.000000e+00 1.000000e+00
    outer loop
      vertex   2.118970e+02 -1.824201e+02 1.000000e+00
      vertex   2.145820e+02 -1.815432e+02 1.000000e+00
      vertex   2.142215e+02 -1.810191e+02 1.000000e+00
    endloop
  endfacet
  facet normal 0.000000e+00 -0.000000e+00 1.000000e+00
    outer loop
      vertex   2.118970e+02 -1.824201e+02 1.000000e+00
      vertex   2.142215e+02 -1.810191e+02 1.000000e+00
      vertex   2.117169e+02 -1.820405e+02 1.000000e+00
    endloop
  endfacet
  facet normal 0.000000e+00 0.000000e+00 1.000000e+00
    outer loop
      vertex   2.117169e+02 -1.820405e+02 1.000000e+00
      vertex   2.142215e+02 -1.810191e+02 1.000000e+00
      vertex   2.137520e+02 -1.805039e+02 1.000000e+00
    endloop
  endfacet
  facet normal 0.000000e+00 -0.000000e+00 1.000000e+00
    outer loop
      vertex   2.117169e+02 -1.820405e+02 1.000000e+00
      vertex   2.137520e+02 -1.805039e+02 1.000000e+00
      vertex   2.114484e+02 -1.816648e+02 1.000000e+00
    endloop
  endfacet
  facet normal 0.000000e+00 0.000000e+00 1.000000e+00
    outer loop
      vertex   2.114484e+02 -1.816648e+02 1.000000e+00
      vertex   2.137520e+02 -1.805039e+02 1.000000e+00
      vertex   2.131756e+02 -1.800000e+02 1.000000e+00
    endloop
  endfacet
  facet normal 0.000000e+00 -0.000000e+00 1.000000e+00
    outer loop
      vertex   2.114484e+02 -1.816648e+02 1.000000e+00
      vertex   2.131756e+02 -1.800000e+02 1.000000e+00
      vertex   2.110925e+02 -1.812945e+02 1.000000e+00
    endloop
  endfacet
  facet normal 0.000000e+00 -0.000000e+00 1.000000e+00
    outer loop
      vertex   2.110925e+02 -1.812945e+02 1.000000e+00
      vertex   2.131756e+02 -1.800000e+02 1.000000e+00
      vertex   2.108086e+02 -1.789478e+02 1.000000e+00
    endloop
  endfacet
  facet normal 0.000000e+00 0.000000e+00 1.000000e+00
    outer loop
      vertex   2.110925e+02 -1.812945e+02 1.000000e+00
      vertex   2.108086e+02 -1.789478e+02 1.000000e+00
      vertex   2.103270e+02 -1.792950e+02 1.000000e+00
    endloop
  endfacet
  facet normal 0.000000e+00 0.000000e+00 1.000000e+00
    outer loop
      vertex   2.135992e+02 -1.796403e+02 1.000000e+00
      vertex   2.115310e+02 -1.782323e+02 1.000000e+00
      vertex   2.131756e+02 -1.800000e+02 1.000000e+00
    endloop
  endfacet
  facet normal 0.000000e+00 0.000000e+00 1.000000e+00
    outer loop
      vertex   2.131756e+02 -1.800000e+02 1.000000e+00
      vertex   2.115310e+02 -1.782323e+02 1.000000e+00
      vertex   2.112104e+02 -1.785931e+02 1.000000e+00
    endloop
  endfacet
  facet normal 0.000000e+00 0.000000e+00 1.000000e+00
    outer loop
      vertex   2.131756e+02 -1.800000e+02 1.000000e+00
      vertex   2.112104e+02 -1.785931e+02 1.000000e+00
      vertex   2.108086e+02 -1.789478e+02 1.000000e+00
    endloop
  endfacet
  facet normal -0.000000e+00 0.000000e+00 1.000000e+00
    outer loop
      vertex   2.115310e+02 -1.782323e+02 1.000000e+00
      vertex   2.135992e+02 -1.796403e+02 1.000000e+00
      vertex   2.117693e+02 -1.778668e+02 1.000000e+00
    endloop
  endfacet
  facet normal 0.000000e+00 0.000000e+00 1.000000e+00
    outer loop
      vertex   2.117693e+02 -1.778668e+02 1.000000e+00
      vertex   2.135992e+02 -1.796403e+02 1.000000e+00
      vertex   2.139682e+02 -1.792746e+02 1.000000e+00
    endloop
  endfacet
  facet normal 0.000000e+00 0.000000e+00 1.000000e+00
    outer loop
      vertex   2.117693e+02 -1.778668e+02 1.000000e+00
      vertex   2.139682e+02 -1.792746e+02 1.000000e+00
      vertex   2.142820e+02 -1.789036e+02 1.000000e+00
    endloop
  endfacet
  facet normal -0.000000e+00 0.000000e+00 1.000000e+00
    outer loop
      vertex   2.117693e+02 -1.778668e+02 1.000000e+00
      vertex   2.142820e+02 -1.789036e+02 1.000000e+00
      vertex   2.119241e+02 -1.774979e+02 1.000000e+00
    endloop
  endfacet
  facet normal 0.000000e+00 0.000000e+00 1.000000e+00
    outer loop
      vertex   2.119241e+02 -1.774979e+02 1.000000e+00
      vertex   2.142820e+02 -1.789036e+02 1.000000e+00
      vertex   2.145397e+02 -1.785281e+02 1.000000e+00
    endloop
  endfacet
  facet normal 0.000000e+00 0.000000e+00 1.000000e+00
    outer loop
      vertex   2.119241e+02 -1.774979e+02 1.000000e+00
      vertex   2.145397e+02 -1.785281e+02 1.000000e+00
      vertex   2.147407e+02 -1.781492e+02 1.000000e+00
    endloop
  endfacet
  facet normal -0.000000e+00 0.000000e+00 1.000000e+00
    outer loop
      vertex   2.119241e+02 -1.774979e+02 1.000000e+00
      vertex   2.147407e+02 -1.781492e+02 1.000000e+00
      vertex   2.119951e+02 -1.771272e+02 1.000000e+00
    endloop
  endfacet
  facet normal 0.000000e+00 0.000000e+00 1.000000e+00
    outer loop
      vertex   2.119951e+02 -1.771272e+02 1.000000e+00
      vertex   2.147407e+02 -1.781492e+02 1.000000e+00
      vertex   2.148847e+02 -1.777676e+02 1.000000e+00
    endloop
  endfacet
  facet normal 0.000000e+00 0.000000e+00 1.000000e+00
    outer loop
      vertex   2.119951e+02 -1.771272e+02 1.000000e+00
      vertex   2.148847e+02 -1.777676e+02 1.000000e+00
      vertex   2.149711e+02 -1.773843e+02 1.000000e+00
    endloop
  endfacet
  facet normal 0.000000e+00 -0.000000e+00 1.000000e+00
    outer loop
      vertex   2.149711e+02 -1.773843e+02 1.000000e+00
      vertex   2.150000e+02 -1.770000e+02 1.000000e+00
      vertex   2.119951e+02 -1.771272e+02 1.000000e+00
    endloop
  endfacet
  facet normal 0.000000e+00 0.000000e+00 1.000000e+00
    outer loop
      vertex   2.119951e+02 -1.771272e+02 1.000000e+00
      vertex   2.150000e+02 -1.770000e+02 1.000000e+00
      vertex   2.149711e+02 -1.766158e+02 1.000000e+00
    endloop
  endfacet
  facet normal 0.000000e+00 -0.000000e+00 1.000000e+00
    outer loop
      vertex   2.119951e+02 -1.771272e+02 1.000000e+00
      vertex   2.149711e+02 -1.766158e+02 1.000000e+00
      vertex   2.119818e+02 -1.767560e+02 1.000000e+00
    endloop
  endfacet
  facet normal 0.000000e+00 0.000000e+00 1.000000e+00
    outer loop
      vertex   2.119818e+02 -1.767560e+02 1.000000e+00
      vertex   2.149711e+02 -1.766158e+02 1.000000e+00
      vertex   2.148847e+02 -1.762324e+02 1.000000e+00
    endloop
  endfacet
  facet normal 0.000000e+00 0.000000e+00 1.000000e+00
    outer loop
      vertex   2.119818e+02 -1.767560e+02 1.000000e+00
      vertex   2.148847e+02 -1.762324e+02 1.000000e+00
      vertex   2.147407e+02 -1.758508e+02 1.000000e+00
    endloop
  endfacet
  facet normal 0.000000e+00 -0.000000e+00 1.000000e+00
    outer loop
      vertex   2.119818e+02 -1.767560e+02 1.000000e+00
      vertex   2.147407e+02 -1.758508e+02 1.000000e+00
      vertex   2.118844e+02 -1.763857e+02 1.000000e+00
    endloop
  endfacet
  facet normal 0.000000e+00 0.000000e+00 1.000000e+00
    outer loop
      vertex   2.118844e+02 -1.763857e+02 1.000000e+00
      vertex   2.147407e+02 -1.758508e+02 1.000000e+00
      vertex   2.145397e+02 -1.754719e+02 1.000000e+00
    endloop
  endfacet
  facet normal 0.000000e+00 0.000000e+00 1.000000e+00
    outer loop
      vertex   2.118844e+02 -1.763857e+02 1.000000e+00
      vertex   2.145397e+02 -1.754719e+02 1.000000e+00
      vertex   2.142820e+02 -1.750965e+02 1.000000e+00
    endloop
  endfacet
  facet normal 0.000000e+00 -0.000000e+00 1.000000e+00
    outer loop
      vertex   2.118844e+02 -1.763857e+02 1.000000e+00
      vertex   2.142820e+02 -1.750965e+02 1.000000e+00
      vertex   2.117032e+02 -1.760177e+02 1.000000e+00
    endloop
  endfacet
  facet normal 0.000000e+00 0.000000e+00 1.000000e+00
    outer loop
      vertex   2.117032e+02 -1.760177e+02 1.000000e+00
      vertex   2.142820e+02 -1.750965e+02 1.000000e+00
      vertex   2.139682e+02 -1.747254e+02 1.000000e+00
    endloop
  endfacet
  facet normal 0.000000e+00 0.000000e+00 1.000000e+00
    outer loop
      vertex   2.117032e+02 -1.760177e+02 1.000000e+00
      vertex   2.139682e+02 -1.747254e+02 1.000000e+00
      vertex   2.135992e+02 -1.743597e+02 1.000000e+00
    endloop
  endfacet
  facet normal 0.000000e+00 -0.000000e+00 1.000000e+00
    outer loop
      vertex   2.117032e+02 -1.760177e+02 1.000000e+00
      vertex   2.135992e+02 -1.743597e+02 1.000000e+00
      vertex   2.114389e+02 -1.756535e+02 1.000000e+00
    endloop
  endfacet
  facet normal 0.000000e+00 0.000000e+00 1.000000e+00
    outer loop
      vertex   2.114389e+02 -1.756535e+02 1.000000e+00
      vertex   2.135992e+02 -1.743597e+02 1.000000e+00
      vertex   2.131756e+02 -1.740000e+02 1.000000e+00
    endloop
  endfacet
  facet normal 0.000000e+00 -0.000000e+00 1.000000e+00
    outer loop
      vertex   2.114389e+02 -1.756535e+02 1.000000e+00
      vertex   2.131756e+02 -1.740000e+02 1.000000e+00
      vertex   2.110925e+02 -1.752945e+02 1.000000e+00
    endloop
  endfacet
  facet normal 0.000000e+00 -0.000000e+00 1.000000e+00
    outer loop
      vertex   2.110925e+02 -1.752945e+02 1.000000e+00
      vertex   2.131756e+02 -1.740000e+02 1.000000e+00
      vertex   2.108071e+02 -1.729489e+02 1.000000e+00
    endloop
  endfacet
  facet normal 0.000000e+00 0.000000e+00 1.000000e+00
    outer loop
      vertex   2.110925e+02 -1.752945e+02 1.000000e+00
      vertex   2.108071e+02 -1.729489e+02 1.000000e+00
      vertex   2.103252e+02 -1.732962e+02 1.000000e+00
    endloop
  endfacet
  facet normal 0.000000e+00 0.000000e+00 1.000000e+00
    outer loop
      vertex   2.135992e+02 -1.736403e+02 1.000000e+00
      vertex   2.115303e+02 -1.722332e+02 1.000000e+00
      vertex   2.131756e+02 -1.740000e+02 1.000000e+00
    endloop
  endfacet
  facet normal 0.000000e+00 0.000000e+00 1.000000e+00
    outer loop
      vertex   2.131756e+02 -1.740000e+02 1.000000e+00
      vertex   2.115303e+02 -1.722332e+02 1.000000e+00
      vertex   2.112094e+02 -1.725941e+02 1.000000e+00
    endloop
  endfacet
  facet normal 0.000000e+00 0.000000e+00 1.000000e+00
    outer loop
      vertex   2.131756e+02 -1.740000e+02 1.000000e+00
      vertex   2.112094e+02 -1.725941e+02 1.000000e+00
      vertex   2.108071e+02 -1.729489e+02 1.000000e+00
    endloop
  endfacet
  facet normal -0.000000e+00 0.000000e+00 1.000000e+00
    outer loop
      vertex   2.115303e+02 -1.722332e+02 1.000000e+00
      vertex   2.135992e+02 -1.736403e+02 1.000000e+00
      vertex   2.117688e+02 -1.718676e+02 1.000000e+00
    endloop
  endfacet
  facet normal 0.000000e+00 0.000000e+00 1.000000e+00
    outer loop
      vertex   2.117688e+02 -1.718676e+02 1.000000e+00
      vertex   2.135992e+02 -1.736403e+02 1.000000e+00
      vertex   2.139682e+02 -1.732746e+02 1.000000e+00
    endloop
  endfacet
  facet normal 0.000000e+00 0.000000e+00 1.000000e+00
    outer loop
      vertex   2.117688e+02 -1.718676e+02 1.000000e+00
      vertex   2.139682e+02 -1.732746e+02 1.000000e+00
      vertex   2.142820e+02 -1.729036e+02 1.000000e+00
    endloop
  endfacet
  facet normal -0.000000e+00 0.000000e+00 1.000000e+00
    outer loop
      vertex   2.117688e+02 -1.718676e+02 1.000000e+00
      vertex   2.142820e+02 -1.729036e+02 1.000000e+00
      vertex   2.119239e+02 -1.714986e+02 1.000000e+00
    endloop
  endfacet
  facet normal 0.000000e+00 0.000000e+00 1.000000e+00
    outer loop
      vertex   2.119239e+02 -1.714986e+02 1.000000e+00
      vertex   2.142820e+02 -1.729036e+02 1.000000e+00
      vertex   2.145397e+02 -1.725281e+02 1.000000e+00
    endloop
  endfacet
  facet normal 0.000000e+00 0.000000e+00 1.000000e+00
    outer loop
      vertex   2.119239e+02 -1.714986e+02 1.000000e+00
      vertex   2.145397e+02 -1.725281e+02 1.000000e+00
      vertex   2.147407e+02 -1.721492e+02 1.000000e+00
    endloop
  endfacet
  facet normal -0.000000e+00 0.000000e+00 1.000000e+00
    outer loop
      vertex   2.119239e+02 -1.714986e+02 1.000000e+00
      vertex   2.147407e+02 -1.721492e+02 1.000000e+00
      vertex   2.119950e+02 -1.711278e+02 1.000000e+00
    endloop
  endfacet
  facet normal 0.000000e+00 0.000000e+00 1.000000e+00
    outer loop
      vertex   2.119950e+02 -1.711278e+02 1.000000e+00
      vertex   2.147407e+02 -1.721492e+02 1.000000e+00
      vertex   2.148847e+02 -1.717676e+02 1.000000e+00
    endloop
  endfacet
  facet normal 0.000000e+00 0.000000e+00 1.000000e+00
    outer loop
      vertex   2.119950e+02 -1.711278e+02 1.000000e+00
      vertex   2.148847e+02 -1.717676e+02 1.000000e+00
      vertex   2.149711e+02 -1.713843e+02 1.000000e+00
    endloop
  endfacet
  facet normal 0.000000e+00 -0.000000e+00 1.000000e+00
    outer loop
      vertex   2.149711e+02 -1.713843e+02 1.000000e+00
      vertex   2.150000e+02 -1.710000e+02 1.000000e+00
      vertex   2.119950e+02 -1.711278e+02 1.000000e+00
    endloop
  endfacet
  facet normal 0.000000e+00 0.000000e+00 1.000000e+00
    outer loop
      vertex   2.119950e+02 -1.711278e+02 1.000000e+00
      vertex   2.150000e+02 -1.710000e+02 1.000000e+00
      vertex   2.149711e+02 -1.706158e+02 1.000000e+00
    endloop
  endfacet
  facet normal 0.000000e+00 -0.000000e+00 1.000000e+00
    outer loop
      vertex   2.119950e+02 -1.711278e+02 1.000000e+00
      vertex   2.149711e+02 -1.706158e+02 1.000000e+00
      vertex   2.119819e+02 -1.707564e+02 1.000000e+00
    endloop
  endfacet
  facet normal 0.000000e+00 0.000000e+00 1.000000e+00
    outer loop
      vertex   2.119819e+02 -1.707564e+02 1.000000e+00
      vertex   2.149711e+02 -1.706158e+02 1.000000e+00
      vertex   2.148847e+02 -1.702324e+02 1.000000e+00
    endloop
  endfacet
  facet normal 0.000000e+00 0.000000e+00 1.000000e+00
    outer loop
      vertex   2.119819e+02 -1.707564e+02 1.000000e+00
      vertex   2.148847e+02 -1.702324e+02 1.000000e+00
      vertex   2.147407e+02 -1.698508e+02 1.000000e+00
    endloop
  endfacet
  facet normal 0.000000e+00 -0.000000e+00 1.000000e+00
    outer loop
      vertex   2.119819e+02 -1.707564e+02 1.000000e+00
      vertex   2.147407e+02 -1.698508e+02 1.000000e+00
      vertex   2.118845e+02 -1.703860e+02 1.000000e+00
    endloop
  endfacet
  facet normal 0.000000e+00 0.000000e+00 1.000000e+00
    outer loop
      vertex   2.118845e+02 -1.703860e+02 1.000000e+00
      vertex   2.147407e+02 -1.698508e+02 1.000000e+00
      vertex   2.145397e+02 -1.694719e+02 1.000000e+00
    endloop
  endfacet
  facet normal 0.000000e+00 0.000000e+00 1.000000e+00
    outer loop
      vertex   2.118845e+02 -1.703860e+02 1.000000e+00
      vertex   2.145397e+02 -1.694719e+02 1.000000e+00
      vertex   2.142820e+02 -1.690965e+02 1.000000e+00
    endloop
  endfacet
  facet normal 0.000000e+00 -0.000000e+00 1.000000e+00
    outer loop
      vertex   2.118845e+02 -1.703860e+02 1.000000e+00
      vertex   2.142820e+02 -1.690965e+02 1.000000e+00
      vertex   2.117033e+02 -1.700179e+02 1.000000e+00
    endloop
  endfacet
  facet normal 0.000000e+00 0.000000e+00 1.000000e+00
    outer loop
      vertex   2.117033e+02 -1.700179e+02 1.000000e+00
      vertex   2.142820e+02 -1.690965e+02 1.000000e+00
      vertex   2.139682e+02 -1.687254e+02 1.000000e+00
    endloop
  endfacet
  facet normal 0.000000e+00 0.000000e+00 1.000000e+00
    outer loop
      vertex   2.117033e+02 -1.700179e+02 1.000000e+00
      vertex   2.139682e+02 -1.687254e+02 1.000000e+00
      vertex   2.135992e+02 -1.683597e+02 1.000000e+00
    endloop
  endfacet
  facet normal 0.000000e+00 -0.000000e+00 1.000000e+00
    outer loop
      vertex   2.117033e+02 -1.700179e+02 1.000000e+00
      vertex   2.135992e+02 -1.683597e+02 1.000000e+00
      vertex   2.114390e+02 -1.696537e+02 1.000000e+00
    endloop
  endfacet
  facet normal 0.000000e+00 0.000000e+00 1.000000e+00
    outer loop
      vertex   2.114390e+02 -1.696537e+02 1.000000e+00
      vertex   2.135992e+02 -1.683597e+02 1.000000e+00
      vertex   2.131756e+02 -1.680000e+02 1.000000e+00
    endloop
  endfacet
  facet normal 0.000000e+00 -0.000000e+00 1.000000e+00
    outer loop
      vertex   2.114390e+02 -1.696537e+02 1.000000e+00
      vertex   2.131756e+02 -1.680000e+02 1.000000e+00
      vertex   2.110925e+02 -1.692945e+02 1.000000e+00
    endloop
  endfacet
  facet normal 0.000000e+00 -0.000000e+00 1.000000e+00
    outer loop
      vertex   2.110925e+02 -1.692945e+02 1.000000e+00
      vertex   2.131756e+02 -1.680000e+02 1.000000e+00
      vertex   2.106572e+02 -1.670641e+02 1.000000e+00
    endloop
  endfacet
  facet normal 0.000000e+00 0.000000e+00 1.000000e+00
    outer loop
      vertex   2.110925e+02 -1.692945e+02 1.000000e+00
      vertex   2.106572e+02 -1.670641e+02 1.000000e+00
      vertex   2.101314e+02 -1.674199e+02 1.000000e+00
    endloop
  endfacet
  facet normal 0.000000e+00 0.000000e+00 1.000000e+00
    outer loop
      vertex   2.135992e+02 -1.676403e+02 1.000000e+00
      vertex   2.114537e+02 -1.663287e+02 1.000000e+00
      vertex   2.131756e+02 -1.680000e+02 1.000000e+00
    endloop
  endfacet
  facet normal 0.000000e+00 0.000000e+00 1.000000e+00
    outer loop
      vertex   2.131756e+02 -1.680000e+02 1.000000e+00
      vertex   2.114537e+02 -1.663287e+02 1.000000e+00
      vertex   2.110986e+02 -1.666999e+02 1.000000e+00
    endloop
  endfacet
  facet normal 0.000000e+00 0.000000e+00 1.000000e+00
    outer loop
      vertex   2.131756e+02 -1.680000e+02 1.000000e+00
      vertex   2.110986e+02 -1.666999e+02 1.000000e+00
      vertex   2.106572e+02 -1.670641e+02 1.000000e+00
    endloop
  endfacet
  facet normal -0.000000e+00 0.000000e+00 1.000000e+00
    outer loop
      vertex   2.114537e+02 -1.663287e+02 1.000000e+00
      vertex   2.135992e+02 -1.676403e+02 1.000000e+00
      vertex   2.117212e+02 -1.659522e+02 1.000000e+00
    endloop
  endfacet
  facet normal 0.000000e+00 0.000000e+00 1.000000e+00
    outer loop
      vertex   2.117212e+02 -1.659522e+02 1.000000e+00
      vertex   2.135992e+02 -1.676403e+02 1.000000e+00
      vertex   2.139682e+02 -1.672746e+02 1.000000e+00
    endloop
  endfacet
  facet normal 0.000000e+00 0.000000e+00 1.000000e+00
    outer loop
      vertex   2.117212e+02 -1.659522e+02 1.000000e+00
      vertex   2.139682e+02 -1.672746e+02 1.000000e+00
      vertex   2.142820e+02 -1.669036e+02 1.000000e+00
    endloop
  endfacet
  facet normal -0.000000e+00 0.000000e+00 1.000000e+00
    outer loop
      vertex   2.117212e+02 -1.659522e+02 1.000000e+00
      vertex   2.142820e+02 -1.669036e+02 1.000000e+00
      vertex   2.118999e+02 -1.655717e+02 1.000000e+00
    endloop
  endfacet
  facet normal 0.000000e+00 0.000000e+00 1.000000e+00
    outer loop
      vertex   2.118999e+02 -1.655717e+02 1.000000e+00
      vertex   2.142820e+02 -1.669036e+02 1.000000e+00
      vertex   2.145397e+02 -1.665281e+02 1.000000e+00
    endloop
  endfacet
  facet normal 0.000000e+00 0.000000e+00 1.000000e+00
    outer loop
      vertex   2.118999e+02 -1.655717e+02 1.000000e+00
      vertex   2.145397e+02 -1.665281e+02 1.000000e+00
      vertex   2.147407e+02 -1.661492e+02 1.000000e+00
    endloop
  endfacet
  facet normal -0.000000e+00 0.000000e+00 1.000000e+00
    outer loop
      vertex   2.118999e+02 -1.655717e+02 1.000000e+00
      vertex   2.147407e+02 -1.661492e+02 1.000000e+00
      vertex   2.119891e+02 -1.651889e+02 1.000000e+00
    endloop
  endfacet
  facet normal 0.000000e+00 0.000000e+00 1.000000e+00
    outer loop
      vertex   2.119891e+02 -1.651889e+02 1.000000e+00
      vertex   2.147407e+02 -1.661492e+02 1.000000e+00
      vertex   2.148847e+02 -1.657676e+02 1.000000e+00
    endloop
  endfacet
  facet normal 0.000000e+00 0.000000e+00 1.000000e+00
    outer loop
      vertex   2.119891e+02 -1.651889e+02 1.000000e+00
      vertex   2.148847e+02 -1.657676e+02 1.000000e+00
      vertex   2.149711e+02 -1.653843e+02 1.000000e+00
    endloop
  endfacet
  facet normal 0.000000e+00 -0.000000e+00 1.000000e+00
    outer loop
      vertex   2.149711e+02 -1.653843e+02 1.000000e+00
      vertex   2.150000e+02 -1.650000e+02 1.000000e+00
      vertex   2.119891e+02 -1.651889e+02 1.000000e+00
    endloop
  endfacet
  facet normal 0.000000e+00 -0.000000e+00 1.000000e+00
    outer loop
      vertex   2.119891e+02 -1.651889e+02 1.000000e+00
      vertex   2.150000e+02 -1.650000e+02 1.000000e+00
      vertex   2.119884e+02 -1.648053e+02 1.000000e+00
    endloop
  endfacet
  facet normal -0.000000e+00 0.000000e+00 1.000000e+00
    outer loop
      vertex   2.119884e+02 -1.648053e+02 1.000000e+00
      vertex   2.150000e+02 -1.650000e+02 1.000000e+00
      vertex   2.149711e+02 -1.646158e+02 1.000000e+00
    endloop
  endfacet
  facet normal 0.000000e+00 0.000000e+00 1.000000e+00
    outer loop
      vertex   2.119884e+02 -1.648053e+02 1.000000e+00
      vertex   2.149711e+02 -1.646158e+02 1.000000e+00
      vertex   2.148847e+02 -1.642324e+02 1.000000e+00
    endloop
  endfacet
  facet normal 0.000000e+00 0.000000e+00 1.000000e+00
    outer loop
      vertex   2.148847e+02 -1.642324e+02 1.000000e+00
      vertex   2.147407e+02 -1.638508e+02 1.000000e+00
      vertex   2.119884e+02 -1.648053e+02 1.000000e+00
    endloop
  endfacet
  facet normal 0.000000e+00 -0.000000e+00 1.000000e+00
    outer loop
      vertex   2.119884e+02 -1.648053e+02 1.000000e+00
      vertex   2.147407e+02 -1.638508e+02 1.000000e+00
      vertex   2.118979e+02 -1.644225e+02 1.000000e+00
    endloop
  endfacet
  facet normal 0.000000e+00 0.000000e+00 1.000000e+00
    outer loop
      vertex   2.118979e+02 -1.644225e+02 1.000000e+00
      vertex   2.147407e+02 -1.638508e+02 1.000000e+00
      vertex   2.145397e+02 -1.634719e+02 1.000000e+00
    endloop
  endfacet
  facet normal 0.000000e+00 0.000000e+00 1.000000e+00
    outer loop
      vertex   2.118979e+02 -1.644225e+02 1.000000e+00
      vertex   2.145397e+02 -1.634719e+02 1.000000e+00
      vertex   2.142820e+02 -1.630965e+02 1.000000e+00
    endloop
  endfacet
  facet normal 0.000000e+00 -0.000000e+00 1.000000e+00
    outer loop
      vertex   2.118979e+02 -1.644225e+02 1.000000e+00
      vertex   2.142820e+02 -1.630965e+02 1.000000e+00
      vertex   2.117178e+02 -1.640421e+02 1.000000e+00
    endloop
  endfacet
  facet normal 0.000000e+00 0.000000e+00 1.000000e+00
    outer loop
      vertex   2.117178e+02 -1.640421e+02 1.000000e+00
      vertex   2.142820e+02 -1.630965e+02 1.000000e+00
      vertex   2.139682e+02 -1.627254e+02 1.000000e+00
    endloop
  endfacet
  facet normal 0.000000e+00 0.000000e+00 1.000000e+00
    outer loop
      vertex   2.117178e+02 -1.640421e+02 1.000000e+00
      vertex   2.139682e+02 -1.627254e+02 1.000000e+00
      vertex   2.135992e+02 -1.623597e+02 1.000000e+00
    endloop
  endfacet
  facet normal 0.000000e+00 -0.000000e+00 1.000000e+00
    outer loop
      vertex   2.117178e+02 -1.640421e+02 1.000000e+00
      vertex   2.135992e+02 -1.623597e+02 1.000000e+00
      vertex   2.114490e+02 -1.636656e+02 1.000000e+00
    endloop
  endfacet
  facet normal 0.000000e+00 0.000000e+00 1.000000e+00
    outer loop
      vertex   2.114490e+02 -1.636656e+02 1.000000e+00
      vertex   2.135992e+02 -1.623597e+02 1.000000e+00
      vertex   2.131756e+02 -1.620000e+02 1.000000e+00
    endloop
  endfacet
  facet normal 0.000000e+00 -0.000000e+00 1.000000e+00
    outer loop
      vertex   2.114490e+02 -1.636656e+02 1.000000e+00
      vertex   2.131756e+02 -1.620000e+02 1.000000e+00
      vertex   2.110925e+02 -1.632945e+02 1.000000e+00
    endloop
  endfacet
  facet normal 0.000000e+00 -0.000000e+00 1.000000e+00
    outer loop
      vertex   2.110925e+02 -1.632945e+02 1.000000e+00
      vertex   2.131756e+02 -1.620000e+02 1.000000e+00
      vertex   2.108129e+02 -1.609443e+02 1.000000e+00
    endloop
  endfacet
  facet normal 0.000000e+00 0.000000e+00 1.000000e+00
    outer loop
      vertex   2.110925e+02 -1.632945e+02 1.000000e+00
      vertex   2.108129e+02 -1.609443e+02 1.000000e+00
      vertex   2.102744e+02 -1.613294e+02 1.000000e+00
    endloop
  endfacet
  facet normal 0.000000e+00 0.000000e+00 1.000000e+00
    outer loop
      vertex   2.135992e+02 -1.616403e+02 1.000000e+00
      vertex   2.115931e+02 -1.601486e+02 1.000000e+00
      vertex   2.131756e+02 -1.620000e+02 1.000000e+00
    endloop
  endfacet
  facet normal 0.000000e+00 0.000000e+00 1.000000e+00
    outer loop
      vertex   2.131756e+02 -1.620000e+02 1.000000e+00
      vertex   2.115931e+02 -1.601486e+02 1.000000e+00
      vertex   2.112531e+02 -1.605502e+02 1.000000e+00
    endloop
  endfacet
  facet normal 0.000000e+00 0.000000e+00 1.000000e+00
    outer loop
      vertex   2.131756e+02 -1.620000e+02 1.000000e+00
      vertex   2.112531e+02 -1.605502e+02 1.000000e+00
      vertex   2.108129e+02 -1.609443e+02 1.000000e+00
    endloop
  endfacet
  facet normal 0.000000e+00 -0.000000e+00 1.000000e+00
    outer loop
      vertex   2.135992e+02 -1.616403e+02 1.000000e+00
      vertex   2.139682e+02 -1.612746e+02 1.000000e+00
      vertex   2.115931e+02 -1.601486e+02 1.000000e+00
    endloop
  endfacet
  facet normal -0.000000e+00 0.000000e+00 1.000000e+00
    outer loop
      vertex   2.115931e+02 -1.601486e+02 1.000000e+00
      vertex   2.139682e+02 -1.612746e+02 1.000000e+00
      vertex   2.118313e+02 -1.597417e+02 1.000000e+00
    endloop
  endfacet
  facet normal 0.000000e+00 0.000000e+00 1.000000e+00
    outer loop
      vertex   2.118313e+02 -1.597417e+02 1.000000e+00
      vertex   2.139682e+02 -1.612746e+02 1.000000e+00
      vertex   2.142820e+02 -1.609035e+02 1.000000e+00
    endloop
  endfacet
  facet normal 0.000000e+00 0.000000e+00 1.000000e+00
    outer loop
      vertex   2.118313e+02 -1.597417e+02 1.000000e+00
      vertex   2.142820e+02 -1.609035e+02 1.000000e+00
      vertex   2.145397e+02 -1.605281e+02 1.000000e+00
    endloop
  endfacet
  facet normal -0.000000e+00 0.000000e+00 1.000000e+00
    outer loop
      vertex   2.118313e+02 -1.597417e+02 1.000000e+00
      vertex   2.145397e+02 -1.605281e+02 1.000000e+00
      vertex   2.119665e+02 -1.593313e+02 1.000000e+00
    endloop
  endfacet
  facet normal 0.000000e+00 0.000000e+00 1.000000e+00
    outer loop
      vertex   2.119665e+02 -1.593313e+02 1.000000e+00
      vertex   2.145397e+02 -1.605281e+02 1.000000e+00
      vertex   2.147407e+02 -1.601492e+02 1.000000e+00
    endloop
  endfacet
  facet normal 0.000000e+00 0.000000e+00 1.000000e+00
    outer loop
      vertex   2.119665e+02 -1.593313e+02 1.000000e+00
      vertex   2.147407e+02 -1.601492e+02 1.000000e+00
      vertex   2.148847e+02 -1.597676e+02 1.000000e+00
    endloop
  endfacet
  facet normal 0.000000e+00 -0.000000e+00 1.000000e+00
    outer loop
      vertex   2.148847e+02 -1.597676e+02 1.000000e+00
      vertex   2.149712e+02 -1.593842e+02 1.000000e+00
      vertex   2.119665e+02 -1.593313e+02 1.000000e+00
    endloop
  endfacet
  facet normal -0.000000e+00 0.000000e+00 1.000000e+00
    outer loop
      vertex   2.119665e+02 -1.593313e+02 1.000000e+00
      vertex   2.149712e+02 -1.593842e+02 1.000000e+00
      vertex   2.119980e+02 -1.589193e+02 1.000000e+00
    endloop
  endfacet
  facet normal 0.000000e+00 0.000000e+00 1.000000e+00
    outer loop
      vertex   2.119980e+02 -1.589193e+02 1.000000e+00
      vertex   2.149712e+02 -1.593842e+02 1.000000e+00
      vertex   2.150000e+02 -1.590000e+02 1.000000e+00
    endloop
  endfacet
  facet normal -0.000000e+00 0.000000e+00 1.000000e+00
    outer loop
      vertex   2.119980e+02 -1.589193e+02 1.000000e+00
      vertex   2.150000e+02 -1.590000e+02 1.000000e+00
      vertex   2.149712e+02 -1.586157e+02 1.000000e+00
    endloop
  endfacet
  facet normal 0.000000e+00 0.000000e+00 1.000000e+00
    outer loop
      vertex   2.149712e+02 -1.586157e+02 1.000000e+00
      vertex   2.148847e+02 -1.582324e+02 1.000000e+00
      vertex   2.119980e+02 -1.589193e+02 1.000000e+00
    endloop
  endfacet
  facet normal 0.000000e+00 -0.000000e+00 1.000000e+00
    outer loop
      vertex   2.119980e+02 -1.589193e+02 1.000000e+00
      vertex   2.148847e+02 -1.582324e+02 1.000000e+00
      vertex   2.119259e+02 -1.585077e+02 1.000000e+00
    endloop
  endfacet
  facet normal 0.000000e+00 0.000000e+00 1.000000e+00
    outer loop
      vertex   2.119259e+02 -1.585077e+02 1.000000e+00
      vertex   2.148847e+02 -1.582324e+02 1.000000e+00
      vertex   2.147407e+02 -1.578508e+02 1.000000e+00
    endloop
  endfacet
  facet normal 0.000000e+00 0.000000e+00 1.000000e+00
    outer loop
      vertex   2.119259e+02 -1.585077e+02 1.000000e+00
      vertex   2.147407e+02 -1.578508e+02 1.000000e+00
      vertex   2.145397e+02 -1.574719e+02 1.000000e+00
    endloop
  endfacet
  facet normal 0.000000e+00 0.000000e+00 1.000000e+00
    outer loop
      vertex   2.145397e+02 -1.574719e+02 1.000000e+00
      vertex   2.142820e+02 -1.570964e+02 1.000000e+00
      vertex   2.119259e+02 -1.585077e+02 1.000000e+00
    endloop
  endfacet
  facet normal 0.000000e+00 -0.000000e+00 1.000000e+00
    outer loop
      vertex   2.119259e+02 -1.585077e+02 1.000000e+00
      vertex   2.142820e+02 -1.570964e+02 1.000000e+00
      vertex   2.117502e+02 -1.580984e+02 1.000000e+00
    endloop
  endfacet
  facet normal 0.000000e+00 0.000000e+00 1.000000e+00
    outer loop
      vertex   2.117502e+02 -1.580984e+02 1.000000e+00
      vertex   2.142820e+02 -1.570964e+02 1.000000e+00
      vertex   2.139682e+02 -1.567254e+02 1.000000e+00
    endloop
  endfacet
  facet normal 0.000000e+00 0.000000e+00 1.000000e+00
    outer loop
      vertex   2.117502e+02 -1.580984e+02 1.000000e+00
      vertex   2.139682e+02 -1.567254e+02 1.000000e+00
      vertex   2.135992e+02 -1.563597e+02 1.000000e+00
    endloop
  endfacet
  facet normal 0.000000e+00 -0.000000e+00 1.000000e+00
    outer loop
      vertex   2.117502e+02 -1.580984e+02 1.000000e+00
      vertex   2.135992e+02 -1.563597e+02 1.000000e+00
      vertex   2.114720e+02 -1.576934e+02 1.000000e+00
    endloop
  endfacet
  facet normal 0.000000e+00 0.000000e+00 1.000000e+00
    outer loop
      vertex   2.114720e+02 -1.576934e+02 1.000000e+00
      vertex   2.135992e+02 -1.563597e+02 1.000000e+00
      vertex   2.131756e+02 -1.560000e+02 1.000000e+00
    endloop
  endfacet
  facet normal 0.000000e+00 -0.000000e+00 1.000000e+00
    outer loop
      vertex   2.114720e+02 -1.576934e+02 1.000000e+00
      vertex   2.131756e+02 -1.560000e+02 1.000000e+00
      vertex   2.110925e+02 -1.572945e+02 1.000000e+00
    endloop
  endfacet
  facet normal 0.000000e+00 -0.000000e+00 1.000000e+00
    outer loop
      vertex   2.110925e+02 -1.572945e+02 1.000000e+00
      vertex   2.131756e+02 -1.560000e+02 1.000000e+00
      vertex   2.104250e+02 -1.552294e+02 1.000000e+00
    endloop
  endfacet
  facet normal 0.000000e+00 0.000000e+00 1.000000e+00
    outer loop
      vertex   2.110925e+02 -1.572945e+02 1.000000e+00
      vertex   2.104250e+02 -1.552294e+02 1.000000e+00
      vertex   2.096277e+02 -1.557102e+02 1.000000e+00
    endloop
  endfacet
  facet normal 0.000000e+00 0.000000e+00 1.000000e+00
    outer loop
      vertex   2.136563e+02 -1.555874e+02 1.000000e+00
      vertex   2.115406e+02 -1.542197e+02 1.000000e+00
      vertex   2.131756e+02 -1.560000e+02 1.000000e+00
    endloop
  endfacet
  facet normal 0.000000e+00 0.000000e+00 1.000000e+00
    outer loop
      vertex   2.131756e+02 -1.560000e+02 1.000000e+00
      vertex   2.115406e+02 -1.542197e+02 1.000000e+00
      vertex   2.110643e+02 -1.547312e+02 1.000000e+00
    endloop
  endfacet
  facet normal 0.000000e+00 0.000000e+00 1.000000e+00
    outer loop
      vertex   2.131756e+02 -1.560000e+02 1.000000e+00
      vertex   2.110643e+02 -1.547312e+02 1.000000e+00
      vertex   2.104250e+02 -1.552294e+02 1.000000e+00
    endloop
  endfacet
  facet normal -0.000000e+00 0.000000e+00 1.000000e+00
    outer loop
      vertex   2.115406e+02 -1.542197e+02 1.000000e+00
      vertex   2.136563e+02 -1.555874e+02 1.000000e+00
      vertex   2.118503e+02 -1.536988e+02 1.000000e+00
    endloop
  endfacet
  facet normal 0.000000e+00 0.000000e+00 1.000000e+00
    outer loop
      vertex   2.118503e+02 -1.536988e+02 1.000000e+00
      vertex   2.136563e+02 -1.555874e+02 1.000000e+00
      vertex   2.140654e+02 -1.551670e+02 1.000000e+00
    endloop
  endfacet
  facet normal 0.000000e+00 0.000000e+00 1.000000e+00
    outer loop
      vertex   2.118503e+02 -1.536988e+02 1.000000e+00
      vertex   2.140654e+02 -1.551670e+02 1.000000e+00
      vertex   2.144015e+02 -1.547400e+02 1.000000e+00
    endloop
  endfacet
  facet normal -0.000000e+00 0.000000e+00 1.000000e+00
    outer loop
      vertex   2.118503e+02 -1.536988e+02 1.000000e+00
      vertex   2.144015e+02 -1.547400e+02 1.000000e+00
      vertex   2.119418e+02 -1.534361e+02 1.000000e+00
    endloop
  endfacet
  facet normal 0.000000e+00 0.000000e+00 1.000000e+00
    outer loop
      vertex   2.119418e+02 -1.534361e+02 1.000000e+00
      vertex   2.144015e+02 -1.547400e+02 1.000000e+00
      vertex   2.146637e+02 -1.543077e+02 1.000000e+00
    endloop
  endfacet
  facet normal 0.000000e+00 0.000000e+00 1.000000e+00
    outer loop
      vertex   2.119418e+02 -1.534361e+02 1.000000e+00
      vertex   2.146637e+02 -1.543077e+02 1.000000e+00
      vertex   2.148512e+02 -1.538715e+02 1.000000e+00
    endloop
  endfacet
  facet normal -0.000000e+00 0.000000e+00 1.000000e+00
    outer loop
      vertex   2.119418e+02 -1.534361e+02 1.000000e+00
      vertex   2.148512e+02 -1.538715e+02 1.000000e+00
      vertex   2.119909e+02 -1.531725e+02 1.000000e+00
    endloop
  endfacet
  facet normal 0.000000e+00 0.000000e+00 1.000000e+00
    outer loop
      vertex   2.119909e+02 -1.531725e+02 1.000000e+00
      vertex   2.148512e+02 -1.538715e+02 1.000000e+00
      vertex   2.149634e+02 -1.534326e+02 1.000000e+00
    endloop
  endfacet
  facet normal -0.000000e+00 0.000000e+00 1.000000e+00
    outer loop
      vertex   2.119909e+02 -1.531725e+02 1.000000e+00
      vertex   2.149634e+02 -1.534326e+02 1.000000e+00
      vertex   2.150000e+02 -1.529924e+02 1.000000e+00
    endloop
  endfacet
  facet normal 0.000000e+00 0.000000e+00 1.000000e+00
    outer loop
      vertex   2.119909e+02 -1.531725e+02 1.000000e+00
      vertex   2.150000e+02 -1.529924e+02 1.000000e+00
      vertex   2.119974e+02 -1.529085e+02 1.000000e+00
    endloop
  endfacet
  facet normal -0.000000e+00 0.000000e+00 1.000000e+00
    outer loop
      vertex   2.119974e+02 -1.529085e+02 1.000000e+00
      vertex   2.150000e+02 -1.529924e+02 1.000000e+00
      vertex   2.149608e+02 -1.525522e+02 1.000000e+00
    endloop
  endfacet
  facet normal 0.000000e+00 0.000000e+00 1.000000e+00
    outer loop
      vertex   2.119974e+02 -1.529085e+02 1.000000e+00
      vertex   2.149608e+02 -1.525522e+02 1.000000e+00
      vertex   2.148460e+02 -1.521134e+02 1.000000e+00
    endloop
  endfacet
  facet normal 0.000000e+00 -0.000000e+00 1.000000e+00
    outer loop
      vertex   2.119974e+02 -1.529085e+02 1.000000e+00
      vertex   2.148460e+02 -1.521134e+02 1.000000e+00
      vertex   2.119614e+02 -1.526448e+02 1.000000e+00
    endloop
  endfacet
  facet normal 0.000000e+00 0.000000e+00 1.000000e+00
    outer loop
      vertex   2.119614e+02 -1.526448e+02 1.000000e+00
      vertex   2.148460e+02 -1.521134e+02 1.000000e+00
      vertex   2.146560e+02 -1.516773e+02 1.000000e+00
    endloop
  endfacet
  facet normal 0.000000e+00 -0.000000e+00 1.000000e+00
    outer loop
      vertex   2.119614e+02 -1.526448e+02 1.000000e+00
      vertex   2.146560e+02 -1.516773e+02 1.000000e+00
      vertex   2.118829e+02 -1.523817e+02 1.000000e+00
    endloop
  endfacet
  facet normal 0.000000e+00 0.000000e+00 1.000000e+00
    outer loop
      vertex   2.118829e+02 -1.523817e+02 1.000000e+00
      vertex   2.146560e+02 -1.516773e+02 1.000000e+00
      vertex   2.143912e+02 -1.512452e+02 1.000000e+00
    endloop
  endfacet
  facet normal 0.000000e+00 0.000000e+00 1.000000e+00
    outer loop
      vertex   2.118829e+02 -1.523817e+02 1.000000e+00
      vertex   2.143912e+02 -1.512452e+02 1.000000e+00
      vertex   2.140525e+02 -1.508184e+02 1.000000e+00
    endloop
  endfacet
  facet normal 0.000000e+00 -0.000000e+00 1.000000e+00
    outer loop
      vertex   2.118829e+02 -1.523817e+02 1.000000e+00
      vertex   2.140525e+02 -1.508184e+02 1.000000e+00
      vertex   2.117620e+02 -1.521198e+02 1.000000e+00
    endloop
  endfacet
  facet normal 0.000000e+00 0.000000e+00 1.000000e+00
    outer loop
      vertex   2.117620e+02 -1.521198e+02 1.000000e+00
      vertex   2.140525e+02 -1.508184e+02 1.000000e+00
      vertex   2.136410e+02 -1.503982e+02 1.000000e+00
    endloop
  endfacet
  facet normal 0.000000e+00 -0.000000e+00 1.000000e+00
    outer loop
      vertex   2.117620e+02 -1.521198e+02 1.000000e+00
      vertex   2.136410e+02 -1.503982e+02 1.000000e+00
      vertex   2.113943e+02 -1.516017e+02 1.000000e+00
    endloop
  endfacet
  facet normal 0.000000e+00 0.000000e+00 1.000000e+00
    outer loop
      vertex   2.113943e+02 -1.516017e+02 1.000000e+00
      vertex   2.136410e+02 -1.503982e+02 1.000000e+00
      vertex   2.131578e+02 -1.499859e+02 1.000000e+00
    endloop
  endfacet
  facet normal 0.000000e+00 0.000000e+00 1.000000e+00
    outer loop
      vertex   2.113943e+02 -1.516017e+02 1.000000e+00
      vertex   2.131578e+02 -1.499859e+02 1.000000e+00
      vertex   2.126045e+02 -1.495828e+02 1.000000e+00
    endloop
  endfacet
  facet normal 0.000000e+00 -0.000000e+00 1.000000e+00
    outer loop
      vertex   2.113943e+02 -1.516017e+02 1.000000e+00
      vertex   2.126045e+02 -1.495828e+02 1.000000e+00
      vertex   2.108610e+02 -1.510944e+02 1.000000e+00
    endloop
  endfacet
  facet normal 0.000000e+00 0.000000e+00 1.000000e+00
    outer loop
      vertex   2.108610e+02 -1.510944e+02 1.000000e+00
      vertex   2.126045e+02 -1.495828e+02 1.000000e+00
      vertex   2.119827e+02 -1.491899e+02 1.000000e+00
    endloop
  endfacet
  facet normal 0.000000e+00 -0.000000e+00 1.000000e+00
    outer loop
      vertex   2.108610e+02 -1.510944e+02 1.000000e+00
      vertex   2.119827e+02 -1.491899e+02 1.000000e+00
      vertex   2.101664e+02 -1.506019e+02 1.000000e+00
    endloop
  endfacet
  facet normal 0.000000e+00 0.000000e+00 1.000000e+00
    outer loop
      vertex   2.101664e+02 -1.506019e+02 1.000000e+00
      vertex   2.119827e+02 -1.491899e+02 1.000000e+00
      vertex   2.112943e+02 -1.488087e+02 1.000000e+00
    endloop
  endfacet
  facet normal 0.000000e+00 0.000000e+00 1.000000e+00
    outer loop
      vertex   2.101664e+02 -1.506019e+02 1.000000e+00
      vertex   2.112943e+02 -1.488087e+02 1.000000e+00
      vertex   2.105414e+02 -1.484401e+02 1.000000e+00
    endloop
  endfacet
  facet normal 0.000000e+00 -0.000000e+00 1.000000e+00
    outer loop
      vertex   2.101664e+02 -1.506019e+02 1.000000e+00
      vertex   2.105414e+02 -1.484401e+02 1.000000e+00
      vertex   2.093157e+02 -1.501278e+02 1.000000e+00
    endloop
  endfacet
  facet normal 0.000000e+00 0.000000e+00 1.000000e+00
    outer loop
      vertex   2.093157e+02 -1.501278e+02 1.000000e+00
      vertex   2.105414e+02 -1.484401e+02 1.000000e+00
      vertex   2.097262e+02 -1.480853e+02 1.000000e+00
    endloop
  endfacet
  facet normal 0.000000e+00 -0.000000e+00 1.000000e+00
    outer loop
      vertex   2.093157e+02 -1.501278e+02 1.000000e+00
      vertex   2.097262e+02 -1.480853e+02 1.000000e+00
      vertex   2.083156e+02 -1.496761e+02 1.000000e+00
    endloop
  endfacet
  facet normal 0.000000e+00 0.000000e+00 1.000000e+00
    outer loop
      vertex   2.083156e+02 -1.496761e+02 1.000000e+00
      vertex   2.097262e+02 -1.480853e+02 1.000000e+00
      vertex   2.088513e+02 -1.477454e+02 1.000000e+00
    endloop
  endfacet
  facet normal 0.000000e+00 -0.000000e+00 1.000000e+00
    outer loop
      vertex   2.083156e+02 -1.496761e+02 1.000000e+00
      vertex   2.088513e+02 -1.477454e+02 1.000000e+00
      vertex   2.071738e+02 -1.492500e+02 1.000000e+00
    endloop
  endfacet
  facet normal 0.000000e+00 0.000000e+00 1.000000e+00
    outer loop
      vertex   2.071738e+02 -1.492500e+02 1.000000e+00
      vertex   2.088513e+02 -1.477454e+02 1.000000e+00
      vertex   2.079193e+02 -1.474215e+02 1.000000e+00
    endloop
  endfacet
  facet normal 0.000000e+00 -0.000000e+00 1.000000e+00
    outer loop
      vertex   2.071738e+02 -1.492500e+02 1.000000e+00
      vertex   2.079193e+02 -1.474215e+02 1.000000e+00
      vertex   2.069329e+02 -1.471144e+02 1.000000e+00
    endloop
  endfacet
  facet normal 0.000000e+00 0.000000e+00 1.000000e+00
    outer loop
      vertex   2.071738e+02 -1.492500e+02 1.000000e+00
      vertex   2.069329e+02 -1.471144e+02 1.000000e+00
      vertex   2.058992e+02 -1.488529e+02 1.000000e+00
    endloop
  endfacet
  facet normal 0.000000e+00 -0.000000e+00 1.000000e+00
    outer loop
      vertex   2.058992e+02 -1.488529e+02 1.000000e+00
      vertex   2.069329e+02 -1.471144e+02 1.000000e+00
      vertex   2.058953e+02 -1.468252e+02 1.000000e+00
    endloop
  endfacet
  facet normal 0.000000e+00 0.000000e+00 1.000000e+00
    outer loop
      vertex   2.058992e+02 -1.488529e+02 1.000000e+00
      vertex   2.058953e+02 -1.468252e+02 1.000000e+00
      vertex   2.045015e+02 -1.484879e+02 1.000000e+00
    endloop
  endfacet
  facet normal 0.000000e+00 0.000000e+00 1.000000e+00
    outer loop
      vertex   2.045015e+02 -1.484879e+02 1.000000e+00
      vertex   2.058953e+02 -1.468252e+02 1.000000e+00
      vertex   2.048095e+02 -1.465547e+02 1.000000e+00
    endloop
  endfacet
  facet normal 0.000000e+00 -0.000000e+00 1.000000e+00
    outer loop
      vertex   2.045015e+02 -1.484879e+02 1.000000e+00
      vertex   2.048095e+02 -1.465547e+02 1.000000e+00
      vertex   2.036789e+02 -1.463037e+02 1.000000e+00
    endloop
  endfacet
  facet normal 0.000000e+00 0.000000e+00 1.000000e+00
    outer loop
      vertex   2.045015e+02 -1.484879e+02 1.000000e+00
      vertex   2.036789e+02 -1.463037e+02 1.000000e+00
      vertex   2.029917e+02 -1.481579e+02 1.000000e+00
    endloop
  endfacet
  facet normal 0.000000e+00 -0.000000e+00 1.000000e+00
    outer loop
      vertex   2.029917e+02 -1.481579e+02 1.000000e+00
      vertex   2.036789e+02 -1.463037e+02 1.000000e+00
      vertex   2.025068e+02 -1.460730e+02 1.000000e+00
    endloop
  endfacet
  facet normal 0.000000e+00 0.000000e+00 1.000000e+00
    outer loop
      vertex   2.029917e+02 -1.481579e+02 1.000000e+00
      vertex   2.025068e+02 -1.460730e+02 1.000000e+00
      vertex   2.013813e+02 -1.478652e+02 1.000000e+00
    endloop
  endfacet
  facet normal 0.000000e+00 -0.000000e+00 1.000000e+00
    outer loop
      vertex   2.013813e+02 -1.478652e+02 1.000000e+00
      vertex   2.025068e+02 -1.460730e+02 1.000000e+00
      vertex   2.000526e+02 -1.456752e+02 1.000000e+00
    endloop
  endfacet
  facet normal 0.000000e+00 0.000000e+00 1.000000e+00
    outer loop
      vertex   2.013813e+02 -1.478652e+02 1.000000e+00
      vertex   2.000526e+02 -1.456752e+02 1.000000e+00
      vertex   1.996830e+02 -1.476123e+02 1.000000e+00
    endloop
  endfacet
  facet normal 0.000000e+00 -0.000000e+00 1.000000e+00
    outer loop
      vertex   1.996830e+02 -1.476123e+02 1.000000e+00
      vertex   2.000526e+02 -1.456752e+02 1.000000e+00
      vertex   1.979097e+02 -1.474011e+02 1.000000e+00
    endloop
  endfacet
  facet normal 0.000000e+00 -0.000000e+00 1.000000e+00
    outer loop
      vertex   1.979097e+02 -1.474011e+02 1.000000e+00
      vertex   2.000526e+02 -1.456752e+02 1.000000e+00
      vertex   1.974767e+02 -1.453661e+02 1.000000e+00
    endloop
  endfacet
  facet normal 0.000000e+00 0.000000e+00 1.000000e+00
    outer loop
      vertex   1.979097e+02 -1.474011e+02 1.000000e+00
      vertex   1.974767e+02 -1.453661e+02 1.000000e+00
      vertex   1.960752e+02 -1.472332e+02 1.000000e+00
    endloop
  endfacet
  facet normal 0.000000e+00 -0.000000e+00 1.000000e+00
    outer loop
      vertex   1.960752e+02 -1.472332e+02 1.000000e+00
      vertex   1.974767e+02 -1.453661e+02 1.000000e+00
      vertex   1.948102e+02 -1.451495e+02 1.000000e+00
    endloop
  endfacet
  facet normal 0.000000e+00 0.000000e+00 1.000000e+00
    outer loop
      vertex   1.960752e+02 -1.472332e+02 1.000000e+00
      vertex   1.948102e+02 -1.451495e+02 1.000000e+00
      vertex   1.941937e+02 -1.471099e+02 1.000000e+00
    endloop
  endfacet
  facet normal 0.000000e+00 -0.000000e+00 1.000000e+00
    outer loop
      vertex   1.941937e+02 -1.471099e+02 1.000000e+00
      vertex   1.948102e+02 -1.451495e+02 1.000000e+00
      vertex   1.920855e+02 -1.450279e+02 1.000000e+00
    endloop
  endfacet
  facet normal 0.000000e+00 0.000000e+00 1.000000e+00
    outer loop
      vertex   1.941937e+02 -1.471099e+02 1.000000e+00
      vertex   1.920855e+02 -1.450279e+02 1.000000e+00
      vertex   1.922797e+02 -1.470322e+02 1.000000e+00
    endloop
  endfacet
  facet normal 0.000000e+00 0.000000e+00 1.000000e+00
    outer loop
      vertex   1.922797e+02 -1.470322e+02 1.000000e+00
      vertex   1.920855e+02 -1.450279e+02 1.000000e+00
      vertex   1.903482e+02 -1.470007e+02 1.000000e+00
    endloop
  endfacet
  facet normal 0.000000e+00 -0.000000e+00 1.000000e+00
    outer loop
      vertex   1.903482e+02 -1.470007e+02 1.000000e+00
      vertex   1.920855e+02 -1.450279e+02 1.000000e+00
      vertex   1.893356e+02 -1.450028e+02 1.000000e+00
    endloop
  endfacet
  facet normal 0.000000e+00 0.000000e+00 1.000000e+00
    outer loop
      vertex   1.903482e+02 -1.470007e+02 1.000000e+00
      vertex   1.893356e+02 -1.450028e+02 1.000000e+00
      vertex   1.884139e+02 -1.470155e+02 1.000000e+00
    endloop
  endfacet
  facet normal 0.000000e+00 -0.000000e+00 1.000000e+00
    outer loop
      vertex   1.884139e+02 -1.470155e+02 1.000000e+00
      vertex   1.893356e+02 -1.450028e+02 1.000000e+00
      vertex   1.865937e+02 -1.450746e+02 1.000000e+00
    endloop
  endfacet
  facet normal 0.000000e+00 0.000000e+00 1.000000e+00
    outer loop
      vertex   1.884139e+02 -1.470155e+02 1.000000e+00
      vertex   1.865937e+02 -1.450746e+02 1.000000e+00
      vertex   1.864919e+02 -1.470767e+02 1.000000e+00
    endloop
  endfacet
  facet normal 0.000000e+00 -0.000000e+00 1.000000e+00
    outer loop
      vertex   1.864919e+02 -1.470767e+02 1.000000e+00
      vertex   1.865937e+02 -1.450746e+02 1.000000e+00
      vertex   1.845970e+02 -1.471837e+02 1.000000e+00
    endloop
  endfacet
  facet normal 0.000000e+00 -0.000000e+00 1.000000e+00
    outer loop
      vertex   1.845970e+02 -1.471837e+02 1.000000e+00
      vertex   1.865937e+02 -1.450746e+02 1.000000e+00
      vertex   1.838930e+02 -1.452423e+02 1.000000e+00
    endloop
  endfacet
  facet normal 0.000000e+00 0.000000e+00 1.000000e+00
    outer loop
      vertex   1.845970e+02 -1.471837e+02 1.000000e+00
      vertex   1.838930e+02 -1.452423e+02 1.000000e+00
      vertex   1.827440e+02 -1.473357e+02 1.000000e+00
    endloop
  endfacet
  facet normal 0.000000e+00 -0.000000e+00 1.000000e+00
    outer loop
      vertex   1.827440e+02 -1.473357e+02 1.000000e+00
      vertex   1.838930e+02 -1.452423e+02 1.000000e+00
      vertex   1.812663e+02 -1.455040e+02 1.000000e+00
    endloop
  endfacet
  facet normal 0.000000e+00 0.000000e+00 1.000000e+00
    outer loop
      vertex   1.827440e+02 -1.473357e+02 1.000000e+00
      vertex   1.812663e+02 -1.455040e+02 1.000000e+00
      vertex   1.809471e+02 -1.475315e+02 1.000000e+00
    endloop
  endfacet
  facet normal 0.000000e+00 -0.000000e+00 1.000000e+00
    outer loop
      vertex   1.809471e+02 -1.475315e+02 1.000000e+00
      vertex   1.812663e+02 -1.455040e+02 1.000000e+00
      vertex   1.787453e+02 -1.458565e+02 1.000000e+00
    endloop
  endfacet
  facet normal 0.000000e+00 0.000000e+00 1.000000e+00
    outer loop
      vertex   1.809471e+02 -1.475315e+02 1.000000e+00
      vertex   1.787453e+02 -1.458565e+02 1.000000e+00
      vertex   1.792202e+02 -1.477696e+02 1.000000e+00
    endloop
  endfacet
  facet normal 0.000000e+00 0.000000e+00 1.000000e+00
    outer loop
      vertex   1.792202e+02 -1.477696e+02 1.000000e+00
      vertex   1.787453e+02 -1.458565e+02 1.000000e+00
      vertex   1.775767e+02 -1.480481e+02 1.000000e+00
    endloop
  endfacet
  facet normal 0.000000e+00 -0.000000e+00 1.000000e+00
    outer loop
      vertex   1.775767e+02 -1.480481e+02 1.000000e+00
      vertex   1.787453e+02 -1.458565e+02 1.000000e+00
      vertex   1.763607e+02 -1.462955e+02 1.000000e+00
    endloop
  endfacet
  facet normal 0.000000e+00 0.000000e+00 1.000000e+00
    outer loop
      vertex   1.775767e+02 -1.480481e+02 1.000000e+00
      vertex   1.763607e+02 -1.462955e+02 1.000000e+00
      vertex   1.760293e+02 -1.483650e+02 1.000000e+00
    endloop
  endfacet
  facet normal 0.000000e+00 -0.000000e+00 1.000000e+00
    outer loop
      vertex   1.760293e+02 -1.483650e+02 1.000000e+00
      vertex   1.763607e+02 -1.462955e+02 1.000000e+00
      vertex   1.752285e+02 -1.465458e+02 1.000000e+00
    endloop
  endfacet
  facet normal 0.000000e+00 0.000000e+00 1.000000e+00
    outer loop
      vertex   1.760293e+02 -1.483650e+02 1.000000e+00
      vertex   1.752285e+02 -1.465458e+02 1.000000e+00
      vertex   1.745900e+02 -1.487178e+02 1.000000e+00
    endloop
  endfacet
  facet normal 0.000000e+00 -0.000000e+00 1.000000e+00
    outer loop
      vertex   1.745900e+02 -1.487178e+02 1.000000e+00
      vertex   1.752285e+02 -1.465458e+02 1.000000e+00
      vertex   1.741412e+02 -1.468156e+02 1.000000e+00
    endloop
  endfacet
  facet normal 0.000000e+00 0.000000e+00 1.000000e+00
    outer loop
      vertex   1.745900e+02 -1.487178e+02 1.000000e+00
      vertex   1.741412e+02 -1.468156e+02 1.000000e+00
      vertex   1.731018e+02 -1.471042e+02 1.000000e+00
    endloop
  endfacet
  facet normal 0.000000e+00 0.000000e+00 1.000000e+00
    outer loop
      vertex   1.745900e+02 -1.487178e+02 1.000000e+00
      vertex   1.731018e+02 -1.471042e+02 1.000000e+00
      vertex   1.732699e+02 -1.491036e+02 1.000000e+00
    endloop
  endfacet
  facet normal 0.000000e+00 0.000000e+00 1.000000e+00
    outer loop
      vertex   1.732699e+02 -1.491036e+02 1.000000e+00
      vertex   1.731018e+02 -1.471042e+02 1.000000e+00
      vertex   1.721137e+02 -1.474107e+02 1.000000e+00
    endloop
  endfacet
  facet normal 0.000000e+00 0.000000e+00 1.000000e+00
    outer loop
      vertex   1.732699e+02 -1.491036e+02 1.000000e+00
      vertex   1.721137e+02 -1.474107e+02 1.000000e+00
      vertex   1.720793e+02 -1.495196e+02 1.000000e+00
    endloop
  endfacet
  facet normal 0.000000e+00 -0.000000e+00 1.000000e+00
    outer loop
      vertex   1.720793e+02 -1.495196e+02 1.000000e+00
      vertex   1.721137e+02 -1.474107e+02 1.000000e+00
      vertex   1.711798e+02 -1.477341e+02 1.000000e+00
    endloop
  endfacet
  facet normal 0.000000e+00 0.000000e+00 1.000000e+00
    outer loop
      vertex   1.720793e+02 -1.495196e+02 1.000000e+00
      vertex   1.711798e+02 -1.477341e+02 1.000000e+00
      vertex   1.703028e+02 -1.480734e+02 1.000000e+00
    endloop
  endfacet
  facet normal 0.000000e+00 0.000000e+00 1.000000e+00
    outer loop
      vertex   1.720793e+02 -1.495196e+02 1.000000e+00
      vertex   1.703028e+02 -1.480734e+02 1.000000e+00
      vertex   1.710273e+02 -1.499626e+02 1.000000e+00
    endloop
  endfacet
  facet normal 0.000000e+00 0.000000e+00 1.000000e+00
    outer loop
      vertex   1.710273e+02 -1.499626e+02 1.000000e+00
      vertex   1.703028e+02 -1.480734e+02 1.000000e+00
      vertex   1.694856e+02 -1.484277e+02 1.000000e+00
    endloop
  endfacet
  facet normal 0.000000e+00 0.000000e+00 1.000000e+00
    outer loop
      vertex   1.710273e+02 -1.499626e+02 1.000000e+00
      vertex   1.694856e+02 -1.484277e+02 1.000000e+00
      vertex   1.701220e+02 -1.504290e+02 1.000000e+00
    endloop
  endfacet
  facet normal 0.000000e+00 0.000000e+00 1.000000e+00
    outer loop
      vertex   1.701220e+02 -1.504290e+02 1.000000e+00
      vertex   1.694856e+02 -1.484277e+02 1.000000e+00
      vertex   1.687305e+02 -1.487958e+02 1.000000e+00
    endloop
  endfacet
  facet normal 0.000000e+00 0.000000e+00 1.000000e+00
    outer loop
      vertex   1.701220e+02 -1.504290e+02 1.000000e+00
      vertex   1.687305e+02 -1.487958e+02 1.000000e+00
      vertex   1.693706e+02 -1.509153e+02 1.000000e+00
    endloop
  endfacet
  facet normal 0.000000e+00 0.000000e+00 1.000000e+00
    outer loop
      vertex   1.693706e+02 -1.509153e+02 1.000000e+00
      vertex   1.687305e+02 -1.487958e+02 1.000000e+00
      vertex   1.680398e+02 -1.491767e+02 1.000000e+00
    endloop
  endfacet
  facet normal 0.000000e+00 0.000000e+00 1.000000e+00
    outer loop
      vertex   1.693706e+02 -1.509153e+02 1.000000e+00
      vertex   1.680398e+02 -1.491767e+02 1.000000e+00
      vertex   1.674157e+02 -1.495691e+02 1.000000e+00
    endloop
  endfacet
  facet normal 0.000000e+00 0.000000e+00 1.000000e+00
    outer loop
      vertex   1.693706e+02 -1.509153e+02 1.000000e+00
      vertex   1.674157e+02 -1.495691e+02 1.000000e+00
      vertex   1.687787e+02 -1.514178e+02 1.000000e+00
    endloop
  endfacet
  facet normal 0.000000e+00 0.000000e+00 1.000000e+00
    outer loop
      vertex   1.687787e+02 -1.514178e+02 1.000000e+00
      vertex   1.674157e+02 -1.495691e+02 1.000000e+00
      vertex   1.668600e+02 -1.499719e+02 1.000000e+00
    endloop
  endfacet
  facet normal 0.000000e+00 0.000000e+00 1.000000e+00
    outer loop
      vertex   1.687787e+02 -1.514178e+02 1.000000e+00
      vertex   1.668600e+02 -1.499719e+02 1.000000e+00
      vertex   1.683510e+02 -1.519325e+02 1.000000e+00
    endloop
  endfacet
  facet normal 0.000000e+00 0.000000e+00 1.000000e+00
    outer loop
      vertex   1.683510e+02 -1.519325e+02 1.000000e+00
      vertex   1.668600e+02 -1.499719e+02 1.000000e+00
      vertex   1.663744e+02 -1.503840e+02 1.000000e+00
    endloop
  endfacet
  facet normal 0.000000e+00 0.000000e+00 1.000000e+00
    outer loop
      vertex   1.683510e+02 -1.519325e+02 1.000000e+00
      vertex   1.663744e+02 -1.503840e+02 1.000000e+00
      vertex   1.659604e+02 -1.508039e+02 1.000000e+00
    endloop
  endfacet
  facet normal 0.000000e+00 0.000000e+00 1.000000e+00
    outer loop
      vertex   1.683510e+02 -1.519325e+02 1.000000e+00
      vertex   1.659604e+02 -1.508039e+02 1.000000e+00
      vertex   1.681998e+02 -1.521932e+02 1.000000e+00
    endloop
  endfacet
  facet normal 0.000000e+00 0.000000e+00 1.000000e+00
    outer loop
      vertex   1.681998e+02 -1.521932e+02 1.000000e+00
      vertex   1.659604e+02 -1.508039e+02 1.000000e+00
      vertex   1.656192e+02 -1.512305e+02 1.000000e+00
    endloop
  endfacet
  facet normal 0.000000e+00 0.000000e+00 1.000000e+00
    outer loop
      vertex   1.681998e+02 -1.521932e+02 1.000000e+00
      vertex   1.656192e+02 -1.512305e+02 1.000000e+00
      vertex   1.680908e+02 -1.524554e+02 1.000000e+00
    endloop
  endfacet
  facet normal 0.000000e+00 0.000000e+00 1.000000e+00
    outer loop
      vertex   1.680908e+02 -1.524554e+02 1.000000e+00
      vertex   1.656192e+02 -1.512305e+02 1.000000e+00
      vertex   1.653519e+02 -1.516624e+02 1.000000e+00
    endloop
  endfacet
  facet normal 0.000000e+00 0.000000e+00 1.000000e+00
    outer loop
      vertex   1.680908e+02 -1.524554e+02 1.000000e+00
      vertex   1.653519e+02 -1.516624e+02 1.000000e+00
      vertex   1.680242e+02 -1.527187e+02 1.000000e+00
    endloop
  endfacet
  facet normal 0.000000e+00 0.000000e+00 1.000000e+00
    outer loop
      vertex   1.680242e+02 -1.527187e+02 1.000000e+00
      vertex   1.653519e+02 -1.516624e+02 1.000000e+00
      vertex   1.651593e+02 -1.520984e+02 1.000000e+00
    endloop
  endfacet
  facet normal 0.000000e+00 0.000000e+00 1.000000e+00
    outer loop
      vertex   1.680242e+02 -1.527187e+02 1.000000e+00
      vertex   1.651593e+02 -1.520984e+02 1.000000e+00
      vertex   1.664114e+02 -1.537723e+02 1.000000e+00
    endloop
  endfacet
  facet normal 0.000000e+00 0.000000e+00 1.000000e+00
    outer loop
      vertex   1.664114e+02 -1.537723e+02 1.000000e+00
      vertex   1.651593e+02 -1.520984e+02 1.000000e+00
      vertex   1.650419e+02 -1.525372e+02 1.000000e+00
    endloop
  endfacet
  facet normal 0.000000e+00 0.000000e+00 1.000000e+00
    outer loop
      vertex   1.664114e+02 -1.537723e+02 1.000000e+00
      vertex   1.650419e+02 -1.525372e+02 1.000000e+00
      vertex   1.655345e+02 -1.535733e+02 1.000000e+00
    endloop
  endfacet
  facet normal 0.000000e+00 0.000000e+00 1.000000e+00
    outer loop
      vertex   1.655345e+02 -1.535733e+02 1.000000e+00
      vertex   1.650419e+02 -1.525372e+02 1.000000e+00
      vertex   1.650001e+02 -1.529773e+02 1.000000e+00
    endloop
  endfacet
  facet normal 0.000000e+00 0.000000e+00 1.000000e+00
    outer loop
      vertex   1.655345e+02 -1.535733e+02 1.000000e+00
      vertex   1.650001e+02 -1.529773e+02 1.000000e+00
      vertex   1.650381e+02 -1.531439e+02 1.000000e+00
    endloop
  endfacet
  facet normal 0.000000e+00 0.000000e+00 1.000000e+00
    outer loop
      vertex   1.650381e+02 -1.531439e+02 1.000000e+00
      vertex   1.651166e+02 -1.532957e+02 1.000000e+00
      vertex   1.655345e+02 -1.535733e+02 1.000000e+00
    endloop
  endfacet
  facet normal 0.000000e+00 0.000000e+00 1.000000e+00
    outer loop
      vertex   1.655345e+02 -1.535733e+02 1.000000e+00
      vertex   1.651166e+02 -1.532957e+02 1.000000e+00
      vertex   1.652307e+02 -1.534229e+02 1.000000e+00
    endloop
  endfacet
  facet normal 0.000000e+00 0.000000e+00 1.000000e+00
    outer loop
      vertex   1.655345e+02 -1.535733e+02 1.000000e+00
      vertex   1.652307e+02 -1.534229e+02 1.000000e+00
      vertex   1.653730e+02 -1.535174e+02 1.000000e+00
    endloop
  endfacet
  facet normal 0.000000e+00 -0.000000e+00 1.000000e+00
    outer loop
      vertex   1.672812e+02 -1.540003e+02 1.000000e+00
      vertex   1.680186e+02 -1.532465e+02 1.000000e+00
      vertex   1.664114e+02 -1.537723e+02 1.000000e+00
    endloop
  endfacet
  facet normal 0.000000e+00 0.000000e+00 1.000000e+00
    outer loop
      vertex   1.664114e+02 -1.537723e+02 1.000000e+00
      vertex   1.680186e+02 -1.532465e+02 1.000000e+00
      vertex   1.680001e+02 -1.529826e+02 1.000000e+00
    endloop
  endfacet
  facet normal 0.000000e+00 0.000000e+00 1.000000e+00
    outer loop
      vertex   1.664114e+02 -1.537723e+02 1.000000e+00
      vertex   1.680001e+02 -1.529826e+02 1.000000e+00
      vertex   1.680242e+02 -1.527187e+02 1.000000e+00
    endloop
  endfacet
  facet normal 0.000000e+00 -0.000000e+00 1.000000e+00
    outer loop
      vertex   1.681429e+02 -1.542572e+02 1.000000e+00
      vertex   1.681830e+02 -1.537723e+02 1.000000e+00
      vertex   1.672812e+02 -1.540003e+02 1.000000e+00
    endloop
  endfacet
  facet normal 0.000000e+00 0.000000e+00 1.000000e+00
    outer loop
      vertex   1.672812e+02 -1.540003e+02 1.000000e+00
      vertex   1.681830e+02 -1.537723e+02 1.000000e+00
      vertex   1.680796e+02 -1.535099e+02 1.000000e+00
    endloop
  endfacet
  facet normal 0.000000e+00 0.000000e+00 1.000000e+00
    outer loop
      vertex   1.672812e+02 -1.540003e+02 1.000000e+00
      vertex   1.680796e+02 -1.535099e+02 1.000000e+00
      vertex   1.680186e+02 -1.532465e+02 1.000000e+00
    endloop
  endfacet
  facet normal 0.000000e+00 -0.000000e+00 1.000000e+00
    outer loop
      vertex   1.681794e+02 -1.542641e+02 1.000000e+00
      vertex   1.682165e+02 -1.542623e+02 1.000000e+00
      vertex   1.681429e+02 -1.542572e+02 1.000000e+00
    endloop
  endfacet
  facet normal -0.000000e+00 0.000000e+00 1.000000e+00
    outer loop
      vertex   1.681429e+02 -1.542572e+02 1.000000e+00
      vertex   1.682165e+02 -1.542623e+02 1.000000e+00
      vertex   1.682521e+02 -1.542518e+02 1.000000e+00
    endloop
  endfacet
  facet normal 0.000000e+00 0.000000e+00 1.000000e+00
    outer loop
      vertex   1.681429e+02 -1.542572e+02 1.000000e+00
      vertex   1.682521e+02 -1.542518e+02 1.000000e+00
      vertex   1.682842e+02 -1.542333e+02 1.000000e+00
    endloop
  endfacet
  facet normal 0.000000e+00 -0.000000e+00 1.000000e+00
    outer loop
      vertex   1.682842e+02 -1.542333e+02 1.000000e+00
      vertex   1.683111e+02 -1.542077e+02 1.000000e+00
      vertex   1.681429e+02 -1.542572e+02 1.000000e+00
    endloop
  endfacet
  facet normal 0.000000e+00 0.000000e+00 1.000000e+00
    outer loop
      vertex   1.681429e+02 -1.542572e+02 1.000000e+00
      vertex   1.683111e+02 -1.542077e+02 1.000000e+00
      vertex   1.683313e+02 -1.541765e+02 1.000000e+00
    endloop
  endfacet
  facet normal 0.000000e+00 0.000000e+00 1.000000e+00
    outer loop
      vertex   1.681429e+02 -1.542572e+02 1.000000e+00
      vertex   1.683313e+02 -1.541765e+02 1.000000e+00
      vertex   1.683436e+02 -1.541415e+02 1.000000e+00
    endloop
  endfacet
  facet normal 0.000000e+00 -0.000000e+00 1.000000e+00
    outer loop
      vertex   1.683436e+02 -1.541415e+02 1.000000e+00
      vertex   1.683473e+02 -1.541046e+02 1.000000e+00
      vertex   1.681429e+02 -1.542572e+02 1.000000e+00
    endloop
  endfacet
  facet normal 0.000000e+00 0.000000e+00 1.000000e+00
    outer loop
      vertex   1.681429e+02 -1.542572e+02 1.000000e+00
      vertex   1.683473e+02 -1.541046e+02 1.000000e+00
      vertex   1.683422e+02 -1.540678e+02 1.000000e+00
    endloop
  endfacet
  facet normal 0.000000e+00 0.000000e+00 1.000000e+00
    outer loop
      vertex   1.681429e+02 -1.542572e+02 1.000000e+00
      vertex   1.683422e+02 -1.540678e+02 1.000000e+00
      vertex   1.683287e+02 -1.540332e+02 1.000000e+00
    endloop
  endfacet
  facet normal 0.000000e+00 0.000000e+00 1.000000e+00
    outer loop
      vertex   1.683287e+02 -1.540332e+02 1.000000e+00
      vertex   1.681830e+02 -1.537723e+02 1.000000e+00
      vertex   1.681429e+02 -1.542572e+02 1.000000e+00
    endloop
  endfacet
  facet normal 0.000000e+00 0.000000e+00 1.000000e+00
    outer loop
      vertex   2.110925e+02 -1.572945e+02 1.000000e+00
      vertex   2.096277e+02 -1.557102e+02 1.000000e+00
      vertex   2.097688e+02 -1.578971e+02 1.000000e+00
    endloop
  endfacet
  facet normal 0.000000e+00 0.000000e+00 1.000000e+00
    outer loop
      vertex   2.097688e+02 -1.578971e+02 1.000000e+00
      vertex   2.096277e+02 -1.557102e+02 1.000000e+00
      vertex   2.086786e+02 -1.561701e+02 1.000000e+00
    endloop
  endfacet
  facet normal 0.000000e+00 0.000000e+00 1.000000e+00
    outer loop
      vertex   2.097688e+02 -1.578971e+02 1.000000e+00
      vertex   2.086786e+02 -1.561701e+02 1.000000e+00
      vertex   2.082775e+02 -1.584582e+02 1.000000e+00
    endloop
  endfacet
  facet normal 0.000000e+00 -0.000000e+00 1.000000e+00
    outer loop
      vertex   2.082775e+02 -1.584582e+02 1.000000e+00
      vertex   2.086786e+02 -1.561701e+02 1.000000e+00
      vertex   2.075849e+02 -1.566055e+02 1.000000e+00
    endloop
  endfacet
  facet normal 0.000000e+00 0.000000e+00 1.000000e+00
    outer loop
      vertex   2.082775e+02 -1.584582e+02 1.000000e+00
      vertex   2.075849e+02 -1.566055e+02 1.000000e+00
      vertex   2.063552e+02 -1.570130e+02 1.000000e+00
    endloop
  endfacet
  facet normal 0.000000e+00 0.000000e+00 1.000000e+00
    outer loop
      vertex   2.082775e+02 -1.584582e+02 1.000000e+00
      vertex   2.063552e+02 -1.570130e+02 1.000000e+00
      vertex   2.066313e+02 -1.589730e+02 1.000000e+00
    endloop
  endfacet
  facet normal 0.000000e+00 0.000000e+00 1.000000e+00
    outer loop
      vertex   2.066313e+02 -1.589730e+02 1.000000e+00
      vertex   2.063552e+02 -1.570130e+02 1.000000e+00
      vertex   2.049990e+02 -1.573894e+02 1.000000e+00
    endloop
  endfacet
  facet normal 0.000000e+00 0.000000e+00 1.000000e+00
    outer loop
      vertex   2.066313e+02 -1.589730e+02 1.000000e+00
      vertex   2.049990e+02 -1.573894e+02 1.000000e+00
      vertex   2.048441e+02 -1.594371e+02 1.000000e+00
    endloop
  endfacet
  facet normal 0.000000e+00 -0.000000e+00 1.000000e+00
    outer loop
      vertex   2.048441e+02 -1.594371e+02 1.000000e+00
      vertex   2.049990e+02 -1.573894e+02 1.000000e+00
      vertex   2.035268e+02 -1.577319e+02 1.000000e+00
    endloop
  endfacet
  facet normal 0.000000e+00 0.000000e+00 1.000000e+00
    outer loop
      vertex   2.048441e+02 -1.594371e+02 1.000000e+00
      vertex   2.035268e+02 -1.577319e+02 1.000000e+00
      vertex   2.029310e+02 -1.598467e+02 1.000000e+00
    endloop
  endfacet
  facet normal 0.000000e+00 -0.000000e+00 1.000000e+00
    outer loop
      vertex   2.029310e+02 -1.598467e+02 1.000000e+00
      vertex   2.035268e+02 -1.577319e+02 1.000000e+00
      vertex   2.019499e+02 -1.580377e+02 1.000000e+00
    endloop
  endfacet
  facet normal 0.000000e+00 0.000000e+00 1.000000e+00
    outer loop
      vertex   2.029310e+02 -1.598467e+02 1.000000e+00
      vertex   2.019499e+02 -1.580377e+02 1.000000e+00
      vertex   2.009084e+02 -1.601983e+02 1.000000e+00
    endloop
  endfacet
  facet normal 0.000000e+00 -0.000000e+00 1.000000e+00
    outer loop
      vertex   2.009084e+02 -1.601983e+02 1.000000e+00
      vertex   2.019499e+02 -1.580377e+02 1.000000e+00
      vertex   2.002806e+02 -1.583046e+02 1.000000e+00
    endloop
  endfacet
  facet normal 0.000000e+00 0.000000e+00 1.000000e+00
    outer loop
      vertex   2.009084e+02 -1.601983e+02 1.000000e+00
      vertex   2.002806e+02 -1.583046e+02 1.000000e+00
      vertex   1.987932e+02 -1.604888e+02 1.000000e+00
    endloop
  endfacet
  facet normal 0.000000e+00 -0.000000e+00 1.000000e+00
    outer loop
      vertex   1.987932e+02 -1.604888e+02 1.000000e+00
      vertex   2.002806e+02 -1.583046e+02 1.000000e+00
      vertex   1.985317e+02 -1.585305e+02 1.000000e+00
    endloop
  endfacet
  facet normal 0.000000e+00 0.000000e+00 1.000000e+00
    outer loop
      vertex   1.987932e+02 -1.604888e+02 1.000000e+00
      vertex   1.985317e+02 -1.585305e+02 1.000000e+00
      vertex   1.967168e+02 -1.587136e+02 1.000000e+00
    endloop
  endfacet
  facet normal 0.000000e+00 0.000000e+00 1.000000e+00
    outer loop
      vertex   1.987932e+02 -1.604888e+02 1.000000e+00
      vertex   1.967168e+02 -1.587136e+02 1.000000e+00
      vertex   1.966036e+02 -1.607159e+02 1.000000e+00
    endloop
  endfacet
  facet normal 0.000000e+00 -0.000000e+00 1.000000e+00
    outer loop
      vertex   1.966036e+02 -1.607159e+02 1.000000e+00
      vertex   1.967168e+02 -1.587136e+02 1.000000e+00
      vertex   1.948500e+02 -1.588524e+02 1.000000e+00
    endloop
  endfacet
  facet normal 0.000000e+00 0.000000e+00 1.000000e+00
    outer loop
      vertex   1.966036e+02 -1.607159e+02 1.000000e+00
      vertex   1.948500e+02 -1.588524e+02 1.000000e+00
      vertex   1.943579e+02 -1.608775e+02 1.000000e+00
    endloop
  endfacet
  facet normal 0.000000e+00 -0.000000e+00 1.000000e+00
    outer loop
      vertex   1.943579e+02 -1.608775e+02 1.000000e+00
      vertex   1.948500e+02 -1.588524e+02 1.000000e+00
      vertex   1.929456e+02 -1.589460e+02 1.000000e+00
    endloop
  endfacet
  facet normal 0.000000e+00 0.000000e+00 1.000000e+00
    outer loop
      vertex   1.943579e+02 -1.608775e+02 1.000000e+00
      vertex   1.929456e+02 -1.589460e+02 1.000000e+00
      vertex   1.920753e+02 -1.609724e+02 1.000000e+00
    endloop
  endfacet
  facet normal 0.000000e+00 -0.000000e+00 1.000000e+00
    outer loop
      vertex   1.920753e+02 -1.609724e+02 1.000000e+00
      vertex   1.929456e+02 -1.589460e+02 1.000000e+00
      vertex   1.910184e+02 -1.589936e+02 1.000000e+00
    endloop
  endfacet
  facet normal 0.000000e+00 0.000000e+00 1.000000e+00
    outer loop
      vertex   1.920753e+02 -1.609724e+02 1.000000e+00
      vertex   1.910184e+02 -1.589936e+02 1.000000e+00
      vertex   1.897751e+02 -1.609997e+02 1.000000e+00
    endloop
  endfacet
  facet normal 0.000000e+00 -0.000000e+00 1.000000e+00
    outer loop
      vertex   1.897751e+02 -1.609997e+02 1.000000e+00
      vertex   1.910184e+02 -1.589936e+02 1.000000e+00
      vertex   1.890834e+02 -1.589948e+02 1.000000e+00
    endloop
  endfacet
  facet normal 0.000000e+00 0.000000e+00 1.000000e+00
    outer loop
      vertex   1.897751e+02 -1.609997e+02 1.000000e+00
      vertex   1.890834e+02 -1.589948e+02 1.000000e+00
      vertex   1.874768e+02 -1.609592e+02 1.000000e+00
    endloop
  endfacet
  facet normal 0.000000e+00 -0.000000e+00 1.000000e+00
    outer loop
      vertex   1.874768e+02 -1.609592e+02 1.000000e+00
      vertex   1.890834e+02 -1.589948e+02 1.000000e+00
      vertex   1.871555e+02 -1.589497e+02 1.000000e+00
    endloop
  endfacet
  facet normal 0.000000e+00 0.000000e+00 1.000000e+00
    outer loop
      vertex   1.874768e+02 -1.609592e+02 1.000000e+00
      vertex   1.871555e+02 -1.589497e+02 1.000000e+00
      vertex   1.852000e+02 -1.608512e+02 1.000000e+00
    endloop
  endfacet
  facet normal 0.000000e+00 0.000000e+00 1.000000e+00
    outer loop
      vertex   1.852000e+02 -1.608512e+02 1.000000e+00
      vertex   1.871555e+02 -1.589497e+02 1.000000e+00
      vertex   1.852496e+02 -1.588585e+02 1.000000e+00
    endloop
  endfacet
  facet normal 0.000000e+00 -0.000000e+00 1.000000e+00
    outer loop
      vertex   1.852000e+02 -1.608512e+02 1.000000e+00
      vertex   1.852496e+02 -1.588585e+02 1.000000e+00
      vertex   1.833804e+02 -1.587220e+02 1.000000e+00
    endloop
  endfacet
  facet normal 0.000000e+00 0.000000e+00 1.000000e+00
    outer loop
      vertex   1.852000e+02 -1.608512e+02 1.000000e+00
      vertex   1.833804e+02 -1.587220e+02 1.000000e+00
      vertex   1.829638e+02 -1.606766e+02 1.000000e+00
    endloop
  endfacet
  facet normal 0.000000e+00 -0.000000e+00 1.000000e+00
    outer loop
      vertex   1.829638e+02 -1.606766e+02 1.000000e+00
      vertex   1.833804e+02 -1.587220e+02 1.000000e+00
      vertex   1.815624e+02 -1.585412e+02 1.000000e+00
    endloop
  endfacet
  facet normal 0.000000e+00 0.000000e+00 1.000000e+00
    outer loop
      vertex   1.829638e+02 -1.606766e+02 1.000000e+00
      vertex   1.815624e+02 -1.585412e+02 1.000000e+00
      vertex   1.807872e+02 -1.604370e+02 1.000000e+00
    endloop
  endfacet
  facet normal 0.000000e+00 -0.000000e+00 1.000000e+00
    outer loop
      vertex   1.807872e+02 -1.604370e+02 1.000000e+00
      vertex   1.815624e+02 -1.585412e+02 1.000000e+00
      vertex   1.798097e+02 -1.583176e+02 1.000000e+00
    endloop
  endfacet
  facet normal 0.000000e+00 0.000000e+00 1.000000e+00
    outer loop
      vertex   1.807872e+02 -1.604370e+02 1.000000e+00
      vertex   1.798097e+02 -1.583176e+02 1.000000e+00
      vertex   1.786887e+02 -1.601343e+02 1.000000e+00
    endloop
  endfacet
  facet normal 0.000000e+00 -0.000000e+00 1.000000e+00
    outer loop
      vertex   1.786887e+02 -1.601343e+02 1.000000e+00
      vertex   1.798097e+02 -1.583176e+02 1.000000e+00
      vertex   1.783764e+02 -1.600493e+02 1.000000e+00
    endloop
  endfacet
  facet normal 0.000000e+00 -0.000000e+00 1.000000e+00
    outer loop
      vertex   1.783764e+02 -1.600493e+02 1.000000e+00
      vertex   1.798097e+02 -1.583176e+02 1.000000e+00
      vertex   1.781358e+02 -1.580528e+02 1.000000e+00
    endloop
  endfacet
  facet normal 0.000000e+00 0.000000e+00 1.000000e+00
    outer loop
      vertex   1.783764e+02 -1.600493e+02 1.000000e+00
      vertex   1.781358e+02 -1.580528e+02 1.000000e+00
      vertex   1.780846e+02 -1.599092e+02 1.000000e+00
    endloop
  endfacet
  facet normal 0.000000e+00 -0.000000e+00 1.000000e+00
    outer loop
      vertex   1.780846e+02 -1.599092e+02 1.000000e+00
      vertex   1.781358e+02 -1.580528e+02 1.000000e+00
      vertex   1.778230e+02 -1.597185e+02 1.000000e+00
    endloop
  endfacet
  facet normal 0.000000e+00 -0.000000e+00 1.000000e+00
    outer loop
      vertex   1.778230e+02 -1.597185e+02 1.000000e+00
      vertex   1.781358e+02 -1.580528e+02 1.000000e+00
      vertex   1.769173e+02 -1.589571e+02 1.000000e+00
    endloop
  endfacet
  facet normal 0.000000e+00 -0.000000e+00 1.000000e+00
    outer loop
      vertex   1.769173e+02 -1.589571e+02 1.000000e+00
      vertex   1.781358e+02 -1.580528e+02 1.000000e+00
      vertex   1.765538e+02 -1.577489e+02 1.000000e+00
    endloop
  endfacet
  facet normal 0.000000e+00 0.000000e+00 1.000000e+00
    outer loop
      vertex   1.769173e+02 -1.589571e+02 1.000000e+00
      vertex   1.765538e+02 -1.577489e+02 1.000000e+00
      vertex   1.759790e+02 -1.582360e+02 1.000000e+00
    endloop
  endfacet
  facet normal 0.000000e+00 -0.000000e+00 1.000000e+00
    outer loop
      vertex   1.759790e+02 -1.582360e+02 1.000000e+00
      vertex   1.765538e+02 -1.577489e+02 1.000000e+00
      vertex   1.750757e+02 -1.574083e+02 1.000000e+00
    endloop
  endfacet
  facet normal 0.000000e+00 0.000000e+00 1.000000e+00
    outer loop
      vertex   1.759790e+02 -1.582360e+02 1.000000e+00
      vertex   1.750757e+02 -1.574083e+02 1.000000e+00
      vertex   1.750101e+02 -1.575568e+02 1.000000e+00
    endloop
  endfacet
  facet normal 0.000000e+00 -0.000000e+00 1.000000e+00
    outer loop
      vertex   1.750101e+02 -1.575568e+02 1.000000e+00
      vertex   1.750757e+02 -1.574083e+02 1.000000e+00
      vertex   1.749943e+02 -1.575431e+02 1.000000e+00
    endloop
  endfacet
  facet normal 0.000000e+00 -0.000000e+00 1.000000e+00
    outer loop
      vertex   1.749943e+02 -1.575431e+02 1.000000e+00
      vertex   1.750757e+02 -1.574083e+02 1.000000e+00
      vertex   1.749825e+02 -1.575258e+02 1.000000e+00
    endloop
  endfacet
  facet normal 0.000000e+00 -0.000000e+00 1.000000e+00
    outer loop
      vertex   1.749825e+02 -1.575258e+02 1.000000e+00
      vertex   1.750757e+02 -1.574083e+02 1.000000e+00
      vertex   1.749754e+02 -1.575062e+02 1.000000e+00
    endloop
  endfacet
  facet normal 0.000000e+00 -0.000000e+00 1.000000e+00
    outer loop
      vertex   1.749754e+02 -1.575062e+02 1.000000e+00
      vertex   1.750757e+02 -1.574083e+02 1.000000e+00
      vertex   1.749735e+02 -1.574854e+02 1.000000e+00
    endloop
  endfacet
  facet normal 0.000000e+00 0.000000e+00 1.000000e+00
    outer loop
      vertex   1.749735e+02 -1.574854e+02 1.000000e+00
      vertex   1.750757e+02 -1.574083e+02 1.000000e+00
      vertex   1.749769e+02 -1.574648e+02 1.000000e+00
    endloop
  endfacet
  facet normal 0.000000e+00 0.000000e+00 1.000000e+00
    outer loop
      vertex   1.749769e+02 -1.574648e+02 1.000000e+00
      vertex   1.750757e+02 -1.574083e+02 1.000000e+00
      vertex   1.749853e+02 -1.574457e+02 1.000000e+00
    endloop
  endfacet
  facet normal 0.000000e+00 0.000000e+00 1.000000e+00
    outer loop
      vertex   1.749853e+02 -1.574457e+02 1.000000e+00
      vertex   1.750757e+02 -1.574083e+02 1.000000e+00
      vertex   1.749983e+02 -1.574293e+02 1.000000e+00
    endloop
  endfacet
  facet normal 0.000000e+00 0.000000e+00 1.000000e+00
    outer loop
      vertex   1.749983e+02 -1.574293e+02 1.000000e+00
      vertex   1.750757e+02 -1.574083e+02 1.000000e+00
      vertex   1.750150e+02 -1.574167e+02 1.000000e+00
    endloop
  endfacet
  facet normal 0.000000e+00 0.000000e+00 1.000000e+00
    outer loop
      vertex   1.750150e+02 -1.574167e+02 1.000000e+00
      vertex   1.750757e+02 -1.574083e+02 1.000000e+00
      vertex   1.750343e+02 -1.574088e+02 1.000000e+00
    endloop
  endfacet
  facet normal 0.000000e+00 0.000000e+00 1.000000e+00
    outer loop
      vertex   1.750343e+02 -1.574088e+02 1.000000e+00
      vertex   1.750757e+02 -1.574083e+02 1.000000e+00
      vertex   1.750550e+02 -1.574059e+02 1.000000e+00
    endloop
  endfacet
  facet normal 0.000000e+00 0.000000e+00 1.000000e+00
    outer loop
      vertex   2.102744e+02 -1.613294e+02 1.000000e+00
      vertex   2.096404e+02 -1.617034e+02 1.000000e+00
      vertex   2.110925e+02 -1.632945e+02 1.000000e+00
    endloop
  endfacet
  facet normal 0.000000e+00 0.000000e+00 1.000000e+00
    outer loop
      vertex   2.110925e+02 -1.632945e+02 1.000000e+00
      vertex   2.096404e+02 -1.617034e+02 1.000000e+00
      vertex   2.099845e+02 -1.638066e+02 1.000000e+00
    endloop
  endfacet
  facet normal 0.000000e+00 0.000000e+00 1.000000e+00
    outer loop
      vertex   2.099845e+02 -1.638066e+02 1.000000e+00
      vertex   2.096404e+02 -1.617034e+02 1.000000e+00
      vertex   2.089137e+02 -1.620647e+02 1.000000e+00
    endloop
  endfacet
  facet normal 0.000000e+00 0.000000e+00 1.000000e+00
    outer loop
      vertex   2.099845e+02 -1.638066e+02 1.000000e+00
      vertex   2.089137e+02 -1.620647e+02 1.000000e+00
      vertex   2.080977e+02 -1.624115e+02 1.000000e+00
    endloop
  endfacet
  facet normal 0.000000e+00 0.000000e+00 1.000000e+00
    outer loop
      vertex   2.099845e+02 -1.638066e+02 1.000000e+00
      vertex   2.080977e+02 -1.624115e+02 1.000000e+00
      vertex   2.087552e+02 -1.642896e+02 1.000000e+00
    endloop
  endfacet
  facet normal 0.000000e+00 0.000000e+00 1.000000e+00
    outer loop
      vertex   2.087552e+02 -1.642896e+02 1.000000e+00
      vertex   2.080977e+02 -1.624115e+02 1.000000e+00
      vertex   2.071965e+02 -1.627423e+02 1.000000e+00
    endloop
  endfacet
  facet normal 0.000000e+00 0.000000e+00 1.000000e+00
    outer loop
      vertex   2.087552e+02 -1.642896e+02 1.000000e+00
      vertex   2.071965e+02 -1.627423e+02 1.000000e+00
      vertex   2.074123e+02 -1.647405e+02 1.000000e+00
    endloop
  endfacet
  facet normal 0.000000e+00 0.000000e+00 1.000000e+00
    outer loop
      vertex   2.074123e+02 -1.647405e+02 1.000000e+00
      vertex   2.071965e+02 -1.627423e+02 1.000000e+00
      vertex   2.062140e+02 -1.630554e+02 1.000000e+00
    endloop
  endfacet
  facet normal 0.000000e+00 0.000000e+00 1.000000e+00
    outer loop
      vertex   2.074123e+02 -1.647405e+02 1.000000e+00
      vertex   2.062140e+02 -1.630554e+02 1.000000e+00
      vertex   2.059638e+02 -1.651566e+02 1.000000e+00
    endloop
  endfacet
  facet normal 0.000000e+00 -0.000000e+00 1.000000e+00
    outer loop
      vertex   2.059638e+02 -1.651566e+02 1.000000e+00
      vertex   2.062140e+02 -1.630554e+02 1.000000e+00
      vertex   2.051552e+02 -1.633493e+02 1.000000e+00
    endloop
  endfacet
  facet normal 0.000000e+00 0.000000e+00 1.000000e+00
    outer loop
      vertex   2.059638e+02 -1.651566e+02 1.000000e+00
      vertex   2.051552e+02 -1.633493e+02 1.000000e+00
      vertex   2.044186e+02 -1.655354e+02 1.000000e+00
    endloop
  endfacet
  facet normal 0.000000e+00 -0.000000e+00 1.000000e+00
    outer loop
      vertex   2.044186e+02 -1.655354e+02 1.000000e+00
      vertex   2.051552e+02 -1.633493e+02 1.000000e+00
      vertex   2.040248e+02 -1.636228e+02 1.000000e+00
    endloop
  endfacet
  facet normal 0.000000e+00 0.000000e+00 1.000000e+00
    outer loop
      vertex   2.044186e+02 -1.655354e+02 1.000000e+00
      vertex   2.040248e+02 -1.636228e+02 1.000000e+00
      vertex   2.028283e+02 -1.638744e+02 1.000000e+00
    endloop
  endfacet
  facet normal 0.000000e+00 0.000000e+00 1.000000e+00
    outer loop
      vertex   2.044186e+02 -1.655354e+02 1.000000e+00
      vertex   2.028283e+02 -1.638744e+02 1.000000e+00
      vertex   2.027859e+02 -1.658746e+02 1.000000e+00
    endloop
  endfacet
  facet normal 0.000000e+00 -0.000000e+00 1.000000e+00
    outer loop
      vertex   2.027859e+02 -1.658746e+02 1.000000e+00
      vertex   2.028283e+02 -1.638744e+02 1.000000e+00
      vertex   2.015712e+02 -1.641030e+02 1.000000e+00
    endloop
  endfacet
  facet normal 0.000000e+00 0.000000e+00 1.000000e+00
    outer loop
      vertex   2.027859e+02 -1.658746e+02 1.000000e+00
      vertex   2.015712e+02 -1.641030e+02 1.000000e+00
      vertex   2.010757e+02 -1.661721e+02 1.000000e+00
    endloop
  endfacet
  facet normal 0.000000e+00 -0.000000e+00 1.000000e+00
    outer loop
      vertex   2.010757e+02 -1.661721e+02 1.000000e+00
      vertex   2.015712e+02 -1.641030e+02 1.000000e+00
      vertex   2.002596e+02 -1.643076e+02 1.000000e+00
    endloop
  endfacet
  facet normal 0.000000e+00 0.000000e+00 1.000000e+00
    outer loop
      vertex   2.010757e+02 -1.661721e+02 1.000000e+00
      vertex   2.002596e+02 -1.643076e+02 1.000000e+00
      vertex   1.992984e+02 -1.664261e+02 1.000000e+00
    endloop
  endfacet
  facet normal 0.000000e+00 -0.000000e+00 1.000000e+00
    outer loop
      vertex   1.992984e+02 -1.664261e+02 1.000000e+00
      vertex   2.002596e+02 -1.643076e+02 1.000000e+00
      vertex   1.988996e+02 -1.644872e+02 1.000000e+00
    endloop
  endfacet
  facet normal 0.000000e+00 0.000000e+00 1.000000e+00
    outer loop
      vertex   1.992984e+02 -1.664261e+02 1.000000e+00
      vertex   1.988996e+02 -1.644872e+02 1.000000e+00
      vertex   1.974976e+02 -1.646408e+02 1.000000e+00
    endloop
  endfacet
  facet normal -0.000000e+00 0.000000e+00 1.000000e+00
    outer loop
      vertex   1.945943e+02 -1.648677e+02 1.000000e+00
      vertex   1.955857e+02 -1.667978e+02 1.000000e+00
      vertex   1.974976e+02 -1.646408e+02 1.000000e+00
    endloop
  endfacet
  facet normal 0.000000e+00 0.000000e+00 1.000000e+00
    outer loop
      vertex   1.974976e+02 -1.646408e+02 1.000000e+00
      vertex   1.955857e+02 -1.667978e+02 1.000000e+00
      vertex   1.974647e+02 -1.666351e+02 1.000000e+00
    endloop
  endfacet
  facet normal 0.000000e+00 0.000000e+00 1.000000e+00
    outer loop
      vertex   1.974976e+02 -1.646408e+02 1.000000e+00
      vertex   1.974647e+02 -1.666351e+02 1.000000e+00
      vertex   1.992984e+02 -1.664261e+02 1.000000e+00
    endloop
  endfacet
  facet normal 0.000000e+00 0.000000e+00 1.000000e+00
    outer loop
      vertex   1.955857e+02 -1.667978e+02 1.000000e+00
      vertex   1.945943e+02 -1.648677e+02 1.000000e+00
      vertex   1.936729e+02 -1.669132e+02 1.000000e+00
    endloop
  endfacet
  facet normal 0.000000e+00 -0.000000e+00 1.000000e+00
    outer loop
      vertex   1.936729e+02 -1.669132e+02 1.000000e+00
      vertex   1.945943e+02 -1.648677e+02 1.000000e+00
      vertex   1.916045e+02 -1.649840e+02 1.000000e+00
    endloop
  endfacet
  facet normal 0.000000e+00 0.000000e+00 1.000000e+00
    outer loop
      vertex   1.936729e+02 -1.669132e+02 1.000000e+00
      vertex   1.916045e+02 -1.649840e+02 1.000000e+00
      vertex   1.917378e+02 -1.669807e+02 1.000000e+00
    endloop
  endfacet
  facet normal 0.000000e+00 0.000000e+00 1.000000e+00
    outer loop
      vertex   1.917378e+02 -1.669807e+02 1.000000e+00
      vertex   1.916045e+02 -1.649840e+02 1.000000e+00
      vertex   1.897922e+02 -1.669997e+02 1.000000e+00
    endloop
  endfacet
  facet normal 0.000000e+00 -0.000000e+00 1.000000e+00
    outer loop
      vertex   1.897922e+02 -1.669997e+02 1.000000e+00
      vertex   1.916045e+02 -1.649840e+02 1.000000e+00
      vertex   1.885844e+02 -1.649876e+02 1.000000e+00
    endloop
  endfacet
  facet normal 0.000000e+00 0.000000e+00 1.000000e+00
    outer loop
      vertex   1.897922e+02 -1.669997e+02 1.000000e+00
      vertex   1.885844e+02 -1.649876e+02 1.000000e+00
      vertex   1.878478e+02 -1.669703e+02 1.000000e+00
    endloop
  endfacet
  facet normal 0.000000e+00 -0.000000e+00 1.000000e+00
    outer loop
      vertex   1.878478e+02 -1.669703e+02 1.000000e+00
      vertex   1.885844e+02 -1.649876e+02 1.000000e+00
      vertex   1.855910e+02 -1.648783e+02 1.000000e+00
    endloop
  endfacet
  facet normal 0.000000e+00 0.000000e+00 1.000000e+00
    outer loop
      vertex   1.878478e+02 -1.669703e+02 1.000000e+00
      vertex   1.855910e+02 -1.648783e+02 1.000000e+00
      vertex   1.859165e+02 -1.668926e+02 1.000000e+00
    endloop
  endfacet
  facet normal 0.000000e+00 0.000000e+00 1.000000e+00
    outer loop
      vertex   1.859165e+02 -1.668926e+02 1.000000e+00
      vertex   1.855910e+02 -1.648783e+02 1.000000e+00
      vertex   1.840100e+02 -1.667670e+02 1.000000e+00
    endloop
  endfacet
  facet normal 0.000000e+00 -0.000000e+00 1.000000e+00
    outer loop
      vertex   1.840100e+02 -1.667670e+02 1.000000e+00
      vertex   1.855910e+02 -1.648783e+02 1.000000e+00
      vertex   1.832618e+02 -1.662928e+02 1.000000e+00
    endloop
  endfacet
  facet normal 0.000000e+00 0.000000e+00 1.000000e+00
    outer loop
      vertex   1.840100e+02 -1.667670e+02 1.000000e+00
      vertex   1.832618e+02 -1.662928e+02 1.000000e+00
      vertex   1.834008e+02 -1.664753e+02 1.000000e+00
    endloop
  endfacet
  facet normal 0.000000e+00 0.000000e+00 1.000000e+00
    outer loop
      vertex   1.826806e+02 -1.646582e+02 1.000000e+00
      vertex   1.827381e+02 -1.654406e+02 1.000000e+00
      vertex   1.855910e+02 -1.648783e+02 1.000000e+00
    endloop
  endfacet
  facet normal 0.000000e+00 0.000000e+00 1.000000e+00
    outer loop
      vertex   1.855910e+02 -1.648783e+02 1.000000e+00
      vertex   1.827381e+02 -1.654406e+02 1.000000e+00
      vertex   1.830039e+02 -1.658643e+02 1.000000e+00
    endloop
  endfacet
  facet normal 0.000000e+00 0.000000e+00 1.000000e+00
    outer loop
      vertex   1.855910e+02 -1.648783e+02 1.000000e+00
      vertex   1.830039e+02 -1.658643e+02 1.000000e+00
      vertex   1.832618e+02 -1.662928e+02 1.000000e+00
    endloop
  endfacet
  facet normal -0.000000e+00 0.000000e+00 1.000000e+00
    outer loop
      vertex   1.826222e+02 -1.646603e+02 1.000000e+00
      vertex   1.825661e+02 -1.646767e+02 1.000000e+00
      vertex   1.826806e+02 -1.646582e+02 1.000000e+00
    endloop
  endfacet
  facet normal 0.000000e+00 0.000000e+00 1.000000e+00
    outer loop
      vertex   1.826806e+02 -1.646582e+02 1.000000e+00
      vertex   1.825661e+02 -1.646767e+02 1.000000e+00
      vertex   1.825159e+02 -1.647065e+02 1.000000e+00
    endloop
  endfacet
  facet normal 0.000000e+00 0.000000e+00 1.000000e+00
    outer loop
      vertex   1.826806e+02 -1.646582e+02 1.000000e+00
      vertex   1.825159e+02 -1.647065e+02 1.000000e+00
      vertex   1.824746e+02 -1.647478e+02 1.000000e+00
    endloop
  endfacet
  facet normal -0.000000e+00 0.000000e+00 1.000000e+00
    outer loop
      vertex   1.824746e+02 -1.647478e+02 1.000000e+00
      vertex   1.824447e+02 -1.647981e+02 1.000000e+00
      vertex   1.826806e+02 -1.646582e+02 1.000000e+00
    endloop
  endfacet
  facet normal 0.000000e+00 0.000000e+00 1.000000e+00
    outer loop
      vertex   1.826806e+02 -1.646582e+02 1.000000e+00
      vertex   1.824447e+02 -1.647981e+02 1.000000e+00
      vertex   1.824282e+02 -1.648541e+02 1.000000e+00
    endloop
  endfacet
  facet normal 0.000000e+00 0.000000e+00 1.000000e+00
    outer loop
      vertex   1.826806e+02 -1.646582e+02 1.000000e+00
      vertex   1.824282e+02 -1.648541e+02 1.000000e+00
      vertex   1.824261e+02 -1.649125e+02 1.000000e+00
    endloop
  endfacet
  facet normal -0.000000e+00 0.000000e+00 1.000000e+00
    outer loop
      vertex   1.824261e+02 -1.649125e+02 1.000000e+00
      vertex   1.824385e+02 -1.649697e+02 1.000000e+00
      vertex   1.826806e+02 -1.646582e+02 1.000000e+00
    endloop
  endfacet
  facet normal 0.000000e+00 0.000000e+00 1.000000e+00
    outer loop
      vertex   1.826806e+02 -1.646582e+02 1.000000e+00
      vertex   1.824385e+02 -1.649697e+02 1.000000e+00
      vertex   1.824646e+02 -1.650219e+02 1.000000e+00
    endloop
  endfacet
  facet normal 0.000000e+00 0.000000e+00 1.000000e+00
    outer loop
      vertex   1.826806e+02 -1.646582e+02 1.000000e+00
      vertex   1.824646e+02 -1.650219e+02 1.000000e+00
      vertex   1.827381e+02 -1.654406e+02 1.000000e+00
    endloop
  endfacet
  facet normal 0.000000e+00 0.000000e+00 1.000000e+00
    outer loop
      vertex   1.834008e+02 -1.664753e+02 1.000000e+00
      vertex   1.835787e+02 -1.666201e+02 1.000000e+00
      vertex   1.840100e+02 -1.667670e+02 1.000000e+00
    endloop
  endfacet
  facet normal 0.000000e+00 0.000000e+00 1.000000e+00
    outer loop
      vertex   1.840100e+02 -1.667670e+02 1.000000e+00
      vertex   1.835787e+02 -1.666201e+02 1.000000e+00
      vertex   1.837856e+02 -1.667192e+02 1.000000e+00
    endloop
  endfacet
  facet normal 0.000000e+00 0.000000e+00 1.000000e+00
    outer loop
      vertex   2.101314e+02 -1.674199e+02 1.000000e+00
      vertex   2.095233e+02 -1.677657e+02 1.000000e+00
      vertex   2.110925e+02 -1.692945e+02 1.000000e+00
    endloop
  endfacet
  facet normal 0.000000e+00 0.000000e+00 1.000000e+00
    outer loop
      vertex   2.110925e+02 -1.692945e+02 1.000000e+00
      vertex   2.095233e+02 -1.677657e+02 1.000000e+00
      vertex   2.100812e+02 -1.697652e+02 1.000000e+00
    endloop
  endfacet
  facet normal 0.000000e+00 0.000000e+00 1.000000e+00
    outer loop
      vertex   2.100812e+02 -1.697652e+02 1.000000e+00
      vertex   2.095233e+02 -1.677657e+02 1.000000e+00
      vertex   2.088354e+02 -1.681003e+02 1.000000e+00
    endloop
  endfacet
  facet normal 0.000000e+00 0.000000e+00 1.000000e+00
    outer loop
      vertex   2.100812e+02 -1.697652e+02 1.000000e+00
      vertex   2.088354e+02 -1.681003e+02 1.000000e+00
      vertex   2.089675e+02 -1.702115e+02 1.000000e+00
    endloop
  endfacet
  facet normal 0.000000e+00 0.000000e+00 1.000000e+00
    outer loop
      vertex   2.089675e+02 -1.702115e+02 1.000000e+00
      vertex   2.088354e+02 -1.681003e+02 1.000000e+00
      vertex   2.080705e+02 -1.684222e+02 1.000000e+00
    endloop
  endfacet
  facet normal 0.000000e+00 0.000000e+00 1.000000e+00
    outer loop
      vertex   2.089675e+02 -1.702115e+02 1.000000e+00
      vertex   2.080705e+02 -1.684222e+02 1.000000e+00
      vertex   2.072318e+02 -1.687301e+02 1.000000e+00
    endloop
  endfacet
  facet normal 0.000000e+00 0.000000e+00 1.000000e+00
    outer loop
      vertex   2.089675e+02 -1.702115e+02 1.000000e+00
      vertex   2.072318e+02 -1.687301e+02 1.000000e+00
      vertex   2.077571e+02 -1.706313e+02 1.000000e+00
    endloop
  endfacet
  facet normal 0.000000e+00 0.000000e+00 1.000000e+00
    outer loop
      vertex   2.077571e+02 -1.706313e+02 1.000000e+00
      vertex   2.072318e+02 -1.687301e+02 1.000000e+00
      vertex   2.063227e+02 -1.690228e+02 1.000000e+00
    endloop
  endfacet
  facet normal 0.000000e+00 0.000000e+00 1.000000e+00
    outer loop
      vertex   2.077571e+02 -1.706313e+02 1.000000e+00
      vertex   2.063227e+02 -1.690228e+02 1.000000e+00
      vertex   2.064561e+02 -1.710224e+02 1.000000e+00
    endloop
  endfacet
  facet normal 0.000000e+00 0.000000e+00 1.000000e+00
    outer loop
      vertex   2.064561e+02 -1.710224e+02 1.000000e+00
      vertex   2.063227e+02 -1.690228e+02 1.000000e+00
      vertex   2.053468e+02 -1.692990e+02 1.000000e+00
    endloop
  endfacet
  facet normal 0.000000e+00 0.000000e+00 1.000000e+00
    outer loop
      vertex   2.064561e+02 -1.710224e+02 1.000000e+00
      vertex   2.053468e+02 -1.692990e+02 1.000000e+00
      vertex   2.050713e+02 -1.713828e+02 1.000000e+00
    endloop
  endfacet
  facet normal 0.000000e+00 -0.000000e+00 1.000000e+00
    outer loop
      vertex   2.050713e+02 -1.713828e+02 1.000000e+00
      vertex   2.053468e+02 -1.692990e+02 1.000000e+00
      vertex   2.043082e+02 -1.695577e+02 1.000000e+00
    endloop
  endfacet
  facet normal 0.000000e+00 0.000000e+00 1.000000e+00
    outer loop
      vertex   2.050713e+02 -1.713828e+02 1.000000e+00
      vertex   2.043082e+02 -1.695577e+02 1.000000e+00
      vertex   2.036097e+02 -1.717107e+02 1.000000e+00
    endloop
  endfacet
  facet normal 0.000000e+00 -0.000000e+00 1.000000e+00
    outer loop
      vertex   2.036097e+02 -1.717107e+02 1.000000e+00
      vertex   2.043082e+02 -1.695577e+02 1.000000e+00
      vertex   2.032111e+02 -1.697977e+02 1.000000e+00
    endloop
  endfacet
  facet normal 0.000000e+00 0.000000e+00 1.000000e+00
    outer loop
      vertex   2.036097e+02 -1.717107e+02 1.000000e+00
      vertex   2.032111e+02 -1.697977e+02 1.000000e+00
      vertex   2.020601e+02 -1.700181e+02 1.000000e+00
    endloop
  endfacet
  facet normal 0.000000e+00 0.000000e+00 1.000000e+00
    outer loop
      vertex   2.036097e+02 -1.717107e+02 1.000000e+00
      vertex   2.020601e+02 -1.700181e+02 1.000000e+00
      vertex   2.020786e+02 -1.720043e+02 1.000000e+00
    endloop
  endfacet
  facet normal 0.000000e+00 0.000000e+00 1.000000e+00
    outer loop
      vertex   2.020786e+02 -1.720043e+02 1.000000e+00
      vertex   2.020601e+02 -1.700181e+02 1.000000e+00
      vertex   2.008597e+02 -1.702181e+02 1.000000e+00
    endloop
  endfacet
  facet normal 0.000000e+00 0.000000e+00 1.000000e+00
    outer loop
      vertex   2.020786e+02 -1.720043e+02 1.000000e+00
      vertex   2.008597e+02 -1.702181e+02 1.000000e+00
      vertex   2.004860e+02 -1.722623e+02 1.000000e+00
    endloop
  endfacet
  facet normal 0.000000e+00 -0.000000e+00 1.000000e+00
    outer loop
      vertex   2.004860e+02 -1.722623e+02 1.000000e+00
      vertex   2.008597e+02 -1.702181e+02 1.000000e+00
      vertex   1.996150e+02 -1.703966e+02 1.000000e+00
    endloop
  endfacet
  facet normal 0.000000e+00 0.000000e+00 1.000000e+00
    outer loop
      vertex   2.004860e+02 -1.722623e+02 1.000000e+00
      vertex   1.996150e+02 -1.703966e+02 1.000000e+00
      vertex   1.988400e+02 -1.724832e+02 1.000000e+00
    endloop
  endfacet
  facet normal 0.000000e+00 -0.000000e+00 1.000000e+00
    outer loop
      vertex   1.988400e+02 -1.724832e+02 1.000000e+00
      vertex   1.996150e+02 -1.703966e+02 1.000000e+00
      vertex   1.970129e+02 -1.706870e+02 1.000000e+00
    endloop
  endfacet
  facet normal 0.000000e+00 0.000000e+00 1.000000e+00
    outer loop
      vertex   1.988400e+02 -1.724832e+02 1.000000e+00
      vertex   1.970129e+02 -1.706870e+02 1.000000e+00
      vertex   1.971489e+02 -1.726659e+02 1.000000e+00
    endloop
  endfacet
  facet normal 0.000000e+00 0.000000e+00 1.000000e+00
    outer loop
      vertex   1.971489e+02 -1.726659e+02 1.000000e+00
      vertex   1.970129e+02 -1.706870e+02 1.000000e+00
      vertex   1.954213e+02 -1.728096e+02 1.000000e+00
    endloop
  endfacet
  facet normal 0.000000e+00 -0.000000e+00 1.000000e+00
    outer loop
      vertex   1.954213e+02 -1.728096e+02 1.000000e+00
      vertex   1.970129e+02 -1.706870e+02 1.000000e+00
      vertex   1.942962e+02 -1.708845e+02 1.000000e+00
    endloop
  endfacet
  facet normal 0.000000e+00 0.000000e+00 1.000000e+00
    outer loop
      vertex   1.954213e+02 -1.728096e+02 1.000000e+00
      vertex   1.942962e+02 -1.708845e+02 1.000000e+00
      vertex   1.936661e+02 -1.729135e+02 1.000000e+00
    endloop
  endfacet
  facet normal 0.000000e+00 -0.000000e+00 1.000000e+00
    outer loop
      vertex   1.936661e+02 -1.729135e+02 1.000000e+00
      vertex   1.942962e+02 -1.708845e+02 1.000000e+00
      vertex   1.915094e+02 -1.709859e+02 1.000000e+00
    endloop
  endfacet
  facet normal 0.000000e+00 0.000000e+00 1.000000e+00
    outer loop
      vertex   1.936661e+02 -1.729135e+02 1.000000e+00
      vertex   1.915094e+02 -1.709859e+02 1.000000e+00
      vertex   1.901087e+02 -1.729999e+02 1.000000e+00
    endloop
  endfacet
  facet normal 0.000000e+00 -0.000000e+00 1.000000e+00
    outer loop
      vertex   1.901087e+02 -1.729999e+02 1.000000e+00
      vertex   1.915094e+02 -1.709859e+02 1.000000e+00
      vertex   1.886979e+02 -1.709895e+02 1.000000e+00
    endloop
  endfacet
  facet normal 0.000000e+00 0.000000e+00 1.000000e+00
    outer loop
      vertex   1.901087e+02 -1.729999e+02 1.000000e+00
      vertex   1.886979e+02 -1.709895e+02 1.000000e+00
      vertex   1.865491e+02 -1.729234e+02 1.000000e+00
    endloop
  endfacet
  facet normal 0.000000e+00 -0.000000e+00 1.000000e+00
    outer loop
      vertex   1.865491e+02 -1.729234e+02 1.000000e+00
      vertex   1.886979e+02 -1.709895e+02 1.000000e+00
      vertex   1.858053e+02 -1.720573e+02 1.000000e+00
    endloop
  endfacet
  facet normal 0.000000e+00 0.000000e+00 1.000000e+00
    outer loop
      vertex   1.865491e+02 -1.729234e+02 1.000000e+00
      vertex   1.858053e+02 -1.720573e+02 1.000000e+00
      vertex   1.859137e+02 -1.724183e+02 1.000000e+00
    endloop
  endfacet
  facet normal 0.000000e+00 0.000000e+00 1.000000e+00
    outer loop
      vertex   1.886979e+02 -1.709895e+02 1.000000e+00
      vertex   1.859077e+02 -1.708953e+02 1.000000e+00
      vertex   1.858053e+02 -1.720573e+02 1.000000e+00
    endloop
  endfacet
  facet normal 0.000000e+00 -0.000000e+00 1.000000e+00
    outer loop
      vertex   1.858053e+02 -1.720573e+02 1.000000e+00
      vertex   1.859077e+02 -1.708953e+02 1.000000e+00
      vertex   1.856919e+02 -1.716978e+02 1.000000e+00
    endloop
  endfacet
  facet normal 0.000000e+00 -0.000000e+00 1.000000e+00
    outer loop
      vertex   1.856919e+02 -1.716978e+02 1.000000e+00
      vertex   1.859077e+02 -1.708953e+02 1.000000e+00
      vertex   1.855735e+02 -1.713400e+02 1.000000e+00
    endloop
  endfacet
  facet normal 0.000000e+00 -0.000000e+00 1.000000e+00
    outer loop
      vertex   1.855735e+02 -1.713400e+02 1.000000e+00
      vertex   1.859077e+02 -1.708953e+02 1.000000e+00
      vertex   1.855569e+02 -1.712601e+02 1.000000e+00
    endloop
  endfacet
  facet normal 0.000000e+00 0.000000e+00 1.000000e+00
    outer loop
      vertex   1.855569e+02 -1.712601e+02 1.000000e+00
      vertex   1.859077e+02 -1.708953e+02 1.000000e+00
      vertex   1.855599e+02 -1.711785e+02 1.000000e+00
    endloop
  endfacet
  facet normal 0.000000e+00 0.000000e+00 1.000000e+00
    outer loop
      vertex   1.855599e+02 -1.711785e+02 1.000000e+00
      vertex   1.859077e+02 -1.708953e+02 1.000000e+00
      vertex   1.855825e+02 -1.711001e+02 1.000000e+00
    endloop
  endfacet
  facet normal 0.000000e+00 0.000000e+00 1.000000e+00
    outer loop
      vertex   1.855825e+02 -1.711001e+02 1.000000e+00
      vertex   1.859077e+02 -1.708953e+02 1.000000e+00
      vertex   1.856233e+02 -1.710294e+02 1.000000e+00
    endloop
  endfacet
  facet normal 0.000000e+00 0.000000e+00 1.000000e+00
    outer loop
      vertex   1.856233e+02 -1.710294e+02 1.000000e+00
      vertex   1.859077e+02 -1.708953e+02 1.000000e+00
      vertex   1.856798e+02 -1.709706e+02 1.000000e+00
    endloop
  endfacet
  facet normal 0.000000e+00 0.000000e+00 1.000000e+00
    outer loop
      vertex   1.856798e+02 -1.709706e+02 1.000000e+00
      vertex   1.859077e+02 -1.708953e+02 1.000000e+00
      vertex   1.857489e+02 -1.709271e+02 1.000000e+00
    endloop
  endfacet
  facet normal 0.000000e+00 0.000000e+00 1.000000e+00
    outer loop
      vertex   1.857489e+02 -1.709271e+02 1.000000e+00
      vertex   1.859077e+02 -1.708953e+02 1.000000e+00
      vertex   1.858264e+02 -1.709015e+02 1.000000e+00
    endloop
  endfacet
  facet normal 0.000000e+00 0.000000e+00 1.000000e+00
    outer loop
      vertex   1.859137e+02 -1.724183e+02 1.000000e+00
      vertex   1.859821e+02 -1.725768e+02 1.000000e+00
      vertex   1.865491e+02 -1.729234e+02 1.000000e+00
    endloop
  endfacet
  facet normal 0.000000e+00 0.000000e+00 1.000000e+00
    outer loop
      vertex   1.865491e+02 -1.729234e+02 1.000000e+00
      vertex   1.859821e+02 -1.725768e+02 1.000000e+00
      vertex   1.860870e+02 -1.727138e+02 1.000000e+00
    endloop
  endfacet
  facet normal 0.000000e+00 0.000000e+00 1.000000e+00
    outer loop
      vertex   1.865491e+02 -1.729234e+02 1.000000e+00
      vertex   1.860870e+02 -1.727138e+02 1.000000e+00
      vertex   1.862221e+02 -1.728212e+02 1.000000e+00
    endloop
  endfacet
  facet normal 0.000000e+00 0.000000e+00 1.000000e+00
    outer loop
      vertex   1.862221e+02 -1.728212e+02 1.000000e+00
      vertex   1.863793e+02 -1.728925e+02 1.000000e+00
      vertex   1.865491e+02 -1.729234e+02 1.000000e+00
    endloop
  endfacet
  facet normal 0.000000e+00 0.000000e+00 1.000000e+00
    outer loop
      vertex   2.103252e+02 -1.732962e+02 1.000000e+00
      vertex   2.097654e+02 -1.736347e+02 1.000000e+00
      vertex   2.110925e+02 -1.752945e+02 1.000000e+00
    endloop
  endfacet
  facet normal 0.000000e+00 0.000000e+00 1.000000e+00
    outer loop
      vertex   2.110925e+02 -1.752945e+02 1.000000e+00
      vertex   2.097654e+02 -1.736347e+02 1.000000e+00
      vertex   2.101160e+02 -1.757501e+02 1.000000e+00
    endloop
  endfacet
  facet normal 0.000000e+00 0.000000e+00 1.000000e+00
    outer loop
      vertex   2.101160e+02 -1.757501e+02 1.000000e+00
      vertex   2.097654e+02 -1.736347e+02 1.000000e+00
      vertex   2.091299e+02 -1.739632e+02 1.000000e+00
    endloop
  endfacet
  facet normal 0.000000e+00 0.000000e+00 1.000000e+00
    outer loop
      vertex   2.101160e+02 -1.757501e+02 1.000000e+00
      vertex   2.091299e+02 -1.739632e+02 1.000000e+00
      vertex   2.084212e+02 -1.742802e+02 1.000000e+00
    endloop
  endfacet
  facet normal 0.000000e+00 0.000000e+00 1.000000e+00
    outer loop
      vertex   2.101160e+02 -1.757501e+02 1.000000e+00
      vertex   2.084212e+02 -1.742802e+02 1.000000e+00
      vertex   2.090435e+02 -1.761831e+02 1.000000e+00
    endloop
  endfacet
  facet normal 0.000000e+00 0.000000e+00 1.000000e+00
    outer loop
      vertex   2.090435e+02 -1.761831e+02 1.000000e+00
      vertex   2.084212e+02 -1.742802e+02 1.000000e+00
      vertex   2.076418e+02 -1.745848e+02 1.000000e+00
    endloop
  endfacet
  facet normal 0.000000e+00 0.000000e+00 1.000000e+00
    outer loop
      vertex   2.090435e+02 -1.761831e+02 1.000000e+00
      vertex   2.076418e+02 -1.745848e+02 1.000000e+00
      vertex   2.078802e+02 -1.765913e+02 1.000000e+00
    endloop
  endfacet
  facet normal 0.000000e+00 0.000000e+00 1.000000e+00
    outer loop
      vertex   2.078802e+02 -1.765913e+02 1.000000e+00
      vertex   2.076418e+02 -1.745848e+02 1.000000e+00
      vertex   2.067949e+02 -1.748755e+02 1.000000e+00
    endloop
  endfacet
  facet normal 0.000000e+00 0.000000e+00 1.000000e+00
    outer loop
      vertex   2.078802e+02 -1.765913e+02 1.000000e+00
      vertex   2.067949e+02 -1.748755e+02 1.000000e+00
      vertex   2.066317e+02 -1.769728e+02 1.000000e+00
    endloop
  endfacet
  facet normal 0.000000e+00 -0.000000e+00 1.000000e+00
    outer loop
      vertex   2.066317e+02 -1.769728e+02 1.000000e+00
      vertex   2.067949e+02 -1.748755e+02 1.000000e+00
      vertex   2.058836e+02 -1.751515e+02 1.000000e+00
    endloop
  endfacet
  facet normal 0.000000e+00 0.000000e+00 1.000000e+00
    outer loop
      vertex   2.066317e+02 -1.769728e+02 1.000000e+00
      vertex   2.058836e+02 -1.751515e+02 1.000000e+00
      vertex   2.049115e+02 -1.754115e+02 1.000000e+00
    endloop
  endfacet
  facet normal 0.000000e+00 0.000000e+00 1.000000e+00
    outer loop
      vertex   2.066317e+02 -1.769728e+02 1.000000e+00
      vertex   2.049115e+02 -1.754115e+02 1.000000e+00
      vertex   2.053038e+02 -1.773259e+02 1.000000e+00
    endloop
  endfacet
  facet normal 0.000000e+00 0.000000e+00 1.000000e+00
    outer loop
      vertex   2.053038e+02 -1.773259e+02 1.000000e+00
      vertex   2.049115e+02 -1.754115e+02 1.000000e+00
      vertex   2.038823e+02 -1.756546e+02 1.000000e+00
    endloop
  endfacet
  facet normal 0.000000e+00 0.000000e+00 1.000000e+00
    outer loop
      vertex   2.053038e+02 -1.773259e+02 1.000000e+00
      vertex   2.038823e+02 -1.756546e+02 1.000000e+00
      vertex   2.039029e+02 -1.776488e+02 1.000000e+00
    endloop
  endfacet
  facet normal 0.000000e+00 0.000000e+00 1.000000e+00
    outer loop
      vertex   2.039029e+02 -1.776488e+02 1.000000e+00
      vertex   2.038823e+02 -1.756546e+02 1.000000e+00
      vertex   2.027998e+02 -1.758800e+02 1.000000e+00
    endloop
  endfacet
  facet normal 0.000000e+00 0.000000e+00 1.000000e+00
    outer loop
      vertex   2.039029e+02 -1.776488e+02 1.000000e+00
      vertex   2.027998e+02 -1.758800e+02 1.000000e+00
      vertex   2.024358e+02 -1.779400e+02 1.000000e+00
    endloop
  endfacet
  facet normal 0.000000e+00 -0.000000e+00 1.000000e+00
    outer loop
      vertex   2.024358e+02 -1.779400e+02 1.000000e+00
      vertex   2.027998e+02 -1.758800e+02 1.000000e+00
      vertex   2.016684e+02 -1.760866e+02 1.000000e+00
    endloop
  endfacet
  facet normal 0.000000e+00 0.000000e+00 1.000000e+00
    outer loop
      vertex   2.024358e+02 -1.779400e+02 1.000000e+00
      vertex   2.016684e+02 -1.760866e+02 1.000000e+00
      vertex   2.009093e+02 -1.781981e+02 1.000000e+00
    endloop
  endfacet
  facet normal 0.000000e+00 -0.000000e+00 1.000000e+00
    outer loop
      vertex   2.009093e+02 -1.781981e+02 1.000000e+00
      vertex   2.016684e+02 -1.760866e+02 1.000000e+00
      vertex   2.004922e+02 -1.762737e+02 1.000000e+00
    endloop
  endfacet
  facet normal 0.000000e+00 0.000000e+00 1.000000e+00
    outer loop
      vertex   2.009093e+02 -1.781981e+02 1.000000e+00
      vertex   2.004922e+02 -1.762737e+02 1.000000e+00
      vertex   1.993308e+02 -1.784219e+02 1.000000e+00
    endloop
  endfacet
  facet normal 0.000000e+00 -0.000000e+00 1.000000e+00
    outer loop
      vertex   1.993308e+02 -1.784219e+02 1.000000e+00
      vertex   2.004922e+02 -1.762737e+02 1.000000e+00
      vertex   1.980240e+02 -1.765867e+02 1.000000e+00
    endloop
  endfacet
  facet normal 0.000000e+00 0.000000e+00 1.000000e+00
    outer loop
      vertex   1.993308e+02 -1.784219e+02 1.000000e+00
      vertex   1.980240e+02 -1.765867e+02 1.000000e+00
      vertex   1.977078e+02 -1.786103e+02 1.000000e+00
    endloop
  endfacet
  facet normal 0.000000e+00 -0.000000e+00 1.000000e+00
    outer loop
      vertex   1.977078e+02 -1.786103e+02 1.000000e+00
      vertex   1.980240e+02 -1.765867e+02 1.000000e+00
      vertex   1.954329e+02 -1.768142e+02 1.000000e+00
    endloop
  endfacet
  facet normal 0.000000e+00 0.000000e+00 1.000000e+00
    outer loop
      vertex   1.977078e+02 -1.786103e+02 1.000000e+00
      vertex   1.954329e+02 -1.768142e+02 1.000000e+00
      vertex   1.960481e+02 -1.787624e+02 1.000000e+00
    endloop
  endfacet
  facet normal 0.000000e+00 0.000000e+00 1.000000e+00
    outer loop
      vertex   1.960481e+02 -1.787624e+02 1.000000e+00
      vertex   1.954329e+02 -1.768142e+02 1.000000e+00
      vertex   1.943594e+02 -1.788774e+02 1.000000e+00
    endloop
  endfacet
  facet normal 0.000000e+00 -0.000000e+00 1.000000e+00
    outer loop
      vertex   1.943594e+02 -1.788774e+02 1.000000e+00
      vertex   1.954329e+02 -1.768142e+02 1.000000e+00
      vertex   1.927587e+02 -1.769526e+02 1.000000e+00
    endloop
  endfacet
  facet normal 0.000000e+00 0.000000e+00 1.000000e+00
    outer loop
      vertex   1.943594e+02 -1.788774e+02 1.000000e+00
      vertex   1.927587e+02 -1.769526e+02 1.000000e+00
      vertex   1.909280e+02 -1.789945e+02 1.000000e+00
    endloop
  endfacet
  facet normal 0.000000e+00 -0.000000e+00 1.000000e+00
    outer loop
      vertex   1.909280e+02 -1.789945e+02 1.000000e+00
      vertex   1.927587e+02 -1.769526e+02 1.000000e+00
      vertex   1.900422e+02 -1.770000e+02 1.000000e+00
    endloop
  endfacet
  facet normal 0.000000e+00 0.000000e+00 1.000000e+00
    outer loop
      vertex   1.909280e+02 -1.789945e+02 1.000000e+00
      vertex   1.900422e+02 -1.770000e+02 1.000000e+00
      vertex   1.874789e+02 -1.789592e+02 1.000000e+00
    endloop
  endfacet
  facet normal 0.000000e+00 -0.000000e+00 1.000000e+00
    outer loop
      vertex   1.874789e+02 -1.789592e+02 1.000000e+00
      vertex   1.900422e+02 -1.770000e+02 1.000000e+00
      vertex   1.869335e+02 -1.781058e+02 1.000000e+00
    endloop
  endfacet
  facet normal 0.000000e+00 0.000000e+00 1.000000e+00
    outer loop
      vertex   1.874789e+02 -1.789592e+02 1.000000e+00
      vertex   1.869335e+02 -1.781058e+02 1.000000e+00
      vertex   1.869550e+02 -1.784420e+02 1.000000e+00
    endloop
  endfacet
  facet normal 0.000000e+00 0.000000e+00 1.000000e+00
    outer loop
      vertex   1.900422e+02 -1.770000e+02 1.000000e+00
      vertex   1.873251e+02 -1.769555e+02 1.000000e+00
      vertex   1.869335e+02 -1.781058e+02 1.000000e+00
    endloop
  endfacet
  facet normal 0.000000e+00 -0.000000e+00 1.000000e+00
    outer loop
      vertex   1.869335e+02 -1.781058e+02 1.000000e+00
      vertex   1.873251e+02 -1.769555e+02 1.000000e+00
      vertex   1.869077e+02 -1.777700e+02 1.000000e+00
    endloop
  endfacet
  facet normal 0.000000e+00 -0.000000e+00 1.000000e+00
    outer loop
      vertex   1.869077e+02 -1.777700e+02 1.000000e+00
      vertex   1.873251e+02 -1.769555e+02 1.000000e+00
      vertex   1.868778e+02 -1.774345e+02 1.000000e+00
    endloop
  endfacet
  facet normal 0.000000e+00 0.000000e+00 1.000000e+00
    outer loop
      vertex   1.868778e+02 -1.774345e+02 1.000000e+00
      vertex   1.873251e+02 -1.769555e+02 1.000000e+00
      vertex   1.868806e+02 -1.773290e+02 1.000000e+00
    endloop
  endfacet
  facet normal 0.000000e+00 0.000000e+00 1.000000e+00
    outer loop
      vertex   1.868806e+02 -1.773290e+02 1.000000e+00
      vertex   1.873251e+02 -1.769555e+02 1.000000e+00
      vertex   1.869085e+02 -1.772272e+02 1.000000e+00
    endloop
  endfacet
  facet normal 0.000000e+00 0.000000e+00 1.000000e+00
    outer loop
      vertex   1.869085e+02 -1.772272e+02 1.000000e+00
      vertex   1.873251e+02 -1.769555e+02 1.000000e+00
      vertex   1.869599e+02 -1.771350e+02 1.000000e+00
    endloop
  endfacet
  facet normal 0.000000e+00 0.000000e+00 1.000000e+00
    outer loop
      vertex   1.869599e+02 -1.771350e+02 1.000000e+00
      vertex   1.873251e+02 -1.769555e+02 1.000000e+00
      vertex   1.870320e+02 -1.770579e+02 1.000000e+00
    endloop
  endfacet
  facet normal 0.000000e+00 0.000000e+00 1.000000e+00
    outer loop
      vertex   1.870320e+02 -1.770579e+02 1.000000e+00
      vertex   1.873251e+02 -1.769555e+02 1.000000e+00
      vertex   1.871204e+02 -1.770002e+02 1.000000e+00
    endloop
  endfacet
  facet normal 0.000000e+00 0.000000e+00 1.000000e+00
    outer loop
      vertex   1.871204e+02 -1.770002e+02 1.000000e+00
      vertex   1.873251e+02 -1.769555e+02 1.000000e+00
      vertex   1.872200e+02 -1.769654e+02 1.000000e+00
    endloop
  endfacet
  facet normal 0.000000e+00 0.000000e+00 1.000000e+00
    outer loop
      vertex   1.869550e+02 -1.784420e+02 1.000000e+00
      vertex   1.869790e+02 -1.785739e+02 1.000000e+00
      vertex   1.874789e+02 -1.789592e+02 1.000000e+00
    endloop
  endfacet
  facet normal 0.000000e+00 0.000000e+00 1.000000e+00
    outer loop
      vertex   1.874789e+02 -1.789592e+02 1.000000e+00
      vertex   1.869790e+02 -1.785739e+02 1.000000e+00
      vertex   1.870343e+02 -1.786961e+02 1.000000e+00
    endloop
  endfacet
  facet normal 0.000000e+00 0.000000e+00 1.000000e+00
    outer loop
      vertex   1.874789e+02 -1.789592e+02 1.000000e+00
      vertex   1.870343e+02 -1.786961e+02 1.000000e+00
      vertex   1.871175e+02 -1.788013e+02 1.000000e+00
    endloop
  endfacet
  facet normal 0.000000e+00 0.000000e+00 1.000000e+00
    outer loop
      vertex   1.871175e+02 -1.788013e+02 1.000000e+00
      vertex   1.872238e+02 -1.788832e+02 1.000000e+00
      vertex   1.874789e+02 -1.789592e+02 1.000000e+00
    endloop
  endfacet
  facet normal 0.000000e+00 0.000000e+00 1.000000e+00
    outer loop
      vertex   1.874789e+02 -1.789592e+02 1.000000e+00
      vertex   1.872238e+02 -1.788832e+02 1.000000e+00
      vertex   1.873467e+02 -1.789369e+02 1.000000e+00
    endloop
  endfacet
  facet normal 0.000000e+00 0.000000e+00 1.000000e+00
    outer loop
      vertex   2.103270e+02 -1.792950e+02 1.000000e+00
      vertex   2.097677e+02 -1.796335e+02 1.000000e+00
      vertex   2.110925e+02 -1.812945e+02 1.000000e+00
    endloop
  endfacet
  facet normal 0.000000e+00 0.000000e+00 1.000000e+00
    outer loop
      vertex   2.110925e+02 -1.812945e+02 1.000000e+00
      vertex   2.097677e+02 -1.796335e+02 1.000000e+00
      vertex   2.100998e+02 -1.817571e+02 1.000000e+00
    endloop
  endfacet
  facet normal 0.000000e+00 0.000000e+00 1.000000e+00
    outer loop
      vertex   2.100998e+02 -1.817571e+02 1.000000e+00
      vertex   2.097677e+02 -1.796335e+02 1.000000e+00
      vertex   2.091327e+02 -1.799618e+02 1.000000e+00
    endloop
  endfacet
  facet normal 0.000000e+00 0.000000e+00 1.000000e+00
    outer loop
      vertex   2.100998e+02 -1.817571e+02 1.000000e+00
      vertex   2.091327e+02 -1.799618e+02 1.000000e+00
      vertex   2.084245e+02 -1.802789e+02 1.000000e+00
    endloop
  endfacet
  facet normal 0.000000e+00 0.000000e+00 1.000000e+00
    outer loop
      vertex   2.100998e+02 -1.817571e+02 1.000000e+00
      vertex   2.084245e+02 -1.802789e+02 1.000000e+00
      vertex   2.090083e+02 -1.821963e+02 1.000000e+00
    endloop
  endfacet
  facet normal 0.000000e+00 0.000000e+00 1.000000e+00
    outer loop
      vertex   2.090083e+02 -1.821963e+02 1.000000e+00
      vertex   2.084245e+02 -1.802789e+02 1.000000e+00
      vertex   2.076457e+02 -1.805834e+02 1.000000e+00
    endloop
  endfacet
  facet normal 0.000000e+00 0.000000e+00 1.000000e+00
    outer loop
      vertex   2.090083e+02 -1.821963e+02 1.000000e+00
      vertex   2.076457e+02 -1.805834e+02 1.000000e+00
      vertex   2.078232e+02 -1.826099e+02 1.000000e+00
    endloop
  endfacet
  facet normal 0.000000e+00 0.000000e+00 1.000000e+00
    outer loop
      vertex   2.078232e+02 -1.826099e+02 1.000000e+00
      vertex   2.076457e+02 -1.805834e+02 1.000000e+00
      vertex   2.067993e+02 -1.808741e+02 1.000000e+00
    endloop
  endfacet
  facet normal 0.000000e+00 0.000000e+00 1.000000e+00
    outer loop
      vertex   2.078232e+02 -1.826099e+02 1.000000e+00
      vertex   2.067993e+02 -1.808741e+02 1.000000e+00
      vertex   2.065504e+02 -1.829959e+02 1.000000e+00
    endloop
  endfacet
  facet normal 0.000000e+00 -0.000000e+00 1.000000e+00
    outer loop
      vertex   2.065504e+02 -1.829959e+02 1.000000e+00
      vertex   2.067993e+02 -1.808741e+02 1.000000e+00
      vertex   2.058887e+02 -1.811501e+02 1.000000e+00
    endloop
  endfacet
  facet normal 0.000000e+00 0.000000e+00 1.000000e+00
    outer loop
      vertex   2.065504e+02 -1.829959e+02 1.000000e+00
      vertex   2.058887e+02 -1.811501e+02 1.000000e+00
      vertex   2.049172e+02 -1.814101e+02 1.000000e+00
    endloop
  endfacet
  facet normal 0.000000e+00 0.000000e+00 1.000000e+00
    outer loop
      vertex   2.065504e+02 -1.829959e+02 1.000000e+00
      vertex   2.049172e+02 -1.814101e+02 1.000000e+00
      vertex   2.051962e+02 -1.833524e+02 1.000000e+00
    endloop
  endfacet
  facet normal 0.000000e+00 0.000000e+00 1.000000e+00
    outer loop
      vertex   2.051962e+02 -1.833524e+02 1.000000e+00
      vertex   2.049172e+02 -1.814101e+02 1.000000e+00
      vertex   2.038886e+02 -1.816533e+02 1.000000e+00
    endloop
  endfacet
  facet normal 0.000000e+00 0.000000e+00 1.000000e+00
    outer loop
      vertex   2.051962e+02 -1.833524e+02 1.000000e+00
      vertex   2.038886e+02 -1.816533e+02 1.000000e+00
      vertex   2.037672e+02 -1.836777e+02 1.000000e+00
    endloop
  endfacet
  facet normal 0.000000e+00 -0.000000e+00 1.000000e+00
    outer loop
      vertex   2.037672e+02 -1.836777e+02 1.000000e+00
      vertex   2.038886e+02 -1.816533e+02 1.000000e+00
      vertex   2.028068e+02 -1.818786e+02 1.000000e+00
    endloop
  endfacet
  facet normal 0.000000e+00 0.000000e+00 1.000000e+00
    outer loop
      vertex   2.037672e+02 -1.836777e+02 1.000000e+00
      vertex   2.028068e+02 -1.818786e+02 1.000000e+00
      vertex   2.022705e+02 -1.839701e+02 1.000000e+00
    endloop
  endfacet
  facet normal 0.000000e+00 -0.000000e+00 1.000000e+00
    outer loop
      vertex   2.022705e+02 -1.839701e+02 1.000000e+00
      vertex   2.028068e+02 -1.818786e+02 1.000000e+00
      vertex   2.016761e+02 -1.820853e+02 1.000000e+00
    endloop
  endfacet
  facet normal 0.000000e+00 0.000000e+00 1.000000e+00
    outer loop
      vertex   2.022705e+02 -1.839701e+02 1.000000e+00
      vertex   2.016761e+02 -1.820853e+02 1.000000e+00
      vertex   2.007134e+02 -1.842282e+02 1.000000e+00
    endloop
  endfacet
  facet normal 0.000000e+00 -0.000000e+00 1.000000e+00
    outer loop
      vertex   2.007134e+02 -1.842282e+02 1.000000e+00
      vertex   2.016761e+02 -1.820853e+02 1.000000e+00
      vertex   2.005006e+02 -1.822725e+02 1.000000e+00
    endloop
  endfacet
  facet normal 0.000000e+00 0.000000e+00 1.000000e+00
    outer loop
      vertex   2.007134e+02 -1.842282e+02 1.000000e+00
      vertex   2.005006e+02 -1.822725e+02 1.000000e+00
      vertex   1.991035e+02 -1.844508e+02 1.000000e+00
    endloop
  endfacet
  facet normal 0.000000e+00 -0.000000e+00 1.000000e+00
    outer loop
      vertex   1.991035e+02 -1.844508e+02 1.000000e+00
      vertex   2.005006e+02 -1.822725e+02 1.000000e+00
      vertex   1.980336e+02 -1.825857e+02 1.000000e+00
    endloop
  endfacet
  facet normal 0.000000e+00 0.000000e+00 1.000000e+00
    outer loop
      vertex   1.991035e+02 -1.844508e+02 1.000000e+00
      vertex   1.980336e+02 -1.825857e+02 1.000000e+00
      vertex   1.974489e+02 -1.846366e+02 1.000000e+00
    endloop
  endfacet
  facet normal 0.000000e+00 -0.000000e+00 1.000000e+00
    outer loop
      vertex   1.974489e+02 -1.846366e+02 1.000000e+00
      vertex   1.980336e+02 -1.825857e+02 1.000000e+00
      vertex   1.954438e+02 -1.828134e+02 1.000000e+00
    endloop
  endfacet
  facet normal 0.000000e+00 0.000000e+00 1.000000e+00
    outer loop
      vertex   1.974489e+02 -1.846366e+02 1.000000e+00
      vertex   1.954438e+02 -1.828134e+02 1.000000e+00
      vertex   1.957577e+02 -1.847849e+02 1.000000e+00
    endloop
  endfacet
  facet normal 0.000000e+00 0.000000e+00 1.000000e+00
    outer loop
      vertex   1.957577e+02 -1.847849e+02 1.000000e+00
      vertex   1.954438e+02 -1.828134e+02 1.000000e+00
      vertex   1.940381e+02 -1.848950e+02 1.000000e+00
    endloop
  endfacet
  facet normal 0.000000e+00 -0.000000e+00 1.000000e+00
    outer loop
      vertex   1.940381e+02 -1.848950e+02 1.000000e+00
      vertex   1.954438e+02 -1.828134e+02 1.000000e+00
      vertex   1.927707e+02 -1.829523e+02 1.000000e+00
    endloop
  endfacet
  facet normal 0.000000e+00 0.000000e+00 1.000000e+00
    outer loop
      vertex   1.940381e+02 -1.848950e+02 1.000000e+00
      vertex   1.927707e+02 -1.829523e+02 1.000000e+00
      vertex   1.905479e+02 -1.849981e+02 1.000000e+00
    endloop
  endfacet
  facet normal 0.000000e+00 -0.000000e+00 1.000000e+00
    outer loop
      vertex   1.905479e+02 -1.849981e+02 1.000000e+00
      vertex   1.927707e+02 -1.829523e+02 1.000000e+00
      vertex   1.900552e+02 -1.830000e+02 1.000000e+00
    endloop
  endfacet
  facet normal 0.000000e+00 0.000000e+00 1.000000e+00
    outer loop
      vertex   1.905479e+02 -1.849981e+02 1.000000e+00
      vertex   1.900552e+02 -1.830000e+02 1.000000e+00
      vertex   1.870469e+02 -1.849440e+02 1.000000e+00
    endloop
  endfacet
  facet normal 0.000000e+00 0.000000e+00 1.000000e+00
    outer loop
      vertex   1.870469e+02 -1.849440e+02 1.000000e+00
      vertex   1.900552e+02 -1.830000e+02 1.000000e+00
      vertex   1.873388e+02 -1.829560e+02 1.000000e+00
    endloop
  endfacet
  facet normal 0.000000e+00 -0.000000e+00 1.000000e+00
    outer loop
      vertex   1.870469e+02 -1.849440e+02 1.000000e+00
      vertex   1.873388e+02 -1.829560e+02 1.000000e+00
      vertex   1.867359e+02 -1.837671e+02 1.000000e+00
    endloop
  endfacet
  facet normal 0.000000e+00 0.000000e+00 1.000000e+00
    outer loop
      vertex   1.867359e+02 -1.837671e+02 1.000000e+00
      vertex   1.873388e+02 -1.829560e+02 1.000000e+00
      vertex   1.867807e+02 -1.834343e+02 1.000000e+00
    endloop
  endfacet
  facet normal 0.000000e+00 0.000000e+00 1.000000e+00
    outer loop
      vertex   1.867807e+02 -1.834343e+02 1.000000e+00
      vertex   1.873388e+02 -1.829560e+02 1.000000e+00
      vertex   1.868138e+02 -1.833045e+02 1.000000e+00
    endloop
  endfacet
  facet normal 0.000000e+00 0.000000e+00 1.000000e+00
    outer loop
      vertex   1.868138e+02 -1.833045e+02 1.000000e+00
      vertex   1.873388e+02 -1.829560e+02 1.000000e+00
      vertex   1.868774e+02 -1.831866e+02 1.000000e+00
    endloop
  endfacet
  facet normal 0.000000e+00 0.000000e+00 1.000000e+00
    outer loop
      vertex   1.868774e+02 -1.831866e+02 1.000000e+00
      vertex   1.873388e+02 -1.829560e+02 1.000000e+00
      vertex   1.869677e+02 -1.830877e+02 1.000000e+00
    endloop
  endfacet
  facet normal 0.000000e+00 0.000000e+00 1.000000e+00
    outer loop
      vertex   1.869677e+02 -1.830877e+02 1.000000e+00
      vertex   1.873388e+02 -1.829560e+02 1.000000e+00
      vertex   1.870793e+02 -1.830136e+02 1.000000e+00
    endloop
  endfacet
  facet normal 0.000000e+00 0.000000e+00 1.000000e+00
    outer loop
      vertex   1.870793e+02 -1.830136e+02 1.000000e+00
      vertex   1.873388e+02 -1.829560e+02 1.000000e+00
      vertex   1.872055e+02 -1.829688e+02 1.000000e+00
    endloop
  endfacet
  facet normal 0.000000e+00 0.000000e+00 1.000000e+00
    outer loop
      vertex   1.867359e+02 -1.837671e+02 1.000000e+00
      vertex   1.866870e+02 -1.840993e+02 1.000000e+00
      vertex   1.870469e+02 -1.849440e+02 1.000000e+00
    endloop
  endfacet
  facet normal 0.000000e+00 0.000000e+00 1.000000e+00
    outer loop
      vertex   1.870469e+02 -1.849440e+02 1.000000e+00
      vertex   1.866870e+02 -1.840993e+02 1.000000e+00
      vertex   1.866339e+02 -1.844309e+02 1.000000e+00
    endloop
  endfacet
  facet normal 0.000000e+00 0.000000e+00 1.000000e+00
    outer loop
      vertex   1.870469e+02 -1.849440e+02 1.000000e+00
      vertex   1.866339e+02 -1.844309e+02 1.000000e+00
      vertex   1.866292e+02 -1.845368e+02 1.000000e+00
    endloop
  endfacet
  facet normal 0.000000e+00 0.000000e+00 1.000000e+00
    outer loop
      vertex   1.866292e+02 -1.845368e+02 1.000000e+00
      vertex   1.866499e+02 -1.846407e+02 1.000000e+00
      vertex   1.870469e+02 -1.849440e+02 1.000000e+00
    endloop
  endfacet
  facet normal 0.000000e+00 0.000000e+00 1.000000e+00
    outer loop
      vertex   1.870469e+02 -1.849440e+02 1.000000e+00
      vertex   1.866499e+02 -1.846407e+02 1.000000e+00
      vertex   1.866947e+02 -1.847367e+02 1.000000e+00
    endloop
  endfacet
  facet normal 0.000000e+00 0.000000e+00 1.000000e+00
    outer loop
      vertex   1.870469e+02 -1.849440e+02 1.000000e+00
      vertex   1.866947e+02 -1.847367e+02 1.000000e+00
      vertex   1.867612e+02 -1.848192e+02 1.000000e+00
    endloop
  endfacet
  facet normal 0.000000e+00 0.000000e+00 1.000000e+00
    outer loop
      vertex   1.867612e+02 -1.848192e+02 1.000000e+00
      vertex   1.868454e+02 -1.848836e+02 1.000000e+00
      vertex   1.870469e+02 -1.849440e+02 1.000000e+00
    endloop
  endfacet
  facet normal 0.000000e+00 0.000000e+00 1.000000e+00
    outer loop
      vertex   1.870469e+02 -1.849440e+02 1.000000e+00
      vertex   1.868454e+02 -1.848836e+02 1.000000e+00
      vertex   1.869425e+02 -1.849260e+02 1.000000e+00
    endloop
  endfacet
  facet normal -0.000000e+00 0.000000e+00 1.000000e+00
    outer loop
      vertex   1.858287e+02 -1.889140e+02 1.000000e+00
      vertex   1.856672e+02 -1.889702e+02 1.000000e+00
      vertex   1.859991e+02 -1.889000e+02 1.000000e+00
    endloop
  endfacet
  facet normal 0.000000e+00 0.000000e+00 1.000000e+00
    outer loop
      vertex   1.859991e+02 -1.889000e+02 1.000000e+00
      vertex   1.856672e+02 -1.889702e+02 1.000000e+00
      vertex   1.855248e+02 -1.890649e+02 1.000000e+00
    endloop
  endfacet
  facet normal 0.000000e+00 0.000000e+00 1.000000e+00
    outer loop
      vertex   1.859991e+02 -1.889000e+02 1.000000e+00
      vertex   1.855248e+02 -1.890649e+02 1.000000e+00
      vertex   1.854105e+02 -1.891921e+02 1.000000e+00
    endloop
  endfacet
  facet normal -0.000000e+00 0.000000e+00 1.000000e+00
    outer loop
      vertex   1.854105e+02 -1.891921e+02 1.000000e+00
      vertex   1.853316e+02 -1.893438e+02 1.000000e+00
      vertex   1.859991e+02 -1.889000e+02 1.000000e+00
    endloop
  endfacet
  facet normal 0.000000e+00 0.000000e+00 1.000000e+00
    outer loop
      vertex   1.859991e+02 -1.889000e+02 1.000000e+00
      vertex   1.853316e+02 -1.893438e+02 1.000000e+00
      vertex   1.852033e+02 -1.896846e+02 1.000000e+00
    endloop
  endfacet
  facet normal 9.989330e-01 4.618346e-02 -0.000000e+00
    outer loop
      vertex   1.809104e+02 -1.780624e+02 1.000000e+00
      vertex   1.809104e+02 -1.780624e+02 2.000000e+00
      vertex   1.810000e+02 -1.800000e+02 1.000000e+00
    endloop
  endfacet
  facet normal 9.989330e-01 4.618346e-02 -0.000000e+00
    outer loop
      vertex   1.810000e+02 -1.800000e+02 1.000000e+00
      vertex   1.809104e+02 -1.780624e+02 2.000000e+00
      vertex   1.810000e+02 -1.800000e+02 2.000000e+00
    endloop
  endfacet
  facet normal 9.989330e-01 -4.618346e-02 0.000000e+00
    outer loop
      vertex   1.810000e+02 -1.800000e+02 1.000000e+00
      vertex   1.810000e+02 -1.800000e+02 2.000000e+00
      vertex   1.809104e+02 -1.819376e+02 1.000000e+00
    endloop
  endfacet
  facet normal 9.989330e-01 -4.618346e-02 0.000000e+00
    outer loop
      vertex   1.809104e+02 -1.819376e+02 1.000000e+00
      vertex   1.810000e+02 -1.800000e+02 2.000000e+00
      vertex   1.809104e+02 -1.819376e+02 2.000000e+00
    endloop
  endfacet
  facet normal 9.904104e-01 -1.381564e-01 0.000000e+00
    outer loop
      vertex   1.809104e+02 -1.819376e+02 1.000000e+00
      vertex   1.809104e+02 -1.819376e+02 2.000000e+00
      vertex   1.806424e+02 -1.838587e+02 1.000000e+00
    endloop
  endfacet
  facet normal 9.904104e-01 -1.381564e-01 0.000000e+00
    outer loop
      vertex   1.806424e+02 -1.838587e+02 1.000000e+00
      vertex   1.809104e+02 -1.819376e+02 2.000000e+00
      vertex   1.806424e+02 -1.838587e+02 2.000000e+00
    endloop
  endfacet
  facet normal 9.734381e-01 -2.289505e-01 0.000000e+00
    outer loop
      vertex   1.806424e+02 -1.838587e+02 1.000000e+00
      vertex   1.806424e+02 -1.838587e+02 2.000000e+00
      vertex   1.801983e+02 -1.857469e+02 1.000000e+00
    endloop
  endfacet
  facet normal 9.734381e-01 -2.289505e-01 0.000000e+00
    outer loop
      vertex   1.801983e+02 -1.857469e+02 1.000000e+00
      vertex   1.806424e+02 -1.838587e+02 2.000000e+00
      vertex   1.801983e+02 -1.857469e+02 2.000000e+00
    endloop
  endfacet
  facet normal 9.481606e-01 -3.177914e-01 0.000000e+00
    outer loop
      vertex   1.801983e+02 -1.857469e+02 1.000000e+00
      vertex   1.801983e+02 -1.857469e+02 2.000000e+00
      vertex   1.795819e+02 -1.875861e+02 1.000000e+00
    endloop
  endfacet
  facet normal 9.481606e-01 -3.177914e-01 0.000000e+00
    outer loop
      vertex   1.795819e+02 -1.875861e+02 1.000000e+00
      vertex   1.801983e+02 -1.857469e+02 2.000000e+00
      vertex   1.795819e+02 -1.875861e+02 2.000000e+00
    endloop
  endfacet
  facet normal 9.147939e-01 -4.039210e-01 0.000000e+00
    outer loop
      vertex   1.795819e+02 -1.875861e+02 1.000000e+00
      vertex   1.795819e+02 -1.875861e+02 2.000000e+00
      vertex   1.787984e+02 -1.893605e+02 1.000000e+00
    endloop
  endfacet
  facet normal 9.147939e-01 -4.039210e-01 0.000000e+00
    outer loop
      vertex   1.787984e+02 -1.893605e+02 1.000000e+00
      vertex   1.795819e+02 -1.875861e+02 2.000000e+00
      vertex   1.787984e+02 -1.893605e+02 2.000000e+00
    endloop
  endfacet
  facet normal 8.736224e-01 -4.866045e-01 0.000000e+00
    outer loop
      vertex   1.787984e+02 -1.893605e+02 1.000000e+00
      vertex   1.787984e+02 -1.893605e+02 2.000000e+00
      vertex   1.778546e+02 -1.910551e+02 1.000000e+00
    endloop
  endfacet
  facet normal 8.736224e-01 -4.866045e-01 0.000000e+00
    outer loop
      vertex   1.778546e+02 -1.910551e+02 1.000000e+00
      vertex   1.787984e+02 -1.893605e+02 2.000000e+00
      vertex   1.778546e+02 -1.910551e+02 2.000000e+00
    endloop
  endfacet
  facet normal 8.249975e-01 -5.651364e-01 0.000000e+00
    outer loop
      vertex   1.778546e+02 -1.910551e+02 1.000000e+00
      vertex   1.778546e+02 -1.910551e+02 2.000000e+00
      vertex   1.767584e+02 -1.926553e+02 1.000000e+00
    endloop
  endfacet
  facet normal 8.249975e-01 -5.651364e-01 0.000000e+00
    outer loop
      vertex   1.767584e+02 -1.926553e+02 1.000000e+00
      vertex   1.778546e+02 -1.910551e+02 2.000000e+00
      vertex   1.767584e+02 -1.926553e+02 2.000000e+00
    endloop
  endfacet
  facet normal 7.693340e-01 -6.388468e-01 0.000000e+00
    outer loop
      vertex   1.767584e+02 -1.926553e+02 1.000000e+00
      vertex   1.767584e+02 -1.926553e+02 2.000000e+00
      vertex   1.755192e+02 -1.941476e+02 1.000000e+00
    endloop
  endfacet
  facet normal 7.693340e-01 -6.388468e-01 0.000000e+00
    outer loop
      vertex   1.755192e+02 -1.941476e+02 1.000000e+00
      vertex   1.767584e+02 -1.926553e+02 2.000000e+00
      vertex   1.755192e+02 -1.941476e+02 2.000000e+00
    endloop
  endfacet
  facet normal 7.071068e-01 -7.071068e-01 0.000000e+00
    outer loop
      vertex   1.755192e+02 -1.941476e+02 1.000000e+00
      vertex   1.755192e+02 -1.941476e+02 2.000000e+00
      vertex   1.741476e+02 -1.955192e+02 1.000000e+00
    endloop
  endfacet
  facet normal 7.071068e-01 -7.071068e-01 0.000000e+00
    outer loop
      vertex   1.741476e+02 -1.955192e+02 1.000000e+00
      vertex   1.755192e+02 -1.941476e+02 2.000000e+00
      vertex   1.741476e+02 -1.955192e+02 2.000000e+00
    endloop
  endfacet
  facet normal 6.388468e-01 -7.693340e-01 0.000000e+00
    outer loop
      vertex   1.741476e+02 -1.955192e+02 1.000000e+00
      vertex   1.741476e+02 -1.955192e+02 2.000000e+00
      vertex   1.726553e+02 -1.967584e+02 1.000000e+00
    endloop
  endfacet
  facet normal 6.388468e-01 -7.693340e-01 0.000000e+00
    outer loop
      vertex   1.726553e+02 -1.967584e+02 1.000000e+00
      vertex   1.741476e+02 -1.955192e+02 2.000000e+00
      vertex   1.726553e+02 -1.967584e+02 2.000000e+00
    endloop
  endfacet
  facet normal 5.651364e-01 -8.249975e-01 0.000000e+00
    outer loop
      vertex   1.726553e+02 -1.967584e+02 1.000000e+00
      vertex   1.726553e+02 -1.967584e+02 2.000000e+00
      vertex   1.710551e+02 -1.978546e+02 1.000000e+00
    endloop
  endfacet
  facet normal 5.651364e-01 -8.249975e-01 0.000000e+00
    outer loop
      vertex   1.710551e+02 -1.978546e+02 1.000000e+00
      vertex   1.726553e+02 -1.967584e+02 2.000000e+00
      vertex   1.710551e+02 -1.978546e+02 2.000000e+00
    endloop
  endfacet
  facet normal 4.866045e-01 -8.736224e-01 0.000000e+00
    outer loop
      vertex   1.710551e+02 -1.978546e+02 1.000000e+00
      vertex   1.710551e+02 -1.978546e+02 2.000000e+00
      vertex   1.693605e+02 -1.987984e+02 1.000000e+00
    endloop
  endfacet
  facet normal 4.866045e-01 -8.736224e-01 0.000000e+00
    outer loop
      vertex   1.693605e+02 -1.987984e+02 1.000000e+00
      vertex   1.710551e+02 -1.978546e+02 2.000000e+00
      vertex   1.693605e+02 -1.987984e+02 2.000000e+00
    endloop
  endfacet
  facet normal 4.039210e-01 -9.147939e-01 0.000000e+00
    outer loop
      vertex   1.693605e+02 -1.987984e+02 1.000000e+00
      vertex   1.693605e+02 -1.987984e+02 2.000000e+00
      vertex   1.675861e+02 -1.995819e+02 1.000000e+00
    endloop
  endfacet
  facet normal 4.039210e-01 -9.147939e-01 0.000000e+00
    outer loop
      vertex   1.675861e+02 -1.995819e+02 1.000000e+00
      vertex   1.693605e+02 -1.987984e+02 2.000000e+00
      vertex   1.675861e+02 -1.995819e+02 2.000000e+00
    endloop
  endfacet
  facet normal 3.177914e-01 -9.481606e-01 0.000000e+00
    outer loop
      vertex   1.675861e+02 -1.995819e+02 1.000000e+00
      vertex   1.675861e+02 -1.995819e+02 2.000000e+00
      vertex   1.657469e+02 -2.001983e+02 1.000000e+00
    endloop
  endfacet
  facet normal 3.177914e-01 -9.481606e-01 0.000000e+00
    outer loop
      vertex   1.657469e+02 -2.001983e+02 1.000000e+00
      vertex   1.675861e+02 -1.995819e+02 2.000000e+00
      vertex   1.657469e+02 -2.001983e+02 2.000000e+00
    endloop
  endfacet
  facet normal 2.289505e-01 -9.734381e-01 0.000000e+00
    outer loop
      vertex   1.657469e+02 -2.001983e+02 1.000000e+00
      vertex   1.657469e+02 -2.001983e+02 2.000000e+00
      vertex   1.638587e+02 -2.006424e+02 1.000000e+00
    endloop
  endfacet
  facet normal 2.289505e-01 -9.734381e-01 0.000000e+00
    outer loop
      vertex   1.638587e+02 -2.006424e+02 1.000000e+00
      vertex   1.657469e+02 -2.001983e+02 2.000000e+00
      vertex   1.638587e+02 -2.006424e+02 2.000000e+00
    endloop
  endfacet
  facet normal 1.381564e-01 -9.904104e-01 0.000000e+00
    outer loop
      vertex   1.638587e+02 -2.006424e+02 1.000000e+00
      vertex   1.638587e+02 -2.006424e+02 2.000000e+00
      vertex   1.619376e+02 -2.009104e+02 1.000000e+00
    endloop
  endfacet
  facet normal 1.381564e-01 -9.904104e-01 0.000000e+00
    outer loop
      vertex   1.619376e+02 -2.009104e+02 1.000000e+00
      vertex   1.638587e+02 -2.006424e+02 2.000000e+00
      vertex   1.619376e+02 -2.009104e+02 2.000000e+00
    endloop
  endfacet
  facet normal 4.618346e-02 -9.989330e-01 0.000000e+00
    outer loop
      vertex   1.619376e+02 -2.009104e+02 1.000000e+00
      vertex   1.619376e+02 -2.009104e+02 2.000000e+00
      vertex   1.600000e+02 -2.010000e+02 1.000000e+00
    endloop
  endfacet
  facet normal 4.618346e-02 -9.989330e-01 0.000000e+00
    outer loop
      vertex   1.600000e+02 -2.010000e+02 1.000000e+00
      vertex   1.619376e+02 -2.009104e+02 2.000000e+00
      vertex   1.600000e+02 -2.010000e+02 2.000000e+00
    endloop
  endfacet
  facet normal -4.618346e-02 -9.989330e-01 0.000000e+00
    outer loop
      vertex   1.600000e+02 -2.010000e+02 1.000000e+00
      vertex   1.600000e+02 -2.010000e+02 2.000000e+00
      vertex   1.580624e+02 -2.009104e+02 1.000000e+00
    endloop
  endfacet
  facet normal -4.618346e-02 -9.989330e-01 0.000000e+00
    outer loop
      vertex   1.580624e+02 -2.009104e+02 1.000000e+00
      vertex   1.600000e+02 -2.010000e+02 2.000000e+00
      vertex   1.580624e+02 -2.009104e+02 2.000000e+00
    endloop
  endfacet
  facet normal -1.381564e-01 -9.904104e-01 0.000000e+00
    outer loop
      vertex   1.580624e+02 -2.009104e+02 1.000000e+00
      vertex   1.580624e+02 -2.009104e+02 2.000000e+00
      vertex   1.561413e+02 -2.006424e+02 1.000000e+00
    endloop
  endfacet
  facet normal -1.381564e-01 -9.904104e-01 0.000000e+00
    outer loop
      vertex   1.561413e+02 -2.006424e+02 1.000000e+00
      vertex   1.580624e+02 -2.009104e+02 2.000000e+00
      vertex   1.561413e+02 -2.006424e+02 2.000000e+00
    endloop
  endfacet
  facet normal -2.289505e-01 -9.734381e-01 0.000000e+00
    outer loop
      vertex   1.561413e+02 -2.006424e+02 1.000000e+00
      vertex   1.561413e+02 -2.006424e+02 2.000000e+00
      vertex   1.542531e+02 -2.001983e+02 1.000000e+00
    endloop
  endfacet
  facet normal -2.289505e-01 -9.734381e-01 0.000000e+00
    outer loop
      vertex   1.542531e+02 -2.001983e+02 1.000000e+00
      vertex   1.561413e+02 -2.006424e+02 2.000000e+00
      vertex   1.542531e+02 -2.001983e+02 2.000000e+00
    endloop
  endfacet
  facet normal -3.177914e-01 -9.481606e-01 0.000000e+00
    outer loop
      vertex   1.542531e+02 -2.001983e+02 1.000000e+00
      vertex   1.542531e+02 -2.001983e+02 2.000000e+00
      vertex   1.524139e+02 -1.995819e+02 1.000000e+00
    endloop
  endfacet
  facet normal -3.177914e-01 -9.481606e-01 0.000000e+00
    outer loop
      vertex   1.524139e+02 -1.995819e+02 1.000000e+00
      vertex   1.542531e+02 -2.001983e+02 2.000000e+00
      vertex   1.524139e+02 -1.995819e+02 2.000000e+00
    endloop
  endfacet
  facet normal -4.039210e-01 -9.147939e-01 0.000000e+00
    outer loop
      vertex   1.524139e+02 -1.995819e+02 1.000000e+00
      vertex   1.524139e+02 -1.995819e+02 2.000000e+00
      vertex   1.506395e+02 -1.987984e+02 1.000000e+00
    endloop
  endfacet
  facet normal -4.039210e-01 -9.147939e-01 0.000000e+00
    outer loop
      vertex   1.506395e+02 -1.987984e+02 1.000000e+00
      vertex   1.524139e+02 -1.995819e+02 2.000000e+00
      vertex   1.506395e+02 -1.987984e+02 2.000000e+00
    endloop
  endfacet
  facet normal -4.866045e-01 -8.736224e-01 0.000000e+00
    outer loop
      vertex   1.506395e+02 -1.987984e+02 1.000000e+00
      vertex   1.506395e+02 -1.987984e+02 2.000000e+00
      vertex   1.489449e+02 -1.978546e+02 1.000000e+00
    endloop
  endfacet
  facet normal -4.866045e-01 -8.736224e-01 0.000000e+00
    outer loop
      vertex   1.489449e+02 -1.978546e+02 1.000000e+00
      vertex   1.506395e+02 -1.987984e+02 2.000000e+00
      vertex   1.489449e+02 -1.978546e+02 2.000000e+00
    endloop
  endfacet
  facet normal -5.651364e-01 -8.249975e-01 0.000000e+00
    outer loop
      vertex   1.489449e+02 -1.978546e+02 1.000000e+00
      vertex   1.489449e+02 -1.978546e+02 2.000000e+00
      vertex   1.473447e+02 -1.967584e+02 1.000000e+00
    endloop
  endfacet
  facet normal -5.651364e-01 -8.249975e-01 0.000000e+00
    outer loop
      vertex   1.473447e+02 -1.967584e+02 1.000000e+00
      vertex   1.489449e+02 -1.978546e+02 2.000000e+00
      vertex   1.473447e+02 -1.967584e+02 2.000000e+00
    endloop
  endfacet
  facet normal -6.388468e-01 -7.693340e-01 0.000000e+00
    outer loop
      vertex   1.473447e+02 -1.967584e+02 1.000000e+00
      vertex   1.473447e+02 -1.967584e+02 2.000000e+00
      vertex   1.458524e+02 -1.955192e+02 1.000000e+00
    endloop
  endfacet
  facet normal -6.388468e-01 -7.693340e-01 0.000000e+00
    outer loop
      vertex   1.458524e+02 -1.955192e+02 1.000000e+00
      vertex   1.473447e+02 -1.967584e+02 2.000000e+00
      vertex   1.458524e+02 -1.955192e+02 2.000000e+00
    endloop
  endfacet
  facet normal -7.071068e-01 -7.071068e-01 0.000000e+00
    outer loop
      vertex   1.458524e+02 -1.955192e+02 1.000000e+00
      vertex   1.458524e+02 -1.955192e+02 2.000000e+00
      vertex   1.444808e+02 -1.941476e+02 1.000000e+00
    endloop
  endfacet
  facet normal -7.071068e-01 -7.071068e-01 0.000000e+00
    outer loop
      vertex   1.444808e+02 -1.941476e+02 1.000000e+00
      vertex   1.458524e+02 -1.955192e+02 2.000000e+00
      vertex   1.444808e+02 -1.941476e+02 2.000000e+00
    endloop
  endfacet
  facet normal -7.693340e-01 -6.388468e-01 0.000000e+00
    outer loop
      vertex   1.444808e+02 -1.941476e+02 1.000000e+00
      vertex   1.444808e+02 -1.941476e+02 2.000000e+00
      vertex   1.432416e+02 -1.926553e+02 1.000000e+00
    endloop
  endfacet
  facet normal -7.693340e-01 -6.388468e-01 0.000000e+00
    outer loop
      vertex   1.432416e+02 -1.926553e+02 1.000000e+00
      vertex   1.444808e+02 -1.941476e+02 2.000000e+00
      vertex   1.432416e+02 -1.926553e+02 2.000000e+00
    endloop
  endfacet
  facet normal -8.249975e-01 -5.651364e-01 0.000000e+00
    outer loop
      vertex   1.432416e+02 -1.926553e+02 1.000000e+00
      vertex   1.432416e+02 -1.926553e+02 2.000000e+00
      vertex   1.421454e+02 -1.910551e+02 1.000000e+00
    endloop
  endfacet
  facet normal -8.249975e-01 -5.651364e-01 0.000000e+00
    outer loop
      vertex   1.421454e+02 -1.910551e+02 1.000000e+00
      vertex   1.432416e+02 -1.926553e+02 2.000000e+00
      vertex   1.421454e+02 -1.910551e+02 2.000000e+00
    endloop
  endfacet
  facet normal -8.736224e-01 -4.866045e-01 0.000000e+00
    outer loop
      vertex   1.421454e+02 -1.910551e+02 1.000000e+00
      vertex   1.421454e+02 -1.910551e+02 2.000000e+00
      vertex   1.412016e+02 -1.893605e+02 1.000000e+00
    endloop
  endfacet
  facet normal -8.736224e-01 -4.866045e-01 0.000000e+00
    outer loop
      vertex   1.412016e+02 -1.893605e+02 1.000000e+00
      vertex   1.421454e+02 -1.910551e+02 2.000000e+00
      vertex   1.412016e+02 -1.893605e+02 2.000000e+00
    endloop
  endfacet
  facet normal -9.147939e-01 -4.039210e-01 0.000000e+00
    outer loop
      vertex   1.412016e+02 -1.893605e+02 1.000000e+00
      vertex   1.412016e+02 -1.893605e+02 2.000000e+00
      vertex   1.404181e+02 -1.875861e+02 1.000000e+00
    endloop
  endfacet
  facet normal -9.147939e-01 -4.039210e-01 0.000000e+00
    outer loop
      vertex   1.404181e+02 -1.875861e+02 1.000000e+00
      vertex   1.412016e+02 -1.893605e+02 2.000000e+00
      vertex   1.404181e+02 -1.875861e+02 2.000000e+00
    endloop
  endfacet
  facet normal -9.481606e-01 -3.177914e-01 0.000000e+00
    outer loop
      vertex   1.404181e+02 -1.875861e+02 1.000000e+00
      vertex   1.404181e+02 -1.875861e+02 2.000000e+00
      vertex   1.398017e+02 -1.857469e+02 1.000000e+00
    endloop
  endfacet
  facet normal -9.481606e-01 -3.177914e-01 0.000000e+00
    outer loop
      vertex   1.398017e+02 -1.857469e+02 1.000000e+00
      vertex   1.404181e+02 -1.875861e+02 2.000000e+00
      vertex   1.398017e+02 -1.857469e+02 2.000000e+00
    endloop
  endfacet
  facet normal -9.734381e-01 -2.289505e-01 0.000000e+00
    outer loop
      vertex   1.398017e+02 -1.857469e+02 1.000000e+00
      vertex   1.398017e+02 -1.857469e+02 2.000000e+00
      vertex   1.393576e+02 -1.838587e+02 1.000000e+00
    endloop
  endfacet
  facet normal -9.734381e-01 -2.289505e-01 0.000000e+00
    outer loop
      vertex   1.393576e+02 -1.838587e+02 1.000000e+00
      vertex   1.398017e+02 -1.857469e+02 2.000000e+00
      vertex   1.393576e+02 -1.838587e+02 2.000000e+00
    endloop
  endfacet
  facet normal -9.904104e-01 -1.381564e-01 0.000000e+00
    outer loop
      vertex   1.393576e+02 -1.838587e+02 1.000000e+00
      vertex   1.393576e+02 -1.838587e+02 2.000000e+00
      vertex   1.390896e+02 -1.819376e+02 1.000000e+00
    endloop
  endfacet
  facet normal -9.904104e-01 -1.381564e-01 0.000000e+00
    outer loop
      vertex   1.390896e+02 -1.819376e+02 1.000000e+00
      vertex   1.393576e+02 -1.838587e+02 2.000000e+00
      vertex   1.390896e+02 -1.819376e+02 2.000000e+00
    endloop
  endfacet
  facet normal -9.989330e-01 -4.618346e-02 0.000000e+00
    outer loop
      vertex   1.390896e+02 -1.819376e+02 1.000000e+00
      vertex   1.390896e+02 -1.819376e+02 2.000000e+00
      vertex   1.390000e+02 -1.800000e+02 1.000000e+00
    endloop
  endfacet
  facet normal -9.989330e-01 -4.618346e-02 0.000000e+00
    outer loop
      vertex   1.390000e+02 -1.800000e+02 1.000000e+00
      vertex   1.390896e+02 -1.819376e+02 2.000000e+00
      vertex   1.390000e+02 -1.800000e+02 2.000000e+00
    endloop
  endfacet
  facet normal -9.989330e-01 4.618346e-02 0.000000e+00
    outer loop
      vertex   1.390000e+02 -1.800000e+02 1.000000e+00
      vertex   1.390000e+02 -1.800000e+02 2.000000e+00
      vertex   1.390896e+02 -1.780624e+02 1.000000e+00
    endloop
  endfacet
  facet normal -9.989330e-01 4.618346e-02 0.000000e+00
    outer loop
      vertex   1.390896e+02 -1.780624e+02 1.000000e+00
      vertex   1.390000e+02 -1.800000e+02 2.000000e+00
      vertex   1.390896e+02 -1.780624e+02 2.000000e+00
    endloop
  endfacet
  facet normal -9.904104e-01 1.381564e-01 0.000000e+00
    outer loop
      vertex   1.390896e+02 -1.780624e+02 1.000000e+00
      vertex   1.390896e+02 -1.780624e+02 2.000000e+00
      vertex   1.393576e+02 -1.761413e+02 1.000000e+00
    endloop
  endfacet
  facet normal -9.904104e-01 1.381564e-01 0.000000e+00
    outer loop
      vertex   1.393576e+02 -1.761413e+02 1.000000e+00
      vertex   1.390896e+02 -1.780624e+02 2.000000e+00
      vertex   1.393576e+02 -1.761413e+02 2.000000e+00
    endloop
  endfacet
  facet normal -9.734381e-01 2.289505e-01 0.000000e+00
    outer loop
      vertex   1.393576e+02 -1.761413e+02 1.000000e+00
      vertex   1.393576e+02 -1.761413e+02 2.000000e+00
      vertex   1.398017e+02 -1.742531e+02 1.000000e+00
    endloop
  endfacet
  facet normal -9.734381e-01 2.289505e-01 0.000000e+00
    outer loop
      vertex   1.398017e+02 -1.742531e+02 1.000000e+00
      vertex   1.393576e+02 -1.761413e+02 2.000000e+00
      vertex   1.398017e+02 -1.742531e+02 2.000000e+00
    endloop
  endfacet
  facet normal -9.481606e-01 3.177914e-01 0.000000e+00
    outer loop
      vertex   1.398017e+02 -1.742531e+02 1.000000e+00
      vertex   1.398017e+02 -1.742531e+02 2.000000e+00
      vertex   1.404181e+02 -1.724139e+02 1.000000e+00
    endloop
  endfacet
  facet normal -9.481606e-01 3.177914e-01 0.000000e+00
    outer loop
      vertex   1.404181e+02 -1.724139e+02 1.000000e+00
      vertex   1.398017e+02 -1.742531e+02 2.000000e+00
      vertex   1.404181e+02 -1.724139e+02 2.000000e+00
    endloop
  endfacet
  facet normal -9.147939e-01 4.039210e-01 0.000000e+00
    outer loop
      vertex   1.404181e+02 -1.724139e+02 1.000000e+00
      vertex   1.404181e+02 -1.724139e+02 2.000000e+00
      vertex   1.412016e+02 -1.706395e+02 1.000000e+00
    endloop
  endfacet
  facet normal -9.147939e-01 4.039210e-01 0.000000e+00
    outer loop
      vertex   1.412016e+02 -1.706395e+02 1.000000e+00
      vertex   1.404181e+02 -1.724139e+02 2.000000e+00
      vertex   1.412016e+02 -1.706395e+02 2.000000e+00
    endloop
  endfacet
  facet normal -8.736224e-01 4.866045e-01 0.000000e+00
    outer loop
      vertex   1.412016e+02 -1.706395e+02 1.000000e+00
      vertex   1.412016e+02 -1.706395e+02 2.000000e+00
      vertex   1.421454e+02 -1.689449e+02 1.000000e+00
    endloop
  endfacet
  facet normal -8.736224e-01 4.866045e-01 0.000000e+00
    outer loop
      vertex   1.421454e+02 -1.689449e+02 1.000000e+00
      vertex   1.412016e+02 -1.706395e+02 2.000000e+00
      vertex   1.421454e+02 -1.689449e+02 2.000000e+00
    endloop
  endfacet
  facet normal -8.249975e-01 5.651364e-01 0.000000e+00
    outer loop
      vertex   1.421454e+02 -1.689449e+02 1.000000e+00
      vertex   1.421454e+02 -1.689449e+02 2.000000e+00
      vertex   1.432416e+02 -1.673447e+02 1.000000e+00
    endloop
  endfacet
  facet normal -8.249975e-01 5.651364e-01 0.000000e+00
    outer loop
      vertex   1.432416e+02 -1.673447e+02 1.000000e+00
      vertex   1.421454e+02 -1.689449e+02 2.000000e+00
      vertex   1.432416e+02 -1.673447e+02 2.000000e+00
    endloop
  endfacet
  facet normal -7.693340e-01 6.388468e-01 0.000000e+00
    outer loop
      vertex   1.432416e+02 -1.673447e+02 1.000000e+00
      vertex   1.432416e+02 -1.673447e+02 2.000000e+00
      vertex   1.444808e+02 -1.658524e+02 1.000000e+00
    endloop
  endfacet
  facet normal -7.693340e-01 6.388468e-01 0.000000e+00
    outer loop
      vertex   1.444808e+02 -1.658524e+02 1.000000e+00
      vertex   1.432416e+02 -1.673447e+02 2.000000e+00
      vertex   1.444808e+02 -1.658524e+02 2.000000e+00
    endloop
  endfacet
  facet normal -7.071068e-01 7.071068e-01 0.000000e+00
    outer loop
      vertex   1.444808e+02 -1.658524e+02 1.000000e+00
      vertex   1.444808e+02 -1.658524e+02 2.000000e+00
      vertex   1.458524e+02 -1.644808e+02 1.000000e+00
    endloop
  endfacet
  facet normal -7.071068e-01 7.071068e-01 0.000000e+00
    outer loop
      vertex   1.458524e+02 -1.644808e+02 1.000000e+00
      vertex   1.444808e+02 -1.658524e+02 2.000000e+00
      vertex   1.458524e+02 -1.644808e+02 2.000000e+00
    endloop
  endfacet
  facet normal -6.388468e-01 7.693340e-01 0.000000e+00
    outer loop
      vertex   1.458524e+02 -1.644808e+02 1.000000e+00
      vertex   1.458524e+02 -1.644808e+02 2.000000e+00
      vertex   1.473447e+02 -1.632416e+02 1.000000e+00
    endloop
  endfacet
  facet normal -6.388468e-01 7.693340e-01 0.000000e+00
    outer loop
      vertex   1.473447e+02 -1.632416e+02 1.000000e+00
      vertex   1.458524e+02 -1.644808e+02 2.000000e+00
      vertex   1.473447e+02 -1.632416e+02 2.000000e+00
    endloop
  endfacet
  facet normal -5.651364e-01 8.249975e-01 0.000000e+00
    outer loop
      vertex   1.473447e+02 -1.632416e+02 1.000000e+00
      vertex   1.473447e+02 -1.632416e+02 2.000000e+00
      vertex   1.489449e+02 -1.621454e+02 1.000000e+00
    endloop
  endfacet
  facet normal -5.651364e-01 8.249975e-01 0.000000e+00
    outer loop
      vertex   1.489449e+02 -1.621454e+02 1.000000e+00
      vertex   1.473447e+02 -1.632416e+02 2.000000e+00
      vertex   1.489449e+02 -1.621454e+02 2.000000e+00
    endloop
  endfacet
  facet normal -4.866045e-01 8.736224e-01 0.000000e+00
    outer loop
      vertex   1.489449e+02 -1.621454e+02 1.000000e+00
      vertex   1.489449e+02 -1.621454e+02 2.000000e+00
      vertex   1.506395e+02 -1.612016e+02 1.000000e+00
    endloop
  endfacet
  facet normal -4.866045e-01 8.736224e-01 0.000000e+00
    outer loop
      vertex   1.506395e+02 -1.612016e+02 1.000000e+00
      vertex   1.489449e+02 -1.621454e+02 2.000000e+00
      vertex   1.506395e+02 -1.612016e+02 2.000000e+00
    endloop
  endfacet
  facet normal -4.039210e-01 9.147939e-01 0.000000e+00
    outer loop
      vertex   1.506395e+02 -1.612016e+02 1.000000e+00
      vertex   1.506395e+02 -1.612016e+02 2.000000e+00
      vertex   1.524139e+02 -1.604181e+02 1.000000e+00
    endloop
  endfacet
  facet normal -4.039210e-01 9.147939e-01 0.000000e+00
    outer loop
      vertex   1.524139e+02 -1.604181e+02 1.000000e+00
      vertex   1.506395e+02 -1.612016e+02 2.000000e+00
      vertex   1.524139e+02 -1.604181e+02 2.000000e+00
    endloop
  endfacet
  facet normal -3.177914e-01 9.481606e-01 0.000000e+00
    outer loop
      vertex   1.524139e+02 -1.604181e+02 1.000000e+00
      vertex   1.524139e+02 -1.604181e+02 2.000000e+00
      vertex   1.542531e+02 -1.598017e+02 1.000000e+00
    endloop
  endfacet
  facet normal -3.177914e-01 9.481606e-01 0.000000e+00
    outer loop
      vertex   1.542531e+02 -1.598017e+02 1.000000e+00
      vertex   1.524139e+02 -1.604181e+02 2.000000e+00
      vertex   1.542531e+02 -1.598017e+02 2.000000e+00
    endloop
  endfacet
  facet normal -2.289505e-01 9.734381e-01 0.000000e+00
    outer loop
      vertex   1.542531e+02 -1.598017e+02 1.000000e+00
      vertex   1.542531e+02 -1.598017e+02 2.000000e+00
      vertex   1.561413e+02 -1.593576e+02 1.000000e+00
    endloop
  endfacet
  facet normal -2.289505e-01 9.734381e-01 0.000000e+00
    outer loop
      vertex   1.561413e+02 -1.593576e+02 1.000000e+00
      vertex   1.542531e+02 -1.598017e+02 2.000000e+00
      vertex   1.561413e+02 -1.593576e+02 2.000000e+00
    endloop
  endfacet
  facet normal -1.381564e-01 9.904104e-01 0.000000e+00
    outer loop
      vertex   1.561413e+02 -1.593576e+02 1.000000e+00
      vertex   1.561413e+02 -1.593576e+02 2.000000e+00
      vertex   1.580624e+02 -1.590896e+02 1.000000e+00
    endloop
  endfacet
  facet normal -1.381564e-01 9.904104e-01 0.000000e+00
    outer loop
      vertex   1.580624e+02 -1.590896e+02 1.000000e+00
      vertex   1.561413e+02 -1.593576e+02 2.000000e+00
      vertex   1.580624e+02 -1.590896e+02 2.000000e+00
    endloop
  endfacet
  facet normal -4.618346e-02 9.989330e-01 0.000000e+00
    outer loop
      vertex   1.580624e+02 -1.590896e+02 1.000000e+00
      vertex   1.580624e+02 -1.590896e+02 2.000000e+00
      vertex   1.600000e+02 -1.590000e+02 1.000000e+00
    endloop
  endfacet
  facet normal -4.618346e-02 9.989330e-01 0.000000e+00
    outer loop
      vertex   1.600000e+02 -1.590000e+02 1.000000e+00
      vertex   1.580624e+02 -1.590896e+02 2.000000e+00
      vertex   1.600000e+02 -1.590000e+02 2.000000e+00
    endloop
  endfacet
  facet normal 4.618346e-02 9.989330e-01 -0.000000e+00
    outer loop
      vertex   1.600000e+02 -1.590000e+02 1.000000e+00
      vertex   1.600000e+02 -1.590000e+02 2.000000e+00
      vertex   1.619376e+02 -1.590896e+02 1.000000e+00
    endloop
  endfacet
  facet normal 4.618346e-02 9.989330e-01 -0.000000e+00
    outer loop
      vertex   1.619376e+02 -1.590896e+02 1.000000e+00
      vertex   1.600000e+02 -1.590000e+02 2.000000e+00
      vertex   1.619376e+02 -1.590896e+02 2.000000e+00
    endloop
  endfacet
  facet normal 1.381564e-01 9.904104e-01 -0.000000e+00
    outer loop
      vertex   1.619376e+02 -1.590896e+02 1.000000e+00
      vertex   1.619376e+02 -1.590896e+02 2.000000e+00
      vertex   1.638587e+02 -1.593576e+02 1.000000e+00
    endloop
  endfacet
  facet normal 1.381564e-01 9.904104e-01 -0.000000e+00
    outer loop
      vertex   1.638587e+02 -1.593576e+02 1.000000e+00
      vertex   1.619376e+02 -1.590896e+02 2.000000e+00
      vertex   1.638587e+02 -1.593576e+02 2.000000e+00
    endloop
  endfacet
  facet normal 2.289505e-01 9.734381e-01 -0.000000e+00
    outer loop
      vertex   1.638587e+02 -1.593576e+02 1.000000e+00
      vertex   1.638587e+02 -1.593576e+02 2.000000e+00
      vertex   1.657469e+02 -1.598017e+02 1.000000e+00
    endloop
  endfacet
  facet normal 2.289505e-01 9.734381e-01 -0.000000e+00
    outer loop
      vertex   1.657469e+02 -1.598017e+02 1.000000e+00
      vertex   1.638587e+02 -1.593576e+02 2.000000e+00
      vertex   1.657469e+02 -1.598017e+02 2.000000e+00
    endloop
  endfacet
  facet normal 3.177914e-01 9.481606e-01 -0.000000e+00
    outer loop
      vertex   1.657469e+02 -1.598017e+02 1.000000e+00
      vertex   1.657469e+02 -1.598017e+02 2.000000e+00
      vertex   1.675861e+02 -1.604181e+02 1.000000e+00
    endloop
  endfacet
  facet normal 3.177914e-01 9.481606e-01 -0.000000e+00
    outer loop
      vertex   1.675861e+02 -1.604181e+02 1.000000e+00
      vertex   1.657469e+02 -1.598017e+02 2.000000e+00
      vertex   1.675861e+02 -1.604181e+02 2.000000e+00
    endloop
  endfacet
  facet normal 4.039210e-01 9.147939e-01 -0.000000e+00
    outer loop
      vertex   1.675861e+02 -1.604181e+02 1.000000e+00
      vertex   1.675861e+02 -1.604181e+02 2.000000e+00
      vertex   1.693605e+02 -1.612016e+02 1.000000e+00
    endloop
  endfacet
  facet normal 4.039210e-01 9.147939e-01 -0.000000e+00
    outer loop
      vertex   1.693605e+02 -1.612016e+02 1.000000e+00
      vertex   1.675861e+02 -1.604181e+02 2.000000e+00
      vertex   1.693605e+02 -1.612016e+02 2.000000e+00
    endloop
  endfacet
  facet normal 4.866045e-01 8.736224e-01 -0.000000e+00
    outer loop
      vertex   1.693605e+02 -1.612016e+02 1.000000e+00
      vertex   1.693605e+02 -1.612016e+02 2.000000e+00
      vertex   1.710551e+02 -1.621454e+02 1.000000e+00
    endloop
  endfacet
  facet normal 4.866045e-01 8.736224e-01 -0.000000e+00
    outer loop
      vertex   1.710551e+02 -1.621454e+02 1.000000e+00
      vertex   1.693605e+02 -1.612016e+02 2.000000e+00
      vertex   1.710551e+02 -1.621454e+02 2.000000e+00
    endloop
  endfacet
  facet normal 5.651364e-01 8.249975e-01 -0.000000e+00
    outer loop
      vertex   1.710551e+02 -1.621454e+02 1.000000e+00
      vertex   1.710551e+02 -1.621454e+02 2.000000e+00
      vertex   1.726553e+02 -1.632416e+02 1.000000e+00
    endloop
  endfacet
  facet normal 5.651364e-01 8.249975e-01 -0.000000e+00
    outer loop
      vertex   1.726553e+02 -1.632416e+02 1.000000e+00
      vertex   1.710551e+02 -1.621454e+02 2.000000e+00
      vertex   1.726553e+02 -1.632416e+02 2.000000e+00
    endloop
  endfacet
  facet normal 6.388468e-01 7.693340e-01 -0.000000e+00
    outer loop
      vertex   1.726553e+02 -1.632416e+02 1.000000e+00
      vertex   1.726553e+02 -1.632416e+02 2.000000e+00
      vertex   1.741476e+02 -1.644808e+02 1.000000e+00
    endloop
  endfacet
  facet normal 6.388468e-01 7.693340e-01 -0.000000e+00
    outer loop
      vertex   1.741476e+02 -1.644808e+02 1.000000e+00
      vertex   1.726553e+02 -1.632416e+02 2.000000e+00
      vertex   1.741476e+02 -1.644808e+02 2.000000e+00
    endloop
  endfacet
  facet normal 7.071068e-01 7.071068e-01 -0.000000e+00
    outer loop
      vertex   1.741476e+02 -1.644808e+02 1.000000e+00
      vertex   1.741476e+02 -1.644808e+02 2.000000e+00
      vertex   1.755192e+02 -1.658524e+02 1.000000e+00
    endloop
  endfacet
  facet normal 7.071068e-01 7.071068e-01 -0.000000e+00
    outer loop
      vertex   1.755192e+02 -1.658524e+02 1.000000e+00
      vertex   1.741476e+02 -1.644808e+02 2.000000e+00
      vertex   1.755192e+02 -1.658524e+02 2.000000e+00
    endloop
  endfacet
  facet normal 7.693340e-01 6.388468e-01 -0.000000e+00
    outer loop
      vertex   1.755192e+02 -1.658524e+02 1.000000e+00
      vertex   1.755192e+02 -1.658524e+02 2.000000e+00
      vertex   1.767584e+02 -1.673447e+02 1.000000e+00
    endloop
  endfacet
  facet normal 7.693340e-01 6.388468e-01 -0.000000e+00
    outer loop
      vertex   1.767584e+02 -1.673447e+02 1.000000e+00
      vertex   1.755192e+02 -1.658524e+02 2.000000e+00
      vertex   1.767584e+02 -1.673447e+02 2.000000e+00
    endloop
  endfacet
  facet normal 8.249975e-01 5.651364e-01 -0.000000e+00
    outer loop
      vertex   1.767584e+02 -1.673447e+02 1.000000e+00
      vertex   1.767584e+02 -1.673447e+02 2.000000e+00
      vertex   1.778546e+02 -1.689449e+02 1.000000e+00
    endloop
  endfacet
  facet normal 8.249975e-01 5.651364e-01 -0.000000e+00
    outer loop
      vertex   1.778546e+02 -1.689449e+02 1.000000e+00
      vertex   1.767584e+02 -1.673447e+02 2.000000e+00
      vertex   1.778546e+02 -1.689449e+02 2.000000e+00
    endloop
  endfacet
  facet normal 8.736224e-01 4.866045e-01 -0.000000e+00
    outer loop
      vertex   1.778546e+02 -1.689449e+02 1.000000e+00
      vertex   1.778546e+02 -1.689449e+02 2.000000e+00
      vertex   1.787984e+02 -1.706395e+02 1.000000e+00
    endloop
  endfacet
  facet normal 8.736224e-01 4.866045e-01 -0.000000e+00
    outer loop
      vertex   1.787984e+02 -1.706395e+02 1.000000e+00
      vertex   1.778546e+02 -1.689449e+02 2.000000e+00
      vertex   1.787984e+02 -1.706395e+02 2.000000e+00
    endloop
  endfacet
  facet normal 9.147939e-01 4.039210e-01 -0.000000e+00
    outer loop
      vertex   1.787984e+02 -1.706395e+02 1.000000e+00
      vertex   1.787984e+02 -1.706395e+02 2.000000e+00
      vertex   1.795819e+02 -1.724139e+02 1.000000e+00
    endloop
  endfacet
  facet normal 9.147939e-01 4.039210e-01 -0.000000e+00
    outer loop
      vertex   1.795819e+02 -1.724139e+02 1.000000e+00
      vertex   1.787984e+02 -1.706395e+02 2.000000e+00
      vertex   1.795819e+02 -1.724139e+02 2.000000e+00
    endloop
  endfacet
  facet normal 9.481606e-01 3.177914e-01 -0.000000e+00
    outer loop
      vertex   1.795819e+02 -1.724139e+02 1.000000e+00
      vertex   1.795819e+02 -1.724139e+02 2.000000e+00
      vertex   1.801983e+02 -1.742531e+02 1.000000e+00
    endloop
  endfacet
  facet normal 9.481606e-01 3.177914e-01 -0.000000e+00
    outer loop
      vertex   1.801983e+02 -1.742531e+02 1.000000e+00
      vertex   1.795819e+02 -1.724139e+02 2.000000e+00
      vertex   1.801983e+02 -1.742531e+02 2.000000e+00
    endloop
  endfacet
  facet normal 9.734381e-01 2.289505e-01 -0.000000e+00
    outer loop
      vertex   1.801983e+02 -1.742531e+02 1.000000e+00
      vertex   1.801983e+02 -1.742531e+02 2.000000e+00
      vertex   1.806424e+02 -1.761413e+02 1.000000e+00
    endloop
  endfacet
  facet normal 9.734381e-01 2.289505e-01 -0.000000e+00
    outer loop
      vertex   1.806424e+02 -1.761413e+02 1.000000e+00
      vertex   1.801983e+02 -1.742531e+02 2.000000e+00
      vertex   1.806424e+02 -1.761413e+02 2.000000e+00
    endloop
  endfacet
  facet normal 9.904104e-01 1.381564e-01 -0.000000e+00
    outer loop
      vertex   1.806424e+02 -1.761413e+02 1.000000e+00
      vertex   1.806424e+02 -1.761413e+02 2.000000e+00
      vertex   1.809104e+02 -1.780624e+02 1.000000e+00
    endloop
  endfacet
  facet normal 9.904104e-01 1.381564e-01 -0.000000e+00
    outer loop
      vertex   1.809104e+02 -1.780624e+02 1.000000e+00
      vertex   1.806424e+02 -1.761413e+02 2.000000e+00
      vertex   1.809104e+02 -1.780624e+02 2.000000e+00
    endloop
  endfacet
  facet normal -9.991228e-01 4.187565e-02 0.000000e+00
    outer loop
      vertex   1.849123e+02 -1.820919e+02 1.000000e+00
      vertex   1.849123e+02 -1.820919e+02 2.000000e+00
      vertex   1.850000e+02 -1.800000e+02 1.000000e+00
    endloop
  endfacet
  facet normal -9.991228e-01 4.187565e-02 0.000000e+00
    outer loop
      vertex   1.850000e+02 -1.800000e+02 1.000000e+00
      vertex   1.849123e+02 -1.820919e+02 2.000000e+00
      vertex   1.850000e+02 -1.800000e+02 2.000000e+00
    endloop
  endfacet
  facet normal -9.991228e-01 -4.187565e-02 0.000000e+00
    outer loop
      vertex   1.850000e+02 -1.800000e+02 1.000000e+00
      vertex   1.850000e+02 -1.800000e+02 2.000000e+00
      vertex   1.849123e+02 -1.779081e+02 1.000000e+00
    endloop
  endfacet
  facet normal -9.991228e-01 -4.187565e-02 0.000000e+00
    outer loop
      vertex   1.849123e+02 -1.779081e+02 1.000000e+00
      vertex   1.850000e+02 -1.800000e+02 2.000000e+00
      vertex   1.849123e+02 -1.779081e+02 2.000000e+00
    endloop
  endfacet
  facet normal -9.921147e-01 -1.253332e-01 0.000000e+00
    outer loop
      vertex   1.849123e+02 -1.779081e+02 1.000000e+00
      vertex   1.849123e+02 -1.779081e+02 2.000000e+00
      vertex   1.846499e+02 -1.758308e+02 1.000000e+00
    endloop
  endfacet
  facet normal -9.921147e-01 -1.253332e-01 0.000000e+00
    outer loop
      vertex   1.846499e+02 -1.758308e+02 1.000000e+00
      vertex   1.849123e+02 -1.779081e+02 2.000000e+00
      vertex   1.846499e+02 -1.758308e+02 2.000000e+00
    endloop
  endfacet
  facet normal -9.781476e-01 -2.079117e-01 0.000000e+00
    outer loop
      vertex   1.846499e+02 -1.758308e+02 1.000000e+00
      vertex   1.846499e+02 -1.758308e+02 2.000000e+00
      vertex   1.842146e+02 -1.737827e+02 1.000000e+00
    endloop
  endfacet
  facet normal -9.781476e-01 -2.079117e-01 0.000000e+00
    outer loop
      vertex   1.842146e+02 -1.737827e+02 1.000000e+00
      vertex   1.846499e+02 -1.758308e+02 2.000000e+00
      vertex   1.842146e+02 -1.737827e+02 2.000000e+00
    endloop
  endfacet
  facet normal -9.573195e-01 -2.890318e-01 0.000000e+00
    outer loop
      vertex   1.842146e+02 -1.737827e+02 1.000000e+00
      vertex   1.842146e+02 -1.737827e+02 2.000000e+00
      vertex   1.836094e+02 -1.717783e+02 1.000000e+00
    endloop
  endfacet
  facet normal -9.573195e-01 -2.890318e-01 0.000000e+00
    outer loop
      vertex   1.836094e+02 -1.717783e+02 1.000000e+00
      vertex   1.842146e+02 -1.737827e+02 2.000000e+00
      vertex   1.836094e+02 -1.717783e+02 2.000000e+00
    endloop
  endfacet
  facet normal -9.297765e-01 -3.681246e-01 0.000000e+00
    outer loop
      vertex   1.836094e+02 -1.717783e+02 1.000000e+00
      vertex   1.836094e+02 -1.717783e+02 2.000000e+00
      vertex   1.828386e+02 -1.698316e+02 1.000000e+00
    endloop
  endfacet
  facet normal -9.297765e-01 -3.681246e-01 0.000000e+00
    outer loop
      vertex   1.828386e+02 -1.698316e+02 1.000000e+00
      vertex   1.836094e+02 -1.717783e+02 2.000000e+00
      vertex   1.828386e+02 -1.698316e+02 2.000000e+00
    endloop
  endfacet
  facet normal -8.957118e-01 -4.446352e-01 0.000000e+00
    outer loop
      vertex   1.828386e+02 -1.698316e+02 1.000000e+00
      vertex   1.828386e+02 -1.698316e+02 2.000000e+00
      vertex   1.819077e+02 -1.679562e+02 1.000000e+00
    endloop
  endfacet
  facet normal -8.957118e-01 -4.446352e-01 0.000000e+00
    outer loop
      vertex   1.819077e+02 -1.679562e+02 1.000000e+00
      vertex   1.828386e+02 -1.698316e+02 2.000000e+00
      vertex   1.819077e+02 -1.679562e+02 2.000000e+00
    endloop
  endfacet
  facet normal -8.553643e-01 -5.180270e-01 0.000000e+00
    outer loop
      vertex   1.819077e+02 -1.679562e+02 1.000000e+00
      vertex   1.819077e+02 -1.679562e+02 2.000000e+00
      vertex   1.808230e+02 -1.661652e+02 1.000000e+00
    endloop
  endfacet
  facet normal -8.553643e-01 -5.180270e-01 0.000000e+00
    outer loop
      vertex   1.808230e+02 -1.661652e+02 1.000000e+00
      vertex   1.819077e+02 -1.679562e+02 2.000000e+00
      vertex   1.808230e+02 -1.661652e+02 2.000000e+00
    endloop
  endfacet
  facet normal -8.090170e-01 -5.877853e-01 0.000000e+00
    outer loop
      vertex   1.808230e+02 -1.661652e+02 1.000000e+00
      vertex   1.808230e+02 -1.661652e+02 2.000000e+00
      vertex   1.795923e+02 -1.644713e+02 1.000000e+00
    endloop
  endfacet
  facet normal -8.090170e-01 -5.877853e-01 0.000000e+00
    outer loop
      vertex   1.795923e+02 -1.644713e+02 1.000000e+00
      vertex   1.808230e+02 -1.661652e+02 2.000000e+00
      vertex   1.795923e+02 -1.644713e+02 2.000000e+00
    endloop
  endfacet
  facet normal -7.569951e-01 -6.534206e-01 0.000000e+00
    outer loop
      vertex   1.795923e+02 -1.644713e+02 1.000000e+00
      vertex   1.795923e+02 -1.644713e+02 2.000000e+00
      vertex   1.782242e+02 -1.628863e+02 1.000000e+00
    endloop
  endfacet
  facet normal -7.569951e-01 -6.534206e-01 0.000000e+00
    outer loop
      vertex   1.782242e+02 -1.628863e+02 1.000000e+00
      vertex   1.795923e+02 -1.644713e+02 2.000000e+00
      vertex   1.782242e+02 -1.628863e+02 2.000000e+00
    endloop
  endfacet
  facet normal -6.996633e-01 -7.144727e-01 0.000000e+00
    outer loop
      vertex   1.782242e+02 -1.628863e+02 1.000000e+00
      vertex   1.782242e+02 -1.628863e+02 2.000000e+00
      vertex   1.767283e+02 -1.614214e+02 1.000000e+00
    endloop
  endfacet
  facet normal -6.996633e-01 -7.144727e-01 0.000000e+00
    outer loop
      vertex   1.767283e+02 -1.614214e+02 1.000000e+00
      vertex   1.782242e+02 -1.628863e+02 2.000000e+00
      vertex   1.767283e+02 -1.614214e+02 2.000000e+00
    endloop
  endfacet
  facet normal -6.374240e-01 -7.705132e-01 0.000000e+00
    outer loop
      vertex   1.767283e+02 -1.614214e+02 1.000000e+00
      vertex   1.767283e+02 -1.614214e+02 2.000000e+00
      vertex   1.751150e+02 -1.600867e+02 1.000000e+00
    endloop
  endfacet
  facet normal -6.374240e-01 -7.705132e-01 0.000000e+00
    outer loop
      vertex   1.751150e+02 -1.600867e+02 1.000000e+00
      vertex   1.767283e+02 -1.614214e+02 2.000000e+00
      vertex   1.751150e+02 -1.600867e+02 2.000000e+00
    endloop
  endfacet
  facet normal -5.707136e-01 -8.211492e-01 0.000000e+00
    outer loop
      vertex   1.751150e+02 -1.600867e+02 1.000000e+00
      vertex   1.751150e+02 -1.600867e+02 2.000000e+00
      vertex   1.733957e+02 -1.588918e+02 1.000000e+00
    endloop
  endfacet
  facet normal -5.707136e-01 -8.211492e-01 0.000000e+00
    outer loop
      vertex   1.733957e+02 -1.588918e+02 1.000000e+00
      vertex   1.751150e+02 -1.600867e+02 2.000000e+00
      vertex   1.733957e+02 -1.588918e+02 2.000000e+00
    endloop
  endfacet
  facet normal -5.000000e-01 -8.660254e-01 0.000000e+00
    outer loop
      vertex   1.733957e+02 -1.588918e+02 1.000000e+00
      vertex   1.733957e+02 -1.588918e+02 2.000000e+00
      vertex   1.715824e+02 -1.578449e+02 1.000000e+00
    endloop
  endfacet
  facet normal -5.000000e-01 -8.660254e-01 0.000000e+00
    outer loop
      vertex   1.715824e+02 -1.578449e+02 1.000000e+00
      vertex   1.733957e+02 -1.588918e+02 2.000000e+00
      vertex   1.715824e+02 -1.578449e+02 2.000000e+00
    endloop
  endfacet
  facet normal -4.257793e-01 -9.048271e-01 0.000000e+00
    outer loop
      vertex   1.715824e+02 -1.578449e+02 1.000000e+00
      vertex   1.715824e+02 -1.578449e+02 2.000000e+00
      vertex   1.696879e+02 -1.569534e+02 1.000000e+00
    endloop
  endfacet
  facet normal -4.257793e-01 -9.048271e-01 0.000000e+00
    outer loop
      vertex   1.696879e+02 -1.569534e+02 1.000000e+00
      vertex   1.715824e+02 -1.578449e+02 2.000000e+00
      vertex   1.696879e+02 -1.569534e+02 2.000000e+00
    endloop
  endfacet
  facet normal -3.485720e-01 -9.372820e-01 0.000000e+00
    outer loop
      vertex   1.696879e+02 -1.569534e+02 1.000000e+00
      vertex   1.696879e+02 -1.569534e+02 2.000000e+00
      vertex   1.677254e+02 -1.562236e+02 1.000000e+00
    endloop
  endfacet
  facet normal -3.485720e-01 -9.372820e-01 0.000000e+00
    outer loop
      vertex   1.677254e+02 -1.562236e+02 1.000000e+00
      vertex   1.696879e+02 -1.569534e+02 2.000000e+00
      vertex   1.677254e+02 -1.562236e+02 2.000000e+00
    endloop
  endfacet
  facet normal -2.689198e-01 -9.631626e-01 0.000000e+00
    outer loop
      vertex   1.677254e+02 -1.562236e+02 1.000000e+00
      vertex   1.677254e+02 -1.562236e+02 2.000000e+00
      vertex   1.657088e+02 -1.556605e+02 1.000000e+00
    endloop
  endfacet
  facet normal -2.689198e-01 -9.631626e-01 0.000000e+00
    outer loop
      vertex   1.657088e+02 -1.556605e+02 1.000000e+00
      vertex   1.677254e+02 -1.562236e+02 2.000000e+00
      vertex   1.657088e+02 -1.556605e+02 2.000000e+00
    endloop
  endfacet
  facet normal -1.873813e-01 -9.822873e-01 0.000000e+00
    outer loop
      vertex   1.657088e+02 -1.556605e+02 1.000000e+00
      vertex   1.657088e+02 -1.556605e+02 2.000000e+00
      vertex   1.636521e+02 -1.552682e+02 1.000000e+00
    endloop
  endfacet
  facet normal -1.873813e-01 -9.822873e-01 0.000000e+00
    outer loop
      vertex   1.636521e+02 -1.552682e+02 1.000000e+00
      vertex   1.657088e+02 -1.556605e+02 2.000000e+00
      vertex   1.636521e+02 -1.552682e+02 2.000000e+00
    endloop
  endfacet
  facet normal -1.045285e-01 -9.945219e-01 0.000000e+00
    outer loop
      vertex   1.636521e+02 -1.552682e+02 1.000000e+00
      vertex   1.636521e+02 -1.552682e+02 2.000000e+00
      vertex   1.615698e+02 -1.550493e+02 1.000000e+00
    endloop
  endfacet
  facet normal -1.045285e-01 -9.945219e-01 0.000000e+00
    outer loop
      vertex   1.615698e+02 -1.550493e+02 1.000000e+00
      vertex   1.636521e+02 -1.552682e+02 2.000000e+00
      vertex   1.615698e+02 -1.550493e+02 2.000000e+00
    endloop
  endfacet
  facet normal -2.094242e-02 -9.997807e-01 0.000000e+00
    outer loop
      vertex   1.615698e+02 -1.550493e+02 1.000000e+00
      vertex   1.615698e+02 -1.550493e+02 2.000000e+00
      vertex   1.594764e+02 -1.550055e+02 1.000000e+00
    endloop
  endfacet
  facet normal -2.094242e-02 -9.997807e-01 0.000000e+00
    outer loop
      vertex   1.594764e+02 -1.550055e+02 1.000000e+00
      vertex   1.615698e+02 -1.550493e+02 2.000000e+00
      vertex   1.594764e+02 -1.550055e+02 2.000000e+00
    endloop
  endfacet
  facet normal 6.279052e-02 -9.980267e-01 0.000000e+00
    outer loop
      vertex   1.594764e+02 -1.550055e+02 1.000000e+00
      vertex   1.594764e+02 -1.550055e+02 2.000000e+00
      vertex   1.573868e+02 -1.551369e+02 1.000000e+00
    endloop
  endfacet
  facet normal 6.279052e-02 -9.980267e-01 0.000000e+00
    outer loop
      vertex   1.573868e+02 -1.551369e+02 1.000000e+00
      vertex   1.594764e+02 -1.550055e+02 2.000000e+00
      vertex   1.573868e+02 -1.551369e+02 2.000000e+00
    endloop
  endfacet
  facet normal 1.460830e-01 -9.892723e-01 0.000000e+00
    outer loop
      vertex   1.573868e+02 -1.551369e+02 1.000000e+00
      vertex   1.573868e+02 -1.551369e+02 2.000000e+00
      vertex   1.553155e+02 -1.554428e+02 1.000000e+00
    endloop
  endfacet
  facet normal 1.460830e-01 -9.892723e-01 0.000000e+00
    outer loop
      vertex   1.553155e+02 -1.554428e+02 1.000000e+00
      vertex   1.573868e+02 -1.551369e+02 2.000000e+00
      vertex   1.553155e+02 -1.554428e+02 2.000000e+00
    endloop
  endfacet
  facet normal 2.283509e-01 -9.735789e-01 0.000000e+00
    outer loop
      vertex   1.553155e+02 -1.554428e+02 1.000000e+00
      vertex   1.553155e+02 -1.554428e+02 2.000000e+00
      vertex   1.532770e+02 -1.559209e+02 1.000000e+00
    endloop
  endfacet
  facet normal 2.283509e-01 -9.735789e-01 0.000000e+00
    outer loop
      vertex   1.532770e+02 -1.559209e+02 1.000000e+00
      vertex   1.553155e+02 -1.554428e+02 2.000000e+00
      vertex   1.532770e+02 -1.559209e+02 2.000000e+00
    endloop
  endfacet
  facet normal 3.090170e-01 -9.510565e-01 0.000000e+00
    outer loop
      vertex   1.532770e+02 -1.559209e+02 1.000000e+00
      vertex   1.532770e+02 -1.559209e+02 2.000000e+00
      vertex   1.512857e+02 -1.565679e+02 1.000000e+00
    endloop
  endfacet
  facet normal 3.090170e-01 -9.510565e-01 0.000000e+00
    outer loop
      vertex   1.512857e+02 -1.565679e+02 1.000000e+00
      vertex   1.532770e+02 -1.559209e+02 2.000000e+00
      vertex   1.512857e+02 -1.565679e+02 2.000000e+00
    endloop
  endfacet
  facet normal 3.875156e-01 -9.218632e-01 0.000000e+00
    outer loop
      vertex   1.512857e+02 -1.565679e+02 1.000000e+00
      vertex   1.512857e+02 -1.565679e+02 2.000000e+00
      vertex   1.493555e+02 -1.573793e+02 1.000000e+00
    endloop
  endfacet
  facet normal 3.875156e-01 -9.218632e-01 0.000000e+00
    outer loop
      vertex   1.493555e+02 -1.573793e+02 1.000000e+00
      vertex   1.512857e+02 -1.565679e+02 2.000000e+00
      vertex   1.493555e+02 -1.573793e+02 2.000000e+00
    endloop
  endfacet
  facet normal 4.632960e-01 -8.862036e-01 0.000000e+00
    outer loop
      vertex   1.493555e+02 -1.573793e+02 1.000000e+00
      vertex   1.493555e+02 -1.573793e+02 2.000000e+00
      vertex   1.475000e+02 -1.583494e+02 1.000000e+00
    endloop
  endfacet
  facet normal 4.632960e-01 -8.862036e-01 0.000000e+00
    outer loop
      vertex   1.475000e+02 -1.583494e+02 1.000000e+00
      vertex   1.493555e+02 -1.573793e+02 2.000000e+00
      vertex   1.475000e+02 -1.583494e+02 2.000000e+00
    endloop
  endfacet
  facet normal 5.358268e-01 -8.443279e-01 0.000000e+00
    outer loop
      vertex   1.475000e+02 -1.583494e+02 1.000000e+00
      vertex   1.475000e+02 -1.583494e+02 2.000000e+00
      vertex   1.457322e+02 -1.594713e+02 1.000000e+00
    endloop
  endfacet
  facet normal 5.358268e-01 -8.443279e-01 0.000000e+00
    outer loop
      vertex   1.457322e+02 -1.594713e+02 1.000000e+00
      vertex   1.475000e+02 -1.583494e+02 2.000000e+00
      vertex   1.457322e+02 -1.594713e+02 2.000000e+00
    endloop
  endfacet
  facet normal 6.045991e-01 -7.965299e-01 0.000000e+00
    outer loop
      vertex   1.457322e+02 -1.594713e+02 1.000000e+00
      vertex   1.457322e+02 -1.594713e+02 2.000000e+00
      vertex   1.440644e+02 -1.607372e+02 1.000000e+00
    endloop
  endfacet
  facet normal 6.045991e-01 -7.965299e-01 0.000000e+00
    outer loop
      vertex   1.440644e+02 -1.607372e+02 1.000000e+00
      vertex   1.457322e+02 -1.594713e+02 2.000000e+00
      vertex   1.440644e+02 -1.607372e+02 2.000000e+00
    endloop
  endfacet
  facet normal 6.691306e-01 -7.431448e-01 0.000000e+00
    outer loop
      vertex   1.440644e+02 -1.607372e+02 1.000000e+00
      vertex   1.440644e+02 -1.607372e+02 2.000000e+00
      vertex   1.425084e+02 -1.621382e+02 1.000000e+00
    endloop
  endfacet
  facet normal 6.691306e-01 -7.431448e-01 0.000000e+00
    outer loop
      vertex   1.425084e+02 -1.621382e+02 1.000000e+00
      vertex   1.440644e+02 -1.607372e+02 2.000000e+00
      vertex   1.425084e+02 -1.621382e+02 2.000000e+00
    endloop
  endfacet
  facet normal 7.289686e-01 -6.845471e-01 0.000000e+00
    outer loop
      vertex   1.425084e+02 -1.621382e+02 1.000000e+00
      vertex   1.425084e+02 -1.621382e+02 2.000000e+00
      vertex   1.410751e+02 -1.636645e+02 1.000000e+00
    endloop
  endfacet
  facet normal 7.289686e-01 -6.845471e-01 0.000000e+00
    outer loop
      vertex   1.410751e+02 -1.636645e+02 1.000000e+00
      vertex   1.425084e+02 -1.621382e+02 2.000000e+00
      vertex   1.410751e+02 -1.636645e+02 2.000000e+00
    endloop
  endfacet
  facet normal 7.836935e-01 -6.211478e-01 0.000000e+00
    outer loop
      vertex   1.410751e+02 -1.636645e+02 1.000000e+00
      vertex   1.410751e+02 -1.636645e+02 2.000000e+00
      vertex   1.397746e+02 -1.653054e+02 1.000000e+00
    endloop
  endfacet
  facet normal 7.836935e-01 -6.211478e-01 0.000000e+00
    outer loop
      vertex   1.397746e+02 -1.653054e+02 1.000000e+00
      vertex   1.410751e+02 -1.636645e+02 2.000000e+00
      vertex   1.397746e+02 -1.653054e+02 2.000000e+00
    endloop
  endfacet
  facet normal 8.329212e-01 -5.533915e-01 0.000000e+00
    outer loop
      vertex   1.397746e+02 -1.653054e+02 1.000000e+00
      vertex   1.397746e+02 -1.653054e+02 2.000000e+00
      vertex   1.386159e+02 -1.670493e+02 1.000000e+00
    endloop
  endfacet
  facet normal 8.329212e-01 -5.533915e-01 0.000000e+00
    outer loop
      vertex   1.386159e+02 -1.670493e+02 1.000000e+00
      vertex   1.397746e+02 -1.653054e+02 2.000000e+00
      vertex   1.386159e+02 -1.670493e+02 2.000000e+00
    endloop
  endfacet
  facet normal 8.763067e-01 -4.817537e-01 0.000000e+00
    outer loop
      vertex   1.386159e+02 -1.670493e+02 1.000000e+00
      vertex   1.386159e+02 -1.670493e+02 2.000000e+00
      vertex   1.376072e+02 -1.688841e+02 1.000000e+00
    endloop
  endfacet
  facet normal 8.763067e-01 -4.817537e-01 0.000000e+00
    outer loop
      vertex   1.376072e+02 -1.688841e+02 1.000000e+00
      vertex   1.386159e+02 -1.670493e+02 2.000000e+00
      vertex   1.376072e+02 -1.688841e+02 2.000000e+00
    endloop
  endfacet
  facet normal 9.135455e-01 -4.067366e-01 0.000000e+00
    outer loop
      vertex   1.376072e+02 -1.688841e+02 1.000000e+00
      vertex   1.376072e+02 -1.688841e+02 2.000000e+00
      vertex   1.367556e+02 -1.707969e+02 1.000000e+00
    endloop
  endfacet
  facet normal 9.135455e-01 -4.067366e-01 0.000000e+00
    outer loop
      vertex   1.367556e+02 -1.707969e+02 1.000000e+00
      vertex   1.376072e+02 -1.688841e+02 2.000000e+00
      vertex   1.367556e+02 -1.707969e+02 2.000000e+00
    endloop
  endfacet
  facet normal 9.443764e-01 -3.288666e-01 0.000000e+00
    outer loop
      vertex   1.367556e+02 -1.707969e+02 1.000000e+00
      vertex   1.367556e+02 -1.707969e+02 2.000000e+00
      vertex   1.360670e+02 -1.727742e+02 1.000000e+00
    endloop
  endfacet
  facet normal 9.443764e-01 -3.288666e-01 0.000000e+00
    outer loop
      vertex   1.360670e+02 -1.727742e+02 1.000000e+00
      vertex   1.367556e+02 -1.707969e+02 2.000000e+00
      vertex   1.360670e+02 -1.727742e+02 2.000000e+00
    endloop
  endfacet
  facet normal 9.685832e-01 -2.486899e-01 0.000000e+00
    outer loop
      vertex   1.360670e+02 -1.727742e+02 1.000000e+00
      vertex   1.360670e+02 -1.727742e+02 2.000000e+00
      vertex   1.355463e+02 -1.748022e+02 1.000000e+00
    endloop
  endfacet
  facet normal 9.685832e-01 -2.486899e-01 0.000000e+00
    outer loop
      vertex   1.355463e+02 -1.748022e+02 1.000000e+00
      vertex   1.360670e+02 -1.727742e+02 2.000000e+00
      vertex   1.355463e+02 -1.748022e+02 2.000000e+00
    endloop
  endfacet
  facet normal 9.859960e-01 -1.667687e-01 0.000000e+00
    outer loop
      vertex   1.355463e+02 -1.748022e+02 1.000000e+00
      vertex   1.355463e+02 -1.748022e+02 2.000000e+00
      vertex   1.351971e+02 -1.768667e+02 1.000000e+00
    endloop
  endfacet
  facet normal 9.859960e-01 -1.667687e-01 0.000000e+00
    outer loop
      vertex   1.351971e+02 -1.768667e+02 1.000000e+00
      vertex   1.355463e+02 -1.748022e+02 2.000000e+00
      vertex   1.351971e+02 -1.768667e+02 2.000000e+00
    endloop
  endfacet
  facet normal 9.964929e-01 -8.367784e-02 0.000000e+00
    outer loop
      vertex   1.351971e+02 -1.768667e+02 1.000000e+00
      vertex   1.351971e+02 -1.768667e+02 2.000000e+00
      vertex   1.350219e+02 -1.789531e+02 1.000000e+00
    endloop
  endfacet
  facet normal 9.964929e-01 -8.367784e-02 0.000000e+00
    outer loop
      vertex   1.350219e+02 -1.789531e+02 1.000000e+00
      vertex   1.351971e+02 -1.768667e+02 2.000000e+00
      vertex   1.350219e+02 -1.789531e+02 2.000000e+00
    endloop
  endfacet
  facet normal 1.000000e+00 0.000000e+00 -0.000000e+00
    outer loop
      vertex   1.350219e+02 -1.789531e+02 1.000000e+00
      vertex   1.350219e+02 -1.789531e+02 2.000000e+00
      vertex   1.350219e+02 -1.810469e+02 1.000000e+00
    endloop
  endfacet
  facet normal 1.000000e+00 0.000000e+00 0.000000e+00
    outer loop
      vertex   1.350219e+02 -1.810469e+02 1.000000e+00
      vertex   1.350219e+02 -1.789531e+02 2.000000e+00
      vertex   1.350219e+02 -1.810469e+02 2.000000e+00
    endloop
  endfacet
  facet normal 9.964929e-01 8.367784e-02 -0.000000e+00
    outer loop
      vertex   1.350219e+02 -1.810469e+02 1.000000e+00
      vertex   1.350219e+02 -1.810469e+02 2.000000e+00
      vertex   1.351971e+02 -1.831333e+02 1.000000e+00
    endloop
  endfacet
  facet normal 9.964929e-01 8.367784e-02 -0.000000e+00
    outer loop
      vertex   1.351971e+02 -1.831333e+02 1.000000e+00
      vertex   1.350219e+02 -1.810469e+02 2.000000e+00
      vertex   1.351971e+02 -1.831333e+02 2.000000e+00
    endloop
  endfacet
  facet normal 9.859960e-01 1.667687e-01 -0.000000e+00
    outer loop
      vertex   1.351971e+02 -1.831333e+02 1.000000e+00
      vertex   1.351971e+02 -1.831333e+02 2.000000e+00
      vertex   1.355463e+02 -1.851978e+02 1.000000e+00
    endloop
  endfacet
  facet normal 9.859960e-01 1.667687e-01 -0.000000e+00
    outer loop
      vertex   1.355463e+02 -1.851978e+02 1.000000e+00
      vertex   1.351971e+02 -1.831333e+02 2.000000e+00
      vertex   1.355463e+02 -1.851978e+02 2.000000e+00
    endloop
  endfacet
  facet normal 9.685832e-01 2.486899e-01 -0.000000e+00
    outer loop
      vertex   1.355463e+02 -1.851978e+02 1.000000e+00
      vertex   1.355463e+02 -1.851978e+02 2.000000e+00
      vertex   1.360670e+02 -1.872258e+02 1.000000e+00
    endloop
  endfacet
  facet normal 9.685832e-01 2.486899e-01 -0.000000e+00
    outer loop
      vertex   1.360670e+02 -1.872258e+02 1.000000e+00
      vertex   1.355463e+02 -1.851978e+02 2.000000e+00
      vertex   1.360670e+02 -1.872258e+02 2.000000e+00
    endloop
  endfacet
  facet normal 9.443764e-01 3.288666e-01 -0.000000e+00
    outer loop
      vertex   1.360670e+02 -1.872258e+02 1.000000e+00
      vertex   1.360670e+02 -1.872258e+02 2.000000e+00
      vertex   1.367556e+02 -1.892031e+02 1.000000e+00
    endloop
  endfacet
  facet normal 9.443764e-01 3.288666e-01 -0.000000e+00
    outer loop
      vertex   1.367556e+02 -1.892031e+02 1.000000e+00
      vertex   1.360670e+02 -1.872258e+02 2.000000e+00
      vertex   1.367556e+02 -1.892031e+02 2.000000e+00
    endloop
  endfacet
  facet normal 9.135455e-01 4.067366e-01 -0.000000e+00
    outer loop
      vertex   1.367556e+02 -1.892031e+02 1.000000e+00
      vertex   1.367556e+02 -1.892031e+02 2.000000e+00
      vertex   1.376072e+02 -1.911159e+02 1.000000e+00
    endloop
  endfacet
  facet normal 9.135455e-01 4.067366e-01 -0.000000e+00
    outer loop
      vertex   1.376072e+02 -1.911159e+02 1.000000e+00
      vertex   1.367556e+02 -1.892031e+02 2.000000e+00
      vertex   1.376072e+02 -1.911159e+02 2.000000e+00
    endloop
  endfacet
  facet normal 8.763067e-01 4.817537e-01 -0.000000e+00
    outer loop
      vertex   1.376072e+02 -1.911159e+02 1.000000e+00
      vertex   1.376072e+02 -1.911159e+02 2.000000e+00
      vertex   1.386159e+02 -1.929507e+02 1.000000e+00
    endloop
  endfacet
  facet normal 8.763067e-01 4.817537e-01 -0.000000e+00
    outer loop
      vertex   1.386159e+02 -1.929507e+02 1.000000e+00
      vertex   1.376072e+02 -1.911159e+02 2.000000e+00
      vertex   1.386159e+02 -1.929507e+02 2.000000e+00
    endloop
  endfacet
  facet normal 8.329212e-01 5.533915e-01 -0.000000e+00
    outer loop
      vertex   1.386159e+02 -1.929507e+02 1.000000e+00
      vertex   1.386159e+02 -1.929507e+02 2.000000e+00
      vertex   1.397746e+02 -1.946946e+02 1.000000e+00
    endloop
  endfacet
  facet normal 8.329212e-01 5.533915e-01 -0.000000e+00
    outer loop
      vertex   1.397746e+02 -1.946946e+02 1.000000e+00
      vertex   1.386159e+02 -1.929507e+02 2.000000e+00
      vertex   1.397746e+02 -1.946946e+02 2.000000e+00
    endloop
  endfacet
  facet normal 7.836935e-01 6.211478e-01 -0.000000e+00
    outer loop
      vertex   1.397746e+02 -1.946946e+02 1.000000e+00
      vertex   1.397746e+02 -1.946946e+02 2.000000e+00
      vertex   1.410751e+02 -1.963355e+02 1.000000e+00
    endloop
  endfacet
  facet normal 7.836935e-01 6.211478e-01 -0.000000e+00
    outer loop
      vertex   1.410751e+02 -1.963355e+02 1.000000e+00
      vertex   1.397746e+02 -1.946946e+02 2.000000e+00
      vertex   1.410751e+02 -1.963355e+02 2.000000e+00
    endloop
  endfacet
  facet normal 7.289686e-01 6.845471e-01 -0.000000e+00
    outer loop
      vertex   1.410751e+02 -1.963355e+02 1.000000e+00
      vertex   1.410751e+02 -1.963355e+02 2.000000e+00
      vertex   1.425084e+02 -1.978618e+02 1.000000e+00
    endloop
  endfacet
  facet normal 7.289686e-01 6.845471e-01 -0.000000e+00
    outer loop
      vertex   1.425084e+02 -1.978618e+02 1.000000e+00
      vertex   1.410751e+02 -1.963355e+02 2.000000e+00
      vertex   1.425084e+02 -1.978618e+02 2.000000e+00
    endloop
  endfacet
  facet normal 6.691306e-01 7.431448e-01 -0.000000e+00
    outer loop
      vertex   1.425084e+02 -1.978618e+02 1.000000e+00
      vertex   1.425084e+02 -1.978618e+02 2.000000e+00
      vertex   1.440644e+02 -1.992628e+02 1.000000e+00
    endloop
  endfacet
  facet normal 6.691306e-01 7.431448e-01 -0.000000e+00
    outer loop
      vertex   1.440644e+02 -1.992628e+02 1.000000e+00
      vertex   1.425084e+02 -1.978618e+02 2.000000e+00
      vertex   1.440644e+02 -1.992628e+02 2.000000e+00
    endloop
  endfacet
  facet normal 6.045991e-01 7.965299e-01 -0.000000e+00
    outer loop
      vertex   1.440644e+02 -1.992628e+02 1.000000e+00
      vertex   1.440644e+02 -1.992628e+02 2.000000e+00
      vertex   1.457322e+02 -2.005287e+02 1.000000e+00
    endloop
  endfacet
  facet normal 6.045991e-01 7.965299e-01 -0.000000e+00
    outer loop
      vertex   1.457322e+02 -2.005287e+02 1.000000e+00
      vertex   1.440644e+02 -1.992628e+02 2.000000e+00
      vertex   1.457322e+02 -2.005287e+02 2.000000e+00
    endloop
  endfacet
  facet normal 5.358268e-01 8.443279e-01 -0.000000e+00
    outer loop
      vertex   1.457322e+02 -2.005287e+02 1.000000e+00
      vertex   1.457322e+02 -2.005287e+02 2.000000e+00
      vertex   1.475000e+02 -2.016506e+02 1.000000e+00
    endloop
  endfacet
  facet normal 5.358268e-01 8.443279e-01 -0.000000e+00
    outer loop
      vertex   1.475000e+02 -2.016506e+02 1.000000e+00
      vertex   1.457322e+02 -2.005287e+02 2.000000e+00
      vertex   1.475000e+02 -2.016506e+02 2.000000e+00
    endloop
  endfacet
  facet normal 4.632960e-01 8.862036e-01 -0.000000e+00
    outer loop
      vertex   1.475000e+02 -2.016506e+02 1.000000e+00
      vertex   1.475000e+02 -2.016506e+02 2.000000e+00
      vertex   1.493555e+02 -2.026207e+02 1.000000e+00
    endloop
  endfacet
  facet normal 4.632960e-01 8.862036e-01 -0.000000e+00
    outer loop
      vertex   1.493555e+02 -2.026207e+02 1.000000e+00
      vertex   1.475000e+02 -2.016506e+02 2.000000e+00
      vertex   1.493555e+02 -2.026207e+02 2.000000e+00
    endloop
  endfacet
  facet normal 3.875156e-01 9.218632e-01 -0.000000e+00
    outer loop
      vertex   1.493555e+02 -2.026207e+02 1.000000e+00
      vertex   1.493555e+02 -2.026207e+02 2.000000e+00
      vertex   1.512857e+02 -2.034320e+02 1.000000e+00
    endloop
  endfacet
  facet normal 3.875156e-01 9.218632e-01 -0.000000e+00
    outer loop
      vertex   1.512857e+02 -2.034320e+02 1.000000e+00
      vertex   1.493555e+02 -2.026207e+02 2.000000e+00
      vertex   1.512857e+02 -2.034320e+02 2.000000e+00
    endloop
  endfacet
  facet normal 3.090170e-01 9.510565e-01 -0.000000e+00
    outer loop
      vertex   1.512857e+02 -2.034320e+02 1.000000e+00
      vertex   1.512857e+02 -2.034320e+02 2.000000e+00
      vertex   1.532770e+02 -2.040791e+02 1.000000e+00
    endloop
  endfacet
  facet normal 3.090170e-01 9.510565e-01 -0.000000e+00
    outer loop
      vertex   1.532770e+02 -2.040791e+02 1.000000e+00
      vertex   1.512857e+02 -2.034320e+02 2.000000e+00
      vertex   1.532770e+02 -2.040791e+02 2.000000e+00
    endloop
  endfacet
  facet normal 2.283509e-01 9.735789e-01 -0.000000e+00
    outer loop
      vertex   1.532770e+02 -2.040791e+02 1.000000e+00
      vertex   1.532770e+02 -2.040791e+02 2.000000e+00
      vertex   1.553155e+02 -2.045572e+02 1.000000e+00
    endloop
  endfacet
  facet normal 2.283509e-01 9.735789e-01 -0.000000e+00
    outer loop
      vertex   1.553155e+02 -2.045572e+02 1.000000e+00
      vertex   1.532770e+02 -2.040791e+02 2.000000e+00
      vertex   1.553155e+02 -2.045572e+02 2.000000e+00
    endloop
  endfacet
  facet normal 1.460830e-01 9.892723e-01 -0.000000e+00
    outer loop
      vertex   1.553155e+02 -2.045572e+02 1.000000e+00
      vertex   1.553155e+02 -2.045572e+02 2.000000e+00
      vertex   1.573868e+02 -2.048630e+02 1.000000e+00
    endloop
  endfacet
  facet normal 1.460830e-01 9.892723e-01 -0.000000e+00
    outer loop
      vertex   1.573868e+02 -2.048630e+02 1.000000e+00
      vertex   1.553155e+02 -2.045572e+02 2.000000e+00
      vertex   1.573868e+02 -2.048630e+02 2.000000e+00
    endloop
  endfacet
  facet normal 6.279052e-02 9.980267e-01 -0.000000e+00
    outer loop
      vertex   1.573868e+02 -2.048630e+02 1.000000e+00
      vertex   1.573868e+02 -2.048630e+02 2.000000e+00
      vertex   1.594764e+02 -2.049945e+02 1.000000e+00
    endloop
  endfacet
  facet normal 6.279052e-02 9.980267e-01 -0.000000e+00
    outer loop
      vertex   1.594764e+02 -2.049945e+02 1.000000e+00
      vertex   1.573868e+02 -2.048630e+02 2.000000e+00
      vertex   1.594764e+02 -2.049945e+02 2.000000e+00
    endloop
  endfacet
  facet normal -2.094242e-02 9.997807e-01 0.000000e+00
    outer loop
      vertex   1.594764e+02 -2.049945e+02 1.000000e+00
      vertex   1.594764e+02 -2.049945e+02 2.000000e+00
      vertex   1.615698e+02 -2.049507e+02 1.000000e+00
    endloop
  endfacet
  facet normal -2.094242e-02 9.997807e-01 0.000000e+00
    outer loop
      vertex   1.615698e+02 -2.049507e+02 1.000000e+00
      vertex   1.594764e+02 -2.049945e+02 2.000000e+00
      vertex   1.615698e+02 -2.049507e+02 2.000000e+00
    endloop
  endfacet
  facet normal -1.045285e-01 9.945219e-01 0.000000e+00
    outer loop
      vertex   1.615698e+02 -2.049507e+02 1.000000e+00
      vertex   1.615698e+02 -2.049507e+02 2.000000e+00
      vertex   1.636521e+02 -2.047318e+02 1.000000e+00
    endloop
  endfacet
  facet normal -1.045285e-01 9.945219e-01 0.000000e+00
    outer loop
      vertex   1.636521e+02 -2.047318e+02 1.000000e+00
      vertex   1.615698e+02 -2.049507e+02 2.000000e+00
      vertex   1.636521e+02 -2.047318e+02 2.000000e+00
    endloop
  endfacet
  facet normal -1.873813e-01 9.822873e-01 0.000000e+00
    outer loop
      vertex   1.636521e+02 -2.047318e+02 1.000000e+00
      vertex   1.636521e+02 -2.047318e+02 2.000000e+00
      vertex   1.657088e+02 -2.043395e+02 1.000000e+00
    endloop
  endfacet
  facet normal -1.873813e-01 9.822873e-01 0.000000e+00
    outer loop
      vertex   1.657088e+02 -2.043395e+02 1.000000e+00
      vertex   1.636521e+02 -2.047318e+02 2.000000e+00
      vertex   1.657088e+02 -2.043395e+02 2.000000e+00
    endloop
  endfacet
  facet normal -2.689198e-01 9.631626e-01 0.000000e+00
    outer loop
      vertex   1.657088e+02 -2.043395e+02 1.000000e+00
      vertex   1.657088e+02 -2.043395e+02 2.000000e+00
      vertex   1.677254e+02 -2.037764e+02 1.000000e+00
    endloop
  endfacet
  facet normal -2.689198e-01 9.631626e-01 0.000000e+00
    outer loop
      vertex   1.677254e+02 -2.037764e+02 1.000000e+00
      vertex   1.657088e+02 -2.043395e+02 2.000000e+00
      vertex   1.677254e+02 -2.037764e+02 2.000000e+00
    endloop
  endfacet
  facet normal -3.485720e-01 9.372820e-01 0.000000e+00
    outer loop
      vertex   1.677254e+02 -2.037764e+02 1.000000e+00
      vertex   1.677254e+02 -2.037764e+02 2.000000e+00
      vertex   1.696879e+02 -2.030466e+02 1.000000e+00
    endloop
  endfacet
  facet normal -3.485720e-01 9.372820e-01 0.000000e+00
    outer loop
      vertex   1.696879e+02 -2.030466e+02 1.000000e+00
      vertex   1.677254e+02 -2.037764e+02 2.000000e+00
      vertex   1.696879e+02 -2.030466e+02 2.000000e+00
    endloop
  endfacet
  facet normal -4.257793e-01 9.048271e-01 0.000000e+00
    outer loop
      vertex   1.696879e+02 -2.030466e+02 1.000000e+00
      vertex   1.696879e+02 -2.030466e+02 2.000000e+00
      vertex   1.715824e+02 -2.021551e+02 1.000000e+00
    endloop
  endfacet
  facet normal -4.257793e-01 9.048271e-01 0.000000e+00
    outer loop
      vertex   1.715824e+02 -2.021551e+02 1.000000e+00
      vertex   1.696879e+02 -2.030466e+02 2.000000e+00
      vertex   1.715824e+02 -2.021551e+02 2.000000e+00
    endloop
  endfacet
  facet normal -5.000000e-01 8.660254e-01 0.000000e+00
    outer loop
      vertex   1.715824e+02 -2.021551e+02 1.000000e+00
      vertex   1.715824e+02 -2.021551e+02 2.000000e+00
      vertex   1.733957e+02 -2.011082e+02 1.000000e+00
    endloop
  endfacet
  facet normal -5.000000e-01 8.660254e-01 0.000000e+00
    outer loop
      vertex   1.733957e+02 -2.011082e+02 1.000000e+00
      vertex   1.715824e+02 -2.021551e+02 2.000000e+00
      vertex   1.733957e+02 -2.011082e+02 2.000000e+00
    endloop
  endfacet
  facet normal -5.707136e-01 8.211492e-01 0.000000e+00
    outer loop
      vertex   1.733957e+02 -2.011082e+02 1.000000e+00
      vertex   1.733957e+02 -2.011082e+02 2.000000e+00
      vertex   1.751150e+02 -1.999132e+02 1.000000e+00
    endloop
  endfacet
  facet normal -5.707136e-01 8.211492e-01 0.000000e+00
    outer loop
      vertex   1.751150e+02 -1.999132e+02 1.000000e+00
      vertex   1.733957e+02 -2.011082e+02 2.000000e+00
      vertex   1.751150e+02 -1.999132e+02 2.000000e+00
    endloop
  endfacet
  facet normal -6.374240e-01 7.705132e-01 0.000000e+00
    outer loop
      vertex   1.751150e+02 -1.999132e+02 1.000000e+00
      vertex   1.751150e+02 -1.999132e+02 2.000000e+00
      vertex   1.767283e+02 -1.985786e+02 1.000000e+00
    endloop
  endfacet
  facet normal -6.374240e-01 7.705132e-01 0.000000e+00
    outer loop
      vertex   1.767283e+02 -1.985786e+02 1.000000e+00
      vertex   1.751150e+02 -1.999132e+02 2.000000e+00
      vertex   1.767283e+02 -1.985786e+02 2.000000e+00
    endloop
  endfacet
  facet normal -6.996633e-01 7.144727e-01 0.000000e+00
    outer loop
      vertex   1.767283e+02 -1.985786e+02 1.000000e+00
      vertex   1.767283e+02 -1.985786e+02 2.000000e+00
      vertex   1.782242e+02 -1.971137e+02 1.000000e+00
    endloop
  endfacet
  facet normal -6.996633e-01 7.144727e-01 0.000000e+00
    outer loop
      vertex   1.782242e+02 -1.971137e+02 1.000000e+00
      vertex   1.767283e+02 -1.985786e+02 2.000000e+00
      vertex   1.782242e+02 -1.971137e+02 2.000000e+00
    endloop
  endfacet
  facet normal -7.569951e-01 6.534206e-01 0.000000e+00
    outer loop
      vertex   1.782242e+02 -1.971137e+02 1.000000e+00
      vertex   1.782242e+02 -1.971137e+02 2.000000e+00
      vertex   1.795923e+02 -1.955287e+02 1.000000e+00
    endloop
  endfacet
  facet normal -7.569951e-01 6.534206e-01 0.000000e+00
    outer loop
      vertex   1.795923e+02 -1.955287e+02 1.000000e+00
      vertex   1.782242e+02 -1.971137e+02 2.000000e+00
      vertex   1.795923e+02 -1.955287e+02 2.000000e+00
    endloop
  endfacet
  facet normal -8.090170e-01 5.877853e-01 0.000000e+00
    outer loop
      vertex   1.795923e+02 -1.955287e+02 1.000000e+00
      vertex   1.795923e+02 -1.955287e+02 2.000000e+00
      vertex   1.808230e+02 -1.938348e+02 1.000000e+00
    endloop
  endfacet
  facet normal -8.090170e-01 5.877853e-01 0.000000e+00
    outer loop
      vertex   1.808230e+02 -1.938348e+02 1.000000e+00
      vertex   1.795923e+02 -1.955287e+02 2.000000e+00
      vertex   1.808230e+02 -1.938348e+02 2.000000e+00
    endloop
  endfacet
  facet normal -8.553643e-01 5.180270e-01 0.000000e+00
    outer loop
      vertex   1.808230e+02 -1.938348e+02 1.000000e+00
      vertex   1.808230e+02 -1.938348e+02 2.000000e+00
      vertex   1.819077e+02 -1.920438e+02 1.000000e+00
    endloop
  endfacet
  facet normal -8.553643e-01 5.180270e-01 0.000000e+00
    outer loop
      vertex   1.819077e+02 -1.920438e+02 1.000000e+00
      vertex   1.808230e+02 -1.938348e+02 2.000000e+00
      vertex   1.819077e+02 -1.920438e+02 2.000000e+00
    endloop
  endfacet
  facet normal -8.957118e-01 4.446352e-01 0.000000e+00
    outer loop
      vertex   1.819077e+02 -1.920438e+02 1.000000e+00
      vertex   1.819077e+02 -1.920438e+02 2.000000e+00
      vertex   1.828386e+02 -1.901684e+02 1.000000e+00
    endloop
  endfacet
  facet normal -8.957118e-01 4.446352e-01 0.000000e+00
    outer loop
      vertex   1.828386e+02 -1.901684e+02 1.000000e+00
      vertex   1.819077e+02 -1.920438e+02 2.000000e+00
      vertex   1.828386e+02 -1.901684e+02 2.000000e+00
    endloop
  endfacet
  facet normal -9.297765e-01 3.681246e-01 0.000000e+00
    outer loop
      vertex   1.828386e+02 -1.901684e+02 1.000000e+00
      vertex   1.828386e+02 -1.901684e+02 2.000000e+00
      vertex   1.836094e+02 -1.882217e+02 1.000000e+00
    endloop
  endfacet
  facet normal -9.297765e-01 3.681246e-01 0.000000e+00
    outer loop
      vertex   1.836094e+02 -1.882217e+02 1.000000e+00
      vertex   1.828386e+02 -1.901684e+02 2.000000e+00
      vertex   1.836094e+02 -1.882217e+02 2.000000e+00
    endloop
  endfacet
  facet normal -9.573195e-01 2.890318e-01 0.000000e+00
    outer loop
      vertex   1.836094e+02 -1.882217e+02 1.000000e+00
      vertex   1.836094e+02 -1.882217e+02 2.000000e+00
      vertex   1.842146e+02 -1.862172e+02 1.000000e+00
    endloop
  endfacet
  facet normal -9.573195e-01 2.890318e-01 0.000000e+00
    outer loop
      vertex   1.842146e+02 -1.862172e+02 1.000000e+00
      vertex   1.836094e+02 -1.882217e+02 2.000000e+00
      vertex   1.842146e+02 -1.862172e+02 2.000000e+00
    endloop
  endfacet
  facet normal -9.781476e-01 2.079117e-01 0.000000e+00
    outer loop
      vertex   1.842146e+02 -1.862172e+02 1.000000e+00
      vertex   1.842146e+02 -1.862172e+02 2.000000e+00
      vertex   1.846499e+02 -1.841692e+02 1.000000e+00
    endloop
  endfacet
  facet normal -9.781476e-01 2.079117e-01 0.000000e+00
    outer loop
      vertex   1.846499e+02 -1.841692e+02 1.000000e+00
      vertex   1.842146e+02 -1.862172e+02 2.000000e+00
      vertex   1.846499e+02 -1.841692e+02 2.000000e+00
    endloop
  endfacet
  facet normal -9.921147e-01 1.253332e-01 0.000000e+00
    outer loop
      vertex   1.846499e+02 -1.841692e+02 1.000000e+00
      vertex   1.846499e+02 -1.841692e+02 2.000000e+00
      vertex   1.849123e+02 -1.820919e+02 1.000000e+00
    endloop
  endfacet
  facet normal -9.921147e-01 1.253332e-01 0.000000e+00
    outer loop
      vertex   1.849123e+02 -1.820919e+02 1.000000e+00
      vertex   1.846499e+02 -1.841692e+02 2.000000e+00
      vertex   1.849123e+02 -1.820919e+02 2.000000e+00
    endloop
  endfacet
  facet normal -0.000000e+00 0.000000e+00 1.000000e+00
    outer loop
      vertex   1.809104e+02 -1.819376e+02 1.000000e+00
      vertex   1.849123e+02 -1.820919e+02 1.000000e+00
      vertex   1.810000e+02 -1.800000e+02 1.000000e+00
    endloop
  endfacet
  facet normal -0.000000e+00 0.000000e+00 1.000000e+00
    outer loop
      vertex   1.810000e+02 -1.800000e+02 1.000000e+00
      vertex   1.849123e+02 -1.820919e+02 1.000000e+00
      vertex   1.850000e+02 -1.800000e+02 1.000000e+00
    endloop
  endfacet
  facet normal 0.000000e+00 0.000000e+00 1.000000e+00
    outer loop
      vertex   1.810000e+02 -1.800000e+02 1.000000e+00
      vertex   1.850000e+02 -1.800000e+02 1.000000e+00
      vertex   1.849123e+02 -1.779081e+02 1.000000e+00
    endloop
  endfacet
  facet normal 0.000000e+00 0.000000e+00 1.000000e+00
    outer loop
      vertex   1.849123e+02 -1.820919e+02 1.000000e+00
      vertex   1.809104e+02 -1.819376e+02 1.000000e+00
      vertex   1.846499e+02 -1.841692e+02 1.000000e+00
    endloop
  endfacet
  facet normal 0.000000e+00 0.000000e+00 1.000000e+00
    outer loop
      vertex   1.846499e+02 -1.841692e+02 1.000000e+00
      vertex   1.809104e+02 -1.819376e+02 1.000000e+00
      vertex   1.806424e+02 -1.838587e+02 1.000000e+00
    endloop
  endfacet
  facet normal 0.000000e+00 0.000000e+00 1.000000e+00
    outer loop
      vertex   1.846499e+02 -1.841692e+02 1.000000e+00
      vertex   1.806424e+02 -1.838587e+02 1.000000e+00
      vertex   1.842146e+02 -1.862172e+02 1.000000e+00
    endloop
  endfacet
  facet normal 0.000000e+00 0.000000e+00 1.000000e+00
    outer loop
      vertex   1.842146e+02 -1.862172e+02 1.000000e+00
      vertex   1.806424e+02 -1.838587e+02 1.000000e+00
      vertex   1.801983e+02 -1.857469e+02 1.000000e+00
    endloop
  endfacet
  facet normal 0.000000e+00 0.000000e+00 1.000000e+00
    outer loop
      vertex   1.842146e+02 -1.862172e+02 1.000000e+00
      vertex   1.801983e+02 -1.857469e+02 1.000000e+00
      vertex   1.836094e+02 -1.882217e+02 1.000000e+00
    endloop
  endfacet
  facet normal 0.000000e+00 0.000000e+00 1.000000e+00
    outer loop
      vertex   1.836094e+02 -1.882217e+02 1.000000e+00
      vertex   1.801983e+02 -1.857469e+02 1.000000e+00
      vertex   1.795819e+02 -1.875861e+02 1.000000e+00
    endloop
  endfacet
  facet normal 0.000000e+00 0.000000e+00 1.000000e+00
    outer loop
      vertex   1.836094e+02 -1.882217e+02 1.000000e+00
      vertex   1.795819e+02 -1.875861e+02 1.000000e+00
      vertex   1.828386e+02 -1.901684e+02 1.000000e+00
    endloop
  endfacet
  facet normal 0.000000e+00 0.000000e+00 1.000000e+00
    outer loop
      vertex   1.828386e+02 -1.901684e+02 1.000000e+00
      vertex   1.795819e+02 -1.875861e+02 1.000000e+00
      vertex   1.787984e+02 -1.893605e+02 1.000000e+00
    endloop
  endfacet
  facet normal 0.000000e+00 0.000000e+00 1.000000e+00
    outer loop
      vertex   1.828386e+02 -1.901684e+02 1.000000e+00
      vertex   1.787984e+02 -1.893605e+02 1.000000e+00
      vertex   1.819077e+02 -1.920438e+02 1.000000e+00
    endloop
  endfacet
  facet normal 0.000000e+00 0.000000e+00 1.000000e+00
    outer loop
      vertex   1.819077e+02 -1.920438e+02 1.000000e+00
      vertex   1.787984e+02 -1.893605e+02 1.000000e+00
      vertex   1.778546e+02 -1.910551e+02 1.000000e+00
    endloop
  endfacet
  facet normal 0.000000e+00 0.000000e+00 1.000000e+00
    outer loop
      vertex   1.819077e+02 -1.920438e+02 1.000000e+00
      vertex   1.778546e+02 -1.910551e+02 1.000000e+00
      vertex   1.808230e+02 -1.938348e+02 1.000000e+00
    endloop
  endfacet
  facet normal 0.000000e+00 0.000000e+00 1.000000e+00
    outer loop
      vertex   1.808230e+02 -1.938348e+02 1.000000e+00
      vertex   1.778546e+02 -1.910551e+02 1.000000e+00
      vertex   1.767584e+02 -1.926553e+02 1.000000e+00
    endloop
  endfacet
  facet normal 0.000000e+00 0.000000e+00 1.000000e+00
    outer loop
      vertex   1.808230e+02 -1.938348e+02 1.000000e+00
      vertex   1.767584e+02 -1.926553e+02 1.000000e+00
      vertex   1.795923e+02 -1.955287e+02 1.000000e+00
    endloop
  endfacet
  facet normal 0.000000e+00 0.000000e+00 1.000000e+00
    outer loop
      vertex   1.795923e+02 -1.955287e+02 1.000000e+00
      vertex   1.767584e+02 -1.926553e+02 1.000000e+00
      vertex   1.755192e+02 -1.941476e+02 1.000000e+00
    endloop
  endfacet
  facet normal 0.000000e+00 0.000000e+00 1.000000e+00
    outer loop
      vertex   1.795923e+02 -1.955287e+02 1.000000e+00
      vertex   1.755192e+02 -1.941476e+02 1.000000e+00
      vertex   1.782242e+02 -1.971137e+02 1.000000e+00
    endloop
  endfacet
  facet normal 0.000000e+00 0.000000e+00 1.000000e+00
    outer loop
      vertex   1.782242e+02 -1.971137e+02 1.000000e+00
      vertex   1.755192e+02 -1.941476e+02 1.000000e+00
      vertex   1.741476e+02 -1.955192e+02 1.000000e+00
    endloop
  endfacet
  facet normal 0.000000e+00 0.000000e+00 1.000000e+00
    outer loop
      vertex   1.782242e+02 -1.971137e+02 1.000000e+00
      vertex   1.741476e+02 -1.955192e+02 1.000000e+00
      vertex   1.767283e+02 -1.985786e+02 1.000000e+00
    endloop
  endfacet
  facet normal 0.000000e+00 0.000000e+00 1.000000e+00
    outer loop
      vertex   1.767283e+02 -1.985786e+02 1.000000e+00
      vertex   1.741476e+02 -1.955192e+02 1.000000e+00
      vertex   1.726553e+02 -1.967584e+02 1.000000e+00
    endloop
  endfacet
  facet normal 0.000000e+00 0.000000e+00 1.000000e+00
    outer loop
      vertex   1.767283e+02 -1.985786e+02 1.000000e+00
      vertex   1.726553e+02 -1.967584e+02 1.000000e+00
      vertex   1.751150e+02 -1.999132e+02 1.000000e+00
    endloop
  endfacet
  facet normal 0.000000e+00 0.000000e+00 1.000000e+00
    outer loop
      vertex   1.751150e+02 -1.999132e+02 1.000000e+00
      vertex   1.726553e+02 -1.967584e+02 1.000000e+00
      vertex   1.733957e+02 -2.011082e+02 1.000000e+00
    endloop
  endfacet
  facet normal 0.000000e+00 0.000000e+00 1.000000e+00
    outer loop
      vertex   1.733957e+02 -2.011082e+02 1.000000e+00
      vertex   1.726553e+02 -1.967584e+02 1.000000e+00
      vertex   1.710551e+02 -1.978546e+02 1.000000e+00
    endloop
  endfacet
  facet normal 0.000000e+00 0.000000e+00 1.000000e+00
    outer loop
      vertex   1.733957e+02 -2.011082e+02 1.000000e+00
      vertex   1.710551e+02 -1.978546e+02 1.000000e+00
      vertex   1.715824e+02 -2.021551e+02 1.000000e+00
    endloop
  endfacet
  facet normal 0.000000e+00 0.000000e+00 1.000000e+00
    outer loop
      vertex   1.715824e+02 -2.021551e+02 1.000000e+00
      vertex   1.710551e+02 -1.978546e+02 1.000000e+00
      vertex   1.693605e+02 -1.987984e+02 1.000000e+00
    endloop
  endfacet
  facet normal 0.000000e+00 0.000000e+00 1.000000e+00
    outer loop
      vertex   1.715824e+02 -2.021551e+02 1.000000e+00
      vertex   1.693605e+02 -1.987984e+02 1.000000e+00
      vertex   1.696879e+02 -2.030466e+02 1.000000e+00
    endloop
  endfacet
  facet normal 0.000000e+00 0.000000e+00 1.000000e+00
    outer loop
      vertex   1.696879e+02 -2.030466e+02 1.000000e+00
      vertex   1.693605e+02 -1.987984e+02 1.000000e+00
      vertex   1.675861e+02 -1.995819e+02 1.000000e+00
    endloop
  endfacet
  facet normal 0.000000e+00 0.000000e+00 1.000000e+00
    outer loop
      vertex   1.696879e+02 -2.030466e+02 1.000000e+00
      vertex   1.675861e+02 -1.995819e+02 1.000000e+00
      vertex   1.677254e+02 -2.037764e+02 1.000000e+00
    endloop
  endfacet
  facet normal 0.000000e+00 0.000000e+00 1.000000e+00
    outer loop
      vertex   1.677254e+02 -2.037764e+02 1.000000e+00
      vertex   1.675861e+02 -1.995819e+02 1.000000e+00
      vertex   1.657469e+02 -2.001983e+02 1.000000e+00
    endloop
  endfacet
  facet normal 0.000000e+00 0.000000e+00 1.000000e+00
    outer loop
      vertex   1.677254e+02 -2.037764e+02 1.000000e+00
      vertex   1.657469e+02 -2.001983e+02 1.000000e+00
      vertex   1.657088e+02 -2.043395e+02 1.000000e+00
    endloop
  endfacet
  facet normal 0.000000e+00 -0.000000e+00 1.000000e+00
    outer loop
      vertex   1.657088e+02 -2.043395e+02 1.000000e+00
      vertex   1.657469e+02 -2.001983e+02 1.000000e+00
      vertex   1.638587e+02 -2.006424e+02 1.000000e+00
    endloop
  endfacet
  facet normal 0.000000e+00 0.000000e+00 1.000000e+00
    outer loop
      vertex   1.657088e+02 -2.043395e+02 1.000000e+00
      vertex   1.638587e+02 -2.006424e+02 1.000000e+00
      vertex   1.636521e+02 -2.047318e+02 1.000000e+00
    endloop
  endfacet
  facet normal 0.000000e+00 -0.000000e+00 1.000000e+00
    outer loop
      vertex   1.636521e+02 -2.047318e+02 1.000000e+00
      vertex   1.638587e+02 -2.006424e+02 1.000000e+00
      vertex   1.619376e+02 -2.009104e+02 1.000000e+00
    endloop
  endfacet
  facet normal 0.000000e+00 0.000000e+00 1.000000e+00
    outer loop
      vertex   1.636521e+02 -2.047318e+02 1.000000e+00
      vertex   1.619376e+02 -2.009104e+02 1.000000e+00
      vertex   1.615698e+02 -2.049507e+02 1.000000e+00
    endloop
  endfacet
  facet normal 0.000000e+00 -0.000000e+00 1.000000e+00
    outer loop
      vertex   1.615698e+02 -2.049507e+02 1.000000e+00
      vertex   1.619376e+02 -2.009104e+02 1.000000e+00
      vertex   1.600000e+02 -2.010000e+02 1.000000e+00
    endloop
  endfacet
  facet normal 0.000000e+00 0.000000e+00 1.000000e+00
    outer loop
      vertex   1.615698e+02 -2.049507e+02 1.000000e+00
      vertex   1.600000e+02 -2.010000e+02 1.000000e+00
      vertex   1.594764e+02 -2.049945e+02 1.000000e+00
    endloop
  endfacet
  facet normal 0.000000e+00 -0.000000e+00 1.000000e+00
    outer loop
      vertex   1.594764e+02 -2.049945e+02 1.000000e+00
      vertex   1.600000e+02 -2.010000e+02 1.000000e+00
      vertex   1.580624e+02 -2.009104e+02 1.000000e+00
    endloop
  endfacet
  facet normal 0.000000e+00 0.000000e+00 1.000000e+00
    outer loop
      vertex   1.594764e+02 -2.049945e+02 1.000000e+00
      vertex   1.580624e+02 -2.009104e+02 1.000000e+00
      vertex   1.573868e+02 -2.048630e+02 1.000000e+00
    endloop
  endfacet
  facet normal 0.000000e+00 -0.000000e+00 1.000000e+00
    outer loop
      vertex   1.573868e+02 -2.048630e+02 1.000000e+00
      vertex   1.580624e+02 -2.009104e+02 1.000000e+00
      vertex   1.561413e+02 -2.006424e+02 1.000000e+00
    endloop
  endfacet
  facet normal 0.000000e+00 0.000000e+00 1.000000e+00
    outer loop
      vertex   1.573868e+02 -2.048630e+02 1.000000e+00
      vertex   1.561413e+02 -2.006424e+02 1.000000e+00
      vertex   1.553155e+02 -2.045572e+02 1.000000e+00
    endloop
  endfacet
  facet normal 0.000000e+00 -0.000000e+00 1.000000e+00
    outer loop
      vertex   1.553155e+02 -2.045572e+02 1.000000e+00
      vertex   1.561413e+02 -2.006424e+02 1.000000e+00
      vertex   1.532770e+02 -2.040791e+02 1.000000e+00
    endloop
  endfacet
  facet normal 0.000000e+00 0.000000e+00 1.000000e+00
    outer loop
      vertex   1.532770e+02 -2.040791e+02 1.000000e+00
      vertex   1.561413e+02 -2.006424e+02 1.000000e+00
      vertex   1.542531e+02 -2.001983e+02 1.000000e+00
    endloop
  endfacet
  facet normal 0.000000e+00 -0.000000e+00 1.000000e+00
    outer loop
      vertex   1.532770e+02 -2.040791e+02 1.000000e+00
      vertex   1.542531e+02 -2.001983e+02 1.000000e+00
      vertex   1.512857e+02 -2.034320e+02 1.000000e+00
    endloop
  endfacet
  facet normal 0.000000e+00 0.000000e+00 1.000000e+00
    outer loop
      vertex   1.512857e+02 -2.034320e+02 1.000000e+00
      vertex   1.542531e+02 -2.001983e+02 1.000000e+00
      vertex   1.524139e+02 -1.995819e+02 1.000000e+00
    endloop
  endfacet
  facet normal 0.000000e+00 -0.000000e+00 1.000000e+00
    outer loop
      vertex   1.512857e+02 -2.034320e+02 1.000000e+00
      vertex   1.524139e+02 -1.995819e+02 1.000000e+00
      vertex   1.493555e+02 -2.026207e+02 1.000000e+00
    endloop
  endfacet
  facet normal 0.000000e+00 0.000000e+00 1.000000e+00
    outer loop
      vertex   1.493555e+02 -2.026207e+02 1.000000e+00
      vertex   1.524139e+02 -1.995819e+02 1.000000e+00
      vertex   1.506395e+02 -1.987984e+02 1.000000e+00
    endloop
  endfacet
  facet normal 0.000000e+00 -0.000000e+00 1.000000e+00
    outer loop
      vertex   1.493555e+02 -2.026207e+02 1.000000e+00
      vertex   1.506395e+02 -1.987984e+02 1.000000e+00
      vertex   1.475000e+02 -2.016506e+02 1.000000e+00
    endloop
  endfacet
  facet normal 0.000000e+00 0.000000e+00 1.000000e+00
    outer loop
      vertex   1.475000e+02 -2.016506e+02 1.000000e+00
      vertex   1.506395e+02 -1.987984e+02 1.000000e+00
      vertex   1.489449e+02 -1.978546e+02 1.000000e+00
    endloop
  endfacet
  facet normal 0.000000e+00 -0.000000e+00 1.000000e+00
    outer loop
      vertex   1.475000e+02 -2.016506e+02 1.000000e+00
      vertex   1.489449e+02 -1.978546e+02 1.000000e+00
      vertex   1.457322e+02 -2.005287e+02 1.000000e+00
    endloop
  endfacet
  facet normal 0.000000e+00 0.000000e+00 1.000000e+00
    outer loop
      vertex   1.457322e+02 -2.005287e+02 1.000000e+00
      vertex   1.489449e+02 -1.978546e+02 1.000000e+00
      vertex   1.473447e+02 -1.967584e+02 1.000000e+00
    endloop
  endfacet
  facet normal 0.000000e+00 -0.000000e+00 1.000000e+00
    outer loop
      vertex   1.457322e+02 -2.005287e+02 1.000000e+00
      vertex   1.473447e+02 -1.967584e+02 1.000000e+00
      vertex   1.440644e+02 -1.992628e+02 1.000000e+00
    endloop
  endfacet
  facet normal 0.000000e+00 0.000000e+00 1.000000e+00
    outer loop
      vertex   1.440644e+02 -1.992628e+02 1.000000e+00
      vertex   1.473447e+02 -1.967584e+02 1.000000e+00
      vertex   1.458524e+02 -1.955192e+02 1.000000e+00
    endloop
  endfacet
  facet normal 0.000000e+00 -0.000000e+00 1.000000e+00
    outer loop
      vertex   1.440644e+02 -1.992628e+02 1.000000e+00
      vertex   1.458524e+02 -1.955192e+02 1.000000e+00
      vertex   1.425084e+02 -1.978618e+02 1.000000e+00
    endloop
  endfacet
  facet normal 0.000000e+00 0.000000e+00 1.000000e+00
    outer loop
      vertex   1.425084e+02 -1.978618e+02 1.000000e+00
      vertex   1.458524e+02 -1.955192e+02 1.000000e+00
      vertex   1.444808e+02 -1.941476e+02 1.000000e+00
    endloop
  endfacet
  facet normal 0.000000e+00 -0.000000e+00 1.000000e+00
    outer loop
      vertex   1.425084e+02 -1.978618e+02 1.000000e+00
      vertex   1.444808e+02 -1.941476e+02 1.000000e+00
      vertex   1.410751e+02 -1.963355e+02 1.000000e+00
    endloop
  endfacet
  facet normal 0.000000e+00 0.000000e+00 1.000000e+00
    outer loop
      vertex   1.410751e+02 -1.963355e+02 1.000000e+00
      vertex   1.444808e+02 -1.941476e+02 1.000000e+00
      vertex   1.432416e+02 -1.926553e+02 1.000000e+00
    endloop
  endfacet
  facet normal 0.000000e+00 -0.000000e+00 1.000000e+00
    outer loop
      vertex   1.410751e+02 -1.963355e+02 1.000000e+00
      vertex   1.432416e+02 -1.926553e+02 1.000000e+00
      vertex   1.397746e+02 -1.946946e+02 1.000000e+00
    endloop
  endfacet
  facet normal 0.000000e+00 0.000000e+00 1.000000e+00
    outer loop
      vertex   1.397746e+02 -1.946946e+02 1.000000e+00
      vertex   1.432416e+02 -1.926553e+02 1.000000e+00
      vertex   1.421454e+02 -1.910551e+02 1.000000e+00
    endloop
  endfacet
  facet normal 0.000000e+00 -0.000000e+00 1.000000e+00
    outer loop
      vertex   1.397746e+02 -1.946946e+02 1.000000e+00
      vertex   1.421454e+02 -1.910551e+02 1.000000e+00
      vertex   1.386159e+02 -1.929507e+02 1.000000e+00
    endloop
  endfacet
  facet normal 0.000000e+00 0.000000e+00 1.000000e+00
    outer loop
      vertex   1.386159e+02 -1.929507e+02 1.000000e+00
      vertex   1.421454e+02 -1.910551e+02 1.000000e+00
      vertex   1.412016e+02 -1.893605e+02 1.000000e+00
    endloop
  endfacet
  facet normal 0.000000e+00 -0.000000e+00 1.000000e+00
    outer loop
      vertex   1.386159e+02 -1.929507e+02 1.000000e+00
      vertex   1.412016e+02 -1.893605e+02 1.000000e+00
      vertex   1.376072e+02 -1.911159e+02 1.000000e+00
    endloop
  endfacet
  facet normal 0.000000e+00 -0.000000e+00 1.000000e+00
    outer loop
      vertex   1.376072e+02 -1.911159e+02 1.000000e+00
      vertex   1.412016e+02 -1.893605e+02 1.000000e+00
      vertex   1.367556e+02 -1.892031e+02 1.000000e+00
    endloop
  endfacet
  facet normal -0.000000e+00 0.000000e+00 1.000000e+00
    outer loop
      vertex   1.367556e+02 -1.892031e+02 1.000000e+00
      vertex   1.412016e+02 -1.893605e+02 1.000000e+00
      vertex   1.404181e+02 -1.875861e+02 1.000000e+00
    endloop
  endfacet
  facet normal 0.000000e+00 -0.000000e+00 1.000000e+00
    outer loop
      vertex   1.367556e+02 -1.892031e+02 1.000000e+00
      vertex   1.404181e+02 -1.875861e+02 1.000000e+00
      vertex   1.360670e+02 -1.872258e+02 1.000000e+00
    endloop
  endfacet
  facet normal -0.000000e+00 0.000000e+00 1.000000e+00
    outer loop
      vertex   1.360670e+02 -1.872258e+02 1.000000e+00
      vertex   1.404181e+02 -1.875861e+02 1.000000e+00
      vertex   1.398017e+02 -1.857469e+02 1.000000e+00
    endloop
  endfacet
  facet normal 0.000000e+00 -0.000000e+00 1.000000e+00
    outer loop
      vertex   1.360670e+02 -1.872258e+02 1.000000e+00
      vertex   1.398017e+02 -1.857469e+02 1.000000e+00
      vertex   1.355463e+02 -1.851978e+02 1.000000e+00
    endloop
  endfacet
  facet normal -0.000000e+00 0.000000e+00 1.000000e+00
    outer loop
      vertex   1.355463e+02 -1.851978e+02 1.000000e+00
      vertex   1.398017e+02 -1.857469e+02 1.000000e+00
      vertex   1.393576e+02 -1.838587e+02 1.000000e+00
    endloop
  endfacet
  facet normal 0.000000e+00 -0.000000e+00 1.000000e+00
    outer loop
      vertex   1.355463e+02 -1.851978e+02 1.000000e+00
      vertex   1.393576e+02 -1.838587e+02 1.000000e+00
      vertex   1.351971e+02 -1.831333e+02 1.000000e+00
    endloop
  endfacet
  facet normal -0.000000e+00 0.000000e+00 1.000000e+00
    outer loop
      vertex   1.351971e+02 -1.831333e+02 1.000000e+00
      vertex   1.393576e+02 -1.838587e+02 1.000000e+00
      vertex   1.390896e+02 -1.819376e+02 1.000000e+00
    endloop
  endfacet
  facet normal 0.000000e+00 -0.000000e+00 1.000000e+00
    outer loop
      vertex   1.351971e+02 -1.831333e+02 1.000000e+00
      vertex   1.390896e+02 -1.819376e+02 1.000000e+00
      vertex   1.350219e+02 -1.810469e+02 1.000000e+00
    endloop
  endfacet
  facet normal -0.000000e+00 0.000000e+00 1.000000e+00
    outer loop
      vertex   1.350219e+02 -1.810469e+02 1.000000e+00
      vertex   1.390896e+02 -1.819376e+02 1.000000e+00
      vertex   1.390000e+02 -1.800000e+02 1.000000e+00
    endloop
  endfacet
  facet normal 0.000000e+00 0.000000e+00 1.000000e+00
    outer loop
      vertex   1.350219e+02 -1.810469e+02 1.000000e+00
      vertex   1.390000e+02 -1.800000e+02 1.000000e+00
      vertex   1.350219e+02 -1.789531e+02 1.000000e+00
    endloop
  endfacet
  facet normal -0.000000e+00 0.000000e+00 1.000000e+00
    outer loop
      vertex   1.350219e+02 -1.789531e+02 1.000000e+00
      vertex   1.390000e+02 -1.800000e+02 1.000000e+00
      vertex   1.390896e+02 -1.780624e+02 1.000000e+00
    endloop
  endfacet
  facet normal 0.000000e+00 0.000000e+00 1.000000e+00
    outer loop
      vertex   1.350219e+02 -1.789531e+02 1.000000e+00
      vertex   1.390896e+02 -1.780624e+02 1.000000e+00
      vertex   1.351971e+02 -1.768667e+02 1.000000e+00
    endloop
  endfacet
  facet normal -0.000000e+00 0.000000e+00 1.000000e+00
    outer loop
      vertex   1.351971e+02 -1.768667e+02 1.000000e+00
      vertex   1.390896e+02 -1.780624e+02 1.000000e+00
      vertex   1.393576e+02 -1.761413e+02 1.000000e+00
    endloop
  endfacet
  facet normal 0.000000e+00 0.000000e+00 1.000000e+00
    outer loop
      vertex   1.351971e+02 -1.768667e+02 1.000000e+00
      vertex   1.393576e+02 -1.761413e+02 1.000000e+00
      vertex   1.355463e+02 -1.748022e+02 1.000000e+00
    endloop
  endfacet
  facet normal -0.000000e+00 0.000000e+00 1.000000e+00
    outer loop
      vertex   1.355463e+02 -1.748022e+02 1.000000e+00
      vertex   1.393576e+02 -1.761413e+02 1.000000e+00
      vertex   1.398017e+02 -1.742531e+02 1.000000e+00
    endloop
  endfacet
  facet normal 0.000000e+00 0.000000e+00 1.000000e+00
    outer loop
      vertex   1.355463e+02 -1.748022e+02 1.000000e+00
      vertex   1.398017e+02 -1.742531e+02 1.000000e+00
      vertex   1.360670e+02 -1.727742e+02 1.000000e+00
    endloop
  endfacet
  facet normal -0.000000e+00 0.000000e+00 1.000000e+00
    outer loop
      vertex   1.360670e+02 -1.727742e+02 1.000000e+00
      vertex   1.398017e+02 -1.742531e+02 1.000000e+00
      vertex   1.404181e+02 -1.724139e+02 1.000000e+00
    endloop
  endfacet
  facet normal 0.000000e+00 0.000000e+00 1.000000e+00
    outer loop
      vertex   1.360670e+02 -1.727742e+02 1.000000e+00
      vertex   1.404181e+02 -1.724139e+02 1.000000e+00
      vertex   1.367556e+02 -1.707969e+02 1.000000e+00
    endloop
  endfacet
  facet normal -0.000000e+00 0.000000e+00 1.000000e+00
    outer loop
      vertex   1.367556e+02 -1.707969e+02 1.000000e+00
      vertex   1.404181e+02 -1.724139e+02 1.000000e+00
      vertex   1.412016e+02 -1.706395e+02 1.000000e+00
    endloop
  endfacet
  facet normal 0.000000e+00 0.000000e+00 1.000000e+00
    outer loop
      vertex   1.367556e+02 -1.707969e+02 1.000000e+00
      vertex   1.412016e+02 -1.706395e+02 1.000000e+00
      vertex   1.376072e+02 -1.688841e+02 1.000000e+00
    endloop
  endfacet
  facet normal -0.000000e+00 0.000000e+00 1.000000e+00
    outer loop
      vertex   1.376072e+02 -1.688841e+02 1.000000e+00
      vertex   1.412016e+02 -1.706395e+02 1.000000e+00
      vertex   1.386159e+02 -1.670493e+02 1.000000e+00
    endloop
  endfacet
  facet normal 0.000000e+00 0.000000e+00 1.000000e+00
    outer loop
      vertex   1.386159e+02 -1.670493e+02 1.000000e+00
      vertex   1.412016e+02 -1.706395e+02 1.000000e+00
      vertex   1.421454e+02 -1.689449e+02 1.000000e+00
    endloop
  endfacet
  facet normal -0.000000e+00 0.000000e+00 1.000000e+00
    outer loop
      vertex   1.386159e+02 -1.670493e+02 1.000000e+00
      vertex   1.421454e+02 -1.689449e+02 1.000000e+00
      vertex   1.397746e+02 -1.653054e+02 1.000000e+00
    endloop
  endfacet
  facet normal 0.000000e+00 0.000000e+00 1.000000e+00
    outer loop
      vertex   1.397746e+02 -1.653054e+02 1.000000e+00
      vertex   1.421454e+02 -1.689449e+02 1.000000e+00
      vertex   1.432416e+02 -1.673447e+02 1.000000e+00
    endloop
  endfacet
  facet normal -0.000000e+00 0.000000e+00 1.000000e+00
    outer loop
      vertex   1.397746e+02 -1.653054e+02 1.000000e+00
      vertex   1.432416e+02 -1.673447e+02 1.000000e+00
      vertex   1.410751e+02 -1.636645e+02 1.000000e+00
    endloop
  endfacet
  facet normal 0.000000e+00 0.000000e+00 1.000000e+00
    outer loop
      vertex   1.410751e+02 -1.636645e+02 1.000000e+00
      vertex   1.432416e+02 -1.673447e+02 1.000000e+00
      vertex   1.444808e+02 -1.658524e+02 1.000000e+00
    endloop
  endfacet
  facet normal -0.000000e+00 0.000000e+00 1.000000e+00
    outer loop
      vertex   1.410751e+02 -1.636645e+02 1.000000e+00
      vertex   1.444808e+02 -1.658524e+02 1.000000e+00
      vertex   1.425084e+02 -1.621382e+02 1.000000e+00
    endloop
  endfacet
  facet normal 0.000000e+00 0.000000e+00 1.000000e+00
    outer loop
      vertex   1.425084e+02 -1.621382e+02 1.000000e+00
      vertex   1.444808e+02 -1.658524e+02 1.000000e+00
      vertex   1.458524e+02 -1.644808e+02 1.000000e+00
    endloop
  endfacet
  facet normal -0.000000e+00 0.000000e+00 1.000000e+00
    outer loop
      vertex   1.425084e+02 -1.621382e+02 1.000000e+00
      vertex   1.458524e+02 -1.644808e+02 1.000000e+00
      vertex   1.440644e+02 -1.607372e+02 1.000000e+00
    endloop
  endfacet
  facet normal 0.000000e+00 0.000000e+00 1.000000e+00
    outer loop
      vertex   1.440644e+02 -1.607372e+02 1.000000e+00
      vertex   1.458524e+02 -1.644808e+02 1.000000e+00
      vertex   1.473447e+02 -1.632416e+02 1.000000e+00
    endloop
  endfacet
  facet normal -0.000000e+00 0.000000e+00 1.000000e+00
    outer loop
      vertex   1.440644e+02 -1.607372e+02 1.000000e+00
      vertex   1.473447e+02 -1.632416e+02 1.000000e+00
      vertex   1.457322e+02 -1.594713e+02 1.000000e+00
    endloop
  endfacet
  facet normal 0.000000e+00 0.000000e+00 1.000000e+00
    outer loop
      vertex   1.457322e+02 -1.594713e+02 1.000000e+00
      vertex   1.473447e+02 -1.632416e+02 1.000000e+00
      vertex   1.489449e+02 -1.621454e+02 1.000000e+00
    endloop
  endfacet
  facet normal -0.000000e+00 0.000000e+00 1.000000e+00
    outer loop
      vertex   1.457322e+02 -1.594713e+02 1.000000e+00
      vertex   1.489449e+02 -1.621454e+02 1.000000e+00
      vertex   1.475000e+02 -1.583494e+02 1.000000e+00
    endloop
  endfacet
  facet normal 0.000000e+00 0.000000e+00 1.000000e+00
    outer loop
      vertex   1.475000e+02 -1.583494e+02 1.000000e+00
      vertex   1.489449e+02 -1.621454e+02 1.000000e+00
      vertex   1.506395e+02 -1.612016e+02 1.000000e+00
    endloop
  endfacet
  facet normal -0.000000e+00 0.000000e+00 1.000000e+00
    outer loop
      vertex   1.475000e+02 -1.583494e+02 1.000000e+00
      vertex   1.506395e+02 -1.612016e+02 1.000000e+00
      vertex   1.493555e+02 -1.573793e+02 1.000000e+00
    endloop
  endfacet
  facet normal 0.000000e+00 0.000000e+00 1.000000e+00
    outer loop
      vertex   1.493555e+02 -1.573793e+02 1.000000e+00
      vertex   1.506395e+02 -1.612016e+02 1.000000e+00
      vertex   1.524139e+02 -1.604181e+02 1.000000e+00
    endloop
  endfacet
  facet normal -0.000000e+00 0.000000e+00 1.000000e+00
    outer loop
      vertex   1.493555e+02 -1.573793e+02 1.000000e+00
      vertex   1.524139e+02 -1.604181e+02 1.000000e+00
      vertex   1.512857e+02 -1.565679e+02 1.000000e+00
    endloop
  endfacet
  facet normal 0.000000e+00 0.000000e+00 1.000000e+00
    outer loop
      vertex   1.512857e+02 -1.565679e+02 1.000000e+00
      vertex   1.524139e+02 -1.604181e+02 1.000000e+00
      vertex   1.542531e+02 -1.598017e+02 1.000000e+00
    endloop
  endfacet
  facet normal -0.000000e+00 0.000000e+00 1.000000e+00
    outer loop
      vertex   1.512857e+02 -1.565679e+02 1.000000e+00
      vertex   1.542531e+02 -1.598017e+02 1.000000e+00
      vertex   1.532770e+02 -1.559209e+02 1.000000e+00
    endloop
  endfacet
  facet normal 0.000000e+00 0.000000e+00 1.000000e+00
    outer loop
      vertex   1.532770e+02 -1.559209e+02 1.000000e+00
      vertex   1.542531e+02 -1.598017e+02 1.000000e+00
      vertex   1.561413e+02 -1.593576e+02 1.000000e+00
    endloop
  endfacet
  facet normal -0.000000e+00 0.000000e+00 1.000000e+00
    outer loop
      vertex   1.532770e+02 -1.559209e+02 1.000000e+00
      vertex   1.561413e+02 -1.593576e+02 1.000000e+00
      vertex   1.553155e+02 -1.554428e+02 1.000000e+00
    endloop
  endfacet
  facet normal -0.000000e+00 0.000000e+00 1.000000e+00
    outer loop
      vertex   1.553155e+02 -1.554428e+02 1.000000e+00
      vertex   1.561413e+02 -1.593576e+02 1.000000e+00
      vertex   1.573868e+02 -1.551369e+02 1.000000e+00
    endloop
  endfacet
  facet normal 0.000000e+00 0.000000e+00 1.000000e+00
    outer loop
      vertex   1.573868e+02 -1.551369e+02 1.000000e+00
      vertex   1.561413e+02 -1.593576e+02 1.000000e+00
      vertex   1.580624e+02 -1.590896e+02 1.000000e+00
    endloop
  endfacet
  facet normal -0.000000e+00 0.000000e+00 1.000000e+00
    outer loop
      vertex   1.573868e+02 -1.551369e+02 1.000000e+00
      vertex   1.580624e+02 -1.590896e+02 1.000000e+00
      vertex   1.594764e+02 -1.550055e+02 1.000000e+00
    endloop
  endfacet
  facet normal 0.000000e+00 0.000000e+00 1.000000e+00
    outer loop
      vertex   1.594764e+02 -1.550055e+02 1.000000e+00
      vertex   1.580624e+02 -1.590896e+02 1.000000e+00
      vertex   1.600000e+02 -1.590000e+02 1.000000e+00
    endloop
  endfacet
  facet normal 0.000000e+00 0.000000e+00 1.000000e+00
    outer loop
      vertex   1.594764e+02 -1.550055e+02 1.000000e+00
      vertex   1.600000e+02 -1.590000e+02 1.000000e+00
      vertex   1.615698e+02 -1.550493e+02 1.000000e+00
    endloop
  endfacet
  facet normal 0.000000e+00 0.000000e+00 1.000000e+00
    outer loop
      vertex   1.615698e+02 -1.550493e+02 1.000000e+00
      vertex   1.600000e+02 -1.590000e+02 1.000000e+00
      vertex   1.619376e+02 -1.590896e+02 1.000000e+00
    endloop
  endfacet
  facet normal 0.000000e+00 0.000000e+00 1.000000e+00
    outer loop
      vertex   1.615698e+02 -1.550493e+02 1.000000e+00
      vertex   1.619376e+02 -1.590896e+02 1.000000e+00
      vertex   1.636521e+02 -1.552682e+02 1.000000e+00
    endloop
  endfacet
  facet normal 0.000000e+00 0.000000e+00 1.000000e+00
    outer loop
      vertex   1.636521e+02 -1.552682e+02 1.000000e+00
      vertex   1.619376e+02 -1.590896e+02 1.000000e+00
      vertex   1.638587e+02 -1.593576e+02 1.000000e+00
    endloop
  endfacet
  facet normal 0.000000e+00 0.000000e+00 1.000000e+00
    outer loop
      vertex   1.636521e+02 -1.552682e+02 1.000000e+00
      vertex   1.638587e+02 -1.593576e+02 1.000000e+00
      vertex   1.657088e+02 -1.556605e+02 1.000000e+00
    endloop
  endfacet
  facet normal 0.000000e+00 0.000000e+00 1.000000e+00
    outer loop
      vertex   1.657088e+02 -1.556605e+02 1.000000e+00
      vertex   1.638587e+02 -1.593576e+02 1.000000e+00
      vertex   1.657469e+02 -1.598017e+02 1.000000e+00
    endloop
  endfacet
  facet normal 0.000000e+00 0.000000e+00 1.000000e+00
    outer loop
      vertex   1.657088e+02 -1.556605e+02 1.000000e+00
      vertex   1.657469e+02 -1.598017e+02 1.000000e+00
      vertex   1.677254e+02 -1.562236e+02 1.000000e+00
    endloop
  endfacet
  facet normal 0.000000e+00 0.000000e+00 1.000000e+00
    outer loop
      vertex   1.677254e+02 -1.562236e+02 1.000000e+00
      vertex   1.657469e+02 -1.598017e+02 1.000000e+00
      vertex   1.675861e+02 -1.604181e+02 1.000000e+00
    endloop
  endfacet
  facet normal 0.000000e+00 0.000000e+00 1.000000e+00
    outer loop
      vertex   1.677254e+02 -1.562236e+02 1.000000e+00
      vertex   1.675861e+02 -1.604181e+02 1.000000e+00
      vertex   1.696879e+02 -1.569534e+02 1.000000e+00
    endloop
  endfacet
  facet normal 0.000000e+00 0.000000e+00 1.000000e+00
    outer loop
      vertex   1.696879e+02 -1.569534e+02 1.000000e+00
      vertex   1.675861e+02 -1.604181e+02 1.000000e+00
      vertex   1.693605e+02 -1.612016e+02 1.000000e+00
    endloop
  endfacet
  facet normal 0.000000e+00 0.000000e+00 1.000000e+00
    outer loop
      vertex   1.696879e+02 -1.569534e+02 1.000000e+00
      vertex   1.693605e+02 -1.612016e+02 1.000000e+00
      vertex   1.715824e+02 -1.578449e+02 1.000000e+00
    endloop
  endfacet
  facet normal 0.000000e+00 0.000000e+00 1.000000e+00
    outer loop
      vertex   1.715824e+02 -1.578449e+02 1.000000e+00
      vertex   1.693605e+02 -1.612016e+02 1.000000e+00
      vertex   1.710551e+02 -1.621454e+02 1.000000e+00
    endloop
  endfacet
  facet normal 0.000000e+00 0.000000e+00 1.000000e+00
    outer loop
      vertex   1.715824e+02 -1.578449e+02 1.000000e+00
      vertex   1.710551e+02 -1.621454e+02 1.000000e+00
      vertex   1.733957e+02 -1.588918e+02 1.000000e+00
    endloop
  endfacet
  facet normal 0.000000e+00 0.000000e+00 1.000000e+00
    outer loop
      vertex   1.733957e+02 -1.588918e+02 1.000000e+00
      vertex   1.710551e+02 -1.621454e+02 1.000000e+00
      vertex   1.726553e+02 -1.632416e+02 1.000000e+00
    endloop
  endfacet
  facet normal 0.000000e+00 0.000000e+00 1.000000e+00
    outer loop
      vertex   1.733957e+02 -1.588918e+02 1.000000e+00
      vertex   1.726553e+02 -1.632416e+02 1.000000e+00
      vertex   1.751150e+02 -1.600867e+02 1.000000e+00
    endloop
  endfacet
  facet normal 0.000000e+00 0.000000e+00 1.000000e+00
    outer loop
      vertex   1.751150e+02 -1.600867e+02 1.000000e+00
      vertex   1.726553e+02 -1.632416e+02 1.000000e+00
      vertex   1.767283e+02 -1.614214e+02 1.000000e+00
    endloop
  endfacet
  facet normal 0.000000e+00 0.000000e+00 1.000000e+00
    outer loop
      vertex   1.767283e+02 -1.614214e+02 1.000000e+00
      vertex   1.726553e+02 -1.632416e+02 1.000000e+00
      vertex   1.741476e+02 -1.644808e+02 1.000000e+00
    endloop
  endfacet
  facet normal 0.000000e+00 0.000000e+00 1.000000e+00
    outer loop
      vertex   1.767283e+02 -1.614214e+02 1.000000e+00
      vertex   1.741476e+02 -1.644808e+02 1.000000e+00
      vertex   1.782242e+02 -1.628863e+02 1.000000e+00
    endloop
  endfacet
  facet normal 0.000000e+00 0.000000e+00 1.000000e+00
    outer loop
      vertex   1.782242e+02 -1.628863e+02 1.000000e+00
      vertex   1.741476e+02 -1.644808e+02 1.000000e+00
      vertex   1.755192e+02 -1.658524e+02 1.000000e+00
    endloop
  endfacet
  facet normal 0.000000e+00 0.000000e+00 1.000000e+00
    outer loop
      vertex   1.782242e+02 -1.628863e+02 1.000000e+00
      vertex   1.755192e+02 -1.658524e+02 1.000000e+00
      vertex   1.795923e+02 -1.644713e+02 1.000000e+00
    endloop
  endfacet
  facet normal 0.000000e+00 0.000000e+00 1.000000e+00
    outer loop
      vertex   1.795923e+02 -1.644713e+02 1.000000e+00
      vertex   1.755192e+02 -1.658524e+02 1.000000e+00
      vertex   1.767584e+02 -1.673447e+02 1.000000e+00
    endloop
  endfacet
  facet normal 0.000000e+00 0.000000e+00 1.000000e+00
    outer loop
      vertex   1.795923e+02 -1.644713e+02 1.000000e+00
      vertex   1.767584e+02 -1.673447e+02 1.000000e+00
      vertex   1.808230e+02 -1.661652e+02 1.000000e+00
    endloop
  endfacet
  facet normal 0.000000e+00 0.000000e+00 1.000000e+00
    outer loop
      vertex   1.808230e+02 -1.661652e+02 1.000000e+00
      vertex   1.767584e+02 -1.673447e+02 1.000000e+00
      vertex   1.778546e+02 -1.689449e+02 1.000000e+00
    endloop
  endfacet
  facet normal 0.000000e+00 0.000000e+00 1.000000e+00
    outer loop
      vertex   1.808230e+02 -1.661652e+02 1.000000e+00
      vertex   1.778546e+02 -1.689449e+02 1.000000e+00
      vertex   1.819077e+02 -1.679562e+02 1.000000e+00
    endloop
  endfacet
  facet normal 0.000000e+00 0.000000e+00 1.000000e+00
    outer loop
      vertex   1.819077e+02 -1.679562e+02 1.000000e+00
      vertex   1.778546e+02 -1.689449e+02 1.000000e+00
      vertex   1.787984e+02 -1.706395e+02 1.000000e+00
    endloop
  endfacet
  facet normal 0.000000e+00 0.000000e+00 1.000000e+00
    outer loop
      vertex   1.819077e+02 -1.679562e+02 1.000000e+00
      vertex   1.787984e+02 -1.706395e+02 1.000000e+00
      vertex   1.828386e+02 -1.698316e+02 1.000000e+00
    endloop
  endfacet
  facet normal 0.000000e+00 0.000000e+00 1.000000e+00
    outer loop
      vertex   1.828386e+02 -1.698316e+02 1.000000e+00
      vertex   1.787984e+02 -1.706395e+02 1.000000e+00
      vertex   1.795819e+02 -1.724139e+02 1.000000e+00
    endloop
  endfacet
  facet normal 0.000000e+00 0.000000e+00 1.000000e+00
    outer loop
      vertex   1.828386e+02 -1.698316e+02 1.000000e+00
      vertex   1.795819e+02 -1.724139e+02 1.000000e+00
      vertex   1.836094e+02 -1.717783e+02 1.000000e+00
    endloop
  endfacet
  facet normal 0.000000e+00 0.000000e+00 1.000000e+00
    outer loop
      vertex   1.836094e+02 -1.717783e+02 1.000000e+00
      vertex   1.795819e+02 -1.724139e+02 1.000000e+00
      vertex   1.801983e+02 -1.742531e+02 1.000000e+00
    endloop
  endfacet
  facet normal 0.000000e+00 0.000000e+00 1.000000e+00
    outer loop
      vertex   1.836094e+02 -1.717783e+02 1.000000e+00
      vertex   1.801983e+02 -1.742531e+02 1.000000e+00
      vertex   1.842146e+02 -1.737827e+02 1.000000e+00
    endloop
  endfacet
  facet normal 0.000000e+00 0.000000e+00 1.000000e+00
    outer loop
      vertex   1.842146e+02 -1.737827e+02 1.000000e+00
      vertex   1.801983e+02 -1.742531e+02 1.000000e+00
      vertex   1.806424e+02 -1.761413e+02 1.000000e+00
    endloop
  endfacet
  facet normal 0.000000e+00 0.000000e+00 1.000000e+00
    outer loop
      vertex   1.842146e+02 -1.737827e+02 1.000000e+00
      vertex   1.806424e+02 -1.761413e+02 1.000000e+00
      vertex   1.846499e+02 -1.758308e+02 1.000000e+00
    endloop
  endfacet
  facet normal 0.000000e+00 0.000000e+00 1.000000e+00
    outer loop
      vertex   1.846499e+02 -1.758308e+02 1.000000e+00
      vertex   1.806424e+02 -1.761413e+02 1.000000e+00
      vertex   1.809104e+02 -1.780624e+02 1.000000e+00
    endloop
  endfacet
  facet normal 0.000000e+00 0.000000e+00 1.000000e+00
    outer loop
      vertex   1.846499e+02 -1.758308e+02 1.000000e+00
      vertex   1.809104e+02 -1.780624e+02 1.000000e+00
      vertex   1.849123e+02 -1.779081e+02 1.000000e+00
    endloop
  endfacet
  facet normal 0.000000e+00 0.000000e+00 1.000000e+00
    outer loop
      vertex   1.849123e+02 -1.779081e+02 1.000000e+00
      vertex   1.809104e+02 -1.780624e+02 1.000000e+00
      vertex   1.810000e+02 -1.800000e+02 1.000000e+00
    endloop
  endfacet
  facet normal 1.737832e-02 -9.998490e-01 0.000000e+00
    outer loop
      vertex   1.900000e+02 -1.500000e+02 2.000000e+00
      vertex   1.866835e+02 -1.500576e+02 2.000000e+00
      vertex   1.900000e+02 -1.500000e+02 1.000000e+00
    endloop
  endfacet
  facet normal 1.737832e-02 -9.998490e-01 0.000000e+00
    outer loop
      vertex   1.900000e+02 -1.500000e+02 1.000000e+00
      vertex   1.866835e+02 -1.500576e+02 2.000000e+00
      vertex   1.866835e+02 -1.500576e+02 1.000000e+00
    endloop
  endfacet
  facet normal 4.416074e-02 -9.990244e-01 0.000000e+00
    outer loop
      vertex   1.866835e+02 -1.500576e+02 1.000000e+00
      vertex   1.866835e+02 -1.500576e+02 2.000000e+00
      vertex   1.850652e+02 -1.501291e+02 2.000000e+00
    endloop
  endfacet
  facet normal 4.416074e-02 -9.990244e-01 0.000000e+00
    outer loop
      vertex   1.866835e+02 -1.500576e+02 1.000000e+00
      vertex   1.850652e+02 -1.501291e+02 2.000000e+00
      vertex   1.850652e+02 -1.501291e+02 1.000000e+00
    endloop
  endfacet
  facet normal 6.301710e-02 -9.980124e-01 0.000000e+00
    outer loop
      vertex   1.850652e+02 -1.501291e+02 1.000000e+00
      vertex   1.850652e+02 -1.501291e+02 2.000000e+00
      vertex   1.834944e+02 -1.502283e+02 2.000000e+00
    endloop
  endfacet
  facet normal 6.301710e-02 -9.980124e-01 0.000000e+00
    outer loop
      vertex   1.850652e+02 -1.501291e+02 1.000000e+00
      vertex   1.834944e+02 -1.502283e+02 2.000000e+00
      vertex   1.834944e+02 -1.502283e+02 1.000000e+00
    endloop
  endfacet
  facet normal 8.317570e-02 -9.965349e-01 0.000000e+00
    outer loop
      vertex   1.834944e+02 -1.502283e+02 1.000000e+00
      vertex   1.834944e+02 -1.502283e+02 2.000000e+00
      vertex   1.819863e+02 -1.503542e+02 2.000000e+00
    endloop
  endfacet
  facet normal 8.317570e-02 -9.965349e-01 0.000000e+00
    outer loop
      vertex   1.834944e+02 -1.502283e+02 1.000000e+00
      vertex   1.819863e+02 -1.503542e+02 2.000000e+00
      vertex   1.819863e+02 -1.503542e+02 1.000000e+00
    endloop
  endfacet
  facet normal 1.051863e-01 -9.944525e-01 0.000000e+00
    outer loop
      vertex   1.819863e+02 -1.503542e+02 1.000000e+00
      vertex   1.819863e+02 -1.503542e+02 2.000000e+00
      vertex   1.805553e+02 -1.505056e+02 2.000000e+00
    endloop
  endfacet
  facet normal 1.051863e-01 -9.944525e-01 0.000000e+00
    outer loop
      vertex   1.819863e+02 -1.503542e+02 1.000000e+00
      vertex   1.805553e+02 -1.505056e+02 2.000000e+00
      vertex   1.805553e+02 -1.505056e+02 1.000000e+00
    endloop
  endfacet
  facet normal 1.297736e-01 -9.915437e-01 0.000000e+00
    outer loop
      vertex   1.805553e+02 -1.505056e+02 1.000000e+00
      vertex   1.805553e+02 -1.505056e+02 2.000000e+00
      vertex   1.792153e+02 -1.506809e+02 2.000000e+00
    endloop
  endfacet
  facet normal 1.297736e-01 -9.915437e-01 0.000000e+00
    outer loop
      vertex   1.805553e+02 -1.505056e+02 1.000000e+00
      vertex   1.792153e+02 -1.506809e+02 2.000000e+00
      vertex   1.792153e+02 -1.506809e+02 1.000000e+00
    endloop
  endfacet
  facet normal 1.579372e-01 -9.874492e-01 0.000000e+00
    outer loop
      vertex   1.792153e+02 -1.506809e+02 1.000000e+00
      vertex   1.792153e+02 -1.506809e+02 2.000000e+00
      vertex   1.779792e+02 -1.508786e+02 2.000000e+00
    endloop
  endfacet
  facet normal 1.579372e-01 -9.874492e-01 0.000000e+00
    outer loop
      vertex   1.792153e+02 -1.506809e+02 1.000000e+00
      vertex   1.779792e+02 -1.508786e+02 2.000000e+00
      vertex   1.779792e+02 -1.508786e+02 1.000000e+00
    endloop
  endfacet
  facet normal 1.911176e-01 -9.815672e-01 0.000000e+00
    outer loop
      vertex   1.779792e+02 -1.508786e+02 1.000000e+00
      vertex   1.779792e+02 -1.508786e+02 2.000000e+00
      vertex   1.768588e+02 -1.510968e+02 2.000000e+00
    endloop
  endfacet
  facet normal 1.911176e-01 -9.815672e-01 0.000000e+00
    outer loop
      vertex   1.779792e+02 -1.508786e+02 1.000000e+00
      vertex   1.768588e+02 -1.510968e+02 2.000000e+00
      vertex   1.768588e+02 -1.510968e+02 1.000000e+00
    endloop
  endfacet
  facet normal 2.314818e-01 -9.728392e-01 0.000000e+00
    outer loop
      vertex   1.768588e+02 -1.510968e+02 1.000000e+00
      vertex   1.768588e+02 -1.510968e+02 2.000000e+00
      vertex   1.758650e+02 -1.513333e+02 2.000000e+00
    endloop
  endfacet
  facet normal 2.314818e-01 -9.728392e-01 0.000000e+00
    outer loop
      vertex   1.768588e+02 -1.510968e+02 1.000000e+00
      vertex   1.758650e+02 -1.513333e+02 2.000000e+00
      vertex   1.758650e+02 -1.513333e+02 1.000000e+00
    endloop
  endfacet
  facet normal 2.824379e-01 -9.592856e-01 0.000000e+00
    outer loop
      vertex   1.758650e+02 -1.513333e+02 1.000000e+00
      vertex   1.758650e+02 -1.513333e+02 2.000000e+00
      vertex   1.750073e+02 -1.515858e+02 2.000000e+00
    endloop
  endfacet
  facet normal 2.824379e-01 -9.592856e-01 0.000000e+00
    outer loop
      vertex   1.758650e+02 -1.513333e+02 1.000000e+00
      vertex   1.750073e+02 -1.515858e+02 2.000000e+00
      vertex   1.750073e+02 -1.515858e+02 1.000000e+00
    endloop
  endfacet
  facet normal 3.495772e-01 -9.369076e-01 0.000000e+00
    outer loop
      vertex   1.750073e+02 -1.515858e+02 1.000000e+00
      vertex   1.750073e+02 -1.515858e+02 2.000000e+00
      vertex   1.742941e+02 -1.518519e+02 2.000000e+00
    endloop
  endfacet
  facet normal 3.495772e-01 -9.369076e-01 0.000000e+00
    outer loop
      vertex   1.750073e+02 -1.515858e+02 1.000000e+00
      vertex   1.742941e+02 -1.518519e+02 2.000000e+00
      vertex   1.742941e+02 -1.518519e+02 1.000000e+00
    endloop
  endfacet
  facet normal 4.423320e-01 -8.968514e-01 0.000000e+00
    outer loop
      vertex   1.742941e+02 -1.518519e+02 1.000000e+00
      vertex   1.742941e+02 -1.518519e+02 2.000000e+00
      vertex   1.737320e+02 -1.521291e+02 2.000000e+00
    endloop
  endfacet
  facet normal 4.423320e-01 -8.968514e-01 0.000000e+00
    outer loop
      vertex   1.742941e+02 -1.518519e+02 1.000000e+00
      vertex   1.737320e+02 -1.521291e+02 2.000000e+00
      vertex   1.737320e+02 -1.521291e+02 1.000000e+00
    endloop
  endfacet
  facet normal 5.759367e-01 -8.174943e-01 0.000000e+00
    outer loop
      vertex   1.737320e+02 -1.521291e+02 1.000000e+00
      vertex   1.737320e+02 -1.521291e+02 2.000000e+00
      vertex   1.733267e+02 -1.524147e+02 2.000000e+00
    endloop
  endfacet
  facet normal 5.759367e-01 -8.174943e-01 0.000000e+00
    outer loop
      vertex   1.737320e+02 -1.521291e+02 1.000000e+00
      vertex   1.733267e+02 -1.524147e+02 2.000000e+00
      vertex   1.733267e+02 -1.524147e+02 1.000000e+00
    endloop
  endfacet
  facet normal 7.130521e-01 -7.011110e-01 0.000000e+00
    outer loop
      vertex   1.733267e+02 -1.524147e+02 1.000000e+00
      vertex   1.733267e+02 -1.524147e+02 2.000000e+00
      vertex   1.731840e+02 -1.525598e+02 2.000000e+00
    endloop
  endfacet
  facet normal 7.130521e-01 -7.011110e-01 0.000000e+00
    outer loop
      vertex   1.733267e+02 -1.524147e+02 1.000000e+00
      vertex   1.731840e+02 -1.525598e+02 2.000000e+00
      vertex   1.731840e+02 -1.525598e+02 1.000000e+00
    endloop
  endfacet
  facet normal 8.196506e-01 -5.728638e-01 0.000000e+00
    outer loop
      vertex   1.731840e+02 -1.525598e+02 1.000000e+00
      vertex   1.731840e+02 -1.525598e+02 2.000000e+00
      vertex   1.730819e+02 -1.527059e+02 2.000000e+00
    endloop
  endfacet
  facet normal 8.196506e-01 -5.728638e-01 0.000000e+00
    outer loop
      vertex   1.731840e+02 -1.525598e+02 1.000000e+00
      vertex   1.730819e+02 -1.527059e+02 2.000000e+00
      vertex   1.730819e+02 -1.527059e+02 1.000000e+00
    endloop
  endfacet
  facet normal 9.226410e-01 -3.856600e-01 0.000000e+00
    outer loop
      vertex   1.730819e+02 -1.527059e+02 1.000000e+00
      vertex   1.730819e+02 -1.527059e+02 2.000000e+00
      vertex   1.730205e+02 -1.528528e+02 2.000000e+00
    endloop
  endfacet
  facet normal 9.226410e-01 -3.856600e-01 0.000000e+00
    outer loop
      vertex   1.730819e+02 -1.527059e+02 1.000000e+00
      vertex   1.730205e+02 -1.528528e+02 2.000000e+00
      vertex   1.730205e+02 -1.528528e+02 1.000000e+00
    endloop
  endfacet
  facet normal 9.789059e-01 -2.043117e-01 0.000000e+00
    outer loop
      vertex   1.730205e+02 -1.528528e+02 1.000000e+00
      vertex   1.730205e+02 -1.528528e+02 2.000000e+00
      vertex   1.730051e+02 -1.529264e+02 2.000000e+00
    endloop
  endfacet
  facet normal 9.789059e-01 -2.043117e-01 0.000000e+00
    outer loop
      vertex   1.730205e+02 -1.528528e+02 1.000000e+00
      vertex   1.730051e+02 -1.529264e+02 2.000000e+00
      vertex   1.730051e+02 -1.529264e+02 1.000000e+00
    endloop
  endfacet
  facet normal 9.975906e-01 -6.937594e-02 0.000000e+00
    outer loop
      vertex   1.730051e+02 -1.529264e+02 1.000000e+00
      vertex   1.730051e+02 -1.529264e+02 2.000000e+00
      vertex   1.730000e+02 -1.530000e+02 1.000000e+00
    endloop
  endfacet
  facet normal 9.975906e-01 -6.937594e-02 0.000000e+00
    outer loop
      vertex   1.730000e+02 -1.530000e+02 1.000000e+00
      vertex   1.730051e+02 -1.529264e+02 2.000000e+00
      vertex   1.730000e+02 -1.530000e+02 2.000000e+00
    endloop
  endfacet
  facet normal -0.000000e+00 1.000000e+00 0.000000e+00
    outer loop
      vertex   1.730000e+02 -1.530000e+02 2.000000e+00
      vertex   1.750000e+02 -1.530000e+02 2.000000e+00
      vertex   1.730000e+02 -1.530000e+02 1.000000e+00
    endloop
  endfacet
  facet normal 0.000000e+00 1.000000e+00 0.000000e+00
    outer loop
      vertex   1.730000e+02 -1.530000e+02 1.000000e+00
      vertex   1.750000e+02 -1.530000e+02 2.000000e+00
      vertex   1.750000e+02 -1.530000e+02 1.000000e+00
    endloop
  endfacet
  facet normal -9.957908e-01 9.165515e-02 0.000000e+00
    outer loop
      vertex   1.750000e+02 -1.530000e+02 1.000000e+00
      vertex   1.750000e+02 -1.530000e+02 2.000000e+00
      vertex   1.750045e+02 -1.529509e+02 1.000000e+00
    endloop
  endfacet
  facet normal -9.957908e-01 9.165515e-02 0.000000e+00
    outer loop
      vertex   1.750045e+02 -1.529509e+02 1.000000e+00
      vertex   1.750000e+02 -1.530000e+02 2.000000e+00
      vertex   1.750045e+02 -1.529509e+02 2.000000e+00
    endloop
  endfacet
  facet normal -9.638995e-01 2.662663e-01 0.000000e+00
    outer loop
      vertex   1.750045e+02 -1.529509e+02 1.000000e+00
      vertex   1.750045e+02 -1.529509e+02 2.000000e+00
      vertex   1.750181e+02 -1.529018e+02 2.000000e+00
    endloop
  endfacet
  facet normal -9.638995e-01 2.662663e-01 0.000000e+00
    outer loop
      vertex   1.750045e+02 -1.529509e+02 1.000000e+00
      vertex   1.750181e+02 -1.529018e+02 2.000000e+00
      vertex   1.750181e+02 -1.529018e+02 1.000000e+00
    endloop
  endfacet
  facet normal -9.082254e-01 4.184814e-01 0.000000e+00
    outer loop
      vertex   1.750181e+02 -1.529018e+02 1.000000e+00
      vertex   1.750181e+02 -1.529018e+02 2.000000e+00
      vertex   1.750406e+02 -1.528529e+02 2.000000e+00
    endloop
  endfacet
  facet normal -9.082254e-01 4.184814e-01 0.000000e+00
    outer loop
      vertex   1.750181e+02 -1.529018e+02 1.000000e+00
      vertex   1.750406e+02 -1.528529e+02 2.000000e+00
      vertex   1.750406e+02 -1.528529e+02 1.000000e+00
    endloop
  endfacet
  facet normal -8.400310e-01 5.425384e-01 0.000000e+00
    outer loop
      vertex   1.750406e+02 -1.528529e+02 1.000000e+00
      vertex   1.750406e+02 -1.528529e+02 2.000000e+00
      vertex   1.750722e+02 -1.528039e+02 1.000000e+00
    endloop
  endfacet
  facet normal -8.400310e-01 5.425384e-01 0.000000e+00
    outer loop
      vertex   1.750722e+02 -1.528039e+02 1.000000e+00
      vertex   1.750406e+02 -1.528529e+02 2.000000e+00
      vertex   1.750722e+02 -1.528039e+02 2.000000e+00
    endloop
  endfacet
  facet normal -7.340893e-01 6.790530e-01 0.000000e+00
    outer loop
      vertex   1.750722e+02 -1.528039e+02 1.000000e+00
      vertex   1.750722e+02 -1.528039e+02 2.000000e+00
      vertex   1.751624e+02 -1.527065e+02 2.000000e+00
    endloop
  endfacet
  facet normal -7.340893e-01 6.790530e-01 0.000000e+00
    outer loop
      vertex   1.750722e+02 -1.528039e+02 1.000000e+00
      vertex   1.751624e+02 -1.527065e+02 2.000000e+00
      vertex   1.751624e+02 -1.527065e+02 1.000000e+00
    endloop
  endfacet
  facet normal -6.093100e-01 7.929321e-01 0.000000e+00
    outer loop
      vertex   1.751624e+02 -1.527065e+02 1.000000e+00
      vertex   1.751624e+02 -1.527065e+02 2.000000e+00
      vertex   1.752882e+02 -1.526098e+02 2.000000e+00
    endloop
  endfacet
  facet normal -6.093100e-01 7.929321e-01 0.000000e+00
    outer loop
      vertex   1.751624e+02 -1.527065e+02 1.000000e+00
      vertex   1.752882e+02 -1.526098e+02 2.000000e+00
      vertex   1.752882e+02 -1.526098e+02 1.000000e+00
    endloop
  endfacet
  facet normal -4.698791e-01 8.827308e-01 0.000000e+00
    outer loop
      vertex   1.752882e+02 -1.526098e+02 1.000000e+00
      vertex   1.752882e+02 -1.526098e+02 2.000000e+00
      vertex   1.756459e+02 -1.524194e+02 2.000000e+00
    endloop
  endfacet
  facet normal -4.698791e-01 8.827308e-01 2.510527e-14
    outer loop
      vertex   1.752882e+02 -1.526098e+02 1.000000e+00
      vertex   1.756459e+02 -1.524194e+02 2.000000e+00
      vertex   1.756459e+02 -1.524194e+02 1.000000e+00
    endloop
  endfacet
  facet normal -3.491883e-01 9.370526e-01 2.663264e-14
    outer loop
      vertex   1.756459e+02 -1.524194e+02 1.000000e+00
      vertex   1.756459e+02 -1.524194e+02 2.000000e+00
      vertex   1.761418e+02 -1.522346e+02 2.000000e+00
    endloop
  endfacet
  facet normal -3.491883e-01 9.370526e-01 0.000000e+00
    outer loop
      vertex   1.756459e+02 -1.524194e+02 1.000000e+00
      vertex   1.761418e+02 -1.522346e+02 2.000000e+00
      vertex   1.761418e+02 -1.522346e+02 1.000000e+00
    endloop
  endfacet
  facet normal -2.713363e-01 9.624846e-01 0.000000e+00
    outer loop
      vertex   1.761418e+02 -1.522346e+02 1.000000e+00
      vertex   1.761418e+02 -1.522346e+02 2.000000e+00
      vertex   1.767712e+02 -1.520572e+02 2.000000e+00
    endloop
  endfacet
  facet normal -2.713363e-01 9.624846e-01 0.000000e+00
    outer loop
      vertex   1.761418e+02 -1.522346e+02 1.000000e+00
      vertex   1.767712e+02 -1.520572e+02 2.000000e+00
      vertex   1.767712e+02 -1.520572e+02 1.000000e+00
    endloop
  endfacet
  facet normal -2.171473e-01 9.761388e-01 0.000000e+00
    outer loop
      vertex   1.767712e+02 -1.520572e+02 1.000000e+00
      vertex   1.767712e+02 -1.520572e+02 2.000000e+00
      vertex   1.775280e+02 -1.518888e+02 2.000000e+00
    endloop
  endfacet
  facet normal -2.171473e-01 9.761388e-01 0.000000e+00
    outer loop
      vertex   1.767712e+02 -1.520572e+02 1.000000e+00
      vertex   1.775280e+02 -1.518888e+02 2.000000e+00
      vertex   1.775280e+02 -1.518888e+02 1.000000e+00
    endloop
  endfacet
  facet normal -1.769441e-01 9.842209e-01 0.000000e+00
    outer loop
      vertex   1.775280e+02 -1.518888e+02 1.000000e+00
      vertex   1.775280e+02 -1.518888e+02 2.000000e+00
      vertex   1.784048e+02 -1.517312e+02 2.000000e+00
    endloop
  endfacet
  facet normal -1.769441e-01 9.842209e-01 2.797534e-14
    outer loop
      vertex   1.775280e+02 -1.518888e+02 1.000000e+00
      vertex   1.784048e+02 -1.517312e+02 2.000000e+00
      vertex   1.784048e+02 -1.517312e+02 1.000000e+00
    endloop
  endfacet
  facet normal -1.455456e-01 9.893515e-01 2.811906e-14
    outer loop
      vertex   1.784048e+02 -1.517312e+02 1.000000e+00
      vertex   1.784048e+02 -1.517312e+02 2.000000e+00
      vertex   1.793934e+02 -1.515858e+02 2.000000e+00
    endloop
  endfacet
  facet normal -1.455456e-01 9.893515e-01 0.000000e+00
    outer loop
      vertex   1.784048e+02 -1.517312e+02 1.000000e+00
      vertex   1.793934e+02 -1.515858e+02 2.000000e+00
      vertex   1.793934e+02 -1.515858e+02 1.000000e+00
    endloop
  endfacet
  facet normal -1.199746e-01 9.927770e-01 0.000000e+00
    outer loop
      vertex   1.793934e+02 -1.515858e+02 1.000000e+00
      vertex   1.793934e+02 -1.515858e+02 2.000000e+00
      vertex   1.804841e+02 -1.514539e+02 2.000000e+00
    endloop
  endfacet
  facet normal -1.199746e-01 9.927770e-01 0.000000e+00
    outer loop
      vertex   1.793934e+02 -1.515858e+02 1.000000e+00
      vertex   1.804841e+02 -1.514539e+02 2.000000e+00
      vertex   1.804841e+02 -1.514539e+02 1.000000e+00
    endloop
  endfacet
  facet normal -9.840771e-02 9.951462e-01 0.000000e+00
    outer loop
      vertex   1.804841e+02 -1.514539e+02 1.000000e+00
      vertex   1.804841e+02 -1.514539e+02 2.000000e+00
      vertex   1.816665e+02 -1.513370e+02 2.000000e+00
    endloop
  endfacet
  facet normal -9.840771e-02 9.951462e-01 0.000000e+00
    outer loop
      vertex   1.804841e+02 -1.514539e+02 1.000000e+00
      vertex   1.816665e+02 -1.513370e+02 2.000000e+00
      vertex   1.816665e+02 -1.513370e+02 1.000000e+00
    endloop
  endfacet
  facet normal -7.966370e-02 9.968218e-01 0.000000e+00
    outer loop
      vertex   1.816665e+02 -1.513370e+02 1.000000e+00
      vertex   1.816665e+02 -1.513370e+02 2.000000e+00
      vertex   1.829291e+02 -1.512361e+02 2.000000e+00
    endloop
  endfacet
  facet normal -7.966370e-02 9.968218e-01 -2.257036e-15
    outer loop
      vertex   1.816665e+02 -1.513370e+02 1.000000e+00
      vertex   1.829291e+02 -1.512361e+02 2.000000e+00
      vertex   1.829291e+02 -1.512361e+02 1.000000e+00
    endloop
  endfacet
  facet normal -6.293756e-02 9.980175e-01 -1.788793e-15
    outer loop
      vertex   1.829291e+02 -1.512361e+02 1.000000e+00
      vertex   1.829291e+02 -1.512361e+02 2.000000e+00
      vertex   1.842598e+02 -1.511522e+02 2.000000e+00
    endloop
  endfacet
  facet normal -6.293756e-02 9.980175e-01 0.000000e+00
    outer loop
      vertex   1.829291e+02 -1.512361e+02 1.000000e+00
      vertex   1.842598e+02 -1.511522e+02 2.000000e+00
      vertex   1.842598e+02 -1.511522e+02 1.000000e+00
    endloop
  endfacet
  facet normal -4.765369e-02 9.988639e-01 0.000000e+00
    outer loop
      vertex   1.842598e+02 -1.511522e+02 1.000000e+00
      vertex   1.842598e+02 -1.511522e+02 2.000000e+00
      vertex   1.856457e+02 -1.510861e+02 2.000000e+00
    endloop
  endfacet
  facet normal -4.765369e-02 9.988639e-01 0.000000e+00
    outer loop
      vertex   1.842598e+02 -1.511522e+02 1.000000e+00
      vertex   1.856457e+02 -1.510861e+02 2.000000e+00
      vertex   1.856457e+02 -1.510861e+02 1.000000e+00
    endloop
  endfacet
  facet normal -3.337997e-02 9.994427e-01 0.000000e+00
    outer loop
      vertex   1.856457e+02 -1.510861e+02 1.000000e+00
      vertex   1.856457e+02 -1.510861e+02 2.000000e+00
      vertex   1.870737e+02 -1.510384e+02 2.000000e+00
    endloop
  endfacet
  facet normal -3.337997e-02 9.994427e-01 0.000000e+00
    outer loop
      vertex   1.856457e+02 -1.510861e+02 1.000000e+00
      vertex   1.870737e+02 -1.510384e+02 2.000000e+00
      vertex   1.870737e+02 -1.510384e+02 1.000000e+00
    endloop
  endfacet
  facet normal -1.313118e-02 9.999138e-01 0.000000e+00
    outer loop
      vertex   1.870737e+02 -1.510384e+02 1.000000e+00
      vertex   1.870737e+02 -1.510384e+02 2.000000e+00
      vertex   1.900000e+02 -1.510000e+02 2.000000e+00
    endloop
  endfacet
  facet normal -1.313118e-02 9.999138e-01 0.000000e+00
    outer loop
      vertex   1.870737e+02 -1.510384e+02 1.000000e+00
      vertex   1.900000e+02 -1.510000e+02 2.000000e+00
      vertex   1.900000e+02 -1.510000e+02 1.000000e+00
    endloop
  endfacet
  facet normal -1.000000e+00 -2.842171e-14 -0.000000e+00
    outer loop
      vertex   1.900000e+02 -1.510000e+02 2.000000e+00
      vertex   1.900000e+02 -1.500000e+02 2.000000e+00
      vertex   1.900000e+02 -1.510000e+02 1.000000e+00
    endloop
  endfacet
  facet normal -1.000000e+00 -2.842171e-14 0.000000e+00
    outer loop
      vertex   1.900000e+02 -1.510000e+02 1.000000e+00
      vertex   1.900000e+02 -1.500000e+02 2.000000e+00
      vertex   1.900000e+02 -1.500000e+02 1.000000e+00
    endloop
  endfacet
  facet normal 0.000000e+00 0.000000e+00 1.000000e+00
    outer loop
      vertex   1.900000e+02 -1.500000e+02 1.000000e+00
      vertex   1.866835e+02 -1.500576e+02 1.000000e+00
      vertex   1.900000e+02 -1.510000e+02 1.000000e+00
    endloop
  endfacet
  facet normal 0.000000e+00 0.000000e+00 1.000000e+00
    outer loop
      vertex   1.900000e+02 -1.510000e+02 1.000000e+00
      vertex   1.866835e+02 -1.500576e+02 1.000000e+00
      vertex   1.870737e+02 -1.510384e+02 1.000000e+00
    endloop
  endfacet
  facet normal 0.000000e+00 0.000000e+00 1.000000e+00
    outer loop
      vertex   1.870737e+02 -1.510384e+02 1.000000e+00
      vertex   1.866835e+02 -1.500576e+02 1.000000e+00
      vertex   1.850652e+02 -1.501291e+02 1.000000e+00
    endloop
  endfacet
  facet normal 0.000000e+00 0.000000e+00 1.000000e+00
    outer loop
      vertex   1.870737e+02 -1.510384e+02 1.000000e+00
      vertex   1.850652e+02 -1.501291e+02 1.000000e+00
      vertex   1.856457e+02 -1.510861e+02 1.000000e+00
    endloop
  endfacet
  facet normal 0.000000e+00 0.000000e+00 1.000000e+00
    outer loop
      vertex   1.856457e+02 -1.510861e+02 1.000000e+00
      vertex   1.850652e+02 -1.501291e+02 1.000000e+00
      vertex   1.834944e+02 -1.502283e+02 1.000000e+00
    endloop
  endfacet
  facet normal 0.000000e+00 0.000000e+00 1.000000e+00
    outer loop
      vertex   1.856457e+02 -1.510861e+02 1.000000e+00
      vertex   1.834944e+02 -1.502283e+02 1.000000e+00
      vertex   1.842598e+02 -1.511522e+02 1.000000e+00
    endloop
  endfacet
  facet normal 0.000000e+00 0.000000e+00 1.000000e+00
    outer loop
      vertex   1.842598e+02 -1.511522e+02 1.000000e+00
      vertex   1.834944e+02 -1.502283e+02 1.000000e+00
      vertex   1.819863e+02 -1.503542e+02 1.000000e+00
    endloop
  endfacet
  facet normal 0.000000e+00 0.000000e+00 1.000000e+00
    outer loop
      vertex   1.842598e+02 -1.511522e+02 1.000000e+00
      vertex   1.819863e+02 -1.503542e+02 1.000000e+00
      vertex   1.829291e+02 -1.512361e+02 1.000000e+00
    endloop
  endfacet
  facet normal 0.000000e+00 0.000000e+00 1.000000e+00
    outer loop
      vertex   1.829291e+02 -1.512361e+02 1.000000e+00
      vertex   1.819863e+02 -1.503542e+02 1.000000e+00
      vertex   1.805553e+02 -1.505056e+02 1.000000e+00
    endloop
  endfacet
  facet normal 0.000000e+00 0.000000e+00 1.000000e+00
    outer loop
      vertex   1.829291e+02 -1.512361e+02 1.000000e+00
      vertex   1.805553e+02 -1.505056e+02 1.000000e+00
      vertex   1.816665e+02 -1.513370e+02 1.000000e+00
    endloop
  endfacet
  facet normal 0.000000e+00 0.000000e+00 1.000000e+00
    outer loop
      vertex   1.816665e+02 -1.513370e+02 1.000000e+00
      vertex   1.805553e+02 -1.505056e+02 1.000000e+00
      vertex   1.792153e+02 -1.506809e+02 1.000000e+00
    endloop
  endfacet
  facet normal 0.000000e+00 0.000000e+00 1.000000e+00
    outer loop
      vertex   1.816665e+02 -1.513370e+02 1.000000e+00
      vertex   1.792153e+02 -1.506809e+02 1.000000e+00
      vertex   1.804841e+02 -1.514539e+02 1.000000e+00
    endloop
  endfacet
  facet normal 0.000000e+00 0.000000e+00 1.000000e+00
    outer loop
      vertex   1.804841e+02 -1.514539e+02 1.000000e+00
      vertex   1.792153e+02 -1.506809e+02 1.000000e+00
      vertex   1.779792e+02 -1.508786e+02 1.000000e+00
    endloop
  endfacet
  facet normal 0.000000e+00 0.000000e+00 1.000000e+00
    outer loop
      vertex   1.804841e+02 -1.514539e+02 1.000000e+00
      vertex   1.779792e+02 -1.508786e+02 1.000000e+00
      vertex   1.768588e+02 -1.510968e+02 1.000000e+00
    endloop
  endfacet
  facet normal 0.000000e+00 0.000000e+00 1.000000e+00
    outer loop
      vertex   1.804841e+02 -1.514539e+02 1.000000e+00
      vertex   1.768588e+02 -1.510968e+02 1.000000e+00
      vertex   1.793934e+02 -1.515858e+02 1.000000e+00
    endloop
  endfacet
  facet normal 0.000000e+00 0.000000e+00 1.000000e+00
    outer loop
      vertex   1.793934e+02 -1.515858e+02 1.000000e+00
      vertex   1.768588e+02 -1.510968e+02 1.000000e+00
      vertex   1.758650e+02 -1.513333e+02 1.000000e+00
    endloop
  endfacet
  facet normal 0.000000e+00 0.000000e+00 1.000000e+00
    outer loop
      vertex   1.793934e+02 -1.515858e+02 1.000000e+00
      vertex   1.758650e+02 -1.513333e+02 1.000000e+00
      vertex   1.784048e+02 -1.517312e+02 1.000000e+00
    endloop
  endfacet
  facet normal 0.000000e+00 0.000000e+00 1.000000e+00
    outer loop
      vertex   1.784048e+02 -1.517312e+02 1.000000e+00
      vertex   1.758650e+02 -1.513333e+02 1.000000e+00
      vertex   1.775280e+02 -1.518888e+02 1.000000e+00
    endloop
  endfacet
  facet normal 0.000000e+00 0.000000e+00 1.000000e+00
    outer loop
      vertex   1.775280e+02 -1.518888e+02 1.000000e+00
      vertex   1.758650e+02 -1.513333e+02 1.000000e+00
      vertex   1.750073e+02 -1.515858e+02 1.000000e+00
    endloop
  endfacet
  facet normal 0.000000e+00 0.000000e+00 1.000000e+00
    outer loop
      vertex   1.775280e+02 -1.518888e+02 1.000000e+00
      vertex   1.750073e+02 -1.515858e+02 1.000000e+00
      vertex   1.767712e+02 -1.520572e+02 1.000000e+00
    endloop
  endfacet
  facet normal 0.000000e+00 0.000000e+00 1.000000e+00
    outer loop
      vertex   1.767712e+02 -1.520572e+02 1.000000e+00
      vertex   1.750073e+02 -1.515858e+02 1.000000e+00
      vertex   1.742941e+02 -1.518519e+02 1.000000e+00
    endloop
  endfacet
  facet normal 0.000000e+00 0.000000e+00 1.000000e+00
    outer loop
      vertex   1.767712e+02 -1.520572e+02 1.000000e+00
      vertex   1.742941e+02 -1.518519e+02 1.000000e+00
      vertex   1.761418e+02 -1.522346e+02 1.000000e+00
    endloop
  endfacet
  facet normal 0.000000e+00 0.000000e+00 1.000000e+00
    outer loop
      vertex   1.761418e+02 -1.522346e+02 1.000000e+00
      vertex   1.742941e+02 -1.518519e+02 1.000000e+00
      vertex   1.737320e+02 -1.521291e+02 1.000000e+00
    endloop
  endfacet
  facet normal 0.000000e+00 0.000000e+00 1.000000e+00
    outer loop
      vertex   1.761418e+02 -1.522346e+02 1.000000e+00
      vertex   1.737320e+02 -1.521291e+02 1.000000e+00
      vertex   1.756459e+02 -1.524194e+02 1.000000e+00
    endloop
  endfacet
  facet normal 0.000000e+00 0.000000e+00 1.000000e+00
    outer loop
      vertex   1.756459e+02 -1.524194e+02 1.000000e+00
      vertex   1.737320e+02 -1.521291e+02 1.000000e+00
      vertex   1.733267e+02 -1.524147e+02 1.000000e+00
    endloop
  endfacet
  facet normal 0.000000e+00 0.000000e+00 1.000000e+00
    outer loop
      vertex   1.756459e+02 -1.524194e+02 1.000000e+00
      vertex   1.733267e+02 -1.524147e+02 1.000000e+00
      vertex   1.752882e+02 -1.526098e+02 1.000000e+00
    endloop
  endfacet
  facet normal 0.000000e+00 0.000000e+00 1.000000e+00
    outer loop
      vertex   1.752882e+02 -1.526098e+02 1.000000e+00
      vertex   1.733267e+02 -1.524147e+02 1.000000e+00
      vertex   1.731840e+02 -1.525598e+02 1.000000e+00
    endloop
  endfacet
  facet normal 0.000000e+00 0.000000e+00 1.000000e+00
    outer loop
      vertex   1.752882e+02 -1.526098e+02 1.000000e+00
      vertex   1.731840e+02 -1.525598e+02 1.000000e+00
      vertex   1.751624e+02 -1.527065e+02 1.000000e+00
    endloop
  endfacet
  facet normal 0.000000e+00 0.000000e+00 1.000000e+00
    outer loop
      vertex   1.751624e+02 -1.527065e+02 1.000000e+00
      vertex   1.731840e+02 -1.525598e+02 1.000000e+00
      vertex   1.730819e+02 -1.527059e+02 1.000000e+00
    endloop
  endfacet
  facet normal 0.000000e+00 0.000000e+00 1.000000e+00
    outer loop
      vertex   1.751624e+02 -1.527065e+02 1.000000e+00
      vertex   1.730819e+02 -1.527059e+02 1.000000e+00
      vertex   1.750722e+02 -1.528039e+02 1.000000e+00
    endloop
  endfacet
  facet normal 0.000000e+00 0.000000e+00 1.000000e+00
    outer loop
      vertex   1.750722e+02 -1.528039e+02 1.000000e+00
      vertex   1.730819e+02 -1.527059e+02 1.000000e+00
      vertex   1.730205e+02 -1.528528e+02 1.000000e+00
    endloop
  endfacet
  facet normal 0.000000e+00 0.000000e+00 1.000000e+00
    outer loop
      vertex   1.750722e+02 -1.528039e+02 1.000000e+00
      vertex   1.730205e+02 -1.528528e+02 1.000000e+00
      vertex   1.750406e+02 -1.528529e+02 1.000000e+00
    endloop
  endfacet
  facet normal 0.000000e+00 0.000000e+00 1.000000e+00
    outer loop
      vertex   1.750406e+02 -1.528529e+02 1.000000e+00
      vertex   1.730205e+02 -1.528528e+02 1.000000e+00
      vertex   1.750181e+02 -1.529018e+02 1.000000e+00
    endloop
  endfacet
  facet normal 0.000000e+00 0.000000e+00 1.000000e+00
    outer loop
      vertex   1.750181e+02 -1.529018e+02 1.000000e+00
      vertex   1.730205e+02 -1.528528e+02 1.000000e+00
      vertex   1.730051e+02 -1.529264e+02 1.000000e+00
    endloop
  endfacet
  facet normal 0.000000e+00 0.000000e+00 1.000000e+00
    outer loop
      vertex   1.750181e+02 -1.529018e+02 1.000000e+00
      vertex   1.730051e+02 -1.529264e+02 1.000000e+00
      vertex   1.750045e+02 -1.529509e+02 1.000000e+00
    endloop
  endfacet
  facet normal 0.000000e+00 0.000000e+00 1.000000e+00
    outer loop
      vertex   1.750045e+02 -1.529509e+02 1.000000e+00
      vertex   1.730051e+02 -1.529264e+02 1.000000e+00
      vertex   1.730000e+02 -1.530000e+02 1.000000e+00
    endloop
  endfacet
  facet normal 0.000000e+00 0.000000e+00 1.000000e+00
    outer loop
      vertex   1.750045e+02 -1.529509e+02 1.000000e+00
      vertex   1.730000e+02 -1.530000e+02 1.000000e+00
      vertex   1.750000e+02 -1.530000e+02 1.000000e+00
    endloop
  endfacet
  facet normal 4.967056e-09 1.000000e+00 0.000000e+00
    outer loop
      vertex   1.729615e+02 -1.800000e+02 2.000000e+00
      vertex   1.739642e+02 -1.800000e+02 2.000000e+00
      vertex   1.729615e+02 -1.800000e+02 1.000000e+00
    endloop
  endfacet
  facet normal 4.967056e-09 1.000000e+00 0.000000e+00
    outer loop
      vertex   1.729615e+02 -1.800000e+02 1.000000e+00
      vertex   1.739642e+02 -1.800000e+02 2.000000e+00
      vertex   1.739642e+02 -1.800000e+02 1.000000e+00
    endloop
  endfacet
  facet normal -1.170373e-01 9.931275e-01 0.000000e+00
    outer loop
      vertex   1.739642e+02 -1.800000e+02 1.000000e+00
      vertex   1.739642e+02 -1.800000e+02 2.000000e+00
      vertex   1.741967e+02 -1.799726e+02 1.000000e+00
    endloop
  endfacet
  facet normal -1.170373e-01 9.931275e-01 0.000000e+00
    outer loop
      vertex   1.741967e+02 -1.799726e+02 1.000000e+00
      vertex   1.739642e+02 -1.800000e+02 2.000000e+00
      vertex   1.741967e+02 -1.799726e+02 2.000000e+00
    endloop
  endfacet
  facet normal -3.446992e-01 9.387132e-01 0.000000e+00
    outer loop
      vertex   1.741967e+02 -1.799726e+02 1.000000e+00
      vertex   1.741967e+02 -1.799726e+02 2.000000e+00
      vertex   1.744164e+02 -1.798919e+02 1.000000e+00
    endloop
  endfacet
  facet normal -3.446992e-01 9.387132e-01 0.000000e+00
    outer loop
      vertex   1.744164e+02 -1.798919e+02 1.000000e+00
      vertex   1.741967e+02 -1.799726e+02 2.000000e+00
      vertex   1.744164e+02 -1.798919e+02 2.000000e+00
    endloop
  endfacet
  facet normal -5.534748e-01 8.328659e-01 0.000000e+00
    outer loop
      vertex   1.744164e+02 -1.798919e+02 1.000000e+00
      vertex   1.744164e+02 -1.798919e+02 2.000000e+00
      vertex   1.746114e+02 -1.797624e+02 1.000000e+00
    endloop
  endfacet
  facet normal -5.534748e-01 8.328659e-01 0.000000e+00
    outer loop
      vertex   1.746114e+02 -1.797624e+02 1.000000e+00
      vertex   1.744164e+02 -1.798919e+02 2.000000e+00
      vertex   1.746114e+02 -1.797624e+02 2.000000e+00
    endloop
  endfacet
  facet normal -7.319250e-01 6.813852e-01 0.000000e+00
    outer loop
      vertex   1.746114e+02 -1.797624e+02 1.000000e+00
      vertex   1.746114e+02 -1.797624e+02 2.000000e+00
      vertex   1.747709e+02 -1.795910e+02 1.000000e+00
    endloop
  endfacet
  facet normal -7.319250e-01 6.813852e-01 0.000000e+00
    outer loop
      vertex   1.747709e+02 -1.795910e+02 1.000000e+00
      vertex   1.746114e+02 -1.797624e+02 2.000000e+00
      vertex   1.747709e+02 -1.795910e+02 2.000000e+00
    endloop
  endfacet
  facet normal -8.702724e-01 4.925707e-01 0.000000e+00
    outer loop
      vertex   1.747709e+02 -1.795910e+02 1.000000e+00
      vertex   1.747709e+02 -1.795910e+02 2.000000e+00
      vertex   1.748862e+02 -1.793873e+02 1.000000e+00
    endloop
  endfacet
  facet normal -8.702724e-01 4.925707e-01 0.000000e+00
    outer loop
      vertex   1.748862e+02 -1.793873e+02 1.000000e+00
      vertex   1.747709e+02 -1.795910e+02 2.000000e+00
      vertex   1.748862e+02 -1.793873e+02 2.000000e+00
    endloop
  endfacet
  facet normal -9.609368e-01 2.767679e-01 0.000000e+00
    outer loop
      vertex   1.748862e+02 -1.793873e+02 1.000000e+00
      vertex   1.748862e+02 -1.793873e+02 2.000000e+00
      vertex   1.749510e+02 -1.791624e+02 1.000000e+00
    endloop
  endfacet
  facet normal -9.609368e-01 2.767679e-01 0.000000e+00
    outer loop
      vertex   1.749510e+02 -1.791624e+02 1.000000e+00
      vertex   1.748862e+02 -1.793873e+02 2.000000e+00
      vertex   1.749510e+02 -1.791624e+02 2.000000e+00
    endloop
  endfacet
  facet normal -9.989506e-01 4.580066e-02 0.000000e+00
    outer loop
      vertex   1.749510e+02 -1.791624e+02 1.000000e+00
      vertex   1.749510e+02 -1.791624e+02 2.000000e+00
      vertex   1.749617e+02 -1.789286e+02 1.000000e+00
    endloop
  endfacet
  facet normal -9.989506e-01 4.580066e-02 0.000000e+00
    outer loop
      vertex   1.749617e+02 -1.789286e+02 1.000000e+00
      vertex   1.749510e+02 -1.791624e+02 2.000000e+00
      vertex   1.749617e+02 -1.789286e+02 2.000000e+00
    endloop
  endfacet
  facet normal -9.925083e-01 -1.221769e-01 0.000000e+00
    outer loop
      vertex   1.749617e+02 -1.789286e+02 1.000000e+00
      vertex   1.749617e+02 -1.789286e+02 2.000000e+00
      vertex   1.747749e+02 -1.774109e+02 1.000000e+00
    endloop
  endfacet
  facet normal -9.925083e-01 -1.221769e-01 0.000000e+00
    outer loop
      vertex   1.747749e+02 -1.774109e+02 1.000000e+00
      vertex   1.749617e+02 -1.789286e+02 2.000000e+00
      vertex   1.747749e+02 -1.774109e+02 2.000000e+00
    endloop
  endfacet
  facet normal -9.749122e-01 -2.225896e-01 0.000000e+00
    outer loop
      vertex   1.747749e+02 -1.774109e+02 1.000000e+00
      vertex   1.747749e+02 -1.774109e+02 2.000000e+00
      vertex   1.744345e+02 -1.759201e+02 2.000000e+00
    endloop
  endfacet
  facet normal -9.749122e-01 -2.225896e-01 0.000000e+00
    outer loop
      vertex   1.747749e+02 -1.774109e+02 1.000000e+00
      vertex   1.744345e+02 -1.759201e+02 2.000000e+00
      vertex   1.744345e+02 -1.759201e+02 1.000000e+00
    endloop
  endfacet
  facet normal -9.471845e-01 -3.206890e-01 0.000000e+00
    outer loop
      vertex   1.744345e+02 -1.759201e+02 1.000000e+00
      vertex   1.744345e+02 -1.759201e+02 2.000000e+00
      vertex   1.739441e+02 -1.744717e+02 2.000000e+00
    endloop
  endfacet
  facet normal -9.471845e-01 -3.206890e-01 0.000000e+00
    outer loop
      vertex   1.744345e+02 -1.759201e+02 1.000000e+00
      vertex   1.739441e+02 -1.744717e+02 2.000000e+00
      vertex   1.739441e+02 -1.744717e+02 1.000000e+00
    endloop
  endfacet
  facet normal -9.096134e-01 -4.154558e-01 0.000000e+00
    outer loop
      vertex   1.739441e+02 -1.744717e+02 1.000000e+00
      vertex   1.739441e+02 -1.744717e+02 2.000000e+00
      vertex   1.733088e+02 -1.730808e+02 2.000000e+00
    endloop
  endfacet
  facet normal -9.096134e-01 -4.154558e-01 0.000000e+00
    outer loop
      vertex   1.739441e+02 -1.744717e+02 1.000000e+00
      vertex   1.733088e+02 -1.730808e+02 2.000000e+00
      vertex   1.733088e+02 -1.730808e+02 1.000000e+00
    endloop
  endfacet
  facet normal -8.625892e-01 -5.059050e-01 0.000000e+00
    outer loop
      vertex   1.733088e+02 -1.730808e+02 1.000000e+00
      vertex   1.733088e+02 -1.730808e+02 2.000000e+00
      vertex   1.725352e+02 -1.717618e+02 2.000000e+00
    endloop
  endfacet
  facet normal -8.625892e-01 -5.059050e-01 0.000000e+00
    outer loop
      vertex   1.733088e+02 -1.730808e+02 1.000000e+00
      vertex   1.725352e+02 -1.717618e+02 2.000000e+00
      vertex   1.725352e+02 -1.717618e+02 1.000000e+00
    endloop
  endfacet
  facet normal -8.066008e-01 -5.910966e-01 0.000000e+00
    outer loop
      vertex   1.725352e+02 -1.717618e+02 1.000000e+00
      vertex   1.725352e+02 -1.717618e+02 2.000000e+00
      vertex   1.716313e+02 -1.705284e+02 2.000000e+00
    endloop
  endfacet
  facet normal -8.066008e-01 -5.910966e-01 0.000000e+00
    outer loop
      vertex   1.725352e+02 -1.717618e+02 1.000000e+00
      vertex   1.716313e+02 -1.705284e+02 2.000000e+00
      vertex   1.716313e+02 -1.705284e+02 1.000000e+00
    endloop
  endfacet
  facet normal -7.422298e-01 -6.701454e-01 0.000000e+00
    outer loop
      vertex   1.716313e+02 -1.705284e+02 1.000000e+00
      vertex   1.716313e+02 -1.705284e+02 2.000000e+00
      vertex   1.706066e+02 -1.693934e+02 2.000000e+00
    endloop
  endfacet
  facet normal -7.422298e-01 -6.701454e-01 0.000000e+00
    outer loop
      vertex   1.716313e+02 -1.705284e+02 1.000000e+00
      vertex   1.706066e+02 -1.693934e+02 2.000000e+00
      vertex   1.706066e+02 -1.693934e+02 1.000000e+00
    endloop
  endfacet
  facet normal -6.701454e-01 -7.422298e-01 0.000000e+00
    outer loop
      vertex   1.706066e+02 -1.693934e+02 1.000000e+00
      vertex   1.706066e+02 -1.693934e+02 2.000000e+00
      vertex   1.694716e+02 -1.683686e+02 2.000000e+00
    endloop
  endfacet
  facet normal -6.701454e-01 -7.422298e-01 0.000000e+00
    outer loop
      vertex   1.706066e+02 -1.693934e+02 1.000000e+00
      vertex   1.694716e+02 -1.683686e+02 2.000000e+00
      vertex   1.694716e+02 -1.683686e+02 1.000000e+00
    endloop
  endfacet
  facet normal -5.910966e-01 -8.066008e-01 0.000000e+00
    outer loop
      vertex   1.694716e+02 -1.683686e+02 1.000000e+00
      vertex   1.694716e+02 -1.683686e+02 2.000000e+00
      vertex   1.682382e+02 -1.674648e+02 2.000000e+00
    endloop
  endfacet
  facet normal -5.910966e-01 -8.066008e-01 0.000000e+00
    outer loop
      vertex   1.694716e+02 -1.683686e+02 1.000000e+00
      vertex   1.682382e+02 -1.674648e+02 2.000000e+00
      vertex   1.682382e+02 -1.674648e+02 1.000000e+00
    endloop
  endfacet
  facet normal -5.059050e-01 -8.625892e-01 0.000000e+00
    outer loop
      vertex   1.682382e+02 -1.674648e+02 1.000000e+00
      vertex   1.682382e+02 -1.674648e+02 2.000000e+00
      vertex   1.669192e+02 -1.666912e+02 2.000000e+00
    endloop
  endfacet
  facet normal -5.059050e-01 -8.625892e-01 0.000000e+00
    outer loop
      vertex   1.682382e+02 -1.674648e+02 1.000000e+00
      vertex   1.669192e+02 -1.666912e+02 2.000000e+00
      vertex   1.669192e+02 -1.666912e+02 1.000000e+00
    endloop
  endfacet
  facet normal -4.154558e-01 -9.096134e-01 0.000000e+00
    outer loop
      vertex   1.669192e+02 -1.666912e+02 1.000000e+00
      vertex   1.669192e+02 -1.666912e+02 2.000000e+00
      vertex   1.655283e+02 -1.660559e+02 2.000000e+00
    endloop
  endfacet
  facet normal -4.154558e-01 -9.096134e-01 0.000000e+00
    outer loop
      vertex   1.669192e+02 -1.666912e+02 1.000000e+00
      vertex   1.655283e+02 -1.660559e+02 2.000000e+00
      vertex   1.655283e+02 -1.660559e+02 1.000000e+00
    endloop
  endfacet
  facet normal -3.206890e-01 -9.471845e-01 0.000000e+00
    outer loop
      vertex   1.655283e+02 -1.660559e+02 1.000000e+00
      vertex   1.655283e+02 -1.660559e+02 2.000000e+00
      vertex   1.640799e+02 -1.655655e+02 2.000000e+00
    endloop
  endfacet
  facet normal -3.206890e-01 -9.471845e-01 0.000000e+00
    outer loop
      vertex   1.655283e+02 -1.660559e+02 1.000000e+00
      vertex   1.640799e+02 -1.655655e+02 2.000000e+00
      vertex   1.640799e+02 -1.655655e+02 1.000000e+00
    endloop
  endfacet
  facet normal -2.225896e-01 -9.749122e-01 0.000000e+00
    outer loop
      vertex   1.640799e+02 -1.655655e+02 1.000000e+00
      vertex   1.640799e+02 -1.655655e+02 2.000000e+00
      vertex   1.625891e+02 -1.652251e+02 2.000000e+00
    endloop
  endfacet
  facet normal -2.225896e-01 -9.749122e-01 0.000000e+00
    outer loop
      vertex   1.640799e+02 -1.655655e+02 1.000000e+00
      vertex   1.625891e+02 -1.652251e+02 2.000000e+00
      vertex   1.625891e+02 -1.652251e+02 1.000000e+00
    endloop
  endfacet
  facet normal -1.221769e-01 -9.925083e-01 0.000000e+00
    outer loop
      vertex   1.625891e+02 -1.652251e+02 1.000000e+00
      vertex   1.625891e+02 -1.652251e+02 2.000000e+00
      vertex   1.610714e+02 -1.650383e+02 1.000000e+00
    endloop
  endfacet
  facet normal -1.221769e-01 -9.925083e-01 0.000000e+00
    outer loop
      vertex   1.610714e+02 -1.650383e+02 1.000000e+00
      vertex   1.625891e+02 -1.652251e+02 2.000000e+00
      vertex   1.610714e+02 -1.650383e+02 2.000000e+00
    endloop
  endfacet
  facet normal 4.580064e-02 -9.989506e-01 0.000000e+00
    outer loop
      vertex   1.610714e+02 -1.650383e+02 1.000000e+00
      vertex   1.610714e+02 -1.650383e+02 2.000000e+00
      vertex   1.608376e+02 -1.650490e+02 1.000000e+00
    endloop
  endfacet
  facet normal 4.580064e-02 -9.989506e-01 0.000000e+00
    outer loop
      vertex   1.608376e+02 -1.650490e+02 1.000000e+00
      vertex   1.610714e+02 -1.650383e+02 2.000000e+00
      vertex   1.608376e+02 -1.650490e+02 2.000000e+00
    endloop
  endfacet
  facet normal 2.767678e-01 -9.609368e-01 0.000000e+00
    outer loop
      vertex   1.608376e+02 -1.650490e+02 1.000000e+00
      vertex   1.608376e+02 -1.650490e+02 2.000000e+00
      vertex   1.606127e+02 -1.651138e+02 1.000000e+00
    endloop
  endfacet
  facet normal 2.767678e-01 -9.609368e-01 0.000000e+00
    outer loop
      vertex   1.606127e+02 -1.651138e+02 1.000000e+00
      vertex   1.608376e+02 -1.650490e+02 2.000000e+00
      vertex   1.606127e+02 -1.651138e+02 2.000000e+00
    endloop
  endfacet
  facet normal 4.925707e-01 -8.702724e-01 0.000000e+00
    outer loop
      vertex   1.606127e+02 -1.651138e+02 1.000000e+00
      vertex   1.606127e+02 -1.651138e+02 2.000000e+00
      vertex   1.604090e+02 -1.652291e+02 1.000000e+00
    endloop
  endfacet
  facet normal 4.925707e-01 -8.702724e-01 0.000000e+00
    outer loop
      vertex   1.604090e+02 -1.652291e+02 1.000000e+00
      vertex   1.606127e+02 -1.651138e+02 2.000000e+00
      vertex   1.604090e+02 -1.652291e+02 2.000000e+00
    endloop
  endfacet
  facet normal 6.813851e-01 -7.319251e-01 0.000000e+00
    outer loop
      vertex   1.604090e+02 -1.652291e+02 1.000000e+00
      vertex   1.604090e+02 -1.652291e+02 2.000000e+00
      vertex   1.602376e+02 -1.653886e+02 1.000000e+00
    endloop
  endfacet
  facet normal 6.813851e-01 -7.319251e-01 0.000000e+00
    outer loop
      vertex   1.602376e+02 -1.653886e+02 1.000000e+00
      vertex   1.604090e+02 -1.652291e+02 2.000000e+00
      vertex   1.602376e+02 -1.653886e+02 2.000000e+00
    endloop
  endfacet
  facet normal 8.328659e-01 -5.534748e-01 0.000000e+00
    outer loop
      vertex   1.602376e+02 -1.653886e+02 1.000000e+00
      vertex   1.602376e+02 -1.653886e+02 2.000000e+00
      vertex   1.601081e+02 -1.655836e+02 1.000000e+00
    endloop
  endfacet
  facet normal 8.328659e-01 -5.534748e-01 0.000000e+00
    outer loop
      vertex   1.601081e+02 -1.655836e+02 1.000000e+00
      vertex   1.602376e+02 -1.653886e+02 2.000000e+00
      vertex   1.601081e+02 -1.655836e+02 2.000000e+00
    endloop
  endfacet
  facet normal 9.387132e-01 -3.446993e-01 0.000000e+00
    outer loop
      vertex   1.601081e+02 -1.655836e+02 1.000000e+00
      vertex   1.601081e+02 -1.655836e+02 2.000000e+00
      vertex   1.600274e+02 -1.658033e+02 1.000000e+00
    endloop
  endfacet
  facet normal 9.387132e-01 -3.446993e-01 0.000000e+00
    outer loop
      vertex   1.600274e+02 -1.658033e+02 1.000000e+00
      vertex   1.601081e+02 -1.655836e+02 2.000000e+00
      vertex   1.600274e+02 -1.658033e+02 2.000000e+00
    endloop
  endfacet
  facet normal 9.931275e-01 -1.170373e-01 0.000000e+00
    outer loop
      vertex   1.600274e+02 -1.658033e+02 1.000000e+00
      vertex   1.600274e+02 -1.658033e+02 2.000000e+00
      vertex   1.600000e+02 -1.660358e+02 1.000000e+00
    endloop
  endfacet
  facet normal 9.931275e-01 -1.170373e-01 0.000000e+00
    outer loop
      vertex   1.600000e+02 -1.660358e+02 1.000000e+00
      vertex   1.600274e+02 -1.658033e+02 2.000000e+00
      vertex   1.600000e+02 -1.660358e+02 2.000000e+00
    endloop
  endfacet
  facet normal 1.000000e+00 5.668700e-14 0.000000e+00
    outer loop
      vertex   1.600000e+02 -1.660358e+02 2.000000e+00
      vertex   1.600000e+02 -1.670385e+02 2.000000e+00
      vertex   1.600000e+02 -1.660358e+02 1.000000e+00
    endloop
  endfacet
  facet normal 1.000000e+00 5.668700e-14 0.000000e+00
    outer loop
      vertex   1.600000e+02 -1.660358e+02 1.000000e+00
      vertex   1.600000e+02 -1.670385e+02 2.000000e+00
      vertex   1.600000e+02 -1.670385e+02 1.000000e+00
    endloop
  endfacet
  facet normal 9.922620e-01 1.241618e-01 -0.000000e+00
    outer loop
      vertex   1.600000e+02 -1.670385e+02 1.000000e+00
      vertex   1.600000e+02 -1.670385e+02 2.000000e+00
      vertex   1.600308e+02 -1.672849e+02 1.000000e+00
    endloop
  endfacet
  facet normal 9.922620e-01 1.241618e-01 -0.000000e+00
    outer loop
      vertex   1.600308e+02 -1.672849e+02 1.000000e+00
      vertex   1.600000e+02 -1.670385e+02 2.000000e+00
      vertex   1.600308e+02 -1.672849e+02 2.000000e+00
    endloop
  endfacet
  facet normal 9.310745e-01 3.648291e-01 -0.000000e+00
    outer loop
      vertex   1.600308e+02 -1.672849e+02 1.000000e+00
      vertex   1.600308e+02 -1.672849e+02 2.000000e+00
      vertex   1.601214e+02 -1.675161e+02 1.000000e+00
    endloop
  endfacet
  facet normal 9.310745e-01 3.648291e-01 -0.000000e+00
    outer loop
      vertex   1.601214e+02 -1.675161e+02 1.000000e+00
      vertex   1.600308e+02 -1.672849e+02 2.000000e+00
      vertex   1.601214e+02 -1.675161e+02 2.000000e+00
    endloop
  endfacet
  facet normal 8.124726e-01 5.829994e-01 -0.000000e+00
    outer loop
      vertex   1.601214e+02 -1.675161e+02 1.000000e+00
      vertex   1.601214e+02 -1.675161e+02 2.000000e+00
      vertex   1.602662e+02 -1.677179e+02 1.000000e+00
    endloop
  endfacet
  facet normal 8.124726e-01 5.829994e-01 -0.000000e+00
    outer loop
      vertex   1.602662e+02 -1.677179e+02 1.000000e+00
      vertex   1.601214e+02 -1.675161e+02 2.000000e+00
      vertex   1.602662e+02 -1.677179e+02 2.000000e+00
    endloop
  endfacet
  facet normal 6.437699e-01 7.652192e-01 -0.000000e+00
    outer loop
      vertex   1.602662e+02 -1.677179e+02 1.000000e+00
      vertex   1.602662e+02 -1.677179e+02 2.000000e+00
      vertex   1.604562e+02 -1.678777e+02 1.000000e+00
    endloop
  endfacet
  facet normal 6.437699e-01 7.652192e-01 -0.000000e+00
    outer loop
      vertex   1.604562e+02 -1.678777e+02 1.000000e+00
      vertex   1.602662e+02 -1.677179e+02 2.000000e+00
      vertex   1.604562e+02 -1.678777e+02 2.000000e+00
    endloop
  endfacet
  facet normal 4.353693e-01 9.002520e-01 -0.000000e+00
    outer loop
      vertex   1.604562e+02 -1.678777e+02 1.000000e+00
      vertex   1.604562e+02 -1.678777e+02 2.000000e+00
      vertex   1.606798e+02 -1.679859e+02 1.000000e+00
    endloop
  endfacet
  facet normal 4.353693e-01 9.002520e-01 -0.000000e+00
    outer loop
      vertex   1.606798e+02 -1.679859e+02 1.000000e+00
      vertex   1.604562e+02 -1.678777e+02 2.000000e+00
      vertex   1.606798e+02 -1.679859e+02 2.000000e+00
    endloop
  endfacet
  facet normal 2.001218e-01 9.797710e-01 -0.000000e+00
    outer loop
      vertex   1.606798e+02 -1.679859e+02 1.000000e+00
      vertex   1.606798e+02 -1.679859e+02 2.000000e+00
      vertex   1.609231e+02 -1.680356e+02 1.000000e+00
    endloop
  endfacet
  facet normal 2.001218e-01 9.797710e-01 -0.000000e+00
    outer loop
      vertex   1.609231e+02 -1.680356e+02 1.000000e+00
      vertex   1.606798e+02 -1.679859e+02 2.000000e+00
      vertex   1.609231e+02 -1.680356e+02 2.000000e+00
    endloop
  endfacet
  facet normal 1.356133e-01 9.907619e-01 -0.000000e+00
    outer loop
      vertex   1.609231e+02 -1.680356e+02 1.000000e+00
      vertex   1.609231e+02 -1.680356e+02 2.000000e+00
      vertex   1.623260e+02 -1.682276e+02 1.000000e+00
    endloop
  endfacet
  facet normal 1.356133e-01 9.907619e-01 7.708721e-15
    outer loop
      vertex   1.623260e+02 -1.682276e+02 1.000000e+00
      vertex   1.609231e+02 -1.680356e+02 2.000000e+00
      vertex   1.623260e+02 -1.682276e+02 2.000000e+00
    endloop
  endfacet
  facet normal 2.513734e-01 9.678902e-01 1.428892e-14
    outer loop
      vertex   1.623260e+02 -1.682276e+02 1.000000e+00
      vertex   1.623260e+02 -1.682276e+02 2.000000e+00
      vertex   1.636965e+02 -1.685835e+02 1.000000e+00
    endloop
  endfacet
  facet normal 2.513734e-01 9.678902e-01 -0.000000e+00
    outer loop
      vertex   1.636965e+02 -1.685835e+02 1.000000e+00
      vertex   1.623260e+02 -1.682276e+02 2.000000e+00
      vertex   1.636965e+02 -1.685835e+02 2.000000e+00
    endloop
  endfacet
  facet normal 3.636335e-01 9.315421e-01 -0.000000e+00
    outer loop
      vertex   1.636965e+02 -1.685835e+02 1.000000e+00
      vertex   1.636965e+02 -1.685835e+02 2.000000e+00
      vertex   1.650155e+02 -1.690984e+02 1.000000e+00
    endloop
  endfacet
  facet normal 3.636335e-01 9.315421e-01 -0.000000e+00
    outer loop
      vertex   1.650155e+02 -1.690984e+02 1.000000e+00
      vertex   1.636965e+02 -1.685835e+02 2.000000e+00
      vertex   1.650155e+02 -1.690984e+02 2.000000e+00
    endloop
  endfacet
  facet normal 4.708305e-01 8.822237e-01 -0.000000e+00
    outer loop
      vertex   1.650155e+02 -1.690984e+02 1.000000e+00
      vertex   1.650155e+02 -1.690984e+02 2.000000e+00
      vertex   1.662647e+02 -1.697651e+02 1.000000e+00
    endloop
  endfacet
  facet normal 4.708305e-01 8.822237e-01 -0.000000e+00
    outer loop
      vertex   1.662647e+02 -1.697651e+02 1.000000e+00
      vertex   1.650155e+02 -1.690984e+02 2.000000e+00
      vertex   1.662647e+02 -1.697651e+02 2.000000e+00
    endloop
  endfacet
  facet normal 5.714719e-01 8.206216e-01 -0.000000e+00
    outer loop
      vertex   1.662647e+02 -1.697651e+02 1.000000e+00
      vertex   1.662647e+02 -1.697651e+02 2.000000e+00
      vertex   1.674267e+02 -1.705743e+02 1.000000e+00
    endloop
  endfacet
  facet normal 5.714719e-01 8.206216e-01 -0.000000e+00
    outer loop
      vertex   1.674267e+02 -1.705743e+02 1.000000e+00
      vertex   1.662647e+02 -1.697651e+02 2.000000e+00
      vertex   1.674267e+02 -1.705743e+02 2.000000e+00
    endloop
  endfacet
  facet normal 6.641565e-01 7.475936e-01 -0.000000e+00
    outer loop
      vertex   1.674267e+02 -1.705743e+02 1.000000e+00
      vertex   1.674267e+02 -1.705743e+02 2.000000e+00
      vertex   1.684853e+02 -1.715147e+02 1.000000e+00
    endloop
  endfacet
  facet normal 6.641565e-01 7.475936e-01 -0.000000e+00
    outer loop
      vertex   1.684853e+02 -1.715147e+02 1.000000e+00
      vertex   1.674267e+02 -1.705743e+02 2.000000e+00
      vertex   1.684853e+02 -1.715147e+02 2.000000e+00
    endloop
  endfacet
  facet normal 7.475936e-01 6.641565e-01 -0.000000e+00
    outer loop
      vertex   1.684853e+02 -1.715147e+02 1.000000e+00
      vertex   1.684853e+02 -1.715147e+02 2.000000e+00
      vertex   1.694257e+02 -1.725733e+02 1.000000e+00
    endloop
  endfacet
  facet normal 7.475936e-01 6.641565e-01 -0.000000e+00
    outer loop
      vertex   1.694257e+02 -1.725733e+02 1.000000e+00
      vertex   1.684853e+02 -1.715147e+02 2.000000e+00
      vertex   1.694257e+02 -1.725733e+02 2.000000e+00
    endloop
  endfacet
  facet normal 8.206216e-01 5.714719e-01 -0.000000e+00
    outer loop
      vertex   1.694257e+02 -1.725733e+02 1.000000e+00
      vertex   1.694257e+02 -1.725733e+02 2.000000e+00
      vertex   1.702349e+02 -1.737353e+02 1.000000e+00
    endloop
  endfacet
  facet normal 8.206216e-01 5.714719e-01 -0.000000e+00
    outer loop
      vertex   1.702349e+02 -1.737353e+02 1.000000e+00
      vertex   1.694257e+02 -1.725733e+02 2.000000e+00
      vertex   1.702349e+02 -1.737353e+02 2.000000e+00
    endloop
  endfacet
  facet normal 8.822237e-01 4.708305e-01 -0.000000e+00
    outer loop
      vertex   1.702349e+02 -1.737353e+02 1.000000e+00
      vertex   1.702349e+02 -1.737353e+02 2.000000e+00
      vertex   1.709016e+02 -1.749845e+02 1.000000e+00
    endloop
  endfacet
  facet normal 8.822237e-01 4.708305e-01 -0.000000e+00
    outer loop
      vertex   1.709016e+02 -1.749845e+02 1.000000e+00
      vertex   1.702349e+02 -1.737353e+02 2.000000e+00
      vertex   1.709016e+02 -1.749845e+02 2.000000e+00
    endloop
  endfacet
  facet normal 9.315421e-01 3.636334e-01 -0.000000e+00
    outer loop
      vertex   1.709016e+02 -1.749845e+02 1.000000e+00
      vertex   1.709016e+02 -1.749845e+02 2.000000e+00
      vertex   1.714165e+02 -1.763035e+02 1.000000e+00
    endloop
  endfacet
  facet normal 9.315421e-01 3.636334e-01 -0.000000e+00
    outer loop
      vertex   1.714165e+02 -1.763035e+02 1.000000e+00
      vertex   1.709016e+02 -1.749845e+02 2.000000e+00
      vertex   1.714165e+02 -1.763035e+02 2.000000e+00
    endloop
  endfacet
  facet normal 9.678902e-01 2.513733e-01 -0.000000e+00
    outer loop
      vertex   1.714165e+02 -1.763035e+02 1.000000e+00
      vertex   1.714165e+02 -1.763035e+02 2.000000e+00
      vertex   1.717724e+02 -1.776740e+02 1.000000e+00
    endloop
  endfacet
  facet normal 9.678902e-01 2.513733e-01 -0.000000e+00
    outer loop
      vertex   1.717724e+02 -1.776740e+02 1.000000e+00
      vertex   1.714165e+02 -1.763035e+02 2.000000e+00
      vertex   1.717724e+02 -1.776740e+02 2.000000e+00
    endloop
  endfacet
  facet normal 9.907619e-01 1.356132e-01 -0.000000e+00
    outer loop
      vertex   1.717724e+02 -1.776740e+02 1.000000e+00
      vertex   1.717724e+02 -1.776740e+02 2.000000e+00
      vertex   1.719644e+02 -1.790769e+02 1.000000e+00
    endloop
  endfacet
  facet normal 9.907619e-01 1.356132e-01 -0.000000e+00
    outer loop
      vertex   1.719644e+02 -1.790769e+02 1.000000e+00
      vertex   1.717724e+02 -1.776740e+02 2.000000e+00
      vertex   1.719644e+02 -1.790769e+02 2.000000e+00
    endloop
  endfacet
  facet normal 9.797710e-01 2.001218e-01 -0.000000e+00
    outer loop
      vertex   1.719644e+02 -1.790769e+02 1.000000e+00
      vertex   1.719644e+02 -1.790769e+02 2.000000e+00
      vertex   1.720141e+02 -1.793202e+02 1.000000e+00
    endloop
  endfacet
  facet normal 9.797710e-01 2.001218e-01 -0.000000e+00
    outer loop
      vertex   1.720141e+02 -1.793202e+02 1.000000e+00
      vertex   1.719644e+02 -1.790769e+02 2.000000e+00
      vertex   1.720141e+02 -1.793202e+02 2.000000e+00
    endloop
  endfacet
  facet normal 9.002520e-01 4.353693e-01 -0.000000e+00
    outer loop
      vertex   1.720141e+02 -1.793202e+02 1.000000e+00
      vertex   1.720141e+02 -1.793202e+02 2.000000e+00
      vertex   1.721222e+02 -1.795438e+02 1.000000e+00
    endloop
  endfacet
  facet normal 9.002520e-01 4.353693e-01 -0.000000e+00
    outer loop
      vertex   1.721222e+02 -1.795438e+02 1.000000e+00
      vertex   1.720141e+02 -1.793202e+02 2.000000e+00
      vertex   1.721222e+02 -1.795438e+02 2.000000e+00
    endloop
  endfacet
  facet normal 7.652192e-01 6.437699e-01 -0.000000e+00
    outer loop
      vertex   1.721222e+02 -1.795438e+02 1.000000e+00
      vertex   1.721222e+02 -1.795438e+02 2.000000e+00
      vertex   1.722821e+02 -1.797338e+02 1.000000e+00
    endloop
  endfacet
  facet normal 7.652192e-01 6.437699e-01 -0.000000e+00
    outer loop
      vertex   1.722821e+02 -1.797338e+02 1.000000e+00
      vertex   1.721222e+02 -1.795438e+02 2.000000e+00
      vertex   1.722821e+02 -1.797338e+02 2.000000e+00
    endloop
  endfacet
  facet normal 5.829994e-01 8.124726e-01 -0.000000e+00
    outer loop
      vertex   1.722821e+02 -1.797338e+02 1.000000e+00
      vertex   1.722821e+02 -1.797338e+02 2.000000e+00
      vertex   1.724839e+02 -1.798786e+02 1.000000e+00
    endloop
  endfacet
  facet normal 5.829994e-01 8.124726e-01 -0.000000e+00
    outer loop
      vertex   1.724839e+02 -1.798786e+02 1.000000e+00
      vertex   1.722821e+02 -1.797338e+02 2.000000e+00
      vertex   1.724839e+02 -1.798786e+02 2.000000e+00
    endloop
  endfacet
  facet normal 3.648292e-01 9.310745e-01 -0.000000e+00
    outer loop
      vertex   1.724839e+02 -1.798786e+02 1.000000e+00
      vertex   1.724839e+02 -1.798786e+02 2.000000e+00
      vertex   1.727151e+02 -1.799692e+02 1.000000e+00
    endloop
  endfacet
  facet normal 3.648292e-01 9.310745e-01 -0.000000e+00
    outer loop
      vertex   1.727151e+02 -1.799692e+02 1.000000e+00
      vertex   1.724839e+02 -1.798786e+02 2.000000e+00
      vertex   1.727151e+02 -1.799692e+02 2.000000e+00
    endloop
  endfacet
  facet normal 1.241619e-01 9.922620e-01 -0.000000e+00
    outer loop
      vertex   1.727151e+02 -1.799692e+02 1.000000e+00
      vertex   1.727151e+02 -1.799692e+02 2.000000e+00
      vertex   1.729615e+02 -1.800000e+02 1.000000e+00
    endloop
  endfacet
  facet normal 1.241619e-01 9.922620e-01 -0.000000e+00
    outer loop
      vertex   1.729615e+02 -1.800000e+02 1.000000e+00
      vertex   1.727151e+02 -1.799692e+02 2.000000e+00
      vertex   1.729615e+02 -1.800000e+02 2.000000e+00
    endloop
  endfacet
  facet normal -0.000000e+00 -0.000000e+00 1.000000e+00
    outer loop
      vertex   1.720141e+02 -1.793202e+02 1.000000e+00
      vertex   1.721222e+02 -1.795438e+02 1.000000e+00
      vertex   1.719644e+02 -1.790769e+02 1.000000e+00
    endloop
  endfacet
  facet normal 0.000000e+00 0.000000e+00 1.000000e+00
    outer loop
      vertex   1.719644e+02 -1.790769e+02 1.000000e+00
      vertex   1.721222e+02 -1.795438e+02 1.000000e+00
      vertex   1.722821e+02 -1.797338e+02 1.000000e+00
    endloop
  endfacet
  facet normal 0.000000e+00 0.000000e+00 1.000000e+00
    outer loop
      vertex   1.719644e+02 -1.790769e+02 1.000000e+00
      vertex   1.722821e+02 -1.797338e+02 1.000000e+00
      vertex   1.724839e+02 -1.798786e+02 1.000000e+00
    endloop
  endfacet
  facet normal -0.000000e+00 -0.000000e+00 1.000000e+00
    outer loop
      vertex   1.724839e+02 -1.798786e+02 1.000000e+00
      vertex   1.727151e+02 -1.799692e+02 1.000000e+00
      vertex   1.719644e+02 -1.790769e+02 1.000000e+00
    endloop
  endfacet
  facet normal 0.000000e+00 0.000000e+00 1.000000e+00
    outer loop
      vertex   1.719644e+02 -1.790769e+02 1.000000e+00
      vertex   1.727151e+02 -1.799692e+02 1.000000e+00
      vertex   1.729615e+02 -1.800000e+02 1.000000e+00
    endloop
  endfacet
  facet normal -0.000000e+00 0.000000e+00 1.000000e+00
    outer loop
      vertex   1.719644e+02 -1.790769e+02 1.000000e+00
      vertex   1.729615e+02 -1.800000e+02 1.000000e+00
      vertex   1.747749e+02 -1.774109e+02 1.000000e+00
    endloop
  endfacet
  facet normal 0.000000e+00 0.000000e+00 1.000000e+00
    outer loop
      vertex   1.747749e+02 -1.774109e+02 1.000000e+00
      vertex   1.729615e+02 -1.800000e+02 1.000000e+00
      vertex   1.739642e+02 -1.800000e+02 1.000000e+00
    endloop
  endfacet
  facet normal 0.000000e+00 0.000000e+00 1.000000e+00
    outer loop
      vertex   1.747749e+02 -1.774109e+02 1.000000e+00
      vertex   1.739642e+02 -1.800000e+02 1.000000e+00
      vertex   1.749617e+02 -1.789286e+02 1.000000e+00
    endloop
  endfacet
  facet normal 0.000000e+00 0.000000e+00 1.000000e+00
    outer loop
      vertex   1.749617e+02 -1.789286e+02 1.000000e+00
      vertex   1.739642e+02 -1.800000e+02 1.000000e+00
      vertex   1.741967e+02 -1.799726e+02 1.000000e+00
    endloop
  endfacet
  facet normal 0.000000e+00 0.000000e+00 1.000000e+00
    outer loop
      vertex   1.749617e+02 -1.789286e+02 1.000000e+00
      vertex   1.741967e+02 -1.799726e+02 1.000000e+00
      vertex   1.744164e+02 -1.798919e+02 1.000000e+00
    endloop
  endfacet
  facet normal 0.000000e+00 0.000000e+00 1.000000e+00
    outer loop
      vertex   1.744164e+02 -1.798919e+02 1.000000e+00
      vertex   1.746114e+02 -1.797624e+02 1.000000e+00
      vertex   1.749617e+02 -1.789286e+02 1.000000e+00
    endloop
  endfacet
  facet normal 0.000000e+00 0.000000e+00 1.000000e+00
    outer loop
      vertex   1.749617e+02 -1.789286e+02 1.000000e+00
      vertex   1.746114e+02 -1.797624e+02 1.000000e+00
      vertex   1.747709e+02 -1.795910e+02 1.000000e+00
    endloop
  endfacet
  facet normal 0.000000e+00 0.000000e+00 1.000000e+00
    outer loop
      vertex   1.749617e+02 -1.789286e+02 1.000000e+00
      vertex   1.747709e+02 -1.795910e+02 1.000000e+00
      vertex   1.748862e+02 -1.793873e+02 1.000000e+00
    endloop
  endfacet
  facet normal 0.000000e+00 0.000000e+00 1.000000e+00
    outer loop
      vertex   1.748862e+02 -1.793873e+02 1.000000e+00
      vertex   1.749510e+02 -1.791624e+02 1.000000e+00
      vertex   1.749617e+02 -1.789286e+02 1.000000e+00
    endloop
  endfacet
  facet normal 0.000000e+00 -0.000000e+00 1.000000e+00
    outer loop
      vertex   1.719644e+02 -1.790769e+02 1.000000e+00
      vertex   1.747749e+02 -1.774109e+02 1.000000e+00
      vertex   1.717724e+02 -1.776740e+02 1.000000e+00
    endloop
  endfacet
  facet normal 0.000000e+00 0.000000e+00 1.000000e+00
    outer loop
      vertex   1.717724e+02 -1.776740e+02 1.000000e+00
      vertex   1.747749e+02 -1.774109e+02 1.000000e+00
      vertex   1.744345e+02 -1.759201e+02 1.000000e+00
    endloop
  endfacet
  facet normal 0.000000e+00 -0.000000e+00 1.000000e+00
    outer loop
      vertex   1.717724e+02 -1.776740e+02 1.000000e+00
      vertex   1.744345e+02 -1.759201e+02 1.000000e+00
      vertex   1.714165e+02 -1.763035e+02 1.000000e+00
    endloop
  endfacet
  facet normal 0.000000e+00 0.000000e+00 1.000000e+00
    outer loop
      vertex   1.714165e+02 -1.763035e+02 1.000000e+00
      vertex   1.744345e+02 -1.759201e+02 1.000000e+00
      vertex   1.739441e+02 -1.744717e+02 1.000000e+00
    endloop
  endfacet
  facet normal 0.000000e+00 -0.000000e+00 1.000000e+00
    outer loop
      vertex   1.714165e+02 -1.763035e+02 1.000000e+00
      vertex   1.739441e+02 -1.744717e+02 1.000000e+00
      vertex   1.709016e+02 -1.749845e+02 1.000000e+00
    endloop
  endfacet
  facet normal 0.000000e+00 0.000000e+00 1.000000e+00
    outer loop
      vertex   1.709016e+02 -1.749845e+02 1.000000e+00
      vertex   1.739441e+02 -1.744717e+02 1.000000e+00
      vertex   1.733088e+02 -1.730808e+02 1.000000e+00
    endloop
  endfacet
  facet normal 0.000000e+00 -0.000000e+00 1.000000e+00
    outer loop
      vertex   1.709016e+02 -1.749845e+02 1.000000e+00
      vertex   1.733088e+02 -1.730808e+02 1.000000e+00
      vertex   1.702349e+02 -1.737353e+02 1.000000e+00
    endloop
  endfacet
  facet normal 0.000000e+00 0.000000e+00 1.000000e+00
    outer loop
      vertex   1.702349e+02 -1.737353e+02 1.000000e+00
      vertex   1.733088e+02 -1.730808e+02 1.000000e+00
      vertex   1.725352e+02 -1.717618e+02 1.000000e+00
    endloop
  endfacet
  facet normal 0.000000e+00 -0.000000e+00 1.000000e+00
    outer loop
      vertex   1.702349e+02 -1.737353e+02 1.000000e+00
      vertex   1.725352e+02 -1.717618e+02 1.000000e+00
      vertex   1.694257e+02 -1.725733e+02 1.000000e+00
    endloop
  endfacet
  facet normal 0.000000e+00 0.000000e+00 1.000000e+00
    outer loop
      vertex   1.694257e+02 -1.725733e+02 1.000000e+00
      vertex   1.725352e+02 -1.717618e+02 1.000000e+00
      vertex   1.716313e+02 -1.705284e+02 1.000000e+00
    endloop
  endfacet
  facet normal 0.000000e+00 -0.000000e+00 1.000000e+00
    outer loop
      vertex   1.694257e+02 -1.725733e+02 1.000000e+00
      vertex   1.716313e+02 -1.705284e+02 1.000000e+00
      vertex   1.684853e+02 -1.715147e+02 1.000000e+00
    endloop
  endfacet
  facet normal 0.000000e+00 0.000000e+00 1.000000e+00
    outer loop
      vertex   1.684853e+02 -1.715147e+02 1.000000e+00
      vertex   1.716313e+02 -1.705284e+02 1.000000e+00
      vertex   1.706066e+02 -1.693934e+02 1.000000e+00
    endloop
  endfacet
  facet normal 0.000000e+00 0.000000e+00 1.000000e+00
    outer loop
      vertex   1.684853e+02 -1.715147e+02 1.000000e+00
      vertex   1.706066e+02 -1.693934e+02 1.000000e+00
      vertex   1.694716e+02 -1.683686e+02 1.000000e+00
    endloop
  endfacet
  facet normal 0.000000e+00 -0.000000e+00 1.000000e+00
    outer loop
      vertex   1.684853e+02 -1.715147e+02 1.000000e+00
      vertex   1.694716e+02 -1.683686e+02 1.000000e+00
      vertex   1.674267e+02 -1.705743e+02 1.000000e+00
    endloop
  endfacet
  facet normal 0.000000e+00 0.000000e+00 1.000000e+00
    outer loop
      vertex   1.674267e+02 -1.705743e+02 1.000000e+00
      vertex   1.694716e+02 -1.683686e+02 1.000000e+00
      vertex   1.682382e+02 -1.674648e+02 1.000000e+00
    endloop
  endfacet
  facet normal 0.000000e+00 -0.000000e+00 1.000000e+00
    outer loop
      vertex   1.674267e+02 -1.705743e+02 1.000000e+00
      vertex   1.682382e+02 -1.674648e+02 1.000000e+00
      vertex   1.662647e+02 -1.697651e+02 1.000000e+00
    endloop
  endfacet
  facet normal 0.000000e+00 0.000000e+00 1.000000e+00
    outer loop
      vertex   1.662647e+02 -1.697651e+02 1.000000e+00
      vertex   1.682382e+02 -1.674648e+02 1.000000e+00
      vertex   1.669192e+02 -1.666912e+02 1.000000e+00
    endloop
  endfacet
  facet normal 0.000000e+00 -0.000000e+00 1.000000e+00
    outer loop
      vertex   1.662647e+02 -1.697651e+02 1.000000e+00
      vertex   1.669192e+02 -1.666912e+02 1.000000e+00
      vertex   1.650155e+02 -1.690984e+02 1.000000e+00
    endloop
  endfacet
  facet normal 0.000000e+00 0.000000e+00 1.000000e+00
    outer loop
      vertex   1.650155e+02 -1.690984e+02 1.000000e+00
      vertex   1.669192e+02 -1.666912e+02 1.000000e+00
      vertex   1.655283e+02 -1.660559e+02 1.000000e+00
    endloop
  endfacet
  facet normal 0.000000e+00 -0.000000e+00 1.000000e+00
    outer loop
      vertex   1.650155e+02 -1.690984e+02 1.000000e+00
      vertex   1.655283e+02 -1.660559e+02 1.000000e+00
      vertex   1.636965e+02 -1.685835e+02 1.000000e+00
    endloop
  endfacet
  facet normal 0.000000e+00 0.000000e+00 1.000000e+00
    outer loop
      vertex   1.636965e+02 -1.685835e+02 1.000000e+00
      vertex   1.655283e+02 -1.660559e+02 1.000000e+00
      vertex   1.640799e+02 -1.655655e+02 1.000000e+00
    endloop
  endfacet
  facet normal 0.000000e+00 -0.000000e+00 1.000000e+00
    outer loop
      vertex   1.636965e+02 -1.685835e+02 1.000000e+00
      vertex   1.640799e+02 -1.655655e+02 1.000000e+00
      vertex   1.623260e+02 -1.682276e+02 1.000000e+00
    endloop
  endfacet
  facet normal 0.000000e+00 0.000000e+00 1.000000e+00
    outer loop
      vertex   1.623260e+02 -1.682276e+02 1.000000e+00
      vertex   1.640799e+02 -1.655655e+02 1.000000e+00
      vertex   1.625891e+02 -1.652251e+02 1.000000e+00
    endloop
  endfacet
  facet normal 0.000000e+00 -0.000000e+00 1.000000e+00
    outer loop
      vertex   1.623260e+02 -1.682276e+02 1.000000e+00
      vertex   1.625891e+02 -1.652251e+02 1.000000e+00
      vertex   1.609231e+02 -1.680356e+02 1.000000e+00
    endloop
  endfacet
  facet normal 0.000000e+00 -0.000000e+00 1.000000e+00
    outer loop
      vertex   1.609231e+02 -1.680356e+02 1.000000e+00
      vertex   1.625891e+02 -1.652251e+02 1.000000e+00
      vertex   1.600000e+02 -1.670385e+02 1.000000e+00
    endloop
  endfacet
  facet normal 0.000000e+00 0.000000e+00 1.000000e+00
    outer loop
      vertex   1.609231e+02 -1.680356e+02 1.000000e+00
      vertex   1.600000e+02 -1.670385e+02 1.000000e+00
      vertex   1.606798e+02 -1.679859e+02 1.000000e+00
    endloop
  endfacet
  facet normal 0.000000e+00 0.000000e+00 1.000000e+00
    outer loop
      vertex   1.606798e+02 -1.679859e+02 1.000000e+00
      vertex   1.600000e+02 -1.670385e+02 1.000000e+00
      vertex   1.604562e+02 -1.678777e+02 1.000000e+00
    endloop
  endfacet
  facet normal 0.000000e+00 0.000000e+00 1.000000e+00
    outer loop
      vertex   1.604562e+02 -1.678777e+02 1.000000e+00
      vertex   1.600000e+02 -1.670385e+02 1.000000e+00
      vertex   1.602662e+02 -1.677179e+02 1.000000e+00
    endloop
  endfacet
  facet normal 0.000000e+00 0.000000e+00 1.000000e+00
    outer loop
      vertex   1.602662e+02 -1.677179e+02 1.000000e+00
      vertex   1.600000e+02 -1.670385e+02 1.000000e+00
      vertex   1.601214e+02 -1.675161e+02 1.000000e+00
    endloop
  endfacet
  facet normal 0.000000e+00 0.000000e+00 1.000000e+00
    outer loop
      vertex   1.601214e+02 -1.675161e+02 1.000000e+00
      vertex   1.600000e+02 -1.670385e+02 1.000000e+00
      vertex   1.600308e+02 -1.672849e+02 1.000000e+00
    endloop
  endfacet
  facet normal 0.000000e+00 -0.000000e+00 1.000000e+00
    outer loop
      vertex   1.600000e+02 -1.670385e+02 1.000000e+00
      vertex   1.625891e+02 -1.652251e+02 1.000000e+00
      vertex   1.600000e+02 -1.660358e+02 1.000000e+00
    endloop
  endfacet
  facet normal 0.000000e+00 0.000000e+00 1.000000e+00
    outer loop
      vertex   1.600000e+02 -1.660358e+02 1.000000e+00
      vertex   1.625891e+02 -1.652251e+02 1.000000e+00
      vertex   1.610714e+02 -1.650383e+02 1.000000e+00
    endloop
  endfacet
  facet normal 0.000000e+00 0.000000e+00 1.000000e+00
    outer loop
      vertex   1.600000e+02 -1.660358e+02 1.000000e+00
      vertex   1.610714e+02 -1.650383e+02 1.000000e+00
      vertex   1.608376e+02 -1.650490e+02 1.000000e+00
    endloop
  endfacet
  facet normal 0.000000e+00 0.000000e+00 1.000000e+00
    outer loop
      vertex   1.608376e+02 -1.650490e+02 1.000000e+00
      vertex   1.606127e+02 -1.651138e+02 1.000000e+00
      vertex   1.600000e+02 -1.660358e+02 1.000000e+00
    endloop
  endfacet
  facet normal 0.000000e+00 0.000000e+00 1.000000e+00
    outer loop
      vertex   1.600000e+02 -1.660358e+02 1.000000e+00
      vertex   1.606127e+02 -1.651138e+02 1.000000e+00
      vertex   1.604090e+02 -1.652291e+02 1.000000e+00
    endloop
  endfacet
  facet normal 0.000000e+00 0.000000e+00 1.000000e+00
    outer loop
      vertex   1.600000e+02 -1.660358e+02 1.000000e+00
      vertex   1.604090e+02 -1.652291e+02 1.000000e+00
      vertex   1.602376e+02 -1.653886e+02 1.000000e+00
    endloop
  endfacet
  facet normal 0.000000e+00 0.000000e+00 1.000000e+00
    outer loop
      vertex   1.602376e+02 -1.653886e+02 1.000000e+00
      vertex   1.601081e+02 -1.655836e+02 1.000000e+00
      vertex   1.600000e+02 -1.660358e+02 1.000000e+00
    endloop
  endfacet
  facet normal 0.000000e+00 0.000000e+00 1.000000e+00
    outer loop
      vertex   1.600000e+02 -1.660358e+02 1.000000e+00
      vertex   1.601081e+02 -1.655836e+02 1.000000e+00
      vertex   1.600274e+02 -1.658033e+02 1.000000e+00
    endloop
  endfacet
  facet normal -0.000000e+00 -1.000000e+00 -0.000000e+00
    outer loop
      vertex   1.470385e+02 -1.800000e+02 2.000000e+00
      vertex   1.460358e+02 -1.800000e+02 2.000000e+00
      vertex   1.470385e+02 -1.800000e+02 1.000000e+00
    endloop
  endfacet
  facet normal 0.000000e+00 -1.000000e+00 0.000000e+00
    outer loop
      vertex   1.470385e+02 -1.800000e+02 1.000000e+00
      vertex   1.460358e+02 -1.800000e+02 2.000000e+00
      vertex   1.460358e+02 -1.800000e+02 1.000000e+00
    endloop
  endfacet
  facet normal 1.170373e-01 -9.931275e-01 0.000000e+00
    outer loop
      vertex   1.460358e+02 -1.800000e+02 1.000000e+00
      vertex   1.460358e+02 -1.800000e+02 2.000000e+00
      vertex   1.458033e+02 -1.800274e+02 1.000000e+00
    endloop
  endfacet
  facet normal 1.170373e-01 -9.931275e-01 0.000000e+00
    outer loop
      vertex   1.458033e+02 -1.800274e+02 1.000000e+00
      vertex   1.460358e+02 -1.800000e+02 2.000000e+00
      vertex   1.458033e+02 -1.800274e+02 2.000000e+00
    endloop
  endfacet
  facet normal 3.446993e-01 -9.387132e-01 0.000000e+00
    outer loop
      vertex   1.458033e+02 -1.800274e+02 1.000000e+00
      vertex   1.458033e+02 -1.800274e+02 2.000000e+00
      vertex   1.455836e+02 -1.801081e+02 1.000000e+00
    endloop
  endfacet
  facet normal 3.446993e-01 -9.387132e-01 0.000000e+00
    outer loop
      vertex   1.455836e+02 -1.801081e+02 1.000000e+00
      vertex   1.458033e+02 -1.800274e+02 2.000000e+00
      vertex   1.455836e+02 -1.801081e+02 2.000000e+00
    endloop
  endfacet
  facet normal 5.534748e-01 -8.328659e-01 0.000000e+00
    outer loop
      vertex   1.455836e+02 -1.801081e+02 1.000000e+00
      vertex   1.455836e+02 -1.801081e+02 2.000000e+00
      vertex   1.453886e+02 -1.802376e+02 1.000000e+00
    endloop
  endfacet
  facet normal 5.534748e-01 -8.328659e-01 0.000000e+00
    outer loop
      vertex   1.453886e+02 -1.802376e+02 1.000000e+00
      vertex   1.455836e+02 -1.801081e+02 2.000000e+00
      vertex   1.453886e+02 -1.802376e+02 2.000000e+00
    endloop
  endfacet
  facet normal 7.319251e-01 -6.813851e-01 0.000000e+00
    outer loop
      vertex   1.453886e+02 -1.802376e+02 1.000000e+00
      vertex   1.453886e+02 -1.802376e+02 2.000000e+00
      vertex   1.452291e+02 -1.804090e+02 1.000000e+00
    endloop
  endfacet
  facet normal 7.319251e-01 -6.813851e-01 0.000000e+00
    outer loop
      vertex   1.452291e+02 -1.804090e+02 1.000000e+00
      vertex   1.453886e+02 -1.802376e+02 2.000000e+00
      vertex   1.452291e+02 -1.804090e+02 2.000000e+00
    endloop
  endfacet
  facet normal 8.702724e-01 -4.925707e-01 0.000000e+00
    outer loop
      vertex   1.452291e+02 -1.804090e+02 1.000000e+00
      vertex   1.452291e+02 -1.804090e+02 2.000000e+00
      vertex   1.451138e+02 -1.806127e+02 1.000000e+00
    endloop
  endfacet
  facet normal 8.702724e-01 -4.925707e-01 0.000000e+00
    outer loop
      vertex   1.451138e+02 -1.806127e+02 1.000000e+00
      vertex   1.452291e+02 -1.804090e+02 2.000000e+00
      vertex   1.451138e+02 -1.806127e+02 2.000000e+00
    endloop
  endfacet
  facet normal 9.609368e-01 -2.767678e-01 0.000000e+00
    outer loop
      vertex   1.451138e+02 -1.806127e+02 1.000000e+00
      vertex   1.451138e+02 -1.806127e+02 2.000000e+00
      vertex   1.450490e+02 -1.808376e+02 1.000000e+00
    endloop
  endfacet
  facet normal 9.609368e-01 -2.767678e-01 0.000000e+00
    outer loop
      vertex   1.450490e+02 -1.808376e+02 1.000000e+00
      vertex   1.451138e+02 -1.806127e+02 2.000000e+00
      vertex   1.450490e+02 -1.808376e+02 2.000000e+00
    endloop
  endfacet
  facet normal 9.989506e-01 -4.580064e-02 0.000000e+00
    outer loop
      vertex   1.450490e+02 -1.808376e+02 1.000000e+00
      vertex   1.450490e+02 -1.808376e+02 2.000000e+00
      vertex   1.450383e+02 -1.810714e+02 1.000000e+00
    endloop
  endfacet
  facet normal 9.989506e-01 -4.580064e-02 0.000000e+00
    outer loop
      vertex   1.450383e+02 -1.810714e+02 1.000000e+00
      vertex   1.450490e+02 -1.808376e+02 2.000000e+00
      vertex   1.450383e+02 -1.810714e+02 2.000000e+00
    endloop
  endfacet
  facet normal 9.925083e-01 1.221769e-01 -0.000000e+00
    outer loop
      vertex   1.450383e+02 -1.810714e+02 1.000000e+00
      vertex   1.450383e+02 -1.810714e+02 2.000000e+00
      vertex   1.452251e+02 -1.825891e+02 1.000000e+00
    endloop
  endfacet
  facet normal 9.925083e-01 1.221769e-01 -0.000000e+00
    outer loop
      vertex   1.452251e+02 -1.825891e+02 1.000000e+00
      vertex   1.450383e+02 -1.810714e+02 2.000000e+00
      vertex   1.452251e+02 -1.825891e+02 2.000000e+00
    endloop
  endfacet
  facet normal 9.749122e-01 2.225896e-01 -0.000000e+00
    outer loop
      vertex   1.452251e+02 -1.825891e+02 1.000000e+00
      vertex   1.452251e+02 -1.825891e+02 2.000000e+00
      vertex   1.455655e+02 -1.840799e+02 2.000000e+00
    endloop
  endfacet
  facet normal 9.749122e-01 2.225896e-01 0.000000e+00
    outer loop
      vertex   1.452251e+02 -1.825891e+02 1.000000e+00
      vertex   1.455655e+02 -1.840799e+02 2.000000e+00
      vertex   1.455655e+02 -1.840799e+02 1.000000e+00
    endloop
  endfacet
  facet normal 9.471845e-01 3.206890e-01 -0.000000e+00
    outer loop
      vertex   1.455655e+02 -1.840799e+02 1.000000e+00
      vertex   1.455655e+02 -1.840799e+02 2.000000e+00
      vertex   1.460559e+02 -1.855283e+02 2.000000e+00
    endloop
  endfacet
  facet normal 9.471845e-01 3.206890e-01 0.000000e+00
    outer loop
      vertex   1.455655e+02 -1.840799e+02 1.000000e+00
      vertex   1.460559e+02 -1.855283e+02 2.000000e+00
      vertex   1.460559e+02 -1.855283e+02 1.000000e+00
    endloop
  endfacet
  facet normal 9.096134e-01 4.154558e-01 -0.000000e+00
    outer loop
      vertex   1.460559e+02 -1.855283e+02 1.000000e+00
      vertex   1.460559e+02 -1.855283e+02 2.000000e+00
      vertex   1.466912e+02 -1.869192e+02 2.000000e+00
    endloop
  endfacet
  facet normal 9.096134e-01 4.154558e-01 0.000000e+00
    outer loop
      vertex   1.460559e+02 -1.855283e+02 1.000000e+00
      vertex   1.466912e+02 -1.869192e+02 2.000000e+00
      vertex   1.466912e+02 -1.869192e+02 1.000000e+00
    endloop
  endfacet
  facet normal 8.625892e-01 5.059050e-01 -0.000000e+00
    outer loop
      vertex   1.466912e+02 -1.869192e+02 1.000000e+00
      vertex   1.466912e+02 -1.869192e+02 2.000000e+00
      vertex   1.474648e+02 -1.882382e+02 2.000000e+00
    endloop
  endfacet
  facet normal 8.625892e-01 5.059050e-01 0.000000e+00
    outer loop
      vertex   1.466912e+02 -1.869192e+02 1.000000e+00
      vertex   1.474648e+02 -1.882382e+02 2.000000e+00
      vertex   1.474648e+02 -1.882382e+02 1.000000e+00
    endloop
  endfacet
  facet normal 8.066007e-01 5.910966e-01 -0.000000e+00
    outer loop
      vertex   1.474648e+02 -1.882382e+02 1.000000e+00
      vertex   1.474648e+02 -1.882382e+02 2.000000e+00
      vertex   1.483686e+02 -1.894716e+02 2.000000e+00
    endloop
  endfacet
  facet normal 8.066007e-01 5.910966e-01 0.000000e+00
    outer loop
      vertex   1.474648e+02 -1.882382e+02 1.000000e+00
      vertex   1.483686e+02 -1.894716e+02 2.000000e+00
      vertex   1.483686e+02 -1.894716e+02 1.000000e+00
    endloop
  endfacet
  facet normal 7.422298e-01 6.701454e-01 -0.000000e+00
    outer loop
      vertex   1.483686e+02 -1.894716e+02 1.000000e+00
      vertex   1.483686e+02 -1.894716e+02 2.000000e+00
      vertex   1.493934e+02 -1.906066e+02 2.000000e+00
    endloop
  endfacet
  facet normal 7.422298e-01 6.701454e-01 0.000000e+00
    outer loop
      vertex   1.483686e+02 -1.894716e+02 1.000000e+00
      vertex   1.493934e+02 -1.906066e+02 2.000000e+00
      vertex   1.493934e+02 -1.906066e+02 1.000000e+00
    endloop
  endfacet
  facet normal 6.701454e-01 7.422298e-01 -0.000000e+00
    outer loop
      vertex   1.493934e+02 -1.906066e+02 1.000000e+00
      vertex   1.493934e+02 -1.906066e+02 2.000000e+00
      vertex   1.505284e+02 -1.916313e+02 2.000000e+00
    endloop
  endfacet
  facet normal 6.701454e-01 7.422298e-01 0.000000e+00
    outer loop
      vertex   1.493934e+02 -1.906066e+02 1.000000e+00
      vertex   1.505284e+02 -1.916313e+02 2.000000e+00
      vertex   1.505284e+02 -1.916313e+02 1.000000e+00
    endloop
  endfacet
  facet normal 5.910966e-01 8.066008e-01 -0.000000e+00
    outer loop
      vertex   1.505284e+02 -1.916313e+02 1.000000e+00
      vertex   1.505284e+02 -1.916313e+02 2.000000e+00
      vertex   1.517618e+02 -1.925352e+02 2.000000e+00
    endloop
  endfacet
  facet normal 5.910966e-01 8.066008e-01 0.000000e+00
    outer loop
      vertex   1.505284e+02 -1.916313e+02 1.000000e+00
      vertex   1.517618e+02 -1.925352e+02 2.000000e+00
      vertex   1.517618e+02 -1.925352e+02 1.000000e+00
    endloop
  endfacet
  facet normal 5.059049e-01 8.625892e-01 -0.000000e+00
    outer loop
      vertex   1.517618e+02 -1.925352e+02 1.000000e+00
      vertex   1.517618e+02 -1.925352e+02 2.000000e+00
      vertex   1.530808e+02 -1.933088e+02 2.000000e+00
    endloop
  endfacet
  facet normal 5.059049e-01 8.625892e-01 0.000000e+00
    outer loop
      vertex   1.517618e+02 -1.925352e+02 1.000000e+00
      vertex   1.530808e+02 -1.933088e+02 2.000000e+00
      vertex   1.530808e+02 -1.933088e+02 1.000000e+00
    endloop
  endfacet
  facet normal 4.154558e-01 9.096134e-01 -0.000000e+00
    outer loop
      vertex   1.530808e+02 -1.933088e+02 1.000000e+00
      vertex   1.530808e+02 -1.933088e+02 2.000000e+00
      vertex   1.544717e+02 -1.939441e+02 2.000000e+00
    endloop
  endfacet
  facet normal 4.154558e-01 9.096134e-01 0.000000e+00
    outer loop
      vertex   1.530808e+02 -1.933088e+02 1.000000e+00
      vertex   1.544717e+02 -1.939441e+02 2.000000e+00
      vertex   1.544717e+02 -1.939441e+02 1.000000e+00
    endloop
  endfacet
  facet normal 3.206890e-01 9.471845e-01 -0.000000e+00
    outer loop
      vertex   1.544717e+02 -1.939441e+02 1.000000e+00
      vertex   1.544717e+02 -1.939441e+02 2.000000e+00
      vertex   1.559201e+02 -1.944345e+02 2.000000e+00
    endloop
  endfacet
  facet normal 3.206890e-01 9.471845e-01 0.000000e+00
    outer loop
      vertex   1.544717e+02 -1.939441e+02 1.000000e+00
      vertex   1.559201e+02 -1.944345e+02 2.000000e+00
      vertex   1.559201e+02 -1.944345e+02 1.000000e+00
    endloop
  endfacet
  facet normal 2.225896e-01 9.749122e-01 -0.000000e+00
    outer loop
      vertex   1.559201e+02 -1.944345e+02 1.000000e+00
      vertex   1.559201e+02 -1.944345e+02 2.000000e+00
      vertex   1.574109e+02 -1.947749e+02 2.000000e+00
    endloop
  endfacet
  facet normal 2.225896e-01 9.749122e-01 0.000000e+00
    outer loop
      vertex   1.559201e+02 -1.944345e+02 1.000000e+00
      vertex   1.574109e+02 -1.947749e+02 2.000000e+00
      vertex   1.574109e+02 -1.947749e+02 1.000000e+00
    endloop
  endfacet
  facet normal 1.221769e-01 9.925083e-01 -0.000000e+00
    outer loop
      vertex   1.574109e+02 -1.947749e+02 1.000000e+00
      vertex   1.574109e+02 -1.947749e+02 2.000000e+00
      vertex   1.589286e+02 -1.949617e+02 1.000000e+00
    endloop
  endfacet
  facet normal 1.221769e-01 9.925083e-01 -0.000000e+00
    outer loop
      vertex   1.589286e+02 -1.949617e+02 1.000000e+00
      vertex   1.574109e+02 -1.947749e+02 2.000000e+00
      vertex   1.589286e+02 -1.949617e+02 2.000000e+00
    endloop
  endfacet
  facet normal -4.580067e-02 9.989506e-01 0.000000e+00
    outer loop
      vertex   1.589286e+02 -1.949617e+02 1.000000e+00
      vertex   1.589286e+02 -1.949617e+02 2.000000e+00
      vertex   1.591624e+02 -1.949510e+02 1.000000e+00
    endloop
  endfacet
  facet normal -4.580067e-02 9.989506e-01 0.000000e+00
    outer loop
      vertex   1.591624e+02 -1.949510e+02 1.000000e+00
      vertex   1.589286e+02 -1.949617e+02 2.000000e+00
      vertex   1.591624e+02 -1.949510e+02 2.000000e+00
    endloop
  endfacet
  facet normal -2.767679e-01 9.609368e-01 0.000000e+00
    outer loop
      vertex   1.591624e+02 -1.949510e+02 1.000000e+00
      vertex   1.591624e+02 -1.949510e+02 2.000000e+00
      vertex   1.593873e+02 -1.948862e+02 1.000000e+00
    endloop
  endfacet
  facet normal -2.767679e-01 9.609368e-01 0.000000e+00
    outer loop
      vertex   1.593873e+02 -1.948862e+02 1.000000e+00
      vertex   1.591624e+02 -1.949510e+02 2.000000e+00
      vertex   1.593873e+02 -1.948862e+02 2.000000e+00
    endloop
  endfacet
  facet normal -4.925707e-01 8.702724e-01 0.000000e+00
    outer loop
      vertex   1.593873e+02 -1.948862e+02 1.000000e+00
      vertex   1.593873e+02 -1.948862e+02 2.000000e+00
      vertex   1.595910e+02 -1.947709e+02 1.000000e+00
    endloop
  endfacet
  facet normal -4.925707e-01 8.702724e-01 0.000000e+00
    outer loop
      vertex   1.595910e+02 -1.947709e+02 1.000000e+00
      vertex   1.593873e+02 -1.948862e+02 2.000000e+00
      vertex   1.595910e+02 -1.947709e+02 2.000000e+00
    endloop
  endfacet
  facet normal -6.813852e-01 7.319250e-01 0.000000e+00
    outer loop
      vertex   1.595910e+02 -1.947709e+02 1.000000e+00
      vertex   1.595910e+02 -1.947709e+02 2.000000e+00
      vertex   1.597624e+02 -1.946114e+02 1.000000e+00
    endloop
  endfacet
  facet normal -6.813852e-01 7.319250e-01 0.000000e+00
    outer loop
      vertex   1.597624e+02 -1.946114e+02 1.000000e+00
      vertex   1.595910e+02 -1.947709e+02 2.000000e+00
      vertex   1.597624e+02 -1.946114e+02 2.000000e+00
    endloop
  endfacet
  facet normal -8.328659e-01 5.534748e-01 0.000000e+00
    outer loop
      vertex   1.597624e+02 -1.946114e+02 1.000000e+00
      vertex   1.597624e+02 -1.946114e+02 2.000000e+00
      vertex   1.598919e+02 -1.944164e+02 1.000000e+00
    endloop
  endfacet
  facet normal -8.328659e-01 5.534748e-01 0.000000e+00
    outer loop
      vertex   1.598919e+02 -1.944164e+02 1.000000e+00
      vertex   1.597624e+02 -1.946114e+02 2.000000e+00
      vertex   1.598919e+02 -1.944164e+02 2.000000e+00
    endloop
  endfacet
  facet normal -9.387132e-01 3.446992e-01 0.000000e+00
    outer loop
      vertex   1.598919e+02 -1.944164e+02 1.000000e+00
      vertex   1.598919e+02 -1.944164e+02 2.000000e+00
      vertex   1.599726e+02 -1.941967e+02 1.000000e+00
    endloop
  endfacet
  facet normal -9.387132e-01 3.446992e-01 0.000000e+00
    outer loop
      vertex   1.599726e+02 -1.941967e+02 1.000000e+00
      vertex   1.598919e+02 -1.944164e+02 2.000000e+00
      vertex   1.599726e+02 -1.941967e+02 2.000000e+00
    endloop
  endfacet
  facet normal -9.931275e-01 1.170373e-01 0.000000e+00
    outer loop
      vertex   1.599726e+02 -1.941967e+02 1.000000e+00
      vertex   1.599726e+02 -1.941967e+02 2.000000e+00
      vertex   1.600000e+02 -1.939642e+02 1.000000e+00
    endloop
  endfacet
  facet normal -9.931275e-01 1.170373e-01 0.000000e+00
    outer loop
      vertex   1.600000e+02 -1.939642e+02 1.000000e+00
      vertex   1.599726e+02 -1.941967e+02 2.000000e+00
      vertex   1.600000e+02 -1.939642e+02 2.000000e+00
    endloop
  endfacet
  facet normal -1.000000e+00 -9.934066e-09 -0.000000e+00
    outer loop
      vertex   1.600000e+02 -1.939642e+02 2.000000e+00
      vertex   1.600000e+02 -1.929615e+02 2.000000e+00
      vertex   1.600000e+02 -1.939642e+02 1.000000e+00
    endloop
  endfacet
  facet normal -1.000000e+00 -9.934066e-09 0.000000e+00
    outer loop
      vertex   1.600000e+02 -1.939642e+02 1.000000e+00
      vertex   1.600000e+02 -1.929615e+02 2.000000e+00
      vertex   1.600000e+02 -1.929615e+02 1.000000e+00
    endloop
  endfacet
  facet normal -9.922620e-01 -1.241619e-01 0.000000e+00
    outer loop
      vertex   1.600000e+02 -1.929615e+02 1.000000e+00
      vertex   1.600000e+02 -1.929615e+02 2.000000e+00
      vertex   1.599692e+02 -1.927151e+02 1.000000e+00
    endloop
  endfacet
  facet normal -9.922620e-01 -1.241619e-01 0.000000e+00
    outer loop
      vertex   1.599692e+02 -1.927151e+02 1.000000e+00
      vertex   1.600000e+02 -1.929615e+02 2.000000e+00
      vertex   1.599692e+02 -1.927151e+02 2.000000e+00
    endloop
  endfacet
  facet normal -9.310745e-01 -3.648292e-01 0.000000e+00
    outer loop
      vertex   1.599692e+02 -1.927151e+02 1.000000e+00
      vertex   1.599692e+02 -1.927151e+02 2.000000e+00
      vertex   1.598786e+02 -1.924839e+02 1.000000e+00
    endloop
  endfacet
  facet normal -9.310745e-01 -3.648292e-01 0.000000e+00
    outer loop
      vertex   1.598786e+02 -1.924839e+02 1.000000e+00
      vertex   1.599692e+02 -1.927151e+02 2.000000e+00
      vertex   1.598786e+02 -1.924839e+02 2.000000e+00
    endloop
  endfacet
  facet normal -8.124726e-01 -5.829994e-01 0.000000e+00
    outer loop
      vertex   1.598786e+02 -1.924839e+02 1.000000e+00
      vertex   1.598786e+02 -1.924839e+02 2.000000e+00
      vertex   1.597338e+02 -1.922821e+02 1.000000e+00
    endloop
  endfacet
  facet normal -8.124726e-01 -5.829994e-01 0.000000e+00
    outer loop
      vertex   1.597338e+02 -1.922821e+02 1.000000e+00
      vertex   1.598786e+02 -1.924839e+02 2.000000e+00
      vertex   1.597338e+02 -1.922821e+02 2.000000e+00
    endloop
  endfacet
  facet normal -6.437698e-01 -7.652192e-01 0.000000e+00
    outer loop
      vertex   1.597338e+02 -1.922821e+02 1.000000e+00
      vertex   1.597338e+02 -1.922821e+02 2.000000e+00
      vertex   1.595438e+02 -1.921222e+02 1.000000e+00
    endloop
  endfacet
  facet normal -6.437698e-01 -7.652192e-01 0.000000e+00
    outer loop
      vertex   1.595438e+02 -1.921222e+02 1.000000e+00
      vertex   1.597338e+02 -1.922821e+02 2.000000e+00
      vertex   1.595438e+02 -1.921222e+02 2.000000e+00
    endloop
  endfacet
  facet normal -4.353693e-01 -9.002520e-01 0.000000e+00
    outer loop
      vertex   1.595438e+02 -1.921222e+02 1.000000e+00
      vertex   1.595438e+02 -1.921222e+02 2.000000e+00
      vertex   1.593202e+02 -1.920141e+02 1.000000e+00
    endloop
  endfacet
  facet normal -4.353693e-01 -9.002520e-01 0.000000e+00
    outer loop
      vertex   1.593202e+02 -1.920141e+02 1.000000e+00
      vertex   1.595438e+02 -1.921222e+02 2.000000e+00
      vertex   1.593202e+02 -1.920141e+02 2.000000e+00
    endloop
  endfacet
  facet normal -2.001218e-01 -9.797710e-01 0.000000e+00
    outer loop
      vertex   1.593202e+02 -1.920141e+02 1.000000e+00
      vertex   1.593202e+02 -1.920141e+02 2.000000e+00
      vertex   1.590769e+02 -1.919644e+02 1.000000e+00
    endloop
  endfacet
  facet normal -2.001218e-01 -9.797710e-01 0.000000e+00
    outer loop
      vertex   1.590769e+02 -1.919644e+02 1.000000e+00
      vertex   1.593202e+02 -1.920141e+02 2.000000e+00
      vertex   1.590769e+02 -1.919644e+02 2.000000e+00
    endloop
  endfacet
  facet normal -1.356132e-01 -9.907619e-01 0.000000e+00
    outer loop
      vertex   1.590769e+02 -1.919644e+02 1.000000e+00
      vertex   1.590769e+02 -1.919644e+02 2.000000e+00
      vertex   1.576740e+02 -1.917724e+02 1.000000e+00
    endloop
  endfacet
  facet normal -1.356132e-01 -9.907619e-01 0.000000e+00
    outer loop
      vertex   1.576740e+02 -1.917724e+02 1.000000e+00
      vertex   1.590769e+02 -1.919644e+02 2.000000e+00
      vertex   1.576740e+02 -1.917724e+02 2.000000e+00
    endloop
  endfacet
  facet normal -2.513733e-01 -9.678902e-01 0.000000e+00
    outer loop
      vertex   1.576740e+02 -1.917724e+02 1.000000e+00
      vertex   1.576740e+02 -1.917724e+02 2.000000e+00
      vertex   1.563035e+02 -1.914165e+02 1.000000e+00
    endloop
  endfacet
  facet normal -2.513733e-01 -9.678902e-01 0.000000e+00
    outer loop
      vertex   1.563035e+02 -1.914165e+02 1.000000e+00
      vertex   1.576740e+02 -1.917724e+02 2.000000e+00
      vertex   1.563035e+02 -1.914165e+02 2.000000e+00
    endloop
  endfacet
  facet normal -3.636334e-01 -9.315421e-01 0.000000e+00
    outer loop
      vertex   1.563035e+02 -1.914165e+02 1.000000e+00
      vertex   1.563035e+02 -1.914165e+02 2.000000e+00
      vertex   1.549845e+02 -1.909016e+02 1.000000e+00
    endloop
  endfacet
  facet normal -3.636334e-01 -9.315421e-01 0.000000e+00
    outer loop
      vertex   1.549845e+02 -1.909016e+02 1.000000e+00
      vertex   1.563035e+02 -1.914165e+02 2.000000e+00
      vertex   1.549845e+02 -1.909016e+02 2.000000e+00
    endloop
  endfacet
  facet normal -4.708305e-01 -8.822237e-01 0.000000e+00
    outer loop
      vertex   1.549845e+02 -1.909016e+02 1.000000e+00
      vertex   1.549845e+02 -1.909016e+02 2.000000e+00
      vertex   1.537353e+02 -1.902349e+02 1.000000e+00
    endloop
  endfacet
  facet normal -4.708305e-01 -8.822237e-01 0.000000e+00
    outer loop
      vertex   1.537353e+02 -1.902349e+02 1.000000e+00
      vertex   1.549845e+02 -1.909016e+02 2.000000e+00
      vertex   1.537353e+02 -1.902349e+02 2.000000e+00
    endloop
  endfacet
  facet normal -5.714719e-01 -8.206216e-01 0.000000e+00
    outer loop
      vertex   1.537353e+02 -1.902349e+02 1.000000e+00
      vertex   1.537353e+02 -1.902349e+02 2.000000e+00
      vertex   1.525733e+02 -1.894257e+02 1.000000e+00
    endloop
  endfacet
  facet normal -5.714719e-01 -8.206216e-01 0.000000e+00
    outer loop
      vertex   1.525733e+02 -1.894257e+02 1.000000e+00
      vertex   1.537353e+02 -1.902349e+02 2.000000e+00
      vertex   1.525733e+02 -1.894257e+02 2.000000e+00
    endloop
  endfacet
  facet normal -6.641564e-01 -7.475936e-01 0.000000e+00
    outer loop
      vertex   1.525733e+02 -1.894257e+02 1.000000e+00
      vertex   1.525733e+02 -1.894257e+02 2.000000e+00
      vertex   1.515147e+02 -1.884853e+02 1.000000e+00
    endloop
  endfacet
  facet normal -6.641564e-01 -7.475936e-01 0.000000e+00
    outer loop
      vertex   1.515147e+02 -1.884853e+02 1.000000e+00
      vertex   1.525733e+02 -1.894257e+02 2.000000e+00
      vertex   1.515147e+02 -1.884853e+02 2.000000e+00
    endloop
  endfacet
  facet normal -7.475936e-01 -6.641565e-01 0.000000e+00
    outer loop
      vertex   1.515147e+02 -1.884853e+02 1.000000e+00
      vertex   1.515147e+02 -1.884853e+02 2.000000e+00
      vertex   1.505743e+02 -1.874267e+02 1.000000e+00
    endloop
  endfacet
  facet normal -7.475936e-01 -6.641565e-01 0.000000e+00
    outer loop
      vertex   1.505743e+02 -1.874267e+02 1.000000e+00
      vertex   1.515147e+02 -1.884853e+02 2.000000e+00
      vertex   1.505743e+02 -1.874267e+02 2.000000e+00
    endloop
  endfacet
  facet normal -8.206216e-01 -5.714719e-01 0.000000e+00
    outer loop
      vertex   1.505743e+02 -1.874267e+02 1.000000e+00
      vertex   1.505743e+02 -1.874267e+02 2.000000e+00
      vertex   1.497651e+02 -1.862647e+02 1.000000e+00
    endloop
  endfacet
  facet normal -8.206216e-01 -5.714719e-01 0.000000e+00
    outer loop
      vertex   1.497651e+02 -1.862647e+02 1.000000e+00
      vertex   1.505743e+02 -1.874267e+02 2.000000e+00
      vertex   1.497651e+02 -1.862647e+02 2.000000e+00
    endloop
  endfacet
  facet normal -8.822237e-01 -4.708305e-01 0.000000e+00
    outer loop
      vertex   1.497651e+02 -1.862647e+02 1.000000e+00
      vertex   1.497651e+02 -1.862647e+02 2.000000e+00
      vertex   1.490984e+02 -1.850155e+02 1.000000e+00
    endloop
  endfacet
  facet normal -8.822237e-01 -4.708305e-01 0.000000e+00
    outer loop
      vertex   1.490984e+02 -1.850155e+02 1.000000e+00
      vertex   1.497651e+02 -1.862647e+02 2.000000e+00
      vertex   1.490984e+02 -1.850155e+02 2.000000e+00
    endloop
  endfacet
  facet normal -9.315421e-01 -3.636335e-01 0.000000e+00
    outer loop
      vertex   1.490984e+02 -1.850155e+02 1.000000e+00
      vertex   1.490984e+02 -1.850155e+02 2.000000e+00
      vertex   1.485835e+02 -1.836965e+02 1.000000e+00
    endloop
  endfacet
  facet normal -9.315421e-01 -3.636335e-01 0.000000e+00
    outer loop
      vertex   1.485835e+02 -1.836965e+02 1.000000e+00
      vertex   1.490984e+02 -1.850155e+02 2.000000e+00
      vertex   1.485835e+02 -1.836965e+02 2.000000e+00
    endloop
  endfacet
  facet normal -9.678902e-01 -2.513734e-01 0.000000e+00
    outer loop
      vertex   1.485835e+02 -1.836965e+02 1.000000e+00
      vertex   1.485835e+02 -1.836965e+02 2.000000e+00
      vertex   1.482276e+02 -1.823260e+02 1.000000e+00
    endloop
  endfacet
  facet normal -9.678902e-01 -2.513734e-01 0.000000e+00
    outer loop
      vertex   1.482276e+02 -1.823260e+02 1.000000e+00
      vertex   1.485835e+02 -1.836965e+02 2.000000e+00
      vertex   1.482276e+02 -1.823260e+02 2.000000e+00
    endloop
  endfacet
  facet normal -9.907619e-01 -1.356133e-01 0.000000e+00
    outer loop
      vertex   1.482276e+02 -1.823260e+02 1.000000e+00
      vertex   1.482276e+02 -1.823260e+02 2.000000e+00
      vertex   1.480356e+02 -1.809231e+02 1.000000e+00
    endloop
  endfacet
  facet normal -9.907619e-01 -1.356133e-01 0.000000e+00
    outer loop
      vertex   1.480356e+02 -1.809231e+02 1.000000e+00
      vertex   1.482276e+02 -1.823260e+02 2.000000e+00
      vertex   1.480356e+02 -1.809231e+02 2.000000e+00
    endloop
  endfacet
  facet normal -9.797710e-01 -2.001218e-01 0.000000e+00
    outer loop
      vertex   1.480356e+02 -1.809231e+02 1.000000e+00
      vertex   1.480356e+02 -1.809231e+02 2.000000e+00
      vertex   1.479859e+02 -1.806798e+02 1.000000e+00
    endloop
  endfacet
  facet normal -9.797710e-01 -2.001218e-01 0.000000e+00
    outer loop
      vertex   1.479859e+02 -1.806798e+02 1.000000e+00
      vertex   1.480356e+02 -1.809231e+02 2.000000e+00
      vertex   1.479859e+02 -1.806798e+02 2.000000e+00
    endloop
  endfacet
  facet normal -9.002520e-01 -4.353693e-01 0.000000e+00
    outer loop
      vertex   1.479859e+02 -1.806798e+02 1.000000e+00
      vertex   1.479859e+02 -1.806798e+02 2.000000e+00
      vertex   1.478777e+02 -1.804562e+02 1.000000e+00
    endloop
  endfacet
  facet normal -9.002520e-01 -4.353693e-01 0.000000e+00
    outer loop
      vertex   1.478777e+02 -1.804562e+02 1.000000e+00
      vertex   1.479859e+02 -1.806798e+02 2.000000e+00
      vertex   1.478777e+02 -1.804562e+02 2.000000e+00
    endloop
  endfacet
  facet normal -7.652192e-01 -6.437699e-01 0.000000e+00
    outer loop
      vertex   1.478777e+02 -1.804562e+02 1.000000e+00
      vertex   1.478777e+02 -1.804562e+02 2.000000e+00
      vertex   1.477179e+02 -1.802662e+02 1.000000e+00
    endloop
  endfacet
  facet normal -7.652192e-01 -6.437699e-01 0.000000e+00
    outer loop
      vertex   1.477179e+02 -1.802662e+02 1.000000e+00
      vertex   1.478777e+02 -1.804562e+02 2.000000e+00
      vertex   1.477179e+02 -1.802662e+02 2.000000e+00
    endloop
  endfacet
  facet normal -5.829994e-01 -8.124726e-01 0.000000e+00
    outer loop
      vertex   1.477179e+02 -1.802662e+02 1.000000e+00
      vertex   1.477179e+02 -1.802662e+02 2.000000e+00
      vertex   1.475161e+02 -1.801214e+02 1.000000e+00
    endloop
  endfacet
  facet normal -5.829994e-01 -8.124726e-01 0.000000e+00
    outer loop
      vertex   1.475161e+02 -1.801214e+02 1.000000e+00
      vertex   1.477179e+02 -1.802662e+02 2.000000e+00
      vertex   1.475161e+02 -1.801214e+02 2.000000e+00
    endloop
  endfacet
  facet normal -3.648291e-01 -9.310745e-01 0.000000e+00
    outer loop
      vertex   1.475161e+02 -1.801214e+02 1.000000e+00
      vertex   1.475161e+02 -1.801214e+02 2.000000e+00
      vertex   1.472849e+02 -1.800308e+02 1.000000e+00
    endloop
  endfacet
  facet normal -3.648291e-01 -9.310745e-01 0.000000e+00
    outer loop
      vertex   1.472849e+02 -1.800308e+02 1.000000e+00
      vertex   1.475161e+02 -1.801214e+02 2.000000e+00
      vertex   1.472849e+02 -1.800308e+02 2.000000e+00
    endloop
  endfacet
  facet normal -1.241618e-01 -9.922620e-01 0.000000e+00
    outer loop
      vertex   1.472849e+02 -1.800308e+02 1.000000e+00
      vertex   1.472849e+02 -1.800308e+02 2.000000e+00
      vertex   1.470385e+02 -1.800000e+02 1.000000e+00
    endloop
  endfacet
  facet normal -1.241618e-01 -9.922620e-01 0.000000e+00
    outer loop
      vertex   1.470385e+02 -1.800000e+02 1.000000e+00
      vertex   1.472849e+02 -1.800308e+02 2.000000e+00
      vertex   1.470385e+02 -1.800000e+02 2.000000e+00
    endloop
  endfacet
  facet normal 0.000000e+00 0.000000e+00 1.000000e+00
    outer loop
      vertex   1.479859e+02 -1.806798e+02 1.000000e+00
      vertex   1.470385e+02 -1.800000e+02 1.000000e+00
      vertex   1.480356e+02 -1.809231e+02 1.000000e+00
    endloop
  endfacet
  facet normal 0.000000e+00 0.000000e+00 1.000000e+00
    outer loop
      vertex   1.480356e+02 -1.809231e+02 1.000000e+00
      vertex   1.470385e+02 -1.800000e+02 1.000000e+00
      vertex   1.452251e+02 -1.825891e+02 1.000000e+00
    endloop
  endfacet
  facet normal 0.000000e+00 0.000000e+00 1.000000e+00
    outer loop
      vertex   1.480356e+02 -1.809231e+02 1.000000e+00
      vertex   1.452251e+02 -1.825891e+02 1.000000e+00
      vertex   1.482276e+02 -1.823260e+02 1.000000e+00
    endloop
  endfacet
  facet normal 0.000000e+00 0.000000e+00 1.000000e+00
    outer loop
      vertex   1.482276e+02 -1.823260e+02 1.000000e+00
      vertex   1.452251e+02 -1.825891e+02 1.000000e+00
      vertex   1.455655e+02 -1.840799e+02 1.000000e+00
    endloop
  endfacet
  facet normal 0.000000e+00 0.000000e+00 1.000000e+00
    outer loop
      vertex   1.482276e+02 -1.823260e+02 1.000000e+00
      vertex   1.455655e+02 -1.840799e+02 1.000000e+00
      vertex   1.485835e+02 -1.836965e+02 1.000000e+00
    endloop
  endfacet
  facet normal 0.000000e+00 0.000000e+00 1.000000e+00
    outer loop
      vertex   1.485835e+02 -1.836965e+02 1.000000e+00
      vertex   1.455655e+02 -1.840799e+02 1.000000e+00
      vertex   1.460559e+02 -1.855283e+02 1.000000e+00
    endloop
  endfacet
  facet normal 0.000000e+00 0.000000e+00 1.000000e+00
    outer loop
      vertex   1.485835e+02 -1.836965e+02 1.000000e+00
      vertex   1.460559e+02 -1.855283e+02 1.000000e+00
      vertex   1.490984e+02 -1.850155e+02 1.000000e+00
    endloop
  endfacet
  facet normal 0.000000e+00 0.000000e+00 1.000000e+00
    outer loop
      vertex   1.490984e+02 -1.850155e+02 1.000000e+00
      vertex   1.460559e+02 -1.855283e+02 1.000000e+00
      vertex   1.466912e+02 -1.869192e+02 1.000000e+00
    endloop
  endfacet
  facet normal 0.000000e+00 0.000000e+00 1.000000e+00
    outer loop
      vertex   1.490984e+02 -1.850155e+02 1.000000e+00
      vertex   1.466912e+02 -1.869192e+02 1.000000e+00
      vertex   1.497651e+02 -1.862647e+02 1.000000e+00
    endloop
  endfacet
  facet normal 0.000000e+00 0.000000e+00 1.000000e+00
    outer loop
      vertex   1.497651e+02 -1.862647e+02 1.000000e+00
      vertex   1.466912e+02 -1.869192e+02 1.000000e+00
      vertex   1.474648e+02 -1.882382e+02 1.000000e+00
    endloop
  endfacet
  facet normal 0.000000e+00 0.000000e+00 1.000000e+00
    outer loop
      vertex   1.497651e+02 -1.862647e+02 1.000000e+00
      vertex   1.474648e+02 -1.882382e+02 1.000000e+00
      vertex   1.505743e+02 -1.874267e+02 1.000000e+00
    endloop
  endfacet
  facet normal 0.000000e+00 0.000000e+00 1.000000e+00
    outer loop
      vertex   1.505743e+02 -1.874267e+02 1.000000e+00
      vertex   1.474648e+02 -1.882382e+02 1.000000e+00
      vertex   1.483686e+02 -1.894716e+02 1.000000e+00
    endloop
  endfacet
  facet normal 0.000000e+00 0.000000e+00 1.000000e+00
    outer loop
      vertex   1.505743e+02 -1.874267e+02 1.000000e+00
      vertex   1.483686e+02 -1.894716e+02 1.000000e+00
      vertex   1.515147e+02 -1.884853e+02 1.000000e+00
    endloop
  endfacet
  facet normal 0.000000e+00 0.000000e+00 1.000000e+00
    outer loop
      vertex   1.515147e+02 -1.884853e+02 1.000000e+00
      vertex   1.483686e+02 -1.894716e+02 1.000000e+00
      vertex   1.493934e+02 -1.906066e+02 1.000000e+00
    endloop
  endfacet
  facet normal 0.000000e+00 0.000000e+00 1.000000e+00
    outer loop
      vertex   1.515147e+02 -1.884853e+02 1.000000e+00
      vertex   1.493934e+02 -1.906066e+02 1.000000e+00
      vertex   1.505284e+02 -1.916313e+02 1.000000e+00
    endloop
  endfacet
  facet normal 0.000000e+00 0.000000e+00 1.000000e+00
    outer loop
      vertex   1.479859e+02 -1.806798e+02 1.000000e+00
      vertex   1.478777e+02 -1.804562e+02 1.000000e+00
      vertex   1.470385e+02 -1.800000e+02 1.000000e+00
    endloop
  endfacet
  facet normal 0.000000e+00 0.000000e+00 1.000000e+00
    outer loop
      vertex   1.470385e+02 -1.800000e+02 1.000000e+00
      vertex   1.478777e+02 -1.804562e+02 1.000000e+00
      vertex   1.477179e+02 -1.802662e+02 1.000000e+00
    endloop
  endfacet
  facet normal 0.000000e+00 0.000000e+00 1.000000e+00
    outer loop
      vertex   1.470385e+02 -1.800000e+02 1.000000e+00
      vertex   1.477179e+02 -1.802662e+02 1.000000e+00
      vertex   1.475161e+02 -1.801214e+02 1.000000e+00
    endloop
  endfacet
  facet normal 0.000000e+00 0.000000e+00 1.000000e+00
    outer loop
      vertex   1.475161e+02 -1.801214e+02 1.000000e+00
      vertex   1.472849e+02 -1.800308e+02 1.000000e+00
      vertex   1.470385e+02 -1.800000e+02 1.000000e+00
    endloop
  endfacet
  facet normal 0.000000e+00 0.000000e+00 1.000000e+00
    outer loop
      vertex   1.470385e+02 -1.800000e+02 1.000000e+00
      vertex   1.460358e+02 -1.800000e+02 1.000000e+00
      vertex   1.452251e+02 -1.825891e+02 1.000000e+00
    endloop
  endfacet
  facet normal 0.000000e+00 -0.000000e+00 1.000000e+00
    outer loop
      vertex   1.452251e+02 -1.825891e+02 1.000000e+00
      vertex   1.460358e+02 -1.800000e+02 1.000000e+00
      vertex   1.450383e+02 -1.810714e+02 1.000000e+00
    endloop
  endfacet
  facet normal 0.000000e+00 0.000000e+00 1.000000e+00
    outer loop
      vertex   1.450383e+02 -1.810714e+02 1.000000e+00
      vertex   1.460358e+02 -1.800000e+02 1.000000e+00
      vertex   1.450490e+02 -1.808376e+02 1.000000e+00
    endloop
  endfacet
  facet normal 0.000000e+00 0.000000e+00 1.000000e+00
    outer loop
      vertex   1.450490e+02 -1.808376e+02 1.000000e+00
      vertex   1.460358e+02 -1.800000e+02 1.000000e+00
      vertex   1.451138e+02 -1.806127e+02 1.000000e+00
    endloop
  endfacet
  facet normal 0.000000e+00 0.000000e+00 1.000000e+00
    outer loop
      vertex   1.451138e+02 -1.806127e+02 1.000000e+00
      vertex   1.460358e+02 -1.800000e+02 1.000000e+00
      vertex   1.452291e+02 -1.804090e+02 1.000000e+00
    endloop
  endfacet
  facet normal 0.000000e+00 0.000000e+00 1.000000e+00
    outer loop
      vertex   1.452291e+02 -1.804090e+02 1.000000e+00
      vertex   1.460358e+02 -1.800000e+02 1.000000e+00
      vertex   1.453886e+02 -1.802376e+02 1.000000e+00
    endloop
  endfacet
  facet normal 0.000000e+00 0.000000e+00 1.000000e+00
    outer loop
      vertex   1.453886e+02 -1.802376e+02 1.000000e+00
      vertex   1.460358e+02 -1.800000e+02 1.000000e+00
      vertex   1.455836e+02 -1.801081e+02 1.000000e+00
    endloop
  endfacet
  facet normal 0.000000e+00 0.000000e+00 1.000000e+00
    outer loop
      vertex   1.455836e+02 -1.801081e+02 1.000000e+00
      vertex   1.460358e+02 -1.800000e+02 1.000000e+00
      vertex   1.458033e+02 -1.800274e+02 1.000000e+00
    endloop
  endfacet
  facet normal 0.000000e+00 0.000000e+00 1.000000e+00
    outer loop
      vertex   1.515147e+02 -1.884853e+02 1.000000e+00
      vertex   1.505284e+02 -1.916313e+02 1.000000e+00
      vertex   1.525733e+02 -1.894257e+02 1.000000e+00
    endloop
  endfacet
  facet normal 0.000000e+00 0.000000e+00 1.000000e+00
    outer loop
      vertex   1.525733e+02 -1.894257e+02 1.000000e+00
      vertex   1.505284e+02 -1.916313e+02 1.000000e+00
      vertex   1.517618e+02 -1.925352e+02 1.000000e+00
    endloop
  endfacet
  facet normal 0.000000e+00 0.000000e+00 1.000000e+00
    outer loop
      vertex   1.525733e+02 -1.894257e+02 1.000000e+00
      vertex   1.517618e+02 -1.925352e+02 1.000000e+00
      vertex   1.537353e+02 -1.902349e+02 1.000000e+00
    endloop
  endfacet
  facet normal 0.000000e+00 0.000000e+00 1.000000e+00
    outer loop
      vertex   1.537353e+02 -1.902349e+02 1.000000e+00
      vertex   1.517618e+02 -1.925352e+02 1.000000e+00
      vertex   1.530808e+02 -1.933088e+02 1.000000e+00
    endloop
  endfacet
  facet normal 0.000000e+00 0.000000e+00 1.000000e+00
    outer loop
      vertex   1.537353e+02 -1.902349e+02 1.000000e+00
      vertex   1.530808e+02 -1.933088e+02 1.000000e+00
      vertex   1.549845e+02 -1.909016e+02 1.000000e+00
    endloop
  endfacet
  facet normal 0.000000e+00 0.000000e+00 1.000000e+00
    outer loop
      vertex   1.549845e+02 -1.909016e+02 1.000000e+00
      vertex   1.530808e+02 -1.933088e+02 1.000000e+00
      vertex   1.544717e+02 -1.939441e+02 1.000000e+00
    endloop
  endfacet
  facet normal 0.000000e+00 0.000000e+00 1.000000e+00
    outer loop
      vertex   1.549845e+02 -1.909016e+02 1.000000e+00
      vertex   1.544717e+02 -1.939441e+02 1.000000e+00
      vertex   1.563035e+02 -1.914165e+02 1.000000e+00
    endloop
  endfacet
  facet normal 0.000000e+00 0.000000e+00 1.000000e+00
    outer loop
      vertex   1.563035e+02 -1.914165e+02 1.000000e+00
      vertex   1.544717e+02 -1.939441e+02 1.000000e+00
      vertex   1.559201e+02 -1.944345e+02 1.000000e+00
    endloop
  endfacet
  facet normal 0.000000e+00 0.000000e+00 1.000000e+00
    outer loop
      vertex   1.563035e+02 -1.914165e+02 1.000000e+00
      vertex   1.559201e+02 -1.944345e+02 1.000000e+00
      vertex   1.576740e+02 -1.917724e+02 1.000000e+00
    endloop
  endfacet
  facet normal 0.000000e+00 0.000000e+00 1.000000e+00
    outer loop
      vertex   1.576740e+02 -1.917724e+02 1.000000e+00
      vertex   1.559201e+02 -1.944345e+02 1.000000e+00
      vertex   1.574109e+02 -1.947749e+02 1.000000e+00
    endloop
  endfacet
  facet normal 0.000000e+00 0.000000e+00 1.000000e+00
    outer loop
      vertex   1.576740e+02 -1.917724e+02 1.000000e+00
      vertex   1.574109e+02 -1.947749e+02 1.000000e+00
      vertex   1.590769e+02 -1.919644e+02 1.000000e+00
    endloop
  endfacet
  facet normal 0.000000e+00 0.000000e+00 1.000000e+00
    outer loop
      vertex   1.590769e+02 -1.919644e+02 1.000000e+00
      vertex   1.574109e+02 -1.947749e+02 1.000000e+00
      vertex   1.600000e+02 -1.929615e+02 1.000000e+00
    endloop
  endfacet
  facet normal 0.000000e+00 0.000000e+00 1.000000e+00
    outer loop
      vertex   1.590769e+02 -1.919644e+02 1.000000e+00
      vertex   1.600000e+02 -1.929615e+02 1.000000e+00
      vertex   1.599692e+02 -1.927151e+02 1.000000e+00
    endloop
  endfacet
  facet normal 0.000000e+00 0.000000e+00 1.000000e+00
    outer loop
      vertex   1.600000e+02 -1.929615e+02 1.000000e+00
      vertex   1.574109e+02 -1.947749e+02 1.000000e+00
      vertex   1.600000e+02 -1.939642e+02 1.000000e+00
    endloop
  endfacet
  facet normal 0.000000e+00 0.000000e+00 1.000000e+00
    outer loop
      vertex   1.600000e+02 -1.939642e+02 1.000000e+00
      vertex   1.574109e+02 -1.947749e+02 1.000000e+00
      vertex   1.589286e+02 -1.949617e+02 1.000000e+00
    endloop
  endfacet
  facet normal 0.000000e+00 0.000000e+00 1.000000e+00
    outer loop
      vertex   1.600000e+02 -1.939642e+02 1.000000e+00
      vertex   1.589286e+02 -1.949617e+02 1.000000e+00
      vertex   1.599726e+02 -1.941967e+02 1.000000e+00
    endloop
  endfacet
  facet normal 0.000000e+00 0.000000e+00 1.000000e+00
    outer loop
      vertex   1.599726e+02 -1.941967e+02 1.000000e+00
      vertex   1.589286e+02 -1.949617e+02 1.000000e+00
      vertex   1.598919e+02 -1.944164e+02 1.000000e+00
    endloop
  endfacet
  facet normal 0.000000e+00 0.000000e+00 1.000000e+00
    outer loop
      vertex   1.598919e+02 -1.944164e+02 1.000000e+00
      vertex   1.589286e+02 -1.949617e+02 1.000000e+00
      vertex   1.597624e+02 -1.946114e+02 1.000000e+00
    endloop
  endfacet
  facet normal 0.000000e+00 0.000000e+00 1.000000e+00
    outer loop
      vertex   1.597624e+02 -1.946114e+02 1.000000e+00
      vertex   1.589286e+02 -1.949617e+02 1.000000e+00
      vertex   1.595910e+02 -1.947709e+02 1.000000e+00
    endloop
  endfacet
  facet normal 0.000000e+00 0.000000e+00 1.000000e+00
    outer loop
      vertex   1.595910e+02 -1.947709e+02 1.000000e+00
      vertex   1.589286e+02 -1.949617e+02 1.000000e+00
      vertex   1.593873e+02 -1.948862e+02 1.000000e+00
    endloop
  endfacet
  facet normal 0.000000e+00 0.000000e+00 1.000000e+00
    outer loop
      vertex   1.593873e+02 -1.948862e+02 1.000000e+00
      vertex   1.589286e+02 -1.949617e+02 1.000000e+00
      vertex   1.591624e+02 -1.949510e+02 1.000000e+00
    endloop
  endfacet
  facet normal 0.000000e+00 0.000000e+00 1.000000e+00
    outer loop
      vertex   1.599692e+02 -1.927151e+02 1.000000e+00
      vertex   1.598786e+02 -1.924839e+02 1.000000e+00
      vertex   1.590769e+02 -1.919644e+02 1.000000e+00
    endloop
  endfacet
  facet normal 0.000000e+00 0.000000e+00 1.000000e+00
    outer loop
      vertex   1.590769e+02 -1.919644e+02 1.000000e+00
      vertex   1.598786e+02 -1.924839e+02 1.000000e+00
      vertex   1.597338e+02 -1.922821e+02 1.000000e+00
    endloop
  endfacet
  facet normal 0.000000e+00 0.000000e+00 1.000000e+00
    outer loop
      vertex   1.590769e+02 -1.919644e+02 1.000000e+00
      vertex   1.597338e+02 -1.922821e+02 1.000000e+00
      vertex   1.595438e+02 -1.921222e+02 1.000000e+00
    endloop
  endfacet
  facet normal 0.000000e+00 0.000000e+00 1.000000e+00
    outer loop
      vertex   1.595438e+02 -1.921222e+02 1.000000e+00
      vertex   1.593202e+02 -1.920141e+02 1.000000e+00
      vertex   1.590769e+02 -1.919644e+02 1.000000e+00
    endloop
  endfacet
  facet normal -1.737832e-02 9.998490e-01 0.000000e+00
    outer loop
      vertex   1.900000e+02 -1.560000e+02 2.000000e+00
      vertex   1.933165e+02 -1.559424e+02 2.000000e+00
      vertex   1.900000e+02 -1.560000e+02 1.000000e+00
    endloop
  endfacet
  facet normal -1.737832e-02 9.998490e-01 0.000000e+00
    outer loop
      vertex   1.900000e+02 -1.560000e+02 1.000000e+00
      vertex   1.933165e+02 -1.559424e+02 2.000000e+00
      vertex   1.933165e+02 -1.559424e+02 1.000000e+00
    endloop
  endfacet
  facet normal -4.416074e-02 9.990244e-01 0.000000e+00
    outer loop
      vertex   1.933165e+02 -1.559424e+02 1.000000e+00
      vertex   1.933165e+02 -1.559424e+02 2.000000e+00
      vertex   1.949348e+02 -1.558708e+02 2.000000e+00
    endloop
  endfacet
  facet normal -4.416074e-02 9.990244e-01 0.000000e+00
    outer loop
      vertex   1.933165e+02 -1.559424e+02 1.000000e+00
      vertex   1.949348e+02 -1.558708e+02 2.000000e+00
      vertex   1.949348e+02 -1.558708e+02 1.000000e+00
    endloop
  endfacet
  facet normal -6.301710e-02 9.980124e-01 0.000000e+00
    outer loop
      vertex   1.949348e+02 -1.558708e+02 1.000000e+00
      vertex   1.949348e+02 -1.558708e+02 2.000000e+00
      vertex   1.965056e+02 -1.557716e+02 2.000000e+00
    endloop
  endfacet
  facet normal -6.301710e-02 9.980124e-01 0.000000e+00
    outer loop
      vertex   1.949348e+02 -1.558708e+02 1.000000e+00
      vertex   1.965056e+02 -1.557716e+02 2.000000e+00
      vertex   1.965056e+02 -1.557716e+02 1.000000e+00
    endloop
  endfacet
  facet normal -8.317570e-02 9.965349e-01 0.000000e+00
    outer loop
      vertex   1.965056e+02 -1.557716e+02 1.000000e+00
      vertex   1.965056e+02 -1.557716e+02 2.000000e+00
      vertex   1.980137e+02 -1.556458e+02 2.000000e+00
    endloop
  endfacet
  facet normal -8.317570e-02 9.965349e-01 0.000000e+00
    outer loop
      vertex   1.965056e+02 -1.557716e+02 1.000000e+00
      vertex   1.980137e+02 -1.556458e+02 2.000000e+00
      vertex   1.980137e+02 -1.556458e+02 1.000000e+00
    endloop
  endfacet
  facet normal -1.051863e-01 9.944525e-01 0.000000e+00
    outer loop
      vertex   1.980137e+02 -1.556458e+02 1.000000e+00
      vertex   1.980137e+02 -1.556458e+02 2.000000e+00
      vertex   1.994447e+02 -1.554944e+02 2.000000e+00
    endloop
  endfacet
  facet normal -1.051863e-01 9.944525e-01 0.000000e+00
    outer loop
      vertex   1.980137e+02 -1.556458e+02 1.000000e+00
      vertex   1.994447e+02 -1.554944e+02 2.000000e+00
      vertex   1.994447e+02 -1.554944e+02 1.000000e+00
    endloop
  endfacet
  facet normal -1.297736e-01 9.915437e-01 0.000000e+00
    outer loop
      vertex   1.994447e+02 -1.554944e+02 1.000000e+00
      vertex   1.994447e+02 -1.554944e+02 2.000000e+00
      vertex   2.007847e+02 -1.553190e+02 2.000000e+00
    endloop
  endfacet
  facet normal -1.297736e-01 9.915437e-01 0.000000e+00
    outer loop
      vertex   1.994447e+02 -1.554944e+02 1.000000e+00
      vertex   2.007847e+02 -1.553190e+02 2.000000e+00
      vertex   2.007847e+02 -1.553190e+02 1.000000e+00
    endloop
  endfacet
  facet normal -1.579372e-01 9.874492e-01 0.000000e+00
    outer loop
      vertex   2.007847e+02 -1.553190e+02 1.000000e+00
      vertex   2.007847e+02 -1.553190e+02 2.000000e+00
      vertex   2.020208e+02 -1.551213e+02 2.000000e+00
    endloop
  endfacet
  facet normal -1.579372e-01 9.874492e-01 -2.804733e-14
    outer loop
      vertex   2.007847e+02 -1.553190e+02 1.000000e+00
      vertex   2.020208e+02 -1.551213e+02 2.000000e+00
      vertex   2.020208e+02 -1.551213e+02 1.000000e+00
    endloop
  endfacet
  facet normal -1.911176e-01 9.815672e-01 -2.789782e-14
    outer loop
      vertex   2.020208e+02 -1.551213e+02 1.000000e+00
      vertex   2.020208e+02 -1.551213e+02 2.000000e+00
      vertex   2.031412e+02 -1.549032e+02 2.000000e+00
    endloop
  endfacet
  facet normal -1.911176e-01 9.815672e-01 0.000000e+00
    outer loop
      vertex   2.020208e+02 -1.551213e+02 1.000000e+00
      vertex   2.031412e+02 -1.549032e+02 2.000000e+00
      vertex   2.031412e+02 -1.549032e+02 1.000000e+00
    endloop
  endfacet
  facet normal -2.314818e-01 9.728392e-01 0.000000e+00
    outer loop
      vertex   2.031412e+02 -1.549032e+02 1.000000e+00
      vertex   2.031412e+02 -1.549032e+02 2.000000e+00
      vertex   2.041350e+02 -1.546667e+02 2.000000e+00
    endloop
  endfacet
  facet normal -2.314818e-01 9.728392e-01 6.575143e-15
    outer loop
      vertex   2.031412e+02 -1.549032e+02 1.000000e+00
      vertex   2.041350e+02 -1.546667e+02 2.000000e+00
      vertex   2.041350e+02 -1.546667e+02 1.000000e+00
    endloop
  endfacet
  facet normal -2.824379e-01 9.592856e-01 8.027369e-15
    outer loop
      vertex   2.041350e+02 -1.546667e+02 1.000000e+00
      vertex   2.041350e+02 -1.546667e+02 2.000000e+00
      vertex   2.049927e+02 -1.544142e+02 2.000000e+00
    endloop
  endfacet
  facet normal -2.824379e-01 9.592856e-01 0.000000e+00
    outer loop
      vertex   2.041350e+02 -1.546667e+02 1.000000e+00
      vertex   2.049927e+02 -1.544142e+02 2.000000e+00
      vertex   2.049927e+02 -1.544142e+02 1.000000e+00
    endloop
  endfacet
  facet normal -3.495772e-01 9.369076e-01 0.000000e+00
    outer loop
      vertex   2.049927e+02 -1.544142e+02 1.000000e+00
      vertex   2.049927e+02 -1.544142e+02 2.000000e+00
      vertex   2.057060e+02 -1.541480e+02 2.000000e+00
    endloop
  endfacet
  facet normal -3.495772e-01 9.369076e-01 0.000000e+00
    outer loop
      vertex   2.049927e+02 -1.544142e+02 1.000000e+00
      vertex   2.057060e+02 -1.541480e+02 2.000000e+00
      vertex   2.057060e+02 -1.541480e+02 1.000000e+00
    endloop
  endfacet
  facet normal -4.423320e-01 8.968514e-01 0.000000e+00
    outer loop
      vertex   2.057060e+02 -1.541480e+02 1.000000e+00
      vertex   2.057060e+02 -1.541480e+02 2.000000e+00
      vertex   2.062680e+02 -1.538708e+02 2.000000e+00
    endloop
  endfacet
  facet normal -4.423320e-01 8.968514e-01 1.257844e-14
    outer loop
      vertex   2.057060e+02 -1.541480e+02 1.000000e+00
      vertex   2.062680e+02 -1.538708e+02 2.000000e+00
      vertex   2.062680e+02 -1.538708e+02 1.000000e+00
    endloop
  endfacet
  facet normal -5.759367e-01 8.174943e-01 1.636911e-14
    outer loop
      vertex   2.062680e+02 -1.538708e+02 1.000000e+00
      vertex   2.062680e+02 -1.538708e+02 2.000000e+00
      vertex   2.066734e+02 -1.535853e+02 2.000000e+00
    endloop
  endfacet
  facet normal -5.759367e-01 8.174943e-01 0.000000e+00
    outer loop
      vertex   2.062680e+02 -1.538708e+02 1.000000e+00
      vertex   2.066734e+02 -1.535853e+02 2.000000e+00
      vertex   2.066734e+02 -1.535853e+02 1.000000e+00
    endloop
  endfacet
  facet normal -7.130521e-01 7.011110e-01 0.000000e+00
    outer loop
      vertex   2.066734e+02 -1.535853e+02 1.000000e+00
      vertex   2.066734e+02 -1.535853e+02 2.000000e+00
      vertex   2.068160e+02 -1.534402e+02 2.000000e+00
    endloop
  endfacet
  facet normal -7.130521e-01 7.011110e-01 0.000000e+00
    outer loop
      vertex   2.066734e+02 -1.535853e+02 1.000000e+00
      vertex   2.068160e+02 -1.534402e+02 2.000000e+00
      vertex   2.068160e+02 -1.534402e+02 1.000000e+00
    endloop
  endfacet
  facet normal -8.196506e-01 5.728638e-01 0.000000e+00
    outer loop
      vertex   2.068160e+02 -1.534402e+02 1.000000e+00
      vertex   2.068160e+02 -1.534402e+02 2.000000e+00
      vertex   2.069181e+02 -1.532940e+02 2.000000e+00
    endloop
  endfacet
  facet normal -8.196506e-01 5.728638e-01 0.000000e+00
    outer loop
      vertex   2.068160e+02 -1.534402e+02 1.000000e+00
      vertex   2.069181e+02 -1.532940e+02 2.000000e+00
      vertex   2.069181e+02 -1.532940e+02 1.000000e+00
    endloop
  endfacet
  facet normal -9.226410e-01 3.856600e-01 0.000000e+00
    outer loop
      vertex   2.069181e+02 -1.532940e+02 1.000000e+00
      vertex   2.069181e+02 -1.532940e+02 2.000000e+00
      vertex   2.069795e+02 -1.531472e+02 2.000000e+00
    endloop
  endfacet
  facet normal -9.226410e-01 3.856600e-01 2.622326e-14
    outer loop
      vertex   2.069181e+02 -1.532940e+02 1.000000e+00
      vertex   2.069795e+02 -1.531472e+02 2.000000e+00
      vertex   2.069795e+02 -1.531472e+02 1.000000e+00
    endloop
  endfacet
  facet normal -9.789059e-01 2.043117e-01 2.782218e-14
    outer loop
      vertex   2.069795e+02 -1.531472e+02 1.000000e+00
      vertex   2.069795e+02 -1.531472e+02 2.000000e+00
      vertex   2.069949e+02 -1.530736e+02 2.000000e+00
    endloop
  endfacet
  facet normal -9.789059e-01 2.043117e-01 0.000000e+00
    outer loop
      vertex   2.069795e+02 -1.531472e+02 1.000000e+00
      vertex   2.069949e+02 -1.530736e+02 2.000000e+00
      vertex   2.069949e+02 -1.530736e+02 1.000000e+00
    endloop
  endfacet
  facet normal -9.975906e-01 6.937594e-02 0.000000e+00
    outer loop
      vertex   2.069949e+02 -1.530736e+02 1.000000e+00
      vertex   2.069949e+02 -1.530736e+02 2.000000e+00
      vertex   2.070000e+02 -1.530000e+02 1.000000e+00
    endloop
  endfacet
  facet normal -9.975906e-01 6.937594e-02 0.000000e+00
    outer loop
      vertex   2.070000e+02 -1.530000e+02 1.000000e+00
      vertex   2.069949e+02 -1.530736e+02 2.000000e+00
      vertex   2.070000e+02 -1.530000e+02 2.000000e+00
    endloop
  endfacet
  facet normal -0.000000e+00 -1.000000e+00 -0.000000e+00
    outer loop
      vertex   2.070000e+02 -1.530000e+02 2.000000e+00
      vertex   2.050000e+02 -1.530000e+02 2.000000e+00
      vertex   2.070000e+02 -1.530000e+02 1.000000e+00
    endloop
  endfacet
  facet normal 0.000000e+00 -1.000000e+00 0.000000e+00
    outer loop
      vertex   2.070000e+02 -1.530000e+02 1.000000e+00
      vertex   2.050000e+02 -1.530000e+02 2.000000e+00
      vertex   2.050000e+02 -1.530000e+02 1.000000e+00
    endloop
  endfacet
  facet normal 9.957908e-01 -9.165515e-02 0.000000e+00
    outer loop
      vertex   2.050000e+02 -1.530000e+02 1.000000e+00
      vertex   2.050000e+02 -1.530000e+02 2.000000e+00
      vertex   2.049955e+02 -1.530491e+02 1.000000e+00
    endloop
  endfacet
  facet normal 9.957908e-01 -9.165515e-02 0.000000e+00
    outer loop
      vertex   2.049955e+02 -1.530491e+02 1.000000e+00
      vertex   2.050000e+02 -1.530000e+02 2.000000e+00
      vertex   2.049955e+02 -1.530491e+02 2.000000e+00
    endloop
  endfacet
  facet normal 9.638995e-01 -2.662663e-01 0.000000e+00
    outer loop
      vertex   2.049955e+02 -1.530491e+02 1.000000e+00
      vertex   2.049955e+02 -1.530491e+02 2.000000e+00
      vertex   2.049819e+02 -1.530981e+02 2.000000e+00
    endloop
  endfacet
  facet normal 9.638995e-01 -2.662663e-01 0.000000e+00
    outer loop
      vertex   2.049955e+02 -1.530491e+02 1.000000e+00
      vertex   2.049819e+02 -1.530981e+02 2.000000e+00
      vertex   2.049819e+02 -1.530981e+02 1.000000e+00
    endloop
  endfacet
  facet normal 9.082254e-01 -4.184814e-01 0.000000e+00
    outer loop
      vertex   2.049819e+02 -1.530981e+02 1.000000e+00
      vertex   2.049819e+02 -1.530981e+02 2.000000e+00
      vertex   2.049594e+02 -1.531471e+02 2.000000e+00
    endloop
  endfacet
  facet normal 9.082254e-01 -4.184814e-01 0.000000e+00
    outer loop
      vertex   2.049819e+02 -1.530981e+02 1.000000e+00
      vertex   2.049594e+02 -1.531471e+02 2.000000e+00
      vertex   2.049594e+02 -1.531471e+02 1.000000e+00
    endloop
  endfacet
  facet normal 8.400310e-01 -5.425384e-01 0.000000e+00
    outer loop
      vertex   2.049594e+02 -1.531471e+02 1.000000e+00
      vertex   2.049594e+02 -1.531471e+02 2.000000e+00
      vertex   2.049278e+02 -1.531960e+02 1.000000e+00
    endloop
  endfacet
  facet normal 8.400310e-01 -5.425384e-01 0.000000e+00
    outer loop
      vertex   2.049278e+02 -1.531960e+02 1.000000e+00
      vertex   2.049594e+02 -1.531471e+02 2.000000e+00
      vertex   2.049278e+02 -1.531960e+02 2.000000e+00
    endloop
  endfacet
  facet normal 7.340893e-01 -6.790530e-01 0.000000e+00
    outer loop
      vertex   2.049278e+02 -1.531960e+02 1.000000e+00
      vertex   2.049278e+02 -1.531960e+02 2.000000e+00
      vertex   2.048377e+02 -1.532934e+02 2.000000e+00
    endloop
  endfacet
  facet normal 7.340893e-01 -6.790530e-01 0.000000e+00
    outer loop
      vertex   2.049278e+02 -1.531960e+02 1.000000e+00
      vertex   2.048377e+02 -1.532934e+02 2.000000e+00
      vertex   2.048377e+02 -1.532934e+02 1.000000e+00
    endloop
  endfacet
  facet normal 6.093100e-01 -7.929321e-01 0.000000e+00
    outer loop
      vertex   2.048377e+02 -1.532934e+02 1.000000e+00
      vertex   2.048377e+02 -1.532934e+02 2.000000e+00
      vertex   2.047118e+02 -1.533902e+02 2.000000e+00
    endloop
  endfacet
  facet normal 6.093100e-01 -7.929321e-01 0.000000e+00
    outer loop
      vertex   2.048377e+02 -1.532934e+02 1.000000e+00
      vertex   2.047118e+02 -1.533902e+02 2.000000e+00
      vertex   2.047118e+02 -1.533902e+02 1.000000e+00
    endloop
  endfacet
  facet normal 4.698791e-01 -8.827308e-01 0.000000e+00
    outer loop
      vertex   2.047118e+02 -1.533902e+02 1.000000e+00
      vertex   2.047118e+02 -1.533902e+02 2.000000e+00
      vertex   2.043541e+02 -1.535806e+02 2.000000e+00
    endloop
  endfacet
  facet normal 4.698791e-01 -8.827308e-01 0.000000e+00
    outer loop
      vertex   2.047118e+02 -1.533902e+02 1.000000e+00
      vertex   2.043541e+02 -1.535806e+02 2.000000e+00
      vertex   2.043541e+02 -1.535806e+02 1.000000e+00
    endloop
  endfacet
  facet normal 3.491883e-01 -9.370526e-01 0.000000e+00
    outer loop
      vertex   2.043541e+02 -1.535806e+02 1.000000e+00
      vertex   2.043541e+02 -1.535806e+02 2.000000e+00
      vertex   2.038582e+02 -1.537654e+02 2.000000e+00
    endloop
  endfacet
  facet normal 3.491883e-01 -9.370526e-01 0.000000e+00
    outer loop
      vertex   2.043541e+02 -1.535806e+02 1.000000e+00
      vertex   2.038582e+02 -1.537654e+02 2.000000e+00
      vertex   2.038582e+02 -1.537654e+02 1.000000e+00
    endloop
  endfacet
  facet normal 2.713363e-01 -9.624846e-01 0.000000e+00
    outer loop
      vertex   2.038582e+02 -1.537654e+02 1.000000e+00
      vertex   2.038582e+02 -1.537654e+02 2.000000e+00
      vertex   2.032288e+02 -1.539428e+02 2.000000e+00
    endloop
  endfacet
  facet normal 2.713363e-01 -9.624846e-01 0.000000e+00
    outer loop
      vertex   2.038582e+02 -1.537654e+02 1.000000e+00
      vertex   2.032288e+02 -1.539428e+02 2.000000e+00
      vertex   2.032288e+02 -1.539428e+02 1.000000e+00
    endloop
  endfacet
  facet normal 2.171473e-01 -9.761388e-01 0.000000e+00
    outer loop
      vertex   2.032288e+02 -1.539428e+02 1.000000e+00
      vertex   2.032288e+02 -1.539428e+02 2.000000e+00
      vertex   2.024720e+02 -1.541111e+02 2.000000e+00
    endloop
  endfacet
  facet normal 2.171473e-01 -9.761388e-01 0.000000e+00
    outer loop
      vertex   2.032288e+02 -1.539428e+02 1.000000e+00
      vertex   2.024720e+02 -1.541111e+02 2.000000e+00
      vertex   2.024720e+02 -1.541111e+02 1.000000e+00
    endloop
  endfacet
  facet normal 1.769441e-01 -9.842209e-01 0.000000e+00
    outer loop
      vertex   2.024720e+02 -1.541111e+02 1.000000e+00
      vertex   2.024720e+02 -1.541111e+02 2.000000e+00
      vertex   2.015952e+02 -1.542688e+02 2.000000e+00
    endloop
  endfacet
  facet normal 1.769441e-01 -9.842209e-01 0.000000e+00
    outer loop
      vertex   2.024720e+02 -1.541111e+02 1.000000e+00
      vertex   2.015952e+02 -1.542688e+02 2.000000e+00
      vertex   2.015952e+02 -1.542688e+02 1.000000e+00
    endloop
  endfacet
  facet normal 1.455456e-01 -9.893515e-01 0.000000e+00
    outer loop
      vertex   2.015952e+02 -1.542688e+02 1.000000e+00
      vertex   2.015952e+02 -1.542688e+02 2.000000e+00
      vertex   2.006066e+02 -1.544142e+02 2.000000e+00
    endloop
  endfacet
  facet normal 1.455456e-01 -9.893515e-01 0.000000e+00
    outer loop
      vertex   2.015952e+02 -1.542688e+02 1.000000e+00
      vertex   2.006066e+02 -1.544142e+02 2.000000e+00
      vertex   2.006066e+02 -1.544142e+02 1.000000e+00
    endloop
  endfacet
  facet normal 1.199746e-01 -9.927770e-01 0.000000e+00
    outer loop
      vertex   2.006066e+02 -1.544142e+02 1.000000e+00
      vertex   2.006066e+02 -1.544142e+02 2.000000e+00
      vertex   1.995159e+02 -1.545460e+02 2.000000e+00
    endloop
  endfacet
  facet normal 1.199746e-01 -9.927770e-01 0.000000e+00
    outer loop
      vertex   2.006066e+02 -1.544142e+02 1.000000e+00
      vertex   1.995159e+02 -1.545460e+02 2.000000e+00
      vertex   1.995159e+02 -1.545460e+02 1.000000e+00
    endloop
  endfacet
  facet normal 9.840771e-02 -9.951462e-01 0.000000e+00
    outer loop
      vertex   1.995159e+02 -1.545460e+02 1.000000e+00
      vertex   1.995159e+02 -1.545460e+02 2.000000e+00
      vertex   1.983336e+02 -1.546629e+02 2.000000e+00
    endloop
  endfacet
  facet normal 9.840771e-02 -9.951462e-01 0.000000e+00
    outer loop
      vertex   1.995159e+02 -1.545460e+02 1.000000e+00
      vertex   1.983336e+02 -1.546629e+02 2.000000e+00
      vertex   1.983336e+02 -1.546629e+02 1.000000e+00
    endloop
  endfacet
  facet normal 7.966370e-02 -9.968218e-01 0.000000e+00
    outer loop
      vertex   1.983336e+02 -1.546629e+02 1.000000e+00
      vertex   1.983336e+02 -1.546629e+02 2.000000e+00
      vertex   1.970710e+02 -1.547638e+02 2.000000e+00
    endloop
  endfacet
  facet normal 7.966370e-02 -9.968218e-01 0.000000e+00
    outer loop
      vertex   1.983336e+02 -1.546629e+02 1.000000e+00
      vertex   1.970710e+02 -1.547638e+02 2.000000e+00
      vertex   1.970710e+02 -1.547638e+02 1.000000e+00
    endloop
  endfacet
  facet normal 6.293756e-02 -9.980175e-01 0.000000e+00
    outer loop
      vertex   1.970710e+02 -1.547638e+02 1.000000e+00
      vertex   1.970710e+02 -1.547638e+02 2.000000e+00
      vertex   1.957403e+02 -1.548478e+02 2.000000e+00
    endloop
  endfacet
  facet normal 6.293756e-02 -9.980175e-01 0.000000e+00
    outer loop
      vertex   1.970710e+02 -1.547638e+02 1.000000e+00
      vertex   1.957403e+02 -1.548478e+02 2.000000e+00
      vertex   1.957403e+02 -1.548478e+02 1.000000e+00
    endloop
  endfacet
  facet normal 4.765369e-02 -9.988639e-01 0.000000e+00
    outer loop
      vertex   1.957403e+02 -1.548478e+02 1.000000e+00
      vertex   1.957403e+02 -1.548478e+02 2.000000e+00
      vertex   1.943543e+02 -1.549139e+02 2.000000e+00
    endloop
  endfacet
  facet normal 4.765369e-02 -9.988639e-01 0.000000e+00
    outer loop
      vertex   1.957403e+02 -1.548478e+02 1.000000e+00
      vertex   1.943543e+02 -1.549139e+02 2.000000e+00
      vertex   1.943543e+02 -1.549139e+02 1.000000e+00
    endloop
  endfacet
  facet normal 3.337997e-02 -9.994427e-01 0.000000e+00
    outer loop
      vertex   1.943543e+02 -1.549139e+02 1.000000e+00
      vertex   1.943543e+02 -1.549139e+02 2.000000e+00
      vertex   1.929264e+02 -1.549616e+02 2.000000e+00
    endloop
  endfacet
  facet normal 3.337997e-02 -9.994427e-01 0.000000e+00
    outer loop
      vertex   1.943543e+02 -1.549139e+02 1.000000e+00
      vertex   1.929264e+02 -1.549616e+02 2.000000e+00
      vertex   1.929264e+02 -1.549616e+02 1.000000e+00
    endloop
  endfacet
  facet normal 1.313118e-02 -9.999138e-01 0.000000e+00
    outer loop
      vertex   1.929264e+02 -1.549616e+02 1.000000e+00
      vertex   1.929264e+02 -1.549616e+02 2.000000e+00
      vertex   1.900000e+02 -1.550000e+02 2.000000e+00
    endloop
  endfacet
  facet normal 1.313118e-02 -9.999138e-01 0.000000e+00
    outer loop
      vertex   1.929264e+02 -1.549616e+02 1.000000e+00
      vertex   1.900000e+02 -1.550000e+02 2.000000e+00
      vertex   1.900000e+02 -1.550000e+02 1.000000e+00
    endloop
  endfacet
  facet normal 1.000000e+00 -2.842171e-14 0.000000e+00
    outer loop
      vertex   1.900000e+02 -1.550000e+02 2.000000e+00
      vertex   1.900000e+02 -1.560000e+02 2.000000e+00
      vertex   1.900000e+02 -1.550000e+02 1.000000e+00
    endloop
  endfacet
  facet normal 1.000000e+00 -2.842171e-14 0.000000e+00
    outer loop
      vertex   1.900000e+02 -1.550000e+02 1.000000e+00
      vertex   1.900000e+02 -1.560000e+02 2.000000e+00
      vertex   1.900000e+02 -1.560000e+02 1.000000e+00
    endloop
  endfacet
  facet normal 0.000000e+00 0.000000e+00 1.000000e+00
    outer loop
      vertex   1.900000e+02 -1.560000e+02 1.000000e+00
      vertex   1.933165e+02 -1.559424e+02 1.000000e+00
      vertex   1.900000e+02 -1.550000e+02 1.000000e+00
    endloop
  endfacet
  facet normal -0.000000e+00 0.000000e+00 1.000000e+00
    outer loop
      vertex   1.900000e+02 -1.550000e+02 1.000000e+00
      vertex   1.933165e+02 -1.559424e+02 1.000000e+00
      vertex   1.929264e+02 -1.549616e+02 1.000000e+00
    endloop
  endfacet
  facet normal 0.000000e+00 0.000000e+00 1.000000e+00
    outer loop
      vertex   1.929264e+02 -1.549616e+02 1.000000e+00
      vertex   1.933165e+02 -1.559424e+02 1.000000e+00
      vertex   1.949348e+02 -1.558708e+02 1.000000e+00
    endloop
  endfacet
  facet normal -0.000000e+00 0.000000e+00 1.000000e+00
    outer loop
      vertex   1.929264e+02 -1.549616e+02 1.000000e+00
      vertex   1.949348e+02 -1.558708e+02 1.000000e+00
      vertex   1.943543e+02 -1.549139e+02 1.000000e+00
    endloop
  endfacet
  facet normal 0.000000e+00 0.000000e+00 1.000000e+00
    outer loop
      vertex   1.943543e+02 -1.549139e+02 1.000000e+00
      vertex   1.949348e+02 -1.558708e+02 1.000000e+00
      vertex   1.965056e+02 -1.557716e+02 1.000000e+00
    endloop
  endfacet
  facet normal -0.000000e+00 0.000000e+00 1.000000e+00
    outer loop
      vertex   1.943543e+02 -1.549139e+02 1.000000e+00
      vertex   1.965056e+02 -1.557716e+02 1.000000e+00
      vertex   1.957403e+02 -1.548478e+02 1.000000e+00
    endloop
  endfacet
  facet normal 0.000000e+00 0.000000e+00 1.000000e+00
    outer loop
      vertex   1.957403e+02 -1.548478e+02 1.000000e+00
      vertex   1.965056e+02 -1.557716e+02 1.000000e+00
      vertex   1.980137e+02 -1.556458e+02 1.000000e+00
    endloop
  endfacet
  facet normal -0.000000e+00 0.000000e+00 1.000000e+00
    outer loop
      vertex   1.957403e+02 -1.548478e+02 1.000000e+00
      vertex   1.980137e+02 -1.556458e+02 1.000000e+00
      vertex   1.970710e+02 -1.547638e+02 1.000000e+00
    endloop
  endfacet
  facet normal 0.000000e+00 0.000000e+00 1.000000e+00
    outer loop
      vertex   1.970710e+02 -1.547638e+02 1.000000e+00
      vertex   1.980137e+02 -1.556458e+02 1.000000e+00
      vertex   1.994447e+02 -1.554944e+02 1.000000e+00
    endloop
  endfacet
  facet normal -0.000000e+00 0.000000e+00 1.000000e+00
    outer loop
      vertex   1.970710e+02 -1.547638e+02 1.000000e+00
      vertex   1.994447e+02 -1.554944e+02 1.000000e+00
      vertex   1.983336e+02 -1.546629e+02 1.000000e+00
    endloop
  endfacet
  facet normal 0.000000e+00 0.000000e+00 1.000000e+00
    outer loop
      vertex   1.983336e+02 -1.546629e+02 1.000000e+00
      vertex   1.994447e+02 -1.554944e+02 1.000000e+00
      vertex   2.007847e+02 -1.553190e+02 1.000000e+00
    endloop
  endfacet
  facet normal -0.000000e+00 0.000000e+00 1.000000e+00
    outer loop
      vertex   1.983336e+02 -1.546629e+02 1.000000e+00
      vertex   2.007847e+02 -1.553190e+02 1.000000e+00
      vertex   1.995159e+02 -1.545460e+02 1.000000e+00
    endloop
  endfacet
  facet normal 0.000000e+00 0.000000e+00 1.000000e+00
    outer loop
      vertex   1.995159e+02 -1.545460e+02 1.000000e+00
      vertex   2.007847e+02 -1.553190e+02 1.000000e+00
      vertex   2.020208e+02 -1.551213e+02 1.000000e+00
    endloop
  endfacet
  facet normal 0.000000e+00 0.000000e+00 1.000000e+00
    outer loop
      vertex   1.995159e+02 -1.545460e+02 1.000000e+00
      vertex   2.020208e+02 -1.551213e+02 1.000000e+00
      vertex   2.031412e+02 -1.549032e+02 1.000000e+00
    endloop
  endfacet
  facet normal -0.000000e+00 0.000000e+00 1.000000e+00
    outer loop
      vertex   1.995159e+02 -1.545460e+02 1.000000e+00
      vertex   2.031412e+02 -1.549032e+02 1.000000e+00
      vertex   2.006066e+02 -1.544142e+02 1.000000e+00
    endloop
  endfacet
  facet normal 0.000000e+00 0.000000e+00 1.000000e+00
    outer loop
      vertex   2.006066e+02 -1.544142e+02 1.000000e+00
      vertex   2.031412e+02 -1.549032e+02 1.000000e+00
      vertex   2.041350e+02 -1.546667e+02 1.000000e+00
    endloop
  endfacet
  facet normal -0.000000e+00 0.000000e+00 1.000000e+00
    outer loop
      vertex   2.006066e+02 -1.544142e+02 1.000000e+00
      vertex   2.041350e+02 -1.546667e+02 1.000000e+00
      vertex   2.015952e+02 -1.542688e+02 1.000000e+00
    endloop
  endfacet
  facet normal -0.000000e+00 0.000000e+00 1.000000e+00
    outer loop
      vertex   2.015952e+02 -1.542688e+02 1.000000e+00
      vertex   2.041350e+02 -1.546667e+02 1.000000e+00
      vertex   2.024720e+02 -1.541111e+02 1.000000e+00
    endloop
  endfacet
  facet normal 0.000000e+00 0.000000e+00 1.000000e+00
    outer loop
      vertex   2.024720e+02 -1.541111e+02 1.000000e+00
      vertex   2.041350e+02 -1.546667e+02 1.000000e+00
      vertex   2.049927e+02 -1.544142e+02 1.000000e+00
    endloop
  endfacet
  facet normal -0.000000e+00 0.000000e+00 1.000000e+00
    outer loop
      vertex   2.024720e+02 -1.541111e+02 1.000000e+00
      vertex   2.049927e+02 -1.544142e+02 1.000000e+00
      vertex   2.032288e+02 -1.539428e+02 1.000000e+00
    endloop
  endfacet
  facet normal 0.000000e+00 0.000000e+00 1.000000e+00
    outer loop
      vertex   2.032288e+02 -1.539428e+02 1.000000e+00
      vertex   2.049927e+02 -1.544142e+02 1.000000e+00
      vertex   2.057060e+02 -1.541480e+02 1.000000e+00
    endloop
  endfacet
  facet normal -0.000000e+00 0.000000e+00 1.000000e+00
    outer loop
      vertex   2.032288e+02 -1.539428e+02 1.000000e+00
      vertex   2.057060e+02 -1.541480e+02 1.000000e+00
      vertex   2.038582e+02 -1.537654e+02 1.000000e+00
    endloop
  endfacet
  facet normal 0.000000e+00 0.000000e+00 1.000000e+00
    outer loop
      vertex   2.038582e+02 -1.537654e+02 1.000000e+00
      vertex   2.057060e+02 -1.541480e+02 1.000000e+00
      vertex   2.062680e+02 -1.538708e+02 1.000000e+00
    endloop
  endfacet
  facet normal -0.000000e+00 0.000000e+00 1.000000e+00
    outer loop
      vertex   2.038582e+02 -1.537654e+02 1.000000e+00
      vertex   2.062680e+02 -1.538708e+02 1.000000e+00
      vertex   2.043541e+02 -1.535806e+02 1.000000e+00
    endloop
  endfacet
  facet normal 0.000000e+00 0.000000e+00 1.000000e+00
    outer loop
      vertex   2.043541e+02 -1.535806e+02 1.000000e+00
      vertex   2.062680e+02 -1.538708e+02 1.000000e+00
      vertex   2.066734e+02 -1.535853e+02 1.000000e+00
    endloop
  endfacet
  facet normal -0.000000e+00 0.000000e+00 1.000000e+00
    outer loop
      vertex   2.043541e+02 -1.535806e+02 1.000000e+00
      vertex   2.066734e+02 -1.535853e+02 1.000000e+00
      vertex   2.047118e+02 -1.533902e+02 1.000000e+00
    endloop
  endfacet
  facet normal 0.000000e+00 0.000000e+00 1.000000e+00
    outer loop
      vertex   2.047118e+02 -1.533902e+02 1.000000e+00
      vertex   2.066734e+02 -1.535853e+02 1.000000e+00
      vertex   2.068160e+02 -1.534402e+02 1.000000e+00
    endloop
  endfacet
  facet normal -0.000000e+00 0.000000e+00 1.000000e+00
    outer loop
      vertex   2.047118e+02 -1.533902e+02 1.000000e+00
      vertex   2.068160e+02 -1.534402e+02 1.000000e+00
      vertex   2.048377e+02 -1.532934e+02 1.000000e+00
    endloop
  endfacet
  facet normal 0.000000e+00 0.000000e+00 1.000000e+00
    outer loop
      vertex   2.048377e+02 -1.532934e+02 1.000000e+00
      vertex   2.068160e+02 -1.534402e+02 1.000000e+00
      vertex   2.069181e+02 -1.532940e+02 1.000000e+00
    endloop
  endfacet
  facet normal -0.000000e+00 0.000000e+00 1.000000e+00
    outer loop
      vertex   2.048377e+02 -1.532934e+02 1.000000e+00
      vertex   2.069181e+02 -1.532940e+02 1.000000e+00
      vertex   2.049278e+02 -1.531960e+02 1.000000e+00
    endloop
  endfacet
  facet normal -0.000000e+00 0.000000e+00 1.000000e+00
    outer loop
      vertex   2.049278e+02 -1.531960e+02 1.000000e+00
      vertex   2.069181e+02 -1.532940e+02 1.000000e+00
      vertex   2.069795e+02 -1.531472e+02 1.000000e+00
    endloop
  endfacet
  facet normal 0.000000e+00 0.000000e+00 1.000000e+00
    outer loop
      vertex   2.049278e+02 -1.531960e+02 1.000000e+00
      vertex   2.069795e+02 -1.531472e+02 1.000000e+00
      vertex   2.049594e+02 -1.531471e+02 1.000000e+00
    endloop
  endfacet
  facet normal -0.000000e+00 0.000000e+00 1.000000e+00
    outer loop
      vertex   2.049594e+02 -1.531471e+02 1.000000e+00
      vertex   2.069795e+02 -1.531472e+02 1.000000e+00
      vertex   2.049819e+02 -1.530981e+02 1.000000e+00
    endloop
  endfacet
  facet normal -0.000000e+00 0.000000e+00 1.000000e+00
    outer loop
      vertex   2.049819e+02 -1.530981e+02 1.000000e+00
      vertex   2.069795e+02 -1.531472e+02 1.000000e+00
      vertex   2.069949e+02 -1.530736e+02 1.000000e+00
    endloop
  endfacet
  facet normal 0.000000e+00 0.000000e+00 1.000000e+00
    outer loop
      vertex   2.049819e+02 -1.530981e+02 1.000000e+00
      vertex   2.069949e+02 -1.530736e+02 1.000000e+00
      vertex   2.049955e+02 -1.530491e+02 1.000000e+00
    endloop
  endfacet
  facet normal -0.000000e+00 0.000000e+00 1.000000e+00
    outer loop
      vertex   2.049955e+02 -1.530491e+02 1.000000e+00
      vertex   2.069949e+02 -1.530736e+02 1.000000e+00
      vertex   2.070000e+02 -1.530000e+02 1.000000e+00
    endloop
  endfacet
  facet normal 0.000000e+00 0.000000e+00 1.000000e+00
    outer loop
      vertex   2.049955e+02 -1.530491e+02 1.000000e+00
      vertex   2.070000e+02 -1.530000e+02 1.000000e+00
      vertex   2.050000e+02 -1.530000e+02 1.000000e+00
    endloop
  endfacet
  facet normal -0.000000e+00 0.000000e+00 1.000000e+00
    outer loop
      vertex   1.336947e+02 -1.250856e+02 2.000000e+00
      vertex   1.324118e+02 -1.253407e+02 2.000000e+00
      vertex   1.350000e+02 -1.250000e+02 2.000000e+00
    endloop
  endfacet
  facet normal 0.000000e+00 0.000000e+00 1.000000e+00
    outer loop
      vertex   1.350000e+02 -1.250000e+02 2.000000e+00
      vertex   1.324118e+02 -1.253407e+02 2.000000e+00
      vertex   1.311732e+02 -1.257612e+02 2.000000e+00
    endloop
  endfacet
  facet normal 0.000000e+00 0.000000e+00 1.000000e+00
    outer loop
      vertex   1.350000e+02 -1.250000e+02 2.000000e+00
      vertex   1.311732e+02 -1.257612e+02 2.000000e+00
      vertex   1.300000e+02 -1.263397e+02 2.000000e+00
    endloop
  endfacet
  facet normal -0.000000e+00 0.000000e+00 1.000000e+00
    outer loop
      vertex   1.300000e+02 -1.263397e+02 2.000000e+00
      vertex   1.289124e+02 -1.270665e+02 2.000000e+00
      vertex   1.350000e+02 -1.250000e+02 2.000000e+00
    endloop
  endfacet
  facet normal 0.000000e+00 0.000000e+00 1.000000e+00
    outer loop
      vertex   1.350000e+02 -1.250000e+02 2.000000e+00
      vertex   1.289124e+02 -1.270665e+02 2.000000e+00
      vertex   1.279289e+02 -1.279289e+02 2.000000e+00
    endloop
  endfacet
  facet normal 0.000000e+00 0.000000e+00 1.000000e+00
    outer loop
      vertex   1.350000e+02 -1.250000e+02 2.000000e+00
      vertex   1.279289e+02 -1.279289e+02 2.000000e+00
      vertex   1.270665e+02 -1.289124e+02 2.000000e+00
    endloop
  endfacet
  facet normal -0.000000e+00 0.000000e+00 1.000000e+00
    outer loop
      vertex   1.270665e+02 -1.289124e+02 2.000000e+00
      vertex   1.263397e+02 -1.300000e+02 2.000000e+00
      vertex   1.350000e+02 -1.250000e+02 2.000000e+00
    endloop
  endfacet
  facet normal 0.000000e+00 0.000000e+00 1.000000e+00
    outer loop
      vertex   1.350000e+02 -1.250000e+02 2.000000e+00
      vertex   1.263397e+02 -1.300000e+02 2.000000e+00
      vertex   1.257612e+02 -1.311732e+02 2.000000e+00
    endloop
  endfacet
  facet normal 0.000000e+00 0.000000e+00 1.000000e+00
    outer loop
      vertex   1.350000e+02 -1.250000e+02 2.000000e+00
      vertex   1.257612e+02 -1.311732e+02 2.000000e+00
      vertex   1.253407e+02 -1.324118e+02 2.000000e+00
    endloop
  endfacet
  facet normal -0.000000e+00 0.000000e+00 1.000000e+00
    outer loop
      vertex   1.253407e+02 -1.324118e+02 2.000000e+00
      vertex   1.250856e+02 -1.336947e+02 2.000000e+00
      vertex   1.350000e+02 -1.250000e+02 2.000000e+00
    endloop
  endfacet
  facet normal 0.000000e+00 0.000000e+00 1.000000e+00
    outer loop
      vertex   1.350000e+02 -1.250000e+02 2.000000e+00
      vertex   1.250856e+02 -1.336947e+02 2.000000e+00
      vertex   1.250000e+02 -1.350000e+02 2.000000e+00
    endloop
  endfacet
  facet normal 0.000000e+00 0.000000e+00 1.000000e+00
    outer loop
      vertex   1.350000e+02 -1.250000e+02 2.000000e+00
      vertex   1.250000e+02 -1.350000e+02 2.000000e+00
      vertex   1.493555e+02 -1.573793e+02 2.000000e+00
    endloop
  endfacet
  facet normal 0.000000e+00 0.000000e+00 1.000000e+00
    outer loop
      vertex   1.493555e+02 -1.573793e+02 2.000000e+00
      vertex   1.250000e+02 -1.350000e+02 2.000000e+00
      vertex   1.475000e+02 -1.583494e+02 2.000000e+00
    endloop
  endfacet
  facet normal 0.000000e+00 0.000000e+00 1.000000e+00
    outer loop
      vertex   1.475000e+02 -1.583494e+02 2.000000e+00
      vertex   1.250000e+02 -1.350000e+02 2.000000e+00
      vertex   1.457322e+02 -1.594713e+02 2.000000e+00
    endloop
  endfacet
  facet normal 0.000000e+00 0.000000e+00 1.000000e+00
    outer loop
      vertex   1.457322e+02 -1.594713e+02 2.000000e+00
      vertex   1.250000e+02 -1.350000e+02 2.000000e+00
      vertex   1.440644e+02 -1.607372e+02 2.000000e+00
    endloop
  endfacet
  facet normal 0.000000e+00 0.000000e+00 1.000000e+00
    outer loop
      vertex   1.440644e+02 -1.607372e+02 2.000000e+00
      vertex   1.250000e+02 -1.350000e+02 2.000000e+00
      vertex   1.425084e+02 -1.621382e+02 2.000000e+00
    endloop
  endfacet
  facet normal 0.000000e+00 0.000000e+00 1.000000e+00
    outer loop
      vertex   1.425084e+02 -1.621382e+02 2.000000e+00
      vertex   1.250000e+02 -1.350000e+02 2.000000e+00
      vertex   1.410751e+02 -1.636645e+02 2.000000e+00
    endloop
  endfacet
  facet normal 0.000000e+00 0.000000e+00 1.000000e+00
    outer loop
      vertex   1.410751e+02 -1.636645e+02 2.000000e+00
      vertex   1.250000e+02 -1.350000e+02 2.000000e+00
      vertex   1.397746e+02 -1.653054e+02 2.000000e+00
    endloop
  endfacet
  facet normal 0.000000e+00 0.000000e+00 1.000000e+00
    outer loop
      vertex   1.397746e+02 -1.653054e+02 2.000000e+00
      vertex   1.250000e+02 -1.350000e+02 2.000000e+00
      vertex   1.386159e+02 -1.670493e+02 2.000000e+00
    endloop
  endfacet
  facet normal 0.000000e+00 0.000000e+00 1.000000e+00
    outer loop
      vertex   1.386159e+02 -1.670493e+02 2.000000e+00
      vertex   1.250000e+02 -1.350000e+02 2.000000e+00
      vertex   1.376072e+02 -1.688841e+02 2.000000e+00
    endloop
  endfacet
  facet normal 0.000000e+00 0.000000e+00 1.000000e+00
    outer loop
      vertex   1.376072e+02 -1.688841e+02 2.000000e+00
      vertex   1.250000e+02 -1.350000e+02 2.000000e+00
      vertex   1.367556e+02 -1.707969e+02 2.000000e+00
    endloop
  endfacet
  facet normal 0.000000e+00 0.000000e+00 1.000000e+00
    outer loop
      vertex   1.367556e+02 -1.707969e+02 2.000000e+00
      vertex   1.250000e+02 -1.350000e+02 2.000000e+00
      vertex   1.360670e+02 -1.727742e+02 2.000000e+00
    endloop
  endfacet
  facet normal 0.000000e+00 0.000000e+00 1.000000e+00
    outer loop
      vertex   1.360670e+02 -1.727742e+02 2.000000e+00
      vertex   1.250000e+02 -1.350000e+02 2.000000e+00
      vertex   1.355463e+02 -1.748022e+02 2.000000e+00
    endloop
  endfacet
  facet normal 0.000000e+00 0.000000e+00 1.000000e+00
    outer loop
      vertex   1.355463e+02 -1.748022e+02 2.000000e+00
      vertex   1.250000e+02 -1.350000e+02 2.000000e+00
      vertex   1.351971e+02 -1.768667e+02 2.000000e+00
    endloop
  endfacet
  facet normal 0.000000e+00 0.000000e+00 1.000000e+00
    outer loop
      vertex   1.351971e+02 -1.768667e+02 2.000000e+00
      vertex   1.250000e+02 -1.350000e+02 2.000000e+00
      vertex   1.350219e+02 -1.789531e+02 2.000000e+00
    endloop
  endfacet
  facet normal 0.000000e+00 0.000000e+00 1.000000e+00
    outer loop
      vertex   1.350219e+02 -1.789531e+02 2.000000e+00
      vertex   1.250000e+02 -1.350000e+02 2.000000e+00
      vertex   1.250000e+02 -2.150000e+02 2.000000e+00
    endloop
  endfacet
  facet normal 0.000000e+00 0.000000e+00 1.000000e+00
    outer loop
      vertex   1.350219e+02 -1.789531e+02 2.000000e+00
      vertex   1.250000e+02 -2.150000e+02 2.000000e+00
      vertex   1.350219e+02 -1.810469e+02 2.000000e+00
    endloop
  endfacet
  facet normal 0.000000e+00 0.000000e+00 1.000000e+00
    outer loop
      vertex   1.350219e+02 -1.810469e+02 2.000000e+00
      vertex   1.250000e+02 -2.150000e+02 2.000000e+00
      vertex   1.351971e+02 -1.831333e+02 2.000000e+00
    endloop
  endfacet
  facet normal 0.000000e+00 0.000000e+00 1.000000e+00
    outer loop
      vertex   1.351971e+02 -1.831333e+02 2.000000e+00
      vertex   1.250000e+02 -2.150000e+02 2.000000e+00
      vertex   1.355463e+02 -1.851978e+02 2.000000e+00
    endloop
  endfacet
  facet normal 0.000000e+00 0.000000e+00 1.000000e+00
    outer loop
      vertex   1.355463e+02 -1.851978e+02 2.000000e+00
      vertex   1.250000e+02 -2.150000e+02 2.000000e+00
      vertex   1.360670e+02 -1.872258e+02 2.000000e+00
    endloop
  endfacet
  facet normal 0.000000e+00 0.000000e+00 1.000000e+00
    outer loop
      vertex   1.360670e+02 -1.872258e+02 2.000000e+00
      vertex   1.250000e+02 -2.150000e+02 2.000000e+00
      vertex   1.367556e+02 -1.892031e+02 2.000000e+00
    endloop
  endfacet
  facet normal 0.000000e+00 0.000000e+00 1.000000e+00
    outer loop
      vertex   1.367556e+02 -1.892031e+02 2.000000e+00
      vertex   1.250000e+02 -2.150000e+02 2.000000e+00
      vertex   1.376072e+02 -1.911159e+02 2.000000e+00
    endloop
  endfacet
  facet normal 0.000000e+00 0.000000e+00 1.000000e+00
    outer loop
      vertex   1.376072e+02 -1.911159e+02 2.000000e+00
      vertex   1.250000e+02 -2.150000e+02 2.000000e+00
      vertex   1.386159e+02 -1.929507e+02 2.000000e+00
    endloop
  endfacet
  facet normal 0.000000e+00 0.000000e+00 1.000000e+00
    outer loop
      vertex   1.386159e+02 -1.929507e+02 2.000000e+00
      vertex   1.250000e+02 -2.150000e+02 2.000000e+00
      vertex   1.397746e+02 -1.946946e+02 2.000000e+00
    endloop
  endfacet
  facet normal 0.000000e+00 0.000000e+00 1.000000e+00
    outer loop
      vertex   1.397746e+02 -1.946946e+02 2.000000e+00
      vertex   1.250000e+02 -2.150000e+02 2.000000e+00
      vertex   1.410751e+02 -1.963355e+02 2.000000e+00
    endloop
  endfacet
  facet normal 0.000000e+00 0.000000e+00 1.000000e+00
    outer loop
      vertex   1.410751e+02 -1.963355e+02 2.000000e+00
      vertex   1.250000e+02 -2.150000e+02 2.000000e+00
      vertex   1.425084e+02 -1.978618e+02 2.000000e+00
    endloop
  endfacet
  facet normal 0.000000e+00 0.000000e+00 1.000000e+00
    outer loop
      vertex   1.425084e+02 -1.978618e+02 2.000000e+00
      vertex   1.250000e+02 -2.150000e+02 2.000000e+00
      vertex   1.440644e+02 -1.992628e+02 2.000000e+00
    endloop
  endfacet
  facet normal 0.000000e+00 0.000000e+00 1.000000e+00
    outer loop
      vertex   1.440644e+02 -1.992628e+02 2.000000e+00
      vertex   1.250000e+02 -2.150000e+02 2.000000e+00
      vertex   1.457322e+02 -2.005287e+02 2.000000e+00
    endloop
  endfacet
  facet normal 0.000000e+00 0.000000e+00 1.000000e+00
    outer loop
      vertex   1.457322e+02 -2.005287e+02 2.000000e+00
      vertex   1.250000e+02 -2.150000e+02 2.000000e+00
      vertex   1.350000e+02 -2.250000e+02 2.000000e+00
    endloop
  endfacet
  facet normal 0.000000e+00 0.000000e+00 1.000000e+00
    outer loop
      vertex   1.457322e+02 -2.005287e+02 2.000000e+00
      vertex   1.350000e+02 -2.250000e+02 2.000000e+00
      vertex   1.475000e+02 -2.016506e+02 2.000000e+00
    endloop
  endfacet
  facet normal 0.000000e+00 0.000000e+00 1.000000e+00
    outer loop
      vertex   1.475000e+02 -2.016506e+02 2.000000e+00
      vertex   1.350000e+02 -2.250000e+02 2.000000e+00
      vertex   1.493555e+02 -2.026207e+02 2.000000e+00
    endloop
  endfacet
  facet normal 0.000000e+00 0.000000e+00 1.000000e+00
    outer loop
      vertex   1.493555e+02 -2.026207e+02 2.000000e+00
      vertex   1.350000e+02 -2.250000e+02 2.000000e+00
      vertex   1.512857e+02 -2.034320e+02 2.000000e+00
    endloop
  endfacet
  facet normal 0.000000e+00 0.000000e+00 1.000000e+00
    outer loop
      vertex   1.512857e+02 -2.034320e+02 2.000000e+00
      vertex   1.350000e+02 -2.250000e+02 2.000000e+00
      vertex   1.532770e+02 -2.040791e+02 2.000000e+00
    endloop
  endfacet
  facet normal 0.000000e+00 0.000000e+00 1.000000e+00
    outer loop
      vertex   1.532770e+02 -2.040791e+02 2.000000e+00
      vertex   1.350000e+02 -2.250000e+02 2.000000e+00
      vertex   1.553155e+02 -2.045572e+02 2.000000e+00
    endloop
  endfacet
  facet normal 0.000000e+00 0.000000e+00 1.000000e+00
    outer loop
      vertex   1.553155e+02 -2.045572e+02 2.000000e+00
      vertex   1.350000e+02 -2.250000e+02 2.000000e+00
      vertex   1.573868e+02 -2.048630e+02 2.000000e+00
    endloop
  endfacet
  facet normal 0.000000e+00 0.000000e+00 1.000000e+00
    outer loop
      vertex   1.573868e+02 -2.048630e+02 2.000000e+00
      vertex   1.350000e+02 -2.250000e+02 2.000000e+00
      vertex   1.594764e+02 -2.049945e+02 2.000000e+00
    endloop
  endfacet
  facet normal -0.000000e+00 0.000000e+00 1.000000e+00
    outer loop
      vertex   1.594764e+02 -2.049945e+02 2.000000e+00
      vertex   1.350000e+02 -2.250000e+02 2.000000e+00
      vertex   1.615698e+02 -2.049507e+02 2.000000e+00
    endloop
  endfacet
  facet normal -0.000000e+00 0.000000e+00 1.000000e+00
    outer loop
      vertex   1.615698e+02 -2.049507e+02 2.000000e+00
      vertex   1.350000e+02 -2.250000e+02 2.000000e+00
      vertex   1.636521e+02 -2.047318e+02 2.000000e+00
    endloop
  endfacet
  facet normal -0.000000e+00 0.000000e+00 1.000000e+00
    outer loop
      vertex   1.636521e+02 -2.047318e+02 2.000000e+00
      vertex   1.350000e+02 -2.250000e+02 2.000000e+00
      vertex   1.657088e+02 -2.043395e+02 2.000000e+00
    endloop
  endfacet
  facet normal 0.000000e+00 0.000000e+00 1.000000e+00
    outer loop
      vertex   1.657088e+02 -2.043395e+02 2.000000e+00
      vertex   1.350000e+02 -2.250000e+02 2.000000e+00
      vertex   2.150000e+02 -2.250000e+02 2.000000e+00
    endloop
  endfacet
  facet normal -0.000000e+00 0.000000e+00 1.000000e+00
    outer loop
      vertex   1.657088e+02 -2.043395e+02 2.000000e+00
      vertex   2.150000e+02 -2.250000e+02 2.000000e+00
      vertex   1.677254e+02 -2.037764e+02 2.000000e+00
    endloop
  endfacet
  facet normal -0.000000e+00 0.000000e+00 1.000000e+00
    outer loop
      vertex   1.677254e+02 -2.037764e+02 2.000000e+00
      vertex   2.150000e+02 -2.250000e+02 2.000000e+00
      vertex   1.696879e+02 -2.030466e+02 2.000000e+00
    endloop
  endfacet
  facet normal -0.000000e+00 0.000000e+00 1.000000e+00
    outer loop
      vertex   1.696879e+02 -2.030466e+02 2.000000e+00
      vertex   2.150000e+02 -2.250000e+02 2.000000e+00
      vertex   1.715824e+02 -2.021551e+02 2.000000e+00
    endloop
  endfacet
  facet normal -0.000000e+00 0.000000e+00 1.000000e+00
    outer loop
      vertex   1.715824e+02 -2.021551e+02 2.000000e+00
      vertex   2.150000e+02 -2.250000e+02 2.000000e+00
      vertex   1.733957e+02 -2.011082e+02 2.000000e+00
    endloop
  endfacet
  facet normal -0.000000e+00 0.000000e+00 1.000000e+00
    outer loop
      vertex   1.733957e+02 -2.011082e+02 2.000000e+00
      vertex   2.150000e+02 -2.250000e+02 2.000000e+00
      vertex   1.751150e+02 -1.999132e+02 2.000000e+00
    endloop
  endfacet
  facet normal -0.000000e+00 0.000000e+00 1.000000e+00
    outer loop
      vertex   1.751150e+02 -1.999132e+02 2.000000e+00
      vertex   2.150000e+02 -2.250000e+02 2.000000e+00
      vertex   1.767283e+02 -1.985786e+02 2.000000e+00
    endloop
  endfacet
  facet normal -0.000000e+00 0.000000e+00 1.000000e+00
    outer loop
      vertex   1.767283e+02 -1.985786e+02 2.000000e+00
      vertex   2.150000e+02 -2.250000e+02 2.000000e+00
      vertex   1.782242e+02 -1.971137e+02 2.000000e+00
    endloop
  endfacet
  facet normal -0.000000e+00 0.000000e+00 1.000000e+00
    outer loop
      vertex   1.782242e+02 -1.971137e+02 2.000000e+00
      vertex   2.150000e+02 -2.250000e+02 2.000000e+00
      vertex   1.919138e+02 -1.909765e+02 2.000000e+00
    endloop
  endfacet
  facet normal 0.000000e+00 0.000000e+00 1.000000e+00
    outer loop
      vertex   1.782242e+02 -1.971137e+02 2.000000e+00
      vertex   1.919138e+02 -1.909765e+02 2.000000e+00
      vertex   1.795923e+02 -1.955287e+02 2.000000e+00
    endloop
  endfacet
  facet normal 0.000000e+00 0.000000e+00 1.000000e+00
    outer loop
      vertex   1.795923e+02 -1.955287e+02 2.000000e+00
      vertex   1.919138e+02 -1.909765e+02 2.000000e+00
      vertex   1.885619e+02 -1.909868e+02 2.000000e+00
    endloop
  endfacet
  facet normal 0.000000e+00 0.000000e+00 1.000000e+00
    outer loop
      vertex   1.795923e+02 -1.955287e+02 2.000000e+00
      vertex   1.885619e+02 -1.909868e+02 2.000000e+00
      vertex   1.808230e+02 -1.938348e+02 2.000000e+00
    endloop
  endfacet
  facet normal 0.000000e+00 0.000000e+00 1.000000e+00
    outer loop
      vertex   1.808230e+02 -1.938348e+02 2.000000e+00
      vertex   1.885619e+02 -1.909868e+02 2.000000e+00
      vertex   1.852358e+02 -1.908534e+02 2.000000e+00
    endloop
  endfacet
  facet normal 0.000000e+00 0.000000e+00 1.000000e+00
    outer loop
      vertex   1.808230e+02 -1.938348e+02 2.000000e+00
      vertex   1.852358e+02 -1.908534e+02 2.000000e+00
      vertex   1.819077e+02 -1.920438e+02 2.000000e+00
    endloop
  endfacet
  facet normal 0.000000e+00 0.000000e+00 1.000000e+00
    outer loop
      vertex   1.819077e+02 -1.920438e+02 2.000000e+00
      vertex   1.852358e+02 -1.908534e+02 2.000000e+00
      vertex   1.851533e+02 -1.908373e+02 2.000000e+00
    endloop
  endfacet
  facet normal 0.000000e+00 0.000000e+00 1.000000e+00
    outer loop
      vertex   1.819077e+02 -1.920438e+02 2.000000e+00
      vertex   1.851533e+02 -1.908373e+02 2.000000e+00
      vertex   1.850768e+02 -1.908023e+02 2.000000e+00
    endloop
  endfacet
  facet normal -0.000000e+00 -0.000000e+00 1.000000e+00
    outer loop
      vertex   1.250856e+02 -2.163053e+02 2.000000e+00
      vertex   1.253407e+02 -2.175882e+02 2.000000e+00
      vertex   1.250000e+02 -2.150000e+02 2.000000e+00
    endloop
  endfacet
  facet normal 0.000000e+00 0.000000e+00 1.000000e+00
    outer loop
      vertex   1.250000e+02 -2.150000e+02 2.000000e+00
      vertex   1.253407e+02 -2.175882e+02 2.000000e+00
      vertex   1.257612e+02 -2.188268e+02 2.000000e+00
    endloop
  endfacet
  facet normal 0.000000e+00 0.000000e+00 1.000000e+00
    outer loop
      vertex   1.250000e+02 -2.150000e+02 2.000000e+00
      vertex   1.257612e+02 -2.188268e+02 2.000000e+00
      vertex   1.263397e+02 -2.200000e+02 2.000000e+00
    endloop
  endfacet
  facet normal -0.000000e+00 -0.000000e+00 1.000000e+00
    outer loop
      vertex   1.263397e+02 -2.200000e+02 2.000000e+00
      vertex   1.270665e+02 -2.210876e+02 2.000000e+00
      vertex   1.250000e+02 -2.150000e+02 2.000000e+00
    endloop
  endfacet
  facet normal 0.000000e+00 0.000000e+00 1.000000e+00
    outer loop
      vertex   1.250000e+02 -2.150000e+02 2.000000e+00
      vertex   1.270665e+02 -2.210876e+02 2.000000e+00
      vertex   1.279289e+02 -2.220711e+02 2.000000e+00
    endloop
  endfacet
  facet normal 0.000000e+00 0.000000e+00 1.000000e+00
    outer loop
      vertex   1.250000e+02 -2.150000e+02 2.000000e+00
      vertex   1.279289e+02 -2.220711e+02 2.000000e+00
      vertex   1.289124e+02 -2.229335e+02 2.000000e+00
    endloop
  endfacet
  facet normal -0.000000e+00 -0.000000e+00 1.000000e+00
    outer loop
      vertex   1.289124e+02 -2.229335e+02 2.000000e+00
      vertex   1.300000e+02 -2.236603e+02 2.000000e+00
      vertex   1.250000e+02 -2.150000e+02 2.000000e+00
    endloop
  endfacet
  facet normal 0.000000e+00 0.000000e+00 1.000000e+00
    outer loop
      vertex   1.250000e+02 -2.150000e+02 2.000000e+00
      vertex   1.300000e+02 -2.236603e+02 2.000000e+00
      vertex   1.311732e+02 -2.242388e+02 2.000000e+00
    endloop
  endfacet
  facet normal 0.000000e+00 0.000000e+00 1.000000e+00
    outer loop
      vertex   1.250000e+02 -2.150000e+02 2.000000e+00
      vertex   1.311732e+02 -2.242388e+02 2.000000e+00
      vertex   1.324118e+02 -2.246593e+02 2.000000e+00
    endloop
  endfacet
  facet normal -0.000000e+00 -0.000000e+00 1.000000e+00
    outer loop
      vertex   1.324118e+02 -2.246593e+02 2.000000e+00
      vertex   1.336947e+02 -2.249144e+02 2.000000e+00
      vertex   1.250000e+02 -2.150000e+02 2.000000e+00
    endloop
  endfacet
  facet normal 0.000000e+00 0.000000e+00 1.000000e+00
    outer loop
      vertex   1.250000e+02 -2.150000e+02 2.000000e+00
      vertex   1.336947e+02 -2.249144e+02 2.000000e+00
      vertex   1.350000e+02 -2.250000e+02 2.000000e+00
    endloop
  endfacet
  facet normal 0.000000e+00 -0.000000e+00 1.000000e+00
    outer loop
      vertex   2.163053e+02 -2.249144e+02 2.000000e+00
      vertex   2.250000e+02 -2.150000e+02 2.000000e+00
      vertex   2.150000e+02 -2.250000e+02 2.000000e+00
    endloop
  endfacet
  facet normal 0.000000e+00 -0.000000e+00 1.000000e+00
    outer loop
      vertex   2.150000e+02 -2.250000e+02 2.000000e+00
      vertex   2.250000e+02 -2.150000e+02 2.000000e+00
      vertex   2.043904e+02 -1.895418e+02 2.000000e+00
    endloop
  endfacet
  facet normal 0.000000e+00 0.000000e+00 1.000000e+00
    outer loop
      vertex   2.150000e+02 -2.250000e+02 2.000000e+00
      vertex   2.043904e+02 -1.895418e+02 2.000000e+00
      vertex   2.029875e+02 -1.898358e+02 2.000000e+00
    endloop
  endfacet
  facet normal 0.000000e+00 0.000000e+00 1.000000e+00
    outer loop
      vertex   2.163053e+02 -2.249144e+02 2.000000e+00
      vertex   2.175882e+02 -2.246593e+02 2.000000e+00
      vertex   2.250000e+02 -2.150000e+02 2.000000e+00
    endloop
  endfacet
  facet normal 0.000000e+00 0.000000e+00 1.000000e+00
    outer loop
      vertex   2.250000e+02 -2.150000e+02 2.000000e+00
      vertex   2.175882e+02 -2.246593e+02 2.000000e+00
      vertex   2.188268e+02 -2.242388e+02 2.000000e+00
    endloop
  endfacet
  facet normal 0.000000e+00 0.000000e+00 1.000000e+00
    outer loop
      vertex   2.250000e+02 -2.150000e+02 2.000000e+00
      vertex   2.188268e+02 -2.242388e+02 2.000000e+00
      vertex   2.200000e+02 -2.236603e+02 2.000000e+00
    endloop
  endfacet
  facet normal 0.000000e+00 0.000000e+00 1.000000e+00
    outer loop
      vertex   2.200000e+02 -2.236603e+02 2.000000e+00
      vertex   2.210876e+02 -2.229335e+02 2.000000e+00
      vertex   2.250000e+02 -2.150000e+02 2.000000e+00
    endloop
  endfacet
  facet normal 0.000000e+00 0.000000e+00 1.000000e+00
    outer loop
      vertex   2.250000e+02 -2.150000e+02 2.000000e+00
      vertex   2.210876e+02 -2.229335e+02 2.000000e+00
      vertex   2.220711e+02 -2.220711e+02 2.000000e+00
    endloop
  endfacet
  facet normal 0.000000e+00 0.000000e+00 1.000000e+00
    outer loop
      vertex   2.250000e+02 -2.150000e+02 2.000000e+00
      vertex   2.220711e+02 -2.220711e+02 2.000000e+00
      vertex   2.229335e+02 -2.210876e+02 2.000000e+00
    endloop
  endfacet
  facet normal 0.000000e+00 0.000000e+00 1.000000e+00
    outer loop
      vertex   2.229335e+02 -2.210876e+02 2.000000e+00
      vertex   2.236603e+02 -2.200000e+02 2.000000e+00
      vertex   2.250000e+02 -2.150000e+02 2.000000e+00
    endloop
  endfacet
  facet normal 0.000000e+00 0.000000e+00 1.000000e+00
    outer loop
      vertex   2.250000e+02 -2.150000e+02 2.000000e+00
      vertex   2.236603e+02 -2.200000e+02 2.000000e+00
      vertex   2.242388e+02 -2.188268e+02 2.000000e+00
    endloop
  endfacet
  facet normal 0.000000e+00 0.000000e+00 1.000000e+00
    outer loop
      vertex   2.250000e+02 -2.150000e+02 2.000000e+00
      vertex   2.242388e+02 -2.188268e+02 2.000000e+00
      vertex   2.246593e+02 -2.175882e+02 2.000000e+00
    endloop
  endfacet
  facet normal 0.000000e+00 0.000000e+00 1.000000e+00
    outer loop
      vertex   2.246593e+02 -2.175882e+02 2.000000e+00
      vertex   2.249144e+02 -2.163053e+02 2.000000e+00
      vertex   2.250000e+02 -2.150000e+02 2.000000e+00
    endloop
  endfacet
  facet normal 0.000000e+00 0.000000e+00 1.000000e+00
    outer loop
      vertex   2.250000e+02 -1.350000e+02 2.000000e+00
      vertex   2.150000e+02 -1.770000e+02 2.000000e+00
      vertex   2.250000e+02 -2.150000e+02 2.000000e+00
    endloop
  endfacet
  facet normal 0.000000e+00 0.000000e+00 1.000000e+00
    outer loop
      vertex   2.250000e+02 -2.150000e+02 2.000000e+00
      vertex   2.150000e+02 -1.770000e+02 2.000000e+00
      vertex   2.149959e+02 -1.831452e+02 2.000000e+00
    endloop
  endfacet
  facet normal 0.000000e+00 0.000000e+00 1.000000e+00
    outer loop
      vertex   2.250000e+02 -2.150000e+02 2.000000e+00
      vertex   2.149959e+02 -1.831452e+02 2.000000e+00
      vertex   2.149092e+02 -1.836811e+02 2.000000e+00
    endloop
  endfacet
  facet normal 0.000000e+00 0.000000e+00 1.000000e+00
    outer loop
      vertex   2.249144e+02 -1.336947e+02 2.000000e+00
      vertex   2.150000e+02 -1.250000e+02 2.000000e+00
      vertex   2.250000e+02 -1.350000e+02 2.000000e+00
    endloop
  endfacet
  facet normal 0.000000e+00 0.000000e+00 1.000000e+00
    outer loop
      vertex   2.250000e+02 -1.350000e+02 2.000000e+00
      vertex   2.150000e+02 -1.250000e+02 2.000000e+00
      vertex   2.088513e+02 -1.477454e+02 2.000000e+00
    endloop
  endfacet
  facet normal 0.000000e+00 0.000000e+00 1.000000e+00
    outer loop
      vertex   2.250000e+02 -1.350000e+02 2.000000e+00
      vertex   2.088513e+02 -1.477454e+02 2.000000e+00
      vertex   2.097262e+02 -1.480853e+02 2.000000e+00
    endloop
  endfacet
  facet normal 0.000000e+00 0.000000e+00 1.000000e+00
    outer loop
      vertex   2.249144e+02 -1.336947e+02 2.000000e+00
      vertex   2.246593e+02 -1.324118e+02 2.000000e+00
      vertex   2.150000e+02 -1.250000e+02 2.000000e+00
    endloop
  endfacet
  facet normal 0.000000e+00 0.000000e+00 1.000000e+00
    outer loop
      vertex   2.150000e+02 -1.250000e+02 2.000000e+00
      vertex   2.246593e+02 -1.324118e+02 2.000000e+00
      vertex   2.242388e+02 -1.311732e+02 2.000000e+00
    endloop
  endfacet
  facet normal 0.000000e+00 0.000000e+00 1.000000e+00
    outer loop
      vertex   2.150000e+02 -1.250000e+02 2.000000e+00
      vertex   2.242388e+02 -1.311732e+02 2.000000e+00
      vertex   2.236603e+02 -1.300000e+02 2.000000e+00
    endloop
  endfacet
  facet normal 0.000000e+00 0.000000e+00 1.000000e+00
    outer loop
      vertex   2.236603e+02 -1.300000e+02 2.000000e+00
      vertex   2.229335e+02 -1.289124e+02 2.000000e+00
      vertex   2.150000e+02 -1.250000e+02 2.000000e+00
    endloop
  endfacet
  facet normal 0.000000e+00 0.000000e+00 1.000000e+00
    outer loop
      vertex   2.150000e+02 -1.250000e+02 2.000000e+00
      vertex   2.229335e+02 -1.289124e+02 2.000000e+00
      vertex   2.220711e+02 -1.279289e+02 2.000000e+00
    endloop
  endfacet
  facet normal 0.000000e+00 0.000000e+00 1.000000e+00
    outer loop
      vertex   2.150000e+02 -1.250000e+02 2.000000e+00
      vertex   2.220711e+02 -1.279289e+02 2.000000e+00
      vertex   2.210876e+02 -1.270665e+02 2.000000e+00
    endloop
  endfacet
  facet normal 0.000000e+00 0.000000e+00 1.000000e+00
    outer loop
      vertex   2.210876e+02 -1.270665e+02 2.000000e+00
      vertex   2.200000e+02 -1.263397e+02 2.000000e+00
      vertex   2.150000e+02 -1.250000e+02 2.000000e+00
    endloop
  endfacet
  facet normal 0.000000e+00 0.000000e+00 1.000000e+00
    outer loop
      vertex   2.150000e+02 -1.250000e+02 2.000000e+00
      vertex   2.200000e+02 -1.263397e+02 2.000000e+00
      vertex   2.188268e+02 -1.257612e+02 2.000000e+00
    endloop
  endfacet
  facet normal 0.000000e+00 0.000000e+00 1.000000e+00
    outer loop
      vertex   2.150000e+02 -1.250000e+02 2.000000e+00
      vertex   2.188268e+02 -1.257612e+02 2.000000e+00
      vertex   2.175882e+02 -1.253407e+02 2.000000e+00
    endloop
  endfacet
  facet normal 0.000000e+00 0.000000e+00 1.000000e+00
    outer loop
      vertex   2.175882e+02 -1.253407e+02 2.000000e+00
      vertex   2.163053e+02 -1.250856e+02 2.000000e+00
      vertex   2.150000e+02 -1.250000e+02 2.000000e+00
    endloop
  endfacet
  facet normal -0.000000e+00 0.000000e+00 1.000000e+00
    outer loop
      vertex   1.350000e+02 -1.250000e+02 2.000000e+00
      vertex   1.812663e+02 -1.455040e+02 2.000000e+00
      vertex   2.150000e+02 -1.250000e+02 2.000000e+00
    endloop
  endfacet
  facet normal 0.000000e+00 0.000000e+00 1.000000e+00
    outer loop
      vertex   2.150000e+02 -1.250000e+02 2.000000e+00
      vertex   1.812663e+02 -1.455040e+02 2.000000e+00
      vertex   1.838930e+02 -1.452423e+02 2.000000e+00
    endloop
  endfacet
  facet normal 0.000000e+00 0.000000e+00 1.000000e+00
    outer loop
      vertex   2.150000e+02 -1.250000e+02 2.000000e+00
      vertex   1.838930e+02 -1.452423e+02 2.000000e+00
      vertex   1.865937e+02 -1.450746e+02 2.000000e+00
    endloop
  endfacet
  facet normal -0.000000e+00 0.000000e+00 1.000000e+00
    outer loop
      vertex   2.069949e+02 -1.530736e+02 2.000000e+00
      vertex   2.104250e+02 -1.552294e+02 2.000000e+00
      vertex   2.070000e+02 -1.530000e+02 2.000000e+00
    endloop
  endfacet
  facet normal 0.000000e+00 0.000000e+00 1.000000e+00
    outer loop
      vertex   2.070000e+02 -1.530000e+02 2.000000e+00
      vertex   2.104250e+02 -1.552294e+02 2.000000e+00
      vertex   2.110643e+02 -1.547312e+02 2.000000e+00
    endloop
  endfacet
  facet normal -0.000000e+00 0.000000e+00 1.000000e+00
    outer loop
      vertex   2.070000e+02 -1.530000e+02 2.000000e+00
      vertex   2.110643e+02 -1.547312e+02 2.000000e+00
      vertex   2.108610e+02 -1.510944e+02 2.000000e+00
    endloop
  endfacet
  facet normal 0.000000e+00 0.000000e+00 1.000000e+00
    outer loop
      vertex   2.108610e+02 -1.510944e+02 2.000000e+00
      vertex   2.110643e+02 -1.547312e+02 2.000000e+00
      vertex   2.113943e+02 -1.516017e+02 2.000000e+00
    endloop
  endfacet
  facet normal 0.000000e+00 0.000000e+00 1.000000e+00
    outer loop
      vertex   2.113943e+02 -1.516017e+02 2.000000e+00
      vertex   2.110643e+02 -1.547312e+02 2.000000e+00
      vertex   2.115406e+02 -1.542197e+02 2.000000e+00
    endloop
  endfacet
  facet normal 0.000000e+00 0.000000e+00 1.000000e+00
    outer loop
      vertex   2.113943e+02 -1.516017e+02 2.000000e+00
      vertex   2.115406e+02 -1.542197e+02 2.000000e+00
      vertex   2.118503e+02 -1.536988e+02 2.000000e+00
    endloop
  endfacet
  facet normal 0.000000e+00 0.000000e+00 1.000000e+00
    outer loop
      vertex   2.069949e+02 -1.530736e+02 2.000000e+00
      vertex   2.069795e+02 -1.531472e+02 2.000000e+00
      vertex   2.104250e+02 -1.552294e+02 2.000000e+00
    endloop
  endfacet
  facet normal 0.000000e+00 0.000000e+00 1.000000e+00
    outer loop
      vertex   2.104250e+02 -1.552294e+02 2.000000e+00
      vertex   2.069795e+02 -1.531472e+02 2.000000e+00
      vertex   2.096277e+02 -1.557102e+02 2.000000e+00
    endloop
  endfacet
  facet normal 0.000000e+00 0.000000e+00 1.000000e+00
    outer loop
      vertex   2.096277e+02 -1.557102e+02 2.000000e+00
      vertex   2.069795e+02 -1.531472e+02 2.000000e+00
      vertex   2.069181e+02 -1.532940e+02 2.000000e+00
    endloop
  endfacet
  facet normal 0.000000e+00 0.000000e+00 1.000000e+00
    outer loop
      vertex   2.096277e+02 -1.557102e+02 2.000000e+00
      vertex   2.069181e+02 -1.532940e+02 2.000000e+00
      vertex   2.086786e+02 -1.561701e+02 2.000000e+00
    endloop
  endfacet
  facet normal 0.000000e+00 0.000000e+00 1.000000e+00
    outer loop
      vertex   2.086786e+02 -1.561701e+02 2.000000e+00
      vertex   2.069181e+02 -1.532940e+02 2.000000e+00
      vertex   2.068160e+02 -1.534402e+02 2.000000e+00
    endloop
  endfacet
  facet normal 0.000000e+00 0.000000e+00 1.000000e+00
    outer loop
      vertex   2.086786e+02 -1.561701e+02 2.000000e+00
      vertex   2.068160e+02 -1.534402e+02 2.000000e+00
      vertex   2.066734e+02 -1.535853e+02 2.000000e+00
    endloop
  endfacet
  facet normal 0.000000e+00 0.000000e+00 1.000000e+00
    outer loop
      vertex   2.086786e+02 -1.561701e+02 2.000000e+00
      vertex   2.066734e+02 -1.535853e+02 2.000000e+00
      vertex   2.075849e+02 -1.566055e+02 2.000000e+00
    endloop
  endfacet
  facet normal 0.000000e+00 0.000000e+00 1.000000e+00
    outer loop
      vertex   2.075849e+02 -1.566055e+02 2.000000e+00
      vertex   2.066734e+02 -1.535853e+02 2.000000e+00
      vertex   2.062680e+02 -1.538708e+02 2.000000e+00
    endloop
  endfacet
  facet normal 0.000000e+00 0.000000e+00 1.000000e+00
    outer loop
      vertex   2.075849e+02 -1.566055e+02 2.000000e+00
      vertex   2.062680e+02 -1.538708e+02 2.000000e+00
      vertex   2.057060e+02 -1.541480e+02 2.000000e+00
    endloop
  endfacet
  facet normal 0.000000e+00 0.000000e+00 1.000000e+00
    outer loop
      vertex   2.075849e+02 -1.566055e+02 2.000000e+00
      vertex   2.057060e+02 -1.541480e+02 2.000000e+00
      vertex   2.063552e+02 -1.570130e+02 2.000000e+00
    endloop
  endfacet
  facet normal 0.000000e+00 0.000000e+00 1.000000e+00
    outer loop
      vertex   2.063552e+02 -1.570130e+02 2.000000e+00
      vertex   2.057060e+02 -1.541480e+02 2.000000e+00
      vertex   2.049927e+02 -1.544142e+02 2.000000e+00
    endloop
  endfacet
  facet normal 0.000000e+00 0.000000e+00 1.000000e+00
    outer loop
      vertex   2.063552e+02 -1.570130e+02 2.000000e+00
      vertex   2.049927e+02 -1.544142e+02 2.000000e+00
      vertex   2.049990e+02 -1.573894e+02 2.000000e+00
    endloop
  endfacet
  facet normal 0.000000e+00 0.000000e+00 1.000000e+00
    outer loop
      vertex   2.049990e+02 -1.573894e+02 2.000000e+00
      vertex   2.049927e+02 -1.544142e+02 2.000000e+00
      vertex   2.041350e+02 -1.546667e+02 2.000000e+00
    endloop
  endfacet
  facet normal 0.000000e+00 0.000000e+00 1.000000e+00
    outer loop
      vertex   2.049990e+02 -1.573894e+02 2.000000e+00
      vertex   2.041350e+02 -1.546667e+02 2.000000e+00
      vertex   2.031412e+02 -1.549032e+02 2.000000e+00
    endloop
  endfacet
  facet normal 0.000000e+00 0.000000e+00 1.000000e+00
    outer loop
      vertex   2.049990e+02 -1.573894e+02 2.000000e+00
      vertex   2.031412e+02 -1.549032e+02 2.000000e+00
      vertex   2.035268e+02 -1.577319e+02 2.000000e+00
    endloop
  endfacet
  facet normal 0.000000e+00 0.000000e+00 1.000000e+00
    outer loop
      vertex   2.035268e+02 -1.577319e+02 2.000000e+00
      vertex   2.031412e+02 -1.549032e+02 2.000000e+00
      vertex   2.020208e+02 -1.551213e+02 2.000000e+00
    endloop
  endfacet
  facet normal 0.000000e+00 0.000000e+00 1.000000e+00
    outer loop
      vertex   2.035268e+02 -1.577319e+02 2.000000e+00
      vertex   2.020208e+02 -1.551213e+02 2.000000e+00
      vertex   2.019499e+02 -1.580377e+02 2.000000e+00
    endloop
  endfacet
  facet normal 0.000000e+00 -0.000000e+00 1.000000e+00
    outer loop
      vertex   2.019499e+02 -1.580377e+02 2.000000e+00
      vertex   2.020208e+02 -1.551213e+02 2.000000e+00
      vertex   2.007847e+02 -1.553190e+02 2.000000e+00
    endloop
  endfacet
  facet normal 0.000000e+00 0.000000e+00 1.000000e+00
    outer loop
      vertex   2.019499e+02 -1.580377e+02 2.000000e+00
      vertex   2.007847e+02 -1.553190e+02 2.000000e+00
      vertex   2.002806e+02 -1.583046e+02 2.000000e+00
    endloop
  endfacet
  facet normal 0.000000e+00 -0.000000e+00 1.000000e+00
    outer loop
      vertex   2.002806e+02 -1.583046e+02 2.000000e+00
      vertex   2.007847e+02 -1.553190e+02 2.000000e+00
      vertex   1.994447e+02 -1.554944e+02 2.000000e+00
    endloop
  endfacet
  facet normal 0.000000e+00 0.000000e+00 1.000000e+00
    outer loop
      vertex   2.002806e+02 -1.583046e+02 2.000000e+00
      vertex   1.994447e+02 -1.554944e+02 2.000000e+00
      vertex   1.985317e+02 -1.585305e+02 2.000000e+00
    endloop
  endfacet
  facet normal 0.000000e+00 -0.000000e+00 1.000000e+00
    outer loop
      vertex   1.985317e+02 -1.585305e+02 2.000000e+00
      vertex   1.994447e+02 -1.554944e+02 2.000000e+00
      vertex   1.980137e+02 -1.556458e+02 2.000000e+00
    endloop
  endfacet
  facet normal 0.000000e+00 0.000000e+00 1.000000e+00
    outer loop
      vertex   1.985317e+02 -1.585305e+02 2.000000e+00
      vertex   1.980137e+02 -1.556458e+02 2.000000e+00
      vertex   1.967168e+02 -1.587136e+02 2.000000e+00
    endloop
  endfacet
  facet normal 0.000000e+00 -0.000000e+00 1.000000e+00
    outer loop
      vertex   1.967168e+02 -1.587136e+02 2.000000e+00
      vertex   1.980137e+02 -1.556458e+02 2.000000e+00
      vertex   1.965056e+02 -1.557716e+02 2.000000e+00
    endloop
  endfacet
  facet normal 0.000000e+00 0.000000e+00 1.000000e+00
    outer loop
      vertex   1.967168e+02 -1.587136e+02 2.000000e+00
      vertex   1.965056e+02 -1.557716e+02 2.000000e+00
      vertex   1.949348e+02 -1.558708e+02 2.000000e+00
    endloop
  endfacet
  facet normal 0.000000e+00 0.000000e+00 1.000000e+00
    outer loop
      vertex   1.967168e+02 -1.587136e+02 2.000000e+00
      vertex   1.949348e+02 -1.558708e+02 2.000000e+00
      vertex   1.948500e+02 -1.588524e+02 2.000000e+00
    endloop
  endfacet
  facet normal 0.000000e+00 -0.000000e+00 1.000000e+00
    outer loop
      vertex   1.948500e+02 -1.588524e+02 2.000000e+00
      vertex   1.949348e+02 -1.558708e+02 2.000000e+00
      vertex   1.933165e+02 -1.559424e+02 2.000000e+00
    endloop
  endfacet
  facet normal 0.000000e+00 0.000000e+00 1.000000e+00
    outer loop
      vertex   1.948500e+02 -1.588524e+02 2.000000e+00
      vertex   1.933165e+02 -1.559424e+02 2.000000e+00
      vertex   1.929456e+02 -1.589460e+02 2.000000e+00
    endloop
  endfacet
  facet normal 0.000000e+00 -0.000000e+00 1.000000e+00
    outer loop
      vertex   1.929456e+02 -1.589460e+02 2.000000e+00
      vertex   1.933165e+02 -1.559424e+02 2.000000e+00
      vertex   1.910184e+02 -1.589936e+02 2.000000e+00
    endloop
  endfacet
  facet normal 0.000000e+00 -0.000000e+00 1.000000e+00
    outer loop
      vertex   1.910184e+02 -1.589936e+02 2.000000e+00
      vertex   1.933165e+02 -1.559424e+02 2.000000e+00
      vertex   1.900000e+02 -1.560000e+02 2.000000e+00
    endloop
  endfacet
  facet normal 0.000000e+00 0.000000e+00 1.000000e+00
    outer loop
      vertex   1.910184e+02 -1.589936e+02 2.000000e+00
      vertex   1.900000e+02 -1.560000e+02 2.000000e+00
      vertex   1.890834e+02 -1.589948e+02 2.000000e+00
    endloop
  endfacet
  facet normal 0.000000e+00 -0.000000e+00 1.000000e+00
    outer loop
      vertex   1.890834e+02 -1.589948e+02 2.000000e+00
      vertex   1.900000e+02 -1.560000e+02 2.000000e+00
      vertex   1.871555e+02 -1.589497e+02 2.000000e+00
    endloop
  endfacet
  facet normal 0.000000e+00 -0.000000e+00 1.000000e+00
    outer loop
      vertex   1.871555e+02 -1.589497e+02 2.000000e+00
      vertex   1.900000e+02 -1.560000e+02 2.000000e+00
      vertex   1.852496e+02 -1.588585e+02 2.000000e+00
    endloop
  endfacet
  facet normal 0.000000e+00 0.000000e+00 1.000000e+00
    outer loop
      vertex   1.852496e+02 -1.588585e+02 2.000000e+00
      vertex   1.900000e+02 -1.560000e+02 2.000000e+00
      vertex   1.900000e+02 -1.550000e+02 2.000000e+00
    endloop
  endfacet
  facet normal 0.000000e+00 0.000000e+00 1.000000e+00
    outer loop
      vertex   1.852496e+02 -1.588585e+02 2.000000e+00
      vertex   1.900000e+02 -1.550000e+02 2.000000e+00
      vertex   1.856457e+02 -1.510861e+02 2.000000e+00
    endloop
  endfacet
  facet normal -0.000000e+00 0.000000e+00 1.000000e+00
    outer loop
      vertex   1.856457e+02 -1.510861e+02 2.000000e+00
      vertex   1.900000e+02 -1.550000e+02 2.000000e+00
      vertex   1.870737e+02 -1.510384e+02 2.000000e+00
    endloop
  endfacet
  facet normal -0.000000e+00 0.000000e+00 1.000000e+00
    outer loop
      vertex   1.870737e+02 -1.510384e+02 2.000000e+00
      vertex   1.900000e+02 -1.550000e+02 2.000000e+00
      vertex   1.900000e+02 -1.510000e+02 2.000000e+00
    endloop
  endfacet
  facet normal 0.000000e+00 0.000000e+00 1.000000e+00
    outer loop
      vertex   1.900000e+02 -1.510000e+02 2.000000e+00
      vertex   1.900000e+02 -1.550000e+02 2.000000e+00
      vertex   1.929264e+02 -1.549616e+02 2.000000e+00
    endloop
  endfacet
  facet normal 0.000000e+00 0.000000e+00 1.000000e+00
    outer loop
      vertex   1.900000e+02 -1.510000e+02 2.000000e+00
      vertex   1.929264e+02 -1.549616e+02 2.000000e+00
      vertex   1.943543e+02 -1.549139e+02 2.000000e+00
    endloop
  endfacet
  facet normal -0.000000e+00 0.000000e+00 1.000000e+00
    outer loop
      vertex   1.900000e+02 -1.510000e+02 2.000000e+00
      vertex   1.943543e+02 -1.549139e+02 2.000000e+00
      vertex   1.941937e+02 -1.471099e+02 2.000000e+00
    endloop
  endfacet
  facet normal 0.000000e+00 0.000000e+00 1.000000e+00
    outer loop
      vertex   1.941937e+02 -1.471099e+02 2.000000e+00
      vertex   1.943543e+02 -1.549139e+02 2.000000e+00
      vertex   1.957403e+02 -1.548478e+02 2.000000e+00
    endloop
  endfacet
  facet normal 0.000000e+00 0.000000e+00 1.000000e+00
    outer loop
      vertex   1.941937e+02 -1.471099e+02 2.000000e+00
      vertex   1.957403e+02 -1.548478e+02 2.000000e+00
      vertex   1.960752e+02 -1.472332e+02 2.000000e+00
    endloop
  endfacet
  facet normal 0.000000e+00 0.000000e+00 1.000000e+00
    outer loop
      vertex   1.960752e+02 -1.472332e+02 2.000000e+00
      vertex   1.957403e+02 -1.548478e+02 2.000000e+00
      vertex   1.970710e+02 -1.547638e+02 2.000000e+00
    endloop
  endfacet
  facet normal 0.000000e+00 0.000000e+00 1.000000e+00
    outer loop
      vertex   1.960752e+02 -1.472332e+02 2.000000e+00
      vertex   1.970710e+02 -1.547638e+02 2.000000e+00
      vertex   1.979097e+02 -1.474011e+02 2.000000e+00
    endloop
  endfacet
  facet normal 0.000000e+00 0.000000e+00 1.000000e+00
    outer loop
      vertex   1.979097e+02 -1.474011e+02 2.000000e+00
      vertex   1.970710e+02 -1.547638e+02 2.000000e+00
      vertex   1.983336e+02 -1.546629e+02 2.000000e+00
    endloop
  endfacet
  facet normal 0.000000e+00 0.000000e+00 1.000000e+00
    outer loop
      vertex   1.979097e+02 -1.474011e+02 2.000000e+00
      vertex   1.983336e+02 -1.546629e+02 2.000000e+00
      vertex   1.996830e+02 -1.476123e+02 2.000000e+00
    endloop
  endfacet
  facet normal 0.000000e+00 0.000000e+00 1.000000e+00
    outer loop
      vertex   1.996830e+02 -1.476123e+02 2.000000e+00
      vertex   1.983336e+02 -1.546629e+02 2.000000e+00
      vertex   1.995159e+02 -1.545460e+02 2.000000e+00
    endloop
  endfacet
  facet normal 0.000000e+00 0.000000e+00 1.000000e+00
    outer loop
      vertex   1.996830e+02 -1.476123e+02 2.000000e+00
      vertex   1.995159e+02 -1.545460e+02 2.000000e+00
      vertex   2.006066e+02 -1.544142e+02 2.000000e+00
    endloop
  endfacet
  facet normal 0.000000e+00 0.000000e+00 1.000000e+00
    outer loop
      vertex   1.996830e+02 -1.476123e+02 2.000000e+00
      vertex   2.006066e+02 -1.544142e+02 2.000000e+00
      vertex   2.013813e+02 -1.478652e+02 2.000000e+00
    endloop
  endfacet
  facet normal 0.000000e+00 0.000000e+00 1.000000e+00
    outer loop
      vertex   2.013813e+02 -1.478652e+02 2.000000e+00
      vertex   2.006066e+02 -1.544142e+02 2.000000e+00
      vertex   2.015952e+02 -1.542688e+02 2.000000e+00
    endloop
  endfacet
  facet normal 0.000000e+00 0.000000e+00 1.000000e+00
    outer loop
      vertex   2.013813e+02 -1.478652e+02 2.000000e+00
      vertex   2.015952e+02 -1.542688e+02 2.000000e+00
      vertex   2.024720e+02 -1.541111e+02 2.000000e+00
    endloop
  endfacet
  facet normal 0.000000e+00 0.000000e+00 1.000000e+00
    outer loop
      vertex   2.013813e+02 -1.478652e+02 2.000000e+00
      vertex   2.024720e+02 -1.541111e+02 2.000000e+00
      vertex   2.029917e+02 -1.481579e+02 2.000000e+00
    endloop
  endfacet
  facet normal 0.000000e+00 0.000000e+00 1.000000e+00
    outer loop
      vertex   2.029917e+02 -1.481579e+02 2.000000e+00
      vertex   2.024720e+02 -1.541111e+02 2.000000e+00
      vertex   2.032288e+02 -1.539428e+02 2.000000e+00
    endloop
  endfacet
  facet normal 0.000000e+00 0.000000e+00 1.000000e+00
    outer loop
      vertex   2.029917e+02 -1.481579e+02 2.000000e+00
      vertex   2.032288e+02 -1.539428e+02 2.000000e+00
      vertex   2.038582e+02 -1.537654e+02 2.000000e+00
    endloop
  endfacet
  facet normal 0.000000e+00 0.000000e+00 1.000000e+00
    outer loop
      vertex   2.029917e+02 -1.481579e+02 2.000000e+00
      vertex   2.038582e+02 -1.537654e+02 2.000000e+00
      vertex   2.050000e+02 -1.530000e+02 2.000000e+00
    endloop
  endfacet
  facet normal 0.000000e+00 0.000000e+00 1.000000e+00
    outer loop
      vertex   2.050000e+02 -1.530000e+02 2.000000e+00
      vertex   2.038582e+02 -1.537654e+02 2.000000e+00
      vertex   2.043541e+02 -1.535806e+02 2.000000e+00
    endloop
  endfacet
  facet normal 0.000000e+00 0.000000e+00 1.000000e+00
    outer loop
      vertex   2.050000e+02 -1.530000e+02 2.000000e+00
      vertex   2.043541e+02 -1.535806e+02 2.000000e+00
      vertex   2.047118e+02 -1.533902e+02 2.000000e+00
    endloop
  endfacet
  facet normal 0.000000e+00 0.000000e+00 1.000000e+00
    outer loop
      vertex   2.047118e+02 -1.533902e+02 2.000000e+00
      vertex   2.048377e+02 -1.532934e+02 2.000000e+00
      vertex   2.050000e+02 -1.530000e+02 2.000000e+00
    endloop
  endfacet
  facet normal 0.000000e+00 0.000000e+00 1.000000e+00
    outer loop
      vertex   2.050000e+02 -1.530000e+02 2.000000e+00
      vertex   2.048377e+02 -1.532934e+02 2.000000e+00
      vertex   2.049278e+02 -1.531960e+02 2.000000e+00
    endloop
  endfacet
  facet normal 0.000000e+00 0.000000e+00 1.000000e+00
    outer loop
      vertex   2.050000e+02 -1.530000e+02 2.000000e+00
      vertex   2.049278e+02 -1.531960e+02 2.000000e+00
      vertex   2.049594e+02 -1.531471e+02 2.000000e+00
    endloop
  endfacet
  facet normal 0.000000e+00 0.000000e+00 1.000000e+00
    outer loop
      vertex   2.049594e+02 -1.531471e+02 2.000000e+00
      vertex   2.049819e+02 -1.530981e+02 2.000000e+00
      vertex   2.050000e+02 -1.530000e+02 2.000000e+00
    endloop
  endfacet
  facet normal 0.000000e+00 0.000000e+00 1.000000e+00
    outer loop
      vertex   2.050000e+02 -1.530000e+02 2.000000e+00
      vertex   2.049819e+02 -1.530981e+02 2.000000e+00
      vertex   2.049955e+02 -1.530491e+02 2.000000e+00
    endloop
  endfacet
  facet normal 0.000000e+00 -0.000000e+00 1.000000e+00
    outer loop
      vertex   2.070000e+02 -1.530000e+02 2.000000e+00
      vertex   2.071738e+02 -1.492500e+02 2.000000e+00
      vertex   2.050000e+02 -1.530000e+02 2.000000e+00
    endloop
  endfacet
  facet normal 0.000000e+00 0.000000e+00 1.000000e+00
    outer loop
      vertex   2.050000e+02 -1.530000e+02 2.000000e+00
      vertex   2.071738e+02 -1.492500e+02 2.000000e+00
      vertex   2.058992e+02 -1.488529e+02 2.000000e+00
    endloop
  endfacet
  facet normal 0.000000e+00 -0.000000e+00 1.000000e+00
    outer loop
      vertex   2.050000e+02 -1.530000e+02 2.000000e+00
      vertex   2.058992e+02 -1.488529e+02 2.000000e+00
      vertex   2.045015e+02 -1.484879e+02 2.000000e+00
    endloop
  endfacet
  facet normal 0.000000e+00 0.000000e+00 1.000000e+00
    outer loop
      vertex   1.730051e+02 -1.529264e+02 2.000000e+00
      vertex   1.693706e+02 -1.509153e+02 2.000000e+00
      vertex   1.730000e+02 -1.530000e+02 2.000000e+00
    endloop
  endfacet
  facet normal 0.000000e+00 0.000000e+00 1.000000e+00
    outer loop
      vertex   1.730000e+02 -1.530000e+02 2.000000e+00
      vertex   1.693706e+02 -1.509153e+02 2.000000e+00
      vertex   1.687787e+02 -1.514178e+02 2.000000e+00
    endloop
  endfacet
  facet normal 0.000000e+00 0.000000e+00 1.000000e+00
    outer loop
      vertex   1.730000e+02 -1.530000e+02 2.000000e+00
      vertex   1.687787e+02 -1.514178e+02 2.000000e+00
      vertex   1.683287e+02 -1.540332e+02 2.000000e+00
    endloop
  endfacet
  facet normal 0.000000e+00 0.000000e+00 1.000000e+00
    outer loop
      vertex   1.683287e+02 -1.540332e+02 2.000000e+00
      vertex   1.687787e+02 -1.514178e+02 2.000000e+00
      vertex   1.683510e+02 -1.519325e+02 2.000000e+00
    endloop
  endfacet
  facet normal 0.000000e+00 -0.000000e+00 1.000000e+00
    outer loop
      vertex   1.683287e+02 -1.540332e+02 2.000000e+00
      vertex   1.683510e+02 -1.519325e+02 2.000000e+00
      vertex   1.681998e+02 -1.521932e+02 2.000000e+00
    endloop
  endfacet
  facet normal -0.000000e+00 0.000000e+00 1.000000e+00
    outer loop
      vertex   1.693706e+02 -1.509153e+02 2.000000e+00
      vertex   1.730051e+02 -1.529264e+02 2.000000e+00
      vertex   1.701220e+02 -1.504290e+02 2.000000e+00
    endloop
  endfacet
  facet normal 0.000000e+00 0.000000e+00 1.000000e+00
    outer loop
      vertex   1.701220e+02 -1.504290e+02 2.000000e+00
      vertex   1.730051e+02 -1.529264e+02 2.000000e+00
      vertex   1.730205e+02 -1.528528e+02 2.000000e+00
    endloop
  endfacet
  facet normal 0.000000e+00 0.000000e+00 1.000000e+00
    outer loop
      vertex   1.701220e+02 -1.504290e+02 2.000000e+00
      vertex   1.730205e+02 -1.528528e+02 2.000000e+00
      vertex   1.730819e+02 -1.527059e+02 2.000000e+00
    endloop
  endfacet
  facet normal -0.000000e+00 0.000000e+00 1.000000e+00
    outer loop
      vertex   1.701220e+02 -1.504290e+02 2.000000e+00
      vertex   1.730819e+02 -1.527059e+02 2.000000e+00
      vertex   1.710273e+02 -1.499626e+02 2.000000e+00
    endloop
  endfacet
  facet normal 0.000000e+00 0.000000e+00 1.000000e+00
    outer loop
      vertex   1.710273e+02 -1.499626e+02 2.000000e+00
      vertex   1.730819e+02 -1.527059e+02 2.000000e+00
      vertex   1.731840e+02 -1.525598e+02 2.000000e+00
    endloop
  endfacet
  facet normal 0.000000e+00 0.000000e+00 1.000000e+00
    outer loop
      vertex   1.710273e+02 -1.499626e+02 2.000000e+00
      vertex   1.731840e+02 -1.525598e+02 2.000000e+00
      vertex   1.733267e+02 -1.524147e+02 2.000000e+00
    endloop
  endfacet
  facet normal -0.000000e+00 0.000000e+00 1.000000e+00
    outer loop
      vertex   1.710273e+02 -1.499626e+02 2.000000e+00
      vertex   1.733267e+02 -1.524147e+02 2.000000e+00
      vertex   1.720793e+02 -1.495196e+02 2.000000e+00
    endloop
  endfacet
  facet normal 0.000000e+00 0.000000e+00 1.000000e+00
    outer loop
      vertex   1.720793e+02 -1.495196e+02 2.000000e+00
      vertex   1.733267e+02 -1.524147e+02 2.000000e+00
      vertex   1.737320e+02 -1.521291e+02 2.000000e+00
    endloop
  endfacet
  facet normal -0.000000e+00 0.000000e+00 1.000000e+00
    outer loop
      vertex   1.720793e+02 -1.495196e+02 2.000000e+00
      vertex   1.737320e+02 -1.521291e+02 2.000000e+00
      vertex   1.732699e+02 -1.491036e+02 2.000000e+00
    endloop
  endfacet
  facet normal 0.000000e+00 0.000000e+00 1.000000e+00
    outer loop
      vertex   1.732699e+02 -1.491036e+02 2.000000e+00
      vertex   1.737320e+02 -1.521291e+02 2.000000e+00
      vertex   1.742941e+02 -1.518519e+02 2.000000e+00
    endloop
  endfacet
  facet normal 0.000000e+00 0.000000e+00 1.000000e+00
    outer loop
      vertex   1.732699e+02 -1.491036e+02 2.000000e+00
      vertex   1.742941e+02 -1.518519e+02 2.000000e+00
      vertex   1.750073e+02 -1.515858e+02 2.000000e+00
    endloop
  endfacet
  facet normal -0.000000e+00 0.000000e+00 1.000000e+00
    outer loop
      vertex   1.732699e+02 -1.491036e+02 2.000000e+00
      vertex   1.750073e+02 -1.515858e+02 2.000000e+00
      vertex   1.745900e+02 -1.487178e+02 2.000000e+00
    endloop
  endfacet
  facet normal 0.000000e+00 0.000000e+00 1.000000e+00
    outer loop
      vertex   1.745900e+02 -1.487178e+02 2.000000e+00
      vertex   1.750073e+02 -1.515858e+02 2.000000e+00
      vertex   1.758650e+02 -1.513333e+02 2.000000e+00
    endloop
  endfacet
  facet normal -0.000000e+00 0.000000e+00 1.000000e+00
    outer loop
      vertex   1.745900e+02 -1.487178e+02 2.000000e+00
      vertex   1.758650e+02 -1.513333e+02 2.000000e+00
      vertex   1.760293e+02 -1.483650e+02 2.000000e+00
    endloop
  endfacet
  facet normal 0.000000e+00 0.000000e+00 1.000000e+00
    outer loop
      vertex   1.760293e+02 -1.483650e+02 2.000000e+00
      vertex   1.758650e+02 -1.513333e+02 2.000000e+00
      vertex   1.768588e+02 -1.510968e+02 2.000000e+00
    endloop
  endfacet
  facet normal -0.000000e+00 0.000000e+00 1.000000e+00
    outer loop
      vertex   1.760293e+02 -1.483650e+02 2.000000e+00
      vertex   1.768588e+02 -1.510968e+02 2.000000e+00
      vertex   1.775767e+02 -1.480481e+02 2.000000e+00
    endloop
  endfacet
  facet normal 0.000000e+00 0.000000e+00 1.000000e+00
    outer loop
      vertex   1.775767e+02 -1.480481e+02 2.000000e+00
      vertex   1.768588e+02 -1.510968e+02 2.000000e+00
      vertex   1.779792e+02 -1.508786e+02 2.000000e+00
    endloop
  endfacet
  facet normal 0.000000e+00 0.000000e+00 1.000000e+00
    outer loop
      vertex   1.775767e+02 -1.480481e+02 2.000000e+00
      vertex   1.779792e+02 -1.508786e+02 2.000000e+00
      vertex   1.792153e+02 -1.506809e+02 2.000000e+00
    endloop
  endfacet
  facet normal -0.000000e+00 0.000000e+00 1.000000e+00
    outer loop
      vertex   1.775767e+02 -1.480481e+02 2.000000e+00
      vertex   1.792153e+02 -1.506809e+02 2.000000e+00
      vertex   1.792202e+02 -1.477696e+02 2.000000e+00
    endloop
  endfacet
  facet normal 0.000000e+00 0.000000e+00 1.000000e+00
    outer loop
      vertex   1.792202e+02 -1.477696e+02 2.000000e+00
      vertex   1.792153e+02 -1.506809e+02 2.000000e+00
      vertex   1.805553e+02 -1.505056e+02 2.000000e+00
    endloop
  endfacet
  facet normal -0.000000e+00 0.000000e+00 1.000000e+00
    outer loop
      vertex   1.792202e+02 -1.477696e+02 2.000000e+00
      vertex   1.805553e+02 -1.505056e+02 2.000000e+00
      vertex   1.809471e+02 -1.475315e+02 2.000000e+00
    endloop
  endfacet
  facet normal 0.000000e+00 0.000000e+00 1.000000e+00
    outer loop
      vertex   1.809471e+02 -1.475315e+02 2.000000e+00
      vertex   1.805553e+02 -1.505056e+02 2.000000e+00
      vertex   1.819863e+02 -1.503542e+02 2.000000e+00
    endloop
  endfacet
  facet normal -0.000000e+00 0.000000e+00 1.000000e+00
    outer loop
      vertex   1.809471e+02 -1.475315e+02 2.000000e+00
      vertex   1.819863e+02 -1.503542e+02 2.000000e+00
      vertex   1.827440e+02 -1.473357e+02 2.000000e+00
    endloop
  endfacet
  facet normal 0.000000e+00 0.000000e+00 1.000000e+00
    outer loop
      vertex   1.827440e+02 -1.473357e+02 2.000000e+00
      vertex   1.819863e+02 -1.503542e+02 2.000000e+00
      vertex   1.834944e+02 -1.502283e+02 2.000000e+00
    endloop
  endfacet
  facet normal -0.000000e+00 0.000000e+00 1.000000e+00
    outer loop
      vertex   1.827440e+02 -1.473357e+02 2.000000e+00
      vertex   1.834944e+02 -1.502283e+02 2.000000e+00
      vertex   1.845970e+02 -1.471837e+02 2.000000e+00
    endloop
  endfacet
  facet normal 0.000000e+00 0.000000e+00 1.000000e+00
    outer loop
      vertex   1.845970e+02 -1.471837e+02 2.000000e+00
      vertex   1.834944e+02 -1.502283e+02 2.000000e+00
      vertex   1.850652e+02 -1.501291e+02 2.000000e+00
    endloop
  endfacet
  facet normal -0.000000e+00 0.000000e+00 1.000000e+00
    outer loop
      vertex   1.845970e+02 -1.471837e+02 2.000000e+00
      vertex   1.850652e+02 -1.501291e+02 2.000000e+00
      vertex   1.864919e+02 -1.470767e+02 2.000000e+00
    endloop
  endfacet
  facet normal 0.000000e+00 0.000000e+00 1.000000e+00
    outer loop
      vertex   1.864919e+02 -1.470767e+02 2.000000e+00
      vertex   1.850652e+02 -1.501291e+02 2.000000e+00
      vertex   1.866835e+02 -1.500576e+02 2.000000e+00
    endloop
  endfacet
  facet normal -0.000000e+00 0.000000e+00 1.000000e+00
    outer loop
      vertex   1.864919e+02 -1.470767e+02 2.000000e+00
      vertex   1.866835e+02 -1.500576e+02 2.000000e+00
      vertex   1.884139e+02 -1.470155e+02 2.000000e+00
    endloop
  endfacet
  facet normal 0.000000e+00 0.000000e+00 1.000000e+00
    outer loop
      vertex   1.884139e+02 -1.470155e+02 2.000000e+00
      vertex   1.866835e+02 -1.500576e+02 2.000000e+00
      vertex   1.900000e+02 -1.500000e+02 2.000000e+00
    endloop
  endfacet
  facet normal -0.000000e+00 0.000000e+00 1.000000e+00
    outer loop
      vertex   1.884139e+02 -1.470155e+02 2.000000e+00
      vertex   1.900000e+02 -1.500000e+02 2.000000e+00
      vertex   1.903482e+02 -1.470007e+02 2.000000e+00
    endloop
  endfacet
  facet normal 0.000000e+00 0.000000e+00 1.000000e+00
    outer loop
      vertex   1.903482e+02 -1.470007e+02 2.000000e+00
      vertex   1.900000e+02 -1.500000e+02 2.000000e+00
      vertex   1.922797e+02 -1.470322e+02 2.000000e+00
    endloop
  endfacet
  facet normal 0.000000e+00 0.000000e+00 1.000000e+00
    outer loop
      vertex   1.922797e+02 -1.470322e+02 2.000000e+00
      vertex   1.900000e+02 -1.500000e+02 2.000000e+00
      vertex   1.941937e+02 -1.471099e+02 2.000000e+00
    endloop
  endfacet
  facet normal 0.000000e+00 0.000000e+00 1.000000e+00
    outer loop
      vertex   1.941937e+02 -1.471099e+02 2.000000e+00
      vertex   1.900000e+02 -1.500000e+02 2.000000e+00
      vertex   1.900000e+02 -1.510000e+02 2.000000e+00
    endloop
  endfacet
  facet normal 0.000000e+00 0.000000e+00 1.000000e+00
    outer loop
      vertex   1.856457e+02 -1.510861e+02 2.000000e+00
      vertex   1.842598e+02 -1.511522e+02 2.000000e+00
      vertex   1.852496e+02 -1.588585e+02 2.000000e+00
    endloop
  endfacet
  facet normal 0.000000e+00 0.000000e+00 1.000000e+00
    outer loop
      vertex   1.852496e+02 -1.588585e+02 2.000000e+00
      vertex   1.842598e+02 -1.511522e+02 2.000000e+00
      vertex   1.833804e+02 -1.587220e+02 2.000000e+00
    endloop
  endfacet
  facet normal 0.000000e+00 -0.000000e+00 1.000000e+00
    outer loop
      vertex   1.833804e+02 -1.587220e+02 2.000000e+00
      vertex   1.842598e+02 -1.511522e+02 2.000000e+00
      vertex   1.829291e+02 -1.512361e+02 2.000000e+00
    endloop
  endfacet
  facet normal 0.000000e+00 0.000000e+00 1.000000e+00
    outer loop
      vertex   1.833804e+02 -1.587220e+02 2.000000e+00
      vertex   1.829291e+02 -1.512361e+02 2.000000e+00
      vertex   1.815624e+02 -1.585412e+02 2.000000e+00
    endloop
  endfacet
  facet normal 0.000000e+00 0.000000e+00 1.000000e+00
    outer loop
      vertex   1.815624e+02 -1.585412e+02 2.000000e+00
      vertex   1.829291e+02 -1.512361e+02 2.000000e+00
      vertex   1.816665e+02 -1.513370e+02 2.000000e+00
    endloop
  endfacet
  facet normal 0.000000e+00 -0.000000e+00 1.000000e+00
    outer loop
      vertex   1.815624e+02 -1.585412e+02 2.000000e+00
      vertex   1.816665e+02 -1.513370e+02 2.000000e+00
      vertex   1.804841e+02 -1.514539e+02 2.000000e+00
    endloop
  endfacet
  facet normal 0.000000e+00 0.000000e+00 1.000000e+00
    outer loop
      vertex   1.815624e+02 -1.585412e+02 2.000000e+00
      vertex   1.804841e+02 -1.514539e+02 2.000000e+00
      vertex   1.798097e+02 -1.583176e+02 2.000000e+00
    endloop
  endfacet
  facet normal 0.000000e+00 -0.000000e+00 1.000000e+00
    outer loop
      vertex   1.798097e+02 -1.583176e+02 2.000000e+00
      vertex   1.804841e+02 -1.514539e+02 2.000000e+00
      vertex   1.793934e+02 -1.515858e+02 2.000000e+00
    endloop
  endfacet
  facet normal 0.000000e+00 0.000000e+00 1.000000e+00
    outer loop
      vertex   1.798097e+02 -1.583176e+02 2.000000e+00
      vertex   1.793934e+02 -1.515858e+02 2.000000e+00
      vertex   1.781358e+02 -1.580528e+02 2.000000e+00
    endloop
  endfacet
  facet normal 0.000000e+00 0.000000e+00 1.000000e+00
    outer loop
      vertex   1.781358e+02 -1.580528e+02 2.000000e+00
      vertex   1.793934e+02 -1.515858e+02 2.000000e+00
      vertex   1.784048e+02 -1.517312e+02 2.000000e+00
    endloop
  endfacet
  facet normal 0.000000e+00 -0.000000e+00 1.000000e+00
    outer loop
      vertex   1.781358e+02 -1.580528e+02 2.000000e+00
      vertex   1.784048e+02 -1.517312e+02 2.000000e+00
      vertex   1.775280e+02 -1.518888e+02 2.000000e+00
    endloop
  endfacet
  facet normal 0.000000e+00 0.000000e+00 1.000000e+00
    outer loop
      vertex   1.781358e+02 -1.580528e+02 2.000000e+00
      vertex   1.775280e+02 -1.518888e+02 2.000000e+00
      vertex   1.765538e+02 -1.577489e+02 2.000000e+00
    endloop
  endfacet
  facet normal 0.000000e+00 0.000000e+00 1.000000e+00
    outer loop
      vertex   1.765538e+02 -1.577489e+02 2.000000e+00
      vertex   1.775280e+02 -1.518888e+02 2.000000e+00
      vertex   1.767712e+02 -1.520572e+02 2.000000e+00
    endloop
  endfacet
  facet normal 0.000000e+00 -0.000000e+00 1.000000e+00
    outer loop
      vertex   1.765538e+02 -1.577489e+02 2.000000e+00
      vertex   1.767712e+02 -1.520572e+02 2.000000e+00
      vertex   1.761418e+02 -1.522346e+02 2.000000e+00
    endloop
  endfacet
  facet normal 0.000000e+00 0.000000e+00 1.000000e+00
    outer loop
      vertex   1.765538e+02 -1.577489e+02 2.000000e+00
      vertex   1.761418e+02 -1.522346e+02 2.000000e+00
      vertex   1.750000e+02 -1.530000e+02 2.000000e+00
    endloop
  endfacet
  facet normal 0.000000e+00 0.000000e+00 1.000000e+00
    outer loop
      vertex   1.750000e+02 -1.530000e+02 2.000000e+00
      vertex   1.761418e+02 -1.522346e+02 2.000000e+00
      vertex   1.756459e+02 -1.524194e+02 2.000000e+00
    endloop
  endfacet
  facet normal 0.000000e+00 0.000000e+00 1.000000e+00
    outer loop
      vertex   1.750000e+02 -1.530000e+02 2.000000e+00
      vertex   1.756459e+02 -1.524194e+02 2.000000e+00
      vertex   1.752882e+02 -1.526098e+02 2.000000e+00
    endloop
  endfacet
  facet normal 0.000000e+00 0.000000e+00 1.000000e+00
    outer loop
      vertex   1.752882e+02 -1.526098e+02 2.000000e+00
      vertex   1.751624e+02 -1.527065e+02 2.000000e+00
      vertex   1.750000e+02 -1.530000e+02 2.000000e+00
    endloop
  endfacet
  facet normal 0.000000e+00 0.000000e+00 1.000000e+00
    outer loop
      vertex   1.750000e+02 -1.530000e+02 2.000000e+00
      vertex   1.751624e+02 -1.527065e+02 2.000000e+00
      vertex   1.750722e+02 -1.528039e+02 2.000000e+00
    endloop
  endfacet
  facet normal 0.000000e+00 0.000000e+00 1.000000e+00
    outer loop
      vertex   1.750000e+02 -1.530000e+02 2.000000e+00
      vertex   1.750722e+02 -1.528039e+02 2.000000e+00
      vertex   1.750406e+02 -1.528529e+02 2.000000e+00
    endloop
  endfacet
  facet normal 0.000000e+00 0.000000e+00 1.000000e+00
    outer loop
      vertex   1.750406e+02 -1.528529e+02 2.000000e+00
      vertex   1.750181e+02 -1.529018e+02 2.000000e+00
      vertex   1.750000e+02 -1.530000e+02 2.000000e+00
    endloop
  endfacet
  facet normal 0.000000e+00 0.000000e+00 1.000000e+00
    outer loop
      vertex   1.750000e+02 -1.530000e+02 2.000000e+00
      vertex   1.750181e+02 -1.529018e+02 2.000000e+00
      vertex   1.750045e+02 -1.529509e+02 2.000000e+00
    endloop
  endfacet
  facet normal -0.000000e+00 0.000000e+00 1.000000e+00
    outer loop
      vertex   1.730000e+02 -1.530000e+02 2.000000e+00
      vertex   1.750150e+02 -1.574167e+02 2.000000e+00
      vertex   1.750000e+02 -1.530000e+02 2.000000e+00
    endloop
  endfacet
  facet normal 0.000000e+00 0.000000e+00 1.000000e+00
    outer loop
      vertex   1.750000e+02 -1.530000e+02 2.000000e+00
      vertex   1.750150e+02 -1.574167e+02 2.000000e+00
      vertex   1.750343e+02 -1.574088e+02 2.000000e+00
    endloop
  endfacet
  facet normal 0.000000e+00 0.000000e+00 1.000000e+00
    outer loop
      vertex   1.750000e+02 -1.530000e+02 2.000000e+00
      vertex   1.750343e+02 -1.574088e+02 2.000000e+00
      vertex   1.750550e+02 -1.574059e+02 2.000000e+00
    endloop
  endfacet
  facet normal -0.000000e+00 0.000000e+00 1.000000e+00
    outer loop
      vertex   1.849123e+02 -1.820919e+02 2.000000e+00
      vertex   1.872055e+02 -1.829688e+02 2.000000e+00
      vertex   1.850000e+02 -1.800000e+02 2.000000e+00
    endloop
  endfacet
  facet normal -0.000000e+00 0.000000e+00 1.000000e+00
    outer loop
      vertex   1.850000e+02 -1.800000e+02 2.000000e+00
      vertex   1.872055e+02 -1.829688e+02 2.000000e+00
      vertex   1.873467e+02 -1.789369e+02 2.000000e+00
    endloop
  endfacet
  facet normal 0.000000e+00 0.000000e+00 1.000000e+00
    outer loop
      vertex   1.850000e+02 -1.800000e+02 2.000000e+00
      vertex   1.873467e+02 -1.789369e+02 2.000000e+00
      vertex   1.872238e+02 -1.788832e+02 2.000000e+00
    endloop
  endfacet
  facet normal 0.000000e+00 0.000000e+00 1.000000e+00
    outer loop
      vertex   1.846499e+02 -1.841692e+02 2.000000e+00
      vertex   1.867807e+02 -1.834343e+02 2.000000e+00
      vertex   1.849123e+02 -1.820919e+02 2.000000e+00
    endloop
  endfacet
  facet normal 0.000000e+00 0.000000e+00 1.000000e+00
    outer loop
      vertex   1.849123e+02 -1.820919e+02 2.000000e+00
      vertex   1.867807e+02 -1.834343e+02 2.000000e+00
      vertex   1.868138e+02 -1.833045e+02 2.000000e+00
    endloop
  endfacet
  facet normal 0.000000e+00 0.000000e+00 1.000000e+00
    outer loop
      vertex   1.849123e+02 -1.820919e+02 2.000000e+00
      vertex   1.868138e+02 -1.833045e+02 2.000000e+00
      vertex   1.868774e+02 -1.831866e+02 2.000000e+00
    endloop
  endfacet
  facet normal 0.000000e+00 0.000000e+00 1.000000e+00
    outer loop
      vertex   1.842146e+02 -1.862172e+02 2.000000e+00
      vertex   1.866947e+02 -1.847367e+02 2.000000e+00
      vertex   1.846499e+02 -1.841692e+02 2.000000e+00
    endloop
  endfacet
  facet normal 0.000000e+00 0.000000e+00 1.000000e+00
    outer loop
      vertex   1.846499e+02 -1.841692e+02 2.000000e+00
      vertex   1.866947e+02 -1.847367e+02 2.000000e+00
      vertex   1.866499e+02 -1.846407e+02 2.000000e+00
    endloop
  endfacet
  facet normal 0.000000e+00 0.000000e+00 1.000000e+00
    outer loop
      vertex   1.846499e+02 -1.841692e+02 2.000000e+00
      vertex   1.866499e+02 -1.846407e+02 2.000000e+00
      vertex   1.866292e+02 -1.845368e+02 2.000000e+00
    endloop
  endfacet
  facet normal -0.000000e+00 0.000000e+00 1.000000e+00
    outer loop
      vertex   1.836094e+02 -1.882217e+02 2.000000e+00
      vertex   1.856672e+02 -1.889702e+02 2.000000e+00
      vertex   1.842146e+02 -1.862172e+02 2.000000e+00
    endloop
  endfacet
  facet normal 0.000000e+00 0.000000e+00 1.000000e+00
    outer loop
      vertex   1.842146e+02 -1.862172e+02 2.000000e+00
      vertex   1.856672e+02 -1.889702e+02 2.000000e+00
      vertex   1.858287e+02 -1.889140e+02 2.000000e+00
    endloop
  endfacet
  facet normal 0.000000e+00 0.000000e+00 1.000000e+00
    outer loop
      vertex   1.842146e+02 -1.862172e+02 2.000000e+00
      vertex   1.858287e+02 -1.889140e+02 2.000000e+00
      vertex   1.859991e+02 -1.889000e+02 2.000000e+00
    endloop
  endfacet
  facet normal 0.000000e+00 0.000000e+00 1.000000e+00
    outer loop
      vertex   1.828386e+02 -1.901684e+02 2.000000e+00
      vertex   1.850704e+02 -1.900236e+02 2.000000e+00
      vertex   1.836094e+02 -1.882217e+02 2.000000e+00
    endloop
  endfacet
  facet normal 0.000000e+00 0.000000e+00 1.000000e+00
    outer loop
      vertex   1.836094e+02 -1.882217e+02 2.000000e+00
      vertex   1.850704e+02 -1.900236e+02 2.000000e+00
      vertex   1.852033e+02 -1.896846e+02 2.000000e+00
    endloop
  endfacet
  facet normal 0.000000e+00 0.000000e+00 1.000000e+00
    outer loop
      vertex   1.836094e+02 -1.882217e+02 2.000000e+00
      vertex   1.852033e+02 -1.896846e+02 2.000000e+00
      vertex   1.853316e+02 -1.893438e+02 2.000000e+00
    endloop
  endfacet
  facet normal 0.000000e+00 0.000000e+00 1.000000e+00
    outer loop
      vertex   1.819077e+02 -1.920438e+02 2.000000e+00
      vertex   1.849585e+02 -1.906845e+02 2.000000e+00
      vertex   1.828386e+02 -1.901684e+02 2.000000e+00
    endloop
  endfacet
  facet normal 0.000000e+00 0.000000e+00 1.000000e+00
    outer loop
      vertex   1.828386e+02 -1.901684e+02 2.000000e+00
      vertex   1.849585e+02 -1.906845e+02 2.000000e+00
      vertex   1.849232e+02 -1.906082e+02 2.000000e+00
    endloop
  endfacet
  facet normal 0.000000e+00 0.000000e+00 1.000000e+00
    outer loop
      vertex   1.828386e+02 -1.901684e+02 2.000000e+00
      vertex   1.849232e+02 -1.906082e+02 2.000000e+00
      vertex   1.849068e+02 -1.905257e+02 2.000000e+00
    endloop
  endfacet
  facet normal 0.000000e+00 -0.000000e+00 1.000000e+00
    outer loop
      vertex   1.493555e+02 -1.573793e+02 2.000000e+00
      vertex   1.512857e+02 -1.565679e+02 2.000000e+00
      vertex   1.350000e+02 -1.250000e+02 2.000000e+00
    endloop
  endfacet
  facet normal 0.000000e+00 0.000000e+00 1.000000e+00
    outer loop
      vertex   1.350000e+02 -1.250000e+02 2.000000e+00
      vertex   1.512857e+02 -1.565679e+02 2.000000e+00
      vertex   1.532770e+02 -1.559209e+02 2.000000e+00
    endloop
  endfacet
  facet normal 0.000000e+00 0.000000e+00 1.000000e+00
    outer loop
      vertex   1.350000e+02 -1.250000e+02 2.000000e+00
      vertex   1.532770e+02 -1.559209e+02 2.000000e+00
      vertex   1.553155e+02 -1.554428e+02 2.000000e+00
    endloop
  endfacet
  facet normal 0.000000e+00 0.000000e+00 1.000000e+00
    outer loop
      vertex   1.350000e+02 -1.250000e+02 2.000000e+00
      vertex   1.553155e+02 -1.554428e+02 2.000000e+00
      vertex   1.663744e+02 -1.503840e+02 2.000000e+00
    endloop
  endfacet
  facet normal 0.000000e+00 0.000000e+00 1.000000e+00
    outer loop
      vertex   1.663744e+02 -1.503840e+02 2.000000e+00
      vertex   1.553155e+02 -1.554428e+02 2.000000e+00
      vertex   1.573868e+02 -1.551369e+02 2.000000e+00
    endloop
  endfacet
  facet normal 0.000000e+00 0.000000e+00 1.000000e+00
    outer loop
      vertex   1.663744e+02 -1.503840e+02 2.000000e+00
      vertex   1.573868e+02 -1.551369e+02 2.000000e+00
      vertex   1.659604e+02 -1.508039e+02 2.000000e+00
    endloop
  endfacet
  facet normal 0.000000e+00 0.000000e+00 1.000000e+00
    outer loop
      vertex   1.659604e+02 -1.508039e+02 2.000000e+00
      vertex   1.573868e+02 -1.551369e+02 2.000000e+00
      vertex   1.656192e+02 -1.512305e+02 2.000000e+00
    endloop
  endfacet
  facet normal 0.000000e+00 0.000000e+00 1.000000e+00
    outer loop
      vertex   1.656192e+02 -1.512305e+02 2.000000e+00
      vertex   1.573868e+02 -1.551369e+02 2.000000e+00
      vertex   1.594764e+02 -1.550055e+02 2.000000e+00
    endloop
  endfacet
  facet normal 0.000000e+00 0.000000e+00 1.000000e+00
    outer loop
      vertex   1.656192e+02 -1.512305e+02 2.000000e+00
      vertex   1.594764e+02 -1.550055e+02 2.000000e+00
      vertex   1.653519e+02 -1.516624e+02 2.000000e+00
    endloop
  endfacet
  facet normal 0.000000e+00 0.000000e+00 1.000000e+00
    outer loop
      vertex   1.653519e+02 -1.516624e+02 2.000000e+00
      vertex   1.594764e+02 -1.550055e+02 2.000000e+00
      vertex   1.651593e+02 -1.520984e+02 2.000000e+00
    endloop
  endfacet
  facet normal 0.000000e+00 0.000000e+00 1.000000e+00
    outer loop
      vertex   1.651593e+02 -1.520984e+02 2.000000e+00
      vertex   1.594764e+02 -1.550055e+02 2.000000e+00
      vertex   1.615698e+02 -1.550493e+02 2.000000e+00
    endloop
  endfacet
  facet normal 0.000000e+00 0.000000e+00 1.000000e+00
    outer loop
      vertex   1.651593e+02 -1.520984e+02 2.000000e+00
      vertex   1.615698e+02 -1.550493e+02 2.000000e+00
      vertex   1.650419e+02 -1.525372e+02 2.000000e+00
    endloop
  endfacet
  facet normal 0.000000e+00 0.000000e+00 1.000000e+00
    outer loop
      vertex   1.650419e+02 -1.525372e+02 2.000000e+00
      vertex   1.615698e+02 -1.550493e+02 2.000000e+00
      vertex   1.650001e+02 -1.529773e+02 2.000000e+00
    endloop
  endfacet
  facet normal 0.000000e+00 0.000000e+00 1.000000e+00
    outer loop
      vertex   1.650001e+02 -1.529773e+02 2.000000e+00
      vertex   1.615698e+02 -1.550493e+02 2.000000e+00
      vertex   1.636521e+02 -1.552682e+02 2.000000e+00
    endloop
  endfacet
  facet normal 0.000000e+00 0.000000e+00 1.000000e+00
    outer loop
      vertex   1.650001e+02 -1.529773e+02 2.000000e+00
      vertex   1.636521e+02 -1.552682e+02 2.000000e+00
      vertex   1.650381e+02 -1.531439e+02 2.000000e+00
    endloop
  endfacet
  facet normal 0.000000e+00 0.000000e+00 1.000000e+00
    outer loop
      vertex   1.650381e+02 -1.531439e+02 2.000000e+00
      vertex   1.636521e+02 -1.552682e+02 2.000000e+00
      vertex   1.651166e+02 -1.532957e+02 2.000000e+00
    endloop
  endfacet
  facet normal 0.000000e+00 0.000000e+00 1.000000e+00
    outer loop
      vertex   1.651166e+02 -1.532957e+02 2.000000e+00
      vertex   1.636521e+02 -1.552682e+02 2.000000e+00
      vertex   1.652307e+02 -1.534229e+02 2.000000e+00
    endloop
  endfacet
  facet normal 0.000000e+00 0.000000e+00 1.000000e+00
    outer loop
      vertex   1.652307e+02 -1.534229e+02 2.000000e+00
      vertex   1.636521e+02 -1.552682e+02 2.000000e+00
      vertex   1.653730e+02 -1.535174e+02 2.000000e+00
    endloop
  endfacet
  facet normal 0.000000e+00 0.000000e+00 1.000000e+00
    outer loop
      vertex   1.653730e+02 -1.535174e+02 2.000000e+00
      vertex   1.636521e+02 -1.552682e+02 2.000000e+00
      vertex   1.657088e+02 -1.556605e+02 2.000000e+00
    endloop
  endfacet
  facet normal 0.000000e+00 0.000000e+00 1.000000e+00
    outer loop
      vertex   1.653730e+02 -1.535174e+02 2.000000e+00
      vertex   1.657088e+02 -1.556605e+02 2.000000e+00
      vertex   1.655345e+02 -1.535733e+02 2.000000e+00
    endloop
  endfacet
  facet normal 0.000000e+00 0.000000e+00 1.000000e+00
    outer loop
      vertex   1.655345e+02 -1.535733e+02 2.000000e+00
      vertex   1.657088e+02 -1.556605e+02 2.000000e+00
      vertex   1.664114e+02 -1.537723e+02 2.000000e+00
    endloop
  endfacet
  facet normal 0.000000e+00 0.000000e+00 1.000000e+00
    outer loop
      vertex   1.664114e+02 -1.537723e+02 2.000000e+00
      vertex   1.657088e+02 -1.556605e+02 2.000000e+00
      vertex   1.672812e+02 -1.540003e+02 2.000000e+00
    endloop
  endfacet
  facet normal 0.000000e+00 0.000000e+00 1.000000e+00
    outer loop
      vertex   1.672812e+02 -1.540003e+02 2.000000e+00
      vertex   1.657088e+02 -1.556605e+02 2.000000e+00
      vertex   1.677254e+02 -1.562236e+02 2.000000e+00
    endloop
  endfacet
  facet normal 0.000000e+00 0.000000e+00 1.000000e+00
    outer loop
      vertex   1.672812e+02 -1.540003e+02 2.000000e+00
      vertex   1.677254e+02 -1.562236e+02 2.000000e+00
      vertex   1.681429e+02 -1.542572e+02 2.000000e+00
    endloop
  endfacet
  facet normal 0.000000e+00 0.000000e+00 1.000000e+00
    outer loop
      vertex   1.681429e+02 -1.542572e+02 2.000000e+00
      vertex   1.677254e+02 -1.562236e+02 2.000000e+00
      vertex   1.681794e+02 -1.542641e+02 2.000000e+00
    endloop
  endfacet
  facet normal -0.000000e+00 0.000000e+00 1.000000e+00
    outer loop
      vertex   1.681794e+02 -1.542641e+02 2.000000e+00
      vertex   1.677254e+02 -1.562236e+02 2.000000e+00
      vertex   1.682165e+02 -1.542623e+02 2.000000e+00
    endloop
  endfacet
  facet normal -0.000000e+00 0.000000e+00 1.000000e+00
    outer loop
      vertex   1.682165e+02 -1.542623e+02 2.000000e+00
      vertex   1.677254e+02 -1.562236e+02 2.000000e+00
      vertex   1.682521e+02 -1.542518e+02 2.000000e+00
    endloop
  endfacet
  facet normal -0.000000e+00 0.000000e+00 1.000000e+00
    outer loop
      vertex   1.682521e+02 -1.542518e+02 2.000000e+00
      vertex   1.677254e+02 -1.562236e+02 2.000000e+00
      vertex   1.682842e+02 -1.542333e+02 2.000000e+00
    endloop
  endfacet
  facet normal 0.000000e+00 0.000000e+00 1.000000e+00
    outer loop
      vertex   1.682842e+02 -1.542333e+02 2.000000e+00
      vertex   1.677254e+02 -1.562236e+02 2.000000e+00
      vertex   1.696879e+02 -1.569534e+02 2.000000e+00
    endloop
  endfacet
  facet normal -0.000000e+00 0.000000e+00 1.000000e+00
    outer loop
      vertex   1.682842e+02 -1.542333e+02 2.000000e+00
      vertex   1.696879e+02 -1.569534e+02 2.000000e+00
      vertex   1.683111e+02 -1.542077e+02 2.000000e+00
    endloop
  endfacet
  facet normal -0.000000e+00 0.000000e+00 1.000000e+00
    outer loop
      vertex   1.683111e+02 -1.542077e+02 2.000000e+00
      vertex   1.696879e+02 -1.569534e+02 2.000000e+00
      vertex   1.683313e+02 -1.541765e+02 2.000000e+00
    endloop
  endfacet
  facet normal -0.000000e+00 0.000000e+00 1.000000e+00
    outer loop
      vertex   1.683313e+02 -1.541765e+02 2.000000e+00
      vertex   1.696879e+02 -1.569534e+02 2.000000e+00
      vertex   1.683436e+02 -1.541415e+02 2.000000e+00
    endloop
  endfacet
  facet normal -0.000000e+00 0.000000e+00 1.000000e+00
    outer loop
      vertex   1.683436e+02 -1.541415e+02 2.000000e+00
      vertex   1.696879e+02 -1.569534e+02 2.000000e+00
      vertex   1.730000e+02 -1.530000e+02 2.000000e+00
    endloop
  endfacet
  facet normal 0.000000e+00 0.000000e+00 1.000000e+00
    outer loop
      vertex   1.683436e+02 -1.541415e+02 2.000000e+00
      vertex   1.730000e+02 -1.530000e+02 2.000000e+00
      vertex   1.683473e+02 -1.541046e+02 2.000000e+00
    endloop
  endfacet
  facet normal 0.000000e+00 -0.000000e+00 1.000000e+00
    outer loop
      vertex   1.683473e+02 -1.541046e+02 2.000000e+00
      vertex   1.730000e+02 -1.530000e+02 2.000000e+00
      vertex   1.683422e+02 -1.540678e+02 2.000000e+00
    endloop
  endfacet
  facet normal 0.000000e+00 -0.000000e+00 1.000000e+00
    outer loop
      vertex   1.683422e+02 -1.540678e+02 2.000000e+00
      vertex   1.730000e+02 -1.530000e+02 2.000000e+00
      vertex   1.683287e+02 -1.540332e+02 2.000000e+00
    endloop
  endfacet
  facet normal -0.000000e+00 0.000000e+00 1.000000e+00
    outer loop
      vertex   1.696879e+02 -1.569534e+02 2.000000e+00
      vertex   1.715824e+02 -1.578449e+02 2.000000e+00
      vertex   1.730000e+02 -1.530000e+02 2.000000e+00
    endloop
  endfacet
  facet normal 0.000000e+00 0.000000e+00 1.000000e+00
    outer loop
      vertex   1.730000e+02 -1.530000e+02 2.000000e+00
      vertex   1.715824e+02 -1.578449e+02 2.000000e+00
      vertex   1.749983e+02 -1.574293e+02 2.000000e+00
    endloop
  endfacet
  facet normal 0.000000e+00 0.000000e+00 1.000000e+00
    outer loop
      vertex   1.730000e+02 -1.530000e+02 2.000000e+00
      vertex   1.749983e+02 -1.574293e+02 2.000000e+00
      vertex   1.750150e+02 -1.574167e+02 2.000000e+00
    endloop
  endfacet
  facet normal 0.000000e+00 -0.000000e+00 1.000000e+00
    outer loop
      vertex   1.733957e+02 -1.588918e+02 2.000000e+00
      vertex   1.749769e+02 -1.574648e+02 2.000000e+00
      vertex   1.715824e+02 -1.578449e+02 2.000000e+00
    endloop
  endfacet
  facet normal 0.000000e+00 0.000000e+00 1.000000e+00
    outer loop
      vertex   1.715824e+02 -1.578449e+02 2.000000e+00
      vertex   1.749769e+02 -1.574648e+02 2.000000e+00
      vertex   1.749853e+02 -1.574457e+02 2.000000e+00
    endloop
  endfacet
  facet normal 0.000000e+00 0.000000e+00 1.000000e+00
    outer loop
      vertex   1.715824e+02 -1.578449e+02 2.000000e+00
      vertex   1.749853e+02 -1.574457e+02 2.000000e+00
      vertex   1.749983e+02 -1.574293e+02 2.000000e+00
    endloop
  endfacet
  facet normal 0.000000e+00 0.000000e+00 1.000000e+00
    outer loop
      vertex   1.751150e+02 -1.600867e+02 2.000000e+00
      vertex   1.750101e+02 -1.575568e+02 2.000000e+00
      vertex   1.733957e+02 -1.588918e+02 2.000000e+00
    endloop
  endfacet
  facet normal 0.000000e+00 0.000000e+00 1.000000e+00
    outer loop
      vertex   1.733957e+02 -1.588918e+02 2.000000e+00
      vertex   1.750101e+02 -1.575568e+02 2.000000e+00
      vertex   1.749943e+02 -1.575431e+02 2.000000e+00
    endloop
  endfacet
  facet normal 0.000000e+00 0.000000e+00 1.000000e+00
    outer loop
      vertex   1.733957e+02 -1.588918e+02 2.000000e+00
      vertex   1.749943e+02 -1.575431e+02 2.000000e+00
      vertex   1.749825e+02 -1.575258e+02 2.000000e+00
    endloop
  endfacet
  facet normal 0.000000e+00 -0.000000e+00 1.000000e+00
    outer loop
      vertex   1.767283e+02 -1.614214e+02 2.000000e+00
      vertex   1.769173e+02 -1.589571e+02 2.000000e+00
      vertex   1.751150e+02 -1.600867e+02 2.000000e+00
    endloop
  endfacet
  facet normal 0.000000e+00 0.000000e+00 1.000000e+00
    outer loop
      vertex   1.751150e+02 -1.600867e+02 2.000000e+00
      vertex   1.769173e+02 -1.589571e+02 2.000000e+00
      vertex   1.759790e+02 -1.582360e+02 2.000000e+00
    endloop
  endfacet
  facet normal 0.000000e+00 -0.000000e+00 1.000000e+00
    outer loop
      vertex   1.751150e+02 -1.600867e+02 2.000000e+00
      vertex   1.759790e+02 -1.582360e+02 2.000000e+00
      vertex   1.750101e+02 -1.575568e+02 2.000000e+00
    endloop
  endfacet
  facet normal 0.000000e+00 -0.000000e+00 1.000000e+00
    outer loop
      vertex   1.782242e+02 -1.628863e+02 2.000000e+00
      vertex   1.783764e+02 -1.600493e+02 2.000000e+00
      vertex   1.767283e+02 -1.614214e+02 2.000000e+00
    endloop
  endfacet
  facet normal 0.000000e+00 0.000000e+00 1.000000e+00
    outer loop
      vertex   1.767283e+02 -1.614214e+02 2.000000e+00
      vertex   1.783764e+02 -1.600493e+02 2.000000e+00
      vertex   1.780846e+02 -1.599092e+02 2.000000e+00
    endloop
  endfacet
  facet normal 0.000000e+00 0.000000e+00 1.000000e+00
    outer loop
      vertex   1.767283e+02 -1.614214e+02 2.000000e+00
      vertex   1.780846e+02 -1.599092e+02 2.000000e+00
      vertex   1.778230e+02 -1.597185e+02 2.000000e+00
    endloop
  endfacet
  facet normal 0.000000e+00 -0.000000e+00 1.000000e+00
    outer loop
      vertex   1.795923e+02 -1.644713e+02 2.000000e+00
      vertex   1.807872e+02 -1.604370e+02 2.000000e+00
      vertex   1.782242e+02 -1.628863e+02 2.000000e+00
    endloop
  endfacet
  facet normal 0.000000e+00 0.000000e+00 1.000000e+00
    outer loop
      vertex   1.782242e+02 -1.628863e+02 2.000000e+00
      vertex   1.807872e+02 -1.604370e+02 2.000000e+00
      vertex   1.786887e+02 -1.601343e+02 2.000000e+00
    endloop
  endfacet
  facet normal 0.000000e+00 0.000000e+00 1.000000e+00
    outer loop
      vertex   1.782242e+02 -1.628863e+02 2.000000e+00
      vertex   1.786887e+02 -1.601343e+02 2.000000e+00
      vertex   1.783764e+02 -1.600493e+02 2.000000e+00
    endloop
  endfacet
  facet normal 0.000000e+00 -0.000000e+00 1.000000e+00
    outer loop
      vertex   1.808230e+02 -1.661652e+02 2.000000e+00
      vertex   1.824282e+02 -1.648541e+02 2.000000e+00
      vertex   1.795923e+02 -1.644713e+02 2.000000e+00
    endloop
  endfacet
  facet normal 0.000000e+00 0.000000e+00 1.000000e+00
    outer loop
      vertex   1.795923e+02 -1.644713e+02 2.000000e+00
      vertex   1.824282e+02 -1.648541e+02 2.000000e+00
      vertex   1.824447e+02 -1.647981e+02 2.000000e+00
    endloop
  endfacet
  facet normal 0.000000e+00 0.000000e+00 1.000000e+00
    outer loop
      vertex   1.795923e+02 -1.644713e+02 2.000000e+00
      vertex   1.824447e+02 -1.647981e+02 2.000000e+00
      vertex   1.824746e+02 -1.647478e+02 2.000000e+00
    endloop
  endfacet
  facet normal 0.000000e+00 -0.000000e+00 1.000000e+00
    outer loop
      vertex   1.819077e+02 -1.679562e+02 2.000000e+00
      vertex   1.830039e+02 -1.658643e+02 2.000000e+00
      vertex   1.808230e+02 -1.661652e+02 2.000000e+00
    endloop
  endfacet
  facet normal 0.000000e+00 0.000000e+00 1.000000e+00
    outer loop
      vertex   1.808230e+02 -1.661652e+02 2.000000e+00
      vertex   1.830039e+02 -1.658643e+02 2.000000e+00
      vertex   1.827381e+02 -1.654406e+02 2.000000e+00
    endloop
  endfacet
  facet normal 0.000000e+00 0.000000e+00 1.000000e+00
    outer loop
      vertex   1.808230e+02 -1.661652e+02 2.000000e+00
      vertex   1.827381e+02 -1.654406e+02 2.000000e+00
      vertex   1.824646e+02 -1.650219e+02 2.000000e+00
    endloop
  endfacet
  facet normal 0.000000e+00 -0.000000e+00 1.000000e+00
    outer loop
      vertex   1.828386e+02 -1.698316e+02 2.000000e+00
      vertex   1.837856e+02 -1.667192e+02 2.000000e+00
      vertex   1.819077e+02 -1.679562e+02 2.000000e+00
    endloop
  endfacet
  facet normal 0.000000e+00 0.000000e+00 1.000000e+00
    outer loop
      vertex   1.819077e+02 -1.679562e+02 2.000000e+00
      vertex   1.837856e+02 -1.667192e+02 2.000000e+00
      vertex   1.835787e+02 -1.666201e+02 2.000000e+00
    endloop
  endfacet
  facet normal 0.000000e+00 0.000000e+00 1.000000e+00
    outer loop
      vertex   1.819077e+02 -1.679562e+02 2.000000e+00
      vertex   1.835787e+02 -1.666201e+02 2.000000e+00
      vertex   1.834008e+02 -1.664753e+02 2.000000e+00
    endloop
  endfacet
  facet normal 0.000000e+00 -0.000000e+00 1.000000e+00
    outer loop
      vertex   1.836094e+02 -1.717783e+02 2.000000e+00
      vertex   1.855825e+02 -1.711001e+02 2.000000e+00
      vertex   1.828386e+02 -1.698316e+02 2.000000e+00
    endloop
  endfacet
  facet normal 0.000000e+00 0.000000e+00 1.000000e+00
    outer loop
      vertex   1.828386e+02 -1.698316e+02 2.000000e+00
      vertex   1.855825e+02 -1.711001e+02 2.000000e+00
      vertex   1.856233e+02 -1.710294e+02 2.000000e+00
    endloop
  endfacet
  facet normal 0.000000e+00 0.000000e+00 1.000000e+00
    outer loop
      vertex   1.828386e+02 -1.698316e+02 2.000000e+00
      vertex   1.856233e+02 -1.710294e+02 2.000000e+00
      vertex   1.856798e+02 -1.709706e+02 2.000000e+00
    endloop
  endfacet
  facet normal 0.000000e+00 -0.000000e+00 1.000000e+00
    outer loop
      vertex   1.842146e+02 -1.737827e+02 2.000000e+00
      vertex   1.858053e+02 -1.720573e+02 2.000000e+00
      vertex   1.836094e+02 -1.717783e+02 2.000000e+00
    endloop
  endfacet
  facet normal -0.000000e+00 0.000000e+00 1.000000e+00
    outer loop
      vertex   1.836094e+02 -1.717783e+02 2.000000e+00
      vertex   1.858053e+02 -1.720573e+02 2.000000e+00
      vertex   1.856919e+02 -1.716978e+02 2.000000e+00
    endloop
  endfacet
  facet normal 0.000000e+00 0.000000e+00 1.000000e+00
    outer loop
      vertex   1.836094e+02 -1.717783e+02 2.000000e+00
      vertex   1.856919e+02 -1.716978e+02 2.000000e+00
      vertex   1.855735e+02 -1.713400e+02 2.000000e+00
    endloop
  endfacet
  facet normal 0.000000e+00 -0.000000e+00 1.000000e+00
    outer loop
      vertex   1.846499e+02 -1.758308e+02 2.000000e+00
      vertex   1.863793e+02 -1.728925e+02 2.000000e+00
      vertex   1.842146e+02 -1.737827e+02 2.000000e+00
    endloop
  endfacet
  facet normal 0.000000e+00 0.000000e+00 1.000000e+00
    outer loop
      vertex   1.842146e+02 -1.737827e+02 2.000000e+00
      vertex   1.863793e+02 -1.728925e+02 2.000000e+00
      vertex   1.862221e+02 -1.728212e+02 2.000000e+00
    endloop
  endfacet
  facet normal 0.000000e+00 0.000000e+00 1.000000e+00
    outer loop
      vertex   1.842146e+02 -1.737827e+02 2.000000e+00
      vertex   1.862221e+02 -1.728212e+02 2.000000e+00
      vertex   1.860870e+02 -1.727138e+02 2.000000e+00
    endloop
  endfacet
  facet normal 0.000000e+00 -0.000000e+00 1.000000e+00
    outer loop
      vertex   1.849123e+02 -1.779081e+02 2.000000e+00
      vertex   1.869085e+02 -1.772272e+02 2.000000e+00
      vertex   1.846499e+02 -1.758308e+02 2.000000e+00
    endloop
  endfacet
  facet normal 0.000000e+00 0.000000e+00 1.000000e+00
    outer loop
      vertex   1.846499e+02 -1.758308e+02 2.000000e+00
      vertex   1.869085e+02 -1.772272e+02 2.000000e+00
      vertex   1.869599e+02 -1.771350e+02 2.000000e+00
    endloop
  endfacet
  facet normal 0.000000e+00 0.000000e+00 1.000000e+00
    outer loop
      vertex   1.846499e+02 -1.758308e+02 2.000000e+00
      vertex   1.869599e+02 -1.771350e+02 2.000000e+00
      vertex   1.870320e+02 -1.770579e+02 2.000000e+00
    endloop
  endfacet
  facet normal 0.000000e+00 -0.000000e+00 1.000000e+00
    outer loop
      vertex   1.850000e+02 -1.800000e+02 2.000000e+00
      vertex   1.869790e+02 -1.785739e+02 2.000000e+00
      vertex   1.849123e+02 -1.779081e+02 2.000000e+00
    endloop
  endfacet
  facet normal 0.000000e+00 0.000000e+00 1.000000e+00
    outer loop
      vertex   1.849123e+02 -1.779081e+02 2.000000e+00
      vertex   1.869790e+02 -1.785739e+02 2.000000e+00
      vertex   1.869550e+02 -1.784420e+02 2.000000e+00
    endloop
  endfacet
  facet normal 0.000000e+00 0.000000e+00 1.000000e+00
    outer loop
      vertex   1.849123e+02 -1.779081e+02 2.000000e+00
      vertex   1.869550e+02 -1.784420e+02 2.000000e+00
      vertex   1.869335e+02 -1.781058e+02 2.000000e+00
    endloop
  endfacet
  facet normal -0.000000e+00 0.000000e+00 1.000000e+00
    outer loop
      vertex   2.131756e+02 -1.800000e+02 2.000000e+00
      vertex   2.137520e+02 -1.805039e+02 2.000000e+00
      vertex   2.135992e+02 -1.796403e+02 2.000000e+00
    endloop
  endfacet
  facet normal -0.000000e+00 0.000000e+00 1.000000e+00
    outer loop
      vertex   2.135992e+02 -1.796403e+02 2.000000e+00
      vertex   2.137520e+02 -1.805039e+02 2.000000e+00
      vertex   2.139682e+02 -1.792746e+02 2.000000e+00
    endloop
  endfacet
  facet normal 0.000000e+00 0.000000e+00 1.000000e+00
    outer loop
      vertex   2.139682e+02 -1.792746e+02 2.000000e+00
      vertex   2.137520e+02 -1.805039e+02 2.000000e+00
      vertex   2.142215e+02 -1.810191e+02 2.000000e+00
    endloop
  endfacet
  facet normal -0.000000e+00 0.000000e+00 1.000000e+00
    outer loop
      vertex   2.139682e+02 -1.792746e+02 2.000000e+00
      vertex   2.142215e+02 -1.810191e+02 2.000000e+00
      vertex   2.142820e+02 -1.789036e+02 2.000000e+00
    endloop
  endfacet
  facet normal 0.000000e+00 0.000000e+00 1.000000e+00
    outer loop
      vertex   2.142820e+02 -1.789036e+02 2.000000e+00
      vertex   2.142215e+02 -1.810191e+02 2.000000e+00
      vertex   2.145820e+02 -1.815432e+02 2.000000e+00
    endloop
  endfacet
  facet normal -0.000000e+00 0.000000e+00 1.000000e+00
    outer loop
      vertex   2.142820e+02 -1.789036e+02 2.000000e+00
      vertex   2.145820e+02 -1.815432e+02 2.000000e+00
      vertex   2.145397e+02 -1.785281e+02 2.000000e+00
    endloop
  endfacet
  facet normal -0.000000e+00 0.000000e+00 1.000000e+00
    outer loop
      vertex   2.145397e+02 -1.785281e+02 2.000000e+00
      vertex   2.145820e+02 -1.815432e+02 2.000000e+00
      vertex   2.147407e+02 -1.781492e+02 2.000000e+00
    endloop
  endfacet
  facet normal 0.000000e+00 0.000000e+00 1.000000e+00
    outer loop
      vertex   2.147407e+02 -1.781492e+02 2.000000e+00
      vertex   2.145820e+02 -1.815432e+02 2.000000e+00
      vertex   2.148319e+02 -1.820738e+02 2.000000e+00
    endloop
  endfacet
  facet normal -0.000000e+00 0.000000e+00 1.000000e+00
    outer loop
      vertex   2.147407e+02 -1.781492e+02 2.000000e+00
      vertex   2.148319e+02 -1.820738e+02 2.000000e+00
      vertex   2.148847e+02 -1.777676e+02 2.000000e+00
    endloop
  endfacet
  facet normal 0.000000e+00 0.000000e+00 1.000000e+00
    outer loop
      vertex   2.148847e+02 -1.777676e+02 2.000000e+00
      vertex   2.148319e+02 -1.820738e+02 2.000000e+00
      vertex   2.149701e+02 -1.826087e+02 2.000000e+00
    endloop
  endfacet
  facet normal -0.000000e+00 0.000000e+00 1.000000e+00
    outer loop
      vertex   2.148847e+02 -1.777676e+02 2.000000e+00
      vertex   2.149701e+02 -1.826087e+02 2.000000e+00
      vertex   2.149711e+02 -1.773843e+02 2.000000e+00
    endloop
  endfacet
  facet normal -0.000000e+00 0.000000e+00 1.000000e+00
    outer loop
      vertex   2.149711e+02 -1.773843e+02 2.000000e+00
      vertex   2.149701e+02 -1.826087e+02 2.000000e+00
      vertex   2.150000e+02 -1.770000e+02 2.000000e+00
    endloop
  endfacet
  facet normal 0.000000e+00 0.000000e+00 1.000000e+00
    outer loop
      vertex   2.150000e+02 -1.770000e+02 2.000000e+00
      vertex   2.149701e+02 -1.826087e+02 2.000000e+00
      vertex   2.149959e+02 -1.831452e+02 2.000000e+00
    endloop
  endfacet
  facet normal 0.000000e+00 0.000000e+00 1.000000e+00
    outer loop
      vertex   2.149092e+02 -1.836811e+02 2.000000e+00
      vertex   2.147105e+02 -1.842140e+02 2.000000e+00
      vertex   2.250000e+02 -2.150000e+02 2.000000e+00
    endloop
  endfacet
  facet normal 0.000000e+00 0.000000e+00 1.000000e+00
    outer loop
      vertex   2.250000e+02 -2.150000e+02 2.000000e+00
      vertex   2.147105e+02 -1.842140e+02 2.000000e+00
      vertex   2.144006e+02 -1.847414e+02 2.000000e+00
    endloop
  endfacet
  facet normal 0.000000e+00 0.000000e+00 1.000000e+00
    outer loop
      vertex   2.250000e+02 -2.150000e+02 2.000000e+00
      vertex   2.144006e+02 -1.847414e+02 2.000000e+00
      vertex   2.139808e+02 -1.852609e+02 2.000000e+00
    endloop
  endfacet
  facet normal 0.000000e+00 0.000000e+00 1.000000e+00
    outer loop
      vertex   2.139808e+02 -1.852609e+02 2.000000e+00
      vertex   2.134532e+02 -1.857703e+02 2.000000e+00
      vertex   2.250000e+02 -2.150000e+02 2.000000e+00
    endloop
  endfacet
  facet normal 0.000000e+00 0.000000e+00 1.000000e+00
    outer loop
      vertex   2.250000e+02 -2.150000e+02 2.000000e+00
      vertex   2.134532e+02 -1.857703e+02 2.000000e+00
      vertex   2.128201e+02 -1.862672e+02 2.000000e+00
    endloop
  endfacet
  facet normal 0.000000e+00 0.000000e+00 1.000000e+00
    outer loop
      vertex   2.250000e+02 -2.150000e+02 2.000000e+00
      vertex   2.128201e+02 -1.862672e+02 2.000000e+00
      vertex   2.120842e+02 -1.867494e+02 2.000000e+00
    endloop
  endfacet
  facet normal 0.000000e+00 0.000000e+00 1.000000e+00
    outer loop
      vertex   2.120842e+02 -1.867494e+02 2.000000e+00
      vertex   2.112490e+02 -1.872148e+02 2.000000e+00
      vertex   2.250000e+02 -2.150000e+02 2.000000e+00
    endloop
  endfacet
  facet normal 0.000000e+00 0.000000e+00 1.000000e+00
    outer loop
      vertex   2.250000e+02 -2.150000e+02 2.000000e+00
      vertex   2.112490e+02 -1.872148e+02 2.000000e+00
      vertex   2.103182e+02 -1.876612e+02 2.000000e+00
    endloop
  endfacet
  facet normal 0.000000e+00 0.000000e+00 1.000000e+00
    outer loop
      vertex   2.250000e+02 -2.150000e+02 2.000000e+00
      vertex   2.103182e+02 -1.876612e+02 2.000000e+00
      vertex   2.092959e+02 -1.880866e+02 2.000000e+00
    endloop
  endfacet
  facet normal 0.000000e+00 0.000000e+00 1.000000e+00
    outer loop
      vertex   2.092959e+02 -1.880866e+02 2.000000e+00
      vertex   2.081869e+02 -1.884891e+02 2.000000e+00
      vertex   2.250000e+02 -2.150000e+02 2.000000e+00
    endloop
  endfacet
  facet normal 0.000000e+00 0.000000e+00 1.000000e+00
    outer loop
      vertex   2.250000e+02 -2.150000e+02 2.000000e+00
      vertex   2.081869e+02 -1.884891e+02 2.000000e+00
      vertex   2.069960e+02 -1.888669e+02 2.000000e+00
    endloop
  endfacet
  facet normal 0.000000e+00 0.000000e+00 1.000000e+00
    outer loop
      vertex   2.250000e+02 -2.150000e+02 2.000000e+00
      vertex   2.069960e+02 -1.888669e+02 2.000000e+00
      vertex   2.057286e+02 -1.892183e+02 2.000000e+00
    endloop
  endfacet
  facet normal 0.000000e+00 0.000000e+00 1.000000e+00
    outer loop
      vertex   2.057286e+02 -1.892183e+02 2.000000e+00
      vertex   2.043904e+02 -1.895418e+02 2.000000e+00
      vertex   2.250000e+02 -2.150000e+02 2.000000e+00
    endloop
  endfacet
  facet normal 0.000000e+00 0.000000e+00 1.000000e+00
    outer loop
      vertex   2.029875e+02 -1.898358e+02 2.000000e+00
      vertex   2.015262e+02 -1.900990e+02 2.000000e+00
      vertex   2.150000e+02 -2.250000e+02 2.000000e+00
    endloop
  endfacet
  facet normal 0.000000e+00 0.000000e+00 1.000000e+00
    outer loop
      vertex   2.150000e+02 -2.250000e+02 2.000000e+00
      vertex   2.015262e+02 -1.900990e+02 2.000000e+00
      vertex   2.000130e+02 -1.903303e+02 2.000000e+00
    endloop
  endfacet
  facet normal 0.000000e+00 0.000000e+00 1.000000e+00
    outer loop
      vertex   2.150000e+02 -2.250000e+02 2.000000e+00
      vertex   2.000130e+02 -1.903303e+02 2.000000e+00
      vertex   1.984547e+02 -1.905286e+02 2.000000e+00
    endloop
  endfacet
  facet normal 0.000000e+00 0.000000e+00 1.000000e+00
    outer loop
      vertex   1.984547e+02 -1.905286e+02 2.000000e+00
      vertex   1.968584e+02 -1.906931e+02 2.000000e+00
      vertex   2.150000e+02 -2.250000e+02 2.000000e+00
    endloop
  endfacet
  facet normal 0.000000e+00 0.000000e+00 1.000000e+00
    outer loop
      vertex   2.150000e+02 -2.250000e+02 2.000000e+00
      vertex   1.968584e+02 -1.906931e+02 2.000000e+00
      vertex   1.952313e+02 -1.908229e+02 2.000000e+00
    endloop
  endfacet
  facet normal 0.000000e+00 0.000000e+00 1.000000e+00
    outer loop
      vertex   2.150000e+02 -2.250000e+02 2.000000e+00
      vertex   1.952313e+02 -1.908229e+02 2.000000e+00
      vertex   1.919138e+02 -1.909765e+02 2.000000e+00
    endloop
  endfacet
  facet normal 0.000000e+00 0.000000e+00 1.000000e+00
    outer loop
      vertex   1.850768e+02 -1.908023e+02 2.000000e+00
      vertex   1.850107e+02 -1.907504e+02 2.000000e+00
      vertex   1.819077e+02 -1.920438e+02 2.000000e+00
    endloop
  endfacet
  facet normal 0.000000e+00 0.000000e+00 1.000000e+00
    outer loop
      vertex   1.819077e+02 -1.920438e+02 2.000000e+00
      vertex   1.850107e+02 -1.907504e+02 2.000000e+00
      vertex   1.849585e+02 -1.906845e+02 2.000000e+00
    endloop
  endfacet
  facet normal 0.000000e+00 -0.000000e+00 1.000000e+00
    outer loop
      vertex   1.849068e+02 -1.905257e+02 2.000000e+00
      vertex   1.849101e+02 -1.904417e+02 2.000000e+00
      vertex   1.828386e+02 -1.901684e+02 2.000000e+00
    endloop
  endfacet
  facet normal 0.000000e+00 0.000000e+00 1.000000e+00
    outer loop
      vertex   1.828386e+02 -1.901684e+02 2.000000e+00
      vertex   1.849101e+02 -1.904417e+02 2.000000e+00
      vertex   1.849330e+02 -1.903608e+02 2.000000e+00
    endloop
  endfacet
  facet normal -0.000000e+00 0.000000e+00 1.000000e+00
    outer loop
      vertex   1.828386e+02 -1.901684e+02 2.000000e+00
      vertex   1.849330e+02 -1.903608e+02 2.000000e+00
      vertex   1.850704e+02 -1.900236e+02 2.000000e+00
    endloop
  endfacet
  facet normal 0.000000e+00 -0.000000e+00 1.000000e+00
    outer loop
      vertex   1.853316e+02 -1.893438e+02 2.000000e+00
      vertex   1.854105e+02 -1.891921e+02 2.000000e+00
      vertex   1.836094e+02 -1.882217e+02 2.000000e+00
    endloop
  endfacet
  facet normal 0.000000e+00 0.000000e+00 1.000000e+00
    outer loop
      vertex   1.836094e+02 -1.882217e+02 2.000000e+00
      vertex   1.854105e+02 -1.891921e+02 2.000000e+00
      vertex   1.855248e+02 -1.890649e+02 2.000000e+00
    endloop
  endfacet
  facet normal 0.000000e+00 0.000000e+00 1.000000e+00
    outer loop
      vertex   1.836094e+02 -1.882217e+02 2.000000e+00
      vertex   1.855248e+02 -1.890649e+02 2.000000e+00
      vertex   1.856672e+02 -1.889702e+02 2.000000e+00
    endloop
  endfacet
  facet normal 0.000000e+00 0.000000e+00 1.000000e+00
    outer loop
      vertex   1.887849e+02 -1.889909e+02 2.000000e+00
      vertex   1.870469e+02 -1.849440e+02 2.000000e+00
      vertex   1.859991e+02 -1.889000e+02 2.000000e+00
    endloop
  endfacet
  facet normal 0.000000e+00 0.000000e+00 1.000000e+00
    outer loop
      vertex   1.859991e+02 -1.889000e+02 2.000000e+00
      vertex   1.870469e+02 -1.849440e+02 2.000000e+00
      vertex   1.869425e+02 -1.849260e+02 2.000000e+00
    endloop
  endfacet
  facet normal 0.000000e+00 -0.000000e+00 1.000000e+00
    outer loop
      vertex   1.859991e+02 -1.889000e+02 2.000000e+00
      vertex   1.869425e+02 -1.849260e+02 2.000000e+00
      vertex   1.842146e+02 -1.862172e+02 2.000000e+00
    endloop
  endfacet
  facet normal 0.000000e+00 0.000000e+00 1.000000e+00
    outer loop
      vertex   1.842146e+02 -1.862172e+02 2.000000e+00
      vertex   1.869425e+02 -1.849260e+02 2.000000e+00
      vertex   1.868454e+02 -1.848836e+02 2.000000e+00
    endloop
  endfacet
  facet normal 0.000000e+00 0.000000e+00 1.000000e+00
    outer loop
      vertex   1.842146e+02 -1.862172e+02 2.000000e+00
      vertex   1.868454e+02 -1.848836e+02 2.000000e+00
      vertex   1.867612e+02 -1.848192e+02 2.000000e+00
    endloop
  endfacet
  facet normal 0.000000e+00 0.000000e+00 1.000000e+00
    outer loop
      vertex   1.870469e+02 -1.849440e+02 2.000000e+00
      vertex   1.887849e+02 -1.889909e+02 2.000000e+00
      vertex   1.905479e+02 -1.849981e+02 2.000000e+00
    endloop
  endfacet
  facet normal 0.000000e+00 0.000000e+00 1.000000e+00
    outer loop
      vertex   1.905479e+02 -1.849981e+02 2.000000e+00
      vertex   1.887849e+02 -1.889909e+02 2.000000e+00
      vertex   1.915905e+02 -1.889843e+02 2.000000e+00
    endloop
  endfacet
  facet normal -0.000000e+00 0.000000e+00 1.000000e+00
    outer loop
      vertex   1.905479e+02 -1.849981e+02 2.000000e+00
      vertex   1.915905e+02 -1.889843e+02 2.000000e+00
      vertex   1.940381e+02 -1.848950e+02 2.000000e+00
    endloop
  endfacet
  facet normal 0.000000e+00 0.000000e+00 1.000000e+00
    outer loop
      vertex   1.940381e+02 -1.848950e+02 2.000000e+00
      vertex   1.915905e+02 -1.889843e+02 2.000000e+00
      vertex   1.943703e+02 -1.888804e+02 2.000000e+00
    endloop
  endfacet
  facet normal -0.000000e+00 0.000000e+00 1.000000e+00
    outer loop
      vertex   1.940381e+02 -1.848950e+02 2.000000e+00
      vertex   1.943703e+02 -1.888804e+02 2.000000e+00
      vertex   1.957577e+02 -1.847849e+02 2.000000e+00
    endloop
  endfacet
  facet normal 0.000000e+00 0.000000e+00 1.000000e+00
    outer loop
      vertex   1.957577e+02 -1.847849e+02 2.000000e+00
      vertex   1.943703e+02 -1.888804e+02 2.000000e+00
      vertex   1.970789e+02 -1.886809e+02 2.000000e+00
    endloop
  endfacet
  facet normal -0.000000e+00 0.000000e+00 1.000000e+00
    outer loop
      vertex   1.957577e+02 -1.847849e+02 2.000000e+00
      vertex   1.970789e+02 -1.886809e+02 2.000000e+00
      vertex   1.974489e+02 -1.846366e+02 2.000000e+00
    endloop
  endfacet
  facet normal 0.000000e+00 0.000000e+00 1.000000e+00
    outer loop
      vertex   1.974489e+02 -1.846366e+02 2.000000e+00
      vertex   1.970789e+02 -1.886809e+02 2.000000e+00
      vertex   1.996724e+02 -1.883890e+02 2.000000e+00
    endloop
  endfacet
  facet normal -0.000000e+00 0.000000e+00 1.000000e+00
    outer loop
      vertex   1.974489e+02 -1.846366e+02 2.000000e+00
      vertex   1.996724e+02 -1.883890e+02 2.000000e+00
      vertex   1.991035e+02 -1.844508e+02 2.000000e+00
    endloop
  endfacet
  facet normal 0.000000e+00 0.000000e+00 1.000000e+00
    outer loop
      vertex   1.991035e+02 -1.844508e+02 2.000000e+00
      vertex   1.996724e+02 -1.883890e+02 2.000000e+00
      vertex   2.009127e+02 -1.882098e+02 2.000000e+00
    endloop
  endfacet
  facet normal -0.000000e+00 0.000000e+00 1.000000e+00
    outer loop
      vertex   1.991035e+02 -1.844508e+02 2.000000e+00
      vertex   2.009127e+02 -1.882098e+02 2.000000e+00
      vertex   2.007134e+02 -1.842282e+02 2.000000e+00
    endloop
  endfacet
  facet normal 0.000000e+00 0.000000e+00 1.000000e+00
    outer loop
      vertex   2.007134e+02 -1.842282e+02 2.000000e+00
      vertex   2.009127e+02 -1.882098e+02 2.000000e+00
      vertex   2.021086e+02 -1.880095e+02 2.000000e+00
    endloop
  endfacet
  facet normal -0.000000e+00 0.000000e+00 1.000000e+00
    outer loop
      vertex   2.007134e+02 -1.842282e+02 2.000000e+00
      vertex   2.021086e+02 -1.880095e+02 2.000000e+00
      vertex   2.022705e+02 -1.839701e+02 2.000000e+00
    endloop
  endfacet
  facet normal 0.000000e+00 0.000000e+00 1.000000e+00
    outer loop
      vertex   2.022705e+02 -1.839701e+02 2.000000e+00
      vertex   2.021086e+02 -1.880095e+02 2.000000e+00
      vertex   2.032552e+02 -1.877887e+02 2.000000e+00
    endloop
  endfacet
  facet normal 0.000000e+00 0.000000e+00 1.000000e+00
    outer loop
      vertex   2.022705e+02 -1.839701e+02 2.000000e+00
      vertex   2.032552e+02 -1.877887e+02 2.000000e+00
      vertex   2.043479e+02 -1.875484e+02 2.000000e+00
    endloop
  endfacet
  facet normal -0.000000e+00 0.000000e+00 1.000000e+00
    outer loop
      vertex   2.022705e+02 -1.839701e+02 2.000000e+00
      vertex   2.043479e+02 -1.875484e+02 2.000000e+00
      vertex   2.037672e+02 -1.836777e+02 2.000000e+00
    endloop
  endfacet
  facet normal 0.000000e+00 0.000000e+00 1.000000e+00
    outer loop
      vertex   2.037672e+02 -1.836777e+02 2.000000e+00
      vertex   2.043479e+02 -1.875484e+02 2.000000e+00
      vertex   2.053821e+02 -1.872896e+02 2.000000e+00
    endloop
  endfacet
  facet normal -0.000000e+00 0.000000e+00 1.000000e+00
    outer loop
      vertex   2.037672e+02 -1.836777e+02 2.000000e+00
      vertex   2.053821e+02 -1.872896e+02 2.000000e+00
      vertex   2.051962e+02 -1.833524e+02 2.000000e+00
    endloop
  endfacet
  facet normal 0.000000e+00 0.000000e+00 1.000000e+00
    outer loop
      vertex   2.051962e+02 -1.833524e+02 2.000000e+00
      vertex   2.053821e+02 -1.872896e+02 2.000000e+00
      vertex   2.063538e+02 -1.870134e+02 2.000000e+00
    endloop
  endfacet
  facet normal 0.000000e+00 0.000000e+00 1.000000e+00
    outer loop
      vertex   2.051962e+02 -1.833524e+02 2.000000e+00
      vertex   2.063538e+02 -1.870134e+02 2.000000e+00
      vertex   2.072589e+02 -1.867208e+02 2.000000e+00
    endloop
  endfacet
  facet normal -0.000000e+00 0.000000e+00 1.000000e+00
    outer loop
      vertex   2.051962e+02 -1.833524e+02 2.000000e+00
      vertex   2.072589e+02 -1.867208e+02 2.000000e+00
      vertex   2.065504e+02 -1.829959e+02 2.000000e+00
    endloop
  endfacet
  facet normal 0.000000e+00 0.000000e+00 1.000000e+00
    outer loop
      vertex   2.065504e+02 -1.829959e+02 2.000000e+00
      vertex   2.072589e+02 -1.867208e+02 2.000000e+00
      vertex   2.080937e+02 -1.864131e+02 2.000000e+00
    endloop
  endfacet
  facet normal -0.000000e+00 0.000000e+00 1.000000e+00
    outer loop
      vertex   2.065504e+02 -1.829959e+02 2.000000e+00
      vertex   2.080937e+02 -1.864131e+02 2.000000e+00
      vertex   2.078232e+02 -1.826099e+02 2.000000e+00
    endloop
  endfacet
  facet normal 0.000000e+00 0.000000e+00 1.000000e+00
    outer loop
      vertex   2.078232e+02 -1.826099e+02 2.000000e+00
      vertex   2.080937e+02 -1.864131e+02 2.000000e+00
      vertex   2.088549e+02 -1.860915e+02 2.000000e+00
    endloop
  endfacet
  facet normal 0.000000e+00 0.000000e+00 1.000000e+00
    outer loop
      vertex   2.078232e+02 -1.826099e+02 2.000000e+00
      vertex   2.088549e+02 -1.860915e+02 2.000000e+00
      vertex   2.095393e+02 -1.857573e+02 2.000000e+00
    endloop
  endfacet
  facet normal 0.000000e+00 -0.000000e+00 1.000000e+00
    outer loop
      vertex   2.095393e+02 -1.857573e+02 2.000000e+00
      vertex   2.101443e+02 -1.854119e+02 2.000000e+00
      vertex   2.078232e+02 -1.826099e+02 2.000000e+00
    endloop
  endfacet
  facet normal -0.000000e+00 0.000000e+00 1.000000e+00
    outer loop
      vertex   2.078232e+02 -1.826099e+02 2.000000e+00
      vertex   2.101443e+02 -1.854119e+02 2.000000e+00
      vertex   2.090083e+02 -1.821963e+02 2.000000e+00
    endloop
  endfacet
  facet normal 0.000000e+00 0.000000e+00 1.000000e+00
    outer loop
      vertex   2.090083e+02 -1.821963e+02 2.000000e+00
      vertex   2.101443e+02 -1.854119e+02 2.000000e+00
      vertex   2.106672e+02 -1.850567e+02 2.000000e+00
    endloop
  endfacet
  facet normal 0.000000e+00 0.000000e+00 1.000000e+00
    outer loop
      vertex   2.090083e+02 -1.821963e+02 2.000000e+00
      vertex   2.106672e+02 -1.850567e+02 2.000000e+00
      vertex   2.111060e+02 -1.846931e+02 2.000000e+00
    endloop
  endfacet
  facet normal 0.000000e+00 -0.000000e+00 1.000000e+00
    outer loop
      vertex   2.111060e+02 -1.846931e+02 2.000000e+00
      vertex   2.114589e+02 -1.843226e+02 2.000000e+00
      vertex   2.090083e+02 -1.821963e+02 2.000000e+00
    endloop
  endfacet
  facet normal -0.000000e+00 0.000000e+00 1.000000e+00
    outer loop
      vertex   2.090083e+02 -1.821963e+02 2.000000e+00
      vertex   2.114589e+02 -1.843226e+02 2.000000e+00
      vertex   2.100998e+02 -1.817571e+02 2.000000e+00
    endloop
  endfacet
  facet normal 0.000000e+00 0.000000e+00 1.000000e+00
    outer loop
      vertex   2.100998e+02 -1.817571e+02 2.000000e+00
      vertex   2.114589e+02 -1.843226e+02 2.000000e+00
      vertex   2.117244e+02 -1.839467e+02 2.000000e+00
    endloop
  endfacet
  facet normal 0.000000e+00 0.000000e+00 1.000000e+00
    outer loop
      vertex   2.100998e+02 -1.817571e+02 2.000000e+00
      vertex   2.117244e+02 -1.839467e+02 2.000000e+00
      vertex   2.119016e+02 -1.835670e+02 2.000000e+00
    endloop
  endfacet
  facet normal 0.000000e+00 -0.000000e+00 1.000000e+00
    outer loop
      vertex   2.119016e+02 -1.835670e+02 2.000000e+00
      vertex   2.119896e+02 -1.831849e+02 2.000000e+00
      vertex   2.100998e+02 -1.817571e+02 2.000000e+00
    endloop
  endfacet
  facet normal 0.000000e+00 0.000000e+00 1.000000e+00
    outer loop
      vertex   2.100998e+02 -1.817571e+02 2.000000e+00
      vertex   2.119896e+02 -1.831849e+02 2.000000e+00
      vertex   2.119880e+02 -1.828021e+02 2.000000e+00
    endloop
  endfacet
  facet normal 0.000000e+00 0.000000e+00 1.000000e+00
    outer loop
      vertex   2.100998e+02 -1.817571e+02 2.000000e+00
      vertex   2.119880e+02 -1.828021e+02 2.000000e+00
      vertex   2.118970e+02 -1.824201e+02 2.000000e+00
    endloop
  endfacet
  facet normal 0.000000e+00 0.000000e+00 1.000000e+00
    outer loop
      vertex   2.118970e+02 -1.824201e+02 2.000000e+00
      vertex   2.117169e+02 -1.820405e+02 2.000000e+00
      vertex   2.100998e+02 -1.817571e+02 2.000000e+00
    endloop
  endfacet
  facet normal -0.000000e+00 0.000000e+00 1.000000e+00
    outer loop
      vertex   2.100998e+02 -1.817571e+02 2.000000e+00
      vertex   2.117169e+02 -1.820405e+02 2.000000e+00
      vertex   2.114484e+02 -1.816648e+02 2.000000e+00
    endloop
  endfacet
  facet normal 0.000000e+00 0.000000e+00 1.000000e+00
    outer loop
      vertex   2.100998e+02 -1.817571e+02 2.000000e+00
      vertex   2.114484e+02 -1.816648e+02 2.000000e+00
      vertex   2.110925e+02 -1.812945e+02 2.000000e+00
    endloop
  endfacet
  facet normal 0.000000e+00 0.000000e+00 1.000000e+00
    outer loop
      vertex   1.867612e+02 -1.848192e+02 2.000000e+00
      vertex   1.866947e+02 -1.847367e+02 2.000000e+00
      vertex   1.842146e+02 -1.862172e+02 2.000000e+00
    endloop
  endfacet
  facet normal 0.000000e+00 -0.000000e+00 1.000000e+00
    outer loop
      vertex   1.866292e+02 -1.845368e+02 2.000000e+00
      vertex   1.866339e+02 -1.844309e+02 2.000000e+00
      vertex   1.846499e+02 -1.841692e+02 2.000000e+00
    endloop
  endfacet
  facet normal -0.000000e+00 0.000000e+00 1.000000e+00
    outer loop
      vertex   1.846499e+02 -1.841692e+02 2.000000e+00
      vertex   1.866339e+02 -1.844309e+02 2.000000e+00
      vertex   1.866870e+02 -1.840993e+02 2.000000e+00
    endloop
  endfacet
  facet normal 0.000000e+00 0.000000e+00 1.000000e+00
    outer loop
      vertex   1.846499e+02 -1.841692e+02 2.000000e+00
      vertex   1.866870e+02 -1.840993e+02 2.000000e+00
      vertex   1.867359e+02 -1.837671e+02 2.000000e+00
    endloop
  endfacet
  facet normal 0.000000e+00 -0.000000e+00 1.000000e+00
    outer loop
      vertex   1.867359e+02 -1.837671e+02 2.000000e+00
      vertex   1.867807e+02 -1.834343e+02 2.000000e+00
      vertex   1.846499e+02 -1.841692e+02 2.000000e+00
    endloop
  endfacet
  facet normal 0.000000e+00 -0.000000e+00 1.000000e+00
    outer loop
      vertex   1.868774e+02 -1.831866e+02 2.000000e+00
      vertex   1.869677e+02 -1.830877e+02 2.000000e+00
      vertex   1.849123e+02 -1.820919e+02 2.000000e+00
    endloop
  endfacet
  facet normal 0.000000e+00 0.000000e+00 1.000000e+00
    outer loop
      vertex   1.849123e+02 -1.820919e+02 2.000000e+00
      vertex   1.869677e+02 -1.830877e+02 2.000000e+00
      vertex   1.870793e+02 -1.830136e+02 2.000000e+00
    endloop
  endfacet
  facet normal 0.000000e+00 0.000000e+00 1.000000e+00
    outer loop
      vertex   1.849123e+02 -1.820919e+02 2.000000e+00
      vertex   1.870793e+02 -1.830136e+02 2.000000e+00
      vertex   1.872055e+02 -1.829688e+02 2.000000e+00
    endloop
  endfacet
  facet normal 0.000000e+00 0.000000e+00 1.000000e+00
    outer loop
      vertex   1.873467e+02 -1.789369e+02 2.000000e+00
      vertex   1.872055e+02 -1.829688e+02 2.000000e+00
      vertex   1.874789e+02 -1.789592e+02 2.000000e+00
    endloop
  endfacet
  facet normal 0.000000e+00 0.000000e+00 1.000000e+00
    outer loop
      vertex   1.874789e+02 -1.789592e+02 2.000000e+00
      vertex   1.872055e+02 -1.829688e+02 2.000000e+00
      vertex   1.873388e+02 -1.829560e+02 2.000000e+00
    endloop
  endfacet
  facet normal 0.000000e+00 0.000000e+00 1.000000e+00
    outer loop
      vertex   1.874789e+02 -1.789592e+02 2.000000e+00
      vertex   1.873388e+02 -1.829560e+02 2.000000e+00
      vertex   1.900552e+02 -1.830000e+02 2.000000e+00
    endloop
  endfacet
  facet normal 0.000000e+00 0.000000e+00 1.000000e+00
    outer loop
      vertex   1.874789e+02 -1.789592e+02 2.000000e+00
      vertex   1.900552e+02 -1.830000e+02 2.000000e+00
      vertex   1.909280e+02 -1.789945e+02 2.000000e+00
    endloop
  endfacet
  facet normal 0.000000e+00 0.000000e+00 1.000000e+00
    outer loop
      vertex   1.909280e+02 -1.789945e+02 2.000000e+00
      vertex   1.900552e+02 -1.830000e+02 2.000000e+00
      vertex   1.927707e+02 -1.829523e+02 2.000000e+00
    endloop
  endfacet
  facet normal -0.000000e+00 0.000000e+00 1.000000e+00
    outer loop
      vertex   1.909280e+02 -1.789945e+02 2.000000e+00
      vertex   1.927707e+02 -1.829523e+02 2.000000e+00
      vertex   1.943594e+02 -1.788774e+02 2.000000e+00
    endloop
  endfacet
  facet normal 0.000000e+00 0.000000e+00 1.000000e+00
    outer loop
      vertex   1.943594e+02 -1.788774e+02 2.000000e+00
      vertex   1.927707e+02 -1.829523e+02 2.000000e+00
      vertex   1.954438e+02 -1.828134e+02 2.000000e+00
    endloop
  endfacet
  facet normal -0.000000e+00 0.000000e+00 1.000000e+00
    outer loop
      vertex   1.943594e+02 -1.788774e+02 2.000000e+00
      vertex   1.954438e+02 -1.828134e+02 2.000000e+00
      vertex   1.960481e+02 -1.787624e+02 2.000000e+00
    endloop
  endfacet
  facet normal 0.000000e+00 0.000000e+00 1.000000e+00
    outer loop
      vertex   1.960481e+02 -1.787624e+02 2.000000e+00
      vertex   1.954438e+02 -1.828134e+02 2.000000e+00
      vertex   1.980336e+02 -1.825857e+02 2.000000e+00
    endloop
  endfacet
  facet normal -0.000000e+00 0.000000e+00 1.000000e+00
    outer loop
      vertex   1.960481e+02 -1.787624e+02 2.000000e+00
      vertex   1.980336e+02 -1.825857e+02 2.000000e+00
      vertex   1.977078e+02 -1.786103e+02 2.000000e+00
    endloop
  endfacet
  facet normal -0.000000e+00 0.000000e+00 1.000000e+00
    outer loop
      vertex   1.977078e+02 -1.786103e+02 2.000000e+00
      vertex   1.980336e+02 -1.825857e+02 2.000000e+00
      vertex   1.993308e+02 -1.784219e+02 2.000000e+00
    endloop
  endfacet
  facet normal 0.000000e+00 0.000000e+00 1.000000e+00
    outer loop
      vertex   1.993308e+02 -1.784219e+02 2.000000e+00
      vertex   1.980336e+02 -1.825857e+02 2.000000e+00
      vertex   2.005006e+02 -1.822725e+02 2.000000e+00
    endloop
  endfacet
  facet normal -0.000000e+00 0.000000e+00 1.000000e+00
    outer loop
      vertex   1.993308e+02 -1.784219e+02 2.000000e+00
      vertex   2.005006e+02 -1.822725e+02 2.000000e+00
      vertex   2.009093e+02 -1.781981e+02 2.000000e+00
    endloop
  endfacet
  facet normal 0.000000e+00 0.000000e+00 1.000000e+00
    outer loop
      vertex   2.009093e+02 -1.781981e+02 2.000000e+00
      vertex   2.005006e+02 -1.822725e+02 2.000000e+00
      vertex   2.016761e+02 -1.820853e+02 2.000000e+00
    endloop
  endfacet
  facet normal 0.000000e+00 0.000000e+00 1.000000e+00
    outer loop
      vertex   2.009093e+02 -1.781981e+02 2.000000e+00
      vertex   2.016761e+02 -1.820853e+02 2.000000e+00
      vertex   2.028068e+02 -1.818786e+02 2.000000e+00
    endloop
  endfacet
  facet normal -0.000000e+00 0.000000e+00 1.000000e+00
    outer loop
      vertex   2.009093e+02 -1.781981e+02 2.000000e+00
      vertex   2.028068e+02 -1.818786e+02 2.000000e+00
      vertex   2.024358e+02 -1.779400e+02 2.000000e+00
    endloop
  endfacet
  facet normal 0.000000e+00 0.000000e+00 1.000000e+00
    outer loop
      vertex   2.024358e+02 -1.779400e+02 2.000000e+00
      vertex   2.028068e+02 -1.818786e+02 2.000000e+00
      vertex   2.038886e+02 -1.816533e+02 2.000000e+00
    endloop
  endfacet
  facet normal -0.000000e+00 0.000000e+00 1.000000e+00
    outer loop
      vertex   2.024358e+02 -1.779400e+02 2.000000e+00
      vertex   2.038886e+02 -1.816533e+02 2.000000e+00
      vertex   2.039029e+02 -1.776488e+02 2.000000e+00
    endloop
  endfacet
  facet normal 0.000000e+00 0.000000e+00 1.000000e+00
    outer loop
      vertex   2.039029e+02 -1.776488e+02 2.000000e+00
      vertex   2.038886e+02 -1.816533e+02 2.000000e+00
      vertex   2.049172e+02 -1.814101e+02 2.000000e+00
    endloop
  endfacet
  facet normal 0.000000e+00 0.000000e+00 1.000000e+00
    outer loop
      vertex   2.039029e+02 -1.776488e+02 2.000000e+00
      vertex   2.049172e+02 -1.814101e+02 2.000000e+00
      vertex   2.058887e+02 -1.811501e+02 2.000000e+00
    endloop
  endfacet
  facet normal -0.000000e+00 0.000000e+00 1.000000e+00
    outer loop
      vertex   2.039029e+02 -1.776488e+02 2.000000e+00
      vertex   2.058887e+02 -1.811501e+02 2.000000e+00
      vertex   2.053038e+02 -1.773259e+02 2.000000e+00
    endloop
  endfacet
  facet normal 0.000000e+00 0.000000e+00 1.000000e+00
    outer loop
      vertex   2.053038e+02 -1.773259e+02 2.000000e+00
      vertex   2.058887e+02 -1.811501e+02 2.000000e+00
      vertex   2.067993e+02 -1.808741e+02 2.000000e+00
    endloop
  endfacet
  facet normal -0.000000e+00 0.000000e+00 1.000000e+00
    outer loop
      vertex   2.053038e+02 -1.773259e+02 2.000000e+00
      vertex   2.067993e+02 -1.808741e+02 2.000000e+00
      vertex   2.066317e+02 -1.769728e+02 2.000000e+00
    endloop
  endfacet
  facet normal 0.000000e+00 0.000000e+00 1.000000e+00
    outer loop
      vertex   2.066317e+02 -1.769728e+02 2.000000e+00
      vertex   2.067993e+02 -1.808741e+02 2.000000e+00
      vertex   2.076457e+02 -1.805834e+02 2.000000e+00
    endloop
  endfacet
  facet normal 0.000000e+00 0.000000e+00 1.000000e+00
    outer loop
      vertex   2.066317e+02 -1.769728e+02 2.000000e+00
      vertex   2.076457e+02 -1.805834e+02 2.000000e+00
      vertex   2.084245e+02 -1.802789e+02 2.000000e+00
    endloop
  endfacet
  facet normal -0.000000e+00 0.000000e+00 1.000000e+00
    outer loop
      vertex   2.066317e+02 -1.769728e+02 2.000000e+00
      vertex   2.084245e+02 -1.802789e+02 2.000000e+00
      vertex   2.078802e+02 -1.765913e+02 2.000000e+00
    endloop
  endfacet
  facet normal 0.000000e+00 0.000000e+00 1.000000e+00
    outer loop
      vertex   2.078802e+02 -1.765913e+02 2.000000e+00
      vertex   2.084245e+02 -1.802789e+02 2.000000e+00
      vertex   2.091327e+02 -1.799618e+02 2.000000e+00
    endloop
  endfacet
  facet normal 0.000000e+00 0.000000e+00 1.000000e+00
    outer loop
      vertex   2.078802e+02 -1.765913e+02 2.000000e+00
      vertex   2.091327e+02 -1.799618e+02 2.000000e+00
      vertex   2.097677e+02 -1.796335e+02 2.000000e+00
    endloop
  endfacet
  facet normal -0.000000e+00 0.000000e+00 1.000000e+00
    outer loop
      vertex   2.078802e+02 -1.765913e+02 2.000000e+00
      vertex   2.097677e+02 -1.796335e+02 2.000000e+00
      vertex   2.090435e+02 -1.761831e+02 2.000000e+00
    endloop
  endfacet
  facet normal 0.000000e+00 0.000000e+00 1.000000e+00
    outer loop
      vertex   2.090435e+02 -1.761831e+02 2.000000e+00
      vertex   2.097677e+02 -1.796335e+02 2.000000e+00
      vertex   2.103270e+02 -1.792950e+02 2.000000e+00
    endloop
  endfacet
  facet normal 0.000000e+00 0.000000e+00 1.000000e+00
    outer loop
      vertex   2.090435e+02 -1.761831e+02 2.000000e+00
      vertex   2.103270e+02 -1.792950e+02 2.000000e+00
      vertex   2.108086e+02 -1.789478e+02 2.000000e+00
    endloop
  endfacet
  facet normal 0.000000e+00 -0.000000e+00 1.000000e+00
    outer loop
      vertex   2.108086e+02 -1.789478e+02 2.000000e+00
      vertex   2.112104e+02 -1.785931e+02 2.000000e+00
      vertex   2.090435e+02 -1.761831e+02 2.000000e+00
    endloop
  endfacet
  facet normal -0.000000e+00 0.000000e+00 1.000000e+00
    outer loop
      vertex   2.090435e+02 -1.761831e+02 2.000000e+00
      vertex   2.112104e+02 -1.785931e+02 2.000000e+00
      vertex   2.101160e+02 -1.757501e+02 2.000000e+00
    endloop
  endfacet
  facet normal 0.000000e+00 0.000000e+00 1.000000e+00
    outer loop
      vertex   2.101160e+02 -1.757501e+02 2.000000e+00
      vertex   2.112104e+02 -1.785931e+02 2.000000e+00
      vertex   2.115310e+02 -1.782323e+02 2.000000e+00
    endloop
  endfacet
  facet normal 0.000000e+00 0.000000e+00 1.000000e+00
    outer loop
      vertex   2.101160e+02 -1.757501e+02 2.000000e+00
      vertex   2.115310e+02 -1.782323e+02 2.000000e+00
      vertex   2.117693e+02 -1.778668e+02 2.000000e+00
    endloop
  endfacet
  facet normal 0.000000e+00 -0.000000e+00 1.000000e+00
    outer loop
      vertex   2.117693e+02 -1.778668e+02 2.000000e+00
      vertex   2.119241e+02 -1.774979e+02 2.000000e+00
      vertex   2.101160e+02 -1.757501e+02 2.000000e+00
    endloop
  endfacet
  facet normal 0.000000e+00 0.000000e+00 1.000000e+00
    outer loop
      vertex   2.101160e+02 -1.757501e+02 2.000000e+00
      vertex   2.119241e+02 -1.774979e+02 2.000000e+00
      vertex   2.119951e+02 -1.771272e+02 2.000000e+00
    endloop
  endfacet
  facet normal 0.000000e+00 0.000000e+00 1.000000e+00
    outer loop
      vertex   2.101160e+02 -1.757501e+02 2.000000e+00
      vertex   2.119951e+02 -1.771272e+02 2.000000e+00
      vertex   2.119818e+02 -1.767560e+02 2.000000e+00
    endloop
  endfacet
  facet normal 0.000000e+00 0.000000e+00 1.000000e+00
    outer loop
      vertex   2.119818e+02 -1.767560e+02 2.000000e+00
      vertex   2.118844e+02 -1.763857e+02 2.000000e+00
      vertex   2.101160e+02 -1.757501e+02 2.000000e+00
    endloop
  endfacet
  facet normal 0.000000e+00 0.000000e+00 1.000000e+00
    outer loop
      vertex   2.101160e+02 -1.757501e+02 2.000000e+00
      vertex   2.118844e+02 -1.763857e+02 2.000000e+00
      vertex   2.117032e+02 -1.760177e+02 2.000000e+00
    endloop
  endfacet
  facet normal -0.000000e+00 0.000000e+00 1.000000e+00
    outer loop
      vertex   2.101160e+02 -1.757501e+02 2.000000e+00
      vertex   2.117032e+02 -1.760177e+02 2.000000e+00
      vertex   2.114389e+02 -1.756535e+02 2.000000e+00
    endloop
  endfacet
  facet normal 0.000000e+00 0.000000e+00 1.000000e+00
    outer loop
      vertex   2.114389e+02 -1.756535e+02 2.000000e+00
      vertex   2.110925e+02 -1.752945e+02 2.000000e+00
      vertex   2.101160e+02 -1.757501e+02 2.000000e+00
    endloop
  endfacet
  facet normal 0.000000e+00 0.000000e+00 1.000000e+00
    outer loop
      vertex   1.872238e+02 -1.788832e+02 2.000000e+00
      vertex   1.871175e+02 -1.788013e+02 2.000000e+00
      vertex   1.850000e+02 -1.800000e+02 2.000000e+00
    endloop
  endfacet
  facet normal 0.000000e+00 0.000000e+00 1.000000e+00
    outer loop
      vertex   1.850000e+02 -1.800000e+02 2.000000e+00
      vertex   1.871175e+02 -1.788013e+02 2.000000e+00
      vertex   1.870343e+02 -1.786961e+02 2.000000e+00
    endloop
  endfacet
  facet normal 0.000000e+00 0.000000e+00 1.000000e+00
    outer loop
      vertex   1.850000e+02 -1.800000e+02 2.000000e+00
      vertex   1.870343e+02 -1.786961e+02 2.000000e+00
      vertex   1.869790e+02 -1.785739e+02 2.000000e+00
    endloop
  endfacet
  facet normal 0.000000e+00 0.000000e+00 1.000000e+00
    outer loop
      vertex   1.869335e+02 -1.781058e+02 2.000000e+00
      vertex   1.869077e+02 -1.777700e+02 2.000000e+00
      vertex   1.849123e+02 -1.779081e+02 2.000000e+00
    endloop
  endfacet
  facet normal 0.000000e+00 0.000000e+00 1.000000e+00
    outer loop
      vertex   1.849123e+02 -1.779081e+02 2.000000e+00
      vertex   1.869077e+02 -1.777700e+02 2.000000e+00
      vertex   1.868778e+02 -1.774345e+02 2.000000e+00
    endloop
  endfacet
  facet normal 0.000000e+00 0.000000e+00 1.000000e+00
    outer loop
      vertex   1.849123e+02 -1.779081e+02 2.000000e+00
      vertex   1.868778e+02 -1.774345e+02 2.000000e+00
      vertex   1.868806e+02 -1.773290e+02 2.000000e+00
    endloop
  endfacet
  facet normal 0.000000e+00 -0.000000e+00 1.000000e+00
    outer loop
      vertex   1.868806e+02 -1.773290e+02 2.000000e+00
      vertex   1.869085e+02 -1.772272e+02 2.000000e+00
      vertex   1.849123e+02 -1.779081e+02 2.000000e+00
    endloop
  endfacet
  facet normal 0.000000e+00 -0.000000e+00 1.000000e+00
    outer loop
      vertex   1.870320e+02 -1.770579e+02 2.000000e+00
      vertex   1.871204e+02 -1.770002e+02 2.000000e+00
      vertex   1.846499e+02 -1.758308e+02 2.000000e+00
    endloop
  endfacet
  facet normal 0.000000e+00 0.000000e+00 1.000000e+00
    outer loop
      vertex   1.846499e+02 -1.758308e+02 2.000000e+00
      vertex   1.871204e+02 -1.770002e+02 2.000000e+00
      vertex   1.872200e+02 -1.769654e+02 2.000000e+00
    endloop
  endfacet
  facet normal -0.000000e+00 0.000000e+00 1.000000e+00
    outer loop
      vertex   1.846499e+02 -1.758308e+02 2.000000e+00
      vertex   1.872200e+02 -1.769654e+02 2.000000e+00
      vertex   1.865491e+02 -1.729234e+02 2.000000e+00
    endloop
  endfacet
  facet normal 0.000000e+00 0.000000e+00 1.000000e+00
    outer loop
      vertex   1.865491e+02 -1.729234e+02 2.000000e+00
      vertex   1.872200e+02 -1.769654e+02 2.000000e+00
      vertex   1.873251e+02 -1.769555e+02 2.000000e+00
    endloop
  endfacet
  facet normal 0.000000e+00 0.000000e+00 1.000000e+00
    outer loop
      vertex   1.865491e+02 -1.729234e+02 2.000000e+00
      vertex   1.873251e+02 -1.769555e+02 2.000000e+00
      vertex   1.901087e+02 -1.729999e+02 2.000000e+00
    endloop
  endfacet
  facet normal 0.000000e+00 0.000000e+00 1.000000e+00
    outer loop
      vertex   1.901087e+02 -1.729999e+02 2.000000e+00
      vertex   1.873251e+02 -1.769555e+02 2.000000e+00
      vertex   1.900422e+02 -1.770000e+02 2.000000e+00
    endloop
  endfacet
  facet normal 0.000000e+00 0.000000e+00 1.000000e+00
    outer loop
      vertex   1.901087e+02 -1.729999e+02 2.000000e+00
      vertex   1.900422e+02 -1.770000e+02 2.000000e+00
      vertex   1.927587e+02 -1.769526e+02 2.000000e+00
    endloop
  endfacet
  facet normal -0.000000e+00 0.000000e+00 1.000000e+00
    outer loop
      vertex   1.901087e+02 -1.729999e+02 2.000000e+00
      vertex   1.927587e+02 -1.769526e+02 2.000000e+00
      vertex   1.936661e+02 -1.729135e+02 2.000000e+00
    endloop
  endfacet
  facet normal 0.000000e+00 0.000000e+00 1.000000e+00
    outer loop
      vertex   1.936661e+02 -1.729135e+02 2.000000e+00
      vertex   1.927587e+02 -1.769526e+02 2.000000e+00
      vertex   1.954329e+02 -1.768142e+02 2.000000e+00
    endloop
  endfacet
  facet normal -0.000000e+00 0.000000e+00 1.000000e+00
    outer loop
      vertex   1.936661e+02 -1.729135e+02 2.000000e+00
      vertex   1.954329e+02 -1.768142e+02 2.000000e+00
      vertex   1.954213e+02 -1.728096e+02 2.000000e+00
    endloop
  endfacet
  facet normal -0.000000e+00 0.000000e+00 1.000000e+00
    outer loop
      vertex   1.954213e+02 -1.728096e+02 2.000000e+00
      vertex   1.954329e+02 -1.768142e+02 2.000000e+00
      vertex   1.971489e+02 -1.726659e+02 2.000000e+00
    endloop
  endfacet
  facet normal 0.000000e+00 0.000000e+00 1.000000e+00
    outer loop
      vertex   1.971489e+02 -1.726659e+02 2.000000e+00
      vertex   1.954329e+02 -1.768142e+02 2.000000e+00
      vertex   1.980240e+02 -1.765867e+02 2.000000e+00
    endloop
  endfacet
  facet normal -0.000000e+00 0.000000e+00 1.000000e+00
    outer loop
      vertex   1.971489e+02 -1.726659e+02 2.000000e+00
      vertex   1.980240e+02 -1.765867e+02 2.000000e+00
      vertex   1.988400e+02 -1.724832e+02 2.000000e+00
    endloop
  endfacet
  facet normal 0.000000e+00 0.000000e+00 1.000000e+00
    outer loop
      vertex   1.988400e+02 -1.724832e+02 2.000000e+00
      vertex   1.980240e+02 -1.765867e+02 2.000000e+00
      vertex   2.004922e+02 -1.762737e+02 2.000000e+00
    endloop
  endfacet
  facet normal -0.000000e+00 0.000000e+00 1.000000e+00
    outer loop
      vertex   1.988400e+02 -1.724832e+02 2.000000e+00
      vertex   2.004922e+02 -1.762737e+02 2.000000e+00
      vertex   2.004860e+02 -1.722623e+02 2.000000e+00
    endloop
  endfacet
  facet normal 0.000000e+00 0.000000e+00 1.000000e+00
    outer loop
      vertex   2.004860e+02 -1.722623e+02 2.000000e+00
      vertex   2.004922e+02 -1.762737e+02 2.000000e+00
      vertex   2.016684e+02 -1.760866e+02 2.000000e+00
    endloop
  endfacet
  facet normal -0.000000e+00 0.000000e+00 1.000000e+00
    outer loop
      vertex   2.004860e+02 -1.722623e+02 2.000000e+00
      vertex   2.016684e+02 -1.760866e+02 2.000000e+00
      vertex   2.020786e+02 -1.720043e+02 2.000000e+00
    endloop
  endfacet
  facet normal 0.000000e+00 0.000000e+00 1.000000e+00
    outer loop
      vertex   2.020786e+02 -1.720043e+02 2.000000e+00
      vertex   2.016684e+02 -1.760866e+02 2.000000e+00
      vertex   2.027998e+02 -1.758800e+02 2.000000e+00
    endloop
  endfacet
  facet normal 0.000000e+00 0.000000e+00 1.000000e+00
    outer loop
      vertex   2.020786e+02 -1.720043e+02 2.000000e+00
      vertex   2.027998e+02 -1.758800e+02 2.000000e+00
      vertex   2.038823e+02 -1.756546e+02 2.000000e+00
    endloop
  endfacet
  facet normal -0.000000e+00 0.000000e+00 1.000000e+00
    outer loop
      vertex   2.020786e+02 -1.720043e+02 2.000000e+00
      vertex   2.038823e+02 -1.756546e+02 2.000000e+00
      vertex   2.036097e+02 -1.717107e+02 2.000000e+00
    endloop
  endfacet
  facet normal 0.000000e+00 0.000000e+00 1.000000e+00
    outer loop
      vertex   2.036097e+02 -1.717107e+02 2.000000e+00
      vertex   2.038823e+02 -1.756546e+02 2.000000e+00
      vertex   2.049115e+02 -1.754115e+02 2.000000e+00
    endloop
  endfacet
  facet normal -0.000000e+00 0.000000e+00 1.000000e+00
    outer loop
      vertex   2.036097e+02 -1.717107e+02 2.000000e+00
      vertex   2.049115e+02 -1.754115e+02 2.000000e+00
      vertex   2.050713e+02 -1.713828e+02 2.000000e+00
    endloop
  endfacet
  facet normal 0.000000e+00 0.000000e+00 1.000000e+00
    outer loop
      vertex   2.050713e+02 -1.713828e+02 2.000000e+00
      vertex   2.049115e+02 -1.754115e+02 2.000000e+00
      vertex   2.058836e+02 -1.751515e+02 2.000000e+00
    endloop
  endfacet
  facet normal 0.000000e+00 0.000000e+00 1.000000e+00
    outer loop
      vertex   2.050713e+02 -1.713828e+02 2.000000e+00
      vertex   2.058836e+02 -1.751515e+02 2.000000e+00
      vertex   2.067949e+02 -1.748755e+02 2.000000e+00
    endloop
  endfacet
  facet normal -0.000000e+00 0.000000e+00 1.000000e+00
    outer loop
      vertex   2.050713e+02 -1.713828e+02 2.000000e+00
      vertex   2.067949e+02 -1.748755e+02 2.000000e+00
      vertex   2.064561e+02 -1.710224e+02 2.000000e+00
    endloop
  endfacet
  facet normal 0.000000e+00 0.000000e+00 1.000000e+00
    outer loop
      vertex   2.064561e+02 -1.710224e+02 2.000000e+00
      vertex   2.067949e+02 -1.748755e+02 2.000000e+00
      vertex   2.076418e+02 -1.745848e+02 2.000000e+00
    endloop
  endfacet
  facet normal 0.000000e+00 0.000000e+00 1.000000e+00
    outer loop
      vertex   2.064561e+02 -1.710224e+02 2.000000e+00
      vertex   2.076418e+02 -1.745848e+02 2.000000e+00
      vertex   2.084212e+02 -1.742802e+02 2.000000e+00
    endloop
  endfacet
  facet normal -0.000000e+00 0.000000e+00 1.000000e+00
    outer loop
      vertex   2.064561e+02 -1.710224e+02 2.000000e+00
      vertex   2.084212e+02 -1.742802e+02 2.000000e+00
      vertex   2.077571e+02 -1.706313e+02 2.000000e+00
    endloop
  endfacet
  facet normal 0.000000e+00 0.000000e+00 1.000000e+00
    outer loop
      vertex   2.077571e+02 -1.706313e+02 2.000000e+00
      vertex   2.084212e+02 -1.742802e+02 2.000000e+00
      vertex   2.091299e+02 -1.739632e+02 2.000000e+00
    endloop
  endfacet
  facet normal 0.000000e+00 0.000000e+00 1.000000e+00
    outer loop
      vertex   2.077571e+02 -1.706313e+02 2.000000e+00
      vertex   2.091299e+02 -1.739632e+02 2.000000e+00
      vertex   2.097654e+02 -1.736347e+02 2.000000e+00
    endloop
  endfacet
  facet normal -0.000000e+00 0.000000e+00 1.000000e+00
    outer loop
      vertex   2.077571e+02 -1.706313e+02 2.000000e+00
      vertex   2.097654e+02 -1.736347e+02 2.000000e+00
      vertex   2.089675e+02 -1.702115e+02 2.000000e+00
    endloop
  endfacet
  facet normal 0.000000e+00 0.000000e+00 1.000000e+00
    outer loop
      vertex   2.089675e+02 -1.702115e+02 2.000000e+00
      vertex   2.097654e+02 -1.736347e+02 2.000000e+00
      vertex   2.103252e+02 -1.732962e+02 2.000000e+00
    endloop
  endfacet
  facet normal 0.000000e+00 0.000000e+00 1.000000e+00
    outer loop
      vertex   2.089675e+02 -1.702115e+02 2.000000e+00
      vertex   2.103252e+02 -1.732962e+02 2.000000e+00
      vertex   2.108071e+02 -1.729489e+02 2.000000e+00
    endloop
  endfacet
  facet normal 0.000000e+00 -0.000000e+00 1.000000e+00
    outer loop
      vertex   2.108071e+02 -1.729489e+02 2.000000e+00
      vertex   2.112094e+02 -1.725941e+02 2.000000e+00
      vertex   2.089675e+02 -1.702115e+02 2.000000e+00
    endloop
  endfacet
  facet normal -0.000000e+00 0.000000e+00 1.000000e+00
    outer loop
      vertex   2.089675e+02 -1.702115e+02 2.000000e+00
      vertex   2.112094e+02 -1.725941e+02 2.000000e+00
      vertex   2.100812e+02 -1.697652e+02 2.000000e+00
    endloop
  endfacet
  facet normal 0.000000e+00 0.000000e+00 1.000000e+00
    outer loop
      vertex   2.100812e+02 -1.697652e+02 2.000000e+00
      vertex   2.112094e+02 -1.725941e+02 2.000000e+00
      vertex   2.115303e+02 -1.722332e+02 2.000000e+00
    endloop
  endfacet
  facet normal 0.000000e+00 0.000000e+00 1.000000e+00
    outer loop
      vertex   2.100812e+02 -1.697652e+02 2.000000e+00
      vertex   2.115303e+02 -1.722332e+02 2.000000e+00
      vertex   2.117688e+02 -1.718676e+02 2.000000e+00
    endloop
  endfacet
  facet normal 0.000000e+00 -0.000000e+00 1.000000e+00
    outer loop
      vertex   2.117688e+02 -1.718676e+02 2.000000e+00
      vertex   2.119239e+02 -1.714986e+02 2.000000e+00
      vertex   2.100812e+02 -1.697652e+02 2.000000e+00
    endloop
  endfacet
  facet normal 0.000000e+00 0.000000e+00 1.000000e+00
    outer loop
      vertex   2.100812e+02 -1.697652e+02 2.000000e+00
      vertex   2.119239e+02 -1.714986e+02 2.000000e+00
      vertex   2.119950e+02 -1.711278e+02 2.000000e+00
    endloop
  endfacet
  facet normal 0.000000e+00 0.000000e+00 1.000000e+00
    outer loop
      vertex   2.100812e+02 -1.697652e+02 2.000000e+00
      vertex   2.119950e+02 -1.711278e+02 2.000000e+00
      vertex   2.119819e+02 -1.707564e+02 2.000000e+00
    endloop
  endfacet
  facet normal 0.000000e+00 0.000000e+00 1.000000e+00
    outer loop
      vertex   2.119819e+02 -1.707564e+02 2.000000e+00
      vertex   2.118845e+02 -1.703860e+02 2.000000e+00
      vertex   2.100812e+02 -1.697652e+02 2.000000e+00
    endloop
  endfacet
  facet normal 0.000000e+00 0.000000e+00 1.000000e+00
    outer loop
      vertex   2.100812e+02 -1.697652e+02 2.000000e+00
      vertex   2.118845e+02 -1.703860e+02 2.000000e+00
      vertex   2.117033e+02 -1.700179e+02 2.000000e+00
    endloop
  endfacet
  facet normal -0.000000e+00 0.000000e+00 1.000000e+00
    outer loop
      vertex   2.100812e+02 -1.697652e+02 2.000000e+00
      vertex   2.117033e+02 -1.700179e+02 2.000000e+00
      vertex   2.114390e+02 -1.696537e+02 2.000000e+00
    endloop
  endfacet
  facet normal 0.000000e+00 0.000000e+00 1.000000e+00
    outer loop
      vertex   2.114390e+02 -1.696537e+02 2.000000e+00
      vertex   2.110925e+02 -1.692945e+02 2.000000e+00
      vertex   2.100812e+02 -1.697652e+02 2.000000e+00
    endloop
  endfacet
  facet normal 0.000000e+00 0.000000e+00 1.000000e+00
    outer loop
      vertex   1.865491e+02 -1.729234e+02 2.000000e+00
      vertex   1.863793e+02 -1.728925e+02 2.000000e+00
      vertex   1.846499e+02 -1.758308e+02 2.000000e+00
    endloop
  endfacet
  facet normal 0.000000e+00 0.000000e+00 1.000000e+00
    outer loop
      vertex   1.860870e+02 -1.727138e+02 2.000000e+00
      vertex   1.859821e+02 -1.725768e+02 2.000000e+00
      vertex   1.842146e+02 -1.737827e+02 2.000000e+00
    endloop
  endfacet
  facet normal 0.000000e+00 0.000000e+00 1.000000e+00
    outer loop
      vertex   1.842146e+02 -1.737827e+02 2.000000e+00
      vertex   1.859821e+02 -1.725768e+02 2.000000e+00
      vertex   1.859137e+02 -1.724183e+02 2.000000e+00
    endloop
  endfacet
  facet normal 0.000000e+00 0.000000e+00 1.000000e+00
    outer loop
      vertex   1.842146e+02 -1.737827e+02 2.000000e+00
      vertex   1.859137e+02 -1.724183e+02 2.000000e+00
      vertex   1.858053e+02 -1.720573e+02 2.000000e+00
    endloop
  endfacet
  facet normal 0.000000e+00 0.000000e+00 1.000000e+00
    outer loop
      vertex   1.855735e+02 -1.713400e+02 2.000000e+00
      vertex   1.855569e+02 -1.712601e+02 2.000000e+00
      vertex   1.836094e+02 -1.717783e+02 2.000000e+00
    endloop
  endfacet
  facet normal 0.000000e+00 0.000000e+00 1.000000e+00
    outer loop
      vertex   1.836094e+02 -1.717783e+02 2.000000e+00
      vertex   1.855569e+02 -1.712601e+02 2.000000e+00
      vertex   1.855599e+02 -1.711785e+02 2.000000e+00
    endloop
  endfacet
  facet normal 0.000000e+00 0.000000e+00 1.000000e+00
    outer loop
      vertex   1.836094e+02 -1.717783e+02 2.000000e+00
      vertex   1.855599e+02 -1.711785e+02 2.000000e+00
      vertex   1.855825e+02 -1.711001e+02 2.000000e+00
    endloop
  endfacet
  facet normal 0.000000e+00 -0.000000e+00 1.000000e+00
    outer loop
      vertex   1.856798e+02 -1.709706e+02 2.000000e+00
      vertex   1.857489e+02 -1.709271e+02 2.000000e+00
      vertex   1.828386e+02 -1.698316e+02 2.000000e+00
    endloop
  endfacet
  facet normal -0.000000e+00 0.000000e+00 1.000000e+00
    outer loop
      vertex   1.828386e+02 -1.698316e+02 2.000000e+00
      vertex   1.857489e+02 -1.709271e+02 2.000000e+00
      vertex   1.840100e+02 -1.667670e+02 2.000000e+00
    endloop
  endfacet
  facet normal 0.000000e+00 0.000000e+00 1.000000e+00
    outer loop
      vertex   1.828386e+02 -1.698316e+02 2.000000e+00
      vertex   1.840100e+02 -1.667670e+02 2.000000e+00
      vertex   1.837856e+02 -1.667192e+02 2.000000e+00
    endloop
  endfacet
  facet normal 0.000000e+00 0.000000e+00 1.000000e+00
    outer loop
      vertex   1.840100e+02 -1.667670e+02 2.000000e+00
      vertex   1.857489e+02 -1.709271e+02 2.000000e+00
      vertex   1.859165e+02 -1.668926e+02 2.000000e+00
    endloop
  endfacet
  facet normal 0.000000e+00 0.000000e+00 1.000000e+00
    outer loop
      vertex   1.859165e+02 -1.668926e+02 2.000000e+00
      vertex   1.857489e+02 -1.709271e+02 2.000000e+00
      vertex   1.858264e+02 -1.709015e+02 2.000000e+00
    endloop
  endfacet
  facet normal 0.000000e+00 0.000000e+00 1.000000e+00
    outer loop
      vertex   1.859165e+02 -1.668926e+02 2.000000e+00
      vertex   1.858264e+02 -1.709015e+02 2.000000e+00
      vertex   1.859077e+02 -1.708953e+02 2.000000e+00
    endloop
  endfacet
  facet normal 0.000000e+00 0.000000e+00 1.000000e+00
    outer loop
      vertex   1.859165e+02 -1.668926e+02 2.000000e+00
      vertex   1.859077e+02 -1.708953e+02 2.000000e+00
      vertex   1.878478e+02 -1.669703e+02 2.000000e+00
    endloop
  endfacet
  facet normal 0.000000e+00 0.000000e+00 1.000000e+00
    outer loop
      vertex   1.878478e+02 -1.669703e+02 2.000000e+00
      vertex   1.859077e+02 -1.708953e+02 2.000000e+00
      vertex   1.886979e+02 -1.709895e+02 2.000000e+00
    endloop
  endfacet
  facet normal 0.000000e+00 0.000000e+00 1.000000e+00
    outer loop
      vertex   1.878478e+02 -1.669703e+02 2.000000e+00
      vertex   1.886979e+02 -1.709895e+02 2.000000e+00
      vertex   1.897922e+02 -1.669997e+02 2.000000e+00
    endloop
  endfacet
  facet normal 0.000000e+00 0.000000e+00 1.000000e+00
    outer loop
      vertex   1.897922e+02 -1.669997e+02 2.000000e+00
      vertex   1.886979e+02 -1.709895e+02 2.000000e+00
      vertex   1.915094e+02 -1.709859e+02 2.000000e+00
    endloop
  endfacet
  facet normal -0.000000e+00 0.000000e+00 1.000000e+00
    outer loop
      vertex   1.897922e+02 -1.669997e+02 2.000000e+00
      vertex   1.915094e+02 -1.709859e+02 2.000000e+00
      vertex   1.917378e+02 -1.669807e+02 2.000000e+00
    endloop
  endfacet
  facet normal -0.000000e+00 0.000000e+00 1.000000e+00
    outer loop
      vertex   1.917378e+02 -1.669807e+02 2.000000e+00
      vertex   1.915094e+02 -1.709859e+02 2.000000e+00
      vertex   1.936729e+02 -1.669132e+02 2.000000e+00
    endloop
  endfacet
  facet normal 0.000000e+00 0.000000e+00 1.000000e+00
    outer loop
      vertex   1.936729e+02 -1.669132e+02 2.000000e+00
      vertex   1.915094e+02 -1.709859e+02 2.000000e+00
      vertex   1.942962e+02 -1.708845e+02 2.000000e+00
    endloop
  endfacet
  facet normal -0.000000e+00 0.000000e+00 1.000000e+00
    outer loop
      vertex   1.936729e+02 -1.669132e+02 2.000000e+00
      vertex   1.942962e+02 -1.708845e+02 2.000000e+00
      vertex   1.955857e+02 -1.667978e+02 2.000000e+00
    endloop
  endfacet
  facet normal 0.000000e+00 0.000000e+00 1.000000e+00
    outer loop
      vertex   1.955857e+02 -1.667978e+02 2.000000e+00
      vertex   1.942962e+02 -1.708845e+02 2.000000e+00
      vertex   1.970129e+02 -1.706870e+02 2.000000e+00
    endloop
  endfacet
  facet normal -0.000000e+00 0.000000e+00 1.000000e+00
    outer loop
      vertex   1.955857e+02 -1.667978e+02 2.000000e+00
      vertex   1.970129e+02 -1.706870e+02 2.000000e+00
      vertex   1.974647e+02 -1.666351e+02 2.000000e+00
    endloop
  endfacet
  facet normal 0.000000e+00 0.000000e+00 1.000000e+00
    outer loop
      vertex   1.974647e+02 -1.666351e+02 2.000000e+00
      vertex   1.970129e+02 -1.706870e+02 2.000000e+00
      vertex   1.996150e+02 -1.703966e+02 2.000000e+00
    endloop
  endfacet
  facet normal -0.000000e+00 0.000000e+00 1.000000e+00
    outer loop
      vertex   1.974647e+02 -1.666351e+02 2.000000e+00
      vertex   1.996150e+02 -1.703966e+02 2.000000e+00
      vertex   1.992984e+02 -1.664261e+02 2.000000e+00
    endloop
  endfacet
  facet normal 0.000000e+00 0.000000e+00 1.000000e+00
    outer loop
      vertex   1.992984e+02 -1.664261e+02 2.000000e+00
      vertex   1.996150e+02 -1.703966e+02 2.000000e+00
      vertex   2.008597e+02 -1.702181e+02 2.000000e+00
    endloop
  endfacet
  facet normal -0.000000e+00 0.000000e+00 1.000000e+00
    outer loop
      vertex   1.992984e+02 -1.664261e+02 2.000000e+00
      vertex   2.008597e+02 -1.702181e+02 2.000000e+00
      vertex   2.010757e+02 -1.661721e+02 2.000000e+00
    endloop
  endfacet
  facet normal 0.000000e+00 0.000000e+00 1.000000e+00
    outer loop
      vertex   2.010757e+02 -1.661721e+02 2.000000e+00
      vertex   2.008597e+02 -1.702181e+02 2.000000e+00
      vertex   2.020601e+02 -1.700181e+02 2.000000e+00
    endloop
  endfacet
  facet normal 0.000000e+00 0.000000e+00 1.000000e+00
    outer loop
      vertex   2.010757e+02 -1.661721e+02 2.000000e+00
      vertex   2.020601e+02 -1.700181e+02 2.000000e+00
      vertex   2.032111e+02 -1.697977e+02 2.000000e+00
    endloop
  endfacet
  facet normal -0.000000e+00 0.000000e+00 1.000000e+00
    outer loop
      vertex   2.010757e+02 -1.661721e+02 2.000000e+00
      vertex   2.032111e+02 -1.697977e+02 2.000000e+00
      vertex   2.027859e+02 -1.658746e+02 2.000000e+00
    endloop
  endfacet
  facet normal 0.000000e+00 0.000000e+00 1.000000e+00
    outer loop
      vertex   2.027859e+02 -1.658746e+02 2.000000e+00
      vertex   2.032111e+02 -1.697977e+02 2.000000e+00
      vertex   2.043082e+02 -1.695577e+02 2.000000e+00
    endloop
  endfacet
  facet normal -0.000000e+00 0.000000e+00 1.000000e+00
    outer loop
      vertex   2.027859e+02 -1.658746e+02 2.000000e+00
      vertex   2.043082e+02 -1.695577e+02 2.000000e+00
      vertex   2.044186e+02 -1.655354e+02 2.000000e+00
    endloop
  endfacet
  facet normal 0.000000e+00 0.000000e+00 1.000000e+00
    outer loop
      vertex   2.044186e+02 -1.655354e+02 2.000000e+00
      vertex   2.043082e+02 -1.695577e+02 2.000000e+00
      vertex   2.053468e+02 -1.692990e+02 2.000000e+00
    endloop
  endfacet
  facet normal 0.000000e+00 0.000000e+00 1.000000e+00
    outer loop
      vertex   2.044186e+02 -1.655354e+02 2.000000e+00
      vertex   2.053468e+02 -1.692990e+02 2.000000e+00
      vertex   2.063227e+02 -1.690228e+02 2.000000e+00
    endloop
  endfacet
  facet normal -0.000000e+00 0.000000e+00 1.000000e+00
    outer loop
      vertex   2.044186e+02 -1.655354e+02 2.000000e+00
      vertex   2.063227e+02 -1.690228e+02 2.000000e+00
      vertex   2.059638e+02 -1.651566e+02 2.000000e+00
    endloop
  endfacet
  facet normal 0.000000e+00 0.000000e+00 1.000000e+00
    outer loop
      vertex   2.059638e+02 -1.651566e+02 2.000000e+00
      vertex   2.063227e+02 -1.690228e+02 2.000000e+00
      vertex   2.072318e+02 -1.687301e+02 2.000000e+00
    endloop
  endfacet
  facet normal 0.000000e+00 0.000000e+00 1.000000e+00
    outer loop
      vertex   2.059638e+02 -1.651566e+02 2.000000e+00
      vertex   2.072318e+02 -1.687301e+02 2.000000e+00
      vertex   2.080705e+02 -1.684222e+02 2.000000e+00
    endloop
  endfacet
  facet normal -0.000000e+00 0.000000e+00 1.000000e+00
    outer loop
      vertex   2.059638e+02 -1.651566e+02 2.000000e+00
      vertex   2.080705e+02 -1.684222e+02 2.000000e+00
      vertex   2.074123e+02 -1.647405e+02 2.000000e+00
    endloop
  endfacet
  facet normal 0.000000e+00 0.000000e+00 1.000000e+00
    outer loop
      vertex   2.074123e+02 -1.647405e+02 2.000000e+00
      vertex   2.080705e+02 -1.684222e+02 2.000000e+00
      vertex   2.088354e+02 -1.681003e+02 2.000000e+00
    endloop
  endfacet
  facet normal 0.000000e+00 0.000000e+00 1.000000e+00
    outer loop
      vertex   2.074123e+02 -1.647405e+02 2.000000e+00
      vertex   2.088354e+02 -1.681003e+02 2.000000e+00
      vertex   2.095233e+02 -1.677657e+02 2.000000e+00
    endloop
  endfacet
  facet normal -0.000000e+00 0.000000e+00 1.000000e+00
    outer loop
      vertex   2.074123e+02 -1.647405e+02 2.000000e+00
      vertex   2.095233e+02 -1.677657e+02 2.000000e+00
      vertex   2.087552e+02 -1.642896e+02 2.000000e+00
    endloop
  endfacet
  facet normal 0.000000e+00 0.000000e+00 1.000000e+00
    outer loop
      vertex   2.087552e+02 -1.642896e+02 2.000000e+00
      vertex   2.095233e+02 -1.677657e+02 2.000000e+00
      vertex   2.101314e+02 -1.674199e+02 2.000000e+00
    endloop
  endfacet
  facet normal 0.000000e+00 0.000000e+00 1.000000e+00
    outer loop
      vertex   2.087552e+02 -1.642896e+02 2.000000e+00
      vertex   2.101314e+02 -1.674199e+02 2.000000e+00
      vertex   2.106572e+02 -1.670641e+02 2.000000e+00
    endloop
  endfacet
  facet normal 0.000000e+00 -0.000000e+00 1.000000e+00
    outer loop
      vertex   2.106572e+02 -1.670641e+02 2.000000e+00
      vertex   2.110986e+02 -1.666999e+02 2.000000e+00
      vertex   2.087552e+02 -1.642896e+02 2.000000e+00
    endloop
  endfacet
  facet normal -0.000000e+00 0.000000e+00 1.000000e+00
    outer loop
      vertex   2.087552e+02 -1.642896e+02 2.000000e+00
      vertex   2.110986e+02 -1.666999e+02 2.000000e+00
      vertex   2.099845e+02 -1.638066e+02 2.000000e+00
    endloop
  endfacet
  facet normal 0.000000e+00 0.000000e+00 1.000000e+00
    outer loop
      vertex   2.099845e+02 -1.638066e+02 2.000000e+00
      vertex   2.110986e+02 -1.666999e+02 2.000000e+00
      vertex   2.114537e+02 -1.663287e+02 2.000000e+00
    endloop
  endfacet
  facet normal 0.000000e+00 0.000000e+00 1.000000e+00
    outer loop
      vertex   2.099845e+02 -1.638066e+02 2.000000e+00
      vertex   2.114537e+02 -1.663287e+02 2.000000e+00
      vertex   2.117212e+02 -1.659522e+02 2.000000e+00
    endloop
  endfacet
  facet normal 0.000000e+00 -0.000000e+00 1.000000e+00
    outer loop
      vertex   2.117212e+02 -1.659522e+02 2.000000e+00
      vertex   2.118999e+02 -1.655717e+02 2.000000e+00
      vertex   2.099845e+02 -1.638066e+02 2.000000e+00
    endloop
  endfacet
  facet normal 0.000000e+00 0.000000e+00 1.000000e+00
    outer loop
      vertex   2.099845e+02 -1.638066e+02 2.000000e+00
      vertex   2.118999e+02 -1.655717e+02 2.000000e+00
      vertex   2.119891e+02 -1.651889e+02 2.000000e+00
    endloop
  endfacet
  facet normal 0.000000e+00 0.000000e+00 1.000000e+00
    outer loop
      vertex   2.099845e+02 -1.638066e+02 2.000000e+00
      vertex   2.119891e+02 -1.651889e+02 2.000000e+00
      vertex   2.119884e+02 -1.648053e+02 2.000000e+00
    endloop
  endfacet
  facet normal 0.000000e+00 0.000000e+00 1.000000e+00
    outer loop
      vertex   2.119884e+02 -1.648053e+02 2.000000e+00
      vertex   2.118979e+02 -1.644225e+02 2.000000e+00
      vertex   2.099845e+02 -1.638066e+02 2.000000e+00
    endloop
  endfacet
  facet normal 0.000000e+00 0.000000e+00 1.000000e+00
    outer loop
      vertex   2.099845e+02 -1.638066e+02 2.000000e+00
      vertex   2.118979e+02 -1.644225e+02 2.000000e+00
      vertex   2.117178e+02 -1.640421e+02 2.000000e+00
    endloop
  endfacet
  facet normal -0.000000e+00 0.000000e+00 1.000000e+00
    outer loop
      vertex   2.099845e+02 -1.638066e+02 2.000000e+00
      vertex   2.117178e+02 -1.640421e+02 2.000000e+00
      vertex   2.114490e+02 -1.636656e+02 2.000000e+00
    endloop
  endfacet
  facet normal 0.000000e+00 0.000000e+00 1.000000e+00
    outer loop
      vertex   2.114490e+02 -1.636656e+02 2.000000e+00
      vertex   2.110925e+02 -1.632945e+02 2.000000e+00
      vertex   2.099845e+02 -1.638066e+02 2.000000e+00
    endloop
  endfacet
  facet normal 0.000000e+00 0.000000e+00 1.000000e+00
    outer loop
      vertex   1.834008e+02 -1.664753e+02 2.000000e+00
      vertex   1.832618e+02 -1.662928e+02 2.000000e+00
      vertex   1.819077e+02 -1.679562e+02 2.000000e+00
    endloop
  endfacet
  facet normal 0.000000e+00 0.000000e+00 1.000000e+00
    outer loop
      vertex   1.819077e+02 -1.679562e+02 2.000000e+00
      vertex   1.832618e+02 -1.662928e+02 2.000000e+00
      vertex   1.830039e+02 -1.658643e+02 2.000000e+00
    endloop
  endfacet
  facet normal 0.000000e+00 0.000000e+00 1.000000e+00
    outer loop
      vertex   1.824646e+02 -1.650219e+02 2.000000e+00
      vertex   1.824385e+02 -1.649697e+02 2.000000e+00
      vertex   1.808230e+02 -1.661652e+02 2.000000e+00
    endloop
  endfacet
  facet normal 0.000000e+00 0.000000e+00 1.000000e+00
    outer loop
      vertex   1.808230e+02 -1.661652e+02 2.000000e+00
      vertex   1.824385e+02 -1.649697e+02 2.000000e+00
      vertex   1.824261e+02 -1.649125e+02 2.000000e+00
    endloop
  endfacet
  facet normal 0.000000e+00 0.000000e+00 1.000000e+00
    outer loop
      vertex   1.808230e+02 -1.661652e+02 2.000000e+00
      vertex   1.824261e+02 -1.649125e+02 2.000000e+00
      vertex   1.824282e+02 -1.648541e+02 2.000000e+00
    endloop
  endfacet
  facet normal 0.000000e+00 -0.000000e+00 1.000000e+00
    outer loop
      vertex   1.824746e+02 -1.647478e+02 2.000000e+00
      vertex   1.825159e+02 -1.647065e+02 2.000000e+00
      vertex   1.795923e+02 -1.644713e+02 2.000000e+00
    endloop
  endfacet
  facet normal -0.000000e+00 0.000000e+00 1.000000e+00
    outer loop
      vertex   1.795923e+02 -1.644713e+02 2.000000e+00
      vertex   1.825159e+02 -1.647065e+02 2.000000e+00
      vertex   1.807872e+02 -1.604370e+02 2.000000e+00
    endloop
  endfacet
  facet normal 0.000000e+00 -0.000000e+00 1.000000e+00
    outer loop
      vertex   1.825159e+02 -1.647065e+02 2.000000e+00
      vertex   1.825661e+02 -1.646767e+02 2.000000e+00
      vertex   1.807872e+02 -1.604370e+02 2.000000e+00
    endloop
  endfacet
  facet normal 0.000000e+00 0.000000e+00 1.000000e+00
    outer loop
      vertex   1.807872e+02 -1.604370e+02 2.000000e+00
      vertex   1.825661e+02 -1.646767e+02 2.000000e+00
      vertex   1.829638e+02 -1.606766e+02 2.000000e+00
    endloop
  endfacet
  facet normal 0.000000e+00 0.000000e+00 1.000000e+00
    outer loop
      vertex   1.829638e+02 -1.606766e+02 2.000000e+00
      vertex   1.825661e+02 -1.646767e+02 2.000000e+00
      vertex   1.826222e+02 -1.646603e+02 2.000000e+00
    endloop
  endfacet
  facet normal 0.000000e+00 0.000000e+00 1.000000e+00
    outer loop
      vertex   1.829638e+02 -1.606766e+02 2.000000e+00
      vertex   1.826222e+02 -1.646603e+02 2.000000e+00
      vertex   1.826806e+02 -1.646582e+02 2.000000e+00
    endloop
  endfacet
  facet normal 0.000000e+00 0.000000e+00 1.000000e+00
    outer loop
      vertex   1.829638e+02 -1.606766e+02 2.000000e+00
      vertex   1.826806e+02 -1.646582e+02 2.000000e+00
      vertex   1.852000e+02 -1.608512e+02 2.000000e+00
    endloop
  endfacet
  facet normal 0.000000e+00 0.000000e+00 1.000000e+00
    outer loop
      vertex   1.852000e+02 -1.608512e+02 2.000000e+00
      vertex   1.826806e+02 -1.646582e+02 2.000000e+00
      vertex   1.855910e+02 -1.648783e+02 2.000000e+00
    endloop
  endfacet
  facet normal 0.000000e+00 0.000000e+00 1.000000e+00
    outer loop
      vertex   1.852000e+02 -1.608512e+02 2.000000e+00
      vertex   1.855910e+02 -1.648783e+02 2.000000e+00
      vertex   1.874768e+02 -1.609592e+02 2.000000e+00
    endloop
  endfacet
  facet normal 0.000000e+00 0.000000e+00 1.000000e+00
    outer loop
      vertex   1.874768e+02 -1.609592e+02 2.000000e+00
      vertex   1.855910e+02 -1.648783e+02 2.000000e+00
      vertex   1.885844e+02 -1.649876e+02 2.000000e+00
    endloop
  endfacet
  facet normal 0.000000e+00 0.000000e+00 1.000000e+00
    outer loop
      vertex   1.874768e+02 -1.609592e+02 2.000000e+00
      vertex   1.885844e+02 -1.649876e+02 2.000000e+00
      vertex   1.897751e+02 -1.609997e+02 2.000000e+00
    endloop
  endfacet
  facet normal 0.000000e+00 0.000000e+00 1.000000e+00
    outer loop
      vertex   1.897751e+02 -1.609997e+02 2.000000e+00
      vertex   1.885844e+02 -1.649876e+02 2.000000e+00
      vertex   1.916045e+02 -1.649840e+02 2.000000e+00
    endloop
  endfacet
  facet normal -0.000000e+00 0.000000e+00 1.000000e+00
    outer loop
      vertex   1.897751e+02 -1.609997e+02 2.000000e+00
      vertex   1.916045e+02 -1.649840e+02 2.000000e+00
      vertex   1.920753e+02 -1.609724e+02 2.000000e+00
    endloop
  endfacet
  facet normal 0.000000e+00 0.000000e+00 1.000000e+00
    outer loop
      vertex   1.920753e+02 -1.609724e+02 2.000000e+00
      vertex   1.916045e+02 -1.649840e+02 2.000000e+00
      vertex   1.945943e+02 -1.648677e+02 2.000000e+00
    endloop
  endfacet
  facet normal -0.000000e+00 0.000000e+00 1.000000e+00
    outer loop
      vertex   1.920753e+02 -1.609724e+02 2.000000e+00
      vertex   1.945943e+02 -1.648677e+02 2.000000e+00
      vertex   1.943579e+02 -1.608775e+02 2.000000e+00
    endloop
  endfacet
  facet normal -0.000000e+00 0.000000e+00 1.000000e+00
    outer loop
      vertex   1.943579e+02 -1.608775e+02 2.000000e+00
      vertex   1.945943e+02 -1.648677e+02 2.000000e+00
      vertex   1.966036e+02 -1.607159e+02 2.000000e+00
    endloop
  endfacet
  facet normal 0.000000e+00 0.000000e+00 1.000000e+00
    outer loop
      vertex   1.966036e+02 -1.607159e+02 2.000000e+00
      vertex   1.945943e+02 -1.648677e+02 2.000000e+00
      vertex   1.974976e+02 -1.646408e+02 2.000000e+00
    endloop
  endfacet
  facet normal -0.000000e+00 0.000000e+00 1.000000e+00
    outer loop
      vertex   1.966036e+02 -1.607159e+02 2.000000e+00
      vertex   1.974976e+02 -1.646408e+02 2.000000e+00
      vertex   1.987932e+02 -1.604888e+02 2.000000e+00
    endloop
  endfacet
  facet normal 0.000000e+00 0.000000e+00 1.000000e+00
    outer loop
      vertex   1.987932e+02 -1.604888e+02 2.000000e+00
      vertex   1.974976e+02 -1.646408e+02 2.000000e+00
      vertex   1.988996e+02 -1.644872e+02 2.000000e+00
    endloop
  endfacet
  facet normal 0.000000e+00 0.000000e+00 1.000000e+00
    outer loop
      vertex   1.987932e+02 -1.604888e+02 2.000000e+00
      vertex   1.988996e+02 -1.644872e+02 2.000000e+00
      vertex   2.002596e+02 -1.643076e+02 2.000000e+00
    endloop
  endfacet
  facet normal -0.000000e+00 0.000000e+00 1.000000e+00
    outer loop
      vertex   1.987932e+02 -1.604888e+02 2.000000e+00
      vertex   2.002596e+02 -1.643076e+02 2.000000e+00
      vertex   2.009084e+02 -1.601983e+02 2.000000e+00
    endloop
  endfacet
  facet normal 0.000000e+00 0.000000e+00 1.000000e+00
    outer loop
      vertex   2.009084e+02 -1.601983e+02 2.000000e+00
      vertex   2.002596e+02 -1.643076e+02 2.000000e+00
      vertex   2.015712e+02 -1.641030e+02 2.000000e+00
    endloop
  endfacet
  facet normal 0.000000e+00 0.000000e+00 1.000000e+00
    outer loop
      vertex   2.009084e+02 -1.601983e+02 2.000000e+00
      vertex   2.015712e+02 -1.641030e+02 2.000000e+00
      vertex   2.028283e+02 -1.638744e+02 2.000000e+00
    endloop
  endfacet
  facet normal -0.000000e+00 0.000000e+00 1.000000e+00
    outer loop
      vertex   2.009084e+02 -1.601983e+02 2.000000e+00
      vertex   2.028283e+02 -1.638744e+02 2.000000e+00
      vertex   2.029310e+02 -1.598467e+02 2.000000e+00
    endloop
  endfacet
  facet normal 0.000000e+00 0.000000e+00 1.000000e+00
    outer loop
      vertex   2.029310e+02 -1.598467e+02 2.000000e+00
      vertex   2.028283e+02 -1.638744e+02 2.000000e+00
      vertex   2.040248e+02 -1.636228e+02 2.000000e+00
    endloop
  endfacet
  facet normal 0.000000e+00 0.000000e+00 1.000000e+00
    outer loop
      vertex   2.029310e+02 -1.598467e+02 2.000000e+00
      vertex   2.040248e+02 -1.636228e+02 2.000000e+00
      vertex   2.051552e+02 -1.633493e+02 2.000000e+00
    endloop
  endfacet
  facet normal -0.000000e+00 0.000000e+00 1.000000e+00
    outer loop
      vertex   2.029310e+02 -1.598467e+02 2.000000e+00
      vertex   2.051552e+02 -1.633493e+02 2.000000e+00
      vertex   2.048441e+02 -1.594371e+02 2.000000e+00
    endloop
  endfacet
  facet normal 0.000000e+00 0.000000e+00 1.000000e+00
    outer loop
      vertex   2.048441e+02 -1.594371e+02 2.000000e+00
      vertex   2.051552e+02 -1.633493e+02 2.000000e+00
      vertex   2.062140e+02 -1.630554e+02 2.000000e+00
    endloop
  endfacet
  facet normal 0.000000e+00 0.000000e+00 1.000000e+00
    outer loop
      vertex   2.048441e+02 -1.594371e+02 2.000000e+00
      vertex   2.062140e+02 -1.630554e+02 2.000000e+00
      vertex   2.071965e+02 -1.627423e+02 2.000000e+00
    endloop
  endfacet
  facet normal -0.000000e+00 0.000000e+00 1.000000e+00
    outer loop
      vertex   2.048441e+02 -1.594371e+02 2.000000e+00
      vertex   2.071965e+02 -1.627423e+02 2.000000e+00
      vertex   2.066313e+02 -1.589730e+02 2.000000e+00
    endloop
  endfacet
  facet normal 0.000000e+00 0.000000e+00 1.000000e+00
    outer loop
      vertex   2.066313e+02 -1.589730e+02 2.000000e+00
      vertex   2.071965e+02 -1.627423e+02 2.000000e+00
      vertex   2.080977e+02 -1.624115e+02 2.000000e+00
    endloop
  endfacet
  facet normal 0.000000e+00 0.000000e+00 1.000000e+00
    outer loop
      vertex   2.066313e+02 -1.589730e+02 2.000000e+00
      vertex   2.080977e+02 -1.624115e+02 2.000000e+00
      vertex   2.089137e+02 -1.620647e+02 2.000000e+00
    endloop
  endfacet
  facet normal -0.000000e+00 0.000000e+00 1.000000e+00
    outer loop
      vertex   2.066313e+02 -1.589730e+02 2.000000e+00
      vertex   2.089137e+02 -1.620647e+02 2.000000e+00
      vertex   2.082775e+02 -1.584582e+02 2.000000e+00
    endloop
  endfacet
  facet normal 0.000000e+00 0.000000e+00 1.000000e+00
    outer loop
      vertex   2.082775e+02 -1.584582e+02 2.000000e+00
      vertex   2.089137e+02 -1.620647e+02 2.000000e+00
      vertex   2.096404e+02 -1.617034e+02 2.000000e+00
    endloop
  endfacet
  facet normal 0.000000e+00 0.000000e+00 1.000000e+00
    outer loop
      vertex   2.082775e+02 -1.584582e+02 2.000000e+00
      vertex   2.096404e+02 -1.617034e+02 2.000000e+00
      vertex   2.102744e+02 -1.613294e+02 2.000000e+00
    endloop
  endfacet
  facet normal 0.000000e+00 -0.000000e+00 1.000000e+00
    outer loop
      vertex   2.102744e+02 -1.613294e+02 2.000000e+00
      vertex   2.108129e+02 -1.609443e+02 2.000000e+00
      vertex   2.082775e+02 -1.584582e+02 2.000000e+00
    endloop
  endfacet
  facet normal -0.000000e+00 0.000000e+00 1.000000e+00
    outer loop
      vertex   2.082775e+02 -1.584582e+02 2.000000e+00
      vertex   2.108129e+02 -1.609443e+02 2.000000e+00
      vertex   2.097688e+02 -1.578971e+02 2.000000e+00
    endloop
  endfacet
  facet normal 0.000000e+00 0.000000e+00 1.000000e+00
    outer loop
      vertex   2.097688e+02 -1.578971e+02 2.000000e+00
      vertex   2.108129e+02 -1.609443e+02 2.000000e+00
      vertex   2.112531e+02 -1.605502e+02 2.000000e+00
    endloop
  endfacet
  facet normal 0.000000e+00 0.000000e+00 1.000000e+00
    outer loop
      vertex   2.097688e+02 -1.578971e+02 2.000000e+00
      vertex   2.112531e+02 -1.605502e+02 2.000000e+00
      vertex   2.115931e+02 -1.601486e+02 2.000000e+00
    endloop
  endfacet
  facet normal 0.000000e+00 -0.000000e+00 1.000000e+00
    outer loop
      vertex   2.115931e+02 -1.601486e+02 2.000000e+00
      vertex   2.118313e+02 -1.597417e+02 2.000000e+00
      vertex   2.097688e+02 -1.578971e+02 2.000000e+00
    endloop
  endfacet
  facet normal 0.000000e+00 0.000000e+00 1.000000e+00
    outer loop
      vertex   2.097688e+02 -1.578971e+02 2.000000e+00
      vertex   2.118313e+02 -1.597417e+02 2.000000e+00
      vertex   2.119665e+02 -1.593313e+02 2.000000e+00
    endloop
  endfacet
  facet normal 0.000000e+00 0.000000e+00 1.000000e+00
    outer loop
      vertex   2.097688e+02 -1.578971e+02 2.000000e+00
      vertex   2.119665e+02 -1.593313e+02 2.000000e+00
      vertex   2.119980e+02 -1.589193e+02 2.000000e+00
    endloop
  endfacet
  facet normal 0.000000e+00 0.000000e+00 1.000000e+00
    outer loop
      vertex   2.119980e+02 -1.589193e+02 2.000000e+00
      vertex   2.119259e+02 -1.585077e+02 2.000000e+00
      vertex   2.097688e+02 -1.578971e+02 2.000000e+00
    endloop
  endfacet
  facet normal 0.000000e+00 0.000000e+00 1.000000e+00
    outer loop
      vertex   2.097688e+02 -1.578971e+02 2.000000e+00
      vertex   2.119259e+02 -1.585077e+02 2.000000e+00
      vertex   2.117502e+02 -1.580984e+02 2.000000e+00
    endloop
  endfacet
  facet normal -0.000000e+00 0.000000e+00 1.000000e+00
    outer loop
      vertex   2.097688e+02 -1.578971e+02 2.000000e+00
      vertex   2.117502e+02 -1.580984e+02 2.000000e+00
      vertex   2.114720e+02 -1.576934e+02 2.000000e+00
    endloop
  endfacet
  facet normal 0.000000e+00 0.000000e+00 1.000000e+00
    outer loop
      vertex   2.114720e+02 -1.576934e+02 2.000000e+00
      vertex   2.110925e+02 -1.572945e+02 2.000000e+00
      vertex   2.097688e+02 -1.578971e+02 2.000000e+00
    endloop
  endfacet
  facet normal 0.000000e+00 0.000000e+00 1.000000e+00
    outer loop
      vertex   1.778230e+02 -1.597185e+02 2.000000e+00
      vertex   1.769173e+02 -1.589571e+02 2.000000e+00
      vertex   1.767283e+02 -1.614214e+02 2.000000e+00
    endloop
  endfacet
  facet normal 0.000000e+00 0.000000e+00 1.000000e+00
    outer loop
      vertex   1.749825e+02 -1.575258e+02 2.000000e+00
      vertex   1.749754e+02 -1.575062e+02 2.000000e+00
      vertex   1.733957e+02 -1.588918e+02 2.000000e+00
    endloop
  endfacet
  facet normal 0.000000e+00 0.000000e+00 1.000000e+00
    outer loop
      vertex   1.733957e+02 -1.588918e+02 2.000000e+00
      vertex   1.749754e+02 -1.575062e+02 2.000000e+00
      vertex   1.749735e+02 -1.574854e+02 2.000000e+00
    endloop
  endfacet
  facet normal 0.000000e+00 0.000000e+00 1.000000e+00
    outer loop
      vertex   1.733957e+02 -1.588918e+02 2.000000e+00
      vertex   1.749735e+02 -1.574854e+02 2.000000e+00
      vertex   1.749769e+02 -1.574648e+02 2.000000e+00
    endloop
  endfacet
  facet normal -0.000000e+00 -0.000000e+00 1.000000e+00
    outer loop
      vertex   1.750550e+02 -1.574059e+02 2.000000e+00
      vertex   1.750757e+02 -1.574083e+02 2.000000e+00
      vertex   1.750000e+02 -1.530000e+02 2.000000e+00
    endloop
  endfacet
  facet normal 0.000000e+00 0.000000e+00 1.000000e+00
    outer loop
      vertex   1.750000e+02 -1.530000e+02 2.000000e+00
      vertex   1.750757e+02 -1.574083e+02 2.000000e+00
      vertex   1.765538e+02 -1.577489e+02 2.000000e+00
    endloop
  endfacet
  facet normal 0.000000e+00 -0.000000e+00 1.000000e+00
    outer loop
      vertex   2.118503e+02 -1.536988e+02 2.000000e+00
      vertex   2.119418e+02 -1.534361e+02 2.000000e+00
      vertex   2.113943e+02 -1.516017e+02 2.000000e+00
    endloop
  endfacet
  facet normal 0.000000e+00 0.000000e+00 1.000000e+00
    outer loop
      vertex   2.113943e+02 -1.516017e+02 2.000000e+00
      vertex   2.119418e+02 -1.534361e+02 2.000000e+00
      vertex   2.119909e+02 -1.531725e+02 2.000000e+00
    endloop
  endfacet
  facet normal 0.000000e+00 0.000000e+00 1.000000e+00
    outer loop
      vertex   2.113943e+02 -1.516017e+02 2.000000e+00
      vertex   2.119909e+02 -1.531725e+02 2.000000e+00
      vertex   2.119974e+02 -1.529085e+02 2.000000e+00
    endloop
  endfacet
  facet normal 0.000000e+00 0.000000e+00 1.000000e+00
    outer loop
      vertex   2.119974e+02 -1.529085e+02 2.000000e+00
      vertex   2.119614e+02 -1.526448e+02 2.000000e+00
      vertex   2.113943e+02 -1.516017e+02 2.000000e+00
    endloop
  endfacet
  facet normal 0.000000e+00 0.000000e+00 1.000000e+00
    outer loop
      vertex   2.113943e+02 -1.516017e+02 2.000000e+00
      vertex   2.119614e+02 -1.526448e+02 2.000000e+00
      vertex   2.118829e+02 -1.523817e+02 2.000000e+00
    endloop
  endfacet
  facet normal 0.000000e+00 0.000000e+00 1.000000e+00
    outer loop
      vertex   2.113943e+02 -1.516017e+02 2.000000e+00
      vertex   2.118829e+02 -1.523817e+02 2.000000e+00
      vertex   2.117620e+02 -1.521198e+02 2.000000e+00
    endloop
  endfacet
  facet normal 0.000000e+00 0.000000e+00 1.000000e+00
    outer loop
      vertex   2.108610e+02 -1.510944e+02 2.000000e+00
      vertex   2.101664e+02 -1.506019e+02 2.000000e+00
      vertex   2.070000e+02 -1.530000e+02 2.000000e+00
    endloop
  endfacet
  facet normal 0.000000e+00 0.000000e+00 1.000000e+00
    outer loop
      vertex   2.070000e+02 -1.530000e+02 2.000000e+00
      vertex   2.101664e+02 -1.506019e+02 2.000000e+00
      vertex   2.093157e+02 -1.501278e+02 2.000000e+00
    endloop
  endfacet
  facet normal 0.000000e+00 0.000000e+00 1.000000e+00
    outer loop
      vertex   2.070000e+02 -1.530000e+02 2.000000e+00
      vertex   2.093157e+02 -1.501278e+02 2.000000e+00
      vertex   2.083156e+02 -1.496761e+02 2.000000e+00
    endloop
  endfacet
  facet normal 0.000000e+00 0.000000e+00 1.000000e+00
    outer loop
      vertex   2.083156e+02 -1.496761e+02 2.000000e+00
      vertex   2.071738e+02 -1.492500e+02 2.000000e+00
      vertex   2.070000e+02 -1.530000e+02 2.000000e+00
    endloop
  endfacet
  facet normal 0.000000e+00 0.000000e+00 1.000000e+00
    outer loop
      vertex   2.045015e+02 -1.484879e+02 2.000000e+00
      vertex   2.029917e+02 -1.481579e+02 2.000000e+00
      vertex   2.050000e+02 -1.530000e+02 2.000000e+00
    endloop
  endfacet
  facet normal 0.000000e+00 0.000000e+00 1.000000e+00
    outer loop
      vertex   1.683287e+02 -1.540332e+02 2.000000e+00
      vertex   1.681998e+02 -1.521932e+02 2.000000e+00
      vertex   1.681830e+02 -1.537723e+02 2.000000e+00
    endloop
  endfacet
  facet normal 0.000000e+00 -0.000000e+00 1.000000e+00
    outer loop
      vertex   1.681830e+02 -1.537723e+02 2.000000e+00
      vertex   1.681998e+02 -1.521932e+02 2.000000e+00
      vertex   1.680908e+02 -1.524554e+02 2.000000e+00
    endloop
  endfacet
  facet normal 0.000000e+00 0.000000e+00 1.000000e+00
    outer loop
      vertex   1.681830e+02 -1.537723e+02 2.000000e+00
      vertex   1.680908e+02 -1.524554e+02 2.000000e+00
      vertex   1.680796e+02 -1.535099e+02 2.000000e+00
    endloop
  endfacet
  facet normal 0.000000e+00 -0.000000e+00 1.000000e+00
    outer loop
      vertex   1.680796e+02 -1.535099e+02 2.000000e+00
      vertex   1.680908e+02 -1.524554e+02 2.000000e+00
      vertex   1.680242e+02 -1.527187e+02 2.000000e+00
    endloop
  endfacet
  facet normal 0.000000e+00 0.000000e+00 1.000000e+00
    outer loop
      vertex   1.680796e+02 -1.535099e+02 2.000000e+00
      vertex   1.680242e+02 -1.527187e+02 2.000000e+00
      vertex   1.680186e+02 -1.532465e+02 2.000000e+00
    endloop
  endfacet
  facet normal 0.000000e+00 -0.000000e+00 1.000000e+00
    outer loop
      vertex   1.680186e+02 -1.532465e+02 2.000000e+00
      vertex   1.680242e+02 -1.527187e+02 2.000000e+00
      vertex   1.680001e+02 -1.529826e+02 2.000000e+00
    endloop
  endfacet
  facet normal 0.000000e+00 -0.000000e+00 1.000000e+00
    outer loop
      vertex   1.663744e+02 -1.503840e+02 2.000000e+00
      vertex   1.668600e+02 -1.499719e+02 2.000000e+00
      vertex   1.350000e+02 -1.250000e+02 2.000000e+00
    endloop
  endfacet
  facet normal 0.000000e+00 0.000000e+00 1.000000e+00
    outer loop
      vertex   1.350000e+02 -1.250000e+02 2.000000e+00
      vertex   1.668600e+02 -1.499719e+02 2.000000e+00
      vertex   1.674157e+02 -1.495691e+02 2.000000e+00
    endloop
  endfacet
  facet normal 0.000000e+00 0.000000e+00 1.000000e+00
    outer loop
      vertex   1.350000e+02 -1.250000e+02 2.000000e+00
      vertex   1.674157e+02 -1.495691e+02 2.000000e+00
      vertex   1.680398e+02 -1.491767e+02 2.000000e+00
    endloop
  endfacet
  facet normal 0.000000e+00 -0.000000e+00 1.000000e+00
    outer loop
      vertex   1.680398e+02 -1.491767e+02 2.000000e+00
      vertex   1.687305e+02 -1.487958e+02 2.000000e+00
      vertex   1.350000e+02 -1.250000e+02 2.000000e+00
    endloop
  endfacet
  facet normal 0.000000e+00 0.000000e+00 1.000000e+00
    outer loop
      vertex   1.350000e+02 -1.250000e+02 2.000000e+00
      vertex   1.687305e+02 -1.487958e+02 2.000000e+00
      vertex   1.694856e+02 -1.484277e+02 2.000000e+00
    endloop
  endfacet
  facet normal 0.000000e+00 0.000000e+00 1.000000e+00
    outer loop
      vertex   1.350000e+02 -1.250000e+02 2.000000e+00
      vertex   1.694856e+02 -1.484277e+02 2.000000e+00
      vertex   1.703028e+02 -1.480734e+02 2.000000e+00
    endloop
  endfacet
  facet normal 0.000000e+00 -0.000000e+00 1.000000e+00
    outer loop
      vertex   1.703028e+02 -1.480734e+02 2.000000e+00
      vertex   1.711798e+02 -1.477341e+02 2.000000e+00
      vertex   1.350000e+02 -1.250000e+02 2.000000e+00
    endloop
  endfacet
  facet normal 0.000000e+00 0.000000e+00 1.000000e+00
    outer loop
      vertex   1.350000e+02 -1.250000e+02 2.000000e+00
      vertex   1.711798e+02 -1.477341e+02 2.000000e+00
      vertex   1.721137e+02 -1.474107e+02 2.000000e+00
    endloop
  endfacet
  facet normal 0.000000e+00 0.000000e+00 1.000000e+00
    outer loop
      vertex   1.350000e+02 -1.250000e+02 2.000000e+00
      vertex   1.721137e+02 -1.474107e+02 2.000000e+00
      vertex   1.731018e+02 -1.471042e+02 2.000000e+00
    endloop
  endfacet
  facet normal 0.000000e+00 -0.000000e+00 1.000000e+00
    outer loop
      vertex   1.731018e+02 -1.471042e+02 2.000000e+00
      vertex   1.741412e+02 -1.468156e+02 2.000000e+00
      vertex   1.350000e+02 -1.250000e+02 2.000000e+00
    endloop
  endfacet
  facet normal 0.000000e+00 0.000000e+00 1.000000e+00
    outer loop
      vertex   1.350000e+02 -1.250000e+02 2.000000e+00
      vertex   1.741412e+02 -1.468156e+02 2.000000e+00
      vertex   1.752285e+02 -1.465458e+02 2.000000e+00
    endloop
  endfacet
  facet normal 0.000000e+00 0.000000e+00 1.000000e+00
    outer loop
      vertex   1.350000e+02 -1.250000e+02 2.000000e+00
      vertex   1.752285e+02 -1.465458e+02 2.000000e+00
      vertex   1.763607e+02 -1.462955e+02 2.000000e+00
    endloop
  endfacet
  facet normal 0.000000e+00 -0.000000e+00 1.000000e+00
    outer loop
      vertex   1.763607e+02 -1.462955e+02 2.000000e+00
      vertex   1.787453e+02 -1.458565e+02 2.000000e+00
      vertex   1.350000e+02 -1.250000e+02 2.000000e+00
    endloop
  endfacet
  facet normal 0.000000e+00 0.000000e+00 1.000000e+00
    outer loop
      vertex   1.350000e+02 -1.250000e+02 2.000000e+00
      vertex   1.787453e+02 -1.458565e+02 2.000000e+00
      vertex   1.812663e+02 -1.455040e+02 2.000000e+00
    endloop
  endfacet
  facet normal 0.000000e+00 0.000000e+00 1.000000e+00
    outer loop
      vertex   1.865937e+02 -1.450746e+02 2.000000e+00
      vertex   1.893356e+02 -1.450028e+02 2.000000e+00
      vertex   2.150000e+02 -1.250000e+02 2.000000e+00
    endloop
  endfacet
  facet normal 0.000000e+00 0.000000e+00 1.000000e+00
    outer loop
      vertex   2.150000e+02 -1.250000e+02 2.000000e+00
      vertex   1.893356e+02 -1.450028e+02 2.000000e+00
      vertex   1.920855e+02 -1.450279e+02 2.000000e+00
    endloop
  endfacet
  facet normal 0.000000e+00 0.000000e+00 1.000000e+00
    outer loop
      vertex   2.150000e+02 -1.250000e+02 2.000000e+00
      vertex   1.920855e+02 -1.450279e+02 2.000000e+00
      vertex   1.948102e+02 -1.451495e+02 2.000000e+00
    endloop
  endfacet
  facet normal -0.000000e+00 0.000000e+00 1.000000e+00
    outer loop
      vertex   1.948102e+02 -1.451495e+02 2.000000e+00
      vertex   1.974767e+02 -1.453661e+02 2.000000e+00
      vertex   2.150000e+02 -1.250000e+02 2.000000e+00
    endloop
  endfacet
  facet normal 0.000000e+00 0.000000e+00 1.000000e+00
    outer loop
      vertex   2.150000e+02 -1.250000e+02 2.000000e+00
      vertex   1.974767e+02 -1.453661e+02 2.000000e+00
      vertex   2.000526e+02 -1.456752e+02 2.000000e+00
    endloop
  endfacet
  facet normal 0.000000e+00 0.000000e+00 1.000000e+00
    outer loop
      vertex   2.150000e+02 -1.250000e+02 2.000000e+00
      vertex   2.000526e+02 -1.456752e+02 2.000000e+00
      vertex   2.025068e+02 -1.460730e+02 2.000000e+00
    endloop
  endfacet
  facet normal -0.000000e+00 0.000000e+00 1.000000e+00
    outer loop
      vertex   2.025068e+02 -1.460730e+02 2.000000e+00
      vertex   2.036789e+02 -1.463037e+02 2.000000e+00
      vertex   2.150000e+02 -1.250000e+02 2.000000e+00
    endloop
  endfacet
  facet normal 0.000000e+00 0.000000e+00 1.000000e+00
    outer loop
      vertex   2.150000e+02 -1.250000e+02 2.000000e+00
      vertex   2.036789e+02 -1.463037e+02 2.000000e+00
      vertex   2.048095e+02 -1.465547e+02 2.000000e+00
    endloop
  endfacet
  facet normal 0.000000e+00 0.000000e+00 1.000000e+00
    outer loop
      vertex   2.150000e+02 -1.250000e+02 2.000000e+00
      vertex   2.048095e+02 -1.465547e+02 2.000000e+00
      vertex   2.058953e+02 -1.468252e+02 2.000000e+00
    endloop
  endfacet
  facet normal -0.000000e+00 0.000000e+00 1.000000e+00
    outer loop
      vertex   2.058953e+02 -1.468252e+02 2.000000e+00
      vertex   2.069329e+02 -1.471144e+02 2.000000e+00
      vertex   2.150000e+02 -1.250000e+02 2.000000e+00
    endloop
  endfacet
  facet normal 0.000000e+00 0.000000e+00 1.000000e+00
    outer loop
      vertex   2.150000e+02 -1.250000e+02 2.000000e+00
      vertex   2.069329e+02 -1.471144e+02 2.000000e+00
      vertex   2.079193e+02 -1.474215e+02 2.000000e+00
    endloop
  endfacet
  facet normal 0.000000e+00 0.000000e+00 1.000000e+00
    outer loop
      vertex   2.150000e+02 -1.250000e+02 2.000000e+00
      vertex   2.079193e+02 -1.474215e+02 2.000000e+00
      vertex   2.088513e+02 -1.477454e+02 2.000000e+00
    endloop
  endfacet
  facet normal -0.000000e+00 0.000000e+00 1.000000e+00
    outer loop
      vertex   2.097262e+02 -1.480853e+02 2.000000e+00
      vertex   2.105414e+02 -1.484401e+02 2.000000e+00
      vertex   2.250000e+02 -1.350000e+02 2.000000e+00
    endloop
  endfacet
  facet normal 0.000000e+00 0.000000e+00 1.000000e+00
    outer loop
      vertex   2.250000e+02 -1.350000e+02 2.000000e+00
      vertex   2.105414e+02 -1.484401e+02 2.000000e+00
      vertex   2.112943e+02 -1.488087e+02 2.000000e+00
    endloop
  endfacet
  facet normal 0.000000e+00 0.000000e+00 1.000000e+00
    outer loop
      vertex   2.250000e+02 -1.350000e+02 2.000000e+00
      vertex   2.112943e+02 -1.488087e+02 2.000000e+00
      vertex   2.119827e+02 -1.491899e+02 2.000000e+00
    endloop
  endfacet
  facet normal -0.000000e+00 0.000000e+00 1.000000e+00
    outer loop
      vertex   2.119827e+02 -1.491899e+02 2.000000e+00
      vertex   2.126045e+02 -1.495828e+02 2.000000e+00
      vertex   2.250000e+02 -1.350000e+02 2.000000e+00
    endloop
  endfacet
  facet normal 0.000000e+00 0.000000e+00 1.000000e+00
    outer loop
      vertex   2.250000e+02 -1.350000e+02 2.000000e+00
      vertex   2.126045e+02 -1.495828e+02 2.000000e+00
      vertex   2.131578e+02 -1.499859e+02 2.000000e+00
    endloop
  endfacet
  facet normal 0.000000e+00 0.000000e+00 1.000000e+00
    outer loop
      vertex   2.250000e+02 -1.350000e+02 2.000000e+00
      vertex   2.131578e+02 -1.499859e+02 2.000000e+00
      vertex   2.136410e+02 -1.503982e+02 2.000000e+00
    endloop
  endfacet
  facet normal -0.000000e+00 0.000000e+00 1.000000e+00
    outer loop
      vertex   2.136410e+02 -1.503982e+02 2.000000e+00
      vertex   2.140525e+02 -1.508184e+02 2.000000e+00
      vertex   2.250000e+02 -1.350000e+02 2.000000e+00
    endloop
  endfacet
  facet normal 0.000000e+00 0.000000e+00 1.000000e+00
    outer loop
      vertex   2.250000e+02 -1.350000e+02 2.000000e+00
      vertex   2.140525e+02 -1.508184e+02 2.000000e+00
      vertex   2.143912e+02 -1.512452e+02 2.000000e+00
    endloop
  endfacet
  facet normal 0.000000e+00 0.000000e+00 1.000000e+00
    outer loop
      vertex   2.250000e+02 -1.350000e+02 2.000000e+00
      vertex   2.143912e+02 -1.512452e+02 2.000000e+00
      vertex   2.146560e+02 -1.516773e+02 2.000000e+00
    endloop
  endfacet
  facet normal -0.000000e+00 0.000000e+00 1.000000e+00
    outer loop
      vertex   2.146560e+02 -1.516773e+02 2.000000e+00
      vertex   2.148460e+02 -1.521134e+02 2.000000e+00
      vertex   2.250000e+02 -1.350000e+02 2.000000e+00
    endloop
  endfacet
  facet normal 0.000000e+00 0.000000e+00 1.000000e+00
    outer loop
      vertex   2.250000e+02 -1.350000e+02 2.000000e+00
      vertex   2.148460e+02 -1.521134e+02 2.000000e+00
      vertex   2.149608e+02 -1.525522e+02 2.000000e+00
    endloop
  endfacet
  facet normal 0.000000e+00 0.000000e+00 1.000000e+00
    outer loop
      vertex   2.250000e+02 -1.350000e+02 2.000000e+00
      vertex   2.149608e+02 -1.525522e+02 2.000000e+00
      vertex   2.150000e+02 -1.529924e+02 2.000000e+00
    endloop
  endfacet
  facet normal -0.000000e+00 0.000000e+00 1.000000e+00
    outer loop
      vertex   2.150000e+02 -1.529924e+02 2.000000e+00
      vertex   2.149634e+02 -1.534326e+02 2.000000e+00
      vertex   2.250000e+02 -1.350000e+02 2.000000e+00
    endloop
  endfacet
  facet normal 0.000000e+00 0.000000e+00 1.000000e+00
    outer loop
      vertex   2.250000e+02 -1.350000e+02 2.000000e+00
      vertex   2.149634e+02 -1.534326e+02 2.000000e+00
      vertex   2.149712e+02 -1.586157e+02 2.000000e+00
    endloop
  endfacet
  facet normal 0.000000e+00 0.000000e+00 1.000000e+00
    outer loop
      vertex   2.250000e+02 -1.350000e+02 2.000000e+00
      vertex   2.149712e+02 -1.586157e+02 2.000000e+00
      vertex   2.150000e+02 -1.590000e+02 2.000000e+00
    endloop
  endfacet
  facet normal 0.000000e+00 0.000000e+00 1.000000e+00
    outer loop
      vertex   2.149712e+02 -1.586157e+02 2.000000e+00
      vertex   2.149634e+02 -1.534326e+02 2.000000e+00
      vertex   2.148847e+02 -1.582324e+02 2.000000e+00
    endloop
  endfacet
  facet normal 0.000000e+00 -0.000000e+00 1.000000e+00
    outer loop
      vertex   2.148847e+02 -1.582324e+02 2.000000e+00
      vertex   2.149634e+02 -1.534326e+02 2.000000e+00
      vertex   2.148512e+02 -1.538715e+02 2.000000e+00
    endloop
  endfacet
  facet normal 0.000000e+00 0.000000e+00 1.000000e+00
    outer loop
      vertex   2.148847e+02 -1.582324e+02 2.000000e+00
      vertex   2.148512e+02 -1.538715e+02 2.000000e+00
      vertex   2.147407e+02 -1.578508e+02 2.000000e+00
    endloop
  endfacet
  facet normal 0.000000e+00 -0.000000e+00 1.000000e+00
    outer loop
      vertex   2.147407e+02 -1.578508e+02 2.000000e+00
      vertex   2.148512e+02 -1.538715e+02 2.000000e+00
      vertex   2.146637e+02 -1.543077e+02 2.000000e+00
    endloop
  endfacet
  facet normal 0.000000e+00 0.000000e+00 1.000000e+00
    outer loop
      vertex   2.147407e+02 -1.578508e+02 2.000000e+00
      vertex   2.146637e+02 -1.543077e+02 2.000000e+00
      vertex   2.145397e+02 -1.574719e+02 2.000000e+00
    endloop
  endfacet
  facet normal 0.000000e+00 -0.000000e+00 1.000000e+00
    outer loop
      vertex   2.145397e+02 -1.574719e+02 2.000000e+00
      vertex   2.146637e+02 -1.543077e+02 2.000000e+00
      vertex   2.144015e+02 -1.547400e+02 2.000000e+00
    endloop
  endfacet
  facet normal 0.000000e+00 0.000000e+00 1.000000e+00
    outer loop
      vertex   2.145397e+02 -1.574719e+02 2.000000e+00
      vertex   2.144015e+02 -1.547400e+02 2.000000e+00
      vertex   2.142820e+02 -1.570964e+02 2.000000e+00
    endloop
  endfacet
  facet normal 0.000000e+00 -0.000000e+00 1.000000e+00
    outer loop
      vertex   2.142820e+02 -1.570964e+02 2.000000e+00
      vertex   2.144015e+02 -1.547400e+02 2.000000e+00
      vertex   2.140654e+02 -1.551670e+02 2.000000e+00
    endloop
  endfacet
  facet normal 0.000000e+00 0.000000e+00 1.000000e+00
    outer loop
      vertex   2.142820e+02 -1.570964e+02 2.000000e+00
      vertex   2.140654e+02 -1.551670e+02 2.000000e+00
      vertex   2.139682e+02 -1.567254e+02 2.000000e+00
    endloop
  endfacet
  facet normal 0.000000e+00 -0.000000e+00 1.000000e+00
    outer loop
      vertex   2.139682e+02 -1.567254e+02 2.000000e+00
      vertex   2.140654e+02 -1.551670e+02 2.000000e+00
      vertex   2.136563e+02 -1.555874e+02 2.000000e+00
    endloop
  endfacet
  facet normal 0.000000e+00 0.000000e+00 1.000000e+00
    outer loop
      vertex   2.139682e+02 -1.567254e+02 2.000000e+00
      vertex   2.136563e+02 -1.555874e+02 2.000000e+00
      vertex   2.135992e+02 -1.563597e+02 2.000000e+00
    endloop
  endfacet
  facet normal 0.000000e+00 -0.000000e+00 1.000000e+00
    outer loop
      vertex   2.135992e+02 -1.563597e+02 2.000000e+00
      vertex   2.136563e+02 -1.555874e+02 2.000000e+00
      vertex   2.131756e+02 -1.560000e+02 2.000000e+00
    endloop
  endfacet
  facet normal 0.000000e+00 0.000000e+00 1.000000e+00
    outer loop
      vertex   2.250000e+02 -1.350000e+02 2.000000e+00
      vertex   2.150000e+02 -1.590000e+02 2.000000e+00
      vertex   2.150000e+02 -1.650000e+02 2.000000e+00
    endloop
  endfacet
  facet normal 0.000000e+00 -0.000000e+00 1.000000e+00
    outer loop
      vertex   2.150000e+02 -1.650000e+02 2.000000e+00
      vertex   2.150000e+02 -1.590000e+02 2.000000e+00
      vertex   2.149712e+02 -1.593842e+02 2.000000e+00
    endloop
  endfacet
  facet normal 0.000000e+00 0.000000e+00 1.000000e+00
    outer loop
      vertex   2.150000e+02 -1.650000e+02 2.000000e+00
      vertex   2.149712e+02 -1.593842e+02 2.000000e+00
      vertex   2.149711e+02 -1.646158e+02 2.000000e+00
    endloop
  endfacet
  facet normal 0.000000e+00 -0.000000e+00 1.000000e+00
    outer loop
      vertex   2.149711e+02 -1.646158e+02 2.000000e+00
      vertex   2.149712e+02 -1.593842e+02 2.000000e+00
      vertex   2.148847e+02 -1.597676e+02 2.000000e+00
    endloop
  endfacet
  facet normal 0.000000e+00 0.000000e+00 1.000000e+00
    outer loop
      vertex   2.149711e+02 -1.646158e+02 2.000000e+00
      vertex   2.148847e+02 -1.597676e+02 2.000000e+00
      vertex   2.148847e+02 -1.642324e+02 2.000000e+00
    endloop
  endfacet
  facet normal 0.000000e+00 -0.000000e+00 1.000000e+00
    outer loop
      vertex   2.148847e+02 -1.642324e+02 2.000000e+00
      vertex   2.148847e+02 -1.597676e+02 2.000000e+00
      vertex   2.147407e+02 -1.601492e+02 2.000000e+00
    endloop
  endfacet
  facet normal 0.000000e+00 0.000000e+00 1.000000e+00
    outer loop
      vertex   2.148847e+02 -1.642324e+02 2.000000e+00
      vertex   2.147407e+02 -1.601492e+02 2.000000e+00
      vertex   2.147407e+02 -1.638508e+02 2.000000e+00
    endloop
  endfacet
  facet normal 0.000000e+00 -0.000000e+00 1.000000e+00
    outer loop
      vertex   2.147407e+02 -1.638508e+02 2.000000e+00
      vertex   2.147407e+02 -1.601492e+02 2.000000e+00
      vertex   2.145397e+02 -1.605281e+02 2.000000e+00
    endloop
  endfacet
  facet normal 0.000000e+00 0.000000e+00 1.000000e+00
    outer loop
      vertex   2.147407e+02 -1.638508e+02 2.000000e+00
      vertex   2.145397e+02 -1.605281e+02 2.000000e+00
      vertex   2.145397e+02 -1.634719e+02 2.000000e+00
    endloop
  endfacet
  facet normal 0.000000e+00 -0.000000e+00 1.000000e+00
    outer loop
      vertex   2.145397e+02 -1.634719e+02 2.000000e+00
      vertex   2.145397e+02 -1.605281e+02 2.000000e+00
      vertex   2.142820e+02 -1.609035e+02 2.000000e+00
    endloop
  endfacet
  facet normal 0.000000e+00 0.000000e+00 1.000000e+00
    outer loop
      vertex   2.145397e+02 -1.634719e+02 2.000000e+00
      vertex   2.142820e+02 -1.609035e+02 2.000000e+00
      vertex   2.142820e+02 -1.630965e+02 2.000000e+00
    endloop
  endfacet
  facet normal 0.000000e+00 -0.000000e+00 1.000000e+00
    outer loop
      vertex   2.142820e+02 -1.630965e+02 2.000000e+00
      vertex   2.142820e+02 -1.609035e+02 2.000000e+00
      vertex   2.139682e+02 -1.612746e+02 2.000000e+00
    endloop
  endfacet
  facet normal 0.000000e+00 0.000000e+00 1.000000e+00
    outer loop
      vertex   2.142820e+02 -1.630965e+02 2.000000e+00
      vertex   2.139682e+02 -1.612746e+02 2.000000e+00
      vertex   2.139682e+02 -1.627254e+02 2.000000e+00
    endloop
  endfacet
  facet normal 0.000000e+00 -0.000000e+00 1.000000e+00
    outer loop
      vertex   2.139682e+02 -1.627254e+02 2.000000e+00
      vertex   2.139682e+02 -1.612746e+02 2.000000e+00
      vertex   2.135992e+02 -1.616403e+02 2.000000e+00
    endloop
  endfacet
  facet normal 0.000000e+00 0.000000e+00 1.000000e+00
    outer loop
      vertex   2.139682e+02 -1.627254e+02 2.000000e+00
      vertex   2.135992e+02 -1.616403e+02 2.000000e+00
      vertex   2.135992e+02 -1.623597e+02 2.000000e+00
    endloop
  endfacet
  facet normal 0.000000e+00 -0.000000e+00 1.000000e+00
    outer loop
      vertex   2.135992e+02 -1.623597e+02 2.000000e+00
      vertex   2.135992e+02 -1.616403e+02 2.000000e+00
      vertex   2.131756e+02 -1.620000e+02 2.000000e+00
    endloop
  endfacet
  facet normal -0.000000e+00 0.000000e+00 1.000000e+00
    outer loop
      vertex   2.149711e+02 -1.653843e+02 2.000000e+00
      vertex   2.149711e+02 -1.706158e+02 2.000000e+00
      vertex   2.150000e+02 -1.650000e+02 2.000000e+00
    endloop
  endfacet
  facet normal 0.000000e+00 0.000000e+00 1.000000e+00
    outer loop
      vertex   2.150000e+02 -1.650000e+02 2.000000e+00
      vertex   2.149711e+02 -1.706158e+02 2.000000e+00
      vertex   2.150000e+02 -1.710000e+02 2.000000e+00
    endloop
  endfacet
  facet normal -0.000000e+00 0.000000e+00 1.000000e+00
    outer loop
      vertex   2.150000e+02 -1.650000e+02 2.000000e+00
      vertex   2.150000e+02 -1.710000e+02 2.000000e+00
      vertex   2.250000e+02 -1.350000e+02 2.000000e+00
    endloop
  endfacet
  facet normal 0.000000e+00 0.000000e+00 1.000000e+00
    outer loop
      vertex   2.250000e+02 -1.350000e+02 2.000000e+00
      vertex   2.150000e+02 -1.710000e+02 2.000000e+00
      vertex   2.150000e+02 -1.770000e+02 2.000000e+00
    endloop
  endfacet
  facet normal 0.000000e+00 -0.000000e+00 1.000000e+00
    outer loop
      vertex   2.149711e+02 -1.706158e+02 2.000000e+00
      vertex   2.149711e+02 -1.653843e+02 2.000000e+00
      vertex   2.148847e+02 -1.702324e+02 2.000000e+00
    endloop
  endfacet
  facet normal 0.000000e+00 0.000000e+00 1.000000e+00
    outer loop
      vertex   2.148847e+02 -1.702324e+02 2.000000e+00
      vertex   2.149711e+02 -1.653843e+02 2.000000e+00
      vertex   2.148847e+02 -1.657676e+02 2.000000e+00
    endloop
  endfacet
  facet normal 0.000000e+00 -0.000000e+00 1.000000e+00
    outer loop
      vertex   2.148847e+02 -1.702324e+02 2.000000e+00
      vertex   2.148847e+02 -1.657676e+02 2.000000e+00
      vertex   2.147407e+02 -1.698508e+02 2.000000e+00
    endloop
  endfacet
  facet normal 0.000000e+00 0.000000e+00 1.000000e+00
    outer loop
      vertex   2.147407e+02 -1.698508e+02 2.000000e+00
      vertex   2.148847e+02 -1.657676e+02 2.000000e+00
      vertex   2.147407e+02 -1.661492e+02 2.000000e+00
    endloop
  endfacet
  facet normal 0.000000e+00 -0.000000e+00 1.000000e+00
    outer loop
      vertex   2.147407e+02 -1.698508e+02 2.000000e+00
      vertex   2.147407e+02 -1.661492e+02 2.000000e+00
      vertex   2.145397e+02 -1.694719e+02 2.000000e+00
    endloop
  endfacet
  facet normal 0.000000e+00 0.000000e+00 1.000000e+00
    outer loop
      vertex   2.145397e+02 -1.694719e+02 2.000000e+00
      vertex   2.147407e+02 -1.661492e+02 2.000000e+00
      vertex   2.145397e+02 -1.665281e+02 2.000000e+00
    endloop
  endfacet
  facet normal 0.000000e+00 -0.000000e+00 1.000000e+00
    outer loop
      vertex   2.145397e+02 -1.694719e+02 2.000000e+00
      vertex   2.145397e+02 -1.665281e+02 2.000000e+00
      vertex   2.142820e+02 -1.690965e+02 2.000000e+00
    endloop
  endfacet
  facet normal 0.000000e+00 -0.000000e+00 1.000000e+00
    outer loop
      vertex   2.142820e+02 -1.690965e+02 2.000000e+00
      vertex   2.145397e+02 -1.665281e+02 2.000000e+00
      vertex   2.142820e+02 -1.669036e+02 2.000000e+00
    endloop
  endfacet
  facet normal 0.000000e+00 0.000000e+00 1.000000e+00
    outer loop
      vertex   2.142820e+02 -1.690965e+02 2.000000e+00
      vertex   2.142820e+02 -1.669036e+02 2.000000e+00
      vertex   2.139682e+02 -1.687254e+02 2.000000e+00
    endloop
  endfacet
  facet normal 0.000000e+00 -0.000000e+00 1.000000e+00
    outer loop
      vertex   2.139682e+02 -1.687254e+02 2.000000e+00
      vertex   2.142820e+02 -1.669036e+02 2.000000e+00
      vertex   2.139682e+02 -1.672746e+02 2.000000e+00
    endloop
  endfacet
  facet normal 0.000000e+00 0.000000e+00 1.000000e+00
    outer loop
      vertex   2.139682e+02 -1.687254e+02 2.000000e+00
      vertex   2.139682e+02 -1.672746e+02 2.000000e+00
      vertex   2.135992e+02 -1.683597e+02 2.000000e+00
    endloop
  endfacet
  facet normal 0.000000e+00 -0.000000e+00 1.000000e+00
    outer loop
      vertex   2.135992e+02 -1.683597e+02 2.000000e+00
      vertex   2.139682e+02 -1.672746e+02 2.000000e+00
      vertex   2.135992e+02 -1.676403e+02 2.000000e+00
    endloop
  endfacet
  facet normal 0.000000e+00 0.000000e+00 1.000000e+00
    outer loop
      vertex   2.135992e+02 -1.683597e+02 2.000000e+00
      vertex   2.135992e+02 -1.676403e+02 2.000000e+00
      vertex   2.131756e+02 -1.680000e+02 2.000000e+00
    endloop
  endfacet
  facet normal 0.000000e+00 -0.000000e+00 1.000000e+00
    outer loop
      vertex   2.150000e+02 -1.770000e+02 2.000000e+00
      vertex   2.150000e+02 -1.710000e+02 2.000000e+00
      vertex   2.149711e+02 -1.766158e+02 2.000000e+00
    endloop
  endfacet
  facet normal 0.000000e+00 0.000000e+00 1.000000e+00
    outer loop
      vertex   2.149711e+02 -1.766158e+02 2.000000e+00
      vertex   2.150000e+02 -1.710000e+02 2.000000e+00
      vertex   2.149711e+02 -1.713843e+02 2.000000e+00
    endloop
  endfacet
  facet normal 0.000000e+00 -0.000000e+00 1.000000e+00
    outer loop
      vertex   2.149711e+02 -1.766158e+02 2.000000e+00
      vertex   2.149711e+02 -1.713843e+02 2.000000e+00
      vertex   2.148847e+02 -1.762324e+02 2.000000e+00
    endloop
  endfacet
  facet normal 0.000000e+00 0.000000e+00 1.000000e+00
    outer loop
      vertex   2.148847e+02 -1.762324e+02 2.000000e+00
      vertex   2.149711e+02 -1.713843e+02 2.000000e+00
      vertex   2.148847e+02 -1.717676e+02 2.000000e+00
    endloop
  endfacet
  facet normal 0.000000e+00 -0.000000e+00 1.000000e+00
    outer loop
      vertex   2.148847e+02 -1.762324e+02 2.000000e+00
      vertex   2.148847e+02 -1.717676e+02 2.000000e+00
      vertex   2.147407e+02 -1.758508e+02 2.000000e+00
    endloop
  endfacet
  facet normal 0.000000e+00 0.000000e+00 1.000000e+00
    outer loop
      vertex   2.147407e+02 -1.758508e+02 2.000000e+00
      vertex   2.148847e+02 -1.717676e+02 2.000000e+00
      vertex   2.147407e+02 -1.721492e+02 2.000000e+00
    endloop
  endfacet
  facet normal 0.000000e+00 -0.000000e+00 1.000000e+00
    outer loop
      vertex   2.147407e+02 -1.758508e+02 2.000000e+00
      vertex   2.147407e+02 -1.721492e+02 2.000000e+00
      vertex   2.145397e+02 -1.754719e+02 2.000000e+00
    endloop
  endfacet
  facet normal 0.000000e+00 -0.000000e+00 1.000000e+00
    outer loop
      vertex   2.145397e+02 -1.754719e+02 2.000000e+00
      vertex   2.147407e+02 -1.721492e+02 2.000000e+00
      vertex   2.145397e+02 -1.725281e+02 2.000000e+00
    endloop
  endfacet
  facet normal 0.000000e+00 0.000000e+00 1.000000e+00
    outer loop
      vertex   2.145397e+02 -1.754719e+02 2.000000e+00
      vertex   2.145397e+02 -1.725281e+02 2.000000e+00
      vertex   2.142820e+02 -1.750965e+02 2.000000e+00
    endloop
  endfacet
  facet normal 0.000000e+00 -0.000000e+00 1.000000e+00
    outer loop
      vertex   2.142820e+02 -1.750965e+02 2.000000e+00
      vertex   2.145397e+02 -1.725281e+02 2.000000e+00
      vertex   2.142820e+02 -1.729036e+02 2.000000e+00
    endloop
  endfacet
  facet normal 0.000000e+00 0.000000e+00 1.000000e+00
    outer loop
      vertex   2.142820e+02 -1.750965e+02 2.000000e+00
      vertex   2.142820e+02 -1.729036e+02 2.000000e+00
      vertex   2.139682e+02 -1.747254e+02 2.000000e+00
    endloop
  endfacet
  facet normal 0.000000e+00 -0.000000e+00 1.000000e+00
    outer loop
      vertex   2.139682e+02 -1.747254e+02 2.000000e+00
      vertex   2.142820e+02 -1.729036e+02 2.000000e+00
      vertex   2.139682e+02 -1.732746e+02 2.000000e+00
    endloop
  endfacet
  facet normal 0.000000e+00 0.000000e+00 1.000000e+00
    outer loop
      vertex   2.139682e+02 -1.747254e+02 2.000000e+00
      vertex   2.139682e+02 -1.732746e+02 2.000000e+00
      vertex   2.135992e+02 -1.743597e+02 2.000000e+00
    endloop
  endfacet
  facet normal 0.000000e+00 -0.000000e+00 1.000000e+00
    outer loop
      vertex   2.135992e+02 -1.743597e+02 2.000000e+00
      vertex   2.139682e+02 -1.732746e+02 2.000000e+00
      vertex   2.135992e+02 -1.736403e+02 2.000000e+00
    endloop
  endfacet
  facet normal 0.000000e+00 0.000000e+00 1.000000e+00
    outer loop
      vertex   2.135992e+02 -1.743597e+02 2.000000e+00
      vertex   2.135992e+02 -1.736403e+02 2.000000e+00
      vertex   2.131756e+02 -1.740000e+02 2.000000e+00
    endloop
  endfacet
  facet normal 0.000000e+00 1.000000e+00 -0.000000e+00
    outer loop
      vertex   2.150000e+02 -1.250000e+02 0.000000e+00
      vertex   1.350000e+02 -1.250000e+02 0.000000e+00
      vertex   2.150000e+02 -1.250000e+02 2.000000e+00
    endloop
  endfacet
  facet normal 0.000000e+00 1.000000e+00 0.000000e+00
    outer loop
      vertex   2.150000e+02 -1.250000e+02 2.000000e+00
      vertex   1.350000e+02 -1.250000e+02 0.000000e+00
      vertex   1.350000e+02 -1.250000e+02 2.000000e+00
    endloop
  endfacet
  facet normal 9.978589e-01 6.540313e-02 0.000000e+00
    outer loop
      vertex   2.250000e+02 -1.350000e+02 2.000000e+00
      vertex   2.250000e+02 -1.350000e+02 0.000000e+00
      vertex   2.249144e+02 -1.336947e+02 2.000000e+00
    endloop
  endfacet
  facet normal 9.978589e-01 6.540313e-02 0.000000e+00
    outer loop
      vertex   2.249144e+02 -1.336947e+02 2.000000e+00
      vertex   2.250000e+02 -1.350000e+02 0.000000e+00
      vertex   2.249144e+02 -1.336947e+02 0.000000e+00
    endloop
  endfacet
  facet normal 9.807853e-01 1.950903e-01 0.000000e+00
    outer loop
      vertex   2.249144e+02 -1.336947e+02 2.000000e+00
      vertex   2.249144e+02 -1.336947e+02 0.000000e+00
      vertex   2.246593e+02 -1.324118e+02 2.000000e+00
    endloop
  endfacet
  facet normal 9.807853e-01 1.950903e-01 0.000000e+00
    outer loop
      vertex   2.246593e+02 -1.324118e+02 2.000000e+00
      vertex   2.249144e+02 -1.336947e+02 0.000000e+00
      vertex   2.246593e+02 -1.324118e+02 0.000000e+00
    endloop
  endfacet
  facet normal 9.469301e-01 3.214395e-01 0.000000e+00
    outer loop
      vertex   2.246593e+02 -1.324118e+02 2.000000e+00
      vertex   2.246593e+02 -1.324118e+02 0.000000e+00
      vertex   2.242388e+02 -1.311732e+02 2.000000e+00
    endloop
  endfacet
  facet normal 9.469301e-01 3.214395e-01 0.000000e+00
    outer loop
      vertex   2.242388e+02 -1.311732e+02 2.000000e+00
      vertex   2.246593e+02 -1.324118e+02 0.000000e+00
      vertex   2.242388e+02 -1.311732e+02 0.000000e+00
    endloop
  endfacet
  facet normal 8.968727e-01 4.422887e-01 0.000000e+00
    outer loop
      vertex   2.242388e+02 -1.311732e+02 2.000000e+00
      vertex   2.242388e+02 -1.311732e+02 0.000000e+00
      vertex   2.236603e+02 -1.300000e+02 2.000000e+00
    endloop
  endfacet
  facet normal 8.968727e-01 4.422887e-01 0.000000e+00
    outer loop
      vertex   2.236603e+02 -1.300000e+02 2.000000e+00
      vertex   2.242388e+02 -1.311732e+02 0.000000e+00
      vertex   2.236603e+02 -1.300000e+02 0.000000e+00
    endloop
  endfacet
  facet normal 8.314696e-01 5.555702e-01 0.000000e+00
    outer loop
      vertex   2.236603e+02 -1.300000e+02 2.000000e+00
      vertex   2.236603e+02 -1.300000e+02 0.000000e+00
      vertex   2.229335e+02 -1.289124e+02 2.000000e+00
    endloop
  endfacet
  facet normal 8.314696e-01 5.555702e-01 0.000000e+00
    outer loop
      vertex   2.229335e+02 -1.289124e+02 2.000000e+00
      vertex   2.236603e+02 -1.300000e+02 0.000000e+00
      vertex   2.229335e+02 -1.289124e+02 0.000000e+00
    endloop
  endfacet
  facet normal 7.518398e-01 6.593458e-01 0.000000e+00
    outer loop
      vertex   2.229335e+02 -1.289124e+02 2.000000e+00
      vertex   2.229335e+02 -1.289124e+02 0.000000e+00
      vertex   2.220711e+02 -1.279289e+02 2.000000e+00
    endloop
  endfacet
  facet normal 7.518398e-01 6.593458e-01 0.000000e+00
    outer loop
      vertex   2.220711e+02 -1.279289e+02 2.000000e+00
      vertex   2.229335e+02 -1.289124e+02 0.000000e+00
      vertex   2.220711e+02 -1.279289e+02 0.000000e+00
    endloop
  endfacet
  facet normal 6.593458e-01 7.518398e-01 0.000000e+00
    outer loop
      vertex   2.220711e+02 -1.279289e+02 2.000000e+00
      vertex   2.220711e+02 -1.279289e+02 0.000000e+00
      vertex   2.210876e+02 -1.270665e+02 2.000000e+00
    endloop
  endfacet
  facet normal 6.593458e-01 7.518398e-01 0.000000e+00
    outer loop
      vertex   2.210876e+02 -1.270665e+02 2.000000e+00
      vertex   2.220711e+02 -1.279289e+02 0.000000e+00
      vertex   2.210876e+02 -1.270665e+02 0.000000e+00
    endloop
  endfacet
  facet normal 5.555702e-01 8.314696e-01 0.000000e+00
    outer loop
      vertex   2.210876e+02 -1.270665e+02 2.000000e+00
      vertex   2.210876e+02 -1.270665e+02 0.000000e+00
      vertex   2.200000e+02 -1.263397e+02 2.000000e+00
    endloop
  endfacet
  facet normal 5.555702e-01 8.314696e-01 0.000000e+00
    outer loop
      vertex   2.200000e+02 -1.263397e+02 2.000000e+00
      vertex   2.210876e+02 -1.270665e+02 0.000000e+00
      vertex   2.200000e+02 -1.263397e+02 0.000000e+00
    endloop
  endfacet
  facet normal 4.422887e-01 8.968727e-01 0.000000e+00
    outer loop
      vertex   2.200000e+02 -1.263397e+02 2.000000e+00
      vertex   2.200000e+02 -1.263397e+02 0.000000e+00
      vertex   2.188268e+02 -1.257612e+02 2.000000e+00
    endloop
  endfacet
  facet normal 4.422887e-01 8.968727e-01 0.000000e+00
    outer loop
      vertex   2.188268e+02 -1.257612e+02 2.000000e+00
      vertex   2.200000e+02 -1.263397e+02 0.000000e+00
      vertex   2.188268e+02 -1.257612e+02 0.000000e+00
    endloop
  endfacet
  facet normal 3.214395e-01 9.469301e-01 0.000000e+00
    outer loop
      vertex   2.188268e+02 -1.257612e+02 2.000000e+00
      vertex   2.188268e+02 -1.257612e+02 0.000000e+00
      vertex   2.175882e+02 -1.253407e+02 2.000000e+00
    endloop
  endfacet
  facet normal 3.214395e-01 9.469301e-01 0.000000e+00
    outer loop
      vertex   2.175882e+02 -1.253407e+02 2.000000e+00
      vertex   2.188268e+02 -1.257612e+02 0.000000e+00
      vertex   2.175882e+02 -1.253407e+02 0.000000e+00
    endloop
  endfacet
  facet normal 1.950903e-01 9.807853e-01 0.000000e+00
    outer loop
      vertex   2.175882e+02 -1.253407e+02 2.000000e+00
      vertex   2.175882e+02 -1.253407e+02 0.000000e+00
      vertex   2.163053e+02 -1.250856e+02 2.000000e+00
    endloop
  endfacet
  facet normal 1.950903e-01 9.807853e-01 0.000000e+00
    outer loop
      vertex   2.163053e+02 -1.250856e+02 2.000000e+00
      vertex   2.175882e+02 -1.253407e+02 0.000000e+00
      vertex   2.163053e+02 -1.250856e+02 0.000000e+00
    endloop
  endfacet
  facet normal 6.540313e-02 9.978589e-01 0.000000e+00
    outer loop
      vertex   2.163053e+02 -1.250856e+02 2.000000e+00
      vertex   2.163053e+02 -1.250856e+02 0.000000e+00
      vertex   2.150000e+02 -1.250000e+02 2.000000e+00
    endloop
  endfacet
  facet normal 6.540313e-02 9.978589e-01 0.000000e+00
    outer loop
      vertex   2.150000e+02 -1.250000e+02 2.000000e+00
      vertex   2.163053e+02 -1.250856e+02 0.000000e+00
      vertex   2.150000e+02 -1.250000e+02 0.000000e+00
    endloop
  endfacet
  facet normal 1.000000e+00 0.000000e+00 0.000000e+00
    outer loop
      vertex   2.250000e+02 -2.150000e+02 0.000000e+00
      vertex   2.250000e+02 -1.350000e+02 0.000000e+00
      vertex   2.250000e+02 -2.150000e+02 2.000000e+00
    endloop
  endfacet
  facet normal 1.000000e+00 -0.000000e+00 0.000000e+00
    outer loop
      vertex   2.250000e+02 -2.150000e+02 2.000000e+00
      vertex   2.250000e+02 -1.350000e+02 0.000000e+00
      vertex   2.250000e+02 -1.350000e+02 2.000000e+00
    endloop
  endfacet
  facet normal 6.540313e-02 -9.978589e-01 0.000000e+00
    outer loop
      vertex   2.150000e+02 -2.250000e+02 2.000000e+00
      vertex   2.150000e+02 -2.250000e+02 0.000000e+00
      vertex   2.163053e+02 -2.249144e+02 2.000000e+00
    endloop
  endfacet
  facet normal 6.540313e-02 -9.978589e-01 0.000000e+00
    outer loop
      vertex   2.163053e+02 -2.249144e+02 2.000000e+00
      vertex   2.150000e+02 -2.250000e+02 0.000000e+00
      vertex   2.163053e+02 -2.249144e+02 0.000000e+00
    endloop
  endfacet
  facet normal 1.950903e-01 -9.807853e-01 0.000000e+00
    outer loop
      vertex   2.163053e+02 -2.249144e+02 2.000000e+00
      vertex   2.163053e+02 -2.249144e+02 0.000000e+00
      vertex   2.175882e+02 -2.246593e+02 2.000000e+00
    endloop
  endfacet
  facet normal 1.950903e-01 -9.807853e-01 0.000000e+00
    outer loop
      vertex   2.175882e+02 -2.246593e+02 2.000000e+00
      vertex   2.163053e+02 -2.249144e+02 0.000000e+00
      vertex   2.175882e+02 -2.246593e+02 0.000000e+00
    endloop
  endfacet
  facet normal 3.214395e-01 -9.469301e-01 0.000000e+00
    outer loop
      vertex   2.175882e+02 -2.246593e+02 2.000000e+00
      vertex   2.175882e+02 -2.246593e+02 0.000000e+00
      vertex   2.188268e+02 -2.242388e+02 2.000000e+00
    endloop
  endfacet
  facet normal 3.214395e-01 -9.469301e-01 0.000000e+00
    outer loop
      vertex   2.188268e+02 -2.242388e+02 2.000000e+00
      vertex   2.175882e+02 -2.246593e+02 0.000000e+00
      vertex   2.188268e+02 -2.242388e+02 0.000000e+00
    endloop
  endfacet
  facet normal 4.422887e-01 -8.968727e-01 0.000000e+00
    outer loop
      vertex   2.188268e+02 -2.242388e+02 2.000000e+00
      vertex   2.188268e+02 -2.242388e+02 0.000000e+00
      vertex   2.200000e+02 -2.236603e+02 2.000000e+00
    endloop
  endfacet
  facet normal 4.422887e-01 -8.968727e-01 0.000000e+00
    outer loop
      vertex   2.200000e+02 -2.236603e+02 2.000000e+00
      vertex   2.188268e+02 -2.242388e+02 0.000000e+00
      vertex   2.200000e+02 -2.236603e+02 0.000000e+00
    endloop
  endfacet
  facet normal 5.555702e-01 -8.314696e-01 0.000000e+00
    outer loop
      vertex   2.200000e+02 -2.236603e+02 2.000000e+00
      vertex   2.200000e+02 -2.236603e+02 0.000000e+00
      vertex   2.210876e+02 -2.229335e+02 2.000000e+00
    endloop
  endfacet
  facet normal 5.555702e-01 -8.314696e-01 0.000000e+00
    outer loop
      vertex   2.210876e+02 -2.229335e+02 2.000000e+00
      vertex   2.200000e+02 -2.236603e+02 0.000000e+00
      vertex   2.210876e+02 -2.229335e+02 0.000000e+00
    endloop
  endfacet
  facet normal 6.593458e-01 -7.518398e-01 0.000000e+00
    outer loop
      vertex   2.210876e+02 -2.229335e+02 2.000000e+00
      vertex   2.210876e+02 -2.229335e+02 0.000000e+00
      vertex   2.220711e+02 -2.220711e+02 2.000000e+00
    endloop
  endfacet
  facet normal 6.593458e-01 -7.518398e-01 0.000000e+00
    outer loop
      vertex   2.220711e+02 -2.220711e+02 2.000000e+00
      vertex   2.210876e+02 -2.229335e+02 0.000000e+00
      vertex   2.220711e+02 -2.220711e+02 0.000000e+00
    endloop
  endfacet
  facet normal 7.518398e-01 -6.593458e-01 0.000000e+00
    outer loop
      vertex   2.220711e+02 -2.220711e+02 2.000000e+00
      vertex   2.220711e+02 -2.220711e+02 0.000000e+00
      vertex   2.229335e+02 -2.210876e+02 2.000000e+00
    endloop
  endfacet
  facet normal 7.518398e-01 -6.593458e-01 0.000000e+00
    outer loop
      vertex   2.229335e+02 -2.210876e+02 2.000000e+00
      vertex   2.220711e+02 -2.220711e+02 0.000000e+00
      vertex   2.229335e+02 -2.210876e+02 0.000000e+00
    endloop
  endfacet
  facet normal 8.314696e-01 -5.555702e-01 0.000000e+00
    outer loop
      vertex   2.229335e+02 -2.210876e+02 2.000000e+00
      vertex   2.229335e+02 -2.210876e+02 0.000000e+00
      vertex   2.236603e+02 -2.200000e+02 2.000000e+00
    endloop
  endfacet
  facet normal 8.314696e-01 -5.555702e-01 0.000000e+00
    outer loop
      vertex   2.236603e+02 -2.200000e+02 2.000000e+00
      vertex   2.229335e+02 -2.210876e+02 0.000000e+00
      vertex   2.236603e+02 -2.200000e+02 0.000000e+00
    endloop
  endfacet
  facet normal 8.968727e-01 -4.422887e-01 0.000000e+00
    outer loop
      vertex   2.236603e+02 -2.200000e+02 2.000000e+00
      vertex   2.236603e+02 -2.200000e+02 0.000000e+00
      vertex   2.242388e+02 -2.188268e+02 2.000000e+00
    endloop
  endfacet
  facet normal 8.968727e-01 -4.422887e-01 0.000000e+00
    outer loop
      vertex   2.242388e+02 -2.188268e+02 2.000000e+00
      vertex   2.236603e+02 -2.200000e+02 0.000000e+00
      vertex   2.242388e+02 -2.188268e+02 0.000000e+00
    endloop
  endfacet
  facet normal 9.469301e-01 -3.214395e-01 0.000000e+00
    outer loop
      vertex   2.242388e+02 -2.188268e+02 2.000000e+00
      vertex   2.242388e+02 -2.188268e+02 0.000000e+00
      vertex   2.246593e+02 -2.175882e+02 2.000000e+00
    endloop
  endfacet
  facet normal 9.469301e-01 -3.214395e-01 0.000000e+00
    outer loop
      vertex   2.246593e+02 -2.175882e+02 2.000000e+00
      vertex   2.242388e+02 -2.188268e+02 0.000000e+00
      vertex   2.246593e+02 -2.175882e+02 0.000000e+00
    endloop
  endfacet
  facet normal 9.807853e-01 -1.950903e-01 0.000000e+00
    outer loop
      vertex   2.246593e+02 -2.175882e+02 2.000000e+00
      vertex   2.246593e+02 -2.175882e+02 0.000000e+00
      vertex   2.249144e+02 -2.163053e+02 2.000000e+00
    endloop
  endfacet
  facet normal 9.807853e-01 -1.950903e-01 0.000000e+00
    outer loop
      vertex   2.249144e+02 -2.163053e+02 2.000000e+00
      vertex   2.246593e+02 -2.175882e+02 0.000000e+00
      vertex   2.249144e+02 -2.163053e+02 0.000000e+00
    endloop
  endfacet
  facet normal 9.978589e-01 -6.540313e-02 0.000000e+00
    outer loop
      vertex   2.249144e+02 -2.163053e+02 2.000000e+00
      vertex   2.249144e+02 -2.163053e+02 0.000000e+00
      vertex   2.250000e+02 -2.150000e+02 2.000000e+00
    endloop
  endfacet
  facet normal 9.978589e-01 -6.540313e-02 0.000000e+00
    outer loop
      vertex   2.250000e+02 -2.150000e+02 2.000000e+00
      vertex   2.249144e+02 -2.163053e+02 0.000000e+00
      vertex   2.250000e+02 -2.150000e+02 0.000000e+00
    endloop
  endfacet
  facet normal 0.000000e+00 -1.000000e+00 0.000000e+00
    outer loop
      vertex   1.350000e+02 -2.250000e+02 0.000000e+00
      vertex   2.150000e+02 -2.250000e+02 0.000000e+00
      vertex   1.350000e+02 -2.250000e+02 2.000000e+00
    endloop
  endfacet
  facet normal 0.000000e+00 -1.000000e+00 0.000000e+00
    outer loop
      vertex   1.350000e+02 -2.250000e+02 2.000000e+00
      vertex   2.150000e+02 -2.250000e+02 0.000000e+00
      vertex   2.150000e+02 -2.250000e+02 2.000000e+00
    endloop
  endfacet
  facet normal -9.978589e-01 -6.540313e-02 -0.000000e+00
    outer loop
      vertex   1.250000e+02 -2.150000e+02 2.000000e+00
      vertex   1.250000e+02 -2.150000e+02 0.000000e+00
      vertex   1.250856e+02 -2.163053e+02 2.000000e+00
    endloop
  endfacet
  facet normal -9.978589e-01 -6.540313e-02 -0.000000e+00
    outer loop
      vertex   1.250856e+02 -2.163053e+02 2.000000e+00
      vertex   1.250000e+02 -2.150000e+02 0.000000e+00
      vertex   1.250856e+02 -2.163053e+02 0.000000e+00
    endloop
  endfacet
  facet normal -9.807853e-01 -1.950903e-01 -0.000000e+00
    outer loop
      vertex   1.250856e+02 -2.163053e+02 2.000000e+00
      vertex   1.250856e+02 -2.163053e+02 0.000000e+00
      vertex   1.253407e+02 -2.175882e+02 2.000000e+00
    endloop
  endfacet
  facet normal -9.807853e-01 -1.950903e-01 -0.000000e+00
    outer loop
      vertex   1.253407e+02 -2.175882e+02 2.000000e+00
      vertex   1.250856e+02 -2.163053e+02 0.000000e+00
      vertex   1.253407e+02 -2.175882e+02 0.000000e+00
    endloop
  endfacet
  facet normal -9.469301e-01 -3.214395e-01 -0.000000e+00
    outer loop
      vertex   1.253407e+02 -2.175882e+02 2.000000e+00
      vertex   1.253407e+02 -2.175882e+02 0.000000e+00
      vertex   1.257612e+02 -2.188268e+02 2.000000e+00
    endloop
  endfacet
  facet normal -9.469301e-01 -3.214395e-01 -0.000000e+00
    outer loop
      vertex   1.257612e+02 -2.188268e+02 2.000000e+00
      vertex   1.253407e+02 -2.175882e+02 0.000000e+00
      vertex   1.257612e+02 -2.188268e+02 0.000000e+00
    endloop
  endfacet
  facet normal -8.968727e-01 -4.422887e-01 -0.000000e+00
    outer loop
      vertex   1.257612e+02 -2.188268e+02 2.000000e+00
      vertex   1.257612e+02 -2.188268e+02 0.000000e+00
      vertex   1.263397e+02 -2.200000e+02 2.000000e+00
    endloop
  endfacet
  facet normal -8.968727e-01 -4.422887e-01 -0.000000e+00
    outer loop
      vertex   1.263397e+02 -2.200000e+02 2.000000e+00
      vertex   1.257612e+02 -2.188268e+02 0.000000e+00
      vertex   1.263397e+02 -2.200000e+02 0.000000e+00
    endloop
  endfacet
  facet normal -8.314696e-01 -5.555702e-01 -0.000000e+00
    outer loop
      vertex   1.263397e+02 -2.200000e+02 2.000000e+00
      vertex   1.263397e+02 -2.200000e+02 0.000000e+00
      vertex   1.270665e+02 -2.210876e+02 2.000000e+00
    endloop
  endfacet
  facet normal -8.314696e-01 -5.555702e-01 -0.000000e+00
    outer loop
      vertex   1.270665e+02 -2.210876e+02 2.000000e+00
      vertex   1.263397e+02 -2.200000e+02 0.000000e+00
      vertex   1.270665e+02 -2.210876e+02 0.000000e+00
    endloop
  endfacet
  facet normal -7.518398e-01 -6.593458e-01 -0.000000e+00
    outer loop
      vertex   1.270665e+02 -2.210876e+02 2.000000e+00
      vertex   1.270665e+02 -2.210876e+02 0.000000e+00
      vertex   1.279289e+02 -2.220711e+02 2.000000e+00
    endloop
  endfacet
  facet normal -7.518398e-01 -6.593458e-01 -0.000000e+00
    outer loop
      vertex   1.279289e+02 -2.220711e+02 2.000000e+00
      vertex   1.270665e+02 -2.210876e+02 0.000000e+00
      vertex   1.279289e+02 -2.220711e+02 0.000000e+00
    endloop
  endfacet
  facet normal -6.593458e-01 -7.518398e-01 -0.000000e+00
    outer loop
      vertex   1.279289e+02 -2.220711e+02 2.000000e+00
      vertex   1.279289e+02 -2.220711e+02 0.000000e+00
      vertex   1.289124e+02 -2.229335e+02 2.000000e+00
    endloop
  endfacet
  facet normal -6.593458e-01 -7.518398e-01 -0.000000e+00
    outer loop
      vertex   1.289124e+02 -2.229335e+02 2.000000e+00
      vertex   1.279289e+02 -2.220711e+02 0.000000e+00
      vertex   1.289124e+02 -2.229335e+02 0.000000e+00
    endloop
  endfacet
  facet normal -5.555702e-01 -8.314696e-01 -0.000000e+00
    outer loop
      vertex   1.289124e+02 -2.229335e+02 2.000000e+00
      vertex   1.289124e+02 -2.229335e+02 0.000000e+00
      vertex   1.300000e+02 -2.236603e+02 2.000000e+00
    endloop
  endfacet
  facet normal -5.555702e-01 -8.314696e-01 -0.000000e+00
    outer loop
      vertex   1.300000e+02 -2.236603e+02 2.000000e+00
      vertex   1.289124e+02 -2.229335e+02 0.000000e+00
      vertex   1.300000e+02 -2.236603e+02 0.000000e+00
    endloop
  endfacet
  facet normal -4.422887e-01 -8.968727e-01 -0.000000e+00
    outer loop
      vertex   1.300000e+02 -2.236603e+02 2.000000e+00
      vertex   1.300000e+02 -2.236603e+02 0.000000e+00
      vertex   1.311732e+02 -2.242388e+02 2.000000e+00
    endloop
  endfacet
  facet normal -4.422887e-01 -8.968727e-01 -0.000000e+00
    outer loop
      vertex   1.311732e+02 -2.242388e+02 2.000000e+00
      vertex   1.300000e+02 -2.236603e+02 0.000000e+00
      vertex   1.311732e+02 -2.242388e+02 0.000000e+00
    endloop
  endfacet
  facet normal -3.214395e-01 -9.469301e-01 -0.000000e+00
    outer loop
      vertex   1.311732e+02 -2.242388e+02 2.000000e+00
      vertex   1.311732e+02 -2.242388e+02 0.000000e+00
      vertex   1.324118e+02 -2.246593e+02 2.000000e+00
    endloop
  endfacet
  facet normal -3.214395e-01 -9.469301e-01 -0.000000e+00
    outer loop
      vertex   1.324118e+02 -2.246593e+02 2.000000e+00
      vertex   1.311732e+02 -2.242388e+02 0.000000e+00
      vertex   1.324118e+02 -2.246593e+02 0.000000e+00
    endloop
  endfacet
  facet normal -1.950903e-01 -9.807853e-01 -0.000000e+00
    outer loop
      vertex   1.324118e+02 -2.246593e+02 2.000000e+00
      vertex   1.324118e+02 -2.246593e+02 0.000000e+00
      vertex   1.336947e+02 -2.249144e+02 2.000000e+00
    endloop
  endfacet
  facet normal -1.950903e-01 -9.807853e-01 -0.000000e+00
    outer loop
      vertex   1.336947e+02 -2.249144e+02 2.000000e+00
      vertex   1.324118e+02 -2.246593e+02 0.000000e+00
      vertex   1.336947e+02 -2.249144e+02 0.000000e+00
    endloop
  endfacet
  facet normal -6.540313e-02 -9.978589e-01 -0.000000e+00
    outer loop
      vertex   1.336947e+02 -2.249144e+02 2.000000e+00
      vertex   1.336947e+02 -2.249144e+02 0.000000e+00
      vertex   1.350000e+02 -2.250000e+02 2.000000e+00
    endloop
  endfacet
  facet normal -6.540313e-02 -9.978589e-01 -0.000000e+00
    outer loop
      vertex   1.350000e+02 -2.250000e+02 2.000000e+00
      vertex   1.336947e+02 -2.249144e+02 0.000000e+00
      vertex   1.350000e+02 -2.250000e+02 0.000000e+00
    endloop
  endfacet
  facet normal -1.000000e+00 0.000000e+00 0.000000e+00
    outer loop
      vertex   1.250000e+02 -1.350000e+02 0.000000e+00
      vertex   1.250000e+02 -2.150000e+02 0.000000e+00
      vertex   1.250000e+02 -1.350000e+02 2.000000e+00
    endloop
  endfacet
  facet normal -1.000000e+00 -0.000000e+00 0.000000e+00
    outer loop
      vertex   1.250000e+02 -1.350000e+02 2.000000e+00
      vertex   1.250000e+02 -2.150000e+02 0.000000e+00
      vertex   1.250000e+02 -2.150000e+02 2.000000e+00
    endloop
  endfacet
  facet normal -6.540313e-02 9.978589e-01 0.000000e+00
    outer loop
      vertex   1.350000e+02 -1.250000e+02 2.000000e+00
      vertex   1.350000e+02 -1.250000e+02 0.000000e+00
      vertex   1.336947e+02 -1.250856e+02 2.000000e+00
    endloop
  endfacet
  facet normal -6.540313e-02 9.978589e-01 0.000000e+00
    outer loop
      vertex   1.336947e+02 -1.250856e+02 2.000000e+00
      vertex   1.350000e+02 -1.250000e+02 0.000000e+00
      vertex   1.336947e+02 -1.250856e+02 0.000000e+00
    endloop
  endfacet
  facet normal -1.950903e-01 9.807853e-01 0.000000e+00
    outer loop
      vertex   1.336947e+02 -1.250856e+02 2.000000e+00
      vertex   1.336947e+02 -1.250856e+02 0.000000e+00
      vertex   1.324118e+02 -1.253407e+02 2.000000e+00
    endloop
  endfacet
  facet normal -1.950903e-01 9.807853e-01 0.000000e+00
    outer loop
      vertex   1.324118e+02 -1.253407e+02 2.000000e+00
      vertex   1.336947e+02 -1.250856e+02 0.000000e+00
      vertex   1.324118e+02 -1.253407e+02 0.000000e+00
    endloop
  endfacet
  facet normal -3.214395e-01 9.469301e-01 0.000000e+00
    outer loop
      vertex   1.324118e+02 -1.253407e+02 2.000000e+00
      vertex   1.324118e+02 -1.253407e+02 0.000000e+00
      vertex   1.311732e+02 -1.257612e+02 2.000000e+00
    endloop
  endfacet
  facet normal -3.214395e-01 9.469301e-01 0.000000e+00
    outer loop
      vertex   1.311732e+02 -1.257612e+02 2.000000e+00
      vertex   1.324118e+02 -1.253407e+02 0.000000e+00
      vertex   1.311732e+02 -1.257612e+02 0.000000e+00
    endloop
  endfacet
  facet normal -4.422887e-01 8.968727e-01 0.000000e+00
    outer loop
      vertex   1.311732e+02 -1.257612e+02 2.000000e+00
      vertex   1.311732e+02 -1.257612e+02 0.000000e+00
      vertex   1.300000e+02 -1.263397e+02 2.000000e+00
    endloop
  endfacet
  facet normal -4.422887e-01 8.968727e-01 0.000000e+00
    outer loop
      vertex   1.300000e+02 -1.263397e+02 2.000000e+00
      vertex   1.311732e+02 -1.257612e+02 0.000000e+00
      vertex   1.300000e+02 -1.263397e+02 0.000000e+00
    endloop
  endfacet
  facet normal -5.555702e-01 8.314696e-01 0.000000e+00
    outer loop
      vertex   1.300000e+02 -1.263397e+02 2.000000e+00
      vertex   1.300000e+02 -1.263397e+02 0.000000e+00
      vertex   1.289124e+02 -1.270665e+02 2.000000e+00
    endloop
  endfacet
  facet normal -5.555702e-01 8.314696e-01 0.000000e+00
    outer loop
      vertex   1.289124e+02 -1.270665e+02 2.000000e+00
      vertex   1.300000e+02 -1.263397e+02 0.000000e+00
      vertex   1.289124e+02 -1.270665e+02 0.000000e+00
    endloop
  endfacet
  facet normal -6.593458e-01 7.518398e-01 0.000000e+00
    outer loop
      vertex   1.289124e+02 -1.270665e+02 2.000000e+00
      vertex   1.289124e+02 -1.270665e+02 0.000000e+00
      vertex   1.279289e+02 -1.279289e+02 2.000000e+00
    endloop
  endfacet
  facet normal -6.593458e-01 7.518398e-01 0.000000e+00
    outer loop
      vertex   1.279289e+02 -1.279289e+02 2.000000e+00
      vertex   1.289124e+02 -1.270665e+02 0.000000e+00
      vertex   1.279289e+02 -1.279289e+02 0.000000e+00
    endloop
  endfacet
  facet normal -7.518398e-01 6.593458e-01 0.000000e+00
    outer loop
      vertex   1.279289e+02 -1.279289e+02 2.000000e+00
      vertex   1.279289e+02 -1.279289e+02 0.000000e+00
      vertex   1.270665e+02 -1.289124e+02 2.000000e+00
    endloop
  endfacet
  facet normal -7.518398e-01 6.593458e-01 0.000000e+00
    outer loop
      vertex   1.270665e+02 -1.289124e+02 2.000000e+00
      vertex   1.279289e+02 -1.279289e+02 0.000000e+00
      vertex   1.270665e+02 -1.289124e+02 0.000000e+00
    endloop
  endfacet
  facet normal -8.314696e-01 5.555702e-01 0.000000e+00
    outer loop
      vertex   1.270665e+02 -1.289124e+02 2.000000e+00
      vertex   1.270665e+02 -1.289124e+02 0.000000e+00
      vertex   1.263397e+02 -1.300000e+02 2.000000e+00
    endloop
  endfacet
  facet normal -8.314696e-01 5.555702e-01 0.000000e+00
    outer loop
      vertex   1.263397e+02 -1.300000e+02 2.000000e+00
      vertex   1.270665e+02 -1.289124e+02 0.000000e+00
      vertex   1.263397e+02 -1.300000e+02 0.000000e+00
    endloop
  endfacet
  facet normal -8.968727e-01 4.422887e-01 0.000000e+00
    outer loop
      vertex   1.263397e+02 -1.300000e+02 2.000000e+00
      vertex   1.263397e+02 -1.300000e+02 0.000000e+00
      vertex   1.257612e+02 -1.311732e+02 2.000000e+00
    endloop
  endfacet
  facet normal -8.968727e-01 4.422887e-01 0.000000e+00
    outer loop
      vertex   1.257612e+02 -1.311732e+02 2.000000e+00
      vertex   1.263397e+02 -1.300000e+02 0.000000e+00
      vertex   1.257612e+02 -1.311732e+02 0.000000e+00
    endloop
  endfacet
  facet normal -9.469301e-01 3.214395e-01 0.000000e+00
    outer loop
      vertex   1.257612e+02 -1.311732e+02 2.000000e+00
      vertex   1.257612e+02 -1.311732e+02 0.000000e+00
      vertex   1.253407e+02 -1.324118e+02 2.000000e+00
    endloop
  endfacet
  facet normal -9.469301e-01 3.214395e-01 0.000000e+00
    outer loop
      vertex   1.253407e+02 -1.324118e+02 2.000000e+00
      vertex   1.257612e+02 -1.311732e+02 0.000000e+00
      vertex   1.253407e+02 -1.324118e+02 0.000000e+00
    endloop
  endfacet
  facet normal -9.807853e-01 1.950903e-01 0.000000e+00
    outer loop
      vertex   1.253407e+02 -1.324118e+02 2.000000e+00
      vertex   1.253407e+02 -1.324118e+02 0.000000e+00
      vertex   1.250856e+02 -1.336947e+02 2.000000e+00
    endloop
  endfacet
  facet normal -9.807853e-01 1.950903e-01 0.000000e+00
    outer loop
      vertex   1.250856e+02 -1.336947e+02 2.000000e+00
      vertex   1.253407e+02 -1.324118e+02 0.000000e+00
      vertex   1.250856e+02 -1.336947e+02 0.000000e+00
    endloop
  endfacet
  facet normal -9.978589e-01 6.540313e-02 0.000000e+00
    outer loop
      vertex   1.250856e+02 -1.336947e+02 2.000000e+00
      vertex   1.250856e+02 -1.336947e+02 0.000000e+00
      vertex   1.250000e+02 -1.350000e+02 2.000000e+00
    endloop
  endfacet
  facet normal -9.978589e-01 6.540313e-02 0.000000e+00
    outer loop
      vertex   1.250000e+02 -1.350000e+02 2.000000e+00
      vertex   1.250856e+02 -1.336947e+02 0.000000e+00
      vertex   1.250000e+02 -1.350000e+02 0.000000e+00
    endloop
  endfacet
  facet normal 0.000000e+00 0.000000e+00 1.000000e+00
    outer loop
      vertex   1.809104e+02 -1.780624e+02 2.000000e+00
      vertex   1.749617e+02 -1.789286e+02 2.000000e+00
      vertex   1.810000e+02 -1.800000e+02 2.000000e+00
    endloop
  endfacet
  facet normal 0.000000e+00 0.000000e+00 1.000000e+00
    outer loop
      vertex   1.810000e+02 -1.800000e+02 2.000000e+00
      vertex   1.749617e+02 -1.789286e+02 2.000000e+00
      vertex   1.749510e+02 -1.791624e+02 2.000000e+00
    endloop
  endfacet
  facet normal 0.000000e+00 0.000000e+00 1.000000e+00
    outer loop
      vertex   1.810000e+02 -1.800000e+02 2.000000e+00
      vertex   1.749510e+02 -1.791624e+02 2.000000e+00
      vertex   1.748862e+02 -1.793873e+02 2.000000e+00
    endloop
  endfacet
  facet normal 0.000000e+00 -0.000000e+00 1.000000e+00
    outer loop
      vertex   1.749617e+02 -1.789286e+02 2.000000e+00
      vertex   1.809104e+02 -1.780624e+02 2.000000e+00
      vertex   1.747749e+02 -1.774109e+02 2.000000e+00
    endloop
  endfacet
  facet normal -0.000000e+00 0.000000e+00 1.000000e+00
    outer loop
      vertex   1.747749e+02 -1.774109e+02 2.000000e+00
      vertex   1.809104e+02 -1.780624e+02 2.000000e+00
      vertex   1.806424e+02 -1.761413e+02 2.000000e+00
    endloop
  endfacet
  facet normal 0.000000e+00 -0.000000e+00 1.000000e+00
    outer loop
      vertex   1.747749e+02 -1.774109e+02 2.000000e+00
      vertex   1.806424e+02 -1.761413e+02 2.000000e+00
      vertex   1.744345e+02 -1.759201e+02 2.000000e+00
    endloop
  endfacet
  facet normal -0.000000e+00 0.000000e+00 1.000000e+00
    outer loop
      vertex   1.744345e+02 -1.759201e+02 2.000000e+00
      vertex   1.806424e+02 -1.761413e+02 2.000000e+00
      vertex   1.801983e+02 -1.742531e+02 2.000000e+00
    endloop
  endfacet
  facet normal 0.000000e+00 0.000000e+00 1.000000e+00
    outer loop
      vertex   1.744345e+02 -1.759201e+02 2.000000e+00
      vertex   1.801983e+02 -1.742531e+02 2.000000e+00
      vertex   1.795819e+02 -1.724139e+02 2.000000e+00
    endloop
  endfacet
  facet normal 0.000000e+00 -0.000000e+00 1.000000e+00
    outer loop
      vertex   1.744345e+02 -1.759201e+02 2.000000e+00
      vertex   1.795819e+02 -1.724139e+02 2.000000e+00
      vertex   1.739441e+02 -1.744717e+02 2.000000e+00
    endloop
  endfacet
  facet normal 0.000000e+00 0.000000e+00 1.000000e+00
    outer loop
      vertex   1.739441e+02 -1.744717e+02 2.000000e+00
      vertex   1.795819e+02 -1.724139e+02 2.000000e+00
      vertex   1.787984e+02 -1.706395e+02 2.000000e+00
    endloop
  endfacet
  facet normal 0.000000e+00 -0.000000e+00 1.000000e+00
    outer loop
      vertex   1.739441e+02 -1.744717e+02 2.000000e+00
      vertex   1.787984e+02 -1.706395e+02 2.000000e+00
      vertex   1.733088e+02 -1.730808e+02 2.000000e+00
    endloop
  endfacet
  facet normal 0.000000e+00 0.000000e+00 1.000000e+00
    outer loop
      vertex   1.733088e+02 -1.730808e+02 2.000000e+00
      vertex   1.787984e+02 -1.706395e+02 2.000000e+00
      vertex   1.778546e+02 -1.689449e+02 2.000000e+00
    endloop
  endfacet
  facet normal 0.000000e+00 -0.000000e+00 1.000000e+00
    outer loop
      vertex   1.733088e+02 -1.730808e+02 2.000000e+00
      vertex   1.778546e+02 -1.689449e+02 2.000000e+00
      vertex   1.725352e+02 -1.717618e+02 2.000000e+00
    endloop
  endfacet
  facet normal 0.000000e+00 0.000000e+00 1.000000e+00
    outer loop
      vertex   1.725352e+02 -1.717618e+02 2.000000e+00
      vertex   1.778546e+02 -1.689449e+02 2.000000e+00
      vertex   1.767584e+02 -1.673447e+02 2.000000e+00
    endloop
  endfacet
  facet normal 0.000000e+00 -0.000000e+00 1.000000e+00
    outer loop
      vertex   1.725352e+02 -1.717618e+02 2.000000e+00
      vertex   1.767584e+02 -1.673447e+02 2.000000e+00
      vertex   1.716313e+02 -1.705284e+02 2.000000e+00
    endloop
  endfacet
  facet normal 0.000000e+00 0.000000e+00 1.000000e+00
    outer loop
      vertex   1.716313e+02 -1.705284e+02 2.000000e+00
      vertex   1.767584e+02 -1.673447e+02 2.000000e+00
      vertex   1.755192e+02 -1.658524e+02 2.000000e+00
    endloop
  endfacet
  facet normal 0.000000e+00 -0.000000e+00 1.000000e+00
    outer loop
      vertex   1.716313e+02 -1.705284e+02 2.000000e+00
      vertex   1.755192e+02 -1.658524e+02 2.000000e+00
      vertex   1.706066e+02 -1.693934e+02 2.000000e+00
    endloop
  endfacet
  facet normal 0.000000e+00 0.000000e+00 1.000000e+00
    outer loop
      vertex   1.706066e+02 -1.693934e+02 2.000000e+00
      vertex   1.755192e+02 -1.658524e+02 2.000000e+00
      vertex   1.741476e+02 -1.644808e+02 2.000000e+00
    endloop
  endfacet
  facet normal 0.000000e+00 -0.000000e+00 1.000000e+00
    outer loop
      vertex   1.706066e+02 -1.693934e+02 2.000000e+00
      vertex   1.741476e+02 -1.644808e+02 2.000000e+00
      vertex   1.694716e+02 -1.683686e+02 2.000000e+00
    endloop
  endfacet
  facet normal 0.000000e+00 0.000000e+00 1.000000e+00
    outer loop
      vertex   1.694716e+02 -1.683686e+02 2.000000e+00
      vertex   1.741476e+02 -1.644808e+02 2.000000e+00
      vertex   1.726553e+02 -1.632416e+02 2.000000e+00
    endloop
  endfacet
  facet normal 0.000000e+00 -0.000000e+00 1.000000e+00
    outer loop
      vertex   1.694716e+02 -1.683686e+02 2.000000e+00
      vertex   1.726553e+02 -1.632416e+02 2.000000e+00
      vertex   1.682382e+02 -1.674648e+02 2.000000e+00
    endloop
  endfacet
  facet normal 0.000000e+00 0.000000e+00 1.000000e+00
    outer loop
      vertex   1.682382e+02 -1.674648e+02 2.000000e+00
      vertex   1.726553e+02 -1.632416e+02 2.000000e+00
      vertex   1.710551e+02 -1.621454e+02 2.000000e+00
    endloop
  endfacet
  facet normal 0.000000e+00 -0.000000e+00 1.000000e+00
    outer loop
      vertex   1.682382e+02 -1.674648e+02 2.000000e+00
      vertex   1.710551e+02 -1.621454e+02 2.000000e+00
      vertex   1.669192e+02 -1.666912e+02 2.000000e+00
    endloop
  endfacet
  facet normal 0.000000e+00 0.000000e+00 1.000000e+00
    outer loop
      vertex   1.669192e+02 -1.666912e+02 2.000000e+00
      vertex   1.710551e+02 -1.621454e+02 2.000000e+00
      vertex   1.693605e+02 -1.612016e+02 2.000000e+00
    endloop
  endfacet
  facet normal 0.000000e+00 -0.000000e+00 1.000000e+00
    outer loop
      vertex   1.669192e+02 -1.666912e+02 2.000000e+00
      vertex   1.693605e+02 -1.612016e+02 2.000000e+00
      vertex   1.655283e+02 -1.660559e+02 2.000000e+00
    endloop
  endfacet
  facet normal 0.000000e+00 0.000000e+00 1.000000e+00
    outer loop
      vertex   1.655283e+02 -1.660559e+02 2.000000e+00
      vertex   1.693605e+02 -1.612016e+02 2.000000e+00
      vertex   1.675861e+02 -1.604181e+02 2.000000e+00
    endloop
  endfacet
  facet normal 0.000000e+00 -0.000000e+00 1.000000e+00
    outer loop
      vertex   1.655283e+02 -1.660559e+02 2.000000e+00
      vertex   1.675861e+02 -1.604181e+02 2.000000e+00
      vertex   1.640799e+02 -1.655655e+02 2.000000e+00
    endloop
  endfacet
  facet normal 0.000000e+00 0.000000e+00 1.000000e+00
    outer loop
      vertex   1.640799e+02 -1.655655e+02 2.000000e+00
      vertex   1.675861e+02 -1.604181e+02 2.000000e+00
      vertex   1.657469e+02 -1.598017e+02 2.000000e+00
    endloop
  endfacet
  facet normal 0.000000e+00 -0.000000e+00 1.000000e+00
    outer loop
      vertex   1.640799e+02 -1.655655e+02 2.000000e+00
      vertex   1.657469e+02 -1.598017e+02 2.000000e+00
      vertex   1.638587e+02 -1.593576e+02 2.000000e+00
    endloop
  endfacet
  facet normal 0.000000e+00 0.000000e+00 1.000000e+00
    outer loop
      vertex   1.640799e+02 -1.655655e+02 2.000000e+00
      vertex   1.638587e+02 -1.593576e+02 2.000000e+00
      vertex   1.625891e+02 -1.652251e+02 2.000000e+00
    endloop
  endfacet
  facet normal 0.000000e+00 -0.000000e+00 1.000000e+00
    outer loop
      vertex   1.625891e+02 -1.652251e+02 2.000000e+00
      vertex   1.638587e+02 -1.593576e+02 2.000000e+00
      vertex   1.619376e+02 -1.590896e+02 2.000000e+00
    endloop
  endfacet
  facet normal 0.000000e+00 0.000000e+00 1.000000e+00
    outer loop
      vertex   1.625891e+02 -1.652251e+02 2.000000e+00
      vertex   1.619376e+02 -1.590896e+02 2.000000e+00
      vertex   1.610714e+02 -1.650383e+02 2.000000e+00
    endloop
  endfacet
  facet normal 0.000000e+00 -0.000000e+00 1.000000e+00
    outer loop
      vertex   1.610714e+02 -1.650383e+02 2.000000e+00
      vertex   1.619376e+02 -1.590896e+02 2.000000e+00
      vertex   1.600000e+02 -1.590000e+02 2.000000e+00
    endloop
  endfacet
  facet normal 0.000000e+00 0.000000e+00 1.000000e+00
    outer loop
      vertex   1.610714e+02 -1.650383e+02 2.000000e+00
      vertex   1.600000e+02 -1.590000e+02 2.000000e+00
      vertex   1.608376e+02 -1.650490e+02 2.000000e+00
    endloop
  endfacet
  facet normal 0.000000e+00 0.000000e+00 1.000000e+00
    outer loop
      vertex   1.608376e+02 -1.650490e+02 2.000000e+00
      vertex   1.600000e+02 -1.590000e+02 2.000000e+00
      vertex   1.606127e+02 -1.651138e+02 2.000000e+00
    endloop
  endfacet
  facet normal 0.000000e+00 0.000000e+00 1.000000e+00
    outer loop
      vertex   1.606127e+02 -1.651138e+02 2.000000e+00
      vertex   1.600000e+02 -1.590000e+02 2.000000e+00
      vertex   1.580624e+02 -1.590896e+02 2.000000e+00
    endloop
  endfacet
  facet normal 0.000000e+00 0.000000e+00 1.000000e+00
    outer loop
      vertex   1.606127e+02 -1.651138e+02 2.000000e+00
      vertex   1.580624e+02 -1.590896e+02 2.000000e+00
      vertex   1.604090e+02 -1.652291e+02 2.000000e+00
    endloop
  endfacet
  facet normal 0.000000e+00 0.000000e+00 1.000000e+00
    outer loop
      vertex   1.604090e+02 -1.652291e+02 2.000000e+00
      vertex   1.580624e+02 -1.590896e+02 2.000000e+00
      vertex   1.602376e+02 -1.653886e+02 2.000000e+00
    endloop
  endfacet
  facet normal 0.000000e+00 0.000000e+00 1.000000e+00
    outer loop
      vertex   1.602376e+02 -1.653886e+02 2.000000e+00
      vertex   1.580624e+02 -1.590896e+02 2.000000e+00
      vertex   1.561413e+02 -1.593576e+02 2.000000e+00
    endloop
  endfacet
  facet normal 0.000000e+00 0.000000e+00 1.000000e+00
    outer loop
      vertex   1.602376e+02 -1.653886e+02 2.000000e+00
      vertex   1.561413e+02 -1.593576e+02 2.000000e+00
      vertex   1.601081e+02 -1.655836e+02 2.000000e+00
    endloop
  endfacet
  facet normal 0.000000e+00 0.000000e+00 1.000000e+00
    outer loop
      vertex   1.601081e+02 -1.655836e+02 2.000000e+00
      vertex   1.561413e+02 -1.593576e+02 2.000000e+00
      vertex   1.542531e+02 -1.598017e+02 2.000000e+00
    endloop
  endfacet
  facet normal 0.000000e+00 0.000000e+00 1.000000e+00
    outer loop
      vertex   1.601081e+02 -1.655836e+02 2.000000e+00
      vertex   1.542531e+02 -1.598017e+02 2.000000e+00
      vertex   1.600274e+02 -1.658033e+02 2.000000e+00
    endloop
  endfacet
  facet normal 0.000000e+00 0.000000e+00 1.000000e+00
    outer loop
      vertex   1.600274e+02 -1.658033e+02 2.000000e+00
      vertex   1.542531e+02 -1.598017e+02 2.000000e+00
      vertex   1.524139e+02 -1.604181e+02 2.000000e+00
    endloop
  endfacet
  facet normal 0.000000e+00 0.000000e+00 1.000000e+00
    outer loop
      vertex   1.600274e+02 -1.658033e+02 2.000000e+00
      vertex   1.524139e+02 -1.604181e+02 2.000000e+00
      vertex   1.600000e+02 -1.660358e+02 2.000000e+00
    endloop
  endfacet
  facet normal 0.000000e+00 0.000000e+00 1.000000e+00
    outer loop
      vertex   1.600000e+02 -1.660358e+02 2.000000e+00
      vertex   1.524139e+02 -1.604181e+02 2.000000e+00
      vertex   1.506395e+02 -1.612016e+02 2.000000e+00
    endloop
  endfacet
  facet normal 0.000000e+00 0.000000e+00 1.000000e+00
    outer loop
      vertex   1.600000e+02 -1.660358e+02 2.000000e+00
      vertex   1.506395e+02 -1.612016e+02 2.000000e+00
      vertex   1.600000e+02 -1.670385e+02 2.000000e+00
    endloop
  endfacet
  facet normal 0.000000e+00 0.000000e+00 1.000000e+00
    outer loop
      vertex   1.600000e+02 -1.670385e+02 2.000000e+00
      vertex   1.506395e+02 -1.612016e+02 2.000000e+00
      vertex   1.489449e+02 -1.621454e+02 2.000000e+00
    endloop
  endfacet
  facet normal 0.000000e+00 0.000000e+00 1.000000e+00
    outer loop
      vertex   1.600000e+02 -1.670385e+02 2.000000e+00
      vertex   1.489449e+02 -1.621454e+02 2.000000e+00
      vertex   1.600308e+02 -1.672849e+02 2.000000e+00
    endloop
  endfacet
  facet normal 0.000000e+00 0.000000e+00 1.000000e+00
    outer loop
      vertex   1.600308e+02 -1.672849e+02 2.000000e+00
      vertex   1.489449e+02 -1.621454e+02 2.000000e+00
      vertex   1.473447e+02 -1.632416e+02 2.000000e+00
    endloop
  endfacet
  facet normal 0.000000e+00 0.000000e+00 1.000000e+00
    outer loop
      vertex   1.600308e+02 -1.672849e+02 2.000000e+00
      vertex   1.473447e+02 -1.632416e+02 2.000000e+00
      vertex   1.458524e+02 -1.644808e+02 2.000000e+00
    endloop
  endfacet
  facet normal -0.000000e+00 0.000000e+00 1.000000e+00
    outer loop
      vertex   1.444808e+02 -1.658524e+02 2.000000e+00
      vertex   1.475161e+02 -1.801214e+02 2.000000e+00
      vertex   1.458524e+02 -1.644808e+02 2.000000e+00
    endloop
  endfacet
  facet normal 0.000000e+00 0.000000e+00 1.000000e+00
    outer loop
      vertex   1.458524e+02 -1.644808e+02 2.000000e+00
      vertex   1.475161e+02 -1.801214e+02 2.000000e+00
      vertex   1.601214e+02 -1.675161e+02 2.000000e+00
    endloop
  endfacet
  facet normal 0.000000e+00 0.000000e+00 1.000000e+00
    outer loop
      vertex   1.458524e+02 -1.644808e+02 2.000000e+00
      vertex   1.601214e+02 -1.675161e+02 2.000000e+00
      vertex   1.600308e+02 -1.672849e+02 2.000000e+00
    endloop
  endfacet
  facet normal 0.000000e+00 0.000000e+00 1.000000e+00
    outer loop
      vertex   1.475161e+02 -1.801214e+02 2.000000e+00
      vertex   1.444808e+02 -1.658524e+02 2.000000e+00
      vertex   1.472849e+02 -1.800308e+02 2.000000e+00
    endloop
  endfacet
  facet normal 0.000000e+00 0.000000e+00 1.000000e+00
    outer loop
      vertex   1.472849e+02 -1.800308e+02 2.000000e+00
      vertex   1.444808e+02 -1.658524e+02 2.000000e+00
      vertex   1.432416e+02 -1.673447e+02 2.000000e+00
    endloop
  endfacet
  facet normal 0.000000e+00 0.000000e+00 1.000000e+00
    outer loop
      vertex   1.472849e+02 -1.800308e+02 2.000000e+00
      vertex   1.432416e+02 -1.673447e+02 2.000000e+00
      vertex   1.421454e+02 -1.689449e+02 2.000000e+00
    endloop
  endfacet
  facet normal 0.000000e+00 0.000000e+00 1.000000e+00
    outer loop
      vertex   1.472849e+02 -1.800308e+02 2.000000e+00
      vertex   1.421454e+02 -1.689449e+02 2.000000e+00
      vertex   1.470385e+02 -1.800000e+02 2.000000e+00
    endloop
  endfacet
  facet normal 0.000000e+00 0.000000e+00 1.000000e+00
    outer loop
      vertex   1.470385e+02 -1.800000e+02 2.000000e+00
      vertex   1.421454e+02 -1.689449e+02 2.000000e+00
      vertex   1.412016e+02 -1.706395e+02 2.000000e+00
    endloop
  endfacet
  facet normal 0.000000e+00 0.000000e+00 1.000000e+00
    outer loop
      vertex   1.470385e+02 -1.800000e+02 2.000000e+00
      vertex   1.412016e+02 -1.706395e+02 2.000000e+00
      vertex   1.460358e+02 -1.800000e+02 2.000000e+00
    endloop
  endfacet
  facet normal 0.000000e+00 0.000000e+00 1.000000e+00
    outer loop
      vertex   1.460358e+02 -1.800000e+02 2.000000e+00
      vertex   1.412016e+02 -1.706395e+02 2.000000e+00
      vertex   1.404181e+02 -1.724139e+02 2.000000e+00
    endloop
  endfacet
  facet normal 0.000000e+00 0.000000e+00 1.000000e+00
    outer loop
      vertex   1.460358e+02 -1.800000e+02 2.000000e+00
      vertex   1.404181e+02 -1.724139e+02 2.000000e+00
      vertex   1.458033e+02 -1.800274e+02 2.000000e+00
    endloop
  endfacet
  facet normal 0.000000e+00 0.000000e+00 1.000000e+00
    outer loop
      vertex   1.458033e+02 -1.800274e+02 2.000000e+00
      vertex   1.404181e+02 -1.724139e+02 2.000000e+00
      vertex   1.398017e+02 -1.742531e+02 2.000000e+00
    endloop
  endfacet
  facet normal 0.000000e+00 0.000000e+00 1.000000e+00
    outer loop
      vertex   1.458033e+02 -1.800274e+02 2.000000e+00
      vertex   1.398017e+02 -1.742531e+02 2.000000e+00
      vertex   1.455836e+02 -1.801081e+02 2.000000e+00
    endloop
  endfacet
  facet normal 0.000000e+00 0.000000e+00 1.000000e+00
    outer loop
      vertex   1.455836e+02 -1.801081e+02 2.000000e+00
      vertex   1.398017e+02 -1.742531e+02 2.000000e+00
      vertex   1.393576e+02 -1.761413e+02 2.000000e+00
    endloop
  endfacet
  facet normal 0.000000e+00 0.000000e+00 1.000000e+00
    outer loop
      vertex   1.455836e+02 -1.801081e+02 2.000000e+00
      vertex   1.393576e+02 -1.761413e+02 2.000000e+00
      vertex   1.453886e+02 -1.802376e+02 2.000000e+00
    endloop
  endfacet
  facet normal 0.000000e+00 0.000000e+00 1.000000e+00
    outer loop
      vertex   1.453886e+02 -1.802376e+02 2.000000e+00
      vertex   1.393576e+02 -1.761413e+02 2.000000e+00
      vertex   1.390896e+02 -1.780624e+02 2.000000e+00
    endloop
  endfacet
  facet normal 0.000000e+00 0.000000e+00 1.000000e+00
    outer loop
      vertex   1.453886e+02 -1.802376e+02 2.000000e+00
      vertex   1.390896e+02 -1.780624e+02 2.000000e+00
      vertex   1.452291e+02 -1.804090e+02 2.000000e+00
    endloop
  endfacet
  facet normal 0.000000e+00 0.000000e+00 1.000000e+00
    outer loop
      vertex   1.452291e+02 -1.804090e+02 2.000000e+00
      vertex   1.390896e+02 -1.780624e+02 2.000000e+00
      vertex   1.451138e+02 -1.806127e+02 2.000000e+00
    endloop
  endfacet
  facet normal 0.000000e+00 0.000000e+00 1.000000e+00
    outer loop
      vertex   1.451138e+02 -1.806127e+02 2.000000e+00
      vertex   1.390896e+02 -1.780624e+02 2.000000e+00
      vertex   1.390000e+02 -1.800000e+02 2.000000e+00
    endloop
  endfacet
  facet normal 0.000000e+00 0.000000e+00 1.000000e+00
    outer loop
      vertex   1.451138e+02 -1.806127e+02 2.000000e+00
      vertex   1.390000e+02 -1.800000e+02 2.000000e+00
      vertex   1.450490e+02 -1.808376e+02 2.000000e+00
    endloop
  endfacet
  facet normal 0.000000e+00 0.000000e+00 1.000000e+00
    outer loop
      vertex   1.450490e+02 -1.808376e+02 2.000000e+00
      vertex   1.390000e+02 -1.800000e+02 2.000000e+00
      vertex   1.450383e+02 -1.810714e+02 2.000000e+00
    endloop
  endfacet
  facet normal 0.000000e+00 0.000000e+00 1.000000e+00
    outer loop
      vertex   1.450383e+02 -1.810714e+02 2.000000e+00
      vertex   1.390000e+02 -1.800000e+02 2.000000e+00
      vertex   1.390896e+02 -1.819376e+02 2.000000e+00
    endloop
  endfacet
  facet normal 0.000000e+00 0.000000e+00 1.000000e+00
    outer loop
      vertex   1.450383e+02 -1.810714e+02 2.000000e+00
      vertex   1.390896e+02 -1.819376e+02 2.000000e+00
      vertex   1.452251e+02 -1.825891e+02 2.000000e+00
    endloop
  endfacet
  facet normal 0.000000e+00 0.000000e+00 1.000000e+00
    outer loop
      vertex   1.452251e+02 -1.825891e+02 2.000000e+00
      vertex   1.390896e+02 -1.819376e+02 2.000000e+00
      vertex   1.393576e+02 -1.838587e+02 2.000000e+00
    endloop
  endfacet
  facet normal 0.000000e+00 0.000000e+00 1.000000e+00
    outer loop
      vertex   1.452251e+02 -1.825891e+02 2.000000e+00
      vertex   1.393576e+02 -1.838587e+02 2.000000e+00
      vertex   1.455655e+02 -1.840799e+02 2.000000e+00
    endloop
  endfacet
  facet normal 0.000000e+00 0.000000e+00 1.000000e+00
    outer loop
      vertex   1.455655e+02 -1.840799e+02 2.000000e+00
      vertex   1.393576e+02 -1.838587e+02 2.000000e+00
      vertex   1.398017e+02 -1.857469e+02 2.000000e+00
    endloop
  endfacet
  facet normal 0.000000e+00 0.000000e+00 1.000000e+00
    outer loop
      vertex   1.455655e+02 -1.840799e+02 2.000000e+00
      vertex   1.398017e+02 -1.857469e+02 2.000000e+00
      vertex   1.404181e+02 -1.875861e+02 2.000000e+00
    endloop
  endfacet
  facet normal 0.000000e+00 0.000000e+00 1.000000e+00
    outer loop
      vertex   1.455655e+02 -1.840799e+02 2.000000e+00
      vertex   1.404181e+02 -1.875861e+02 2.000000e+00
      vertex   1.460559e+02 -1.855283e+02 2.000000e+00
    endloop
  endfacet
  facet normal 0.000000e+00 0.000000e+00 1.000000e+00
    outer loop
      vertex   1.460559e+02 -1.855283e+02 2.000000e+00
      vertex   1.404181e+02 -1.875861e+02 2.000000e+00
      vertex   1.412016e+02 -1.893605e+02 2.000000e+00
    endloop
  endfacet
  facet normal 0.000000e+00 0.000000e+00 1.000000e+00
    outer loop
      vertex   1.460559e+02 -1.855283e+02 2.000000e+00
      vertex   1.412016e+02 -1.893605e+02 2.000000e+00
      vertex   1.466912e+02 -1.869192e+02 2.000000e+00
    endloop
  endfacet
  facet normal 0.000000e+00 0.000000e+00 1.000000e+00
    outer loop
      vertex   1.466912e+02 -1.869192e+02 2.000000e+00
      vertex   1.412016e+02 -1.893605e+02 2.000000e+00
      vertex   1.421454e+02 -1.910551e+02 2.000000e+00
    endloop
  endfacet
  facet normal 0.000000e+00 0.000000e+00 1.000000e+00
    outer loop
      vertex   1.466912e+02 -1.869192e+02 2.000000e+00
      vertex   1.421454e+02 -1.910551e+02 2.000000e+00
      vertex   1.474648e+02 -1.882382e+02 2.000000e+00
    endloop
  endfacet
  facet normal 0.000000e+00 0.000000e+00 1.000000e+00
    outer loop
      vertex   1.474648e+02 -1.882382e+02 2.000000e+00
      vertex   1.421454e+02 -1.910551e+02 2.000000e+00
      vertex   1.432416e+02 -1.926553e+02 2.000000e+00
    endloop
  endfacet
  facet normal 0.000000e+00 0.000000e+00 1.000000e+00
    outer loop
      vertex   1.474648e+02 -1.882382e+02 2.000000e+00
      vertex   1.432416e+02 -1.926553e+02 2.000000e+00
      vertex   1.483686e+02 -1.894716e+02 2.000000e+00
    endloop
  endfacet
  facet normal 0.000000e+00 0.000000e+00 1.000000e+00
    outer loop
      vertex   1.483686e+02 -1.894716e+02 2.000000e+00
      vertex   1.432416e+02 -1.926553e+02 2.000000e+00
      vertex   1.444808e+02 -1.941476e+02 2.000000e+00
    endloop
  endfacet
  facet normal 0.000000e+00 0.000000e+00 1.000000e+00
    outer loop
      vertex   1.483686e+02 -1.894716e+02 2.000000e+00
      vertex   1.444808e+02 -1.941476e+02 2.000000e+00
      vertex   1.493934e+02 -1.906066e+02 2.000000e+00
    endloop
  endfacet
  facet normal 0.000000e+00 0.000000e+00 1.000000e+00
    outer loop
      vertex   1.493934e+02 -1.906066e+02 2.000000e+00
      vertex   1.444808e+02 -1.941476e+02 2.000000e+00
      vertex   1.458524e+02 -1.955192e+02 2.000000e+00
    endloop
  endfacet
  facet normal 0.000000e+00 0.000000e+00 1.000000e+00
    outer loop
      vertex   1.493934e+02 -1.906066e+02 2.000000e+00
      vertex   1.458524e+02 -1.955192e+02 2.000000e+00
      vertex   1.505284e+02 -1.916313e+02 2.000000e+00
    endloop
  endfacet
  facet normal 0.000000e+00 0.000000e+00 1.000000e+00
    outer loop
      vertex   1.505284e+02 -1.916313e+02 2.000000e+00
      vertex   1.458524e+02 -1.955192e+02 2.000000e+00
      vertex   1.473447e+02 -1.967584e+02 2.000000e+00
    endloop
  endfacet
  facet normal 0.000000e+00 0.000000e+00 1.000000e+00
    outer loop
      vertex   1.505284e+02 -1.916313e+02 2.000000e+00
      vertex   1.473447e+02 -1.967584e+02 2.000000e+00
      vertex   1.517618e+02 -1.925352e+02 2.000000e+00
    endloop
  endfacet
  facet normal 0.000000e+00 0.000000e+00 1.000000e+00
    outer loop
      vertex   1.517618e+02 -1.925352e+02 2.000000e+00
      vertex   1.473447e+02 -1.967584e+02 2.000000e+00
      vertex   1.489449e+02 -1.978546e+02 2.000000e+00
    endloop
  endfacet
  facet normal 0.000000e+00 0.000000e+00 1.000000e+00
    outer loop
      vertex   1.517618e+02 -1.925352e+02 2.000000e+00
      vertex   1.489449e+02 -1.978546e+02 2.000000e+00
      vertex   1.530808e+02 -1.933088e+02 2.000000e+00
    endloop
  endfacet
  facet normal 0.000000e+00 0.000000e+00 1.000000e+00
    outer loop
      vertex   1.530808e+02 -1.933088e+02 2.000000e+00
      vertex   1.489449e+02 -1.978546e+02 2.000000e+00
      vertex   1.544717e+02 -1.939441e+02 2.000000e+00
    endloop
  endfacet
  facet normal 0.000000e+00 0.000000e+00 1.000000e+00
    outer loop
      vertex   1.544717e+02 -1.939441e+02 2.000000e+00
      vertex   1.489449e+02 -1.978546e+02 2.000000e+00
      vertex   1.559201e+02 -1.944345e+02 2.000000e+00
    endloop
  endfacet
  facet normal 0.000000e+00 0.000000e+00 1.000000e+00
    outer loop
      vertex   1.559201e+02 -1.944345e+02 2.000000e+00
      vertex   1.489449e+02 -1.978546e+02 2.000000e+00
      vertex   1.506395e+02 -1.987984e+02 2.000000e+00
    endloop
  endfacet
  facet normal 0.000000e+00 0.000000e+00 1.000000e+00
    outer loop
      vertex   1.559201e+02 -1.944345e+02 2.000000e+00
      vertex   1.506395e+02 -1.987984e+02 2.000000e+00
      vertex   1.524139e+02 -1.995819e+02 2.000000e+00
    endloop
  endfacet
  facet normal 0.000000e+00 0.000000e+00 1.000000e+00
    outer loop
      vertex   1.559201e+02 -1.944345e+02 2.000000e+00
      vertex   1.524139e+02 -1.995819e+02 2.000000e+00
      vertex   1.574109e+02 -1.947749e+02 2.000000e+00
    endloop
  endfacet
  facet normal 0.000000e+00 0.000000e+00 1.000000e+00
    outer loop
      vertex   1.574109e+02 -1.947749e+02 2.000000e+00
      vertex   1.524139e+02 -1.995819e+02 2.000000e+00
      vertex   1.542531e+02 -2.001983e+02 2.000000e+00
    endloop
  endfacet
  facet normal 0.000000e+00 0.000000e+00 1.000000e+00
    outer loop
      vertex   1.574109e+02 -1.947749e+02 2.000000e+00
      vertex   1.542531e+02 -2.001983e+02 2.000000e+00
      vertex   1.561413e+02 -2.006424e+02 2.000000e+00
    endloop
  endfacet
  facet normal -0.000000e+00 0.000000e+00 1.000000e+00
    outer loop
      vertex   1.561413e+02 -2.006424e+02 2.000000e+00
      vertex   1.580624e+02 -2.009104e+02 2.000000e+00
      vertex   1.574109e+02 -1.947749e+02 2.000000e+00
    endloop
  endfacet
  facet normal 0.000000e+00 0.000000e+00 1.000000e+00
    outer loop
      vertex   1.574109e+02 -1.947749e+02 2.000000e+00
      vertex   1.580624e+02 -2.009104e+02 2.000000e+00
      vertex   1.589286e+02 -1.949617e+02 2.000000e+00
    endloop
  endfacet
  facet normal 0.000000e+00 0.000000e+00 1.000000e+00
    outer loop
      vertex   1.589286e+02 -1.949617e+02 2.000000e+00
      vertex   1.580624e+02 -2.009104e+02 2.000000e+00
      vertex   1.600000e+02 -2.010000e+02 2.000000e+00
    endloop
  endfacet
  facet normal -0.000000e+00 0.000000e+00 1.000000e+00
    outer loop
      vertex   1.589286e+02 -1.949617e+02 2.000000e+00
      vertex   1.600000e+02 -2.010000e+02 2.000000e+00
      vertex   1.591624e+02 -1.949510e+02 2.000000e+00
    endloop
  endfacet
  facet normal -0.000000e+00 0.000000e+00 1.000000e+00
    outer loop
      vertex   1.591624e+02 -1.949510e+02 2.000000e+00
      vertex   1.600000e+02 -2.010000e+02 2.000000e+00
      vertex   1.593873e+02 -1.948862e+02 2.000000e+00
    endloop
  endfacet
  facet normal 0.000000e+00 0.000000e+00 1.000000e+00
    outer loop
      vertex   1.593873e+02 -1.948862e+02 2.000000e+00
      vertex   1.600000e+02 -2.010000e+02 2.000000e+00
      vertex   1.619376e+02 -2.009104e+02 2.000000e+00
    endloop
  endfacet
  facet normal -0.000000e+00 0.000000e+00 1.000000e+00
    outer loop
      vertex   1.593873e+02 -1.948862e+02 2.000000e+00
      vertex   1.619376e+02 -2.009104e+02 2.000000e+00
      vertex   1.595910e+02 -1.947709e+02 2.000000e+00
    endloop
  endfacet
  facet normal -0.000000e+00 0.000000e+00 1.000000e+00
    outer loop
      vertex   1.595910e+02 -1.947709e+02 2.000000e+00
      vertex   1.619376e+02 -2.009104e+02 2.000000e+00
      vertex   1.597624e+02 -1.946114e+02 2.000000e+00
    endloop
  endfacet
  facet normal 0.000000e+00 0.000000e+00 1.000000e+00
    outer loop
      vertex   1.597624e+02 -1.946114e+02 2.000000e+00
      vertex   1.619376e+02 -2.009104e+02 2.000000e+00
      vertex   1.638587e+02 -2.006424e+02 2.000000e+00
    endloop
  endfacet
  facet normal -0.000000e+00 0.000000e+00 1.000000e+00
    outer loop
      vertex   1.597624e+02 -1.946114e+02 2.000000e+00
      vertex   1.638587e+02 -2.006424e+02 2.000000e+00
      vertex   1.598919e+02 -1.944164e+02 2.000000e+00
    endloop
  endfacet
  facet normal 0.000000e+00 0.000000e+00 1.000000e+00
    outer loop
      vertex   1.598919e+02 -1.944164e+02 2.000000e+00
      vertex   1.638587e+02 -2.006424e+02 2.000000e+00
      vertex   1.657469e+02 -2.001983e+02 2.000000e+00
    endloop
  endfacet
  facet normal -0.000000e+00 0.000000e+00 1.000000e+00
    outer loop
      vertex   1.598919e+02 -1.944164e+02 2.000000e+00
      vertex   1.657469e+02 -2.001983e+02 2.000000e+00
      vertex   1.599726e+02 -1.941967e+02 2.000000e+00
    endloop
  endfacet
  facet normal 0.000000e+00 0.000000e+00 1.000000e+00
    outer loop
      vertex   1.599726e+02 -1.941967e+02 2.000000e+00
      vertex   1.657469e+02 -2.001983e+02 2.000000e+00
      vertex   1.675861e+02 -1.995819e+02 2.000000e+00
    endloop
  endfacet
  facet normal -0.000000e+00 0.000000e+00 1.000000e+00
    outer loop
      vertex   1.599726e+02 -1.941967e+02 2.000000e+00
      vertex   1.675861e+02 -1.995819e+02 2.000000e+00
      vertex   1.600000e+02 -1.939642e+02 2.000000e+00
    endloop
  endfacet
  facet normal 0.000000e+00 0.000000e+00 1.000000e+00
    outer loop
      vertex   1.600000e+02 -1.939642e+02 2.000000e+00
      vertex   1.675861e+02 -1.995819e+02 2.000000e+00
      vertex   1.693605e+02 -1.987984e+02 2.000000e+00
    endloop
  endfacet
  facet normal -0.000000e+00 -0.000000e+00 1.000000e+00
    outer loop
      vertex   1.600000e+02 -1.939642e+02 2.000000e+00
      vertex   1.693605e+02 -1.987984e+02 2.000000e+00
      vertex   1.600000e+02 -1.929615e+02 2.000000e+00
    endloop
  endfacet
  facet normal 0.000000e+00 0.000000e+00 1.000000e+00
    outer loop
      vertex   1.600000e+02 -1.929615e+02 2.000000e+00
      vertex   1.693605e+02 -1.987984e+02 2.000000e+00
      vertex   1.710551e+02 -1.978546e+02 2.000000e+00
    endloop
  endfacet
  facet normal -0.000000e+00 -0.000000e+00 1.000000e+00
    outer loop
      vertex   1.600000e+02 -1.929615e+02 2.000000e+00
      vertex   1.710551e+02 -1.978546e+02 2.000000e+00
      vertex   1.599692e+02 -1.927151e+02 2.000000e+00
    endloop
  endfacet
  facet normal 0.000000e+00 0.000000e+00 1.000000e+00
    outer loop
      vertex   1.599692e+02 -1.927151e+02 2.000000e+00
      vertex   1.710551e+02 -1.978546e+02 2.000000e+00
      vertex   1.726553e+02 -1.967584e+02 2.000000e+00
    endloop
  endfacet
  facet normal 0.000000e+00 0.000000e+00 1.000000e+00
    outer loop
      vertex   1.599692e+02 -1.927151e+02 2.000000e+00
      vertex   1.726553e+02 -1.967584e+02 2.000000e+00
      vertex   1.741476e+02 -1.955192e+02 2.000000e+00
    endloop
  endfacet
  facet normal -0.000000e+00 -0.000000e+00 1.000000e+00
    outer loop
      vertex   1.599692e+02 -1.927151e+02 2.000000e+00
      vertex   1.741476e+02 -1.955192e+02 2.000000e+00
      vertex   1.598786e+02 -1.924839e+02 2.000000e+00
    endloop
  endfacet
  facet normal 0.000000e+00 0.000000e+00 1.000000e+00
    outer loop
      vertex   1.598786e+02 -1.924839e+02 2.000000e+00
      vertex   1.741476e+02 -1.955192e+02 2.000000e+00
      vertex   1.755192e+02 -1.941476e+02 2.000000e+00
    endloop
  endfacet
  facet normal -0.000000e+00 0.000000e+00 1.000000e+00
    outer loop
      vertex   1.598786e+02 -1.924839e+02 2.000000e+00
      vertex   1.755192e+02 -1.941476e+02 2.000000e+00
      vertex   1.724839e+02 -1.798786e+02 2.000000e+00
    endloop
  endfacet
  facet normal 0.000000e+00 0.000000e+00 1.000000e+00
    outer loop
      vertex   1.724839e+02 -1.798786e+02 2.000000e+00
      vertex   1.755192e+02 -1.941476e+02 2.000000e+00
      vertex   1.727151e+02 -1.799692e+02 2.000000e+00
    endloop
  endfacet
  facet normal 0.000000e+00 0.000000e+00 1.000000e+00
    outer loop
      vertex   1.727151e+02 -1.799692e+02 2.000000e+00
      vertex   1.755192e+02 -1.941476e+02 2.000000e+00
      vertex   1.767584e+02 -1.926553e+02 2.000000e+00
    endloop
  endfacet
  facet normal 0.000000e+00 0.000000e+00 1.000000e+00
    outer loop
      vertex   1.727151e+02 -1.799692e+02 2.000000e+00
      vertex   1.767584e+02 -1.926553e+02 2.000000e+00
      vertex   1.778546e+02 -1.910551e+02 2.000000e+00
    endloop
  endfacet
  facet normal 0.000000e+00 0.000000e+00 1.000000e+00
    outer loop
      vertex   1.727151e+02 -1.799692e+02 2.000000e+00
      vertex   1.778546e+02 -1.910551e+02 2.000000e+00
      vertex   1.729615e+02 -1.800000e+02 2.000000e+00
    endloop
  endfacet
  facet normal 0.000000e+00 0.000000e+00 1.000000e+00
    outer loop
      vertex   1.729615e+02 -1.800000e+02 2.000000e+00
      vertex   1.778546e+02 -1.910551e+02 2.000000e+00
      vertex   1.787984e+02 -1.893605e+02 2.000000e+00
    endloop
  endfacet
  facet normal 0.000000e+00 0.000000e+00 1.000000e+00
    outer loop
      vertex   1.729615e+02 -1.800000e+02 2.000000e+00
      vertex   1.787984e+02 -1.893605e+02 2.000000e+00
      vertex   1.739642e+02 -1.800000e+02 2.000000e+00
    endloop
  endfacet
  facet normal 0.000000e+00 0.000000e+00 1.000000e+00
    outer loop
      vertex   1.739642e+02 -1.800000e+02 2.000000e+00
      vertex   1.787984e+02 -1.893605e+02 2.000000e+00
      vertex   1.795819e+02 -1.875861e+02 2.000000e+00
    endloop
  endfacet
  facet normal -0.000000e+00 0.000000e+00 1.000000e+00
    outer loop
      vertex   1.739642e+02 -1.800000e+02 2.000000e+00
      vertex   1.795819e+02 -1.875861e+02 2.000000e+00
      vertex   1.741967e+02 -1.799726e+02 2.000000e+00
    endloop
  endfacet
  facet normal 0.000000e+00 0.000000e+00 1.000000e+00
    outer loop
      vertex   1.741967e+02 -1.799726e+02 2.000000e+00
      vertex   1.795819e+02 -1.875861e+02 2.000000e+00
      vertex   1.801983e+02 -1.857469e+02 2.000000e+00
    endloop
  endfacet
  facet normal -0.000000e+00 0.000000e+00 1.000000e+00
    outer loop
      vertex   1.741967e+02 -1.799726e+02 2.000000e+00
      vertex   1.801983e+02 -1.857469e+02 2.000000e+00
      vertex   1.744164e+02 -1.798919e+02 2.000000e+00
    endloop
  endfacet
  facet normal 0.000000e+00 0.000000e+00 1.000000e+00
    outer loop
      vertex   1.744164e+02 -1.798919e+02 2.000000e+00
      vertex   1.801983e+02 -1.857469e+02 2.000000e+00
      vertex   1.806424e+02 -1.838587e+02 2.000000e+00
    endloop
  endfacet
  facet normal -0.000000e+00 0.000000e+00 1.000000e+00
    outer loop
      vertex   1.744164e+02 -1.798919e+02 2.000000e+00
      vertex   1.806424e+02 -1.838587e+02 2.000000e+00
      vertex   1.746114e+02 -1.797624e+02 2.000000e+00
    endloop
  endfacet
  facet normal 0.000000e+00 0.000000e+00 1.000000e+00
    outer loop
      vertex   1.746114e+02 -1.797624e+02 2.000000e+00
      vertex   1.806424e+02 -1.838587e+02 2.000000e+00
      vertex   1.809104e+02 -1.819376e+02 2.000000e+00
    endloop
  endfacet
  facet normal -0.000000e+00 0.000000e+00 1.000000e+00
    outer loop
      vertex   1.746114e+02 -1.797624e+02 2.000000e+00
      vertex   1.809104e+02 -1.819376e+02 2.000000e+00
      vertex   1.747709e+02 -1.795910e+02 2.000000e+00
    endloop
  endfacet
  facet normal -0.000000e+00 0.000000e+00 1.000000e+00
    outer loop
      vertex   1.747709e+02 -1.795910e+02 2.000000e+00
      vertex   1.809104e+02 -1.819376e+02 2.000000e+00
      vertex   1.748862e+02 -1.793873e+02 2.000000e+00
    endloop
  endfacet
  facet normal 0.000000e+00 0.000000e+00 1.000000e+00
    outer loop
      vertex   1.748862e+02 -1.793873e+02 2.000000e+00
      vertex   1.809104e+02 -1.819376e+02 2.000000e+00
      vertex   1.810000e+02 -1.800000e+02 2.000000e+00
    endloop
  endfacet
  facet normal 0.000000e+00 0.000000e+00 1.000000e+00
    outer loop
      vertex   1.724839e+02 -1.798786e+02 2.000000e+00
      vertex   1.722821e+02 -1.797338e+02 2.000000e+00
      vertex   1.598786e+02 -1.924839e+02 2.000000e+00
    endloop
  endfacet
  facet normal 0.000000e+00 -0.000000e+00 1.000000e+00
    outer loop
      vertex   1.598786e+02 -1.924839e+02 2.000000e+00
      vertex   1.722821e+02 -1.797338e+02 2.000000e+00
      vertex   1.597338e+02 -1.922821e+02 2.000000e+00
    endloop
  endfacet
  facet normal 0.000000e+00 0.000000e+00 1.000000e+00
    outer loop
      vertex   1.597338e+02 -1.922821e+02 2.000000e+00
      vertex   1.722821e+02 -1.797338e+02 2.000000e+00
      vertex   1.721222e+02 -1.795438e+02 2.000000e+00
    endloop
  endfacet
  facet normal 0.000000e+00 -0.000000e+00 1.000000e+00
    outer loop
      vertex   1.597338e+02 -1.922821e+02 2.000000e+00
      vertex   1.721222e+02 -1.795438e+02 2.000000e+00
      vertex   1.595438e+02 -1.921222e+02 2.000000e+00
    endloop
  endfacet
  facet normal 0.000000e+00 0.000000e+00 1.000000e+00
    outer loop
      vertex   1.595438e+02 -1.921222e+02 2.000000e+00
      vertex   1.721222e+02 -1.795438e+02 2.000000e+00
      vertex   1.720141e+02 -1.793202e+02 2.000000e+00
    endloop
  endfacet
  facet normal 0.000000e+00 -0.000000e+00 1.000000e+00
    outer loop
      vertex   1.595438e+02 -1.921222e+02 2.000000e+00
      vertex   1.720141e+02 -1.793202e+02 2.000000e+00
      vertex   1.593202e+02 -1.920141e+02 2.000000e+00
    endloop
  endfacet
  facet normal 0.000000e+00 0.000000e+00 1.000000e+00
    outer loop
      vertex   1.593202e+02 -1.920141e+02 2.000000e+00
      vertex   1.720141e+02 -1.793202e+02 2.000000e+00
      vertex   1.719644e+02 -1.790769e+02 2.000000e+00
    endloop
  endfacet
  facet normal 0.000000e+00 -0.000000e+00 1.000000e+00
    outer loop
      vertex   1.593202e+02 -1.920141e+02 2.000000e+00
      vertex   1.719644e+02 -1.790769e+02 2.000000e+00
      vertex   1.590769e+02 -1.919644e+02 2.000000e+00
    endloop
  endfacet
  facet normal 0.000000e+00 -0.000000e+00 1.000000e+00
    outer loop
      vertex   1.590769e+02 -1.919644e+02 2.000000e+00
      vertex   1.719644e+02 -1.790769e+02 2.000000e+00
      vertex   1.576740e+02 -1.917724e+02 2.000000e+00
    endloop
  endfacet
  facet normal 0.000000e+00 -0.000000e+00 1.000000e+00
    outer loop
      vertex   1.576740e+02 -1.917724e+02 2.000000e+00
      vertex   1.719644e+02 -1.790769e+02 2.000000e+00
      vertex   1.563035e+02 -1.914165e+02 2.000000e+00
    endloop
  endfacet
  facet normal 0.000000e+00 -0.000000e+00 1.000000e+00
    outer loop
      vertex   1.563035e+02 -1.914165e+02 2.000000e+00
      vertex   1.719644e+02 -1.790769e+02 2.000000e+00
      vertex   1.549845e+02 -1.909016e+02 2.000000e+00
    endloop
  endfacet
  facet normal 0.000000e+00 -0.000000e+00 1.000000e+00
    outer loop
      vertex   1.549845e+02 -1.909016e+02 2.000000e+00
      vertex   1.719644e+02 -1.790769e+02 2.000000e+00
      vertex   1.537353e+02 -1.902349e+02 2.000000e+00
    endloop
  endfacet
  facet normal 0.000000e+00 -0.000000e+00 1.000000e+00
    outer loop
      vertex   1.537353e+02 -1.902349e+02 2.000000e+00
      vertex   1.719644e+02 -1.790769e+02 2.000000e+00
      vertex   1.525733e+02 -1.894257e+02 2.000000e+00
    endloop
  endfacet
  facet normal 0.000000e+00 -0.000000e+00 1.000000e+00
    outer loop
      vertex   1.525733e+02 -1.894257e+02 2.000000e+00
      vertex   1.719644e+02 -1.790769e+02 2.000000e+00
      vertex   1.515147e+02 -1.884853e+02 2.000000e+00
    endloop
  endfacet
  facet normal 0.000000e+00 -0.000000e+00 1.000000e+00
    outer loop
      vertex   1.515147e+02 -1.884853e+02 2.000000e+00
      vertex   1.719644e+02 -1.790769e+02 2.000000e+00
      vertex   1.505743e+02 -1.874267e+02 2.000000e+00
    endloop
  endfacet
  facet normal 0.000000e+00 -0.000000e+00 1.000000e+00
    outer loop
      vertex   1.505743e+02 -1.874267e+02 2.000000e+00
      vertex   1.719644e+02 -1.790769e+02 2.000000e+00
      vertex   1.497651e+02 -1.862647e+02 2.000000e+00
    endloop
  endfacet
  facet normal 0.000000e+00 -0.000000e+00 1.000000e+00
    outer loop
      vertex   1.497651e+02 -1.862647e+02 2.000000e+00
      vertex   1.719644e+02 -1.790769e+02 2.000000e+00
      vertex   1.490984e+02 -1.850155e+02 2.000000e+00
    endloop
  endfacet
  facet normal 0.000000e+00 -0.000000e+00 1.000000e+00
    outer loop
      vertex   1.490984e+02 -1.850155e+02 2.000000e+00
      vertex   1.719644e+02 -1.790769e+02 2.000000e+00
      vertex   1.485835e+02 -1.836965e+02 2.000000e+00
    endloop
  endfacet
  facet normal 0.000000e+00 -0.000000e+00 1.000000e+00
    outer loop
      vertex   1.485835e+02 -1.836965e+02 2.000000e+00
      vertex   1.719644e+02 -1.790769e+02 2.000000e+00
      vertex   1.482276e+02 -1.823260e+02 2.000000e+00
    endloop
  endfacet
  facet normal 0.000000e+00 -0.000000e+00 1.000000e+00
    outer loop
      vertex   1.482276e+02 -1.823260e+02 2.000000e+00
      vertex   1.719644e+02 -1.790769e+02 2.000000e+00
      vertex   1.480356e+02 -1.809231e+02 2.000000e+00
    endloop
  endfacet
  facet normal 0.000000e+00 0.000000e+00 1.000000e+00
    outer loop
      vertex   1.480356e+02 -1.809231e+02 2.000000e+00
      vertex   1.719644e+02 -1.790769e+02 2.000000e+00
      vertex   1.717724e+02 -1.776740e+02 2.000000e+00
    endloop
  endfacet
  facet normal 0.000000e+00 0.000000e+00 1.000000e+00
    outer loop
      vertex   1.480356e+02 -1.809231e+02 2.000000e+00
      vertex   1.717724e+02 -1.776740e+02 2.000000e+00
      vertex   1.714165e+02 -1.763035e+02 2.000000e+00
    endloop
  endfacet
  facet normal 0.000000e+00 0.000000e+00 1.000000e+00
    outer loop
      vertex   1.714165e+02 -1.763035e+02 2.000000e+00
      vertex   1.709016e+02 -1.749845e+02 2.000000e+00
      vertex   1.480356e+02 -1.809231e+02 2.000000e+00
    endloop
  endfacet
  facet normal 0.000000e+00 0.000000e+00 1.000000e+00
    outer loop
      vertex   1.480356e+02 -1.809231e+02 2.000000e+00
      vertex   1.709016e+02 -1.749845e+02 2.000000e+00
      vertex   1.702349e+02 -1.737353e+02 2.000000e+00
    endloop
  endfacet
  facet normal 0.000000e+00 0.000000e+00 1.000000e+00
    outer loop
      vertex   1.480356e+02 -1.809231e+02 2.000000e+00
      vertex   1.702349e+02 -1.737353e+02 2.000000e+00
      vertex   1.694257e+02 -1.725733e+02 2.000000e+00
    endloop
  endfacet
  facet normal 0.000000e+00 0.000000e+00 1.000000e+00
    outer loop
      vertex   1.694257e+02 -1.725733e+02 2.000000e+00
      vertex   1.684853e+02 -1.715147e+02 2.000000e+00
      vertex   1.480356e+02 -1.809231e+02 2.000000e+00
    endloop
  endfacet
  facet normal 0.000000e+00 0.000000e+00 1.000000e+00
    outer loop
      vertex   1.480356e+02 -1.809231e+02 2.000000e+00
      vertex   1.684853e+02 -1.715147e+02 2.000000e+00
      vertex   1.674267e+02 -1.705743e+02 2.000000e+00
    endloop
  endfacet
  facet normal 0.000000e+00 0.000000e+00 1.000000e+00
    outer loop
      vertex   1.480356e+02 -1.809231e+02 2.000000e+00
      vertex   1.674267e+02 -1.705743e+02 2.000000e+00
      vertex   1.662647e+02 -1.697651e+02 2.000000e+00
    endloop
  endfacet
  facet normal 0.000000e+00 0.000000e+00 1.000000e+00
    outer loop
      vertex   1.662647e+02 -1.697651e+02 2.000000e+00
      vertex   1.650155e+02 -1.690984e+02 2.000000e+00
      vertex   1.480356e+02 -1.809231e+02 2.000000e+00
    endloop
  endfacet
  facet normal 0.000000e+00 0.000000e+00 1.000000e+00
    outer loop
      vertex   1.480356e+02 -1.809231e+02 2.000000e+00
      vertex   1.650155e+02 -1.690984e+02 2.000000e+00
      vertex   1.636965e+02 -1.685835e+02 2.000000e+00
    endloop
  endfacet
  facet normal 0.000000e+00 0.000000e+00 1.000000e+00
    outer loop
      vertex   1.480356e+02 -1.809231e+02 2.000000e+00
      vertex   1.636965e+02 -1.685835e+02 2.000000e+00
      vertex   1.623260e+02 -1.682276e+02 2.000000e+00
    endloop
  endfacet
  facet normal 0.000000e+00 0.000000e+00 1.000000e+00
    outer loop
      vertex   1.623260e+02 -1.682276e+02 2.000000e+00
      vertex   1.609231e+02 -1.680356e+02 2.000000e+00
      vertex   1.480356e+02 -1.809231e+02 2.000000e+00
    endloop
  endfacet
  facet normal 0.000000e+00 -0.000000e+00 1.000000e+00
    outer loop
      vertex   1.480356e+02 -1.809231e+02 2.000000e+00
      vertex   1.609231e+02 -1.680356e+02 2.000000e+00
      vertex   1.479859e+02 -1.806798e+02 2.000000e+00
    endloop
  endfacet
  facet normal 0.000000e+00 0.000000e+00 1.000000e+00
    outer loop
      vertex   1.479859e+02 -1.806798e+02 2.000000e+00
      vertex   1.609231e+02 -1.680356e+02 2.000000e+00
      vertex   1.606798e+02 -1.679859e+02 2.000000e+00
    endloop
  endfacet
  facet normal 0.000000e+00 -0.000000e+00 1.000000e+00
    outer loop
      vertex   1.479859e+02 -1.806798e+02 2.000000e+00
      vertex   1.606798e+02 -1.679859e+02 2.000000e+00
      vertex   1.478777e+02 -1.804562e+02 2.000000e+00
    endloop
  endfacet
  facet normal 0.000000e+00 0.000000e+00 1.000000e+00
    outer loop
      vertex   1.478777e+02 -1.804562e+02 2.000000e+00
      vertex   1.606798e+02 -1.679859e+02 2.000000e+00
      vertex   1.604562e+02 -1.678777e+02 2.000000e+00
    endloop
  endfacet
  facet normal 0.000000e+00 -0.000000e+00 1.000000e+00
    outer loop
      vertex   1.478777e+02 -1.804562e+02 2.000000e+00
      vertex   1.604562e+02 -1.678777e+02 2.000000e+00
      vertex   1.477179e+02 -1.802662e+02 2.000000e+00
    endloop
  endfacet
  facet normal 0.000000e+00 0.000000e+00 1.000000e+00
    outer loop
      vertex   1.477179e+02 -1.802662e+02 2.000000e+00
      vertex   1.604562e+02 -1.678777e+02 2.000000e+00
      vertex   1.602662e+02 -1.677179e+02 2.000000e+00
    endloop
  endfacet
  facet normal 0.000000e+00 -0.000000e+00 1.000000e+00
    outer loop
      vertex   1.477179e+02 -1.802662e+02 2.000000e+00
      vertex   1.602662e+02 -1.677179e+02 2.000000e+00
      vertex   1.475161e+02 -1.801214e+02 2.000000e+00
    endloop
  endfacet
  facet normal 0.000000e+00 0.000000e+00 1.000000e+00
    outer loop
      vertex   1.475161e+02 -1.801214e+02 2.000000e+00
      vertex   1.602662e+02 -1.677179e+02 2.000000e+00
      vertex   1.601214e+02 -1.675161e+02 2.000000e+00
    endloop
  endfacet
  facet normal 0.000000e+00 -0.000000e+00 -1.000000e+00
    outer loop
      vertex   1.250856e+02 -1.336947e+02 0.000000e+00
      vertex   1.350000e+02 -1.250000e+02 0.000000e+00
      vertex   1.250000e+02 -1.350000e+02 0.000000e+00
    endloop
  endfacet
  facet normal 0.000000e+00 0.000000e+00 -1.000000e+00
    outer loop
      vertex   1.250000e+02 -1.350000e+02 0.000000e+00
      vertex   1.350000e+02 -1.250000e+02 0.000000e+00
      vertex   2.150000e+02 -1.250000e+02 0.000000e+00
    endloop
  endfacet
  facet normal 0.000000e+00 0.000000e+00 -1.000000e+00
    outer loop
      vertex   1.250000e+02 -1.350000e+02 0.000000e+00
      vertex   2.150000e+02 -1.250000e+02 0.000000e+00
      vertex   1.250000e+02 -2.150000e+02 0.000000e+00
    endloop
  endfacet
  facet normal 0.000000e+00 0.000000e+00 -1.000000e+00
    outer loop
      vertex   1.250000e+02 -2.150000e+02 0.000000e+00
      vertex   2.150000e+02 -1.250000e+02 0.000000e+00
      vertex   2.250000e+02 -1.350000e+02 0.000000e+00
    endloop
  endfacet
  facet normal 0.000000e+00 0.000000e+00 -1.000000e+00
    outer loop
      vertex   1.250000e+02 -2.150000e+02 0.000000e+00
      vertex   2.250000e+02 -1.350000e+02 0.000000e+00
      vertex   1.350000e+02 -2.250000e+02 0.000000e+00
    endloop
  endfacet
  facet normal 0.000000e+00 0.000000e+00 -1.000000e+00
    outer loop
      vertex   1.350000e+02 -2.250000e+02 0.000000e+00
      vertex   2.250000e+02 -1.350000e+02 0.000000e+00
      vertex   2.250000e+02 -2.150000e+02 0.000000e+00
    endloop
  endfacet
  facet normal 0.000000e+00 0.000000e+00 -1.000000e+00
    outer loop
      vertex   1.350000e+02 -2.250000e+02 0.000000e+00
      vertex   2.250000e+02 -2.150000e+02 0.000000e+00
      vertex   2.150000e+02 -2.250000e+02 0.000000e+00
    endloop
  endfacet
  facet normal 0.000000e+00 0.000000e+00 -1.000000e+00
    outer loop
      vertex   2.150000e+02 -2.250000e+02 0.000000e+00
      vertex   2.250000e+02 -2.150000e+02 0.000000e+00
      vertex   2.163053e+02 -2.249144e+02 0.000000e+00
    endloop
  endfacet
  facet normal 0.000000e+00 0.000000e+00 -1.000000e+00
    outer loop
      vertex   2.163053e+02 -2.249144e+02 0.000000e+00
      vertex   2.250000e+02 -2.150000e+02 0.000000e+00
      vertex   2.175882e+02 -2.246593e+02 0.000000e+00
    endloop
  endfacet
  facet normal 0.000000e+00 0.000000e+00 -1.000000e+00
    outer loop
      vertex   2.175882e+02 -2.246593e+02 0.000000e+00
      vertex   2.250000e+02 -2.150000e+02 0.000000e+00
      vertex   2.188268e+02 -2.242388e+02 0.000000e+00
    endloop
  endfacet
  facet normal 0.000000e+00 0.000000e+00 -1.000000e+00
    outer loop
      vertex   2.188268e+02 -2.242388e+02 0.000000e+00
      vertex   2.250000e+02 -2.150000e+02 0.000000e+00
      vertex   2.200000e+02 -2.236603e+02 0.000000e+00
    endloop
  endfacet
  facet normal 0.000000e+00 0.000000e+00 -1.000000e+00
    outer loop
      vertex   2.200000e+02 -2.236603e+02 0.000000e+00
      vertex   2.250000e+02 -2.150000e+02 0.000000e+00
      vertex   2.210876e+02 -2.229335e+02 0.000000e+00
    endloop
  endfacet
  facet normal 0.000000e+00 0.000000e+00 -1.000000e+00
    outer loop
      vertex   2.210876e+02 -2.229335e+02 0.000000e+00
      vertex   2.250000e+02 -2.150000e+02 0.000000e+00
      vertex   2.220711e+02 -2.220711e+02 0.000000e+00
    endloop
  endfacet
  facet normal 0.000000e+00 0.000000e+00 -1.000000e+00
    outer loop
      vertex   2.220711e+02 -2.220711e+02 0.000000e+00
      vertex   2.250000e+02 -2.150000e+02 0.000000e+00
      vertex   2.229335e+02 -2.210876e+02 0.000000e+00
    endloop
  endfacet
  facet normal 0.000000e+00 0.000000e+00 -1.000000e+00
    outer loop
      vertex   2.229335e+02 -2.210876e+02 0.000000e+00
      vertex   2.250000e+02 -2.150000e+02 0.000000e+00
      vertex   2.236603e+02 -2.200000e+02 0.000000e+00
    endloop
  endfacet
  facet normal 0.000000e+00 0.000000e+00 -1.000000e+00
    outer loop
      vertex   2.236603e+02 -2.200000e+02 0.000000e+00
      vertex   2.250000e+02 -2.150000e+02 0.000000e+00
      vertex   2.242388e+02 -2.188268e+02 0.000000e+00
    endloop
  endfacet
  facet normal 0.000000e+00 0.000000e+00 -1.000000e+00
    outer loop
      vertex   2.242388e+02 -2.188268e+02 0.000000e+00
      vertex   2.250000e+02 -2.150000e+02 0.000000e+00
      vertex   2.246593e+02 -2.175882e+02 0.000000e+00
    endloop
  endfacet
  facet normal 0.000000e+00 0.000000e+00 -1.000000e+00
    outer loop
      vertex   2.246593e+02 -2.175882e+02 0.000000e+00
      vertex   2.250000e+02 -2.150000e+02 0.000000e+00
      vertex   2.249144e+02 -2.163053e+02 0.000000e+00
    endloop
  endfacet
  facet normal 0.000000e+00 0.000000e+00 -1.000000e+00
    outer loop
      vertex   1.250856e+02 -1.336947e+02 0.000000e+00
      vertex   1.253407e+02 -1.324118e+02 0.000000e+00
      vertex   1.350000e+02 -1.250000e+02 0.000000e+00
    endloop
  endfacet
  facet normal 0.000000e+00 0.000000e+00 -1.000000e+00
    outer loop
      vertex   1.350000e+02 -1.250000e+02 0.000000e+00
      vertex   1.253407e+02 -1.324118e+02 0.000000e+00
      vertex   1.257612e+02 -1.311732e+02 0.000000e+00
    endloop
  endfacet
  facet normal 0.000000e+00 0.000000e+00 -1.000000e+00
    outer loop
      vertex   1.350000e+02 -1.250000e+02 0.000000e+00
      vertex   1.257612e+02 -1.311732e+02 0.000000e+00
      vertex   1.263397e+02 -1.300000e+02 0.000000e+00
    endloop
  endfacet
  facet normal 0.000000e+00 0.000000e+00 -1.000000e+00
    outer loop
      vertex   1.263397e+02 -1.300000e+02 0.000000e+00
      vertex   1.270665e+02 -1.289124e+02 0.000000e+00
      vertex   1.350000e+02 -1.250000e+02 0.000000e+00
    endloop
  endfacet
  facet normal 0.000000e+00 0.000000e+00 -1.000000e+00
    outer loop
      vertex   1.350000e+02 -1.250000e+02 0.000000e+00
      vertex   1.270665e+02 -1.289124e+02 0.000000e+00
      vertex   1.279289e+02 -1.279289e+02 0.000000e+00
    endloop
  endfacet
  facet normal 0.000000e+00 0.000000e+00 -1.000000e+00
    outer loop
      vertex   1.350000e+02 -1.250000e+02 0.000000e+00
      vertex   1.279289e+02 -1.279289e+02 0.000000e+00
      vertex   1.289124e+02 -1.270665e+02 0.000000e+00
    endloop
  endfacet
  facet normal 0.000000e+00 0.000000e+00 -1.000000e+00
    outer loop
      vertex   1.289124e+02 -1.270665e+02 0.000000e+00
      vertex   1.300000e+02 -1.263397e+02 0.000000e+00
      vertex   1.350000e+02 -1.250000e+02 0.000000e+00
    endloop
  endfacet
  facet normal 0.000000e+00 0.000000e+00 -1.000000e+00
    outer loop
      vertex   1.350000e+02 -1.250000e+02 0.000000e+00
      vertex   1.300000e+02 -1.263397e+02 0.000000e+00
      vertex   1.311732e+02 -1.257612e+02 0.000000e+00
    endloop
  endfacet
  facet normal 0.000000e+00 0.000000e+00 -1.000000e+00
    outer loop
      vertex   1.350000e+02 -1.250000e+02 0.000000e+00
      vertex   1.311732e+02 -1.257612e+02 0.000000e+00
      vertex   1.324118e+02 -1.253407e+02 0.000000e+00
    endloop
  endfacet
  facet normal 0.000000e+00 0.000000e+00 -1.000000e+00
    outer loop
      vertex   1.324118e+02 -1.253407e+02 0.000000e+00
      vertex   1.336947e+02 -1.250856e+02 0.000000e+00
      vertex   1.350000e+02 -1.250000e+02 0.000000e+00
    endloop
  endfacet
  facet normal -0.000000e+00 -0.000000e+00 -1.000000e+00
    outer loop
      vertex   2.163053e+02 -1.250856e+02 0.000000e+00
      vertex   2.175882e+02 -1.253407e+02 0.000000e+00
      vertex   2.150000e+02 -1.250000e+02 0.000000e+00
    endloop
  endfacet
  facet normal 0.000000e+00 0.000000e+00 -1.000000e+00
    outer loop
      vertex   2.150000e+02 -1.250000e+02 0.000000e+00
      vertex   2.175882e+02 -1.253407e+02 0.000000e+00
      vertex   2.188268e+02 -1.257612e+02 0.000000e+00
    endloop
  endfacet
  facet normal 0.000000e+00 0.000000e+00 -1.000000e+00
    outer loop
      vertex   2.150000e+02 -1.250000e+02 0.000000e+00
      vertex   2.188268e+02 -1.257612e+02 0.000000e+00
      vertex   2.200000e+02 -1.263397e+02 0.000000e+00
    endloop
  endfacet
  facet normal -0.000000e+00 -0.000000e+00 -1.000000e+00
    outer loop
      vertex   2.200000e+02 -1.263397e+02 0.000000e+00
      vertex   2.210876e+02 -1.270665e+02 0.000000e+00
      vertex   2.150000e+02 -1.250000e+02 0.000000e+00
    endloop
  endfacet
  facet normal 0.000000e+00 0.000000e+00 -1.000000e+00
    outer loop
      vertex   2.150000e+02 -1.250000e+02 0.000000e+00
      vertex   2.210876e+02 -1.270665e+02 0.000000e+00
      vertex   2.220711e+02 -1.279289e+02 0.000000e+00
    endloop
  endfacet
  facet normal 0.000000e+00 0.000000e+00 -1.000000e+00
    outer loop
      vertex   2.150000e+02 -1.250000e+02 0.000000e+00
      vertex   2.220711e+02 -1.279289e+02 0.000000e+00
      vertex   2.229335e+02 -1.289124e+02 0.000000e+00
    endloop
  endfacet
  facet normal -0.000000e+00 -0.000000e+00 -1.000000e+00
    outer loop
      vertex   2.229335e+02 -1.289124e+02 0.000000e+00
      vertex   2.236603e+02 -1.300000e+02 0.000000e+00
      vertex   2.150000e+02 -1.250000e+02 0.000000e+00
    endloop
  endfacet
  facet normal 0.000000e+00 0.000000e+00 -1.000000e+00
    outer loop
      vertex   2.150000e+02 -1.250000e+02 0.000000e+00
      vertex   2.236603e+02 -1.300000e+02 0.000000e+00
      vertex   2.242388e+02 -1.311732e+02 0.000000e+00
    endloop
  endfacet
  facet normal 0.000000e+00 0.000000e+00 -1.000000e+00
    outer loop
      vertex   2.150000e+02 -1.250000e+02 0.000000e+00
      vertex   2.242388e+02 -1.311732e+02 0.000000e+00
      vertex   2.246593e+02 -1.324118e+02 0.000000e+00
    endloop
  endfacet
  facet normal -0.000000e+00 -0.000000e+00 -1.000000e+00
    outer loop
      vertex   2.246593e+02 -1.324118e+02 0.000000e+00
      vertex   2.249144e+02 -1.336947e+02 0.000000e+00
      vertex   2.150000e+02 -1.250000e+02 0.000000e+00
    endloop
  endfacet
  facet normal 0.000000e+00 0.000000e+00 -1.000000e+00
    outer loop
      vertex   2.150000e+02 -1.250000e+02 0.000000e+00
      vertex   2.249144e+02 -1.336947e+02 0.000000e+00
      vertex   2.250000e+02 -1.350000e+02 0.000000e+00
    endloop
  endfacet
  facet normal 0.000000e+00 0.000000e+00 -1.000000e+00
    outer loop
      vertex   1.350000e+02 -2.250000e+02 0.000000e+00
      vertex   1.336947e+02 -2.249144e+02 0.000000e+00
      vertex   1.250000e+02 -2.150000e+02 0.000000e+00
    endloop
  endfacet
  facet normal 0.000000e+00 0.000000e+00 -1.000000e+00
    outer loop
      vertex   1.250000e+02 -2.150000e+02 0.000000e+00
      vertex   1.336947e+02 -2.249144e+02 0.000000e+00
      vertex   1.324118e+02 -2.246593e+02 0.000000e+00
    endloop
  endfacet
  facet normal 0.000000e+00 0.000000e+00 -1.000000e+00
    outer loop
      vertex   1.250000e+02 -2.150000e+02 0.000000e+00
      vertex   1.324118e+02 -2.246593e+02 0.000000e+00
      vertex   1.311732e+02 -2.242388e+02 0.000000e+00
    endloop
  endfacet
  facet normal 0.000000e+00 0.000000e+00 -1.000000e+00
    outer loop
      vertex   1.311732e+02 -2.242388e+02 0.000000e+00
      vertex   1.300000e+02 -2.236603e+02 0.000000e+00
      vertex   1.250000e+02 -2.150000e+02 0.000000e+00
    endloop
  endfacet
  facet normal 0.000000e+00 0.000000e+00 -1.000000e+00
    outer loop
      vertex   1.250000e+02 -2.150000e+02 0.000000e+00
      vertex   1.300000e+02 -2.236603e+02 0.000000e+00
      vertex   1.289124e+02 -2.229335e+02 0.000000e+00
    endloop
  endfacet
  facet normal 0.000000e+00 0.000000e+00 -1.000000e+00
    outer loop
      vertex   1.250000e+02 -2.150000e+02 0.000000e+00
      vertex   1.289124e+02 -2.229335e+02 0.000000e+00
      vertex   1.279289e+02 -2.220711e+02 0.000000e+00
    endloop
  endfacet
  facet normal 0.000000e+00 0.000000e+00 -1.000000e+00
    outer loop
      vertex   1.279289e+02 -2.220711e+02 0.000000e+00
      vertex   1.270665e+02 -2.210876e+02 0.000000e+00
      vertex   1.250000e+02 -2.150000e+02 0.000000e+00
    endloop
  endfacet
  facet normal 0.000000e+00 0.000000e+00 -1.000000e+00
    outer loop
      vertex   1.250000e+02 -2.150000e+02 0.000000e+00
      vertex   1.270665e+02 -2.210876e+02 0.000000e+00
      vertex   1.263397e+02 -2.200000e+02 0.000000e+00
    endloop
  endfacet
  facet normal 0.000000e+00 0.000000e+00 -1.000000e+00
    outer loop
      vertex   1.250000e+02 -2.150000e+02 0.000000e+00
      vertex   1.263397e+02 -2.200000e+02 0.000000e+00
      vertex   1.257612e+02 -2.188268e+02 0.000000e+00
    endloop
  endfacet
  facet normal 0.000000e+00 0.000000e+00 -1.000000e+00
    outer loop
      vertex   1.257612e+02 -2.188268e+02 0.000000e+00
      vertex   1.253407e+02 -2.175882e+02 0.000000e+00
      vertex   1.250000e+02 -2.150000e+02 0.000000e+00
    endloop
  endfacet
  facet normal 0.000000e+00 0.000000e+00 -1.000000e+00
    outer loop
      vertex   1.250000e+02 -2.150000e+02 0.000000e+00
      vertex   1.253407e+02 -2.175882e+02 0.000000e+00
      vertex   1.250856e+02 -2.163053e+02 0.000000e+00
    endloop
  endfacet
endsolid
