solid ASCII
  facet normal -0.000000e+00 1.000000e+00 0.000000e+00
    outer loop
      vertex   2.496633e+01 9.100000e+01 2.000000e+00
      vertex   6.503367e+01 9.100000e+01 2.000000e+00
      vertex   2.496633e+01 9.100000e+01 1.000000e+00
    endloop
  endfacet
  facet normal 0.000000e+00 1.000000e+00 0.000000e+00
    outer loop
      vertex   2.496633e+01 9.100000e+01 1.000000e+00
      vertex   6.503367e+01 9.100000e+01 2.000000e+00
      vertex   6.503367e+01 9.100000e+01 1.000000e+00
    endloop
  endfacet
  facet normal 1.154653e-01 9.933115e-01 -0.000000e+00
    outer loop
      vertex   6.503367e+01 9.100000e+01 1.000000e+00
      vertex   6.503367e+01 9.100000e+01 2.000000e+00
      vertex   6.514836e+01 9.098667e+01 1.000000e+00
    endloop
  endfacet
  facet normal 1.154653e-01 9.933115e-01 -0.000000e+00
    outer loop
      vertex   6.514836e+01 9.098667e+01 1.000000e+00
      vertex   6.503367e+01 9.100000e+01 2.000000e+00
      vertex   6.514836e+01 9.098667e+01 2.000000e+00
    endloop
  endfacet
  facet normal 3.402383e-01 9.403393e-01 -0.000000e+00
    outer loop
      vertex   6.514836e+01 9.098667e+01 1.000000e+00
      vertex   6.514836e+01 9.098667e+01 2.000000e+00
      vertex   6.525694e+01 9.094738e+01 1.000000e+00
    endloop
  endfacet
  facet normal 3.402383e-01 9.403393e-01 -0.000000e+00
    outer loop
      vertex   6.525694e+01 9.094738e+01 1.000000e+00
      vertex   6.514836e+01 9.098667e+01 2.000000e+00
      vertex   6.525694e+01 9.094738e+01 2.000000e+00
    endloop
  endfacet
  facet normal 5.468667e-01 8.372197e-01 -0.000000e+00
    outer loop
      vertex   6.525694e+01 9.094738e+01 1.000000e+00
      vertex   6.525694e+01 9.094738e+01 2.000000e+00
      vertex   6.535361e+01 9.088424e+01 1.000000e+00
    endloop
  endfacet
  facet normal 5.468667e-01 8.372197e-01 -0.000000e+00
    outer loop
      vertex   6.535361e+01 9.088424e+01 1.000000e+00
      vertex   6.525694e+01 9.094738e+01 2.000000e+00
      vertex   6.535361e+01 9.088424e+01 2.000000e+00
    endloop
  endfacet
  facet normal 7.243313e-01 6.894521e-01 -0.000000e+00
    outer loop
      vertex   6.535361e+01 9.088424e+01 1.000000e+00
      vertex   6.535361e+01 9.088424e+01 2.000000e+00
      vertex   6.543322e+01 9.080060e+01 1.000000e+00
    endloop
  endfacet
  facet normal 7.243313e-01 6.894521e-01 -0.000000e+00
    outer loop
      vertex   6.543322e+01 9.080060e+01 1.000000e+00
      vertex   6.535361e+01 9.088424e+01 2.000000e+00
      vertex   6.543322e+01 9.080060e+01 2.000000e+00
    endloop
  endfacet
  facet normal 8.631681e-01 5.049167e-01 -0.000000e+00
    outer loop
      vertex   6.543322e+01 9.080060e+01 1.000000e+00
      vertex   6.543322e+01 9.080060e+01 2.000000e+00
      vertex   6.549152e+01 9.070094e+01 1.000000e+00
    endloop
  endfacet
  facet normal 8.631681e-01 5.049167e-01 -0.000000e+00
    outer loop
      vertex   6.549152e+01 9.070094e+01 1.000000e+00
      vertex   6.543322e+01 9.080060e+01 2.000000e+00
      vertex   6.549152e+01 9.070094e+01 2.000000e+00
    endloop
  endfacet
  facet normal 9.559730e-01 2.934546e-01 -0.000000e+00
    outer loop
      vertex   6.549152e+01 9.070094e+01 1.000000e+00
      vertex   6.549152e+01 9.070094e+01 2.000000e+00
      vertex   6.552540e+01 9.059056e+01 1.000000e+00
    endloop
  endfacet
  facet normal 9.559730e-01 2.934546e-01 -0.000000e+00
    outer loop
      vertex   6.552540e+01 9.059056e+01 1.000000e+00
      vertex   6.549152e+01 9.070094e+01 2.000000e+00
      vertex   6.552540e+01 9.059056e+01 2.000000e+00
    endloop
  endfacet
  facet normal 9.977969e-01 6.634295e-02 -0.000000e+00
    outer loop
      vertex   6.552540e+01 9.059056e+01 1.000000e+00
      vertex   6.552540e+01 9.059056e+01 2.000000e+00
      vertex   6.553306e+01 9.047535e+01 1.000000e+00
    endloop
  endfacet
  facet normal 9.977969e-01 6.634295e-02 -0.000000e+00
    outer loop
      vertex   6.553306e+01 9.047535e+01 1.000000e+00
      vertex   6.552540e+01 9.059056e+01 2.000000e+00
      vertex   6.553306e+01 9.047535e+01 2.000000e+00
    endloop
  endfacet
  facet normal 9.978283e-01 -6.586826e-02 0.000000e+00
    outer loop
      vertex   6.553306e+01 9.047535e+01 1.000000e+00
      vertex   6.553306e+01 9.047535e+01 2.000000e+00
      vertex   6.522723e+01 8.584236e+01 1.000000e+00
    endloop
  endfacet
  facet normal 9.978283e-01 -6.586826e-02 0.000000e+00
    outer loop
      vertex   6.522723e+01 8.584236e+01 1.000000e+00
      vertex   6.553306e+01 9.047535e+01 2.000000e+00
      vertex   6.522723e+01 8.584236e+01 2.000000e+00
    endloop
  endfacet
  facet normal 9.950951e-01 -9.892246e-02 0.000000e+00
    outer loop
      vertex   6.522723e+01 8.584236e+01 1.000000e+00
      vertex   6.522723e+01 8.584236e+01 2.000000e+00
      vertex   6.476793e+01 8.122207e+01 1.000000e+00
    endloop
  endfacet
  facet normal 9.950951e-01 -9.892246e-02 0.000000e+00
    outer loop
      vertex   6.476793e+01 8.122207e+01 1.000000e+00
      vertex   6.522723e+01 8.584236e+01 2.000000e+00
      vertex   6.476793e+01 8.122207e+01 2.000000e+00
    endloop
  endfacet
  facet normal 9.912673e-01 -1.318678e-01 0.000000e+00
    outer loop
      vertex   6.476793e+01 8.122207e+01 1.000000e+00
      vertex   6.476793e+01 8.122207e+01 2.000000e+00
      vertex   6.415566e+01 7.661955e+01 1.000000e+00
    endloop
  endfacet
  facet normal 9.912673e-01 -1.318678e-01 0.000000e+00
    outer loop
      vertex   6.415566e+01 7.661955e+01 1.000000e+00
      vertex   6.476793e+01 8.122207e+01 2.000000e+00
      vertex   6.415566e+01 7.661955e+01 2.000000e+00
    endloop
  endfacet
  facet normal 9.863490e-01 -1.646682e-01 0.000000e+00
    outer loop
      vertex   6.415566e+01 7.661955e+01 1.000000e+00
      vertex   6.415566e+01 7.661955e+01 2.000000e+00
      vertex   6.339109e+01 7.203987e+01 1.000000e+00
    endloop
  endfacet
  facet normal 9.863490e-01 -1.646682e-01 0.000000e+00
    outer loop
      vertex   6.339109e+01 7.203987e+01 1.000000e+00
      vertex   6.415566e+01 7.661955e+01 2.000000e+00
      vertex   6.339109e+01 7.203987e+01 2.000000e+00
    endloop
  endfacet
  facet normal 9.803457e-01 -1.972873e-01 0.000000e+00
    outer loop
      vertex   6.339109e+01 7.203987e+01 1.000000e+00
      vertex   6.339109e+01 7.203987e+01 2.000000e+00
      vertex   6.247507e+01 6.748806e+01 1.000000e+00
    endloop
  endfacet
  facet normal 9.803457e-01 -1.972873e-01 0.000000e+00
    outer loop
      vertex   6.247507e+01 6.748806e+01 1.000000e+00
      vertex   6.339109e+01 7.203987e+01 2.000000e+00
      vertex   6.247507e+01 6.748806e+01 2.000000e+00
    endloop
  endfacet
  facet normal 9.732640e-01 -2.296895e-01 0.000000e+00
    outer loop
      vertex   6.247507e+01 6.748806e+01 1.000000e+00
      vertex   6.247507e+01 6.748806e+01 2.000000e+00
      vertex   6.140861e+01 6.296913e+01 1.000000e+00
    endloop
  endfacet
  facet normal 9.732640e-01 -2.296895e-01 0.000000e+00
    outer loop
      vertex   6.140861e+01 6.296913e+01 1.000000e+00
      vertex   6.247507e+01 6.748806e+01 2.000000e+00
      vertex   6.140861e+01 6.296913e+01 2.000000e+00
    endloop
  endfacet
  facet normal 9.651116e-01 -2.618390e-01 0.000000e+00
    outer loop
      vertex   6.140861e+01 6.296913e+01 1.000000e+00
      vertex   6.140861e+01 6.296913e+01 2.000000e+00
      vertex   6.019287e+01 5.848805e+01 1.000000e+00
    endloop
  endfacet
  facet normal 9.651116e-01 -2.618390e-01 0.000000e+00
    outer loop
      vertex   6.019287e+01 5.848805e+01 1.000000e+00
      vertex   6.140861e+01 6.296913e+01 2.000000e+00
      vertex   6.019287e+01 5.848805e+01 2.000000e+00
    endloop
  endfacet
  facet normal 9.558975e-01 -2.937004e-01 0.000000e+00
    outer loop
      vertex   6.019287e+01 5.848805e+01 1.000000e+00
      vertex   6.019287e+01 5.848805e+01 2.000000e+00
      vertex   5.882920e+01 5.404976e+01 1.000000e+00
    endloop
  endfacet
  facet normal 9.558975e-01 -2.937004e-01 0.000000e+00
    outer loop
      vertex   5.882920e+01 5.404976e+01 1.000000e+00
      vertex   6.019287e+01 5.848805e+01 2.000000e+00
      vertex   5.882920e+01 5.404976e+01 2.000000e+00
    endloop
  endfacet
  facet normal 9.456319e-01 -3.252388e-01 0.000000e+00
    outer loop
      vertex   5.882920e+01 5.404976e+01 1.000000e+00
      vertex   5.882920e+01 5.404976e+01 2.000000e+00
      vertex   5.731910e+01 4.965912e+01 1.000000e+00
    endloop
  endfacet
  facet normal 9.456319e-01 -3.252388e-01 0.000000e+00
    outer loop
      vertex   5.731910e+01 4.965912e+01 1.000000e+00
      vertex   5.882920e+01 5.404976e+01 2.000000e+00
      vertex   5.731910e+01 4.965912e+01 2.000000e+00
    endloop
  endfacet
  facet normal 8.915034e-01 -4.530140e-01 0.000000e+00
    outer loop
      vertex   5.731910e+01 4.965912e+01 1.000000e+00
      vertex   5.731910e+01 4.965912e+01 2.000000e+00
      vertex   5.720857e+01 4.944162e+01 1.000000e+00
    endloop
  endfacet
  facet normal 8.915034e-01 -4.530140e-01 0.000000e+00
    outer loop
      vertex   5.720857e+01 4.944162e+01 1.000000e+00
      vertex   5.731910e+01 4.965912e+01 2.000000e+00
      vertex   5.720857e+01 4.944162e+01 2.000000e+00
    endloop
  endfacet
  facet normal 7.552684e-01 -6.554157e-01 0.000000e+00
    outer loop
      vertex   5.720857e+01 4.944162e+01 1.000000e+00
      vertex   5.720857e+01 4.944162e+01 2.000000e+00
      vertex   5.704866e+01 4.925734e+01 1.000000e+00
    endloop
  endfacet
  facet normal 7.552684e-01 -6.554157e-01 0.000000e+00
    outer loop
      vertex   5.704866e+01 4.925734e+01 1.000000e+00
      vertex   5.720857e+01 4.944162e+01 2.000000e+00
      vertex   5.704866e+01 4.925734e+01 2.000000e+00
    endloop
  endfacet
  facet normal 5.740749e-01 -8.188028e-01 0.000000e+00
    outer loop
      vertex   5.704866e+01 4.925734e+01 1.000000e+00
      vertex   5.704866e+01 4.925734e+01 2.000000e+00
      vertex   5.684889e+01 4.911728e+01 1.000000e+00
    endloop
  endfacet
  facet normal 5.740749e-01 -8.188028e-01 0.000000e+00
    outer loop
      vertex   5.684889e+01 4.911728e+01 1.000000e+00
      vertex   5.704866e+01 4.925734e+01 2.000000e+00
      vertex   5.684889e+01 4.911728e+01 2.000000e+00
    endloop
  endfacet
  facet normal 3.587089e-01 -9.334495e-01 0.000000e+00
    outer loop
      vertex   5.684889e+01 4.911728e+01 1.000000e+00
      vertex   5.684889e+01 4.911728e+01 2.000000e+00
      vertex   5.662115e+01 4.902976e+01 1.000000e+00
    endloop
  endfacet
  facet normal 3.587089e-01 -9.334495e-01 0.000000e+00
    outer loop
      vertex   5.662115e+01 4.902976e+01 1.000000e+00
      vertex   5.684889e+01 4.911728e+01 2.000000e+00
      vertex   5.662115e+01 4.902976e+01 2.000000e+00
    endloop
  endfacet
  facet normal 1.219902e-01 -9.925313e-01 0.000000e+00
    outer loop
      vertex   5.662115e+01 4.902976e+01 1.000000e+00
      vertex   5.662115e+01 4.902976e+01 2.000000e+00
      vertex   5.637899e+01 4.900000e+01 1.000000e+00
    endloop
  endfacet
  facet normal 1.219902e-01 -9.925313e-01 0.000000e+00
    outer loop
      vertex   5.637899e+01 4.900000e+01 1.000000e+00
      vertex   5.662115e+01 4.902976e+01 2.000000e+00
      vertex   5.637899e+01 4.900000e+01 2.000000e+00
    endloop
  endfacet
  facet normal -0.000000e+00 -1.000000e+00 -0.000000e+00
    outer loop
      vertex   5.637899e+01 4.900000e+01 2.000000e+00
      vertex   3.362101e+01 4.900000e+01 2.000000e+00
      vertex   5.637899e+01 4.900000e+01 1.000000e+00
    endloop
  endfacet
  facet normal 0.000000e+00 -1.000000e+00 0.000000e+00
    outer loop
      vertex   5.637899e+01 4.900000e+01 1.000000e+00
      vertex   3.362101e+01 4.900000e+01 2.000000e+00
      vertex   3.362101e+01 4.900000e+01 1.000000e+00
    endloop
  endfacet
  facet normal -1.219902e-01 -9.925313e-01 0.000000e+00
    outer loop
      vertex   3.362101e+01 4.900000e+01 1.000000e+00
      vertex   3.362101e+01 4.900000e+01 2.000000e+00
      vertex   3.337885e+01 4.902976e+01 1.000000e+00
    endloop
  endfacet
  facet normal -1.219902e-01 -9.925313e-01 0.000000e+00
    outer loop
      vertex   3.337885e+01 4.902976e+01 1.000000e+00
      vertex   3.362101e+01 4.900000e+01 2.000000e+00
      vertex   3.337885e+01 4.902976e+01 2.000000e+00
    endloop
  endfacet
  facet normal -3.587089e-01 -9.334495e-01 0.000000e+00
    outer loop
      vertex   3.337885e+01 4.902976e+01 1.000000e+00
      vertex   3.337885e+01 4.902976e+01 2.000000e+00
      vertex   3.315111e+01 4.911728e+01 1.000000e+00
    endloop
  endfacet
  facet normal -3.587089e-01 -9.334495e-01 0.000000e+00
    outer loop
      vertex   3.315111e+01 4.911728e+01 1.000000e+00
      vertex   3.337885e+01 4.902976e+01 2.000000e+00
      vertex   3.315111e+01 4.911728e+01 2.000000e+00
    endloop
  endfacet
  facet normal -5.740749e-01 -8.188028e-01 0.000000e+00
    outer loop
      vertex   3.315111e+01 4.911728e+01 1.000000e+00
      vertex   3.315111e+01 4.911728e+01 2.000000e+00
      vertex   3.295134e+01 4.925734e+01 1.000000e+00
    endloop
  endfacet
  facet normal -5.740749e-01 -8.188028e-01 0.000000e+00
    outer loop
      vertex   3.295134e+01 4.925734e+01 1.000000e+00
      vertex   3.315111e+01 4.911728e+01 2.000000e+00
      vertex   3.295134e+01 4.925734e+01 2.000000e+00
    endloop
  endfacet
  facet normal -7.552684e-01 -6.554157e-01 0.000000e+00
    outer loop
      vertex   3.295134e+01 4.925734e+01 1.000000e+00
      vertex   3.295134e+01 4.925734e+01 2.000000e+00
      vertex   3.279143e+01 4.944162e+01 1.000000e+00
    endloop
  endfacet
  facet normal -7.552684e-01 -6.554157e-01 0.000000e+00
    outer loop
      vertex   3.279143e+01 4.944162e+01 1.000000e+00
      vertex   3.295134e+01 4.925734e+01 2.000000e+00
      vertex   3.279143e+01 4.944162e+01 2.000000e+00
    endloop
  endfacet
  facet normal -8.915034e-01 -4.530140e-01 0.000000e+00
    outer loop
      vertex   3.279143e+01 4.944162e+01 1.000000e+00
      vertex   3.279143e+01 4.944162e+01 2.000000e+00
      vertex   3.268090e+01 4.965912e+01 1.000000e+00
    endloop
  endfacet
  facet normal -8.915034e-01 -4.530140e-01 0.000000e+00
    outer loop
      vertex   3.268090e+01 4.965912e+01 1.000000e+00
      vertex   3.279143e+01 4.944162e+01 2.000000e+00
      vertex   3.268090e+01 4.965912e+01 2.000000e+00
    endloop
  endfacet
  facet normal -9.456319e-01 -3.252388e-01 0.000000e+00
    outer loop
      vertex   3.268090e+01 4.965912e+01 1.000000e+00
      vertex   3.268090e+01 4.965912e+01 2.000000e+00
      vertex   3.117080e+01 5.404976e+01 1.000000e+00
    endloop
  endfacet
  facet normal -9.456319e-01 -3.252388e-01 0.000000e+00
    outer loop
      vertex   3.117080e+01 5.404976e+01 1.000000e+00
      vertex   3.268090e+01 4.965912e+01 2.000000e+00
      vertex   3.117080e+01 5.404976e+01 2.000000e+00
    endloop
  endfacet
  facet normal -9.558975e-01 -2.937004e-01 0.000000e+00
    outer loop
      vertex   3.117080e+01 5.404976e+01 1.000000e+00
      vertex   3.117080e+01 5.404976e+01 2.000000e+00
      vertex   2.980713e+01 5.848805e+01 1.000000e+00
    endloop
  endfacet
  facet normal -9.558975e-01 -2.937004e-01 0.000000e+00
    outer loop
      vertex   2.980713e+01 5.848805e+01 1.000000e+00
      vertex   3.117080e+01 5.404976e+01 2.000000e+00
      vertex   2.980713e+01 5.848805e+01 2.000000e+00
    endloop
  endfacet
  facet normal -9.651116e-01 -2.618390e-01 0.000000e+00
    outer loop
      vertex   2.980713e+01 5.848805e+01 1.000000e+00
      vertex   2.980713e+01 5.848805e+01 2.000000e+00
      vertex   2.859139e+01 6.296913e+01 1.000000e+00
    endloop
  endfacet
  facet normal -9.651116e-01 -2.618390e-01 0.000000e+00
    outer loop
      vertex   2.859139e+01 6.296913e+01 1.000000e+00
      vertex   2.980713e+01 5.848805e+01 2.000000e+00
      vertex   2.859139e+01 6.296913e+01 2.000000e+00
    endloop
  endfacet
  facet normal -9.732640e-01 -2.296895e-01 0.000000e+00
    outer loop
      vertex   2.859139e+01 6.296913e+01 1.000000e+00
      vertex   2.859139e+01 6.296913e+01 2.000000e+00
      vertex   2.752493e+01 6.748806e+01 1.000000e+00
    endloop
  endfacet
  facet normal -9.732640e-01 -2.296895e-01 0.000000e+00
    outer loop
      vertex   2.752493e+01 6.748806e+01 1.000000e+00
      vertex   2.859139e+01 6.296913e+01 2.000000e+00
      vertex   2.752493e+01 6.748806e+01 2.000000e+00
    endloop
  endfacet
  facet normal -9.803457e-01 -1.972873e-01 0.000000e+00
    outer loop
      vertex   2.752493e+01 6.748806e+01 1.000000e+00
      vertex   2.752493e+01 6.748806e+01 2.000000e+00
      vertex   2.660891e+01 7.203987e+01 1.000000e+00
    endloop
  endfacet
  facet normal -9.803457e-01 -1.972873e-01 0.000000e+00
    outer loop
      vertex   2.660891e+01 7.203987e+01 1.000000e+00
      vertex   2.752493e+01 6.748806e+01 2.000000e+00
      vertex   2.660891e+01 7.203987e+01 2.000000e+00
    endloop
  endfacet
  facet normal -9.863490e-01 -1.646682e-01 0.000000e+00
    outer loop
      vertex   2.660891e+01 7.203987e+01 1.000000e+00
      vertex   2.660891e+01 7.203987e+01 2.000000e+00
      vertex   2.584435e+01 7.661955e+01 1.000000e+00
    endloop
  endfacet
  facet normal -9.863490e-01 -1.646682e-01 0.000000e+00
    outer loop
      vertex   2.584435e+01 7.661955e+01 1.000000e+00
      vertex   2.660891e+01 7.203987e+01 2.000000e+00
      vertex   2.584435e+01 7.661955e+01 2.000000e+00
    endloop
  endfacet
  facet normal -9.912673e-01 -1.318678e-01 0.000000e+00
    outer loop
      vertex   2.584435e+01 7.661955e+01 1.000000e+00
      vertex   2.584435e+01 7.661955e+01 2.000000e+00
      vertex   2.523208e+01 8.122207e+01 1.000000e+00
    endloop
  endfacet
  facet normal -9.912673e-01 -1.318678e-01 0.000000e+00
    outer loop
      vertex   2.523208e+01 8.122207e+01 1.000000e+00
      vertex   2.584435e+01 7.661955e+01 2.000000e+00
      vertex   2.523208e+01 8.122207e+01 2.000000e+00
    endloop
  endfacet
  facet normal -9.950951e-01 -9.892246e-02 0.000000e+00
    outer loop
      vertex   2.523208e+01 8.122207e+01 1.000000e+00
      vertex   2.523208e+01 8.122207e+01 2.000000e+00
      vertex   2.477277e+01 8.584236e+01 1.000000e+00
    endloop
  endfacet
  facet normal -9.950951e-01 -9.892246e-02 0.000000e+00
    outer loop
      vertex   2.477277e+01 8.584236e+01 1.000000e+00
      vertex   2.523208e+01 8.122207e+01 2.000000e+00
      vertex   2.477277e+01 8.584236e+01 2.000000e+00
    endloop
  endfacet
  facet normal -9.978283e-01 -6.586826e-02 0.000000e+00
    outer loop
      vertex   2.477277e+01 8.584236e+01 1.000000e+00
      vertex   2.477277e+01 8.584236e+01 2.000000e+00
      vertex   2.446694e+01 9.047535e+01 1.000000e+00
    endloop
  endfacet
  facet normal -9.978283e-01 -6.586826e-02 -3.544998e-15
    outer loop
      vertex   2.446694e+01 9.047535e+01 1.000000e+00
      vertex   2.477277e+01 8.584236e+01 2.000000e+00
      vertex   2.446694e+01 9.047535e+01 2.000000e+00
    endloop
  endfacet
  facet normal -9.977969e-01 6.634295e-02 -3.544887e-15
    outer loop
      vertex   2.446694e+01 9.047535e+01 1.000000e+00
      vertex   2.446694e+01 9.047535e+01 2.000000e+00
      vertex   2.447460e+01 9.059056e+01 1.000000e+00
    endloop
  endfacet
  facet normal -9.977969e-01 6.634295e-02 0.000000e+00
    outer loop
      vertex   2.447460e+01 9.059056e+01 1.000000e+00
      vertex   2.446694e+01 9.047535e+01 2.000000e+00
      vertex   2.447460e+01 9.059056e+01 2.000000e+00
    endloop
  endfacet
  facet normal -9.559730e-01 2.934546e-01 0.000000e+00
    outer loop
      vertex   2.447460e+01 9.059056e+01 1.000000e+00
      vertex   2.447460e+01 9.059056e+01 2.000000e+00
      vertex   2.450849e+01 9.070094e+01 1.000000e+00
    endloop
  endfacet
  facet normal -9.559730e-01 2.934546e-01 0.000000e+00
    outer loop
      vertex   2.450849e+01 9.070094e+01 1.000000e+00
      vertex   2.447460e+01 9.059056e+01 2.000000e+00
      vertex   2.450849e+01 9.070094e+01 2.000000e+00
    endloop
  endfacet
  facet normal -8.631681e-01 5.049167e-01 0.000000e+00
    outer loop
      vertex   2.450849e+01 9.070094e+01 1.000000e+00
      vertex   2.450849e+01 9.070094e+01 2.000000e+00
      vertex   2.456679e+01 9.080060e+01 1.000000e+00
    endloop
  endfacet
  facet normal -8.631681e-01 5.049167e-01 0.000000e+00
    outer loop
      vertex   2.456679e+01 9.080060e+01 1.000000e+00
      vertex   2.450849e+01 9.070094e+01 2.000000e+00
      vertex   2.456679e+01 9.080060e+01 2.000000e+00
    endloop
  endfacet
  facet normal -7.243313e-01 6.894521e-01 0.000000e+00
    outer loop
      vertex   2.456679e+01 9.080060e+01 1.000000e+00
      vertex   2.456679e+01 9.080060e+01 2.000000e+00
      vertex   2.464639e+01 9.088424e+01 1.000000e+00
    endloop
  endfacet
  facet normal -7.243313e-01 6.894521e-01 0.000000e+00
    outer loop
      vertex   2.464639e+01 9.088424e+01 1.000000e+00
      vertex   2.456679e+01 9.080060e+01 2.000000e+00
      vertex   2.464639e+01 9.088424e+01 2.000000e+00
    endloop
  endfacet
  facet normal -5.468667e-01 8.372197e-01 0.000000e+00
    outer loop
      vertex   2.464639e+01 9.088424e+01 1.000000e+00
      vertex   2.464639e+01 9.088424e+01 2.000000e+00
      vertex   2.474306e+01 9.094738e+01 1.000000e+00
    endloop
  endfacet
  facet normal -5.468667e-01 8.372197e-01 0.000000e+00
    outer loop
      vertex   2.474306e+01 9.094738e+01 1.000000e+00
      vertex   2.464639e+01 9.088424e+01 2.000000e+00
      vertex   2.474306e+01 9.094738e+01 2.000000e+00
    endloop
  endfacet
  facet normal -3.402383e-01 9.403393e-01 0.000000e+00
    outer loop
      vertex   2.474306e+01 9.094738e+01 1.000000e+00
      vertex   2.474306e+01 9.094738e+01 2.000000e+00
      vertex   2.485164e+01 9.098667e+01 1.000000e+00
    endloop
  endfacet
  facet normal -3.402383e-01 9.403393e-01 0.000000e+00
    outer loop
      vertex   2.485164e+01 9.098667e+01 1.000000e+00
      vertex   2.474306e+01 9.094738e+01 2.000000e+00
      vertex   2.485164e+01 9.098667e+01 2.000000e+00
    endloop
  endfacet
  facet normal -1.154653e-01 9.933115e-01 0.000000e+00
    outer loop
      vertex   2.485164e+01 9.098667e+01 1.000000e+00
      vertex   2.485164e+01 9.098667e+01 2.000000e+00
      vertex   2.496633e+01 9.100000e+01 1.000000e+00
    endloop
  endfacet
  facet normal -1.154653e-01 9.933115e-01 0.000000e+00
    outer loop
      vertex   2.496633e+01 9.100000e+01 1.000000e+00
      vertex   2.485164e+01 9.098667e+01 2.000000e+00
      vertex   2.496633e+01 9.100000e+01 2.000000e+00
    endloop
  endfacet
  facet normal 7.071068e-01 -7.071068e-01 0.000000e+00
    outer loop
      vertex   7.636396e+01 7.063604e+01 2.000000e+00
      vertex   6.553843e+01 5.981050e+01 2.000000e+00
      vertex   7.636396e+01 7.063604e+01 1.000000e+00
    endloop
  endfacet
  facet normal 7.071068e-01 -7.071068e-01 0.000000e+00
    outer loop
      vertex   7.636396e+01 7.063604e+01 1.000000e+00
      vertex   6.553843e+01 5.981050e+01 2.000000e+00
      vertex   6.553843e+01 5.981050e+01 1.000000e+00
    endloop
  endfacet
  facet normal 6.179342e-01 -7.862298e-01 0.000000e+00
    outer loop
      vertex   6.553843e+01 5.981050e+01 1.000000e+00
      vertex   6.553843e+01 5.981050e+01 2.000000e+00
      vertex   6.544486e+01 5.973697e+01 1.000000e+00
    endloop
  endfacet
  facet normal 6.179342e-01 -7.862298e-01 0.000000e+00
    outer loop
      vertex   6.544486e+01 5.973697e+01 1.000000e+00
      vertex   6.553843e+01 5.981050e+01 2.000000e+00
      vertex   6.544486e+01 5.973697e+01 2.000000e+00
    endloop
  endfacet
  facet normal 4.146347e-01 -9.099880e-01 0.000000e+00
    outer loop
      vertex   6.544486e+01 5.973697e+01 1.000000e+00
      vertex   6.544486e+01 5.973697e+01 2.000000e+00
      vertex   6.533657e+01 5.968763e+01 2.000000e+00
    endloop
  endfacet
  facet normal 4.146347e-01 -9.099880e-01 0.000000e+00
    outer loop
      vertex   6.544486e+01 5.973697e+01 1.000000e+00
      vertex   6.533657e+01 5.968763e+01 2.000000e+00
      vertex   6.533657e+01 5.968763e+01 1.000000e+00
    endloop
  endfacet
  facet normal 1.878474e-01 -9.821982e-01 0.000000e+00
    outer loop
      vertex   6.533657e+01 5.968763e+01 1.000000e+00
      vertex   6.533657e+01 5.968763e+01 2.000000e+00
      vertex   6.521969e+01 5.966527e+01 2.000000e+00
    endloop
  endfacet
  facet normal 1.878474e-01 -9.821982e-01 6.982454e-15
    outer loop
      vertex   6.533657e+01 5.968763e+01 1.000000e+00
      vertex   6.521969e+01 5.966527e+01 2.000000e+00
      vertex   6.521969e+01 5.966527e+01 1.000000e+00
    endloop
  endfacet
  facet normal -4.958088e-02 -9.987701e-01 7.096688e-15
    outer loop
      vertex   6.521969e+01 5.966527e+01 1.000000e+00
      vertex   6.521969e+01 5.966527e+01 2.000000e+00
      vertex   6.510083e+01 5.967117e+01 2.000000e+00
    endloop
  endfacet
  facet normal -4.958088e-02 -9.987701e-01 0.000000e+00
    outer loop
      vertex   6.521969e+01 5.966527e+01 1.000000e+00
      vertex   6.510083e+01 5.967117e+01 2.000000e+00
      vertex   6.510083e+01 5.967117e+01 1.000000e+00
    endloop
  endfacet
  facet normal -2.842005e-01 -9.587649e-01 0.000000e+00
    outer loop
      vertex   6.510083e+01 5.967117e+01 1.000000e+00
      vertex   6.510083e+01 5.967117e+01 2.000000e+00
      vertex   6.498674e+01 5.970499e+01 2.000000e+00
    endloop
  endfacet
  facet normal -2.842005e-01 -9.587649e-01 4.037870e-15
    outer loop
      vertex   6.510083e+01 5.967117e+01 1.000000e+00
      vertex   6.498674e+01 5.970499e+01 2.000000e+00
      vertex   6.498674e+01 5.970499e+01 1.000000e+00
    endloop
  endfacet
  facet normal -5.027211e-01 -8.644486e-01 7.144097e-15
    outer loop
      vertex   6.498674e+01 5.970499e+01 1.000000e+00
      vertex   6.498674e+01 5.970499e+01 2.000000e+00
      vertex   6.488386e+01 5.976482e+01 2.000000e+00
    endloop
  endfacet
  facet normal -5.027211e-01 -8.644486e-01 0.000000e+00
    outer loop
      vertex   6.498674e+01 5.970499e+01 1.000000e+00
      vertex   6.488386e+01 5.976482e+01 2.000000e+00
      vertex   6.488386e+01 5.976482e+01 1.000000e+00
    endloop
  endfacet
  facet normal -6.927642e-01 -7.211642e-01 0.000000e+00
    outer loop
      vertex   6.488386e+01 5.976482e+01 1.000000e+00
      vertex   6.488386e+01 5.976482e+01 2.000000e+00
      vertex   6.479804e+01 5.984726e+01 2.000000e+00
    endloop
  endfacet
  facet normal -6.927642e-01 -7.211642e-01 0.000000e+00
    outer loop
      vertex   6.488386e+01 5.976482e+01 1.000000e+00
      vertex   6.479804e+01 5.984726e+01 2.000000e+00
      vertex   6.479804e+01 5.984726e+01 1.000000e+00
    endloop
  endfacet
  facet normal -8.435644e-01 -5.370281e-01 0.000000e+00
    outer loop
      vertex   6.479804e+01 5.984726e+01 1.000000e+00
      vertex   6.479804e+01 5.984726e+01 2.000000e+00
      vertex   6.473414e+01 5.994765e+01 2.000000e+00
    endloop
  endfacet
  facet normal -8.435644e-01 -5.370281e-01 0.000000e+00
    outer loop
      vertex   6.479804e+01 5.984726e+01 1.000000e+00
      vertex   6.473414e+01 5.994765e+01 2.000000e+00
      vertex   6.473414e+01 5.994765e+01 1.000000e+00
    endloop
  endfacet
  facet normal -9.465793e-01 -3.224710e-01 0.000000e+00
    outer loop
      vertex   6.473414e+01 5.994765e+01 1.000000e+00
      vertex   6.473414e+01 5.994765e+01 2.000000e+00
      vertex   6.469576e+01 6.006029e+01 2.000000e+00
    endloop
  endfacet
  facet normal -9.465793e-01 -3.224710e-01 0.000000e+00
    outer loop
      vertex   6.473414e+01 5.994765e+01 1.000000e+00
      vertex   6.469576e+01 6.006029e+01 2.000000e+00
      vertex   6.469576e+01 6.006029e+01 1.000000e+00
    endloop
  endfacet
  facet normal -9.959736e-01 -8.964705e-02 0.000000e+00
    outer loop
      vertex   6.469576e+01 6.006029e+01 1.000000e+00
      vertex   6.469576e+01 6.006029e+01 2.000000e+00
      vertex   6.468509e+01 6.017882e+01 2.000000e+00
    endloop
  endfacet
  facet normal -9.959736e-01 -8.964705e-02 0.000000e+00
    outer loop
      vertex   6.469576e+01 6.006029e+01 1.000000e+00
      vertex   6.468509e+01 6.017882e+01 2.000000e+00
      vertex   6.468509e+01 6.017882e+01 1.000000e+00
    endloop
  endfacet
  facet normal -9.889491e-01 1.482552e-01 0.000000e+00
    outer loop
      vertex   6.468509e+01 6.017882e+01 1.000000e+00
      vertex   6.468509e+01 6.017882e+01 2.000000e+00
      vertex   6.470274e+01 6.029650e+01 1.000000e+00
    endloop
  endfacet
  facet normal -9.889491e-01 1.482552e-01 0.000000e+00
    outer loop
      vertex   6.470274e+01 6.029650e+01 1.000000e+00
      vertex   6.468509e+01 6.017882e+01 2.000000e+00
      vertex   6.470274e+01 6.029650e+01 2.000000e+00
    endloop
  endfacet
  facet normal -9.681470e-01 2.503825e-01 0.000000e+00
    outer loop
      vertex   6.470274e+01 6.029650e+01 1.000000e+00
      vertex   6.470274e+01 6.029650e+01 2.000000e+00
      vertex   6.575521e+01 6.436609e+01 1.000000e+00
    endloop
  endfacet
  facet normal -9.681470e-01 2.503825e-01 0.000000e+00
    outer loop
      vertex   6.575521e+01 6.436609e+01 1.000000e+00
      vertex   6.470274e+01 6.029650e+01 2.000000e+00
      vertex   6.575521e+01 6.436609e+01 2.000000e+00
    endloop
  endfacet
  facet normal -9.752279e-01 2.212025e-01 0.000000e+00
    outer loop
      vertex   6.575521e+01 6.436609e+01 1.000000e+00
      vertex   6.575521e+01 6.436609e+01 2.000000e+00
      vertex   6.668503e+01 6.846544e+01 2.000000e+00
    endloop
  endfacet
  facet normal -9.752279e-01 2.212025e-01 0.000000e+00
    outer loop
      vertex   6.575521e+01 6.436609e+01 1.000000e+00
      vertex   6.668503e+01 6.846544e+01 2.000000e+00
      vertex   6.668503e+01 6.846544e+01 1.000000e+00
    endloop
  endfacet
  facet normal -9.814295e-01 1.918230e-01 0.000000e+00
    outer loop
      vertex   6.668503e+01 6.846544e+01 1.000000e+00
      vertex   6.668503e+01 6.846544e+01 2.000000e+00
      vertex   6.749136e+01 7.259086e+01 2.000000e+00
    endloop
  endfacet
  facet normal -9.814295e-01 1.918230e-01 0.000000e+00
    outer loop
      vertex   6.668503e+01 6.846544e+01 1.000000e+00
      vertex   6.749136e+01 7.259086e+01 2.000000e+00
      vertex   6.749136e+01 7.259086e+01 1.000000e+00
    endloop
  endfacet
  facet normal -9.867463e-01 1.622705e-01 0.000000e+00
    outer loop
      vertex   6.749136e+01 7.259086e+01 1.000000e+00
      vertex   6.749136e+01 7.259086e+01 2.000000e+00
      vertex   6.817346e+01 7.673863e+01 2.000000e+00
    endloop
  endfacet
  facet normal -9.867463e-01 1.622705e-01 0.000000e+00
    outer loop
      vertex   6.749136e+01 7.259086e+01 1.000000e+00
      vertex   6.817346e+01 7.673863e+01 2.000000e+00
      vertex   6.817346e+01 7.673863e+01 1.000000e+00
    endloop
  endfacet
  facet normal -9.911734e-01 1.325718e-01 0.000000e+00
    outer loop
      vertex   6.817346e+01 7.673863e+01 1.000000e+00
      vertex   6.817346e+01 7.673863e+01 2.000000e+00
      vertex   6.873072e+01 8.090500e+01 2.000000e+00
    endloop
  endfacet
  facet normal -9.911734e-01 1.325718e-01 0.000000e+00
    outer loop
      vertex   6.817346e+01 7.673863e+01 1.000000e+00
      vertex   6.873072e+01 8.090500e+01 2.000000e+00
      vertex   6.873072e+01 8.090500e+01 1.000000e+00
    endloop
  endfacet
  facet normal -9.947068e-01 1.027535e-01 0.000000e+00
    outer loop
      vertex   6.873072e+01 8.090500e+01 1.000000e+00
      vertex   6.873072e+01 8.090500e+01 2.000000e+00
      vertex   6.916264e+01 8.508623e+01 1.000000e+00
    endloop
  endfacet
  facet normal -9.947068e-01 1.027535e-01 0.000000e+00
    outer loop
      vertex   6.916264e+01 8.508623e+01 1.000000e+00
      vertex   6.873072e+01 8.090500e+01 2.000000e+00
      vertex   6.916264e+01 8.508623e+01 2.000000e+00
    endloop
  endfacet
  facet normal -9.773698e-01 2.115379e-01 0.000000e+00
    outer loop
      vertex   6.916264e+01 8.508623e+01 1.000000e+00
      vertex   6.916264e+01 8.508623e+01 2.000000e+00
      vertex   6.921549e+01 8.533038e+01 1.000000e+00
    endloop
  endfacet
  facet normal -9.773698e-01 2.115379e-01 0.000000e+00
    outer loop
      vertex   6.921549e+01 8.533038e+01 1.000000e+00
      vertex   6.916264e+01 8.508623e+01 2.000000e+00
      vertex   6.921549e+01 8.533038e+01 2.000000e+00
    endloop
  endfacet
  facet normal -8.944475e-01 4.471730e-01 0.000000e+00
    outer loop
      vertex   6.921549e+01 8.533038e+01 1.000000e+00
      vertex   6.921549e+01 8.533038e+01 2.000000e+00
      vertex   6.932719e+01 8.555381e+01 1.000000e+00
    endloop
  endfacet
  facet normal -8.944475e-01 4.471730e-01 0.000000e+00
    outer loop
      vertex   6.932719e+01 8.555381e+01 1.000000e+00
      vertex   6.921549e+01 8.533038e+01 2.000000e+00
      vertex   6.932719e+01 8.555381e+01 2.000000e+00
    endloop
  endfacet
  facet normal -7.557117e-01 6.549044e-01 0.000000e+00
    outer loop
      vertex   6.932719e+01 8.555381e+01 1.000000e+00
      vertex   6.932719e+01 8.555381e+01 2.000000e+00
      vertex   6.949078e+01 8.574259e+01 1.000000e+00
    endloop
  endfacet
  facet normal -7.557117e-01 6.549044e-01 0.000000e+00
    outer loop
      vertex   6.949078e+01 8.574259e+01 1.000000e+00
      vertex   6.932719e+01 8.555381e+01 2.000000e+00
      vertex   6.949078e+01 8.574259e+01 2.000000e+00
    endloop
  endfacet
  facet normal -5.698195e-01 8.217699e-01 0.000000e+00
    outer loop
      vertex   6.949078e+01 8.574259e+01 1.000000e+00
      vertex   6.949078e+01 8.574259e+01 2.000000e+00
      vertex   6.969606e+01 8.588493e+01 1.000000e+00
    endloop
  endfacet
  facet normal -5.698195e-01 8.217699e-01 0.000000e+00
    outer loop
      vertex   6.969606e+01 8.588493e+01 1.000000e+00
      vertex   6.949078e+01 8.574259e+01 2.000000e+00
      vertex   6.969606e+01 8.588493e+01 2.000000e+00
    endloop
  endfacet
  facet normal -3.483706e-01 9.373569e-01 0.000000e+00
    outer loop
      vertex   6.969606e+01 8.588493e+01 1.000000e+00
      vertex   6.969606e+01 8.588493e+01 2.000000e+00
      vertex   6.993021e+01 8.597195e+01 1.000000e+00
    endloop
  endfacet
  facet normal -3.483706e-01 9.373569e-01 0.000000e+00
    outer loop
      vertex   6.993021e+01 8.597195e+01 1.000000e+00
      vertex   6.969606e+01 8.588493e+01 2.000000e+00
      vertex   6.993021e+01 8.597195e+01 2.000000e+00
    endloop
  endfacet
  facet normal -1.051834e-01 9.944528e-01 0.000000e+00
    outer loop
      vertex   6.993021e+01 8.597195e+01 1.000000e+00
      vertex   6.993021e+01 8.597195e+01 2.000000e+00
      vertex   7.017863e+01 8.599823e+01 1.000000e+00
    endloop
  endfacet
  facet normal -1.051834e-01 9.944528e-01 0.000000e+00
    outer loop
      vertex   7.017863e+01 8.599823e+01 1.000000e+00
      vertex   6.993021e+01 8.597195e+01 2.000000e+00
      vertex   7.017863e+01 8.599823e+01 2.000000e+00
    endloop
  endfacet
  facet normal 8.844903e-02 9.960807e-01 -0.000000e+00
    outer loop
      vertex   7.017863e+01 8.599823e+01 1.000000e+00
      vertex   7.017863e+01 8.599823e+01 2.000000e+00
      vertex   7.140970e+01 8.588891e+01 1.000000e+00
    endloop
  endfacet
  facet normal 8.844903e-02 9.960807e-01 -0.000000e+00
    outer loop
      vertex   7.140970e+01 8.588891e+01 1.000000e+00
      vertex   7.017863e+01 8.599823e+01 2.000000e+00
      vertex   7.140970e+01 8.588891e+01 2.000000e+00
    endloop
  endfacet
  facet normal 2.240780e-01 9.745712e-01 -0.000000e+00
    outer loop
      vertex   7.140970e+01 8.588891e+01 1.000000e+00
      vertex   7.140970e+01 8.588891e+01 2.000000e+00
      vertex   7.261419e+01 8.561197e+01 1.000000e+00
    endloop
  endfacet
  facet normal 2.240780e-01 9.745712e-01 -0.000000e+00
    outer loop
      vertex   7.261419e+01 8.561197e+01 1.000000e+00
      vertex   7.140970e+01 8.588891e+01 2.000000e+00
      vertex   7.261419e+01 8.561197e+01 2.000000e+00
    endloop
  endfacet
  facet normal 3.554813e-01 9.346834e-01 -0.000000e+00
    outer loop
      vertex   7.261419e+01 8.561197e+01 1.000000e+00
      vertex   7.261419e+01 8.561197e+01 2.000000e+00
      vertex   7.376938e+01 8.517263e+01 1.000000e+00
    endloop
  endfacet
  facet normal 3.554813e-01 9.346834e-01 -0.000000e+00
    outer loop
      vertex   7.376938e+01 8.517263e+01 1.000000e+00
      vertex   7.261419e+01 8.561197e+01 2.000000e+00
      vertex   7.376938e+01 8.517263e+01 2.000000e+00
    endloop
  endfacet
  facet normal 4.801810e-01 8.771694e-01 -0.000000e+00
    outer loop
      vertex   7.376938e+01 8.517263e+01 1.000000e+00
      vertex   7.376938e+01 8.517263e+01 2.000000e+00
      vertex   7.485349e+01 8.457916e+01 1.000000e+00
    endloop
  endfacet
  facet normal 4.801810e-01 8.771694e-01 -0.000000e+00
    outer loop
      vertex   7.485349e+01 8.457916e+01 1.000000e+00
      vertex   7.376938e+01 8.517263e+01 2.000000e+00
      vertex   7.485349e+01 8.457916e+01 2.000000e+00
    endloop
  endfacet
  facet normal 5.958255e-01 8.031139e-01 -0.000000e+00
    outer loop
      vertex   7.485349e+01 8.457916e+01 1.000000e+00
      vertex   7.485349e+01 8.457916e+01 2.000000e+00
      vertex   7.584607e+01 8.384277e+01 1.000000e+00
    endloop
  endfacet
  facet normal 5.958255e-01 8.031139e-01 -0.000000e+00
    outer loop
      vertex   7.584607e+01 8.384277e+01 1.000000e+00
      vertex   7.485349e+01 8.457916e+01 2.000000e+00
      vertex   7.584607e+01 8.384277e+01 2.000000e+00
    endloop
  endfacet
  facet normal 7.002340e-01 7.139134e-01 -0.000000e+00
    outer loop
      vertex   7.584607e+01 8.384277e+01 1.000000e+00
      vertex   7.584607e+01 8.384277e+01 2.000000e+00
      vertex   7.672840e+01 8.297734e+01 1.000000e+00
    endloop
  endfacet
  facet normal 7.002340e-01 7.139134e-01 -0.000000e+00
    outer loop
      vertex   7.672840e+01 8.297734e+01 1.000000e+00
      vertex   7.584607e+01 8.384277e+01 2.000000e+00
      vertex   7.672840e+01 8.297734e+01 2.000000e+00
    endloop
  endfacet
  facet normal 7.914376e-01 6.112499e-01 -0.000000e+00
    outer loop
      vertex   7.672840e+01 8.297734e+01 1.000000e+00
      vertex   7.672840e+01 8.297734e+01 2.000000e+00
      vertex   7.748386e+01 8.199919e+01 1.000000e+00
    endloop
  endfacet
  facet normal 7.914376e-01 6.112499e-01 -0.000000e+00
    outer loop
      vertex   7.748386e+01 8.199919e+01 1.000000e+00
      vertex   7.672840e+01 8.297734e+01 2.000000e+00
      vertex   7.748386e+01 8.199919e+01 2.000000e+00
    endloop
  endfacet
  facet normal 8.677164e-01 4.970596e-01 -0.000000e+00
    outer loop
      vertex   7.748386e+01 8.199919e+01 1.000000e+00
      vertex   7.748386e+01 8.199919e+01 2.000000e+00
      vertex   7.809818e+01 8.092677e+01 1.000000e+00
    endloop
  endfacet
  facet normal 8.677164e-01 4.970596e-01 -0.000000e+00
    outer loop
      vertex   7.809818e+01 8.092677e+01 1.000000e+00
      vertex   7.748386e+01 8.199919e+01 2.000000e+00
      vertex   7.809818e+01 8.092677e+01 2.000000e+00
    endloop
  endfacet
  facet normal 9.276319e-01 3.734958e-01 -0.000000e+00
    outer loop
      vertex   7.809818e+01 8.092677e+01 1.000000e+00
      vertex   7.809818e+01 8.092677e+01 2.000000e+00
      vertex   7.855979e+01 7.978029e+01 1.000000e+00
    endloop
  endfacet
  facet normal 9.276319e-01 3.734958e-01 -0.000000e+00
    outer loop
      vertex   7.855979e+01 7.978029e+01 1.000000e+00
      vertex   7.809818e+01 8.092677e+01 2.000000e+00
      vertex   7.855979e+01 7.978029e+01 2.000000e+00
    endloop
  endfacet
  facet normal 9.700542e-01 2.428887e-01 -0.000000e+00
    outer loop
      vertex   7.855979e+01 7.978029e+01 1.000000e+00
      vertex   7.855979e+01 7.978029e+01 2.000000e+00
      vertex   7.885998e+01 7.858139e+01 1.000000e+00
    endloop
  endfacet
  facet normal 9.700542e-01 2.428887e-01 -0.000000e+00
    outer loop
      vertex   7.885998e+01 7.858139e+01 1.000000e+00
      vertex   7.855979e+01 7.978029e+01 2.000000e+00
      vertex   7.885998e+01 7.858139e+01 2.000000e+00
    endloop
  endfacet
  facet normal 9.941833e-01 1.077012e-01 -0.000000e+00
    outer loop
      vertex   7.885998e+01 7.858139e+01 1.000000e+00
      vertex   7.885998e+01 7.858139e+01 2.000000e+00
      vertex   7.899309e+01 7.735266e+01 1.000000e+00
    endloop
  endfacet
  facet normal 9.941833e-01 1.077012e-01 -0.000000e+00
    outer loop
      vertex   7.899309e+01 7.735266e+01 1.000000e+00
      vertex   7.885998e+01 7.858139e+01 2.000000e+00
      vertex   7.899309e+01 7.735266e+01 2.000000e+00
    endloop
  endfacet
  facet normal 9.995643e-01 -2.951728e-02 0.000000e+00
    outer loop
      vertex   7.899309e+01 7.735266e+01 1.000000e+00
      vertex   7.899309e+01 7.735266e+01 2.000000e+00
      vertex   7.895661e+01 7.611728e+01 1.000000e+00
    endloop
  endfacet
  facet normal 9.995643e-01 -2.951728e-02 0.000000e+00
    outer loop
      vertex   7.895661e+01 7.611728e+01 1.000000e+00
      vertex   7.899309e+01 7.735266e+01 2.000000e+00
      vertex   7.895661e+01 7.611728e+01 2.000000e+00
    endloop
  endfacet
  facet normal 9.860956e-01 -1.661792e-01 0.000000e+00
    outer loop
      vertex   7.895661e+01 7.611728e+01 1.000000e+00
      vertex   7.895661e+01 7.611728e+01 2.000000e+00
      vertex   7.875122e+01 7.489855e+01 1.000000e+00
    endloop
  endfacet
  facet normal 9.860956e-01 -1.661792e-01 0.000000e+00
    outer loop
      vertex   7.875122e+01 7.489855e+01 1.000000e+00
      vertex   7.895661e+01 7.611728e+01 2.000000e+00
      vertex   7.875122e+01 7.489855e+01 2.000000e+00
    endloop
  endfacet
  facet normal 9.540312e-01 -2.997072e-01 0.000000e+00
    outer loop
      vertex   7.875122e+01 7.489855e+01 1.000000e+00
      vertex   7.875122e+01 7.489855e+01 2.000000e+00
      vertex   7.838081e+01 7.371945e+01 1.000000e+00
    endloop
  endfacet
  facet normal 9.540312e-01 -2.997072e-01 0.000000e+00
    outer loop
      vertex   7.838081e+01 7.371945e+01 1.000000e+00
      vertex   7.875122e+01 7.489855e+01 2.000000e+00
      vertex   7.838081e+01 7.371945e+01 2.000000e+00
    endloop
  endfacet
  facet normal 9.039759e-01 -4.275835e-01 0.000000e+00
    outer loop
      vertex   7.838081e+01 7.371945e+01 1.000000e+00
      vertex   7.838081e+01 7.371945e+01 2.000000e+00
      vertex   7.785235e+01 7.260221e+01 1.000000e+00
    endloop
  endfacet
  facet normal 9.039759e-01 -4.275835e-01 0.000000e+00
    outer loop
      vertex   7.785235e+01 7.260221e+01 1.000000e+00
      vertex   7.838081e+01 7.371945e+01 2.000000e+00
      vertex   7.785235e+01 7.260221e+01 2.000000e+00
    endloop
  endfacet
  facet normal 8.368734e-01 -5.473964e-01 0.000000e+00
    outer loop
      vertex   7.785235e+01 7.260221e+01 1.000000e+00
      vertex   7.785235e+01 7.260221e+01 2.000000e+00
      vertex   7.717582e+01 7.156791e+01 1.000000e+00
    endloop
  endfacet
  facet normal 8.368734e-01 -5.473964e-01 0.000000e+00
    outer loop
      vertex   7.717582e+01 7.156791e+01 1.000000e+00
      vertex   7.785235e+01 7.260221e+01 2.000000e+00
      vertex   7.717582e+01 7.156791e+01 2.000000e+00
    endloop
  endfacet
  facet normal 7.539894e-01 -6.568866e-01 0.000000e+00
    outer loop
      vertex   7.717582e+01 7.156791e+01 1.000000e+00
      vertex   7.717582e+01 7.156791e+01 2.000000e+00
      vertex   7.636396e+01 7.063604e+01 1.000000e+00
    endloop
  endfacet
  facet normal 7.539894e-01 -6.568866e-01 0.000000e+00
    outer loop
      vertex   7.636396e+01 7.063604e+01 1.000000e+00
      vertex   7.717582e+01 7.156791e+01 2.000000e+00
      vertex   7.636396e+01 7.063604e+01 2.000000e+00
    endloop
  endfacet
  facet normal -1.519011e-01 -9.883957e-01 0.000000e+00
    outer loop
      vertex   7.051861e+01 8.998965e+01 1.000000e+00
      vertex   7.051861e+01 8.998965e+01 2.000000e+00
      vertex   7.029652e+01 9.002378e+01 1.000000e+00
    endloop
  endfacet
  facet normal -1.519011e-01 -9.883957e-01 0.000000e+00
    outer loop
      vertex   7.029652e+01 9.002378e+01 1.000000e+00
      vertex   7.051861e+01 8.998965e+01 2.000000e+00
      vertex   7.029652e+01 9.002378e+01 2.000000e+00
    endloop
  endfacet
  facet normal -3.687527e-01 -9.295275e-01 0.000000e+00
    outer loop
      vertex   7.029652e+01 9.002378e+01 1.000000e+00
      vertex   7.029652e+01 9.002378e+01 2.000000e+00
      vertex   7.008765e+01 9.010664e+01 2.000000e+00
    endloop
  endfacet
  facet normal -3.687527e-01 -9.295275e-01 0.000000e+00
    outer loop
      vertex   7.029652e+01 9.002378e+01 1.000000e+00
      vertex   7.008765e+01 9.010664e+01 2.000000e+00
      vertex   7.008765e+01 9.010664e+01 1.000000e+00
    endloop
  endfacet
  facet normal -5.669860e-01 -8.237274e-01 0.000000e+00
    outer loop
      vertex   7.008765e+01 9.010664e+01 1.000000e+00
      vertex   7.008765e+01 9.010664e+01 2.000000e+00
      vertex   6.990256e+01 9.023404e+01 2.000000e+00
    endloop
  endfacet
  facet normal -5.669860e-01 -8.237274e-01 0.000000e+00
    outer loop
      vertex   7.008765e+01 9.010664e+01 1.000000e+00
      vertex   6.990256e+01 9.023404e+01 2.000000e+00
      vertex   6.990256e+01 9.023404e+01 1.000000e+00
    endloop
  endfacet
  facet normal -7.365921e-01 -6.763373e-01 0.000000e+00
    outer loop
      vertex   6.990256e+01 9.023404e+01 1.000000e+00
      vertex   6.990256e+01 9.023404e+01 2.000000e+00
      vertex   6.975059e+01 9.039956e+01 2.000000e+00
    endloop
  endfacet
  facet normal -7.365921e-01 -6.763373e-01 0.000000e+00
    outer loop
      vertex   6.990256e+01 9.023404e+01 1.000000e+00
      vertex   6.975059e+01 9.039956e+01 2.000000e+00
      vertex   6.975059e+01 9.039956e+01 1.000000e+00
    endloop
  endfacet
  facet normal -8.690076e-01 -4.947988e-01 0.000000e+00
    outer loop
      vertex   6.975059e+01 9.039956e+01 1.000000e+00
      vertex   6.975059e+01 9.039956e+01 2.000000e+00
      vertex   6.963941e+01 9.059482e+01 2.000000e+00
    endloop
  endfacet
  facet normal -8.690076e-01 -4.947988e-01 0.000000e+00
    outer loop
      vertex   6.975059e+01 9.039956e+01 1.000000e+00
      vertex   6.963941e+01 9.059482e+01 2.000000e+00
      vertex   6.963941e+01 9.059482e+01 1.000000e+00
    endloop
  endfacet
  facet normal -9.575468e-01 -2.882778e-01 0.000000e+00
    outer loop
      vertex   6.963941e+01 9.059482e+01 1.000000e+00
      vertex   6.963941e+01 9.059482e+01 2.000000e+00
      vertex   6.957463e+01 9.080998e+01 2.000000e+00
    endloop
  endfacet
  facet normal -9.575468e-01 -2.882778e-01 0.000000e+00
    outer loop
      vertex   6.963941e+01 9.059482e+01 1.000000e+00
      vertex   6.957463e+01 9.080998e+01 2.000000e+00
      vertex   6.957463e+01 9.080998e+01 1.000000e+00
    endloop
  endfacet
  facet normal -9.977394e-01 -6.720171e-02 0.000000e+00
    outer loop
      vertex   6.957463e+01 9.080998e+01 1.000000e+00
      vertex   6.957463e+01 9.080998e+01 2.000000e+00
      vertex   6.955953e+01 9.103418e+01 1.000000e+00
    endloop
  endfacet
  facet normal -9.977394e-01 -6.720171e-02 0.000000e+00
    outer loop
      vertex   6.955953e+01 9.103418e+01 1.000000e+00
      vertex   6.957463e+01 9.080998e+01 2.000000e+00
      vertex   6.955953e+01 9.103418e+01 2.000000e+00
    endloop
  endfacet
  facet normal -9.990864e-01 4.273498e-02 0.000000e+00
    outer loop
      vertex   6.955953e+01 9.103418e+01 1.000000e+00
      vertex   6.955953e+01 9.103418e+01 2.000000e+00
      vertex   6.959049e+01 9.175792e+01 1.000000e+00
    endloop
  endfacet
  facet normal -9.990864e-01 4.273498e-02 0.000000e+00
    outer loop
      vertex   6.959049e+01 9.175792e+01 1.000000e+00
      vertex   6.955953e+01 9.103418e+01 2.000000e+00
      vertex   6.959049e+01 9.175792e+01 2.000000e+00
    endloop
  endfacet
  facet normal -9.992942e-01 3.756450e-02 0.000000e+00
    outer loop
      vertex   6.959049e+01 9.175792e+01 1.000000e+00
      vertex   6.959049e+01 9.175792e+01 2.000000e+00
      vertex   6.961770e+01 9.248181e+01 1.000000e+00
    endloop
  endfacet
  facet normal -9.992942e-01 3.756450e-02 0.000000e+00
    outer loop
      vertex   6.961770e+01 9.248181e+01 1.000000e+00
      vertex   6.959049e+01 9.175792e+01 2.000000e+00
      vertex   6.961770e+01 9.248181e+01 2.000000e+00
    endloop
  endfacet
  facet normal -9.994752e-01 3.239302e-02 0.000000e+00
    outer loop
      vertex   6.961770e+01 9.248181e+01 1.000000e+00
      vertex   6.961770e+01 9.248181e+01 2.000000e+00
      vertex   6.964117e+01 9.320583e+01 1.000000e+00
    endloop
  endfacet
  facet normal -9.994752e-01 3.239302e-02 0.000000e+00
    outer loop
      vertex   6.964117e+01 9.320583e+01 1.000000e+00
      vertex   6.961770e+01 9.248181e+01 2.000000e+00
      vertex   6.964117e+01 9.320583e+01 2.000000e+00
    endloop
  endfacet
  facet normal -9.974737e-01 7.103626e-02 0.000000e+00
    outer loop
      vertex   6.964117e+01 9.320583e+01 1.000000e+00
      vertex   6.964117e+01 9.320583e+01 2.000000e+00
      vertex   6.966801e+01 9.358276e+01 1.000000e+00
    endloop
  endfacet
  facet normal -9.974737e-01 7.103626e-02 1.061225e-13
    outer loop
      vertex   6.966801e+01 9.358276e+01 1.000000e+00
      vertex   6.964117e+01 9.320583e+01 2.000000e+00
      vertex   6.966801e+01 9.358276e+01 2.000000e+00
    endloop
  endfacet
  facet normal -9.835736e-01 -1.805078e-01 -1.196734e-13
    outer loop
      vertex   6.966801e+01 9.358276e+01 1.000000e+00
      vertex   6.966801e+01 9.358276e+01 2.000000e+00
      vertex   6.959980e+01 9.395445e+01 1.000000e+00
    endloop
  endfacet
  facet normal -9.835736e-01 -1.805078e-01 8.653315e-14
    outer loop
      vertex   6.959980e+01 9.395445e+01 1.000000e+00
      vertex   6.966801e+01 9.358276e+01 2.000000e+00
      vertex   6.959980e+01 9.395445e+01 2.000000e+00
    endloop
  endfacet
  facet normal -9.072483e-01 -4.205954e-01 -9.350539e-14
    outer loop
      vertex   6.959980e+01 9.395445e+01 1.000000e+00
      vertex   6.959980e+01 9.395445e+01 2.000000e+00
      vertex   6.944086e+01 9.429729e+01 1.000000e+00
    endloop
  endfacet
  facet normal -9.072483e-01 -4.205954e-01 6.846827e-14
    outer loop
      vertex   6.944086e+01 9.429729e+01 1.000000e+00
      vertex   6.959980e+01 9.395445e+01 2.000000e+00
      vertex   6.944086e+01 9.429729e+01 2.000000e+00
    endloop
  endfacet
  facet normal -7.733421e-01 -6.339889e-01 -8.256611e-14
    outer loop
      vertex   6.944086e+01 9.429729e+01 1.000000e+00
      vertex   6.944086e+01 9.429729e+01 2.000000e+00
      vertex   6.920128e+01 9.458953e+01 1.000000e+00
    endloop
  endfacet
  facet normal -7.733421e-01 -6.339889e-01 3.455770e-14
    outer loop
      vertex   6.920128e+01 9.458953e+01 1.000000e+00
      vertex   6.944086e+01 9.429729e+01 2.000000e+00
      vertex   6.920128e+01 9.458953e+01 2.000000e+00
    endloop
  endfacet
  facet normal -5.903538e-01 -8.071446e-01 -7.924743e-14
    outer loop
      vertex   6.920128e+01 9.458953e+01 1.000000e+00
      vertex   6.920128e+01 9.458953e+01 2.000000e+00
      vertex   6.889627e+01 9.481262e+01 1.000000e+00
    endloop
  endfacet
  facet normal -5.903538e-01 -8.071446e-01 3.630763e-14
    outer loop
      vertex   6.889627e+01 9.481262e+01 1.000000e+00
      vertex   6.920128e+01 9.458953e+01 2.000000e+00
      vertex   6.889627e+01 9.481262e+01 2.000000e+00
    endloop
  endfacet
  facet normal -3.698971e-01 -9.290727e-01 -3.741120e-14
    outer loop
      vertex   6.889627e+01 9.481262e+01 1.000000e+00
      vertex   6.889627e+01 9.481262e+01 2.000000e+00
      vertex   6.854518e+01 9.495240e+01 1.000000e+00
    endloop
  endfacet
  facet normal -3.698971e-01 -9.290727e-01 7.700233e-15
    outer loop
      vertex   6.854518e+01 9.495240e+01 1.000000e+00
      vertex   6.889627e+01 9.481262e+01 2.000000e+00
      vertex   6.854518e+01 9.495240e+01 2.000000e+00
    endloop
  endfacet
  facet normal -1.259639e-01 -9.920348e-01 -2.618249e-14
    outer loop
      vertex   6.854518e+01 9.495240e+01 1.000000e+00
      vertex   6.854518e+01 9.495240e+01 2.000000e+00
      vertex   6.817030e+01 9.500000e+01 1.000000e+00
    endloop
  endfacet
  facet normal -1.259639e-01 -9.920348e-01 0.000000e+00
    outer loop
      vertex   6.817030e+01 9.500000e+01 1.000000e+00
      vertex   6.854518e+01 9.495240e+01 2.000000e+00
      vertex   6.817030e+01 9.500000e+01 2.000000e+00
    endloop
  endfacet
  facet normal -0.000000e+00 -1.000000e+00 -0.000000e+00
    outer loop
      vertex   6.817030e+01 9.500000e+01 2.000000e+00
      vertex   2.182971e+01 9.500000e+01 2.000000e+00
      vertex   6.817030e+01 9.500000e+01 1.000000e+00
    endloop
  endfacet
  facet normal 0.000000e+00 -1.000000e+00 0.000000e+00
    outer loop
      vertex   6.817030e+01 9.500000e+01 1.000000e+00
      vertex   2.182971e+01 9.500000e+01 2.000000e+00
      vertex   2.182971e+01 9.500000e+01 1.000000e+00
    endloop
  endfacet
  facet normal 1.259639e-01 -9.920348e-01 0.000000e+00
    outer loop
      vertex   2.182971e+01 9.500000e+01 1.000000e+00
      vertex   2.182971e+01 9.500000e+01 2.000000e+00
      vertex   2.145482e+01 9.495240e+01 1.000000e+00
    endloop
  endfacet
  facet normal 1.259639e-01 -9.920348e-01 0.000000e+00
    outer loop
      vertex   2.145482e+01 9.495240e+01 1.000000e+00
      vertex   2.182971e+01 9.500000e+01 2.000000e+00
      vertex   2.145482e+01 9.495240e+01 2.000000e+00
    endloop
  endfacet
  facet normal 3.698971e-01 -9.290727e-01 0.000000e+00
    outer loop
      vertex   2.145482e+01 9.495240e+01 1.000000e+00
      vertex   2.145482e+01 9.495240e+01 2.000000e+00
      vertex   2.110374e+01 9.481262e+01 1.000000e+00
    endloop
  endfacet
  facet normal 3.698971e-01 -9.290727e-01 0.000000e+00
    outer loop
      vertex   2.110374e+01 9.481262e+01 1.000000e+00
      vertex   2.145482e+01 9.495240e+01 2.000000e+00
      vertex   2.110374e+01 9.481262e+01 2.000000e+00
    endloop
  endfacet
  facet normal 5.903538e-01 -8.071446e-01 0.000000e+00
    outer loop
      vertex   2.110374e+01 9.481262e+01 1.000000e+00
      vertex   2.110374e+01 9.481262e+01 2.000000e+00
      vertex   2.079872e+01 9.458953e+01 1.000000e+00
    endloop
  endfacet
  facet normal 5.903538e-01 -8.071446e-01 0.000000e+00
    outer loop
      vertex   2.079872e+01 9.458953e+01 1.000000e+00
      vertex   2.110374e+01 9.481262e+01 2.000000e+00
      vertex   2.079872e+01 9.458953e+01 2.000000e+00
    endloop
  endfacet
  facet normal 7.733421e-01 -6.339889e-01 0.000000e+00
    outer loop
      vertex   2.079872e+01 9.458953e+01 1.000000e+00
      vertex   2.079872e+01 9.458953e+01 2.000000e+00
      vertex   2.055914e+01 9.429729e+01 1.000000e+00
    endloop
  endfacet
  facet normal 7.733421e-01 -6.339889e-01 0.000000e+00
    outer loop
      vertex   2.055914e+01 9.429729e+01 1.000000e+00
      vertex   2.079872e+01 9.458953e+01 2.000000e+00
      vertex   2.055914e+01 9.429729e+01 2.000000e+00
    endloop
  endfacet
  facet normal 9.072483e-01 -4.205954e-01 0.000000e+00
    outer loop
      vertex   2.055914e+01 9.429729e+01 1.000000e+00
      vertex   2.055914e+01 9.429729e+01 2.000000e+00
      vertex   2.040020e+01 9.395445e+01 1.000000e+00
    endloop
  endfacet
  facet normal 9.072483e-01 -4.205954e-01 0.000000e+00
    outer loop
      vertex   2.040020e+01 9.395445e+01 1.000000e+00
      vertex   2.055914e+01 9.429729e+01 2.000000e+00
      vertex   2.040020e+01 9.395445e+01 2.000000e+00
    endloop
  endfacet
  facet normal 9.835736e-01 -1.805078e-01 0.000000e+00
    outer loop
      vertex   2.040020e+01 9.395445e+01 1.000000e+00
      vertex   2.040020e+01 9.395445e+01 2.000000e+00
      vertex   2.033199e+01 9.358276e+01 1.000000e+00
    endloop
  endfacet
  facet normal 9.835736e-01 -1.805078e-01 0.000000e+00
    outer loop
      vertex   2.033199e+01 9.358276e+01 1.000000e+00
      vertex   2.040020e+01 9.395445e+01 2.000000e+00
      vertex   2.033199e+01 9.358276e+01 2.000000e+00
    endloop
  endfacet
  facet normal 9.974737e-01 7.103626e-02 -0.000000e+00
    outer loop
      vertex   2.033199e+01 9.358276e+01 1.000000e+00
      vertex   2.033199e+01 9.358276e+01 2.000000e+00
      vertex   2.035884e+01 9.320583e+01 1.000000e+00
    endloop
  endfacet
  facet normal 9.974737e-01 7.103626e-02 -0.000000e+00
    outer loop
      vertex   2.035884e+01 9.320583e+01 1.000000e+00
      vertex   2.033199e+01 9.358276e+01 2.000000e+00
      vertex   2.035884e+01 9.320583e+01 2.000000e+00
    endloop
  endfacet
  facet normal 9.989158e-01 4.655295e-02 -0.000000e+00
    outer loop
      vertex   2.035884e+01 9.320583e+01 1.000000e+00
      vertex   2.035884e+01 9.320583e+01 2.000000e+00
      vertex   2.057725e+01 8.851909e+01 1.000000e+00
    endloop
  endfacet
  facet normal 9.989158e-01 4.655295e-02 -0.000000e+00
    outer loop
      vertex   2.057725e+01 8.851909e+01 1.000000e+00
      vertex   2.035884e+01 9.320583e+01 2.000000e+00
      vertex   2.057725e+01 8.851909e+01 2.000000e+00
    endloop
  endfacet
  facet normal 9.967948e-01 8.000104e-02 -0.000000e+00
    outer loop
      vertex   2.057725e+01 8.851909e+01 1.000000e+00
      vertex   2.057725e+01 8.851909e+01 2.000000e+00
      vertex   2.095260e+01 8.384231e+01 1.000000e+00
    endloop
  endfacet
  facet normal 9.967948e-01 8.000104e-02 -0.000000e+00
    outer loop
      vertex   2.095260e+01 8.384231e+01 1.000000e+00
      vertex   2.057725e+01 8.851909e+01 2.000000e+00
      vertex   2.095260e+01 8.384231e+01 2.000000e+00
    endloop
  endfacet
  facet normal 9.935541e-01 1.133593e-01 -0.000000e+00
    outer loop
      vertex   2.095260e+01 8.384231e+01 1.000000e+00
      vertex   2.095260e+01 8.384231e+01 2.000000e+00
      vertex   2.148446e+01 7.918074e+01 1.000000e+00
    endloop
  endfacet
  facet normal 9.935541e-01 1.133593e-01 -0.000000e+00
    outer loop
      vertex   2.148446e+01 7.918074e+01 1.000000e+00
      vertex   2.095260e+01 8.384231e+01 2.000000e+00
      vertex   2.148446e+01 7.918074e+01 2.000000e+00
    endloop
  endfacet
  facet normal 9.891973e-01 1.465902e-01 -0.000000e+00
    outer loop
      vertex   2.148446e+01 7.918074e+01 1.000000e+00
      vertex   2.148446e+01 7.918074e+01 2.000000e+00
      vertex   2.217224e+01 7.453960e+01 1.000000e+00
    endloop
  endfacet
  facet normal 9.891973e-01 1.465902e-01 -0.000000e+00
    outer loop
      vertex   2.217224e+01 7.453960e+01 1.000000e+00
      vertex   2.148446e+01 7.918074e+01 2.000000e+00
      vertex   2.217224e+01 7.453960e+01 2.000000e+00
    endloop
  endfacet
  facet normal 9.837294e-01 1.796564e-01 -0.000000e+00
    outer loop
      vertex   2.217224e+01 7.453960e+01 1.000000e+00
      vertex   2.217224e+01 7.453960e+01 2.000000e+00
      vertex   2.301515e+01 6.992412e+01 1.000000e+00
    endloop
  endfacet
  facet normal 9.837294e-01 1.796564e-01 -0.000000e+00
    outer loop
      vertex   2.301515e+01 6.992412e+01 1.000000e+00
      vertex   2.217224e+01 7.453960e+01 2.000000e+00
      vertex   2.301515e+01 6.992412e+01 2.000000e+00
    endloop
  endfacet
  facet normal 9.771565e-01 2.125208e-01 -0.000000e+00
    outer loop
      vertex   2.301515e+01 6.992412e+01 1.000000e+00
      vertex   2.301515e+01 6.992412e+01 2.000000e+00
      vertex   2.401226e+01 6.533948e+01 1.000000e+00
    endloop
  endfacet
  facet normal 9.771565e-01 2.125208e-01 -0.000000e+00
    outer loop
      vertex   2.401226e+01 6.533948e+01 1.000000e+00
      vertex   2.301515e+01 6.992412e+01 2.000000e+00
      vertex   2.401226e+01 6.533948e+01 2.000000e+00
    endloop
  endfacet
  facet normal 9.694860e-01 2.451465e-01 -0.000000e+00
    outer loop
      vertex   2.401226e+01 6.533948e+01 1.000000e+00
      vertex   2.401226e+01 6.533948e+01 2.000000e+00
      vertex   2.516245e+01 6.079082e+01 1.000000e+00
    endloop
  endfacet
  facet normal 9.694860e-01 2.451465e-01 -0.000000e+00
    outer loop
      vertex   2.516245e+01 6.079082e+01 1.000000e+00
      vertex   2.401226e+01 6.533948e+01 2.000000e+00
      vertex   2.516245e+01 6.079082e+01 2.000000e+00
    endloop
  endfacet
  facet normal 9.607265e-01 2.774969e-01 -0.000000e+00
    outer loop
      vertex   2.516245e+01 6.079082e+01 1.000000e+00
      vertex   2.516245e+01 6.079082e+01 2.000000e+00
      vertex   2.646441e+01 5.628327e+01 1.000000e+00
    endloop
  endfacet
  facet normal 9.607265e-01 2.774969e-01 -0.000000e+00
    outer loop
      vertex   2.646441e+01 5.628327e+01 1.000000e+00
      vertex   2.516245e+01 6.079082e+01 2.000000e+00
      vertex   2.646441e+01 5.628327e+01 2.000000e+00
    endloop
  endfacet
  facet normal 9.508879e-01 3.095355e-01 -0.000000e+00
    outer loop
      vertex   2.646441e+01 5.628327e+01 1.000000e+00
      vertex   2.646441e+01 5.628327e+01 2.000000e+00
      vertex   2.791670e+01 5.182187e+01 1.000000e+00
    endloop
  endfacet
  facet normal 9.508879e-01 3.095355e-01 -0.000000e+00
    outer loop
      vertex   2.791670e+01 5.182187e+01 1.000000e+00
      vertex   2.646441e+01 5.628327e+01 2.000000e+00
      vertex   2.791670e+01 5.182187e+01 2.000000e+00
    endloop
  endfacet
  facet normal 9.399811e-01 3.412264e-01 -0.000000e+00
    outer loop
      vertex   2.791670e+01 5.182187e+01 1.000000e+00
      vertex   2.791670e+01 5.182187e+01 2.000000e+00
      vertex   2.951767e+01 4.741165e+01 1.000000e+00
    endloop
  endfacet
  facet normal 9.399811e-01 3.412264e-01 -0.000000e+00
    outer loop
      vertex   2.951767e+01 4.741165e+01 1.000000e+00
      vertex   2.791670e+01 5.182187e+01 2.000000e+00
      vertex   2.951767e+01 4.741165e+01 2.000000e+00
    endloop
  endfacet
  facet normal 9.517689e-01 3.068158e-01 -0.000000e+00
    outer loop
      vertex   2.951767e+01 4.741165e+01 1.000000e+00
      vertex   2.951767e+01 4.741165e+01 2.000000e+00
      vertex   2.972790e+01 4.675950e+01 1.000000e+00
    endloop
  endfacet
  facet normal 9.517689e-01 3.068158e-01 -0.000000e+00
    outer loop
      vertex   2.972790e+01 4.675950e+01 1.000000e+00
      vertex   2.951767e+01 4.741165e+01 2.000000e+00
      vertex   2.972790e+01 4.675950e+01 2.000000e+00
    endloop
  endfacet
  facet normal 8.573250e-01 5.147755e-01 -0.000000e+00
    outer loop
      vertex   2.972790e+01 4.675950e+01 1.000000e+00
      vertex   2.972790e+01 4.675950e+01 2.000000e+00
      vertex   3.008063e+01 4.617206e+01 1.000000e+00
    endloop
  endfacet
  facet normal 8.573250e-01 5.147755e-01 -0.000000e+00
    outer loop
      vertex   3.008063e+01 4.617206e+01 1.000000e+00
      vertex   2.972790e+01 4.675950e+01 2.000000e+00
      vertex   3.008063e+01 4.617206e+01 2.000000e+00
    endloop
  endfacet
  facet normal 7.181571e-01 6.958810e-01 -0.000000e+00
    outer loop
      vertex   3.008063e+01 4.617206e+01 1.000000e+00
      vertex   3.008063e+01 4.617206e+01 2.000000e+00
      vertex   3.055745e+01 4.567997e+01 1.000000e+00
    endloop
  endfacet
  facet normal 7.181571e-01 6.958810e-01 -0.000000e+00
    outer loop
      vertex   3.055745e+01 4.567997e+01 1.000000e+00
      vertex   3.008063e+01 4.617206e+01 2.000000e+00
      vertex   3.055745e+01 4.567997e+01 2.000000e+00
    endloop
  endfacet
  facet normal 5.415252e-01 8.406845e-01 -0.000000e+00
    outer loop
      vertex   3.055745e+01 4.567997e+01 1.000000e+00
      vertex   3.055745e+01 4.567997e+01 2.000000e+00
      vertex   3.113348e+01 4.530892e+01 1.000000e+00
    endloop
  endfacet
  facet normal 5.415252e-01 8.406845e-01 -0.000000e+00
    outer loop
      vertex   3.113348e+01 4.530892e+01 1.000000e+00
      vertex   3.055745e+01 4.567997e+01 2.000000e+00
      vertex   3.113348e+01 4.530892e+01 2.000000e+00
    endloop
  endfacet
  facet normal 3.366436e-01 9.416321e-01 -0.000000e+00
    outer loop
      vertex   3.113348e+01 4.530892e+01 1.000000e+00
      vertex   3.113348e+01 4.530892e+01 2.000000e+00
      vertex   3.177869e+01 4.507825e+01 1.000000e+00
    endloop
  endfacet
  facet normal 3.366436e-01 9.416321e-01 -0.000000e+00
    outer loop
      vertex   3.177869e+01 4.507825e+01 1.000000e+00
      vertex   3.113348e+01 4.530892e+01 2.000000e+00
      vertex   3.177869e+01 4.507825e+01 2.000000e+00
    endloop
  endfacet
  facet normal 1.142004e-01 9.934577e-01 -0.000000e+00
    outer loop
      vertex   3.177869e+01 4.507825e+01 1.000000e+00
      vertex   3.177869e+01 4.507825e+01 2.000000e+00
      vertex   3.245941e+01 4.500000e+01 1.000000e+00
    endloop
  endfacet
  facet normal 1.142004e-01 9.934577e-01 -0.000000e+00
    outer loop
      vertex   3.245941e+01 4.500000e+01 1.000000e+00
      vertex   3.177869e+01 4.507825e+01 2.000000e+00
      vertex   3.245941e+01 4.500000e+01 2.000000e+00
    endloop
  endfacet
  facet normal 2.832972e-16 1.000000e+00 0.000000e+00
    outer loop
      vertex   3.245941e+01 4.500000e+01 2.000000e+00
      vertex   5.754059e+01 4.500000e+01 2.000000e+00
      vertex   3.245941e+01 4.500000e+01 1.000000e+00
    endloop
  endfacet
  facet normal 2.832972e-16 1.000000e+00 0.000000e+00
    outer loop
      vertex   3.245941e+01 4.500000e+01 1.000000e+00
      vertex   5.754059e+01 4.500000e+01 2.000000e+00
      vertex   5.754059e+01 4.500000e+01 1.000000e+00
    endloop
  endfacet
  facet normal -1.142004e-01 9.934577e-01 0.000000e+00
    outer loop
      vertex   5.754059e+01 4.500000e+01 1.000000e+00
      vertex   5.754059e+01 4.500000e+01 2.000000e+00
      vertex   5.822131e+01 4.507825e+01 1.000000e+00
    endloop
  endfacet
  facet normal -1.142004e-01 9.934577e-01 8.114424e-16
    outer loop
      vertex   5.822131e+01 4.507825e+01 1.000000e+00
      vertex   5.754059e+01 4.500000e+01 2.000000e+00
      vertex   5.822131e+01 4.507825e+01 2.000000e+00
    endloop
  endfacet
  facet normal -3.366436e-01 9.416321e-01 2.391997e-15
    outer loop
      vertex   5.822131e+01 4.507825e+01 1.000000e+00
      vertex   5.822131e+01 4.507825e+01 2.000000e+00
      vertex   5.886652e+01 4.530892e+01 1.000000e+00
    endloop
  endfacet
  facet normal -3.366436e-01 9.416321e-01 0.000000e+00
    outer loop
      vertex   5.886652e+01 4.530892e+01 1.000000e+00
      vertex   5.822131e+01 4.507825e+01 2.000000e+00
      vertex   5.886652e+01 4.530892e+01 2.000000e+00
    endloop
  endfacet
  facet normal -5.415252e-01 8.406845e-01 0.000000e+00
    outer loop
      vertex   5.886652e+01 4.530892e+01 1.000000e+00
      vertex   5.886652e+01 4.530892e+01 2.000000e+00
      vertex   5.944256e+01 4.567997e+01 1.000000e+00
    endloop
  endfacet
  facet normal -5.415252e-01 8.406845e-01 0.000000e+00
    outer loop
      vertex   5.944256e+01 4.567997e+01 1.000000e+00
      vertex   5.886652e+01 4.530892e+01 2.000000e+00
      vertex   5.944256e+01 4.567997e+01 2.000000e+00
    endloop
  endfacet
  facet normal -7.181571e-01 6.958810e-01 0.000000e+00
    outer loop
      vertex   5.944256e+01 4.567997e+01 1.000000e+00
      vertex   5.944256e+01 4.567997e+01 2.000000e+00
      vertex   5.991938e+01 4.617206e+01 1.000000e+00
    endloop
  endfacet
  facet normal -7.181571e-01 6.958810e-01 -4.944532e-15
    outer loop
      vertex   5.991938e+01 4.617206e+01 1.000000e+00
      vertex   5.944256e+01 4.567997e+01 2.000000e+00
      vertex   5.991938e+01 4.617206e+01 2.000000e+00
    endloop
  endfacet
  facet normal -8.573250e-01 5.147755e-01 -3.657700e-15
    outer loop
      vertex   5.991938e+01 4.617206e+01 1.000000e+00
      vertex   5.991938e+01 4.617206e+01 2.000000e+00
      vertex   6.027210e+01 4.675950e+01 1.000000e+00
    endloop
  endfacet
  facet normal -8.573250e-01 5.147755e-01 -3.657700e-15
    outer loop
      vertex   6.027210e+01 4.675950e+01 1.000000e+00
      vertex   5.991938e+01 4.617206e+01 2.000000e+00
      vertex   6.027210e+01 4.675950e+01 2.000000e+00
    endloop
  endfacet
  facet normal -9.517689e-01 3.068158e-01 -2.180057e-15
    outer loop
      vertex   6.027210e+01 4.675950e+01 1.000000e+00
      vertex   6.027210e+01 4.675950e+01 2.000000e+00
      vertex   6.048233e+01 4.741165e+01 1.000000e+00
    endloop
  endfacet
  facet normal -9.517689e-01 3.068158e-01 0.000000e+00
    outer loop
      vertex   6.048233e+01 4.741165e+01 1.000000e+00
      vertex   6.027210e+01 4.675950e+01 2.000000e+00
      vertex   6.048233e+01 4.741165e+01 2.000000e+00
    endloop
  endfacet
  facet normal -9.352453e-01 3.540004e-01 0.000000e+00
    outer loop
      vertex   6.048233e+01 4.741165e+01 1.000000e+00
      vertex   6.048233e+01 4.741165e+01 2.000000e+00
      vertex   6.079303e+01 4.823249e+01 1.000000e+00
    endloop
  endfacet
  facet normal -9.352453e-01 3.540004e-01 5.744664e-15
    outer loop
      vertex   6.079303e+01 4.823249e+01 1.000000e+00
      vertex   6.048233e+01 4.741165e+01 2.000000e+00
      vertex   6.079303e+01 4.823249e+01 2.000000e+00
    endloop
  endfacet
  facet normal -9.374463e-01 3.481299e-01 5.901079e-15
    outer loop
      vertex   6.079303e+01 4.823249e+01 1.000000e+00
      vertex   6.079303e+01 4.823249e+01 2.000000e+00
      vertex   6.109857e+01 4.905527e+01 1.000000e+00
    endloop
  endfacet
  facet normal -9.374463e-01 3.481299e-01 6.854935e-15
    outer loop
      vertex   6.109857e+01 4.905527e+01 1.000000e+00
      vertex   6.079303e+01 4.823249e+01 2.000000e+00
      vertex   6.109857e+01 4.905527e+01 2.000000e+00
    endloop
  endfacet
  facet normal -9.396105e-01 3.422457e-01 7.250920e-15
    outer loop
      vertex   6.109857e+01 4.905527e+01 1.000000e+00
      vertex   6.109857e+01 4.905527e+01 2.000000e+00
      vertex   6.139895e+01 4.987994e+01 1.000000e+00
    endloop
  endfacet
  facet normal -9.396105e-01 3.422457e-01 0.000000e+00
    outer loop
      vertex   6.139895e+01 4.987994e+01 1.000000e+00
      vertex   6.109857e+01 4.905527e+01 2.000000e+00
      vertex   6.139895e+01 4.987994e+01 2.000000e+00
    endloop
  endfacet
  facet normal -9.133434e-01 4.071903e-01 0.000000e+00
    outer loop
      vertex   6.139895e+01 4.987994e+01 1.000000e+00
      vertex   6.139895e+01 4.987994e+01 2.000000e+00
      vertex   6.145852e+01 5.001354e+01 1.000000e+00
    endloop
  endfacet
  facet normal -9.133434e-01 4.071903e-01 0.000000e+00
    outer loop
      vertex   6.145852e+01 5.001354e+01 1.000000e+00
      vertex   6.139895e+01 4.987994e+01 2.000000e+00
      vertex   6.145852e+01 5.001354e+01 2.000000e+00
    endloop
  endfacet
  facet normal -8.441682e-01 5.360783e-01 0.000000e+00
    outer loop
      vertex   6.145852e+01 5.001354e+01 1.000000e+00
      vertex   6.145852e+01 5.001354e+01 2.000000e+00
      vertex   6.153693e+01 5.013703e+01 2.000000e+00
    endloop
  endfacet
  facet normal -7.569302e-01 6.534958e-01 0.000000e+00
    outer loop
      vertex   6.163253e+01 5.024775e+01 2.000000e+00
      vertex   6.163253e+01 5.024775e+01 1.000000e+00
      vertex   6.153693e+01 5.013703e+01 2.000000e+00
    endloop
  endfacet
  facet normal -7.569302e-01 6.534958e-01 0.000000e+00
    outer loop
      vertex   6.153693e+01 5.013703e+01 2.000000e+00
      vertex   6.163253e+01 5.024775e+01 1.000000e+00
      vertex   6.153693e+01 5.013703e+01 1.000000e+00
    endloop
  endfacet
  facet normal -8.441682e-01 5.360783e-01 0.000000e+00
    outer loop
      vertex   6.153693e+01 5.013703e+01 2.000000e+00
      vertex   6.153693e+01 5.013703e+01 1.000000e+00
      vertex   6.145852e+01 5.001354e+01 1.000000e+00
    endloop
  endfacet
  facet normal -7.071068e-01 7.071068e-01 0.000000e+00
    outer loop
      vertex   6.163253e+01 5.024775e+01 2.000000e+00
      vertex   7.919239e+01 6.780761e+01 2.000000e+00
      vertex   6.163253e+01 5.024775e+01 1.000000e+00
    endloop
  endfacet
  facet normal -7.071068e-01 7.071068e-01 0.000000e+00
    outer loop
      vertex   6.163253e+01 5.024775e+01 1.000000e+00
      vertex   7.919239e+01 6.780761e+01 2.000000e+00
      vertex   7.919239e+01 6.780761e+01 1.000000e+00
    endloop
  endfacet
  facet normal -7.468453e-01 6.649978e-01 0.000000e+00
    outer loop
      vertex   7.919239e+01 6.780761e+01 1.000000e+00
      vertex   7.919239e+01 6.780761e+01 2.000000e+00
      vertex   8.019304e+01 6.893143e+01 1.000000e+00
    endloop
  endfacet
  facet normal -7.468453e-01 6.649978e-01 0.000000e+00
    outer loop
      vertex   8.019304e+01 6.893143e+01 1.000000e+00
      vertex   7.919239e+01 6.780761e+01 2.000000e+00
      vertex   8.019304e+01 6.893143e+01 2.000000e+00
    endloop
  endfacet
  facet normal -8.186866e-01 5.742407e-01 0.000000e+00
    outer loop
      vertex   8.019304e+01 6.893143e+01 1.000000e+00
      vertex   8.019304e+01 6.893143e+01 2.000000e+00
      vertex   8.105713e+01 7.016334e+01 1.000000e+00
    endloop
  endfacet
  facet normal -8.186866e-01 5.742407e-01 0.000000e+00
    outer loop
      vertex   8.105713e+01 7.016334e+01 1.000000e+00
      vertex   8.019304e+01 6.893143e+01 2.000000e+00
      vertex   8.105713e+01 7.016334e+01 2.000000e+00
    endloop
  endfacet
  facet normal -8.795590e-01 4.757898e-01 0.000000e+00
    outer loop
      vertex   8.105713e+01 7.016334e+01 1.000000e+00
      vertex   8.105713e+01 7.016334e+01 2.000000e+00
      vertex   8.177307e+01 7.148686e+01 1.000000e+00
    endloop
  endfacet
  facet normal -8.795590e-01 4.757898e-01 0.000000e+00
    outer loop
      vertex   8.177307e+01 7.148686e+01 1.000000e+00
      vertex   8.105713e+01 7.016334e+01 2.000000e+00
      vertex   8.177307e+01 7.148686e+01 2.000000e+00
    endloop
  endfacet
  facet normal -9.286471e-01 3.709643e-01 0.000000e+00
    outer loop
      vertex   8.177307e+01 7.148686e+01 1.000000e+00
      vertex   8.177307e+01 7.148686e+01 2.000000e+00
      vertex   8.233128e+01 7.288424e+01 1.000000e+00
    endloop
  endfacet
  facet normal -9.286471e-01 3.709643e-01 0.000000e+00
    outer loop
      vertex   8.233128e+01 7.288424e+01 1.000000e+00
      vertex   8.177307e+01 7.148686e+01 2.000000e+00
      vertex   8.233128e+01 7.288424e+01 2.000000e+00
    endloop
  endfacet
  facet normal -9.652932e-01 2.611687e-01 0.000000e+00
    outer loop
      vertex   8.233128e+01 7.288424e+01 1.000000e+00
      vertex   8.233128e+01 7.288424e+01 2.000000e+00
      vertex   8.272428e+01 7.433676e+01 1.000000e+00
    endloop
  endfacet
  facet normal -9.652932e-01 2.611687e-01 0.000000e+00
    outer loop
      vertex   8.272428e+01 7.433676e+01 1.000000e+00
      vertex   8.233128e+01 7.288424e+01 2.000000e+00
      vertex   8.272428e+01 7.433676e+01 2.000000e+00
    endloop
  endfacet
  facet normal -9.890062e-01 1.478739e-01 0.000000e+00
    outer loop
      vertex   8.272428e+01 7.433676e+01 1.000000e+00
      vertex   8.272428e+01 7.433676e+01 2.000000e+00
      vertex   8.294679e+01 7.582496e+01 1.000000e+00
    endloop
  endfacet
  facet normal -9.890062e-01 1.478739e-01 0.000000e+00
    outer loop
      vertex   8.294679e+01 7.582496e+01 1.000000e+00
      vertex   8.272428e+01 7.433676e+01 2.000000e+00
      vertex   8.294679e+01 7.582496e+01 2.000000e+00
    endloop
  endfacet
  facet normal -9.994685e-01 3.259785e-02 0.000000e+00
    outer loop
      vertex   8.294679e+01 7.582496e+01 1.000000e+00
      vertex   8.294679e+01 7.582496e+01 2.000000e+00
      vertex   8.299584e+01 7.732891e+01 1.000000e+00
    endloop
  endfacet
  facet normal -9.994685e-01 3.259785e-02 0.000000e+00
    outer loop
      vertex   8.299584e+01 7.732891e+01 1.000000e+00
      vertex   8.294679e+01 7.582496e+01 2.000000e+00
      vertex   8.299584e+01 7.732891e+01 2.000000e+00
    endloop
  endfacet
  facet normal -9.965400e-01 -8.311492e-02 0.000000e+00
    outer loop
      vertex   8.299584e+01 7.732891e+01 1.000000e+00
      vertex   8.299584e+01 7.732891e+01 2.000000e+00
      vertex   8.287077e+01 7.882845e+01 1.000000e+00
    endloop
  endfacet
  facet normal -9.965400e-01 -8.311492e-02 0.000000e+00
    outer loop
      vertex   8.287077e+01 7.882845e+01 1.000000e+00
      vertex   8.299584e+01 7.732891e+01 2.000000e+00
      vertex   8.287077e+01 7.882845e+01 2.000000e+00
    endloop
  endfacet
  facet normal -9.802597e-01 -1.977141e-01 0.000000e+00
    outer loop
      vertex   8.287077e+01 7.882845e+01 1.000000e+00
      vertex   8.287077e+01 7.882845e+01 2.000000e+00
      vertex   8.257326e+01 8.030350e+01 1.000000e+00
    endloop
  endfacet
  facet normal -9.802597e-01 -1.977141e-01 0.000000e+00
    outer loop
      vertex   8.257326e+01 8.030350e+01 1.000000e+00
      vertex   8.287077e+01 7.882845e+01 2.000000e+00
      vertex   8.257326e+01 8.030350e+01 2.000000e+00
    endloop
  endfacet
  facet normal -9.508459e-01 -3.096643e-01 0.000000e+00
    outer loop
      vertex   8.257326e+01 8.030350e+01 1.000000e+00
      vertex   8.257326e+01 8.030350e+01 2.000000e+00
      vertex   8.210730e+01 8.173428e+01 1.000000e+00
    endloop
  endfacet
  facet normal -9.508459e-01 -3.096643e-01 0.000000e+00
    outer loop
      vertex   8.210730e+01 8.173428e+01 1.000000e+00
      vertex   8.257326e+01 8.030350e+01 2.000000e+00
      vertex   8.210730e+01 8.173428e+01 2.000000e+00
    endloop
  endfacet
  facet normal -9.086927e-01 -4.174657e-01 0.000000e+00
    outer loop
      vertex   8.210730e+01 8.173428e+01 1.000000e+00
      vertex   8.210730e+01 8.173428e+01 2.000000e+00
      vertex   8.147912e+01 8.310163e+01 1.000000e+00
    endloop
  endfacet
  facet normal -9.086927e-01 -4.174657e-01 0.000000e+00
    outer loop
      vertex   8.147912e+01 8.310163e+01 1.000000e+00
      vertex   8.210730e+01 8.173428e+01 2.000000e+00
      vertex   8.147912e+01 8.310163e+01 2.000000e+00
    endloop
  endfacet
  facet normal -8.543648e-01 -5.196738e-01 0.000000e+00
    outer loop
      vertex   8.147912e+01 8.310163e+01 1.000000e+00
      vertex   8.147912e+01 8.310163e+01 2.000000e+00
      vertex   8.069714e+01 8.438724e+01 1.000000e+00
    endloop
  endfacet
  facet normal -8.543648e-01 -5.196738e-01 0.000000e+00
    outer loop
      vertex   8.069714e+01 8.438724e+01 1.000000e+00
      vertex   8.147912e+01 8.310163e+01 2.000000e+00
      vertex   8.069714e+01 8.438724e+01 2.000000e+00
    endloop
  endfacet
  facet normal -7.885901e-01 -6.149193e-01 0.000000e+00
    outer loop
      vertex   8.069714e+01 8.438724e+01 1.000000e+00
      vertex   8.069714e+01 8.438724e+01 2.000000e+00
      vertex   7.977184e+01 8.557387e+01 1.000000e+00
    endloop
  endfacet
  facet normal -7.885901e-01 -6.149193e-01 0.000000e+00
    outer loop
      vertex   7.977184e+01 8.557387e+01 1.000000e+00
      vertex   8.069714e+01 8.438724e+01 2.000000e+00
      vertex   7.977184e+01 8.557387e+01 2.000000e+00
    endloop
  endfacet
  facet normal -7.122498e-01 -7.019261e-01 0.000000e+00
    outer loop
      vertex   7.977184e+01 8.557387e+01 1.000000e+00
      vertex   7.977184e+01 8.557387e+01 2.000000e+00
      vertex   7.871562e+01 8.664562e+01 1.000000e+00
    endloop
  endfacet
  facet normal -7.122498e-01 -7.019261e-01 0.000000e+00
    outer loop
      vertex   7.871562e+01 8.664562e+01 1.000000e+00
      vertex   7.977184e+01 8.557387e+01 2.000000e+00
      vertex   7.871562e+01 8.664562e+01 2.000000e+00
    endloop
  endfacet
  facet normal -6.263668e-01 -7.795285e-01 0.000000e+00
    outer loop
      vertex   7.871562e+01 8.664562e+01 1.000000e+00
      vertex   7.871562e+01 8.664562e+01 2.000000e+00
      vertex   7.754262e+01 8.758815e+01 1.000000e+00
    endloop
  endfacet
  facet normal -6.263668e-01 -7.795285e-01 0.000000e+00
    outer loop
      vertex   7.754262e+01 8.758815e+01 1.000000e+00
      vertex   7.871562e+01 8.664562e+01 2.000000e+00
      vertex   7.754262e+01 8.758815e+01 2.000000e+00
    endloop
  endfacet
  facet normal -5.320917e-01 -8.466867e-01 0.000000e+00
    outer loop
      vertex   7.754262e+01 8.758815e+01 1.000000e+00
      vertex   7.754262e+01 8.758815e+01 2.000000e+00
      vertex   7.626857e+01 8.838881e+01 1.000000e+00
    endloop
  endfacet
  facet normal -5.320917e-01 -8.466867e-01 0.000000e+00
    outer loop
      vertex   7.626857e+01 8.838881e+01 1.000000e+00
      vertex   7.754262e+01 8.758815e+01 2.000000e+00
      vertex   7.626857e+01 8.838881e+01 2.000000e+00
    endloop
  endfacet
  facet normal -4.306876e-01 -9.025011e-01 0.000000e+00
    outer loop
      vertex   7.626857e+01 8.838881e+01 1.000000e+00
      vertex   7.626857e+01 8.838881e+01 2.000000e+00
      vertex   7.491054e+01 8.903689e+01 1.000000e+00
    endloop
  endfacet
  facet normal -4.306876e-01 -9.025011e-01 0.000000e+00
    outer loop
      vertex   7.491054e+01 8.903689e+01 1.000000e+00
      vertex   7.626857e+01 8.838881e+01 2.000000e+00
      vertex   7.491054e+01 8.903689e+01 2.000000e+00
    endloop
  endfacet
  facet normal -3.235132e-01 -9.462237e-01 0.000000e+00
    outer loop
      vertex   7.491054e+01 8.903689e+01 1.000000e+00
      vertex   7.491054e+01 8.903689e+01 2.000000e+00
      vertex   7.348671e+01 8.952369e+01 1.000000e+00
    endloop
  endfacet
  facet normal -3.235132e-01 -9.462237e-01 0.000000e+00
    outer loop
      vertex   7.348671e+01 8.952369e+01 1.000000e+00
      vertex   7.491054e+01 8.903689e+01 2.000000e+00
      vertex   7.348671e+01 8.952369e+01 2.000000e+00
    endloop
  endfacet
  facet normal -2.120043e-01 -9.772687e-01 0.000000e+00
    outer loop
      vertex   7.348671e+01 8.952369e+01 1.000000e+00
      vertex   7.348671e+01 8.952369e+01 2.000000e+00
      vertex   7.201617e+01 8.984271e+01 1.000000e+00
    endloop
  endfacet
  facet normal -2.120043e-01 -9.772687e-01 0.000000e+00
    outer loop
      vertex   7.201617e+01 8.984271e+01 1.000000e+00
      vertex   7.348671e+01 8.952369e+01 2.000000e+00
      vertex   7.201617e+01 8.984271e+01 2.000000e+00
    endloop
  endfacet
  facet normal -9.765505e-02 -9.952203e-01 0.000000e+00
    outer loop
      vertex   7.201617e+01 8.984271e+01 1.000000e+00
      vertex   7.201617e+01 8.984271e+01 2.000000e+00
      vertex   7.051861e+01 8.998965e+01 1.000000e+00
    endloop
  endfacet
  facet normal -9.765505e-02 -9.952203e-01 0.000000e+00
    outer loop
      vertex   7.051861e+01 8.998965e+01 1.000000e+00
      vertex   7.201617e+01 8.984271e+01 2.000000e+00
      vertex   7.051861e+01 8.998965e+01 2.000000e+00
    endloop
  endfacet
  facet normal 0.000000e+00 -0.000000e+00 1.000000e+00
    outer loop
      vertex   7.140970e+01 8.588891e+01 1.000000e+00
      vertex   7.201617e+01 8.984271e+01 1.000000e+00
      vertex   7.017863e+01 8.599823e+01 1.000000e+00
    endloop
  endfacet
  facet normal 0.000000e+00 0.000000e+00 1.000000e+00
    outer loop
      vertex   7.017863e+01 8.599823e+01 1.000000e+00
      vertex   7.201617e+01 8.984271e+01 1.000000e+00
      vertex   7.051861e+01 8.998965e+01 1.000000e+00
    endloop
  endfacet
  facet normal 0.000000e+00 0.000000e+00 1.000000e+00
    outer loop
      vertex   7.017863e+01 8.599823e+01 1.000000e+00
      vertex   7.051861e+01 8.998965e+01 1.000000e+00
      vertex   7.029652e+01 9.002378e+01 1.000000e+00
    endloop
  endfacet
  facet normal 0.000000e+00 0.000000e+00 1.000000e+00
    outer loop
      vertex   7.201617e+01 8.984271e+01 1.000000e+00
      vertex   7.140970e+01 8.588891e+01 1.000000e+00
      vertex   7.348671e+01 8.952369e+01 1.000000e+00
    endloop
  endfacet
  facet normal 0.000000e+00 0.000000e+00 1.000000e+00
    outer loop
      vertex   7.348671e+01 8.952369e+01 1.000000e+00
      vertex   7.140970e+01 8.588891e+01 1.000000e+00
      vertex   7.261419e+01 8.561197e+01 1.000000e+00
    endloop
  endfacet
  facet normal 0.000000e+00 0.000000e+00 1.000000e+00
    outer loop
      vertex   7.348671e+01 8.952369e+01 1.000000e+00
      vertex   7.261419e+01 8.561197e+01 1.000000e+00
      vertex   7.491054e+01 8.903689e+01 1.000000e+00
    endloop
  endfacet
  facet normal 0.000000e+00 0.000000e+00 1.000000e+00
    outer loop
      vertex   7.491054e+01 8.903689e+01 1.000000e+00
      vertex   7.261419e+01 8.561197e+01 1.000000e+00
      vertex   7.376938e+01 8.517263e+01 1.000000e+00
    endloop
  endfacet
  facet normal 0.000000e+00 0.000000e+00 1.000000e+00
    outer loop
      vertex   7.491054e+01 8.903689e+01 1.000000e+00
      vertex   7.376938e+01 8.517263e+01 1.000000e+00
      vertex   7.626857e+01 8.838881e+01 1.000000e+00
    endloop
  endfacet
  facet normal 0.000000e+00 0.000000e+00 1.000000e+00
    outer loop
      vertex   7.626857e+01 8.838881e+01 1.000000e+00
      vertex   7.376938e+01 8.517263e+01 1.000000e+00
      vertex   7.754262e+01 8.758815e+01 1.000000e+00
    endloop
  endfacet
  facet normal 0.000000e+00 0.000000e+00 1.000000e+00
    outer loop
      vertex   7.754262e+01 8.758815e+01 1.000000e+00
      vertex   7.376938e+01 8.517263e+01 1.000000e+00
      vertex   7.485349e+01 8.457916e+01 1.000000e+00
    endloop
  endfacet
  facet normal 0.000000e+00 0.000000e+00 1.000000e+00
    outer loop
      vertex   7.754262e+01 8.758815e+01 1.000000e+00
      vertex   7.485349e+01 8.457916e+01 1.000000e+00
      vertex   7.871562e+01 8.664562e+01 1.000000e+00
    endloop
  endfacet
  facet normal 0.000000e+00 0.000000e+00 1.000000e+00
    outer loop
      vertex   7.871562e+01 8.664562e+01 1.000000e+00
      vertex   7.485349e+01 8.457916e+01 1.000000e+00
      vertex   7.584607e+01 8.384277e+01 1.000000e+00
    endloop
  endfacet
  facet normal 0.000000e+00 0.000000e+00 1.000000e+00
    outer loop
      vertex   7.871562e+01 8.664562e+01 1.000000e+00
      vertex   7.584607e+01 8.384277e+01 1.000000e+00
      vertex   7.977184e+01 8.557387e+01 1.000000e+00
    endloop
  endfacet
  facet normal 0.000000e+00 0.000000e+00 1.000000e+00
    outer loop
      vertex   7.977184e+01 8.557387e+01 1.000000e+00
      vertex   7.584607e+01 8.384277e+01 1.000000e+00
      vertex   7.672840e+01 8.297734e+01 1.000000e+00
    endloop
  endfacet
  facet normal 0.000000e+00 0.000000e+00 1.000000e+00
    outer loop
      vertex   7.977184e+01 8.557387e+01 1.000000e+00
      vertex   7.672840e+01 8.297734e+01 1.000000e+00
      vertex   8.069714e+01 8.438724e+01 1.000000e+00
    endloop
  endfacet
  facet normal 0.000000e+00 0.000000e+00 1.000000e+00
    outer loop
      vertex   8.069714e+01 8.438724e+01 1.000000e+00
      vertex   7.672840e+01 8.297734e+01 1.000000e+00
      vertex   7.748386e+01 8.199919e+01 1.000000e+00
    endloop
  endfacet
  facet normal 0.000000e+00 0.000000e+00 1.000000e+00
    outer loop
      vertex   8.069714e+01 8.438724e+01 1.000000e+00
      vertex   7.748386e+01 8.199919e+01 1.000000e+00
      vertex   8.147912e+01 8.310163e+01 1.000000e+00
    endloop
  endfacet
  facet normal 0.000000e+00 0.000000e+00 1.000000e+00
    outer loop
      vertex   8.147912e+01 8.310163e+01 1.000000e+00
      vertex   7.748386e+01 8.199919e+01 1.000000e+00
      vertex   7.809818e+01 8.092677e+01 1.000000e+00
    endloop
  endfacet
  facet normal 0.000000e+00 0.000000e+00 1.000000e+00
    outer loop
      vertex   8.147912e+01 8.310163e+01 1.000000e+00
      vertex   7.809818e+01 8.092677e+01 1.000000e+00
      vertex   8.210730e+01 8.173428e+01 1.000000e+00
    endloop
  endfacet
  facet normal 0.000000e+00 0.000000e+00 1.000000e+00
    outer loop
      vertex   8.210730e+01 8.173428e+01 1.000000e+00
      vertex   7.809818e+01 8.092677e+01 1.000000e+00
      vertex   7.855979e+01 7.978029e+01 1.000000e+00
    endloop
  endfacet
  facet normal 0.000000e+00 0.000000e+00 1.000000e+00
    outer loop
      vertex   8.210730e+01 8.173428e+01 1.000000e+00
      vertex   7.855979e+01 7.978029e+01 1.000000e+00
      vertex   8.257326e+01 8.030350e+01 1.000000e+00
    endloop
  endfacet
  facet normal 0.000000e+00 0.000000e+00 1.000000e+00
    outer loop
      vertex   8.257326e+01 8.030350e+01 1.000000e+00
      vertex   7.855979e+01 7.978029e+01 1.000000e+00
      vertex   7.885998e+01 7.858139e+01 1.000000e+00
    endloop
  endfacet
  facet normal 0.000000e+00 0.000000e+00 1.000000e+00
    outer loop
      vertex   8.257326e+01 8.030350e+01 1.000000e+00
      vertex   7.885998e+01 7.858139e+01 1.000000e+00
      vertex   8.287077e+01 7.882845e+01 1.000000e+00
    endloop
  endfacet
  facet normal 0.000000e+00 0.000000e+00 1.000000e+00
    outer loop
      vertex   8.287077e+01 7.882845e+01 1.000000e+00
      vertex   7.885998e+01 7.858139e+01 1.000000e+00
      vertex   7.899309e+01 7.735266e+01 1.000000e+00
    endloop
  endfacet
  facet normal 0.000000e+00 0.000000e+00 1.000000e+00
    outer loop
      vertex   8.287077e+01 7.882845e+01 1.000000e+00
      vertex   7.899309e+01 7.735266e+01 1.000000e+00
      vertex   8.299584e+01 7.732891e+01 1.000000e+00
    endloop
  endfacet
  facet normal 0.000000e+00 0.000000e+00 1.000000e+00
    outer loop
      vertex   8.299584e+01 7.732891e+01 1.000000e+00
      vertex   7.899309e+01 7.735266e+01 1.000000e+00
      vertex   7.895661e+01 7.611728e+01 1.000000e+00
    endloop
  endfacet
  facet normal 0.000000e+00 0.000000e+00 1.000000e+00
    outer loop
      vertex   8.299584e+01 7.732891e+01 1.000000e+00
      vertex   7.895661e+01 7.611728e+01 1.000000e+00
      vertex   8.294679e+01 7.582496e+01 1.000000e+00
    endloop
  endfacet
  facet normal 0.000000e+00 0.000000e+00 1.000000e+00
    outer loop
      vertex   8.294679e+01 7.582496e+01 1.000000e+00
      vertex   7.895661e+01 7.611728e+01 1.000000e+00
      vertex   7.875122e+01 7.489855e+01 1.000000e+00
    endloop
  endfacet
  facet normal 0.000000e+00 0.000000e+00 1.000000e+00
    outer loop
      vertex   8.294679e+01 7.582496e+01 1.000000e+00
      vertex   7.875122e+01 7.489855e+01 1.000000e+00
      vertex   8.272428e+01 7.433676e+01 1.000000e+00
    endloop
  endfacet
  facet normal 0.000000e+00 0.000000e+00 1.000000e+00
    outer loop
      vertex   8.272428e+01 7.433676e+01 1.000000e+00
      vertex   7.875122e+01 7.489855e+01 1.000000e+00
      vertex   8.233128e+01 7.288424e+01 1.000000e+00
    endloop
  endfacet
  facet normal 0.000000e+00 0.000000e+00 1.000000e+00
    outer loop
      vertex   8.233128e+01 7.288424e+01 1.000000e+00
      vertex   7.875122e+01 7.489855e+01 1.000000e+00
      vertex   7.838081e+01 7.371945e+01 1.000000e+00
    endloop
  endfacet
  facet normal 0.000000e+00 0.000000e+00 1.000000e+00
    outer loop
      vertex   8.233128e+01 7.288424e+01 1.000000e+00
      vertex   7.838081e+01 7.371945e+01 1.000000e+00
      vertex   8.177307e+01 7.148686e+01 1.000000e+00
    endloop
  endfacet
  facet normal 0.000000e+00 0.000000e+00 1.000000e+00
    outer loop
      vertex   8.177307e+01 7.148686e+01 1.000000e+00
      vertex   7.838081e+01 7.371945e+01 1.000000e+00
      vertex   7.785235e+01 7.260221e+01 1.000000e+00
    endloop
  endfacet
  facet normal 0.000000e+00 0.000000e+00 1.000000e+00
    outer loop
      vertex   8.177307e+01 7.148686e+01 1.000000e+00
      vertex   7.785235e+01 7.260221e+01 1.000000e+00
      vertex   8.105713e+01 7.016334e+01 1.000000e+00
    endloop
  endfacet
  facet normal 0.000000e+00 0.000000e+00 1.000000e+00
    outer loop
      vertex   8.105713e+01 7.016334e+01 1.000000e+00
      vertex   7.785235e+01 7.260221e+01 1.000000e+00
      vertex   7.717582e+01 7.156791e+01 1.000000e+00
    endloop
  endfacet
  facet normal 0.000000e+00 0.000000e+00 1.000000e+00
    outer loop
      vertex   8.105713e+01 7.016334e+01 1.000000e+00
      vertex   7.717582e+01 7.156791e+01 1.000000e+00
      vertex   8.019304e+01 6.893143e+01 1.000000e+00
    endloop
  endfacet
  facet normal 0.000000e+00 0.000000e+00 1.000000e+00
    outer loop
      vertex   8.019304e+01 6.893143e+01 1.000000e+00
      vertex   7.717582e+01 7.156791e+01 1.000000e+00
      vertex   7.636396e+01 7.063604e+01 1.000000e+00
    endloop
  endfacet
  facet normal 0.000000e+00 0.000000e+00 1.000000e+00
    outer loop
      vertex   8.019304e+01 6.893143e+01 1.000000e+00
      vertex   7.636396e+01 7.063604e+01 1.000000e+00
      vertex   7.919239e+01 6.780761e+01 1.000000e+00
    endloop
  endfacet
  facet normal 0.000000e+00 0.000000e+00 1.000000e+00
    outer loop
      vertex   7.919239e+01 6.780761e+01 1.000000e+00
      vertex   7.636396e+01 7.063604e+01 1.000000e+00
      vertex   6.553843e+01 5.981050e+01 1.000000e+00
    endloop
  endfacet
  facet normal 0.000000e+00 0.000000e+00 1.000000e+00
    outer loop
      vertex   7.919239e+01 6.780761e+01 1.000000e+00
      vertex   6.553843e+01 5.981050e+01 1.000000e+00
      vertex   6.163253e+01 5.024775e+01 1.000000e+00
    endloop
  endfacet
  facet normal 0.000000e+00 0.000000e+00 1.000000e+00
    outer loop
      vertex   6.163253e+01 5.024775e+01 1.000000e+00
      vertex   6.553843e+01 5.981050e+01 1.000000e+00
      vertex   6.544486e+01 5.973697e+01 1.000000e+00
    endloop
  endfacet
  facet normal 0.000000e+00 0.000000e+00 1.000000e+00
    outer loop
      vertex   6.163253e+01 5.024775e+01 1.000000e+00
      vertex   6.544486e+01 5.973697e+01 1.000000e+00
      vertex   6.533657e+01 5.968763e+01 1.000000e+00
    endloop
  endfacet
  facet normal 0.000000e+00 0.000000e+00 1.000000e+00
    outer loop
      vertex   6.533657e+01 5.968763e+01 1.000000e+00
      vertex   6.521969e+01 5.966527e+01 1.000000e+00
      vertex   6.163253e+01 5.024775e+01 1.000000e+00
    endloop
  endfacet
  facet normal 0.000000e+00 -0.000000e+00 1.000000e+00
    outer loop
      vertex   6.163253e+01 5.024775e+01 1.000000e+00
      vertex   6.521969e+01 5.966527e+01 1.000000e+00
      vertex   5.882920e+01 5.404976e+01 1.000000e+00
    endloop
  endfacet
  facet normal 0.000000e+00 0.000000e+00 1.000000e+00
    outer loop
      vertex   6.163253e+01 5.024775e+01 1.000000e+00
      vertex   5.882920e+01 5.404976e+01 1.000000e+00
      vertex   5.731910e+01 4.965912e+01 1.000000e+00
    endloop
  endfacet
  facet normal 0.000000e+00 0.000000e+00 1.000000e+00
    outer loop
      vertex   6.521969e+01 5.966527e+01 1.000000e+00
      vertex   6.510083e+01 5.967117e+01 1.000000e+00
      vertex   5.882920e+01 5.404976e+01 1.000000e+00
    endloop
  endfacet
  facet normal 0.000000e+00 0.000000e+00 1.000000e+00
    outer loop
      vertex   5.882920e+01 5.404976e+01 1.000000e+00
      vertex   6.510083e+01 5.967117e+01 1.000000e+00
      vertex   6.019287e+01 5.848805e+01 1.000000e+00
    endloop
  endfacet
  facet normal 0.000000e+00 0.000000e+00 1.000000e+00
    outer loop
      vertex   6.019287e+01 5.848805e+01 1.000000e+00
      vertex   6.510083e+01 5.967117e+01 1.000000e+00
      vertex   6.498674e+01 5.970499e+01 1.000000e+00
    endloop
  endfacet
  facet normal 0.000000e+00 0.000000e+00 1.000000e+00
    outer loop
      vertex   6.019287e+01 5.848805e+01 1.000000e+00
      vertex   6.498674e+01 5.970499e+01 1.000000e+00
      vertex   6.488386e+01 5.976482e+01 1.000000e+00
    endloop
  endfacet
  facet normal 0.000000e+00 0.000000e+00 1.000000e+00
    outer loop
      vertex   6.488386e+01 5.976482e+01 1.000000e+00
      vertex   6.479804e+01 5.984726e+01 1.000000e+00
      vertex   6.019287e+01 5.848805e+01 1.000000e+00
    endloop
  endfacet
  facet normal 0.000000e+00 0.000000e+00 1.000000e+00
    outer loop
      vertex   6.019287e+01 5.848805e+01 1.000000e+00
      vertex   6.479804e+01 5.984726e+01 1.000000e+00
      vertex   6.473414e+01 5.994765e+01 1.000000e+00
    endloop
  endfacet
  facet normal 0.000000e+00 0.000000e+00 1.000000e+00
    outer loop
      vertex   6.019287e+01 5.848805e+01 1.000000e+00
      vertex   6.473414e+01 5.994765e+01 1.000000e+00
      vertex   6.469576e+01 6.006029e+01 1.000000e+00
    endloop
  endfacet
  facet normal 0.000000e+00 0.000000e+00 1.000000e+00
    outer loop
      vertex   6.469576e+01 6.006029e+01 1.000000e+00
      vertex   6.468509e+01 6.017882e+01 1.000000e+00
      vertex   6.019287e+01 5.848805e+01 1.000000e+00
    endloop
  endfacet
  facet normal 0.000000e+00 0.000000e+00 1.000000e+00
    outer loop
      vertex   6.019287e+01 5.848805e+01 1.000000e+00
      vertex   6.468509e+01 6.017882e+01 1.000000e+00
      vertex   6.470274e+01 6.029650e+01 1.000000e+00
    endloop
  endfacet
  facet normal 0.000000e+00 0.000000e+00 1.000000e+00
    outer loop
      vertex   6.019287e+01 5.848805e+01 1.000000e+00
      vertex   6.470274e+01 6.029650e+01 1.000000e+00
      vertex   6.140861e+01 6.296913e+01 1.000000e+00
    endloop
  endfacet
  facet normal -0.000000e+00 0.000000e+00 1.000000e+00
    outer loop
      vertex   6.140861e+01 6.296913e+01 1.000000e+00
      vertex   6.470274e+01 6.029650e+01 1.000000e+00
      vertex   6.575521e+01 6.436609e+01 1.000000e+00
    endloop
  endfacet
  facet normal 0.000000e+00 0.000000e+00 1.000000e+00
    outer loop
      vertex   6.140861e+01 6.296913e+01 1.000000e+00
      vertex   6.575521e+01 6.436609e+01 1.000000e+00
      vertex   6.247507e+01 6.748806e+01 1.000000e+00
    endloop
  endfacet
  facet normal -0.000000e+00 0.000000e+00 1.000000e+00
    outer loop
      vertex   6.247507e+01 6.748806e+01 1.000000e+00
      vertex   6.575521e+01 6.436609e+01 1.000000e+00
      vertex   6.668503e+01 6.846544e+01 1.000000e+00
    endloop
  endfacet
  facet normal 0.000000e+00 0.000000e+00 1.000000e+00
    outer loop
      vertex   6.247507e+01 6.748806e+01 1.000000e+00
      vertex   6.668503e+01 6.846544e+01 1.000000e+00
      vertex   6.339109e+01 7.203987e+01 1.000000e+00
    endloop
  endfacet
  facet normal -0.000000e+00 0.000000e+00 1.000000e+00
    outer loop
      vertex   6.339109e+01 7.203987e+01 1.000000e+00
      vertex   6.668503e+01 6.846544e+01 1.000000e+00
      vertex   6.749136e+01 7.259086e+01 1.000000e+00
    endloop
  endfacet
  facet normal 0.000000e+00 0.000000e+00 1.000000e+00
    outer loop
      vertex   6.339109e+01 7.203987e+01 1.000000e+00
      vertex   6.749136e+01 7.259086e+01 1.000000e+00
      vertex   6.415566e+01 7.661955e+01 1.000000e+00
    endloop
  endfacet
  facet normal -0.000000e+00 0.000000e+00 1.000000e+00
    outer loop
      vertex   6.415566e+01 7.661955e+01 1.000000e+00
      vertex   6.749136e+01 7.259086e+01 1.000000e+00
      vertex   6.817346e+01 7.673863e+01 1.000000e+00
    endloop
  endfacet
  facet normal 0.000000e+00 0.000000e+00 1.000000e+00
    outer loop
      vertex   6.415566e+01 7.661955e+01 1.000000e+00
      vertex   6.817346e+01 7.673863e+01 1.000000e+00
      vertex   6.476793e+01 8.122207e+01 1.000000e+00
    endloop
  endfacet
  facet normal 0.000000e+00 0.000000e+00 1.000000e+00
    outer loop
      vertex   6.476793e+01 8.122207e+01 1.000000e+00
      vertex   6.817346e+01 7.673863e+01 1.000000e+00
      vertex   6.873072e+01 8.090500e+01 1.000000e+00
    endloop
  endfacet
  facet normal -0.000000e+00 0.000000e+00 1.000000e+00
    outer loop
      vertex   6.476793e+01 8.122207e+01 1.000000e+00
      vertex   6.873072e+01 8.090500e+01 1.000000e+00
      vertex   6.916264e+01 8.508623e+01 1.000000e+00
    endloop
  endfacet
  facet normal 0.000000e+00 0.000000e+00 1.000000e+00
    outer loop
      vertex   6.476793e+01 8.122207e+01 1.000000e+00
      vertex   6.916264e+01 8.508623e+01 1.000000e+00
      vertex   6.522723e+01 8.584236e+01 1.000000e+00
    endloop
  endfacet
  facet normal 0.000000e+00 0.000000e+00 1.000000e+00
    outer loop
      vertex   6.522723e+01 8.584236e+01 1.000000e+00
      vertex   6.916264e+01 8.508623e+01 1.000000e+00
      vertex   6.921549e+01 8.533038e+01 1.000000e+00
    endloop
  endfacet
  facet normal 0.000000e+00 0.000000e+00 1.000000e+00
    outer loop
      vertex   6.522723e+01 8.584236e+01 1.000000e+00
      vertex   6.921549e+01 8.533038e+01 1.000000e+00
      vertex   6.932719e+01 8.555381e+01 1.000000e+00
    endloop
  endfacet
  facet normal 0.000000e+00 -0.000000e+00 1.000000e+00
    outer loop
      vertex   6.932719e+01 8.555381e+01 1.000000e+00
      vertex   6.949078e+01 8.574259e+01 1.000000e+00
      vertex   6.522723e+01 8.584236e+01 1.000000e+00
    endloop
  endfacet
  facet normal -0.000000e+00 0.000000e+00 1.000000e+00
    outer loop
      vertex   6.522723e+01 8.584236e+01 1.000000e+00
      vertex   6.949078e+01 8.574259e+01 1.000000e+00
      vertex   6.969606e+01 8.588493e+01 1.000000e+00
    endloop
  endfacet
  facet normal 0.000000e+00 0.000000e+00 1.000000e+00
    outer loop
      vertex   6.522723e+01 8.584236e+01 1.000000e+00
      vertex   6.969606e+01 8.588493e+01 1.000000e+00
      vertex   6.553306e+01 9.047535e+01 1.000000e+00
    endloop
  endfacet
  facet normal 0.000000e+00 0.000000e+00 1.000000e+00
    outer loop
      vertex   6.553306e+01 9.047535e+01 1.000000e+00
      vertex   6.969606e+01 8.588493e+01 1.000000e+00
      vertex   6.990256e+01 9.023404e+01 1.000000e+00
    endloop
  endfacet
  facet normal 0.000000e+00 0.000000e+00 1.000000e+00
    outer loop
      vertex   6.553306e+01 9.047535e+01 1.000000e+00
      vertex   6.990256e+01 9.023404e+01 1.000000e+00
      vertex   6.975059e+01 9.039956e+01 1.000000e+00
    endloop
  endfacet
  facet normal 0.000000e+00 0.000000e+00 1.000000e+00
    outer loop
      vertex   6.990256e+01 9.023404e+01 1.000000e+00
      vertex   6.969606e+01 8.588493e+01 1.000000e+00
      vertex   7.008765e+01 9.010664e+01 1.000000e+00
    endloop
  endfacet
  facet normal 0.000000e+00 0.000000e+00 1.000000e+00
    outer loop
      vertex   7.008765e+01 9.010664e+01 1.000000e+00
      vertex   6.969606e+01 8.588493e+01 1.000000e+00
      vertex   6.993021e+01 8.597195e+01 1.000000e+00
    endloop
  endfacet
  facet normal 0.000000e+00 0.000000e+00 1.000000e+00
    outer loop
      vertex   7.008765e+01 9.010664e+01 1.000000e+00
      vertex   6.993021e+01 8.597195e+01 1.000000e+00
      vertex   7.029652e+01 9.002378e+01 1.000000e+00
    endloop
  endfacet
  facet normal 0.000000e+00 0.000000e+00 1.000000e+00
    outer loop
      vertex   7.029652e+01 9.002378e+01 1.000000e+00
      vertex   6.993021e+01 8.597195e+01 1.000000e+00
      vertex   7.017863e+01 8.599823e+01 1.000000e+00
    endloop
  endfacet
  facet normal 0.000000e+00 0.000000e+00 1.000000e+00
    outer loop
      vertex   2.477277e+01 8.584236e+01 1.000000e+00
      vertex   2.446694e+01 9.047535e+01 1.000000e+00
      vertex   2.057725e+01 8.851909e+01 1.000000e+00
    endloop
  endfacet
  facet normal 0.000000e+00 0.000000e+00 1.000000e+00
    outer loop
      vertex   2.057725e+01 8.851909e+01 1.000000e+00
      vertex   2.446694e+01 9.047535e+01 1.000000e+00
      vertex   2.447460e+01 9.059056e+01 1.000000e+00
    endloop
  endfacet
  facet normal 0.000000e+00 -0.000000e+00 1.000000e+00
    outer loop
      vertex   2.057725e+01 8.851909e+01 1.000000e+00
      vertex   2.447460e+01 9.059056e+01 1.000000e+00
      vertex   2.035884e+01 9.320583e+01 1.000000e+00
    endloop
  endfacet
  facet normal 0.000000e+00 0.000000e+00 1.000000e+00
    outer loop
      vertex   2.035884e+01 9.320583e+01 1.000000e+00
      vertex   2.447460e+01 9.059056e+01 1.000000e+00
      vertex   2.450849e+01 9.070094e+01 1.000000e+00
    endloop
  endfacet
  facet normal 0.000000e+00 0.000000e+00 1.000000e+00
    outer loop
      vertex   2.035884e+01 9.320583e+01 1.000000e+00
      vertex   2.450849e+01 9.070094e+01 1.000000e+00
      vertex   2.456679e+01 9.080060e+01 1.000000e+00
    endloop
  endfacet
  facet normal 0.000000e+00 -0.000000e+00 1.000000e+00
    outer loop
      vertex   2.456679e+01 9.080060e+01 1.000000e+00
      vertex   2.464639e+01 9.088424e+01 1.000000e+00
      vertex   2.035884e+01 9.320583e+01 1.000000e+00
    endloop
  endfacet
  facet normal 0.000000e+00 0.000000e+00 1.000000e+00
    outer loop
      vertex   2.035884e+01 9.320583e+01 1.000000e+00
      vertex   2.464639e+01 9.088424e+01 1.000000e+00
      vertex   2.474306e+01 9.094738e+01 1.000000e+00
    endloop
  endfacet
  facet normal -0.000000e+00 0.000000e+00 1.000000e+00
    outer loop
      vertex   2.035884e+01 9.320583e+01 1.000000e+00
      vertex   2.474306e+01 9.094738e+01 1.000000e+00
      vertex   2.182971e+01 9.500000e+01 1.000000e+00
    endloop
  endfacet
  facet normal 0.000000e+00 0.000000e+00 1.000000e+00
    outer loop
      vertex   2.182971e+01 9.500000e+01 1.000000e+00
      vertex   2.474306e+01 9.094738e+01 1.000000e+00
      vertex   2.485164e+01 9.098667e+01 1.000000e+00
    endloop
  endfacet
  facet normal 0.000000e+00 0.000000e+00 1.000000e+00
    outer loop
      vertex   2.182971e+01 9.500000e+01 1.000000e+00
      vertex   2.485164e+01 9.098667e+01 1.000000e+00
      vertex   2.496633e+01 9.100000e+01 1.000000e+00
    endloop
  endfacet
  facet normal 0.000000e+00 -0.000000e+00 1.000000e+00
    outer loop
      vertex   2.496633e+01 9.100000e+01 1.000000e+00
      vertex   6.503367e+01 9.100000e+01 1.000000e+00
      vertex   2.182971e+01 9.500000e+01 1.000000e+00
    endloop
  endfacet
  facet normal -0.000000e+00 0.000000e+00 1.000000e+00
    outer loop
      vertex   2.182971e+01 9.500000e+01 1.000000e+00
      vertex   6.503367e+01 9.100000e+01 1.000000e+00
      vertex   6.817030e+01 9.500000e+01 1.000000e+00
    endloop
  endfacet
  facet normal 0.000000e+00 0.000000e+00 1.000000e+00
    outer loop
      vertex   6.817030e+01 9.500000e+01 1.000000e+00
      vertex   6.503367e+01 9.100000e+01 1.000000e+00
      vertex   6.514836e+01 9.098667e+01 1.000000e+00
    endloop
  endfacet
  facet normal 0.000000e+00 0.000000e+00 1.000000e+00
    outer loop
      vertex   6.817030e+01 9.500000e+01 1.000000e+00
      vertex   6.514836e+01 9.098667e+01 1.000000e+00
      vertex   6.525694e+01 9.094738e+01 1.000000e+00
    endloop
  endfacet
  facet normal 0.000000e+00 -0.000000e+00 1.000000e+00
    outer loop
      vertex   6.535361e+01 9.088424e+01 1.000000e+00
      vertex   6.961770e+01 9.248181e+01 1.000000e+00
      vertex   6.525694e+01 9.094738e+01 1.000000e+00
    endloop
  endfacet
  facet normal 0.000000e+00 0.000000e+00 1.000000e+00
    outer loop
      vertex   6.525694e+01 9.094738e+01 1.000000e+00
      vertex   6.961770e+01 9.248181e+01 1.000000e+00
      vertex   6.964117e+01 9.320583e+01 1.000000e+00
    endloop
  endfacet
  facet normal 0.000000e+00 0.000000e+00 1.000000e+00
    outer loop
      vertex   6.525694e+01 9.094738e+01 1.000000e+00
      vertex   6.964117e+01 9.320583e+01 1.000000e+00
      vertex   6.817030e+01 9.500000e+01 1.000000e+00
    endloop
  endfacet
  facet normal 0.000000e+00 0.000000e+00 1.000000e+00
    outer loop
      vertex   6.817030e+01 9.500000e+01 1.000000e+00
      vertex   6.964117e+01 9.320583e+01 1.000000e+00
      vertex   6.966801e+01 9.358276e+01 1.000000e+00
    endloop
  endfacet
  facet normal 0.000000e+00 0.000000e+00 1.000000e+00
    outer loop
      vertex   6.817030e+01 9.500000e+01 1.000000e+00
      vertex   6.966801e+01 9.358276e+01 1.000000e+00
      vertex   6.959980e+01 9.395445e+01 1.000000e+00
    endloop
  endfacet
  facet normal 0.000000e+00 0.000000e+00 1.000000e+00
    outer loop
      vertex   6.961770e+01 9.248181e+01 1.000000e+00
      vertex   6.535361e+01 9.088424e+01 1.000000e+00
      vertex   6.959049e+01 9.175792e+01 1.000000e+00
    endloop
  endfacet
  facet normal 0.000000e+00 0.000000e+00 1.000000e+00
    outer loop
      vertex   6.959049e+01 9.175792e+01 1.000000e+00
      vertex   6.535361e+01 9.088424e+01 1.000000e+00
      vertex   6.543322e+01 9.080060e+01 1.000000e+00
    endloop
  endfacet
  facet normal 0.000000e+00 0.000000e+00 1.000000e+00
    outer loop
      vertex   6.959049e+01 9.175792e+01 1.000000e+00
      vertex   6.543322e+01 9.080060e+01 1.000000e+00
      vertex   6.549152e+01 9.070094e+01 1.000000e+00
    endloop
  endfacet
  facet normal 0.000000e+00 0.000000e+00 1.000000e+00
    outer loop
      vertex   6.959049e+01 9.175792e+01 1.000000e+00
      vertex   6.549152e+01 9.070094e+01 1.000000e+00
      vertex   6.955953e+01 9.103418e+01 1.000000e+00
    endloop
  endfacet
  facet normal 0.000000e+00 0.000000e+00 1.000000e+00
    outer loop
      vertex   6.955953e+01 9.103418e+01 1.000000e+00
      vertex   6.549152e+01 9.070094e+01 1.000000e+00
      vertex   6.552540e+01 9.059056e+01 1.000000e+00
    endloop
  endfacet
  facet normal 0.000000e+00 0.000000e+00 1.000000e+00
    outer loop
      vertex   6.955953e+01 9.103418e+01 1.000000e+00
      vertex   6.552540e+01 9.059056e+01 1.000000e+00
      vertex   6.957463e+01 9.080998e+01 1.000000e+00
    endloop
  endfacet
  facet normal 0.000000e+00 0.000000e+00 1.000000e+00
    outer loop
      vertex   6.957463e+01 9.080998e+01 1.000000e+00
      vertex   6.552540e+01 9.059056e+01 1.000000e+00
      vertex   6.553306e+01 9.047535e+01 1.000000e+00
    endloop
  endfacet
  facet normal 0.000000e+00 0.000000e+00 1.000000e+00
    outer loop
      vertex   6.957463e+01 9.080998e+01 1.000000e+00
      vertex   6.553306e+01 9.047535e+01 1.000000e+00
      vertex   6.963941e+01 9.059482e+01 1.000000e+00
    endloop
  endfacet
  facet normal 0.000000e+00 0.000000e+00 1.000000e+00
    outer loop
      vertex   6.963941e+01 9.059482e+01 1.000000e+00
      vertex   6.553306e+01 9.047535e+01 1.000000e+00
      vertex   6.975059e+01 9.039956e+01 1.000000e+00
    endloop
  endfacet
  facet normal -0.000000e+00 0.000000e+00 1.000000e+00
    outer loop
      vertex   5.720857e+01 4.944162e+01 1.000000e+00
      vertex   6.079303e+01 4.823249e+01 1.000000e+00
      vertex   5.731910e+01 4.965912e+01 1.000000e+00
    endloop
  endfacet
  facet normal 0.000000e+00 0.000000e+00 1.000000e+00
    outer loop
      vertex   5.731910e+01 4.965912e+01 1.000000e+00
      vertex   6.079303e+01 4.823249e+01 1.000000e+00
      vertex   6.109857e+01 4.905527e+01 1.000000e+00
    endloop
  endfacet
  facet normal -0.000000e+00 0.000000e+00 1.000000e+00
    outer loop
      vertex   5.731910e+01 4.965912e+01 1.000000e+00
      vertex   6.109857e+01 4.905527e+01 1.000000e+00
      vertex   6.139895e+01 4.987994e+01 1.000000e+00
    endloop
  endfacet
  facet normal 0.000000e+00 0.000000e+00 1.000000e+00
    outer loop
      vertex   5.720857e+01 4.944162e+01 1.000000e+00
      vertex   5.704866e+01 4.925734e+01 1.000000e+00
      vertex   6.079303e+01 4.823249e+01 1.000000e+00
    endloop
  endfacet
  facet normal 0.000000e+00 0.000000e+00 1.000000e+00
    outer loop
      vertex   6.079303e+01 4.823249e+01 1.000000e+00
      vertex   5.704866e+01 4.925734e+01 1.000000e+00
      vertex   6.048233e+01 4.741165e+01 1.000000e+00
    endloop
  endfacet
  facet normal 0.000000e+00 0.000000e+00 1.000000e+00
    outer loop
      vertex   6.048233e+01 4.741165e+01 1.000000e+00
      vertex   5.704866e+01 4.925734e+01 1.000000e+00
      vertex   5.684889e+01 4.911728e+01 1.000000e+00
    endloop
  endfacet
  facet normal 0.000000e+00 0.000000e+00 1.000000e+00
    outer loop
      vertex   6.048233e+01 4.741165e+01 1.000000e+00
      vertex   5.684889e+01 4.911728e+01 1.000000e+00
      vertex   6.027210e+01 4.675950e+01 1.000000e+00
    endloop
  endfacet
  facet normal 0.000000e+00 0.000000e+00 1.000000e+00
    outer loop
      vertex   6.027210e+01 4.675950e+01 1.000000e+00
      vertex   5.684889e+01 4.911728e+01 1.000000e+00
      vertex   5.991938e+01 4.617206e+01 1.000000e+00
    endloop
  endfacet
  facet normal 0.000000e+00 0.000000e+00 1.000000e+00
    outer loop
      vertex   5.991938e+01 4.617206e+01 1.000000e+00
      vertex   5.684889e+01 4.911728e+01 1.000000e+00
      vertex   5.662115e+01 4.902976e+01 1.000000e+00
    endloop
  endfacet
  facet normal 0.000000e+00 0.000000e+00 1.000000e+00
    outer loop
      vertex   5.991938e+01 4.617206e+01 1.000000e+00
      vertex   5.662115e+01 4.902976e+01 1.000000e+00
      vertex   5.944256e+01 4.567997e+01 1.000000e+00
    endloop
  endfacet
  facet normal 0.000000e+00 0.000000e+00 1.000000e+00
    outer loop
      vertex   5.944256e+01 4.567997e+01 1.000000e+00
      vertex   5.662115e+01 4.902976e+01 1.000000e+00
      vertex   5.886652e+01 4.530892e+01 1.000000e+00
    endloop
  endfacet
  facet normal 0.000000e+00 0.000000e+00 1.000000e+00
    outer loop
      vertex   5.886652e+01 4.530892e+01 1.000000e+00
      vertex   5.662115e+01 4.902976e+01 1.000000e+00
      vertex   5.822131e+01 4.507825e+01 1.000000e+00
    endloop
  endfacet
  facet normal 0.000000e+00 0.000000e+00 1.000000e+00
    outer loop
      vertex   5.822131e+01 4.507825e+01 1.000000e+00
      vertex   5.662115e+01 4.902976e+01 1.000000e+00
      vertex   5.754059e+01 4.500000e+01 1.000000e+00
    endloop
  endfacet
  facet normal 0.000000e+00 0.000000e+00 1.000000e+00
    outer loop
      vertex   5.754059e+01 4.500000e+01 1.000000e+00
      vertex   5.662115e+01 4.902976e+01 1.000000e+00
      vertex   5.637899e+01 4.900000e+01 1.000000e+00
    endloop
  endfacet
  facet normal 0.000000e+00 0.000000e+00 1.000000e+00
    outer loop
      vertex   5.754059e+01 4.500000e+01 1.000000e+00
      vertex   5.637899e+01 4.900000e+01 1.000000e+00
      vertex   3.362101e+01 4.900000e+01 1.000000e+00
    endloop
  endfacet
  facet normal 0.000000e+00 0.000000e+00 1.000000e+00
    outer loop
      vertex   5.754059e+01 4.500000e+01 1.000000e+00
      vertex   3.362101e+01 4.900000e+01 1.000000e+00
      vertex   3.245941e+01 4.500000e+01 1.000000e+00
    endloop
  endfacet
  facet normal 0.000000e+00 0.000000e+00 1.000000e+00
    outer loop
      vertex   3.245941e+01 4.500000e+01 1.000000e+00
      vertex   3.362101e+01 4.900000e+01 1.000000e+00
      vertex   3.337885e+01 4.902976e+01 1.000000e+00
    endloop
  endfacet
  facet normal 0.000000e+00 -0.000000e+00 1.000000e+00
    outer loop
      vertex   3.245941e+01 4.500000e+01 1.000000e+00
      vertex   3.337885e+01 4.902976e+01 1.000000e+00
      vertex   3.177869e+01 4.507825e+01 1.000000e+00
    endloop
  endfacet
  facet normal 0.000000e+00 -0.000000e+00 1.000000e+00
    outer loop
      vertex   3.177869e+01 4.507825e+01 1.000000e+00
      vertex   3.337885e+01 4.902976e+01 1.000000e+00
      vertex   3.113348e+01 4.530892e+01 1.000000e+00
    endloop
  endfacet
  facet normal 0.000000e+00 -0.000000e+00 1.000000e+00
    outer loop
      vertex   3.113348e+01 4.530892e+01 1.000000e+00
      vertex   3.337885e+01 4.902976e+01 1.000000e+00
      vertex   3.055745e+01 4.567997e+01 1.000000e+00
    endloop
  endfacet
  facet normal 0.000000e+00 -0.000000e+00 1.000000e+00
    outer loop
      vertex   3.055745e+01 4.567997e+01 1.000000e+00
      vertex   3.337885e+01 4.902976e+01 1.000000e+00
      vertex   3.008063e+01 4.617206e+01 1.000000e+00
    endloop
  endfacet
  facet normal 0.000000e+00 0.000000e+00 1.000000e+00
    outer loop
      vertex   3.008063e+01 4.617206e+01 1.000000e+00
      vertex   3.337885e+01 4.902976e+01 1.000000e+00
      vertex   3.315111e+01 4.911728e+01 1.000000e+00
    endloop
  endfacet
  facet normal 0.000000e+00 -0.000000e+00 1.000000e+00
    outer loop
      vertex   3.008063e+01 4.617206e+01 1.000000e+00
      vertex   3.315111e+01 4.911728e+01 1.000000e+00
      vertex   2.972790e+01 4.675950e+01 1.000000e+00
    endloop
  endfacet
  facet normal 0.000000e+00 -0.000000e+00 1.000000e+00
    outer loop
      vertex   2.972790e+01 4.675950e+01 1.000000e+00
      vertex   3.315111e+01 4.911728e+01 1.000000e+00
      vertex   2.951767e+01 4.741165e+01 1.000000e+00
    endloop
  endfacet
  facet normal 0.000000e+00 0.000000e+00 1.000000e+00
    outer loop
      vertex   2.951767e+01 4.741165e+01 1.000000e+00
      vertex   3.315111e+01 4.911728e+01 1.000000e+00
      vertex   3.295134e+01 4.925734e+01 1.000000e+00
    endloop
  endfacet
  facet normal 0.000000e+00 0.000000e+00 1.000000e+00
    outer loop
      vertex   2.951767e+01 4.741165e+01 1.000000e+00
      vertex   3.295134e+01 4.925734e+01 1.000000e+00
      vertex   3.279143e+01 4.944162e+01 1.000000e+00
    endloop
  endfacet
  facet normal 0.000000e+00 0.000000e+00 1.000000e+00
    outer loop
      vertex   3.279143e+01 4.944162e+01 1.000000e+00
      vertex   3.268090e+01 4.965912e+01 1.000000e+00
      vertex   2.951767e+01 4.741165e+01 1.000000e+00
    endloop
  endfacet
  facet normal 0.000000e+00 -0.000000e+00 1.000000e+00
    outer loop
      vertex   2.951767e+01 4.741165e+01 1.000000e+00
      vertex   3.268090e+01 4.965912e+01 1.000000e+00
      vertex   2.791670e+01 5.182187e+01 1.000000e+00
    endloop
  endfacet
  facet normal -0.000000e+00 0.000000e+00 1.000000e+00
    outer loop
      vertex   2.791670e+01 5.182187e+01 1.000000e+00
      vertex   3.268090e+01 4.965912e+01 1.000000e+00
      vertex   3.117080e+01 5.404976e+01 1.000000e+00
    endloop
  endfacet
  facet normal 0.000000e+00 -0.000000e+00 1.000000e+00
    outer loop
      vertex   2.791670e+01 5.182187e+01 1.000000e+00
      vertex   3.117080e+01 5.404976e+01 1.000000e+00
      vertex   2.646441e+01 5.628327e+01 1.000000e+00
    endloop
  endfacet
  facet normal -0.000000e+00 0.000000e+00 1.000000e+00
    outer loop
      vertex   2.646441e+01 5.628327e+01 1.000000e+00
      vertex   3.117080e+01 5.404976e+01 1.000000e+00
      vertex   2.980713e+01 5.848805e+01 1.000000e+00
    endloop
  endfacet
  facet normal 0.000000e+00 -0.000000e+00 1.000000e+00
    outer loop
      vertex   2.646441e+01 5.628327e+01 1.000000e+00
      vertex   2.980713e+01 5.848805e+01 1.000000e+00
      vertex   2.516245e+01 6.079082e+01 1.000000e+00
    endloop
  endfacet
  facet normal -0.000000e+00 0.000000e+00 1.000000e+00
    outer loop
      vertex   2.516245e+01 6.079082e+01 1.000000e+00
      vertex   2.980713e+01 5.848805e+01 1.000000e+00
      vertex   2.859139e+01 6.296913e+01 1.000000e+00
    endloop
  endfacet
  facet normal 0.000000e+00 -0.000000e+00 1.000000e+00
    outer loop
      vertex   2.516245e+01 6.079082e+01 1.000000e+00
      vertex   2.859139e+01 6.296913e+01 1.000000e+00
      vertex   2.401226e+01 6.533948e+01 1.000000e+00
    endloop
  endfacet
  facet normal -0.000000e+00 0.000000e+00 1.000000e+00
    outer loop
      vertex   2.401226e+01 6.533948e+01 1.000000e+00
      vertex   2.859139e+01 6.296913e+01 1.000000e+00
      vertex   2.752493e+01 6.748806e+01 1.000000e+00
    endloop
  endfacet
  facet normal 0.000000e+00 -0.000000e+00 1.000000e+00
    outer loop
      vertex   2.401226e+01 6.533948e+01 1.000000e+00
      vertex   2.752493e+01 6.748806e+01 1.000000e+00
      vertex   2.301515e+01 6.992412e+01 1.000000e+00
    endloop
  endfacet
  facet normal -0.000000e+00 0.000000e+00 1.000000e+00
    outer loop
      vertex   2.301515e+01 6.992412e+01 1.000000e+00
      vertex   2.752493e+01 6.748806e+01 1.000000e+00
      vertex   2.660891e+01 7.203987e+01 1.000000e+00
    endloop
  endfacet
  facet normal 0.000000e+00 -0.000000e+00 1.000000e+00
    outer loop
      vertex   2.301515e+01 6.992412e+01 1.000000e+00
      vertex   2.660891e+01 7.203987e+01 1.000000e+00
      vertex   2.217224e+01 7.453960e+01 1.000000e+00
    endloop
  endfacet
  facet normal -0.000000e+00 0.000000e+00 1.000000e+00
    outer loop
      vertex   2.217224e+01 7.453960e+01 1.000000e+00
      vertex   2.660891e+01 7.203987e+01 1.000000e+00
      vertex   2.584435e+01 7.661955e+01 1.000000e+00
    endloop
  endfacet
  facet normal 0.000000e+00 -0.000000e+00 1.000000e+00
    outer loop
      vertex   2.217224e+01 7.453960e+01 1.000000e+00
      vertex   2.584435e+01 7.661955e+01 1.000000e+00
      vertex   2.148446e+01 7.918074e+01 1.000000e+00
    endloop
  endfacet
  facet normal -0.000000e+00 0.000000e+00 1.000000e+00
    outer loop
      vertex   2.148446e+01 7.918074e+01 1.000000e+00
      vertex   2.584435e+01 7.661955e+01 1.000000e+00
      vertex   2.523208e+01 8.122207e+01 1.000000e+00
    endloop
  endfacet
  facet normal 0.000000e+00 -0.000000e+00 1.000000e+00
    outer loop
      vertex   2.148446e+01 7.918074e+01 1.000000e+00
      vertex   2.523208e+01 8.122207e+01 1.000000e+00
      vertex   2.095260e+01 8.384231e+01 1.000000e+00
    endloop
  endfacet
  facet normal -0.000000e+00 0.000000e+00 1.000000e+00
    outer loop
      vertex   2.095260e+01 8.384231e+01 1.000000e+00
      vertex   2.523208e+01 8.122207e+01 1.000000e+00
      vertex   2.477277e+01 8.584236e+01 1.000000e+00
    endloop
  endfacet
  facet normal 0.000000e+00 -0.000000e+00 1.000000e+00
    outer loop
      vertex   2.095260e+01 8.384231e+01 1.000000e+00
      vertex   2.477277e+01 8.584236e+01 1.000000e+00
      vertex   2.057725e+01 8.851909e+01 1.000000e+00
    endloop
  endfacet
  facet normal 0.000000e+00 0.000000e+00 1.000000e+00
    outer loop
      vertex   6.959980e+01 9.395445e+01 1.000000e+00
      vertex   6.944086e+01 9.429729e+01 1.000000e+00
      vertex   6.817030e+01 9.500000e+01 1.000000e+00
    endloop
  endfacet
  facet normal 0.000000e+00 0.000000e+00 1.000000e+00
    outer loop
      vertex   6.817030e+01 9.500000e+01 1.000000e+00
      vertex   6.944086e+01 9.429729e+01 1.000000e+00
      vertex   6.920128e+01 9.458953e+01 1.000000e+00
    endloop
  endfacet
  facet normal 0.000000e+00 0.000000e+00 1.000000e+00
    outer loop
      vertex   6.817030e+01 9.500000e+01 1.000000e+00
      vertex   6.920128e+01 9.458953e+01 1.000000e+00
      vertex   6.889627e+01 9.481262e+01 1.000000e+00
    endloop
  endfacet
  facet normal 0.000000e+00 0.000000e+00 1.000000e+00
    outer loop
      vertex   6.889627e+01 9.481262e+01 1.000000e+00
      vertex   6.854518e+01 9.495240e+01 1.000000e+00
      vertex   6.817030e+01 9.500000e+01 1.000000e+00
    endloop
  endfacet
  facet normal -0.000000e+00 0.000000e+00 1.000000e+00
    outer loop
      vertex   2.145482e+01 9.495240e+01 1.000000e+00
      vertex   2.110374e+01 9.481262e+01 1.000000e+00
      vertex   2.182971e+01 9.500000e+01 1.000000e+00
    endloop
  endfacet
  facet normal 0.000000e+00 0.000000e+00 1.000000e+00
    outer loop
      vertex   2.182971e+01 9.500000e+01 1.000000e+00
      vertex   2.110374e+01 9.481262e+01 1.000000e+00
      vertex   2.079872e+01 9.458953e+01 1.000000e+00
    endloop
  endfacet
  facet normal 0.000000e+00 0.000000e+00 1.000000e+00
    outer loop
      vertex   2.182971e+01 9.500000e+01 1.000000e+00
      vertex   2.079872e+01 9.458953e+01 1.000000e+00
      vertex   2.055914e+01 9.429729e+01 1.000000e+00
    endloop
  endfacet
  facet normal -0.000000e+00 0.000000e+00 1.000000e+00
    outer loop
      vertex   2.055914e+01 9.429729e+01 1.000000e+00
      vertex   2.040020e+01 9.395445e+01 1.000000e+00
      vertex   2.182971e+01 9.500000e+01 1.000000e+00
    endloop
  endfacet
  facet normal 0.000000e+00 0.000000e+00 1.000000e+00
    outer loop
      vertex   2.182971e+01 9.500000e+01 1.000000e+00
      vertex   2.040020e+01 9.395445e+01 1.000000e+00
      vertex   2.033199e+01 9.358276e+01 1.000000e+00
    endloop
  endfacet
  facet normal 0.000000e+00 0.000000e+00 1.000000e+00
    outer loop
      vertex   2.182971e+01 9.500000e+01 1.000000e+00
      vertex   2.033199e+01 9.358276e+01 1.000000e+00
      vertex   2.035884e+01 9.320583e+01 1.000000e+00
    endloop
  endfacet
  facet normal 0.000000e+00 -0.000000e+00 1.000000e+00
    outer loop
      vertex   6.139895e+01 4.987994e+01 1.000000e+00
      vertex   6.145852e+01 5.001354e+01 1.000000e+00
      vertex   5.731910e+01 4.965912e+01 1.000000e+00
    endloop
  endfacet
  facet normal 0.000000e+00 0.000000e+00 1.000000e+00
    outer loop
      vertex   5.731910e+01 4.965912e+01 1.000000e+00
      vertex   6.145852e+01 5.001354e+01 1.000000e+00
      vertex   6.153693e+01 5.013703e+01 1.000000e+00
    endloop
  endfacet
  facet normal 0.000000e+00 0.000000e+00 1.000000e+00
    outer loop
      vertex   5.731910e+01 4.965912e+01 1.000000e+00
      vertex   6.153693e+01 5.013703e+01 1.000000e+00
      vertex   6.163253e+01 5.024775e+01 1.000000e+00
    endloop
  endfacet
  facet normal -0.000000e+00 -0.000000e+00 1.000000e+00
    outer loop
      vertex   6.957463e+01 9.080998e+01 2.000000e+00
      vertex   6.963941e+01 9.059482e+01 2.000000e+00
      vertex   6.955953e+01 9.103418e+01 2.000000e+00
    endloop
  endfacet
  facet normal 0.000000e+00 0.000000e+00 1.000000e+00
    outer loop
      vertex   6.955953e+01 9.103418e+01 2.000000e+00
      vertex   6.963941e+01 9.059482e+01 2.000000e+00
      vertex   6.975059e+01 9.039956e+01 2.000000e+00
    endloop
  endfacet
  facet normal 0.000000e+00 0.000000e+00 1.000000e+00
    outer loop
      vertex   6.955953e+01 9.103418e+01 2.000000e+00
      vertex   6.975059e+01 9.039956e+01 2.000000e+00
      vertex   6.990256e+01 9.023404e+01 2.000000e+00
    endloop
  endfacet
  facet normal -0.000000e+00 -0.000000e+00 1.000000e+00
    outer loop
      vertex   6.990256e+01 9.023404e+01 2.000000e+00
      vertex   7.008765e+01 9.010664e+01 2.000000e+00
      vertex   6.955953e+01 9.103418e+01 2.000000e+00
    endloop
  endfacet
  facet normal 0.000000e+00 0.000000e+00 1.000000e+00
    outer loop
      vertex   6.955953e+01 9.103418e+01 2.000000e+00
      vertex   7.008765e+01 9.010664e+01 2.000000e+00
      vertex   7.029652e+01 9.002378e+01 2.000000e+00
    endloop
  endfacet
  facet normal 0.000000e+00 0.000000e+00 1.000000e+00
    outer loop
      vertex   6.955953e+01 9.103418e+01 2.000000e+00
      vertex   7.029652e+01 9.002378e+01 2.000000e+00
      vertex   7.051861e+01 8.998965e+01 2.000000e+00
    endloop
  endfacet
  facet normal -0.000000e+00 0.000000e+00 1.000000e+00
    outer loop
      vertex   6.955953e+01 9.103418e+01 2.000000e+00
      vertex   7.051861e+01 8.998965e+01 2.000000e+00
      vertex   6.959049e+01 9.175792e+01 2.000000e+00
    endloop
  endfacet
  facet normal 0.000000e+00 0.000000e+00 1.000000e+00
    outer loop
      vertex   6.959049e+01 9.175792e+01 2.000000e+00
      vertex   7.051861e+01 8.998965e+01 2.000000e+00
      vertex   7.201617e+01 8.984271e+01 2.000000e+00
    endloop
  endfacet
  facet normal -0.000000e+00 0.000000e+00 1.000000e+00
    outer loop
      vertex   6.959049e+01 9.175792e+01 2.000000e+00
      vertex   7.201617e+01 8.984271e+01 2.000000e+00
      vertex   6.961770e+01 9.248181e+01 2.000000e+00
    endloop
  endfacet
  facet normal -0.000000e+00 0.000000e+00 1.000000e+00
    outer loop
      vertex   6.961770e+01 9.248181e+01 2.000000e+00
      vertex   7.201617e+01 8.984271e+01 2.000000e+00
      vertex   6.964117e+01 9.320583e+01 2.000000e+00
    endloop
  endfacet
  facet normal -0.000000e+00 0.000000e+00 1.000000e+00
    outer loop
      vertex   6.964117e+01 9.320583e+01 2.000000e+00
      vertex   7.201617e+01 8.984271e+01 2.000000e+00
      vertex   6.966801e+01 9.358276e+01 2.000000e+00
    endloop
  endfacet
  facet normal 0.000000e+00 0.000000e+00 1.000000e+00
    outer loop
      vertex   6.966801e+01 9.358276e+01 2.000000e+00
      vertex   7.201617e+01 8.984271e+01 2.000000e+00
      vertex   7.348671e+01 8.952369e+01 2.000000e+00
    endloop
  endfacet
  facet normal -0.000000e+00 -0.000000e+00 1.000000e+00
    outer loop
      vertex   6.966801e+01 9.358276e+01 2.000000e+00
      vertex   7.348671e+01 8.952369e+01 2.000000e+00
      vertex   6.959980e+01 9.395445e+01 2.000000e+00
    endloop
  endfacet
  facet normal 0.000000e+00 0.000000e+00 1.000000e+00
    outer loop
      vertex   6.959980e+01 9.395445e+01 2.000000e+00
      vertex   7.348671e+01 8.952369e+01 2.000000e+00
      vertex   7.491054e+01 8.903689e+01 2.000000e+00
    endloop
  endfacet
  facet normal -0.000000e+00 -0.000000e+00 1.000000e+00
    outer loop
      vertex   6.959980e+01 9.395445e+01 2.000000e+00
      vertex   7.491054e+01 8.903689e+01 2.000000e+00
      vertex   6.944086e+01 9.429729e+01 2.000000e+00
    endloop
  endfacet
  facet normal 0.000000e+00 0.000000e+00 1.000000e+00
    outer loop
      vertex   6.944086e+01 9.429729e+01 2.000000e+00
      vertex   7.491054e+01 8.903689e+01 2.000000e+00
      vertex   7.626857e+01 8.838881e+01 2.000000e+00
    endloop
  endfacet
  facet normal -0.000000e+00 0.000000e+00 1.000000e+00
    outer loop
      vertex   6.944086e+01 9.429729e+01 2.000000e+00
      vertex   7.626857e+01 8.838881e+01 2.000000e+00
      vertex   1.000000e+02 1.150000e+02 2.000000e+00
    endloop
  endfacet
  facet normal 0.000000e+00 0.000000e+00 1.000000e+00
    outer loop
      vertex   1.000000e+02 1.150000e+02 2.000000e+00
      vertex   7.626857e+01 8.838881e+01 2.000000e+00
      vertex   7.754262e+01 8.758815e+01 2.000000e+00
    endloop
  endfacet
  facet normal 0.000000e+00 0.000000e+00 1.000000e+00
    outer loop
      vertex   1.000000e+02 1.150000e+02 2.000000e+00
      vertex   7.754262e+01 8.758815e+01 2.000000e+00
      vertex   7.871562e+01 8.664562e+01 2.000000e+00
    endloop
  endfacet
  facet normal -0.000000e+00 0.000000e+00 1.000000e+00
    outer loop
      vertex   7.871562e+01 8.664562e+01 2.000000e+00
      vertex   7.977184e+01 8.557387e+01 2.000000e+00
      vertex   1.000000e+02 1.150000e+02 2.000000e+00
    endloop
  endfacet
  facet normal 0.000000e+00 0.000000e+00 1.000000e+00
    outer loop
      vertex   1.000000e+02 1.150000e+02 2.000000e+00
      vertex   7.977184e+01 8.557387e+01 2.000000e+00
      vertex   8.069714e+01 8.438724e+01 2.000000e+00
    endloop
  endfacet
  facet normal 0.000000e+00 0.000000e+00 1.000000e+00
    outer loop
      vertex   1.000000e+02 1.150000e+02 2.000000e+00
      vertex   8.069714e+01 8.438724e+01 2.000000e+00
      vertex   8.147912e+01 8.310163e+01 2.000000e+00
    endloop
  endfacet
  facet normal -0.000000e+00 0.000000e+00 1.000000e+00
    outer loop
      vertex   8.147912e+01 8.310163e+01 2.000000e+00
      vertex   8.210730e+01 8.173428e+01 2.000000e+00
      vertex   1.000000e+02 1.150000e+02 2.000000e+00
    endloop
  endfacet
  facet normal 0.000000e+00 0.000000e+00 1.000000e+00
    outer loop
      vertex   1.000000e+02 1.150000e+02 2.000000e+00
      vertex   8.210730e+01 8.173428e+01 2.000000e+00
      vertex   8.257326e+01 8.030350e+01 2.000000e+00
    endloop
  endfacet
  facet normal 0.000000e+00 0.000000e+00 1.000000e+00
    outer loop
      vertex   1.000000e+02 1.150000e+02 2.000000e+00
      vertex   8.257326e+01 8.030350e+01 2.000000e+00
      vertex   8.287077e+01 7.882845e+01 2.000000e+00
    endloop
  endfacet
  facet normal -0.000000e+00 0.000000e+00 1.000000e+00
    outer loop
      vertex   8.287077e+01 7.882845e+01 2.000000e+00
      vertex   8.299584e+01 7.732891e+01 2.000000e+00
      vertex   1.000000e+02 1.150000e+02 2.000000e+00
    endloop
  endfacet
  facet normal 0.000000e+00 0.000000e+00 1.000000e+00
    outer loop
      vertex   1.000000e+02 1.150000e+02 2.000000e+00
      vertex   8.299584e+01 7.732891e+01 2.000000e+00
      vertex   1.000000e+02 3.500000e+01 2.000000e+00
    endloop
  endfacet
  facet normal 0.000000e+00 0.000000e+00 1.000000e+00
    outer loop
      vertex   1.000000e+02 3.500000e+01 2.000000e+00
      vertex   8.299584e+01 7.732891e+01 2.000000e+00
      vertex   8.294679e+01 7.582496e+01 2.000000e+00
    endloop
  endfacet
  facet normal 0.000000e+00 0.000000e+00 1.000000e+00
    outer loop
      vertex   1.000000e+02 3.500000e+01 2.000000e+00
      vertex   8.294679e+01 7.582496e+01 2.000000e+00
      vertex   8.272428e+01 7.433676e+01 2.000000e+00
    endloop
  endfacet
  facet normal 0.000000e+00 0.000000e+00 1.000000e+00
    outer loop
      vertex   8.272428e+01 7.433676e+01 2.000000e+00
      vertex   8.233128e+01 7.288424e+01 2.000000e+00
      vertex   1.000000e+02 3.500000e+01 2.000000e+00
    endloop
  endfacet
  facet normal 0.000000e+00 0.000000e+00 1.000000e+00
    outer loop
      vertex   1.000000e+02 3.500000e+01 2.000000e+00
      vertex   8.233128e+01 7.288424e+01 2.000000e+00
      vertex   8.177307e+01 7.148686e+01 2.000000e+00
    endloop
  endfacet
  facet normal 0.000000e+00 0.000000e+00 1.000000e+00
    outer loop
      vertex   1.000000e+02 3.500000e+01 2.000000e+00
      vertex   8.177307e+01 7.148686e+01 2.000000e+00
      vertex   8.105713e+01 7.016334e+01 2.000000e+00
    endloop
  endfacet
  facet normal 0.000000e+00 0.000000e+00 1.000000e+00
    outer loop
      vertex   8.105713e+01 7.016334e+01 2.000000e+00
      vertex   8.019304e+01 6.893143e+01 2.000000e+00
      vertex   1.000000e+02 3.500000e+01 2.000000e+00
    endloop
  endfacet
  facet normal 0.000000e+00 0.000000e+00 1.000000e+00
    outer loop
      vertex   1.000000e+02 3.500000e+01 2.000000e+00
      vertex   8.019304e+01 6.893143e+01 2.000000e+00
      vertex   7.919239e+01 6.780761e+01 2.000000e+00
    endloop
  endfacet
  facet normal 0.000000e+00 0.000000e+00 1.000000e+00
    outer loop
      vertex   1.000000e+02 3.500000e+01 2.000000e+00
      vertex   7.919239e+01 6.780761e+01 2.000000e+00
      vertex   6.163253e+01 5.024775e+01 2.000000e+00
    endloop
  endfacet
  facet normal -0.000000e+00 0.000000e+00 1.000000e+00
    outer loop
      vertex   6.153693e+01 5.013703e+01 2.000000e+00
      vertex   6.145852e+01 5.001354e+01 2.000000e+00
      vertex   6.163253e+01 5.024775e+01 2.000000e+00
    endloop
  endfacet
  facet normal 0.000000e+00 0.000000e+00 1.000000e+00
    outer loop
      vertex   6.163253e+01 5.024775e+01 2.000000e+00
      vertex   6.145852e+01 5.001354e+01 2.000000e+00
      vertex   6.139895e+01 4.987994e+01 2.000000e+00
    endloop
  endfacet
  facet normal 0.000000e+00 0.000000e+00 1.000000e+00
    outer loop
      vertex   6.163253e+01 5.024775e+01 2.000000e+00
      vertex   6.139895e+01 4.987994e+01 2.000000e+00
      vertex   6.109857e+01 4.905527e+01 2.000000e+00
    endloop
  endfacet
  facet normal 0.000000e+00 0.000000e+00 1.000000e+00
    outer loop
      vertex   6.163253e+01 5.024775e+01 2.000000e+00
      vertex   6.109857e+01 4.905527e+01 2.000000e+00
      vertex   9.000000e+01 2.500000e+01 2.000000e+00
    endloop
  endfacet
  facet normal 0.000000e+00 0.000000e+00 1.000000e+00
    outer loop
      vertex   9.000000e+01 2.500000e+01 2.000000e+00
      vertex   6.109857e+01 4.905527e+01 2.000000e+00
      vertex   6.079303e+01 4.823249e+01 2.000000e+00
    endloop
  endfacet
  facet normal 0.000000e+00 0.000000e+00 1.000000e+00
    outer loop
      vertex   9.000000e+01 2.500000e+01 2.000000e+00
      vertex   6.079303e+01 4.823249e+01 2.000000e+00
      vertex   6.048233e+01 4.741165e+01 2.000000e+00
    endloop
  endfacet
  facet normal 0.000000e+00 0.000000e+00 1.000000e+00
    outer loop
      vertex   6.048233e+01 4.741165e+01 2.000000e+00
      vertex   6.027210e+01 4.675950e+01 2.000000e+00
      vertex   9.000000e+01 2.500000e+01 2.000000e+00
    endloop
  endfacet
  facet normal 0.000000e+00 0.000000e+00 1.000000e+00
    outer loop
      vertex   9.000000e+01 2.500000e+01 2.000000e+00
      vertex   6.027210e+01 4.675950e+01 2.000000e+00
      vertex   5.991938e+01 4.617206e+01 2.000000e+00
    endloop
  endfacet
  facet normal 0.000000e+00 0.000000e+00 1.000000e+00
    outer loop
      vertex   9.000000e+01 2.500000e+01 2.000000e+00
      vertex   5.991938e+01 4.617206e+01 2.000000e+00
      vertex   5.944256e+01 4.567997e+01 2.000000e+00
    endloop
  endfacet
  facet normal 0.000000e+00 0.000000e+00 1.000000e+00
    outer loop
      vertex   5.944256e+01 4.567997e+01 2.000000e+00
      vertex   5.886652e+01 4.530892e+01 2.000000e+00
      vertex   9.000000e+01 2.500000e+01 2.000000e+00
    endloop
  endfacet
  facet normal 0.000000e+00 0.000000e+00 1.000000e+00
    outer loop
      vertex   9.000000e+01 2.500000e+01 2.000000e+00
      vertex   5.886652e+01 4.530892e+01 2.000000e+00
      vertex   5.822131e+01 4.507825e+01 2.000000e+00
    endloop
  endfacet
  facet normal 0.000000e+00 0.000000e+00 1.000000e+00
    outer loop
      vertex   9.000000e+01 2.500000e+01 2.000000e+00
      vertex   5.822131e+01 4.507825e+01 2.000000e+00
      vertex   5.754059e+01 4.500000e+01 2.000000e+00
    endloop
  endfacet
  facet normal 0.000000e+00 0.000000e+00 1.000000e+00
    outer loop
      vertex   9.000000e+01 2.500000e+01 2.000000e+00
      vertex   5.754059e+01 4.500000e+01 2.000000e+00
      vertex   1.000000e+01 2.500000e+01 2.000000e+00
    endloop
  endfacet
  facet normal 0.000000e+00 0.000000e+00 1.000000e+00
    outer loop
      vertex   1.000000e+01 2.500000e+01 2.000000e+00
      vertex   5.754059e+01 4.500000e+01 2.000000e+00
      vertex   3.245941e+01 4.500000e+01 2.000000e+00
    endloop
  endfacet
  facet normal 0.000000e+00 0.000000e+00 1.000000e+00
    outer loop
      vertex   1.000000e+01 2.500000e+01 2.000000e+00
      vertex   3.245941e+01 4.500000e+01 2.000000e+00
      vertex   3.177869e+01 4.507825e+01 2.000000e+00
    endloop
  endfacet
  facet normal 0.000000e+00 0.000000e+00 1.000000e+00
    outer loop
      vertex   3.177869e+01 4.507825e+01 2.000000e+00
      vertex   3.113348e+01 4.530892e+01 2.000000e+00
      vertex   1.000000e+01 2.500000e+01 2.000000e+00
    endloop
  endfacet
  facet normal 0.000000e+00 0.000000e+00 1.000000e+00
    outer loop
      vertex   1.000000e+01 2.500000e+01 2.000000e+00
      vertex   3.113348e+01 4.530892e+01 2.000000e+00
      vertex   3.055745e+01 4.567997e+01 2.000000e+00
    endloop
  endfacet
  facet normal 0.000000e+00 0.000000e+00 1.000000e+00
    outer loop
      vertex   1.000000e+01 2.500000e+01 2.000000e+00
      vertex   3.055745e+01 4.567997e+01 2.000000e+00
      vertex   3.008063e+01 4.617206e+01 2.000000e+00
    endloop
  endfacet
  facet normal 0.000000e+00 0.000000e+00 1.000000e+00
    outer loop
      vertex   3.008063e+01 4.617206e+01 2.000000e+00
      vertex   2.972790e+01 4.675950e+01 2.000000e+00
      vertex   1.000000e+01 2.500000e+01 2.000000e+00
    endloop
  endfacet
  facet normal 0.000000e+00 -0.000000e+00 1.000000e+00
    outer loop
      vertex   1.000000e+01 2.500000e+01 2.000000e+00
      vertex   2.972790e+01 4.675950e+01 2.000000e+00
      vertex   -6.661338e-15 3.500000e+01 2.000000e+00
    endloop
  endfacet
  facet normal 0.000000e+00 0.000000e+00 1.000000e+00
    outer loop
      vertex   1.000000e+01 2.500000e+01 2.000000e+00
      vertex   -6.661338e-15 3.500000e+01 2.000000e+00
      vertex   8.694738e+00 2.508555e+01 2.000000e+00
    endloop
  endfacet
  facet normal 0.000000e+00 0.000000e+00 1.000000e+00
    outer loop
      vertex   8.694738e+00 2.508555e+01 2.000000e+00
      vertex   -6.661338e-15 3.500000e+01 2.000000e+00
      vertex   7.411810e+00 2.534074e+01 2.000000e+00
    endloop
  endfacet
  facet normal 0.000000e+00 0.000000e+00 1.000000e+00
    outer loop
      vertex   7.411810e+00 2.534074e+01 2.000000e+00
      vertex   -6.661338e-15 3.500000e+01 2.000000e+00
      vertex   6.173166e+00 2.576120e+01 2.000000e+00
    endloop
  endfacet
  facet normal 0.000000e+00 0.000000e+00 1.000000e+00
    outer loop
      vertex   6.173166e+00 2.576120e+01 2.000000e+00
      vertex   -6.661338e-15 3.500000e+01 2.000000e+00
      vertex   5.000000e+00 2.633975e+01 2.000000e+00
    endloop
  endfacet
  facet normal 0.000000e+00 0.000000e+00 1.000000e+00
    outer loop
      vertex   5.000000e+00 2.633975e+01 2.000000e+00
      vertex   -6.661338e-15 3.500000e+01 2.000000e+00
      vertex   3.912386e+00 2.706647e+01 2.000000e+00
    endloop
  endfacet
  facet normal 0.000000e+00 0.000000e+00 1.000000e+00
    outer loop
      vertex   3.912386e+00 2.706647e+01 2.000000e+00
      vertex   -6.661338e-15 3.500000e+01 2.000000e+00
      vertex   2.928932e+00 2.792893e+01 2.000000e+00
    endloop
  endfacet
  facet normal 0.000000e+00 0.000000e+00 1.000000e+00
    outer loop
      vertex   2.928932e+00 2.792893e+01 2.000000e+00
      vertex   -6.661338e-15 3.500000e+01 2.000000e+00
      vertex   2.066467e+00 2.891239e+01 2.000000e+00
    endloop
  endfacet
  facet normal 0.000000e+00 0.000000e+00 1.000000e+00
    outer loop
      vertex   2.066467e+00 2.891239e+01 2.000000e+00
      vertex   -6.661338e-15 3.500000e+01 2.000000e+00
      vertex   1.339746e+00 3.000000e+01 2.000000e+00
    endloop
  endfacet
  facet normal 0.000000e+00 0.000000e+00 1.000000e+00
    outer loop
      vertex   1.339746e+00 3.000000e+01 2.000000e+00
      vertex   -6.661338e-15 3.500000e+01 2.000000e+00
      vertex   7.612047e-01 3.117317e+01 2.000000e+00
    endloop
  endfacet
  facet normal 0.000000e+00 0.000000e+00 1.000000e+00
    outer loop
      vertex   7.612047e-01 3.117317e+01 2.000000e+00
      vertex   -6.661338e-15 3.500000e+01 2.000000e+00
      vertex   3.407417e-01 3.241181e+01 2.000000e+00
    endloop
  endfacet
  facet normal 0.000000e+00 0.000000e+00 1.000000e+00
    outer loop
      vertex   3.407417e-01 3.241181e+01 2.000000e+00
      vertex   -6.661338e-15 3.500000e+01 2.000000e+00
      vertex   8.555139e-02 3.369474e+01 2.000000e+00
    endloop
  endfacet
  facet normal 0.000000e+00 0.000000e+00 1.000000e+00
    outer loop
      vertex   2.972790e+01 4.675950e+01 2.000000e+00
      vertex   2.951767e+01 4.741165e+01 2.000000e+00
      vertex   -6.661338e-15 3.500000e+01 2.000000e+00
    endloop
  endfacet
  facet normal 0.000000e+00 0.000000e+00 1.000000e+00
    outer loop
      vertex   -6.661338e-15 3.500000e+01 2.000000e+00
      vertex   2.951767e+01 4.741165e+01 2.000000e+00
      vertex   2.791670e+01 5.182187e+01 2.000000e+00
    endloop
  endfacet
  facet normal 0.000000e+00 0.000000e+00 1.000000e+00
    outer loop
      vertex   -6.661338e-15 3.500000e+01 2.000000e+00
      vertex   2.791670e+01 5.182187e+01 2.000000e+00
      vertex   2.646441e+01 5.628327e+01 2.000000e+00
    endloop
  endfacet
  facet normal 0.000000e+00 0.000000e+00 1.000000e+00
    outer loop
      vertex   2.646441e+01 5.628327e+01 2.000000e+00
      vertex   2.516245e+01 6.079082e+01 2.000000e+00
      vertex   -6.661338e-15 3.500000e+01 2.000000e+00
    endloop
  endfacet
  facet normal 0.000000e+00 0.000000e+00 1.000000e+00
    outer loop
      vertex   -6.661338e-15 3.500000e+01 2.000000e+00
      vertex   2.516245e+01 6.079082e+01 2.000000e+00
      vertex   2.401226e+01 6.533948e+01 2.000000e+00
    endloop
  endfacet
  facet normal 0.000000e+00 0.000000e+00 1.000000e+00
    outer loop
      vertex   -6.661338e-15 3.500000e+01 2.000000e+00
      vertex   2.401226e+01 6.533948e+01 2.000000e+00
      vertex   2.301515e+01 6.992412e+01 2.000000e+00
    endloop
  endfacet
  facet normal 0.000000e+00 0.000000e+00 1.000000e+00
    outer loop
      vertex   2.301515e+01 6.992412e+01 2.000000e+00
      vertex   2.217224e+01 7.453960e+01 2.000000e+00
      vertex   -6.661338e-15 3.500000e+01 2.000000e+00
    endloop
  endfacet
  facet normal 0.000000e+00 0.000000e+00 1.000000e+00
    outer loop
      vertex   -6.661338e-15 3.500000e+01 2.000000e+00
      vertex   2.217224e+01 7.453960e+01 2.000000e+00
      vertex   2.148446e+01 7.918074e+01 2.000000e+00
    endloop
  endfacet
  facet normal 0.000000e+00 0.000000e+00 1.000000e+00
    outer loop
      vertex   -6.661338e-15 3.500000e+01 2.000000e+00
      vertex   2.148446e+01 7.918074e+01 2.000000e+00
      vertex   0.000000e+00 1.150000e+02 2.000000e+00
    endloop
  endfacet
  facet normal 0.000000e+00 0.000000e+00 1.000000e+00
    outer loop
      vertex   0.000000e+00 1.150000e+02 2.000000e+00
      vertex   2.148446e+01 7.918074e+01 2.000000e+00
      vertex   2.095260e+01 8.384231e+01 2.000000e+00
    endloop
  endfacet
  facet normal 0.000000e+00 0.000000e+00 1.000000e+00
    outer loop
      vertex   0.000000e+00 1.150000e+02 2.000000e+00
      vertex   2.095260e+01 8.384231e+01 2.000000e+00
      vertex   2.057725e+01 8.851909e+01 2.000000e+00
    endloop
  endfacet
  facet normal 0.000000e+00 0.000000e+00 1.000000e+00
    outer loop
      vertex   2.057725e+01 8.851909e+01 2.000000e+00
      vertex   2.035884e+01 9.320583e+01 2.000000e+00
      vertex   0.000000e+00 1.150000e+02 2.000000e+00
    endloop
  endfacet
  facet normal 0.000000e+00 0.000000e+00 1.000000e+00
    outer loop
      vertex   0.000000e+00 1.150000e+02 2.000000e+00
      vertex   2.035884e+01 9.320583e+01 2.000000e+00
      vertex   2.033199e+01 9.358276e+01 2.000000e+00
    endloop
  endfacet
  facet normal 0.000000e+00 0.000000e+00 1.000000e+00
    outer loop
      vertex   0.000000e+00 1.150000e+02 2.000000e+00
      vertex   2.033199e+01 9.358276e+01 2.000000e+00
      vertex   2.040020e+01 9.395445e+01 2.000000e+00
    endloop
  endfacet
  facet normal 0.000000e+00 -0.000000e+00 1.000000e+00
    outer loop
      vertex   2.040020e+01 9.395445e+01 2.000000e+00
      vertex   2.055914e+01 9.429729e+01 2.000000e+00
      vertex   0.000000e+00 1.150000e+02 2.000000e+00
    endloop
  endfacet
  facet normal 0.000000e+00 0.000000e+00 1.000000e+00
    outer loop
      vertex   0.000000e+00 1.150000e+02 2.000000e+00
      vertex   2.055914e+01 9.429729e+01 2.000000e+00
      vertex   2.079872e+01 9.458953e+01 2.000000e+00
    endloop
  endfacet
  facet normal 0.000000e+00 0.000000e+00 1.000000e+00
    outer loop
      vertex   0.000000e+00 1.150000e+02 2.000000e+00
      vertex   2.079872e+01 9.458953e+01 2.000000e+00
      vertex   2.110374e+01 9.481262e+01 2.000000e+00
    endloop
  endfacet
  facet normal -0.000000e+00 0.000000e+00 1.000000e+00
    outer loop
      vertex   0.000000e+00 1.150000e+02 2.000000e+00
      vertex   2.110374e+01 9.481262e+01 2.000000e+00
      vertex   1.000000e+01 1.250000e+02 2.000000e+00
    endloop
  endfacet
  facet normal 0.000000e+00 0.000000e+00 1.000000e+00
    outer loop
      vertex   1.000000e+01 1.250000e+02 2.000000e+00
      vertex   2.110374e+01 9.481262e+01 2.000000e+00
      vertex   2.145482e+01 9.495240e+01 2.000000e+00
    endloop
  endfacet
  facet normal 0.000000e+00 0.000000e+00 1.000000e+00
    outer loop
      vertex   1.000000e+01 1.250000e+02 2.000000e+00
      vertex   2.145482e+01 9.495240e+01 2.000000e+00
      vertex   2.182971e+01 9.500000e+01 2.000000e+00
    endloop
  endfacet
  facet normal 0.000000e+00 -0.000000e+00 1.000000e+00
    outer loop
      vertex   2.182971e+01 9.500000e+01 2.000000e+00
      vertex   6.817030e+01 9.500000e+01 2.000000e+00
      vertex   1.000000e+01 1.250000e+02 2.000000e+00
    endloop
  endfacet
  facet normal -0.000000e+00 0.000000e+00 1.000000e+00
    outer loop
      vertex   1.000000e+01 1.250000e+02 2.000000e+00
      vertex   6.817030e+01 9.500000e+01 2.000000e+00
      vertex   9.000000e+01 1.250000e+02 2.000000e+00
    endloop
  endfacet
  facet normal 0.000000e+00 0.000000e+00 1.000000e+00
    outer loop
      vertex   9.000000e+01 1.250000e+02 2.000000e+00
      vertex   6.817030e+01 9.500000e+01 2.000000e+00
      vertex   6.854518e+01 9.495240e+01 2.000000e+00
    endloop
  endfacet
  facet normal 0.000000e+00 0.000000e+00 1.000000e+00
    outer loop
      vertex   9.000000e+01 1.250000e+02 2.000000e+00
      vertex   6.854518e+01 9.495240e+01 2.000000e+00
      vertex   6.889627e+01 9.481262e+01 2.000000e+00
    endloop
  endfacet
  facet normal -0.000000e+00 0.000000e+00 1.000000e+00
    outer loop
      vertex   6.889627e+01 9.481262e+01 2.000000e+00
      vertex   6.920128e+01 9.458953e+01 2.000000e+00
      vertex   9.000000e+01 1.250000e+02 2.000000e+00
    endloop
  endfacet
  facet normal 0.000000e+00 0.000000e+00 1.000000e+00
    outer loop
      vertex   9.000000e+01 1.250000e+02 2.000000e+00
      vertex   6.920128e+01 9.458953e+01 2.000000e+00
      vertex   1.000000e+02 1.150000e+02 2.000000e+00
    endloop
  endfacet
  facet normal 0.000000e+00 0.000000e+00 1.000000e+00
    outer loop
      vertex   9.000000e+01 1.250000e+02 2.000000e+00
      vertex   1.000000e+02 1.150000e+02 2.000000e+00
      vertex   9.991445e+01 1.163053e+02 2.000000e+00
    endloop
  endfacet
  facet normal -0.000000e+00 0.000000e+00 1.000000e+00
    outer loop
      vertex   6.920128e+01 9.458953e+01 2.000000e+00
      vertex   6.944086e+01 9.429729e+01 2.000000e+00
      vertex   1.000000e+02 1.150000e+02 2.000000e+00
    endloop
  endfacet
  facet normal -0.000000e+00 0.000000e+00 1.000000e+00
    outer loop
      vertex   8.694738e+00 1.249144e+02 2.000000e+00
      vertex   7.411810e+00 1.246593e+02 2.000000e+00
      vertex   1.000000e+01 1.250000e+02 2.000000e+00
    endloop
  endfacet
  facet normal 0.000000e+00 0.000000e+00 1.000000e+00
    outer loop
      vertex   1.000000e+01 1.250000e+02 2.000000e+00
      vertex   7.411810e+00 1.246593e+02 2.000000e+00
      vertex   6.173166e+00 1.242388e+02 2.000000e+00
    endloop
  endfacet
  facet normal 0.000000e+00 0.000000e+00 1.000000e+00
    outer loop
      vertex   1.000000e+01 1.250000e+02 2.000000e+00
      vertex   6.173166e+00 1.242388e+02 2.000000e+00
      vertex   5.000000e+00 1.236603e+02 2.000000e+00
    endloop
  endfacet
  facet normal -0.000000e+00 0.000000e+00 1.000000e+00
    outer loop
      vertex   5.000000e+00 1.236603e+02 2.000000e+00
      vertex   3.912386e+00 1.229335e+02 2.000000e+00
      vertex   1.000000e+01 1.250000e+02 2.000000e+00
    endloop
  endfacet
  facet normal 0.000000e+00 0.000000e+00 1.000000e+00
    outer loop
      vertex   1.000000e+01 1.250000e+02 2.000000e+00
      vertex   3.912386e+00 1.229335e+02 2.000000e+00
      vertex   2.928932e+00 1.220711e+02 2.000000e+00
    endloop
  endfacet
  facet normal 0.000000e+00 0.000000e+00 1.000000e+00
    outer loop
      vertex   1.000000e+01 1.250000e+02 2.000000e+00
      vertex   2.928932e+00 1.220711e+02 2.000000e+00
      vertex   2.066467e+00 1.210876e+02 2.000000e+00
    endloop
  endfacet
  facet normal -0.000000e+00 0.000000e+00 1.000000e+00
    outer loop
      vertex   2.066467e+00 1.210876e+02 2.000000e+00
      vertex   1.339746e+00 1.200000e+02 2.000000e+00
      vertex   1.000000e+01 1.250000e+02 2.000000e+00
    endloop
  endfacet
  facet normal 0.000000e+00 0.000000e+00 1.000000e+00
    outer loop
      vertex   1.000000e+01 1.250000e+02 2.000000e+00
      vertex   1.339746e+00 1.200000e+02 2.000000e+00
      vertex   7.612047e-01 1.188268e+02 2.000000e+00
    endloop
  endfacet
  facet normal 0.000000e+00 0.000000e+00 1.000000e+00
    outer loop
      vertex   1.000000e+01 1.250000e+02 2.000000e+00
      vertex   7.612047e-01 1.188268e+02 2.000000e+00
      vertex   3.407417e-01 1.175882e+02 2.000000e+00
    endloop
  endfacet
  facet normal -0.000000e+00 0.000000e+00 1.000000e+00
    outer loop
      vertex   3.407417e-01 1.175882e+02 2.000000e+00
      vertex   8.555139e-02 1.163053e+02 2.000000e+00
      vertex   1.000000e+01 1.250000e+02 2.000000e+00
    endloop
  endfacet
  facet normal 0.000000e+00 0.000000e+00 1.000000e+00
    outer loop
      vertex   1.000000e+01 1.250000e+02 2.000000e+00
      vertex   8.555139e-02 1.163053e+02 2.000000e+00
      vertex   0.000000e+00 1.150000e+02 2.000000e+00
    endloop
  endfacet
  facet normal 0.000000e+00 0.000000e+00 1.000000e+00
    outer loop
      vertex   6.163253e+01 5.024775e+01 2.000000e+00
      vertex   9.000000e+01 2.500000e+01 2.000000e+00
      vertex   1.000000e+02 3.500000e+01 2.000000e+00
    endloop
  endfacet
  facet normal 0.000000e+00 0.000000e+00 1.000000e+00
    outer loop
      vertex   1.000000e+02 3.500000e+01 2.000000e+00
      vertex   9.000000e+01 2.500000e+01 2.000000e+00
      vertex   9.130526e+01 2.508555e+01 2.000000e+00
    endloop
  endfacet
  facet normal 0.000000e+00 0.000000e+00 1.000000e+00
    outer loop
      vertex   1.000000e+02 3.500000e+01 2.000000e+00
      vertex   9.130526e+01 2.508555e+01 2.000000e+00
      vertex   9.258819e+01 2.534074e+01 2.000000e+00
    endloop
  endfacet
  facet normal 0.000000e+00 0.000000e+00 1.000000e+00
    outer loop
      vertex   9.258819e+01 2.534074e+01 2.000000e+00
      vertex   9.382683e+01 2.576120e+01 2.000000e+00
      vertex   1.000000e+02 3.500000e+01 2.000000e+00
    endloop
  endfacet
  facet normal 0.000000e+00 0.000000e+00 1.000000e+00
    outer loop
      vertex   1.000000e+02 3.500000e+01 2.000000e+00
      vertex   9.382683e+01 2.576120e+01 2.000000e+00
      vertex   9.500000e+01 2.633975e+01 2.000000e+00
    endloop
  endfacet
  facet normal 0.000000e+00 0.000000e+00 1.000000e+00
    outer loop
      vertex   1.000000e+02 3.500000e+01 2.000000e+00
      vertex   9.500000e+01 2.633975e+01 2.000000e+00
      vertex   9.608761e+01 2.706647e+01 2.000000e+00
    endloop
  endfacet
  facet normal 0.000000e+00 0.000000e+00 1.000000e+00
    outer loop
      vertex   9.608761e+01 2.706647e+01 2.000000e+00
      vertex   9.707107e+01 2.792893e+01 2.000000e+00
      vertex   1.000000e+02 3.500000e+01 2.000000e+00
    endloop
  endfacet
  facet normal 0.000000e+00 0.000000e+00 1.000000e+00
    outer loop
      vertex   1.000000e+02 3.500000e+01 2.000000e+00
      vertex   9.707107e+01 2.792893e+01 2.000000e+00
      vertex   9.793353e+01 2.891239e+01 2.000000e+00
    endloop
  endfacet
  facet normal 0.000000e+00 0.000000e+00 1.000000e+00
    outer loop
      vertex   1.000000e+02 3.500000e+01 2.000000e+00
      vertex   9.793353e+01 2.891239e+01 2.000000e+00
      vertex   9.866025e+01 3.000000e+01 2.000000e+00
    endloop
  endfacet
  facet normal 0.000000e+00 0.000000e+00 1.000000e+00
    outer loop
      vertex   9.866025e+01 3.000000e+01 2.000000e+00
      vertex   9.923880e+01 3.117317e+01 2.000000e+00
      vertex   1.000000e+02 3.500000e+01 2.000000e+00
    endloop
  endfacet
  facet normal 0.000000e+00 0.000000e+00 1.000000e+00
    outer loop
      vertex   1.000000e+02 3.500000e+01 2.000000e+00
      vertex   9.923880e+01 3.117317e+01 2.000000e+00
      vertex   9.965926e+01 3.241181e+01 2.000000e+00
    endloop
  endfacet
  facet normal 0.000000e+00 0.000000e+00 1.000000e+00
    outer loop
      vertex   1.000000e+02 3.500000e+01 2.000000e+00
      vertex   9.965926e+01 3.241181e+01 2.000000e+00
      vertex   9.991445e+01 3.369474e+01 2.000000e+00
    endloop
  endfacet
  facet normal 0.000000e+00 0.000000e+00 1.000000e+00
    outer loop
      vertex   9.991445e+01 1.163053e+02 2.000000e+00
      vertex   9.965926e+01 1.175882e+02 2.000000e+00
      vertex   9.000000e+01 1.250000e+02 2.000000e+00
    endloop
  endfacet
  facet normal 0.000000e+00 0.000000e+00 1.000000e+00
    outer loop
      vertex   9.000000e+01 1.250000e+02 2.000000e+00
      vertex   9.965926e+01 1.175882e+02 2.000000e+00
      vertex   9.923880e+01 1.188268e+02 2.000000e+00
    endloop
  endfacet
  facet normal 0.000000e+00 0.000000e+00 1.000000e+00
    outer loop
      vertex   9.000000e+01 1.250000e+02 2.000000e+00
      vertex   9.923880e+01 1.188268e+02 2.000000e+00
      vertex   9.866025e+01 1.200000e+02 2.000000e+00
    endloop
  endfacet
  facet normal 0.000000e+00 0.000000e+00 1.000000e+00
    outer loop
      vertex   9.866025e+01 1.200000e+02 2.000000e+00
      vertex   9.793353e+01 1.210876e+02 2.000000e+00
      vertex   9.000000e+01 1.250000e+02 2.000000e+00
    endloop
  endfacet
  facet normal 0.000000e+00 0.000000e+00 1.000000e+00
    outer loop
      vertex   9.000000e+01 1.250000e+02 2.000000e+00
      vertex   9.793353e+01 1.210876e+02 2.000000e+00
      vertex   9.707107e+01 1.220711e+02 2.000000e+00
    endloop
  endfacet
  facet normal 0.000000e+00 0.000000e+00 1.000000e+00
    outer loop
      vertex   9.000000e+01 1.250000e+02 2.000000e+00
      vertex   9.707107e+01 1.220711e+02 2.000000e+00
      vertex   9.608761e+01 1.229335e+02 2.000000e+00
    endloop
  endfacet
  facet normal 0.000000e+00 0.000000e+00 1.000000e+00
    outer loop
      vertex   9.608761e+01 1.229335e+02 2.000000e+00
      vertex   9.500000e+01 1.236603e+02 2.000000e+00
      vertex   9.000000e+01 1.250000e+02 2.000000e+00
    endloop
  endfacet
  facet normal 0.000000e+00 0.000000e+00 1.000000e+00
    outer loop
      vertex   9.000000e+01 1.250000e+02 2.000000e+00
      vertex   9.500000e+01 1.236603e+02 2.000000e+00
      vertex   9.382683e+01 1.242388e+02 2.000000e+00
    endloop
  endfacet
  facet normal 0.000000e+00 0.000000e+00 1.000000e+00
    outer loop
      vertex   9.000000e+01 1.250000e+02 2.000000e+00
      vertex   9.382683e+01 1.242388e+02 2.000000e+00
      vertex   9.258819e+01 1.246593e+02 2.000000e+00
    endloop
  endfacet
  facet normal 0.000000e+00 0.000000e+00 1.000000e+00
    outer loop
      vertex   9.258819e+01 1.246593e+02 2.000000e+00
      vertex   9.130526e+01 1.249144e+02 2.000000e+00
      vertex   9.000000e+01 1.250000e+02 2.000000e+00
    endloop
  endfacet
  facet normal 0.000000e+00 0.000000e+00 1.000000e+00
    outer loop
      vertex   7.636396e+01 7.063604e+01 2.000000e+00
      vertex   6.575521e+01 6.436609e+01 2.000000e+00
      vertex   6.553843e+01 5.981050e+01 2.000000e+00
    endloop
  endfacet
  facet normal 0.000000e+00 -0.000000e+00 1.000000e+00
    outer loop
      vertex   6.553843e+01 5.981050e+01 2.000000e+00
      vertex   6.575521e+01 6.436609e+01 2.000000e+00
      vertex   6.470274e+01 6.029650e+01 2.000000e+00
    endloop
  endfacet
  facet normal 0.000000e+00 0.000000e+00 1.000000e+00
    outer loop
      vertex   6.553843e+01 5.981050e+01 2.000000e+00
      vertex   6.470274e+01 6.029650e+01 2.000000e+00
      vertex   6.544486e+01 5.973697e+01 2.000000e+00
    endloop
  endfacet
  facet normal 0.000000e+00 0.000000e+00 1.000000e+00
    outer loop
      vertex   6.544486e+01 5.973697e+01 2.000000e+00
      vertex   6.470274e+01 6.029650e+01 2.000000e+00
      vertex   6.533657e+01 5.968763e+01 2.000000e+00
    endloop
  endfacet
  facet normal 0.000000e+00 0.000000e+00 1.000000e+00
    outer loop
      vertex   6.533657e+01 5.968763e+01 2.000000e+00
      vertex   6.470274e+01 6.029650e+01 2.000000e+00
      vertex   6.521969e+01 5.966527e+01 2.000000e+00
    endloop
  endfacet
  facet normal 0.000000e+00 0.000000e+00 1.000000e+00
    outer loop
      vertex   6.521969e+01 5.966527e+01 2.000000e+00
      vertex   6.470274e+01 6.029650e+01 2.000000e+00
      vertex   6.510083e+01 5.967117e+01 2.000000e+00
    endloop
  endfacet
  facet normal 0.000000e+00 0.000000e+00 1.000000e+00
    outer loop
      vertex   6.510083e+01 5.967117e+01 2.000000e+00
      vertex   6.470274e+01 6.029650e+01 2.000000e+00
      vertex   6.498674e+01 5.970499e+01 2.000000e+00
    endloop
  endfacet
  facet normal 0.000000e+00 0.000000e+00 1.000000e+00
    outer loop
      vertex   6.498674e+01 5.970499e+01 2.000000e+00
      vertex   6.470274e+01 6.029650e+01 2.000000e+00
      vertex   6.488386e+01 5.976482e+01 2.000000e+00
    endloop
  endfacet
  facet normal 0.000000e+00 0.000000e+00 1.000000e+00
    outer loop
      vertex   6.488386e+01 5.976482e+01 2.000000e+00
      vertex   6.470274e+01 6.029650e+01 2.000000e+00
      vertex   6.479804e+01 5.984726e+01 2.000000e+00
    endloop
  endfacet
  facet normal 0.000000e+00 0.000000e+00 1.000000e+00
    outer loop
      vertex   6.479804e+01 5.984726e+01 2.000000e+00
      vertex   6.470274e+01 6.029650e+01 2.000000e+00
      vertex   6.473414e+01 5.994765e+01 2.000000e+00
    endloop
  endfacet
  facet normal 0.000000e+00 0.000000e+00 1.000000e+00
    outer loop
      vertex   6.473414e+01 5.994765e+01 2.000000e+00
      vertex   6.470274e+01 6.029650e+01 2.000000e+00
      vertex   6.469576e+01 6.006029e+01 2.000000e+00
    endloop
  endfacet
  facet normal 0.000000e+00 -0.000000e+00 1.000000e+00
    outer loop
      vertex   6.469576e+01 6.006029e+01 2.000000e+00
      vertex   6.470274e+01 6.029650e+01 2.000000e+00
      vertex   6.468509e+01 6.017882e+01 2.000000e+00
    endloop
  endfacet
  facet normal 0.000000e+00 0.000000e+00 1.000000e+00
    outer loop
      vertex   7.717582e+01 7.156791e+01 2.000000e+00
      vertex   7.672840e+01 8.297734e+01 2.000000e+00
      vertex   7.636396e+01 7.063604e+01 2.000000e+00
    endloop
  endfacet
  facet normal 0.000000e+00 -0.000000e+00 1.000000e+00
    outer loop
      vertex   7.636396e+01 7.063604e+01 2.000000e+00
      vertex   7.672840e+01 8.297734e+01 2.000000e+00
      vertex   7.584607e+01 8.384277e+01 2.000000e+00
    endloop
  endfacet
  facet normal 0.000000e+00 0.000000e+00 1.000000e+00
    outer loop
      vertex   7.636396e+01 7.063604e+01 2.000000e+00
      vertex   7.584607e+01 8.384277e+01 2.000000e+00
      vertex   7.485349e+01 8.457916e+01 2.000000e+00
    endloop
  endfacet
  facet normal 0.000000e+00 0.000000e+00 1.000000e+00
    outer loop
      vertex   7.672840e+01 8.297734e+01 2.000000e+00
      vertex   7.717582e+01 7.156791e+01 2.000000e+00
      vertex   7.748386e+01 8.199919e+01 2.000000e+00
    endloop
  endfacet
  facet normal 0.000000e+00 0.000000e+00 1.000000e+00
    outer loop
      vertex   7.748386e+01 8.199919e+01 2.000000e+00
      vertex   7.717582e+01 7.156791e+01 2.000000e+00
      vertex   7.785235e+01 7.260221e+01 2.000000e+00
    endloop
  endfacet
  facet normal 0.000000e+00 0.000000e+00 1.000000e+00
    outer loop
      vertex   7.748386e+01 8.199919e+01 2.000000e+00
      vertex   7.785235e+01 7.260221e+01 2.000000e+00
      vertex   7.809818e+01 8.092677e+01 2.000000e+00
    endloop
  endfacet
  facet normal 0.000000e+00 0.000000e+00 1.000000e+00
    outer loop
      vertex   7.809818e+01 8.092677e+01 2.000000e+00
      vertex   7.785235e+01 7.260221e+01 2.000000e+00
      vertex   7.838081e+01 7.371945e+01 2.000000e+00
    endloop
  endfacet
  facet normal 0.000000e+00 0.000000e+00 1.000000e+00
    outer loop
      vertex   7.809818e+01 8.092677e+01 2.000000e+00
      vertex   7.838081e+01 7.371945e+01 2.000000e+00
      vertex   7.855979e+01 7.978029e+01 2.000000e+00
    endloop
  endfacet
  facet normal 0.000000e+00 0.000000e+00 1.000000e+00
    outer loop
      vertex   7.855979e+01 7.978029e+01 2.000000e+00
      vertex   7.838081e+01 7.371945e+01 2.000000e+00
      vertex   7.875122e+01 7.489855e+01 2.000000e+00
    endloop
  endfacet
  facet normal 0.000000e+00 0.000000e+00 1.000000e+00
    outer loop
      vertex   7.855979e+01 7.978029e+01 2.000000e+00
      vertex   7.875122e+01 7.489855e+01 2.000000e+00
      vertex   7.885998e+01 7.858139e+01 2.000000e+00
    endloop
  endfacet
  facet normal 0.000000e+00 0.000000e+00 1.000000e+00
    outer loop
      vertex   7.885998e+01 7.858139e+01 2.000000e+00
      vertex   7.875122e+01 7.489855e+01 2.000000e+00
      vertex   7.895661e+01 7.611728e+01 2.000000e+00
    endloop
  endfacet
  facet normal 0.000000e+00 0.000000e+00 1.000000e+00
    outer loop
      vertex   7.885998e+01 7.858139e+01 2.000000e+00
      vertex   7.895661e+01 7.611728e+01 2.000000e+00
      vertex   7.899309e+01 7.735266e+01 2.000000e+00
    endloop
  endfacet
  facet normal 0.000000e+00 0.000000e+00 1.000000e+00
    outer loop
      vertex   7.485349e+01 8.457916e+01 2.000000e+00
      vertex   7.376938e+01 8.517263e+01 2.000000e+00
      vertex   7.636396e+01 7.063604e+01 2.000000e+00
    endloop
  endfacet
  facet normal 0.000000e+00 0.000000e+00 1.000000e+00
    outer loop
      vertex   7.636396e+01 7.063604e+01 2.000000e+00
      vertex   7.376938e+01 8.517263e+01 2.000000e+00
      vertex   6.873072e+01 8.090500e+01 2.000000e+00
    endloop
  endfacet
  facet normal 0.000000e+00 0.000000e+00 1.000000e+00
    outer loop
      vertex   7.636396e+01 7.063604e+01 2.000000e+00
      vertex   6.873072e+01 8.090500e+01 2.000000e+00
      vertex   6.817346e+01 7.673863e+01 2.000000e+00
    endloop
  endfacet
  facet normal 0.000000e+00 0.000000e+00 1.000000e+00
    outer loop
      vertex   7.376938e+01 8.517263e+01 2.000000e+00
      vertex   7.261419e+01 8.561197e+01 2.000000e+00
      vertex   6.873072e+01 8.090500e+01 2.000000e+00
    endloop
  endfacet
  facet normal 0.000000e+00 0.000000e+00 1.000000e+00
    outer loop
      vertex   6.873072e+01 8.090500e+01 2.000000e+00
      vertex   7.261419e+01 8.561197e+01 2.000000e+00
      vertex   7.140970e+01 8.588891e+01 2.000000e+00
    endloop
  endfacet
  facet normal 0.000000e+00 0.000000e+00 1.000000e+00
    outer loop
      vertex   6.873072e+01 8.090500e+01 2.000000e+00
      vertex   7.140970e+01 8.588891e+01 2.000000e+00
      vertex   7.017863e+01 8.599823e+01 2.000000e+00
    endloop
  endfacet
  facet normal 0.000000e+00 0.000000e+00 1.000000e+00
    outer loop
      vertex   6.873072e+01 8.090500e+01 2.000000e+00
      vertex   7.017863e+01 8.599823e+01 2.000000e+00
      vertex   6.916264e+01 8.508623e+01 2.000000e+00
    endloop
  endfacet
  facet normal 0.000000e+00 0.000000e+00 1.000000e+00
    outer loop
      vertex   6.916264e+01 8.508623e+01 2.000000e+00
      vertex   7.017863e+01 8.599823e+01 2.000000e+00
      vertex   6.993021e+01 8.597195e+01 2.000000e+00
    endloop
  endfacet
  facet normal 0.000000e+00 0.000000e+00 1.000000e+00
    outer loop
      vertex   6.916264e+01 8.508623e+01 2.000000e+00
      vertex   6.993021e+01 8.597195e+01 2.000000e+00
      vertex   6.969606e+01 8.588493e+01 2.000000e+00
    endloop
  endfacet
  facet normal 0.000000e+00 0.000000e+00 1.000000e+00
    outer loop
      vertex   6.969606e+01 8.588493e+01 2.000000e+00
      vertex   6.949078e+01 8.574259e+01 2.000000e+00
      vertex   6.916264e+01 8.508623e+01 2.000000e+00
    endloop
  endfacet
  facet normal 0.000000e+00 0.000000e+00 1.000000e+00
    outer loop
      vertex   6.916264e+01 8.508623e+01 2.000000e+00
      vertex   6.949078e+01 8.574259e+01 2.000000e+00
      vertex   6.932719e+01 8.555381e+01 2.000000e+00
    endloop
  endfacet
  facet normal 0.000000e+00 0.000000e+00 1.000000e+00
    outer loop
      vertex   6.916264e+01 8.508623e+01 2.000000e+00
      vertex   6.932719e+01 8.555381e+01 2.000000e+00
      vertex   6.921549e+01 8.533038e+01 2.000000e+00
    endloop
  endfacet
  facet normal 0.000000e+00 0.000000e+00 1.000000e+00
    outer loop
      vertex   6.817346e+01 7.673863e+01 2.000000e+00
      vertex   6.749136e+01 7.259086e+01 2.000000e+00
      vertex   7.636396e+01 7.063604e+01 2.000000e+00
    endloop
  endfacet
  facet normal 0.000000e+00 0.000000e+00 1.000000e+00
    outer loop
      vertex   7.636396e+01 7.063604e+01 2.000000e+00
      vertex   6.749136e+01 7.259086e+01 2.000000e+00
      vertex   6.668503e+01 6.846544e+01 2.000000e+00
    endloop
  endfacet
  facet normal 0.000000e+00 0.000000e+00 1.000000e+00
    outer loop
      vertex   7.636396e+01 7.063604e+01 2.000000e+00
      vertex   6.668503e+01 6.846544e+01 2.000000e+00
      vertex   6.575521e+01 6.436609e+01 2.000000e+00
    endloop
  endfacet
  facet normal 0.000000e+00 1.000000e+00 -0.000000e+00
    outer loop
      vertex   9.000000e+01 1.250000e+02 0.000000e+00
      vertex   1.000000e+01 1.250000e+02 0.000000e+00
      vertex   9.000000e+01 1.250000e+02 2.000000e+00
    endloop
  endfacet
  facet normal 0.000000e+00 1.000000e+00 0.000000e+00
    outer loop
      vertex   9.000000e+01 1.250000e+02 2.000000e+00
      vertex   1.000000e+01 1.250000e+02 0.000000e+00
      vertex   1.000000e+01 1.250000e+02 2.000000e+00
    endloop
  endfacet
  facet normal 9.978589e-01 6.540313e-02 0.000000e+00
    outer loop
      vertex   1.000000e+02 1.150000e+02 2.000000e+00
      vertex   1.000000e+02 1.150000e+02 0.000000e+00
      vertex   9.991445e+01 1.163053e+02 2.000000e+00
    endloop
  endfacet
  facet normal 9.978589e-01 6.540313e-02 0.000000e+00
    outer loop
      vertex   9.991445e+01 1.163053e+02 2.000000e+00
      vertex   1.000000e+02 1.150000e+02 0.000000e+00
      vertex   9.991445e+01 1.163053e+02 0.000000e+00
    endloop
  endfacet
  facet normal 9.807853e-01 1.950903e-01 0.000000e+00
    outer loop
      vertex   9.991445e+01 1.163053e+02 2.000000e+00
      vertex   9.991445e+01 1.163053e+02 0.000000e+00
      vertex   9.965926e+01 1.175882e+02 2.000000e+00
    endloop
  endfacet
  facet normal 9.807853e-01 1.950903e-01 0.000000e+00
    outer loop
      vertex   9.965926e+01 1.175882e+02 2.000000e+00
      vertex   9.991445e+01 1.163053e+02 0.000000e+00
      vertex   9.965926e+01 1.175882e+02 0.000000e+00
    endloop
  endfacet
  facet normal 9.469301e-01 3.214395e-01 0.000000e+00
    outer loop
      vertex   9.965926e+01 1.175882e+02 2.000000e+00
      vertex   9.965926e+01 1.175882e+02 0.000000e+00
      vertex   9.923880e+01 1.188268e+02 2.000000e+00
    endloop
  endfacet
  facet normal 9.469301e-01 3.214395e-01 0.000000e+00
    outer loop
      vertex   9.923880e+01 1.188268e+02 2.000000e+00
      vertex   9.965926e+01 1.175882e+02 0.000000e+00
      vertex   9.923880e+01 1.188268e+02 0.000000e+00
    endloop
  endfacet
  facet normal 8.968727e-01 4.422887e-01 0.000000e+00
    outer loop
      vertex   9.923880e+01 1.188268e+02 2.000000e+00
      vertex   9.923880e+01 1.188268e+02 0.000000e+00
      vertex   9.866025e+01 1.200000e+02 2.000000e+00
    endloop
  endfacet
  facet normal 8.968727e-01 4.422887e-01 0.000000e+00
    outer loop
      vertex   9.866025e+01 1.200000e+02 2.000000e+00
      vertex   9.923880e+01 1.188268e+02 0.000000e+00
      vertex   9.866025e+01 1.200000e+02 0.000000e+00
    endloop
  endfacet
  facet normal 8.314696e-01 5.555702e-01 0.000000e+00
    outer loop
      vertex   9.866025e+01 1.200000e+02 2.000000e+00
      vertex   9.866025e+01 1.200000e+02 0.000000e+00
      vertex   9.793353e+01 1.210876e+02 2.000000e+00
    endloop
  endfacet
  facet normal 8.314696e-01 5.555702e-01 0.000000e+00
    outer loop
      vertex   9.793353e+01 1.210876e+02 2.000000e+00
      vertex   9.866025e+01 1.200000e+02 0.000000e+00
      vertex   9.793353e+01 1.210876e+02 0.000000e+00
    endloop
  endfacet
  facet normal 7.518398e-01 6.593458e-01 0.000000e+00
    outer loop
      vertex   9.793353e+01 1.210876e+02 2.000000e+00
      vertex   9.793353e+01 1.210876e+02 0.000000e+00
      vertex   9.707107e+01 1.220711e+02 2.000000e+00
    endloop
  endfacet
  facet normal 7.518398e-01 6.593458e-01 0.000000e+00
    outer loop
      vertex   9.707107e+01 1.220711e+02 2.000000e+00
      vertex   9.793353e+01 1.210876e+02 0.000000e+00
      vertex   9.707107e+01 1.220711e+02 0.000000e+00
    endloop
  endfacet
  facet normal 6.593458e-01 7.518398e-01 0.000000e+00
    outer loop
      vertex   9.707107e+01 1.220711e+02 2.000000e+00
      vertex   9.707107e+01 1.220711e+02 0.000000e+00
      vertex   9.608761e+01 1.229335e+02 2.000000e+00
    endloop
  endfacet
  facet normal 6.593458e-01 7.518398e-01 0.000000e+00
    outer loop
      vertex   9.608761e+01 1.229335e+02 2.000000e+00
      vertex   9.707107e+01 1.220711e+02 0.000000e+00
      vertex   9.608761e+01 1.229335e+02 0.000000e+00
    endloop
  endfacet
  facet normal 5.555702e-01 8.314696e-01 0.000000e+00
    outer loop
      vertex   9.608761e+01 1.229335e+02 2.000000e+00
      vertex   9.608761e+01 1.229335e+02 0.000000e+00
      vertex   9.500000e+01 1.236603e+02 2.000000e+00
    endloop
  endfacet
  facet normal 5.555702e-01 8.314696e-01 0.000000e+00
    outer loop
      vertex   9.500000e+01 1.236603e+02 2.000000e+00
      vertex   9.608761e+01 1.229335e+02 0.000000e+00
      vertex   9.500000e+01 1.236603e+02 0.000000e+00
    endloop
  endfacet
  facet normal 4.422887e-01 8.968727e-01 0.000000e+00
    outer loop
      vertex   9.500000e+01 1.236603e+02 2.000000e+00
      vertex   9.500000e+01 1.236603e+02 0.000000e+00
      vertex   9.382683e+01 1.242388e+02 2.000000e+00
    endloop
  endfacet
  facet normal 4.422887e-01 8.968727e-01 0.000000e+00
    outer loop
      vertex   9.382683e+01 1.242388e+02 2.000000e+00
      vertex   9.500000e+01 1.236603e+02 0.000000e+00
      vertex   9.382683e+01 1.242388e+02 0.000000e+00
    endloop
  endfacet
  facet normal 3.214395e-01 9.469301e-01 0.000000e+00
    outer loop
      vertex   9.382683e+01 1.242388e+02 2.000000e+00
      vertex   9.382683e+01 1.242388e+02 0.000000e+00
      vertex   9.258819e+01 1.246593e+02 2.000000e+00
    endloop
  endfacet
  facet normal 3.214395e-01 9.469301e-01 0.000000e+00
    outer loop
      vertex   9.258819e+01 1.246593e+02 2.000000e+00
      vertex   9.382683e+01 1.242388e+02 0.000000e+00
      vertex   9.258819e+01 1.246593e+02 0.000000e+00
    endloop
  endfacet
  facet normal 1.950903e-01 9.807853e-01 0.000000e+00
    outer loop
      vertex   9.258819e+01 1.246593e+02 2.000000e+00
      vertex   9.258819e+01 1.246593e+02 0.000000e+00
      vertex   9.130526e+01 1.249144e+02 2.000000e+00
    endloop
  endfacet
  facet normal 1.950903e-01 9.807853e-01 0.000000e+00
    outer loop
      vertex   9.130526e+01 1.249144e+02 2.000000e+00
      vertex   9.258819e+01 1.246593e+02 0.000000e+00
      vertex   9.130526e+01 1.249144e+02 0.000000e+00
    endloop
  endfacet
  facet normal 6.540313e-02 9.978589e-01 0.000000e+00
    outer loop
      vertex   9.130526e+01 1.249144e+02 2.000000e+00
      vertex   9.130526e+01 1.249144e+02 0.000000e+00
      vertex   9.000000e+01 1.250000e+02 2.000000e+00
    endloop
  endfacet
  facet normal 6.540313e-02 9.978589e-01 0.000000e+00
    outer loop
      vertex   9.000000e+01 1.250000e+02 2.000000e+00
      vertex   9.130526e+01 1.249144e+02 0.000000e+00
      vertex   9.000000e+01 1.250000e+02 0.000000e+00
    endloop
  endfacet
  facet normal 1.000000e+00 0.000000e+00 0.000000e+00
    outer loop
      vertex   1.000000e+02 3.500000e+01 0.000000e+00
      vertex   1.000000e+02 1.150000e+02 0.000000e+00
      vertex   1.000000e+02 3.500000e+01 2.000000e+00
    endloop
  endfacet
  facet normal 1.000000e+00 -0.000000e+00 0.000000e+00
    outer loop
      vertex   1.000000e+02 3.500000e+01 2.000000e+00
      vertex   1.000000e+02 1.150000e+02 0.000000e+00
      vertex   1.000000e+02 1.150000e+02 2.000000e+00
    endloop
  endfacet
  facet normal 6.540313e-02 -9.978589e-01 0.000000e+00
    outer loop
      vertex   9.000000e+01 2.500000e+01 2.000000e+00
      vertex   9.000000e+01 2.500000e+01 0.000000e+00
      vertex   9.130526e+01 2.508555e+01 2.000000e+00
    endloop
  endfacet
  facet normal 6.540313e-02 -9.978589e-01 0.000000e+00
    outer loop
      vertex   9.130526e+01 2.508555e+01 2.000000e+00
      vertex   9.000000e+01 2.500000e+01 0.000000e+00
      vertex   9.130526e+01 2.508555e+01 0.000000e+00
    endloop
  endfacet
  facet normal 1.950903e-01 -9.807853e-01 0.000000e+00
    outer loop
      vertex   9.130526e+01 2.508555e+01 2.000000e+00
      vertex   9.130526e+01 2.508555e+01 0.000000e+00
      vertex   9.258819e+01 2.534074e+01 2.000000e+00
    endloop
  endfacet
  facet normal 1.950903e-01 -9.807853e-01 0.000000e+00
    outer loop
      vertex   9.258819e+01 2.534074e+01 2.000000e+00
      vertex   9.130526e+01 2.508555e+01 0.000000e+00
      vertex   9.258819e+01 2.534074e+01 0.000000e+00
    endloop
  endfacet
  facet normal 3.214395e-01 -9.469301e-01 0.000000e+00
    outer loop
      vertex   9.258819e+01 2.534074e+01 2.000000e+00
      vertex   9.258819e+01 2.534074e+01 0.000000e+00
      vertex   9.382683e+01 2.576120e+01 2.000000e+00
    endloop
  endfacet
  facet normal 3.214395e-01 -9.469301e-01 0.000000e+00
    outer loop
      vertex   9.382683e+01 2.576120e+01 2.000000e+00
      vertex   9.258819e+01 2.534074e+01 0.000000e+00
      vertex   9.382683e+01 2.576120e+01 0.000000e+00
    endloop
  endfacet
  facet normal 4.422887e-01 -8.968727e-01 0.000000e+00
    outer loop
      vertex   9.382683e+01 2.576120e+01 2.000000e+00
      vertex   9.382683e+01 2.576120e+01 0.000000e+00
      vertex   9.500000e+01 2.633975e+01 2.000000e+00
    endloop
  endfacet
  facet normal 4.422887e-01 -8.968727e-01 0.000000e+00
    outer loop
      vertex   9.500000e+01 2.633975e+01 2.000000e+00
      vertex   9.382683e+01 2.576120e+01 0.000000e+00
      vertex   9.500000e+01 2.633975e+01 0.000000e+00
    endloop
  endfacet
  facet normal 5.555702e-01 -8.314696e-01 0.000000e+00
    outer loop
      vertex   9.500000e+01 2.633975e+01 2.000000e+00
      vertex   9.500000e+01 2.633975e+01 0.000000e+00
      vertex   9.608761e+01 2.706647e+01 2.000000e+00
    endloop
  endfacet
  facet normal 5.555702e-01 -8.314696e-01 0.000000e+00
    outer loop
      vertex   9.608761e+01 2.706647e+01 2.000000e+00
      vertex   9.500000e+01 2.633975e+01 0.000000e+00
      vertex   9.608761e+01 2.706647e+01 0.000000e+00
    endloop
  endfacet
  facet normal 6.593458e-01 -7.518398e-01 0.000000e+00
    outer loop
      vertex   9.608761e+01 2.706647e+01 2.000000e+00
      vertex   9.608761e+01 2.706647e+01 0.000000e+00
      vertex   9.707107e+01 2.792893e+01 2.000000e+00
    endloop
  endfacet
  facet normal 6.593458e-01 -7.518398e-01 0.000000e+00
    outer loop
      vertex   9.707107e+01 2.792893e+01 2.000000e+00
      vertex   9.608761e+01 2.706647e+01 0.000000e+00
      vertex   9.707107e+01 2.792893e+01 0.000000e+00
    endloop
  endfacet
  facet normal 7.518398e-01 -6.593458e-01 0.000000e+00
    outer loop
      vertex   9.707107e+01 2.792893e+01 2.000000e+00
      vertex   9.707107e+01 2.792893e+01 0.000000e+00
      vertex   9.793353e+01 2.891239e+01 2.000000e+00
    endloop
  endfacet
  facet normal 7.518398e-01 -6.593458e-01 0.000000e+00
    outer loop
      vertex   9.793353e+01 2.891239e+01 2.000000e+00
      vertex   9.707107e+01 2.792893e+01 0.000000e+00
      vertex   9.793353e+01 2.891239e+01 0.000000e+00
    endloop
  endfacet
  facet normal 8.314696e-01 -5.555702e-01 0.000000e+00
    outer loop
      vertex   9.793353e+01 2.891239e+01 2.000000e+00
      vertex   9.793353e+01 2.891239e+01 0.000000e+00
      vertex   9.866025e+01 3.000000e+01 2.000000e+00
    endloop
  endfacet
  facet normal 8.314696e-01 -5.555702e-01 0.000000e+00
    outer loop
      vertex   9.866025e+01 3.000000e+01 2.000000e+00
      vertex   9.793353e+01 2.891239e+01 0.000000e+00
      vertex   9.866025e+01 3.000000e+01 0.000000e+00
    endloop
  endfacet
  facet normal 8.968727e-01 -4.422887e-01 0.000000e+00
    outer loop
      vertex   9.866025e+01 3.000000e+01 2.000000e+00
      vertex   9.866025e+01 3.000000e+01 0.000000e+00
      vertex   9.923880e+01 3.117317e+01 2.000000e+00
    endloop
  endfacet
  facet normal 8.968727e-01 -4.422887e-01 0.000000e+00
    outer loop
      vertex   9.923880e+01 3.117317e+01 2.000000e+00
      vertex   9.866025e+01 3.000000e+01 0.000000e+00
      vertex   9.923880e+01 3.117317e+01 0.000000e+00
    endloop
  endfacet
  facet normal 9.469301e-01 -3.214395e-01 0.000000e+00
    outer loop
      vertex   9.923880e+01 3.117317e+01 2.000000e+00
      vertex   9.923880e+01 3.117317e+01 0.000000e+00
      vertex   9.965926e+01 3.241181e+01 2.000000e+00
    endloop
  endfacet
  facet normal 9.469301e-01 -3.214395e-01 0.000000e+00
    outer loop
      vertex   9.965926e+01 3.241181e+01 2.000000e+00
      vertex   9.923880e+01 3.117317e+01 0.000000e+00
      vertex   9.965926e+01 3.241181e+01 0.000000e+00
    endloop
  endfacet
  facet normal 9.807853e-01 -1.950903e-01 0.000000e+00
    outer loop
      vertex   9.965926e+01 3.241181e+01 2.000000e+00
      vertex   9.965926e+01 3.241181e+01 0.000000e+00
      vertex   9.991445e+01 3.369474e+01 2.000000e+00
    endloop
  endfacet
  facet normal 9.807853e-01 -1.950903e-01 0.000000e+00
    outer loop
      vertex   9.991445e+01 3.369474e+01 2.000000e+00
      vertex   9.965926e+01 3.241181e+01 0.000000e+00
      vertex   9.991445e+01 3.369474e+01 0.000000e+00
    endloop
  endfacet
  facet normal 9.978589e-01 -6.540313e-02 0.000000e+00
    outer loop
      vertex   9.991445e+01 3.369474e+01 2.000000e+00
      vertex   9.991445e+01 3.369474e+01 0.000000e+00
      vertex   1.000000e+02 3.500000e+01 2.000000e+00
    endloop
  endfacet
  facet normal 9.978589e-01 -6.540313e-02 0.000000e+00
    outer loop
      vertex   1.000000e+02 3.500000e+01 2.000000e+00
      vertex   9.991445e+01 3.369474e+01 0.000000e+00
      vertex   1.000000e+02 3.500000e+01 0.000000e+00
    endloop
  endfacet
  facet normal 0.000000e+00 -1.000000e+00 0.000000e+00
    outer loop
      vertex   1.000000e+01 2.500000e+01 0.000000e+00
      vertex   9.000000e+01 2.500000e+01 0.000000e+00
      vertex   1.000000e+01 2.500000e+01 2.000000e+00
    endloop
  endfacet
  facet normal 0.000000e+00 -1.000000e+00 0.000000e+00
    outer loop
      vertex   1.000000e+01 2.500000e+01 2.000000e+00
      vertex   9.000000e+01 2.500000e+01 0.000000e+00
      vertex   9.000000e+01 2.500000e+01 2.000000e+00
    endloop
  endfacet
  facet normal -9.978589e-01 -6.540313e-02 5.539230e-16
    outer loop
      vertex   -6.661338e-15 3.500000e+01 2.000000e+00
      vertex   -7.771561e-15 3.500000e+01 0.000000e+00
      vertex   8.555139e-02 3.369474e+01 2.000000e+00
    endloop
  endfacet
  facet normal -9.978589e-01 -6.540313e-02 -0.000000e+00
    outer loop
      vertex   8.555139e-02 3.369474e+01 2.000000e+00
      vertex   -7.771561e-15 3.500000e+01 0.000000e+00
      vertex   8.555139e-02 3.369474e+01 0.000000e+00
    endloop
  endfacet
  facet normal -9.807853e-01 -1.950903e-01 -0.000000e+00
    outer loop
      vertex   8.555139e-02 3.369474e+01 2.000000e+00
      vertex   8.555139e-02 3.369474e+01 0.000000e+00
      vertex   3.407417e-01 3.241181e+01 2.000000e+00
    endloop
  endfacet
  facet normal -9.807853e-01 -1.950903e-01 -0.000000e+00
    outer loop
      vertex   3.407417e-01 3.241181e+01 2.000000e+00
      vertex   8.555139e-02 3.369474e+01 0.000000e+00
      vertex   3.407417e-01 3.241181e+01 0.000000e+00
    endloop
  endfacet
  facet normal -9.469301e-01 -3.214395e-01 -0.000000e+00
    outer loop
      vertex   3.407417e-01 3.241181e+01 2.000000e+00
      vertex   3.407417e-01 3.241181e+01 0.000000e+00
      vertex   7.612047e-01 3.117317e+01 2.000000e+00
    endloop
  endfacet
  facet normal -9.469301e-01 -3.214395e-01 -0.000000e+00
    outer loop
      vertex   7.612047e-01 3.117317e+01 2.000000e+00
      vertex   3.407417e-01 3.241181e+01 0.000000e+00
      vertex   7.612047e-01 3.117317e+01 0.000000e+00
    endloop
  endfacet
  facet normal -8.968727e-01 -4.422887e-01 -0.000000e+00
    outer loop
      vertex   7.612047e-01 3.117317e+01 2.000000e+00
      vertex   7.612047e-01 3.117317e+01 0.000000e+00
      vertex   1.339746e+00 3.000000e+01 2.000000e+00
    endloop
  endfacet
  facet normal -8.968727e-01 -4.422887e-01 -0.000000e+00
    outer loop
      vertex   1.339746e+00 3.000000e+01 2.000000e+00
      vertex   7.612047e-01 3.117317e+01 0.000000e+00
      vertex   1.339746e+00 3.000000e+01 0.000000e+00
    endloop
  endfacet
  facet normal -8.314696e-01 -5.555702e-01 -0.000000e+00
    outer loop
      vertex   1.339746e+00 3.000000e+01 2.000000e+00
      vertex   1.339746e+00 3.000000e+01 0.000000e+00
      vertex   2.066467e+00 2.891239e+01 2.000000e+00
    endloop
  endfacet
  facet normal -8.314696e-01 -5.555702e-01 -0.000000e+00
    outer loop
      vertex   2.066467e+00 2.891239e+01 2.000000e+00
      vertex   1.339746e+00 3.000000e+01 0.000000e+00
      vertex   2.066467e+00 2.891239e+01 0.000000e+00
    endloop
  endfacet
  facet normal -7.518398e-01 -6.593458e-01 -0.000000e+00
    outer loop
      vertex   2.066467e+00 2.891239e+01 2.000000e+00
      vertex   2.066467e+00 2.891239e+01 0.000000e+00
      vertex   2.928932e+00 2.792893e+01 2.000000e+00
    endloop
  endfacet
  facet normal -7.518398e-01 -6.593458e-01 -0.000000e+00
    outer loop
      vertex   2.928932e+00 2.792893e+01 2.000000e+00
      vertex   2.066467e+00 2.891239e+01 0.000000e+00
      vertex   2.928932e+00 2.792893e+01 0.000000e+00
    endloop
  endfacet
  facet normal -6.593458e-01 -7.518398e-01 -0.000000e+00
    outer loop
      vertex   2.928932e+00 2.792893e+01 2.000000e+00
      vertex   2.928932e+00 2.792893e+01 0.000000e+00
      vertex   3.912386e+00 2.706647e+01 2.000000e+00
    endloop
  endfacet
  facet normal -6.593458e-01 -7.518398e-01 -0.000000e+00
    outer loop
      vertex   3.912386e+00 2.706647e+01 2.000000e+00
      vertex   2.928932e+00 2.792893e+01 0.000000e+00
      vertex   3.912386e+00 2.706647e+01 0.000000e+00
    endloop
  endfacet
  facet normal -5.555702e-01 -8.314696e-01 -0.000000e+00
    outer loop
      vertex   3.912386e+00 2.706647e+01 2.000000e+00
      vertex   3.912386e+00 2.706647e+01 0.000000e+00
      vertex   5.000000e+00 2.633975e+01 2.000000e+00
    endloop
  endfacet
  facet normal -5.555702e-01 -8.314696e-01 -0.000000e+00
    outer loop
      vertex   5.000000e+00 2.633975e+01 2.000000e+00
      vertex   3.912386e+00 2.706647e+01 0.000000e+00
      vertex   5.000000e+00 2.633975e+01 0.000000e+00
    endloop
  endfacet
  facet normal -4.422887e-01 -8.968727e-01 -0.000000e+00
    outer loop
      vertex   5.000000e+00 2.633975e+01 2.000000e+00
      vertex   5.000000e+00 2.633975e+01 0.000000e+00
      vertex   6.173166e+00 2.576120e+01 2.000000e+00
    endloop
  endfacet
  facet normal -4.422887e-01 -8.968727e-01 -0.000000e+00
    outer loop
      vertex   6.173166e+00 2.576120e+01 2.000000e+00
      vertex   5.000000e+00 2.633975e+01 0.000000e+00
      vertex   6.173166e+00 2.576120e+01 0.000000e+00
    endloop
  endfacet
  facet normal -3.214395e-01 -9.469301e-01 -0.000000e+00
    outer loop
      vertex   6.173166e+00 2.576120e+01 2.000000e+00
      vertex   6.173166e+00 2.576120e+01 0.000000e+00
      vertex   7.411810e+00 2.534074e+01 2.000000e+00
    endloop
  endfacet
  facet normal -3.214395e-01 -9.469301e-01 -0.000000e+00
    outer loop
      vertex   7.411810e+00 2.534074e+01 2.000000e+00
      vertex   6.173166e+00 2.576120e+01 0.000000e+00
      vertex   7.411810e+00 2.534074e+01 0.000000e+00
    endloop
  endfacet
  facet normal -1.950903e-01 -9.807853e-01 -0.000000e+00
    outer loop
      vertex   7.411810e+00 2.534074e+01 2.000000e+00
      vertex   7.411810e+00 2.534074e+01 0.000000e+00
      vertex   8.694738e+00 2.508555e+01 2.000000e+00
    endloop
  endfacet
  facet normal -1.950903e-01 -9.807853e-01 -0.000000e+00
    outer loop
      vertex   8.694738e+00 2.508555e+01 2.000000e+00
      vertex   7.411810e+00 2.534074e+01 0.000000e+00
      vertex   8.694738e+00 2.508555e+01 0.000000e+00
    endloop
  endfacet
  facet normal -6.540313e-02 -9.978589e-01 -0.000000e+00
    outer loop
      vertex   8.694738e+00 2.508555e+01 2.000000e+00
      vertex   8.694738e+00 2.508555e+01 0.000000e+00
      vertex   1.000000e+01 2.500000e+01 2.000000e+00
    endloop
  endfacet
  facet normal -6.540313e-02 -9.978589e-01 -0.000000e+00
    outer loop
      vertex   1.000000e+01 2.500000e+01 2.000000e+00
      vertex   8.694738e+00 2.508555e+01 0.000000e+00
      vertex   1.000000e+01 2.500000e+01 0.000000e+00
    endloop
  endfacet
  facet normal -1.000000e+00 9.714451e-17 0.000000e+00
    outer loop
      vertex   0.000000e+00 1.150000e+02 0.000000e+00
      vertex   -7.771561e-15 3.500000e+01 0.000000e+00
      vertex   0.000000e+00 1.150000e+02 2.000000e+00
    endloop
  endfacet
  facet normal -1.000000e+00 8.326673e-17 5.551115e-16
    outer loop
      vertex   0.000000e+00 1.150000e+02 2.000000e+00
      vertex   -7.771561e-15 3.500000e+01 0.000000e+00
      vertex   -6.661338e-15 3.500000e+01 2.000000e+00
    endloop
  endfacet
  facet normal -6.540313e-02 9.978589e-01 0.000000e+00
    outer loop
      vertex   1.000000e+01 1.250000e+02 2.000000e+00
      vertex   1.000000e+01 1.250000e+02 0.000000e+00
      vertex   8.694738e+00 1.249144e+02 2.000000e+00
    endloop
  endfacet
  facet normal -6.540313e-02 9.978589e-01 0.000000e+00
    outer loop
      vertex   8.694738e+00 1.249144e+02 2.000000e+00
      vertex   1.000000e+01 1.250000e+02 0.000000e+00
      vertex   8.694738e+00 1.249144e+02 0.000000e+00
    endloop
  endfacet
  facet normal -1.950903e-01 9.807853e-01 0.000000e+00
    outer loop
      vertex   8.694738e+00 1.249144e+02 2.000000e+00
      vertex   8.694738e+00 1.249144e+02 0.000000e+00
      vertex   7.411810e+00 1.246593e+02 2.000000e+00
    endloop
  endfacet
  facet normal -1.950903e-01 9.807853e-01 0.000000e+00
    outer loop
      vertex   7.411810e+00 1.246593e+02 2.000000e+00
      vertex   8.694738e+00 1.249144e+02 0.000000e+00
      vertex   7.411810e+00 1.246593e+02 0.000000e+00
    endloop
  endfacet
  facet normal -3.214395e-01 9.469301e-01 0.000000e+00
    outer loop
      vertex   7.411810e+00 1.246593e+02 2.000000e+00
      vertex   7.411810e+00 1.246593e+02 0.000000e+00
      vertex   6.173166e+00 1.242388e+02 2.000000e+00
    endloop
  endfacet
  facet normal -3.214395e-01 9.469301e-01 0.000000e+00
    outer loop
      vertex   6.173166e+00 1.242388e+02 2.000000e+00
      vertex   7.411810e+00 1.246593e+02 0.000000e+00
      vertex   6.173166e+00 1.242388e+02 0.000000e+00
    endloop
  endfacet
  facet normal -4.422887e-01 8.968727e-01 0.000000e+00
    outer loop
      vertex   6.173166e+00 1.242388e+02 2.000000e+00
      vertex   6.173166e+00 1.242388e+02 0.000000e+00
      vertex   5.000000e+00 1.236603e+02 2.000000e+00
    endloop
  endfacet
  facet normal -4.422887e-01 8.968727e-01 0.000000e+00
    outer loop
      vertex   5.000000e+00 1.236603e+02 2.000000e+00
      vertex   6.173166e+00 1.242388e+02 0.000000e+00
      vertex   5.000000e+00 1.236603e+02 0.000000e+00
    endloop
  endfacet
  facet normal -5.555702e-01 8.314696e-01 0.000000e+00
    outer loop
      vertex   5.000000e+00 1.236603e+02 2.000000e+00
      vertex   5.000000e+00 1.236603e+02 0.000000e+00
      vertex   3.912386e+00 1.229335e+02 2.000000e+00
    endloop
  endfacet
  facet normal -5.555702e-01 8.314696e-01 0.000000e+00
    outer loop
      vertex   3.912386e+00 1.229335e+02 2.000000e+00
      vertex   5.000000e+00 1.236603e+02 0.000000e+00
      vertex   3.912386e+00 1.229335e+02 0.000000e+00
    endloop
  endfacet
  facet normal -6.593458e-01 7.518398e-01 0.000000e+00
    outer loop
      vertex   3.912386e+00 1.229335e+02 2.000000e+00
      vertex   3.912386e+00 1.229335e+02 0.000000e+00
      vertex   2.928932e+00 1.220711e+02 2.000000e+00
    endloop
  endfacet
  facet normal -6.593458e-01 7.518398e-01 0.000000e+00
    outer loop
      vertex   2.928932e+00 1.220711e+02 2.000000e+00
      vertex   3.912386e+00 1.229335e+02 0.000000e+00
      vertex   2.928932e+00 1.220711e+02 0.000000e+00
    endloop
  endfacet
  facet normal -7.518398e-01 6.593458e-01 0.000000e+00
    outer loop
      vertex   2.928932e+00 1.220711e+02 2.000000e+00
      vertex   2.928932e+00 1.220711e+02 0.000000e+00
      vertex   2.066467e+00 1.210876e+02 2.000000e+00
    endloop
  endfacet
  facet normal -7.518398e-01 6.593458e-01 0.000000e+00
    outer loop
      vertex   2.066467e+00 1.210876e+02 2.000000e+00
      vertex   2.928932e+00 1.220711e+02 0.000000e+00
      vertex   2.066467e+00 1.210876e+02 0.000000e+00
    endloop
  endfacet
  facet normal -8.314696e-01 5.555702e-01 0.000000e+00
    outer loop
      vertex   2.066467e+00 1.210876e+02 2.000000e+00
      vertex   2.066467e+00 1.210876e+02 0.000000e+00
      vertex   1.339746e+00 1.200000e+02 2.000000e+00
    endloop
  endfacet
  facet normal -8.314696e-01 5.555702e-01 0.000000e+00
    outer loop
      vertex   1.339746e+00 1.200000e+02 2.000000e+00
      vertex   2.066467e+00 1.210876e+02 0.000000e+00
      vertex   1.339746e+00 1.200000e+02 0.000000e+00
    endloop
  endfacet
  facet normal -8.968727e-01 4.422887e-01 0.000000e+00
    outer loop
      vertex   1.339746e+00 1.200000e+02 2.000000e+00
      vertex   1.339746e+00 1.200000e+02 0.000000e+00
      vertex   7.612047e-01 1.188268e+02 2.000000e+00
    endloop
  endfacet
  facet normal -8.968727e-01 4.422887e-01 0.000000e+00
    outer loop
      vertex   7.612047e-01 1.188268e+02 2.000000e+00
      vertex   1.339746e+00 1.200000e+02 0.000000e+00
      vertex   7.612047e-01 1.188268e+02 0.000000e+00
    endloop
  endfacet
  facet normal -9.469301e-01 3.214395e-01 0.000000e+00
    outer loop
      vertex   7.612047e-01 1.188268e+02 2.000000e+00
      vertex   7.612047e-01 1.188268e+02 0.000000e+00
      vertex   3.407417e-01 1.175882e+02 2.000000e+00
    endloop
  endfacet
  facet normal -9.469301e-01 3.214395e-01 0.000000e+00
    outer loop
      vertex   3.407417e-01 1.175882e+02 2.000000e+00
      vertex   7.612047e-01 1.188268e+02 0.000000e+00
      vertex   3.407417e-01 1.175882e+02 0.000000e+00
    endloop
  endfacet
  facet normal -9.807853e-01 1.950903e-01 0.000000e+00
    outer loop
      vertex   3.407417e-01 1.175882e+02 2.000000e+00
      vertex   3.407417e-01 1.175882e+02 0.000000e+00
      vertex   8.555139e-02 1.163053e+02 2.000000e+00
    endloop
  endfacet
  facet normal -9.807853e-01 1.950903e-01 0.000000e+00
    outer loop
      vertex   8.555139e-02 1.163053e+02 2.000000e+00
      vertex   3.407417e-01 1.175882e+02 0.000000e+00
      vertex   8.555139e-02 1.163053e+02 0.000000e+00
    endloop
  endfacet
  facet normal -9.978589e-01 6.540313e-02 0.000000e+00
    outer loop
      vertex   8.555139e-02 1.163053e+02 2.000000e+00
      vertex   8.555139e-02 1.163053e+02 0.000000e+00
      vertex   0.000000e+00 1.150000e+02 2.000000e+00
    endloop
  endfacet
  facet normal -9.978589e-01 6.540313e-02 0.000000e+00
    outer loop
      vertex   0.000000e+00 1.150000e+02 2.000000e+00
      vertex   8.555139e-02 1.163053e+02 0.000000e+00
      vertex   0.000000e+00 1.150000e+02 0.000000e+00
    endloop
  endfacet
  facet normal -0.000000e+00 0.000000e+00 1.000000e+00
    outer loop
      vertex   2.496633e+01 9.100000e+01 2.000000e+00
      vertex   6.522723e+01 8.584236e+01 2.000000e+00
      vertex   6.503367e+01 9.100000e+01 2.000000e+00
    endloop
  endfacet
  facet normal 0.000000e+00 0.000000e+00 1.000000e+00
    outer loop
      vertex   6.503367e+01 9.100000e+01 2.000000e+00
      vertex   6.522723e+01 8.584236e+01 2.000000e+00
      vertex   6.553306e+01 9.047535e+01 2.000000e+00
    endloop
  endfacet
  facet normal 0.000000e+00 0.000000e+00 1.000000e+00
    outer loop
      vertex   6.503367e+01 9.100000e+01 2.000000e+00
      vertex   6.553306e+01 9.047535e+01 2.000000e+00
      vertex   6.514836e+01 9.098667e+01 2.000000e+00
    endloop
  endfacet
  facet normal 0.000000e+00 0.000000e+00 1.000000e+00
    outer loop
      vertex   6.514836e+01 9.098667e+01 2.000000e+00
      vertex   6.553306e+01 9.047535e+01 2.000000e+00
      vertex   6.525694e+01 9.094738e+01 2.000000e+00
    endloop
  endfacet
  facet normal 0.000000e+00 0.000000e+00 1.000000e+00
    outer loop
      vertex   6.525694e+01 9.094738e+01 2.000000e+00
      vertex   6.553306e+01 9.047535e+01 2.000000e+00
      vertex   6.535361e+01 9.088424e+01 2.000000e+00
    endloop
  endfacet
  facet normal 0.000000e+00 0.000000e+00 1.000000e+00
    outer loop
      vertex   6.535361e+01 9.088424e+01 2.000000e+00
      vertex   6.553306e+01 9.047535e+01 2.000000e+00
      vertex   6.543322e+01 9.080060e+01 2.000000e+00
    endloop
  endfacet
  facet normal 0.000000e+00 0.000000e+00 1.000000e+00
    outer loop
      vertex   6.543322e+01 9.080060e+01 2.000000e+00
      vertex   6.553306e+01 9.047535e+01 2.000000e+00
      vertex   6.549152e+01 9.070094e+01 2.000000e+00
    endloop
  endfacet
  facet normal 0.000000e+00 0.000000e+00 1.000000e+00
    outer loop
      vertex   6.549152e+01 9.070094e+01 2.000000e+00
      vertex   6.553306e+01 9.047535e+01 2.000000e+00
      vertex   6.552540e+01 9.059056e+01 2.000000e+00
    endloop
  endfacet
  facet normal -0.000000e+00 0.000000e+00 1.000000e+00
    outer loop
      vertex   2.485164e+01 9.098667e+01 2.000000e+00
      vertex   2.446694e+01 9.047535e+01 2.000000e+00
      vertex   2.496633e+01 9.100000e+01 2.000000e+00
    endloop
  endfacet
  facet normal 0.000000e+00 0.000000e+00 1.000000e+00
    outer loop
      vertex   2.496633e+01 9.100000e+01 2.000000e+00
      vertex   2.446694e+01 9.047535e+01 2.000000e+00
      vertex   2.477277e+01 8.584236e+01 2.000000e+00
    endloop
  endfacet
  facet normal 0.000000e+00 0.000000e+00 1.000000e+00
    outer loop
      vertex   2.496633e+01 9.100000e+01 2.000000e+00
      vertex   2.477277e+01 8.584236e+01 2.000000e+00
      vertex   6.522723e+01 8.584236e+01 2.000000e+00
    endloop
  endfacet
  facet normal 0.000000e+00 0.000000e+00 1.000000e+00
    outer loop
      vertex   6.522723e+01 8.584236e+01 2.000000e+00
      vertex   2.477277e+01 8.584236e+01 2.000000e+00
      vertex   6.476793e+01 8.122207e+01 2.000000e+00
    endloop
  endfacet
  facet normal 0.000000e+00 0.000000e+00 1.000000e+00
    outer loop
      vertex   6.476793e+01 8.122207e+01 2.000000e+00
      vertex   2.477277e+01 8.584236e+01 2.000000e+00
      vertex   2.523208e+01 8.122207e+01 2.000000e+00
    endloop
  endfacet
  facet normal 0.000000e+00 0.000000e+00 1.000000e+00
    outer loop
      vertex   6.476793e+01 8.122207e+01 2.000000e+00
      vertex   2.523208e+01 8.122207e+01 2.000000e+00
      vertex   6.415566e+01 7.661955e+01 2.000000e+00
    endloop
  endfacet
  facet normal 0.000000e+00 0.000000e+00 1.000000e+00
    outer loop
      vertex   6.415566e+01 7.661955e+01 2.000000e+00
      vertex   2.523208e+01 8.122207e+01 2.000000e+00
      vertex   2.584435e+01 7.661955e+01 2.000000e+00
    endloop
  endfacet
  facet normal 0.000000e+00 0.000000e+00 1.000000e+00
    outer loop
      vertex   6.415566e+01 7.661955e+01 2.000000e+00
      vertex   2.584435e+01 7.661955e+01 2.000000e+00
      vertex   6.339109e+01 7.203987e+01 2.000000e+00
    endloop
  endfacet
  facet normal 0.000000e+00 0.000000e+00 1.000000e+00
    outer loop
      vertex   6.339109e+01 7.203987e+01 2.000000e+00
      vertex   2.584435e+01 7.661955e+01 2.000000e+00
      vertex   2.660891e+01 7.203987e+01 2.000000e+00
    endloop
  endfacet
  facet normal 0.000000e+00 0.000000e+00 1.000000e+00
    outer loop
      vertex   6.339109e+01 7.203987e+01 2.000000e+00
      vertex   2.660891e+01 7.203987e+01 2.000000e+00
      vertex   6.247507e+01 6.748806e+01 2.000000e+00
    endloop
  endfacet
  facet normal 0.000000e+00 0.000000e+00 1.000000e+00
    outer loop
      vertex   6.247507e+01 6.748806e+01 2.000000e+00
      vertex   2.660891e+01 7.203987e+01 2.000000e+00
      vertex   2.752493e+01 6.748806e+01 2.000000e+00
    endloop
  endfacet
  facet normal 0.000000e+00 0.000000e+00 1.000000e+00
    outer loop
      vertex   6.247507e+01 6.748806e+01 2.000000e+00
      vertex   2.752493e+01 6.748806e+01 2.000000e+00
      vertex   6.140861e+01 6.296913e+01 2.000000e+00
    endloop
  endfacet
  facet normal 0.000000e+00 0.000000e+00 1.000000e+00
    outer loop
      vertex   6.140861e+01 6.296913e+01 2.000000e+00
      vertex   2.752493e+01 6.748806e+01 2.000000e+00
      vertex   2.859139e+01 6.296913e+01 2.000000e+00
    endloop
  endfacet
  facet normal 0.000000e+00 0.000000e+00 1.000000e+00
    outer loop
      vertex   6.140861e+01 6.296913e+01 2.000000e+00
      vertex   2.859139e+01 6.296913e+01 2.000000e+00
      vertex   6.019287e+01 5.848805e+01 2.000000e+00
    endloop
  endfacet
  facet normal 0.000000e+00 0.000000e+00 1.000000e+00
    outer loop
      vertex   6.019287e+01 5.848805e+01 2.000000e+00
      vertex   2.859139e+01 6.296913e+01 2.000000e+00
      vertex   2.980713e+01 5.848805e+01 2.000000e+00
    endloop
  endfacet
  facet normal 0.000000e+00 0.000000e+00 1.000000e+00
    outer loop
      vertex   6.019287e+01 5.848805e+01 2.000000e+00
      vertex   2.980713e+01 5.848805e+01 2.000000e+00
      vertex   5.882920e+01 5.404976e+01 2.000000e+00
    endloop
  endfacet
  facet normal 0.000000e+00 0.000000e+00 1.000000e+00
    outer loop
      vertex   5.882920e+01 5.404976e+01 2.000000e+00
      vertex   2.980713e+01 5.848805e+01 2.000000e+00
      vertex   3.117080e+01 5.404976e+01 2.000000e+00
    endloop
  endfacet
  facet normal 0.000000e+00 0.000000e+00 1.000000e+00
    outer loop
      vertex   5.882920e+01 5.404976e+01 2.000000e+00
      vertex   3.117080e+01 5.404976e+01 2.000000e+00
      vertex   5.637899e+01 4.900000e+01 2.000000e+00
    endloop
  endfacet
  facet normal 0.000000e+00 0.000000e+00 1.000000e+00
    outer loop
      vertex   5.637899e+01 4.900000e+01 2.000000e+00
      vertex   3.117080e+01 5.404976e+01 2.000000e+00
      vertex   3.362101e+01 4.900000e+01 2.000000e+00
    endloop
  endfacet
  facet normal 0.000000e+00 0.000000e+00 1.000000e+00
    outer loop
      vertex   3.362101e+01 4.900000e+01 2.000000e+00
      vertex   3.117080e+01 5.404976e+01 2.000000e+00
      vertex   3.268090e+01 4.965912e+01 2.000000e+00
    endloop
  endfacet
  facet normal 0.000000e+00 0.000000e+00 1.000000e+00
    outer loop
      vertex   3.362101e+01 4.900000e+01 2.000000e+00
      vertex   3.268090e+01 4.965912e+01 2.000000e+00
      vertex   3.337885e+01 4.902976e+01 2.000000e+00
    endloop
  endfacet
  facet normal 0.000000e+00 0.000000e+00 1.000000e+00
    outer loop
      vertex   3.337885e+01 4.902976e+01 2.000000e+00
      vertex   3.268090e+01 4.965912e+01 2.000000e+00
      vertex   3.315111e+01 4.911728e+01 2.000000e+00
    endloop
  endfacet
  facet normal 0.000000e+00 0.000000e+00 1.000000e+00
    outer loop
      vertex   3.315111e+01 4.911728e+01 2.000000e+00
      vertex   3.268090e+01 4.965912e+01 2.000000e+00
      vertex   3.295134e+01 4.925734e+01 2.000000e+00
    endloop
  endfacet
  facet normal 0.000000e+00 0.000000e+00 1.000000e+00
    outer loop
      vertex   3.295134e+01 4.925734e+01 2.000000e+00
      vertex   3.268090e+01 4.965912e+01 2.000000e+00
      vertex   3.279143e+01 4.944162e+01 2.000000e+00
    endloop
  endfacet
  facet normal 0.000000e+00 0.000000e+00 1.000000e+00
    outer loop
      vertex   2.485164e+01 9.098667e+01 2.000000e+00
      vertex   2.474306e+01 9.094738e+01 2.000000e+00
      vertex   2.446694e+01 9.047535e+01 2.000000e+00
    endloop
  endfacet
  facet normal 0.000000e+00 0.000000e+00 1.000000e+00
    outer loop
      vertex   2.446694e+01 9.047535e+01 2.000000e+00
      vertex   2.474306e+01 9.094738e+01 2.000000e+00
      vertex   2.464639e+01 9.088424e+01 2.000000e+00
    endloop
  endfacet
  facet normal 0.000000e+00 0.000000e+00 1.000000e+00
    outer loop
      vertex   2.446694e+01 9.047535e+01 2.000000e+00
      vertex   2.464639e+01 9.088424e+01 2.000000e+00
      vertex   2.456679e+01 9.080060e+01 2.000000e+00
    endloop
  endfacet
  facet normal 0.000000e+00 0.000000e+00 1.000000e+00
    outer loop
      vertex   2.456679e+01 9.080060e+01 2.000000e+00
      vertex   2.450849e+01 9.070094e+01 2.000000e+00
      vertex   2.446694e+01 9.047535e+01 2.000000e+00
    endloop
  endfacet
  facet normal 0.000000e+00 0.000000e+00 1.000000e+00
    outer loop
      vertex   2.446694e+01 9.047535e+01 2.000000e+00
      vertex   2.450849e+01 9.070094e+01 2.000000e+00
      vertex   2.447460e+01 9.059056e+01 2.000000e+00
    endloop
  endfacet
  facet normal 0.000000e+00 0.000000e+00 1.000000e+00
    outer loop
      vertex   5.882920e+01 5.404976e+01 2.000000e+00
      vertex   5.637899e+01 4.900000e+01 2.000000e+00
      vertex   5.731910e+01 4.965912e+01 2.000000e+00
    endloop
  endfacet
  facet normal 0.000000e+00 0.000000e+00 1.000000e+00
    outer loop
      vertex   5.731910e+01 4.965912e+01 2.000000e+00
      vertex   5.637899e+01 4.900000e+01 2.000000e+00
      vertex   5.662115e+01 4.902976e+01 2.000000e+00
    endloop
  endfacet
  facet normal 0.000000e+00 0.000000e+00 1.000000e+00
    outer loop
      vertex   5.731910e+01 4.965912e+01 2.000000e+00
      vertex   5.662115e+01 4.902976e+01 2.000000e+00
      vertex   5.684889e+01 4.911728e+01 2.000000e+00
    endloop
  endfacet
  facet normal 0.000000e+00 0.000000e+00 1.000000e+00
    outer loop
      vertex   5.684889e+01 4.911728e+01 2.000000e+00
      vertex   5.704866e+01 4.925734e+01 2.000000e+00
      vertex   5.731910e+01 4.965912e+01 2.000000e+00
    endloop
  endfacet
  facet normal 0.000000e+00 0.000000e+00 1.000000e+00
    outer loop
      vertex   5.731910e+01 4.965912e+01 2.000000e+00
      vertex   5.704866e+01 4.925734e+01 2.000000e+00
      vertex   5.720857e+01 4.944162e+01 2.000000e+00
    endloop
  endfacet
  facet normal 0.000000e+00 -0.000000e+00 -1.000000e+00
    outer loop
      vertex   8.555139e-02 1.163053e+02 0.000000e+00
      vertex   1.000000e+01 1.250000e+02 0.000000e+00
      vertex   0.000000e+00 1.150000e+02 0.000000e+00
    endloop
  endfacet
  facet normal 0.000000e+00 0.000000e+00 -1.000000e+00
    outer loop
      vertex   0.000000e+00 1.150000e+02 0.000000e+00
      vertex   1.000000e+01 1.250000e+02 0.000000e+00
      vertex   9.000000e+01 1.250000e+02 0.000000e+00
    endloop
  endfacet
  facet normal 0.000000e+00 -0.000000e+00 -1.000000e+00
    outer loop
      vertex   0.000000e+00 1.150000e+02 0.000000e+00
      vertex   9.000000e+01 1.250000e+02 0.000000e+00
      vertex   -7.771561e-15 3.500000e+01 0.000000e+00
    endloop
  endfacet
  facet normal 0.000000e+00 0.000000e+00 -1.000000e+00
    outer loop
      vertex   -7.771561e-15 3.500000e+01 0.000000e+00
      vertex   9.000000e+01 1.250000e+02 0.000000e+00
      vertex   1.000000e+02 1.150000e+02 0.000000e+00
    endloop
  endfacet
  facet normal 0.000000e+00 0.000000e+00 -1.000000e+00
    outer loop
      vertex   -7.771561e-15 3.500000e+01 0.000000e+00
      vertex   1.000000e+02 1.150000e+02 0.000000e+00
      vertex   1.000000e+01 2.500000e+01 0.000000e+00
    endloop
  endfacet
  facet normal 0.000000e+00 0.000000e+00 -1.000000e+00
    outer loop
      vertex   1.000000e+01 2.500000e+01 0.000000e+00
      vertex   1.000000e+02 1.150000e+02 0.000000e+00
      vertex   1.000000e+02 3.500000e+01 0.000000e+00
    endloop
  endfacet
  facet normal 0.000000e+00 0.000000e+00 -1.000000e+00
    outer loop
      vertex   1.000000e+01 2.500000e+01 0.000000e+00
      vertex   1.000000e+02 3.500000e+01 0.000000e+00
      vertex   9.000000e+01 2.500000e+01 0.000000e+00
    endloop
  endfacet
  facet normal 0.000000e+00 0.000000e+00 -1.000000e+00
    outer loop
      vertex   9.000000e+01 2.500000e+01 0.000000e+00
      vertex   1.000000e+02 3.500000e+01 0.000000e+00
      vertex   9.130526e+01 2.508555e+01 0.000000e+00
    endloop
  endfacet
  facet normal 0.000000e+00 0.000000e+00 -1.000000e+00
    outer loop
      vertex   9.130526e+01 2.508555e+01 0.000000e+00
      vertex   1.000000e+02 3.500000e+01 0.000000e+00
      vertex   9.258819e+01 2.534074e+01 0.000000e+00
    endloop
  endfacet
  facet normal 0.000000e+00 0.000000e+00 -1.000000e+00
    outer loop
      vertex   9.258819e+01 2.534074e+01 0.000000e+00
      vertex   1.000000e+02 3.500000e+01 0.000000e+00
      vertex   9.382683e+01 2.576120e+01 0.000000e+00
    endloop
  endfacet
  facet normal 0.000000e+00 0.000000e+00 -1.000000e+00
    outer loop
      vertex   9.382683e+01 2.576120e+01 0.000000e+00
      vertex   1.000000e+02 3.500000e+01 0.000000e+00
      vertex   9.500000e+01 2.633975e+01 0.000000e+00
    endloop
  endfacet
  facet normal 0.000000e+00 0.000000e+00 -1.000000e+00
    outer loop
      vertex   9.500000e+01 2.633975e+01 0.000000e+00
      vertex   1.000000e+02 3.500000e+01 0.000000e+00
      vertex   9.608761e+01 2.706647e+01 0.000000e+00
    endloop
  endfacet
  facet normal 0.000000e+00 0.000000e+00 -1.000000e+00
    outer loop
      vertex   9.608761e+01 2.706647e+01 0.000000e+00
      vertex   1.000000e+02 3.500000e+01 0.000000e+00
      vertex   9.707107e+01 2.792893e+01 0.000000e+00
    endloop
  endfacet
  facet normal 0.000000e+00 0.000000e+00 -1.000000e+00
    outer loop
      vertex   9.707107e+01 2.792893e+01 0.000000e+00
      vertex   1.000000e+02 3.500000e+01 0.000000e+00
      vertex   9.793353e+01 2.891239e+01 0.000000e+00
    endloop
  endfacet
  facet normal 0.000000e+00 0.000000e+00 -1.000000e+00
    outer loop
      vertex   9.793353e+01 2.891239e+01 0.000000e+00
      vertex   1.000000e+02 3.500000e+01 0.000000e+00
      vertex   9.866025e+01 3.000000e+01 0.000000e+00
    endloop
  endfacet
  facet normal 0.000000e+00 0.000000e+00 -1.000000e+00
    outer loop
      vertex   9.866025e+01 3.000000e+01 0.000000e+00
      vertex   1.000000e+02 3.500000e+01 0.000000e+00
      vertex   9.923880e+01 3.117317e+01 0.000000e+00
    endloop
  endfacet
  facet normal 0.000000e+00 0.000000e+00 -1.000000e+00
    outer loop
      vertex   9.923880e+01 3.117317e+01 0.000000e+00
      vertex   1.000000e+02 3.500000e+01 0.000000e+00
      vertex   9.965926e+01 3.241181e+01 0.000000e+00
    endloop
  endfacet
  facet normal 0.000000e+00 0.000000e+00 -1.000000e+00
    outer loop
      vertex   9.965926e+01 3.241181e+01 0.000000e+00
      vertex   1.000000e+02 3.500000e+01 0.000000e+00
      vertex   9.991445e+01 3.369474e+01 0.000000e+00
    endloop
  endfacet
  facet normal 0.000000e+00 0.000000e+00 -1.000000e+00
    outer loop
      vertex   8.555139e-02 1.163053e+02 0.000000e+00
      vertex   3.407417e-01 1.175882e+02 0.000000e+00
      vertex   1.000000e+01 1.250000e+02 0.000000e+00
    endloop
  endfacet
  facet normal 0.000000e+00 0.000000e+00 -1.000000e+00
    outer loop
      vertex   1.000000e+01 1.250000e+02 0.000000e+00
      vertex   3.407417e-01 1.175882e+02 0.000000e+00
      vertex   7.612047e-01 1.188268e+02 0.000000e+00
    endloop
  endfacet
  facet normal 0.000000e+00 0.000000e+00 -1.000000e+00
    outer loop
      vertex   1.000000e+01 1.250000e+02 0.000000e+00
      vertex   7.612047e-01 1.188268e+02 0.000000e+00
      vertex   1.339746e+00 1.200000e+02 0.000000e+00
    endloop
  endfacet
  facet normal 0.000000e+00 0.000000e+00 -1.000000e+00
    outer loop
      vertex   1.339746e+00 1.200000e+02 0.000000e+00
      vertex   2.066467e+00 1.210876e+02 0.000000e+00
      vertex   1.000000e+01 1.250000e+02 0.000000e+00
    endloop
  endfacet
  facet normal 0.000000e+00 0.000000e+00 -1.000000e+00
    outer loop
      vertex   1.000000e+01 1.250000e+02 0.000000e+00
      vertex   2.066467e+00 1.210876e+02 0.000000e+00
      vertex   2.928932e+00 1.220711e+02 0.000000e+00
    endloop
  endfacet
  facet normal 0.000000e+00 0.000000e+00 -1.000000e+00
    outer loop
      vertex   1.000000e+01 1.250000e+02 0.000000e+00
      vertex   2.928932e+00 1.220711e+02 0.000000e+00
      vertex   3.912386e+00 1.229335e+02 0.000000e+00
    endloop
  endfacet
  facet normal 0.000000e+00 0.000000e+00 -1.000000e+00
    outer loop
      vertex   3.912386e+00 1.229335e+02 0.000000e+00
      vertex   5.000000e+00 1.236603e+02 0.000000e+00
      vertex   1.000000e+01 1.250000e+02 0.000000e+00
    endloop
  endfacet
  facet normal 0.000000e+00 0.000000e+00 -1.000000e+00
    outer loop
      vertex   1.000000e+01 1.250000e+02 0.000000e+00
      vertex   5.000000e+00 1.236603e+02 0.000000e+00
      vertex   6.173166e+00 1.242388e+02 0.000000e+00
    endloop
  endfacet
  facet normal 0.000000e+00 0.000000e+00 -1.000000e+00
    outer loop
      vertex   1.000000e+01 1.250000e+02 0.000000e+00
      vertex   6.173166e+00 1.242388e+02 0.000000e+00
      vertex   7.411810e+00 1.246593e+02 0.000000e+00
    endloop
  endfacet
  facet normal 0.000000e+00 0.000000e+00 -1.000000e+00
    outer loop
      vertex   7.411810e+00 1.246593e+02 0.000000e+00
      vertex   8.694738e+00 1.249144e+02 0.000000e+00
      vertex   1.000000e+01 1.250000e+02 0.000000e+00
    endloop
  endfacet
  facet normal -0.000000e+00 -0.000000e+00 -1.000000e+00
    outer loop
      vertex   9.130526e+01 1.249144e+02 0.000000e+00
      vertex   9.258819e+01 1.246593e+02 0.000000e+00
      vertex   9.000000e+01 1.250000e+02 0.000000e+00
    endloop
  endfacet
  facet normal 0.000000e+00 0.000000e+00 -1.000000e+00
    outer loop
      vertex   9.000000e+01 1.250000e+02 0.000000e+00
      vertex   9.258819e+01 1.246593e+02 0.000000e+00
      vertex   9.382683e+01 1.242388e+02 0.000000e+00
    endloop
  endfacet
  facet normal 0.000000e+00 0.000000e+00 -1.000000e+00
    outer loop
      vertex   9.000000e+01 1.250000e+02 0.000000e+00
      vertex   9.382683e+01 1.242388e+02 0.000000e+00
      vertex   9.500000e+01 1.236603e+02 0.000000e+00
    endloop
  endfacet
  facet normal -0.000000e+00 -0.000000e+00 -1.000000e+00
    outer loop
      vertex   9.500000e+01 1.236603e+02 0.000000e+00
      vertex   9.608761e+01 1.229335e+02 0.000000e+00
      vertex   9.000000e+01 1.250000e+02 0.000000e+00
    endloop
  endfacet
  facet normal 0.000000e+00 0.000000e+00 -1.000000e+00
    outer loop
      vertex   9.000000e+01 1.250000e+02 0.000000e+00
      vertex   9.608761e+01 1.229335e+02 0.000000e+00
      vertex   9.707107e+01 1.220711e+02 0.000000e+00
    endloop
  endfacet
  facet normal 0.000000e+00 0.000000e+00 -1.000000e+00
    outer loop
      vertex   9.000000e+01 1.250000e+02 0.000000e+00
      vertex   9.707107e+01 1.220711e+02 0.000000e+00
      vertex   9.793353e+01 1.210876e+02 0.000000e+00
    endloop
  endfacet
  facet normal -0.000000e+00 -0.000000e+00 -1.000000e+00
    outer loop
      vertex   9.793353e+01 1.210876e+02 0.000000e+00
      vertex   9.866025e+01 1.200000e+02 0.000000e+00
      vertex   9.000000e+01 1.250000e+02 0.000000e+00
    endloop
  endfacet
  facet normal 0.000000e+00 0.000000e+00 -1.000000e+00
    outer loop
      vertex   9.000000e+01 1.250000e+02 0.000000e+00
      vertex   9.866025e+01 1.200000e+02 0.000000e+00
      vertex   9.923880e+01 1.188268e+02 0.000000e+00
    endloop
  endfacet
  facet normal 0.000000e+00 0.000000e+00 -1.000000e+00
    outer loop
      vertex   9.000000e+01 1.250000e+02 0.000000e+00
      vertex   9.923880e+01 1.188268e+02 0.000000e+00
      vertex   9.965926e+01 1.175882e+02 0.000000e+00
    endloop
  endfacet
  facet normal -0.000000e+00 -0.000000e+00 -1.000000e+00
    outer loop
      vertex   9.965926e+01 1.175882e+02 0.000000e+00
      vertex   9.991445e+01 1.163053e+02 0.000000e+00
      vertex   9.000000e+01 1.250000e+02 0.000000e+00
    endloop
  endfacet
  facet normal 0.000000e+00 0.000000e+00 -1.000000e+00
    outer loop
      vertex   9.000000e+01 1.250000e+02 0.000000e+00
      vertex   9.991445e+01 1.163053e+02 0.000000e+00
      vertex   1.000000e+02 1.150000e+02 0.000000e+00
    endloop
  endfacet
  facet normal 0.000000e+00 0.000000e+00 -1.000000e+00
    outer loop
      vertex   1.000000e+01 2.500000e+01 0.000000e+00
      vertex   8.694738e+00 2.508555e+01 0.000000e+00
      vertex   -7.771561e-15 3.500000e+01 0.000000e+00
    endloop
  endfacet
  facet normal 0.000000e+00 0.000000e+00 -1.000000e+00
    outer loop
      vertex   -7.771561e-15 3.500000e+01 0.000000e+00
      vertex   8.694738e+00 2.508555e+01 0.000000e+00
      vertex   7.411810e+00 2.534074e+01 0.000000e+00
    endloop
  endfacet
  facet normal 0.000000e+00 0.000000e+00 -1.000000e+00
    outer loop
      vertex   -7.771561e-15 3.500000e+01 0.000000e+00
      vertex   7.411810e+00 2.534074e+01 0.000000e+00
      vertex   6.173166e+00 2.576120e+01 0.000000e+00
    endloop
  endfacet
  facet normal 0.000000e+00 0.000000e+00 -1.000000e+00
    outer loop
      vertex   6.173166e+00 2.576120e+01 0.000000e+00
      vertex   5.000000e+00 2.633975e+01 0.000000e+00
      vertex   -7.771561e-15 3.500000e+01 0.000000e+00
    endloop
  endfacet
  facet normal 0.000000e+00 0.000000e+00 -1.000000e+00
    outer loop
      vertex   -7.771561e-15 3.500000e+01 0.000000e+00
      vertex   5.000000e+00 2.633975e+01 0.000000e+00
      vertex   3.912386e+00 2.706647e+01 0.000000e+00
    endloop
  endfacet
  facet normal 0.000000e+00 0.000000e+00 -1.000000e+00
    outer loop
      vertex   -7.771561e-15 3.500000e+01 0.000000e+00
      vertex   3.912386e+00 2.706647e+01 0.000000e+00
      vertex   2.928932e+00 2.792893e+01 0.000000e+00
    endloop
  endfacet
  facet normal 0.000000e+00 0.000000e+00 -1.000000e+00
    outer loop
      vertex   2.928932e+00 2.792893e+01 0.000000e+00
      vertex   2.066467e+00 2.891239e+01 0.000000e+00
      vertex   -7.771561e-15 3.500000e+01 0.000000e+00
    endloop
  endfacet
  facet normal 0.000000e+00 0.000000e+00 -1.000000e+00
    outer loop
      vertex   -7.771561e-15 3.500000e+01 0.000000e+00
      vertex   2.066467e+00 2.891239e+01 0.000000e+00
      vertex   1.339746e+00 3.000000e+01 0.000000e+00
    endloop
  endfacet
  facet normal 0.000000e+00 0.000000e+00 -1.000000e+00
    outer loop
      vertex   -7.771561e-15 3.500000e+01 0.000000e+00
      vertex   1.339746e+00 3.000000e+01 0.000000e+00
      vertex   7.612047e-01 3.117317e+01 0.000000e+00
    endloop
  endfacet
  facet normal 0.000000e+00 0.000000e+00 -1.000000e+00
    outer loop
      vertex   7.612047e-01 3.117317e+01 0.000000e+00
      vertex   3.407417e-01 3.241181e+01 0.000000e+00
      vertex   -7.771561e-15 3.500000e+01 0.000000e+00
    endloop
  endfacet
  facet normal 0.000000e+00 0.000000e+00 -1.000000e+00
    outer loop
      vertex   -7.771561e-15 3.500000e+01 0.000000e+00
      vertex   3.407417e-01 3.241181e+01 0.000000e+00
      vertex   8.555139e-02 3.369474e+01 0.000000e+00
    endloop
  endfacet
endsolid
