solid ASCII
  facet normal -5.861383e-01 8.102110e-01 0.000000e+00
    outer loop
      vertex   -7.542752e+01 -1.714565e+02 1.000000e+00
      vertex   -7.542752e+01 -1.714565e+02 2.000000e+00
      vertex   -7.473269e+01 -1.709538e+02 1.000000e+00
    endloop
  endfacet
  facet normal -5.861383e-01 8.102110e-01 0.000000e+00
    outer loop
      vertex   -7.473269e+01 -1.709538e+02 1.000000e+00
      vertex   -7.542752e+01 -1.714565e+02 2.000000e+00
      vertex   -7.473269e+01 -1.709538e+02 2.000000e+00
    endloop
  endfacet
  facet normal -7.159708e-01 6.981302e-01 0.000000e+00
    outer loop
      vertex   -7.473269e+01 -1.709538e+02 1.000000e+00
      vertex   -7.473269e+01 -1.709538e+02 2.000000e+00
      vertex   -7.413398e+01 -1.703398e+02 1.000000e+00
    endloop
  endfacet
  facet normal -7.159708e-01 6.981302e-01 0.000000e+00
    outer loop
      vertex   -7.413398e+01 -1.703398e+02 1.000000e+00
      vertex   -7.473269e+01 -1.709538e+02 2.000000e+00
      vertex   -7.413398e+01 -1.703398e+02 2.000000e+00
    endloop
  endfacet
  facet normal -8.247405e-01 5.655113e-01 0.000000e+00
    outer loop
      vertex   -7.413398e+01 -1.703398e+02 1.000000e+00
      vertex   -7.413398e+01 -1.703398e+02 2.000000e+00
      vertex   -7.364900e+01 -1.696325e+02 1.000000e+00
    endloop
  endfacet
  facet normal -8.247405e-01 5.655113e-01 0.000000e+00
    outer loop
      vertex   -7.364900e+01 -1.696325e+02 1.000000e+00
      vertex   -7.413398e+01 -1.703398e+02 2.000000e+00
      vertex   -7.364900e+01 -1.696325e+02 2.000000e+00
    endloop
  endfacet
  facet normal -9.092475e-01 4.162559e-01 0.000000e+00
    outer loop
      vertex   -7.364900e+01 -1.696325e+02 1.000000e+00
      vertex   -7.364900e+01 -1.696325e+02 2.000000e+00
      vertex   -7.329202e+01 -1.688528e+02 1.000000e+00
    endloop
  endfacet
  facet normal -9.092475e-01 4.162559e-01 0.000000e+00
    outer loop
      vertex   -7.329202e+01 -1.688528e+02 1.000000e+00
      vertex   -7.364900e+01 -1.696325e+02 2.000000e+00
      vertex   -7.329202e+01 -1.688528e+02 2.000000e+00
    endloop
  endfacet
  facet normal -9.670057e-01 2.547548e-01 0.000000e+00
    outer loop
      vertex   -7.329202e+01 -1.688528e+02 1.000000e+00
      vertex   -7.329202e+01 -1.688528e+02 2.000000e+00
      vertex   -7.307355e+01 -1.680235e+02 1.000000e+00
    endloop
  endfacet
  facet normal -9.670057e-01 2.547548e-01 0.000000e+00
    outer loop
      vertex   -7.307355e+01 -1.680235e+02 1.000000e+00
      vertex   -7.329202e+01 -1.688528e+02 2.000000e+00
      vertex   -7.307355e+01 -1.680235e+02 2.000000e+00
    endloop
  endfacet
  facet normal -9.963159e-01 8.575923e-02 0.000000e+00
    outer loop
      vertex   -7.307355e+01 -1.680235e+02 1.000000e+00
      vertex   -7.307355e+01 -1.680235e+02 2.000000e+00
      vertex   -7.300000e+01 -1.671691e+02 1.000000e+00
    endloop
  endfacet
  facet normal -9.963159e-01 8.575923e-02 0.000000e+00
    outer loop
      vertex   -7.300000e+01 -1.671691e+02 1.000000e+00
      vertex   -7.307355e+01 -1.680235e+02 2.000000e+00
      vertex   -7.300000e+01 -1.671691e+02 2.000000e+00
    endloop
  endfacet
  facet normal -1.000000e+00 -3.576278e-08 -0.000000e+00
    outer loop
      vertex   -7.300000e+01 -1.671691e+02 2.000000e+00
      vertex   -7.300000e+01 -1.650000e+02 2.000000e+00
      vertex   -7.300000e+01 -1.671691e+02 1.000000e+00
    endloop
  endfacet
  facet normal -1.000000e+00 -3.576278e-08 0.000000e+00
    outer loop
      vertex   -7.300000e+01 -1.671691e+02 1.000000e+00
      vertex   -7.300000e+01 -1.650000e+02 2.000000e+00
      vertex   -7.300000e+01 -1.650000e+02 1.000000e+00
    endloop
  endfacet
  facet normal -1.000000e+00 0.000000e+00 0.000000e+00
    outer loop
      vertex   -7.300000e+01 -1.650000e+02 2.000000e+00
      vertex   -7.300000e+01 -1.457500e+02 2.000000e+00
      vertex   -7.300000e+01 -1.650000e+02 1.000000e+00
    endloop
  endfacet
  facet normal -1.000000e+00 0.000000e+00 0.000000e+00
    outer loop
      vertex   -7.300000e+01 -1.650000e+02 1.000000e+00
      vertex   -7.300000e+01 -1.457500e+02 2.000000e+00
      vertex   -7.300000e+01 -1.457500e+02 1.000000e+00
    endloop
  endfacet
  facet normal -9.914449e-01 -1.305262e-01 0.000000e+00
    outer loop
      vertex   -7.300000e+01 -1.457500e+02 1.000000e+00
      vertex   -7.300000e+01 -1.457500e+02 2.000000e+00
      vertex   -7.302556e+01 -1.455559e+02 1.000000e+00
    endloop
  endfacet
  facet normal -9.914449e-01 -1.305262e-01 0.000000e+00
    outer loop
      vertex   -7.302556e+01 -1.455559e+02 1.000000e+00
      vertex   -7.300000e+01 -1.457500e+02 2.000000e+00
      vertex   -7.302556e+01 -1.455559e+02 2.000000e+00
    endloop
  endfacet
  facet normal -9.238795e-01 -3.826834e-01 0.000000e+00
    outer loop
      vertex   -7.302556e+01 -1.455559e+02 1.000000e+00
      vertex   -7.302556e+01 -1.455559e+02 2.000000e+00
      vertex   -7.310048e+01 -1.453750e+02 1.000000e+00
    endloop
  endfacet
  facet normal -9.238795e-01 -3.826834e-01 0.000000e+00
    outer loop
      vertex   -7.310048e+01 -1.453750e+02 1.000000e+00
      vertex   -7.302556e+01 -1.455559e+02 2.000000e+00
      vertex   -7.310048e+01 -1.453750e+02 2.000000e+00
    endloop
  endfacet
  facet normal -7.933533e-01 -6.087614e-01 0.000000e+00
    outer loop
      vertex   -7.310048e+01 -1.453750e+02 1.000000e+00
      vertex   -7.310048e+01 -1.453750e+02 2.000000e+00
      vertex   -7.321967e+01 -1.452197e+02 1.000000e+00
    endloop
  endfacet
  facet normal -7.933533e-01 -6.087614e-01 0.000000e+00
    outer loop
      vertex   -7.321967e+01 -1.452197e+02 1.000000e+00
      vertex   -7.310048e+01 -1.453750e+02 2.000000e+00
      vertex   -7.321967e+01 -1.452197e+02 2.000000e+00
    endloop
  endfacet
  facet normal -6.087614e-01 -7.933533e-01 0.000000e+00
    outer loop
      vertex   -7.321967e+01 -1.452197e+02 1.000000e+00
      vertex   -7.321967e+01 -1.452197e+02 2.000000e+00
      vertex   -7.337500e+01 -1.451005e+02 1.000000e+00
    endloop
  endfacet
  facet normal -6.087614e-01 -7.933533e-01 0.000000e+00
    outer loop
      vertex   -7.337500e+01 -1.451005e+02 1.000000e+00
      vertex   -7.321967e+01 -1.452197e+02 2.000000e+00
      vertex   -7.337500e+01 -1.451005e+02 2.000000e+00
    endloop
  endfacet
  facet normal -3.826834e-01 -9.238795e-01 0.000000e+00
    outer loop
      vertex   -7.337500e+01 -1.451005e+02 1.000000e+00
      vertex   -7.337500e+01 -1.451005e+02 2.000000e+00
      vertex   -7.355589e+01 -1.450256e+02 1.000000e+00
    endloop
  endfacet
  facet normal -3.826834e-01 -9.238795e-01 0.000000e+00
    outer loop
      vertex   -7.355589e+01 -1.450256e+02 1.000000e+00
      vertex   -7.337500e+01 -1.451005e+02 2.000000e+00
      vertex   -7.355589e+01 -1.450256e+02 2.000000e+00
    endloop
  endfacet
  facet normal -1.305262e-01 -9.914449e-01 0.000000e+00
    outer loop
      vertex   -7.355589e+01 -1.450256e+02 1.000000e+00
      vertex   -7.355589e+01 -1.450256e+02 2.000000e+00
      vertex   -7.375000e+01 -1.450000e+02 1.000000e+00
    endloop
  endfacet
  facet normal -1.305262e-01 -9.914449e-01 0.000000e+00
    outer loop
      vertex   -7.375000e+01 -1.450000e+02 1.000000e+00
      vertex   -7.355589e+01 -1.450256e+02 2.000000e+00
      vertex   -7.375000e+01 -1.450000e+02 2.000000e+00
    endloop
  endfacet
  facet normal -0.000000e+00 -1.000000e+00 -0.000000e+00
    outer loop
      vertex   -7.375000e+01 -1.450000e+02 2.000000e+00
      vertex   -7.425000e+01 -1.450000e+02 2.000000e+00
      vertex   -7.375000e+01 -1.450000e+02 1.000000e+00
    endloop
  endfacet
  facet normal 0.000000e+00 -1.000000e+00 0.000000e+00
    outer loop
      vertex   -7.375000e+01 -1.450000e+02 1.000000e+00
      vertex   -7.425000e+01 -1.450000e+02 2.000000e+00
      vertex   -7.425000e+01 -1.450000e+02 1.000000e+00
    endloop
  endfacet
  facet normal 1.305262e-01 -9.914449e-01 0.000000e+00
    outer loop
      vertex   -7.425000e+01 -1.450000e+02 1.000000e+00
      vertex   -7.425000e+01 -1.450000e+02 2.000000e+00
      vertex   -7.444412e+01 -1.450256e+02 1.000000e+00
    endloop
  endfacet
  facet normal 1.305262e-01 -9.914449e-01 0.000000e+00
    outer loop
      vertex   -7.444412e+01 -1.450256e+02 1.000000e+00
      vertex   -7.425000e+01 -1.450000e+02 2.000000e+00
      vertex   -7.444412e+01 -1.450256e+02 2.000000e+00
    endloop
  endfacet
  facet normal 3.826834e-01 -9.238795e-01 0.000000e+00
    outer loop
      vertex   -7.444412e+01 -1.450256e+02 1.000000e+00
      vertex   -7.444412e+01 -1.450256e+02 2.000000e+00
      vertex   -7.462500e+01 -1.451005e+02 1.000000e+00
    endloop
  endfacet
  facet normal 3.826834e-01 -9.238795e-01 0.000000e+00
    outer loop
      vertex   -7.462500e+01 -1.451005e+02 1.000000e+00
      vertex   -7.444412e+01 -1.450256e+02 2.000000e+00
      vertex   -7.462500e+01 -1.451005e+02 2.000000e+00
    endloop
  endfacet
  facet normal 6.087614e-01 -7.933533e-01 0.000000e+00
    outer loop
      vertex   -7.462500e+01 -1.451005e+02 1.000000e+00
      vertex   -7.462500e+01 -1.451005e+02 2.000000e+00
      vertex   -7.478033e+01 -1.452197e+02 1.000000e+00
    endloop
  endfacet
  facet normal 6.087614e-01 -7.933533e-01 0.000000e+00
    outer loop
      vertex   -7.478033e+01 -1.452197e+02 1.000000e+00
      vertex   -7.462500e+01 -1.451005e+02 2.000000e+00
      vertex   -7.478033e+01 -1.452197e+02 2.000000e+00
    endloop
  endfacet
  facet normal 7.933533e-01 -6.087614e-01 0.000000e+00
    outer loop
      vertex   -7.478033e+01 -1.452197e+02 1.000000e+00
      vertex   -7.478033e+01 -1.452197e+02 2.000000e+00
      vertex   -7.489952e+01 -1.453750e+02 1.000000e+00
    endloop
  endfacet
  facet normal 7.933533e-01 -6.087614e-01 0.000000e+00
    outer loop
      vertex   -7.489952e+01 -1.453750e+02 1.000000e+00
      vertex   -7.478033e+01 -1.452197e+02 2.000000e+00
      vertex   -7.489952e+01 -1.453750e+02 2.000000e+00
    endloop
  endfacet
  facet normal 9.238795e-01 -3.826834e-01 0.000000e+00
    outer loop
      vertex   -7.489952e+01 -1.453750e+02 1.000000e+00
      vertex   -7.489952e+01 -1.453750e+02 2.000000e+00
      vertex   -7.497445e+01 -1.455559e+02 1.000000e+00
    endloop
  endfacet
  facet normal 9.238795e-01 -3.826834e-01 0.000000e+00
    outer loop
      vertex   -7.497445e+01 -1.455559e+02 1.000000e+00
      vertex   -7.489952e+01 -1.453750e+02 2.000000e+00
      vertex   -7.497445e+01 -1.455559e+02 2.000000e+00
    endloop
  endfacet
  facet normal 9.914449e-01 -1.305262e-01 0.000000e+00
    outer loop
      vertex   -7.497445e+01 -1.455559e+02 1.000000e+00
      vertex   -7.497445e+01 -1.455559e+02 2.000000e+00
      vertex   -7.500000e+01 -1.457500e+02 1.000000e+00
    endloop
  endfacet
  facet normal 9.914449e-01 -1.305262e-01 0.000000e+00
    outer loop
      vertex   -7.500000e+01 -1.457500e+02 1.000000e+00
      vertex   -7.497445e+01 -1.455559e+02 2.000000e+00
      vertex   -7.500000e+01 -1.457500e+02 2.000000e+00
    endloop
  endfacet
  facet normal 1.000000e+00 -1.536309e-15 0.000000e+00
    outer loop
      vertex   -7.500000e+01 -1.457500e+02 2.000000e+00
      vertex   -7.500000e+01 -1.642500e+02 2.000000e+00
      vertex   -7.500000e+01 -1.457500e+02 1.000000e+00
    endloop
  endfacet
  facet normal 1.000000e+00 -1.536309e-15 0.000000e+00
    outer loop
      vertex   -7.500000e+01 -1.457500e+02 1.000000e+00
      vertex   -7.500000e+01 -1.642500e+02 2.000000e+00
      vertex   -7.500000e+01 -1.642500e+02 1.000000e+00
    endloop
  endfacet
  facet normal 9.914449e-01 -1.305262e-01 0.000000e+00
    outer loop
      vertex   -7.500000e+01 -1.642500e+02 1.000000e+00
      vertex   -7.500000e+01 -1.642500e+02 2.000000e+00
      vertex   -7.502556e+01 -1.644441e+02 1.000000e+00
    endloop
  endfacet
  facet normal 9.914449e-01 -1.305262e-01 0.000000e+00
    outer loop
      vertex   -7.502556e+01 -1.644441e+02 1.000000e+00
      vertex   -7.500000e+01 -1.642500e+02 2.000000e+00
      vertex   -7.502556e+01 -1.644441e+02 2.000000e+00
    endloop
  endfacet
  facet normal 9.238795e-01 -3.826834e-01 0.000000e+00
    outer loop
      vertex   -7.502556e+01 -1.644441e+02 1.000000e+00
      vertex   -7.502556e+01 -1.644441e+02 2.000000e+00
      vertex   -7.510048e+01 -1.646250e+02 1.000000e+00
    endloop
  endfacet
  facet normal 9.238795e-01 -3.826834e-01 0.000000e+00
    outer loop
      vertex   -7.510048e+01 -1.646250e+02 1.000000e+00
      vertex   -7.502556e+01 -1.644441e+02 2.000000e+00
      vertex   -7.510048e+01 -1.646250e+02 2.000000e+00
    endloop
  endfacet
  facet normal 7.933533e-01 -6.087614e-01 0.000000e+00
    outer loop
      vertex   -7.510048e+01 -1.646250e+02 1.000000e+00
      vertex   -7.510048e+01 -1.646250e+02 2.000000e+00
      vertex   -7.521967e+01 -1.647803e+02 1.000000e+00
    endloop
  endfacet
  facet normal 7.933533e-01 -6.087614e-01 0.000000e+00
    outer loop
      vertex   -7.521967e+01 -1.647803e+02 1.000000e+00
      vertex   -7.510048e+01 -1.646250e+02 2.000000e+00
      vertex   -7.521967e+01 -1.647803e+02 2.000000e+00
    endloop
  endfacet
  facet normal 6.087614e-01 -7.933533e-01 0.000000e+00
    outer loop
      vertex   -7.521967e+01 -1.647803e+02 1.000000e+00
      vertex   -7.521967e+01 -1.647803e+02 2.000000e+00
      vertex   -7.537500e+01 -1.648995e+02 1.000000e+00
    endloop
  endfacet
  facet normal 6.087614e-01 -7.933533e-01 0.000000e+00
    outer loop
      vertex   -7.537500e+01 -1.648995e+02 1.000000e+00
      vertex   -7.521967e+01 -1.647803e+02 2.000000e+00
      vertex   -7.537500e+01 -1.648995e+02 2.000000e+00
    endloop
  endfacet
  facet normal 3.826834e-01 -9.238795e-01 0.000000e+00
    outer loop
      vertex   -7.537500e+01 -1.648995e+02 1.000000e+00
      vertex   -7.537500e+01 -1.648995e+02 2.000000e+00
      vertex   -7.555589e+01 -1.649744e+02 1.000000e+00
    endloop
  endfacet
  facet normal 3.826834e-01 -9.238795e-01 0.000000e+00
    outer loop
      vertex   -7.555589e+01 -1.649744e+02 1.000000e+00
      vertex   -7.537500e+01 -1.648995e+02 2.000000e+00
      vertex   -7.555589e+01 -1.649744e+02 2.000000e+00
    endloop
  endfacet
  facet normal 1.305262e-01 -9.914449e-01 0.000000e+00
    outer loop
      vertex   -7.555589e+01 -1.649744e+02 1.000000e+00
      vertex   -7.555589e+01 -1.649744e+02 2.000000e+00
      vertex   -7.575000e+01 -1.650000e+02 1.000000e+00
    endloop
  endfacet
  facet normal 1.305262e-01 -9.914449e-01 0.000000e+00
    outer loop
      vertex   -7.575000e+01 -1.650000e+02 1.000000e+00
      vertex   -7.555589e+01 -1.649744e+02 2.000000e+00
      vertex   -7.575000e+01 -1.650000e+02 2.000000e+00
    endloop
  endfacet
  facet normal -0.000000e+00 -1.000000e+00 -0.000000e+00
    outer loop
      vertex   -7.575000e+01 -1.650000e+02 2.000000e+00
      vertex   -7.625000e+01 -1.650000e+02 2.000000e+00
      vertex   -7.575000e+01 -1.650000e+02 1.000000e+00
    endloop
  endfacet
  facet normal 0.000000e+00 -1.000000e+00 0.000000e+00
    outer loop
      vertex   -7.575000e+01 -1.650000e+02 1.000000e+00
      vertex   -7.625000e+01 -1.650000e+02 2.000000e+00
      vertex   -7.625000e+01 -1.650000e+02 1.000000e+00
    endloop
  endfacet
  facet normal -1.305262e-01 -9.914449e-01 0.000000e+00
    outer loop
      vertex   -7.625000e+01 -1.650000e+02 1.000000e+00
      vertex   -7.625000e+01 -1.650000e+02 2.000000e+00
      vertex   -7.644412e+01 -1.649744e+02 1.000000e+00
    endloop
  endfacet
  facet normal -1.305262e-01 -9.914449e-01 0.000000e+00
    outer loop
      vertex   -7.644412e+01 -1.649744e+02 1.000000e+00
      vertex   -7.625000e+01 -1.650000e+02 2.000000e+00
      vertex   -7.644412e+01 -1.649744e+02 2.000000e+00
    endloop
  endfacet
  facet normal -3.826834e-01 -9.238795e-01 0.000000e+00
    outer loop
      vertex   -7.644412e+01 -1.649744e+02 1.000000e+00
      vertex   -7.644412e+01 -1.649744e+02 2.000000e+00
      vertex   -7.662500e+01 -1.648995e+02 1.000000e+00
    endloop
  endfacet
  facet normal -3.826834e-01 -9.238795e-01 0.000000e+00
    outer loop
      vertex   -7.662500e+01 -1.648995e+02 1.000000e+00
      vertex   -7.644412e+01 -1.649744e+02 2.000000e+00
      vertex   -7.662500e+01 -1.648995e+02 2.000000e+00
    endloop
  endfacet
  facet normal -6.087614e-01 -7.933533e-01 0.000000e+00
    outer loop
      vertex   -7.662500e+01 -1.648995e+02 1.000000e+00
      vertex   -7.662500e+01 -1.648995e+02 2.000000e+00
      vertex   -7.678033e+01 -1.647803e+02 1.000000e+00
    endloop
  endfacet
  facet normal -6.087614e-01 -7.933533e-01 0.000000e+00
    outer loop
      vertex   -7.678033e+01 -1.647803e+02 1.000000e+00
      vertex   -7.662500e+01 -1.648995e+02 2.000000e+00
      vertex   -7.678033e+01 -1.647803e+02 2.000000e+00
    endloop
  endfacet
  facet normal -7.933533e-01 -6.087614e-01 0.000000e+00
    outer loop
      vertex   -7.678033e+01 -1.647803e+02 1.000000e+00
      vertex   -7.678033e+01 -1.647803e+02 2.000000e+00
      vertex   -7.689952e+01 -1.646250e+02 1.000000e+00
    endloop
  endfacet
  facet normal -7.933533e-01 -6.087614e-01 0.000000e+00
    outer loop
      vertex   -7.689952e+01 -1.646250e+02 1.000000e+00
      vertex   -7.678033e+01 -1.647803e+02 2.000000e+00
      vertex   -7.689952e+01 -1.646250e+02 2.000000e+00
    endloop
  endfacet
  facet normal -9.238795e-01 -3.826834e-01 0.000000e+00
    outer loop
      vertex   -7.689952e+01 -1.646250e+02 1.000000e+00
      vertex   -7.689952e+01 -1.646250e+02 2.000000e+00
      vertex   -7.697445e+01 -1.644441e+02 1.000000e+00
    endloop
  endfacet
  facet normal -9.238795e-01 -3.826834e-01 0.000000e+00
    outer loop
      vertex   -7.697445e+01 -1.644441e+02 1.000000e+00
      vertex   -7.689952e+01 -1.646250e+02 2.000000e+00
      vertex   -7.697445e+01 -1.644441e+02 2.000000e+00
    endloop
  endfacet
  facet normal -9.914449e-01 -1.305262e-01 0.000000e+00
    outer loop
      vertex   -7.697445e+01 -1.644441e+02 1.000000e+00
      vertex   -7.697445e+01 -1.644441e+02 2.000000e+00
      vertex   -7.700000e+01 -1.642500e+02 1.000000e+00
    endloop
  endfacet
  facet normal -9.914449e-01 -1.305262e-01 0.000000e+00
    outer loop
      vertex   -7.700000e+01 -1.642500e+02 1.000000e+00
      vertex   -7.697445e+01 -1.644441e+02 2.000000e+00
      vertex   -7.700000e+01 -1.642500e+02 2.000000e+00
    endloop
  endfacet
  facet normal -1.000000e+00 0.000000e+00 0.000000e+00
    outer loop
      vertex   -7.700000e+01 -1.642500e+02 2.000000e+00
      vertex   -7.700000e+01 -1.457500e+02 2.000000e+00
      vertex   -7.700000e+01 -1.642500e+02 1.000000e+00
    endloop
  endfacet
  facet normal -1.000000e+00 0.000000e+00 0.000000e+00
    outer loop
      vertex   -7.700000e+01 -1.642500e+02 1.000000e+00
      vertex   -7.700000e+01 -1.457500e+02 2.000000e+00
      vertex   -7.700000e+01 -1.457500e+02 1.000000e+00
    endloop
  endfacet
  facet normal -9.914449e-01 -1.305262e-01 0.000000e+00
    outer loop
      vertex   -7.700000e+01 -1.457500e+02 1.000000e+00
      vertex   -7.700000e+01 -1.457500e+02 2.000000e+00
      vertex   -7.702556e+01 -1.455559e+02 1.000000e+00
    endloop
  endfacet
  facet normal -9.914449e-01 -1.305262e-01 0.000000e+00
    outer loop
      vertex   -7.702556e+01 -1.455559e+02 1.000000e+00
      vertex   -7.700000e+01 -1.457500e+02 2.000000e+00
      vertex   -7.702556e+01 -1.455559e+02 2.000000e+00
    endloop
  endfacet
  facet normal -9.238795e-01 -3.826834e-01 0.000000e+00
    outer loop
      vertex   -7.702556e+01 -1.455559e+02 1.000000e+00
      vertex   -7.702556e+01 -1.455559e+02 2.000000e+00
      vertex   -7.710048e+01 -1.453750e+02 1.000000e+00
    endloop
  endfacet
  facet normal -9.238795e-01 -3.826834e-01 0.000000e+00
    outer loop
      vertex   -7.710048e+01 -1.453750e+02 1.000000e+00
      vertex   -7.702556e+01 -1.455559e+02 2.000000e+00
      vertex   -7.710048e+01 -1.453750e+02 2.000000e+00
    endloop
  endfacet
  facet normal -7.933533e-01 -6.087614e-01 0.000000e+00
    outer loop
      vertex   -7.710048e+01 -1.453750e+02 1.000000e+00
      vertex   -7.710048e+01 -1.453750e+02 2.000000e+00
      vertex   -7.721967e+01 -1.452197e+02 1.000000e+00
    endloop
  endfacet
  facet normal -7.933533e-01 -6.087614e-01 0.000000e+00
    outer loop
      vertex   -7.721967e+01 -1.452197e+02 1.000000e+00
      vertex   -7.710048e+01 -1.453750e+02 2.000000e+00
      vertex   -7.721967e+01 -1.452197e+02 2.000000e+00
    endloop
  endfacet
  facet normal -6.087614e-01 -7.933533e-01 0.000000e+00
    outer loop
      vertex   -7.721967e+01 -1.452197e+02 1.000000e+00
      vertex   -7.721967e+01 -1.452197e+02 2.000000e+00
      vertex   -7.737500e+01 -1.451005e+02 1.000000e+00
    endloop
  endfacet
  facet normal -6.087614e-01 -7.933533e-01 0.000000e+00
    outer loop
      vertex   -7.737500e+01 -1.451005e+02 1.000000e+00
      vertex   -7.721967e+01 -1.452197e+02 2.000000e+00
      vertex   -7.737500e+01 -1.451005e+02 2.000000e+00
    endloop
  endfacet
  facet normal -3.826834e-01 -9.238795e-01 0.000000e+00
    outer loop
      vertex   -7.737500e+01 -1.451005e+02 1.000000e+00
      vertex   -7.737500e+01 -1.451005e+02 2.000000e+00
      vertex   -7.755589e+01 -1.450256e+02 1.000000e+00
    endloop
  endfacet
  facet normal -3.826834e-01 -9.238795e-01 0.000000e+00
    outer loop
      vertex   -7.755589e+01 -1.450256e+02 1.000000e+00
      vertex   -7.737500e+01 -1.451005e+02 2.000000e+00
      vertex   -7.755589e+01 -1.450256e+02 2.000000e+00
    endloop
  endfacet
  facet normal -1.305262e-01 -9.914449e-01 0.000000e+00
    outer loop
      vertex   -7.755589e+01 -1.450256e+02 1.000000e+00
      vertex   -7.755589e+01 -1.450256e+02 2.000000e+00
      vertex   -7.775000e+01 -1.450000e+02 1.000000e+00
    endloop
  endfacet
  facet normal -1.305262e-01 -9.914449e-01 0.000000e+00
    outer loop
      vertex   -7.775000e+01 -1.450000e+02 1.000000e+00
      vertex   -7.755589e+01 -1.450256e+02 2.000000e+00
      vertex   -7.775000e+01 -1.450000e+02 2.000000e+00
    endloop
  endfacet
  facet normal -0.000000e+00 -1.000000e+00 -0.000000e+00
    outer loop
      vertex   -7.775000e+01 -1.450000e+02 2.000000e+00
      vertex   -7.825000e+01 -1.450000e+02 2.000000e+00
      vertex   -7.775000e+01 -1.450000e+02 1.000000e+00
    endloop
  endfacet
  facet normal 0.000000e+00 -1.000000e+00 0.000000e+00
    outer loop
      vertex   -7.775000e+01 -1.450000e+02 1.000000e+00
      vertex   -7.825000e+01 -1.450000e+02 2.000000e+00
      vertex   -7.825000e+01 -1.450000e+02 1.000000e+00
    endloop
  endfacet
  facet normal 1.305262e-01 -9.914449e-01 0.000000e+00
    outer loop
      vertex   -7.825000e+01 -1.450000e+02 1.000000e+00
      vertex   -7.825000e+01 -1.450000e+02 2.000000e+00
      vertex   -7.844412e+01 -1.450256e+02 1.000000e+00
    endloop
  endfacet
  facet normal 1.305262e-01 -9.914449e-01 0.000000e+00
    outer loop
      vertex   -7.844412e+01 -1.450256e+02 1.000000e+00
      vertex   -7.825000e+01 -1.450000e+02 2.000000e+00
      vertex   -7.844412e+01 -1.450256e+02 2.000000e+00
    endloop
  endfacet
  facet normal 3.826834e-01 -9.238795e-01 0.000000e+00
    outer loop
      vertex   -7.844412e+01 -1.450256e+02 1.000000e+00
      vertex   -7.844412e+01 -1.450256e+02 2.000000e+00
      vertex   -7.862500e+01 -1.451005e+02 1.000000e+00
    endloop
  endfacet
  facet normal 3.826834e-01 -9.238795e-01 0.000000e+00
    outer loop
      vertex   -7.862500e+01 -1.451005e+02 1.000000e+00
      vertex   -7.844412e+01 -1.450256e+02 2.000000e+00
      vertex   -7.862500e+01 -1.451005e+02 2.000000e+00
    endloop
  endfacet
  facet normal 6.087614e-01 -7.933533e-01 0.000000e+00
    outer loop
      vertex   -7.862500e+01 -1.451005e+02 1.000000e+00
      vertex   -7.862500e+01 -1.451005e+02 2.000000e+00
      vertex   -7.878033e+01 -1.452197e+02 1.000000e+00
    endloop
  endfacet
  facet normal 6.087614e-01 -7.933533e-01 0.000000e+00
    outer loop
      vertex   -7.878033e+01 -1.452197e+02 1.000000e+00
      vertex   -7.862500e+01 -1.451005e+02 2.000000e+00
      vertex   -7.878033e+01 -1.452197e+02 2.000000e+00
    endloop
  endfacet
  facet normal 7.933533e-01 -6.087614e-01 0.000000e+00
    outer loop
      vertex   -7.878033e+01 -1.452197e+02 1.000000e+00
      vertex   -7.878033e+01 -1.452197e+02 2.000000e+00
      vertex   -7.889952e+01 -1.453750e+02 1.000000e+00
    endloop
  endfacet
  facet normal 7.933533e-01 -6.087614e-01 0.000000e+00
    outer loop
      vertex   -7.889952e+01 -1.453750e+02 1.000000e+00
      vertex   -7.878033e+01 -1.452197e+02 2.000000e+00
      vertex   -7.889952e+01 -1.453750e+02 2.000000e+00
    endloop
  endfacet
  facet normal 9.238795e-01 -3.826834e-01 0.000000e+00
    outer loop
      vertex   -7.889952e+01 -1.453750e+02 1.000000e+00
      vertex   -7.889952e+01 -1.453750e+02 2.000000e+00
      vertex   -7.897445e+01 -1.455559e+02 1.000000e+00
    endloop
  endfacet
  facet normal 9.238795e-01 -3.826834e-01 0.000000e+00
    outer loop
      vertex   -7.897445e+01 -1.455559e+02 1.000000e+00
      vertex   -7.889952e+01 -1.453750e+02 2.000000e+00
      vertex   -7.897445e+01 -1.455559e+02 2.000000e+00
    endloop
  endfacet
  facet normal 9.914449e-01 -1.305262e-01 0.000000e+00
    outer loop
      vertex   -7.897445e+01 -1.455559e+02 1.000000e+00
      vertex   -7.897445e+01 -1.455559e+02 2.000000e+00
      vertex   -7.900000e+01 -1.457500e+02 1.000000e+00
    endloop
  endfacet
  facet normal 9.914449e-01 -1.305262e-01 0.000000e+00
    outer loop
      vertex   -7.900000e+01 -1.457500e+02 1.000000e+00
      vertex   -7.897445e+01 -1.455559e+02 2.000000e+00
      vertex   -7.900000e+01 -1.457500e+02 2.000000e+00
    endloop
  endfacet
  facet normal 1.000000e+00 0.000000e+00 0.000000e+00
    outer loop
      vertex   -7.900000e+01 -1.457500e+02 2.000000e+00
      vertex   -7.900000e+01 -1.642500e+02 2.000000e+00
      vertex   -7.900000e+01 -1.457500e+02 1.000000e+00
    endloop
  endfacet
  facet normal 1.000000e+00 0.000000e+00 0.000000e+00
    outer loop
      vertex   -7.900000e+01 -1.457500e+02 1.000000e+00
      vertex   -7.900000e+01 -1.642500e+02 2.000000e+00
      vertex   -7.900000e+01 -1.642500e+02 1.000000e+00
    endloop
  endfacet
  facet normal 9.914449e-01 -1.305262e-01 0.000000e+00
    outer loop
      vertex   -7.900000e+01 -1.642500e+02 1.000000e+00
      vertex   -7.900000e+01 -1.642500e+02 2.000000e+00
      vertex   -7.902556e+01 -1.644441e+02 1.000000e+00
    endloop
  endfacet
  facet normal 9.914449e-01 -1.305262e-01 0.000000e+00
    outer loop
      vertex   -7.902556e+01 -1.644441e+02 1.000000e+00
      vertex   -7.900000e+01 -1.642500e+02 2.000000e+00
      vertex   -7.902556e+01 -1.644441e+02 2.000000e+00
    endloop
  endfacet
  facet normal 9.238795e-01 -3.826834e-01 0.000000e+00
    outer loop
      vertex   -7.902556e+01 -1.644441e+02 1.000000e+00
      vertex   -7.902556e+01 -1.644441e+02 2.000000e+00
      vertex   -7.910048e+01 -1.646250e+02 1.000000e+00
    endloop
  endfacet
  facet normal 9.238795e-01 -3.826834e-01 0.000000e+00
    outer loop
      vertex   -7.910048e+01 -1.646250e+02 1.000000e+00
      vertex   -7.902556e+01 -1.644441e+02 2.000000e+00
      vertex   -7.910048e+01 -1.646250e+02 2.000000e+00
    endloop
  endfacet
  facet normal 7.933533e-01 -6.087614e-01 0.000000e+00
    outer loop
      vertex   -7.910048e+01 -1.646250e+02 1.000000e+00
      vertex   -7.910048e+01 -1.646250e+02 2.000000e+00
      vertex   -7.921967e+01 -1.647803e+02 1.000000e+00
    endloop
  endfacet
  facet normal 7.933533e-01 -6.087614e-01 0.000000e+00
    outer loop
      vertex   -7.921967e+01 -1.647803e+02 1.000000e+00
      vertex   -7.910048e+01 -1.646250e+02 2.000000e+00
      vertex   -7.921967e+01 -1.647803e+02 2.000000e+00
    endloop
  endfacet
  facet normal 6.087614e-01 -7.933533e-01 0.000000e+00
    outer loop
      vertex   -7.921967e+01 -1.647803e+02 1.000000e+00
      vertex   -7.921967e+01 -1.647803e+02 2.000000e+00
      vertex   -7.937500e+01 -1.648995e+02 1.000000e+00
    endloop
  endfacet
  facet normal 6.087614e-01 -7.933533e-01 0.000000e+00
    outer loop
      vertex   -7.937500e+01 -1.648995e+02 1.000000e+00
      vertex   -7.921967e+01 -1.647803e+02 2.000000e+00
      vertex   -7.937500e+01 -1.648995e+02 2.000000e+00
    endloop
  endfacet
  facet normal 3.826834e-01 -9.238795e-01 0.000000e+00
    outer loop
      vertex   -7.937500e+01 -1.648995e+02 1.000000e+00
      vertex   -7.937500e+01 -1.648995e+02 2.000000e+00
      vertex   -7.955589e+01 -1.649744e+02 1.000000e+00
    endloop
  endfacet
  facet normal 3.826834e-01 -9.238795e-01 0.000000e+00
    outer loop
      vertex   -7.955589e+01 -1.649744e+02 1.000000e+00
      vertex   -7.937500e+01 -1.648995e+02 2.000000e+00
      vertex   -7.955589e+01 -1.649744e+02 2.000000e+00
    endloop
  endfacet
  facet normal 1.305262e-01 -9.914449e-01 0.000000e+00
    outer loop
      vertex   -7.955589e+01 -1.649744e+02 1.000000e+00
      vertex   -7.955589e+01 -1.649744e+02 2.000000e+00
      vertex   -7.975000e+01 -1.650000e+02 1.000000e+00
    endloop
  endfacet
  facet normal 1.305262e-01 -9.914449e-01 0.000000e+00
    outer loop
      vertex   -7.975000e+01 -1.650000e+02 1.000000e+00
      vertex   -7.955589e+01 -1.649744e+02 2.000000e+00
      vertex   -7.975000e+01 -1.650000e+02 2.000000e+00
    endloop
  endfacet
  facet normal 5.684342e-14 -1.000000e+00 0.000000e+00
    outer loop
      vertex   -7.975000e+01 -1.650000e+02 2.000000e+00
      vertex   -8.025000e+01 -1.650000e+02 2.000000e+00
      vertex   -7.975000e+01 -1.650000e+02 1.000000e+00
    endloop
  endfacet
  facet normal 5.684342e-14 -1.000000e+00 0.000000e+00
    outer loop
      vertex   -7.975000e+01 -1.650000e+02 1.000000e+00
      vertex   -8.025000e+01 -1.650000e+02 2.000000e+00
      vertex   -8.025000e+01 -1.650000e+02 1.000000e+00
    endloop
  endfacet
  facet normal -1.305262e-01 -9.914449e-01 0.000000e+00
    outer loop
      vertex   -8.025000e+01 -1.650000e+02 1.000000e+00
      vertex   -8.025000e+01 -1.650000e+02 2.000000e+00
      vertex   -8.044412e+01 -1.649744e+02 1.000000e+00
    endloop
  endfacet
  facet normal -1.305262e-01 -9.914449e-01 0.000000e+00
    outer loop
      vertex   -8.044412e+01 -1.649744e+02 1.000000e+00
      vertex   -8.025000e+01 -1.650000e+02 2.000000e+00
      vertex   -8.044412e+01 -1.649744e+02 2.000000e+00
    endloop
  endfacet
  facet normal -3.826834e-01 -9.238795e-01 0.000000e+00
    outer loop
      vertex   -8.044412e+01 -1.649744e+02 1.000000e+00
      vertex   -8.044412e+01 -1.649744e+02 2.000000e+00
      vertex   -8.062500e+01 -1.648995e+02 1.000000e+00
    endloop
  endfacet
  facet normal -3.826834e-01 -9.238795e-01 0.000000e+00
    outer loop
      vertex   -8.062500e+01 -1.648995e+02 1.000000e+00
      vertex   -8.044412e+01 -1.649744e+02 2.000000e+00
      vertex   -8.062500e+01 -1.648995e+02 2.000000e+00
    endloop
  endfacet
  facet normal -6.087614e-01 -7.933533e-01 0.000000e+00
    outer loop
      vertex   -8.062500e+01 -1.648995e+02 1.000000e+00
      vertex   -8.062500e+01 -1.648995e+02 2.000000e+00
      vertex   -8.078033e+01 -1.647803e+02 1.000000e+00
    endloop
  endfacet
  facet normal -6.087614e-01 -7.933533e-01 0.000000e+00
    outer loop
      vertex   -8.078033e+01 -1.647803e+02 1.000000e+00
      vertex   -8.062500e+01 -1.648995e+02 2.000000e+00
      vertex   -8.078033e+01 -1.647803e+02 2.000000e+00
    endloop
  endfacet
  facet normal -7.933533e-01 -6.087614e-01 0.000000e+00
    outer loop
      vertex   -8.078033e+01 -1.647803e+02 1.000000e+00
      vertex   -8.078033e+01 -1.647803e+02 2.000000e+00
      vertex   -8.089952e+01 -1.646250e+02 1.000000e+00
    endloop
  endfacet
  facet normal -7.933533e-01 -6.087614e-01 0.000000e+00
    outer loop
      vertex   -8.089952e+01 -1.646250e+02 1.000000e+00
      vertex   -8.078033e+01 -1.647803e+02 2.000000e+00
      vertex   -8.089952e+01 -1.646250e+02 2.000000e+00
    endloop
  endfacet
  facet normal -9.238795e-01 -3.826834e-01 0.000000e+00
    outer loop
      vertex   -8.089952e+01 -1.646250e+02 1.000000e+00
      vertex   -8.089952e+01 -1.646250e+02 2.000000e+00
      vertex   -8.097445e+01 -1.644441e+02 1.000000e+00
    endloop
  endfacet
  facet normal -9.238795e-01 -3.826834e-01 0.000000e+00
    outer loop
      vertex   -8.097445e+01 -1.644441e+02 1.000000e+00
      vertex   -8.089952e+01 -1.646250e+02 2.000000e+00
      vertex   -8.097445e+01 -1.644441e+02 2.000000e+00
    endloop
  endfacet
  facet normal -9.914449e-01 -1.305262e-01 0.000000e+00
    outer loop
      vertex   -8.097445e+01 -1.644441e+02 1.000000e+00
      vertex   -8.097445e+01 -1.644441e+02 2.000000e+00
      vertex   -8.100000e+01 -1.642500e+02 1.000000e+00
    endloop
  endfacet
  facet normal -9.914449e-01 -1.305262e-01 0.000000e+00
    outer loop
      vertex   -8.100000e+01 -1.642500e+02 1.000000e+00
      vertex   -8.097445e+01 -1.644441e+02 2.000000e+00
      vertex   -8.100000e+01 -1.642500e+02 2.000000e+00
    endloop
  endfacet
  facet normal -1.000000e+00 0.000000e+00 0.000000e+00
    outer loop
      vertex   -8.100000e+01 -1.642500e+02 2.000000e+00
      vertex   -8.100000e+01 -1.457500e+02 2.000000e+00
      vertex   -8.100000e+01 -1.642500e+02 1.000000e+00
    endloop
  endfacet
  facet normal -1.000000e+00 0.000000e+00 0.000000e+00
    outer loop
      vertex   -8.100000e+01 -1.642500e+02 1.000000e+00
      vertex   -8.100000e+01 -1.457500e+02 2.000000e+00
      vertex   -8.100000e+01 -1.457500e+02 1.000000e+00
    endloop
  endfacet
  facet normal -9.914449e-01 -1.305262e-01 0.000000e+00
    outer loop
      vertex   -8.100000e+01 -1.457500e+02 1.000000e+00
      vertex   -8.100000e+01 -1.457500e+02 2.000000e+00
      vertex   -8.102556e+01 -1.455559e+02 1.000000e+00
    endloop
  endfacet
  facet normal -9.914449e-01 -1.305262e-01 0.000000e+00
    outer loop
      vertex   -8.102556e+01 -1.455559e+02 1.000000e+00
      vertex   -8.100000e+01 -1.457500e+02 2.000000e+00
      vertex   -8.102556e+01 -1.455559e+02 2.000000e+00
    endloop
  endfacet
  facet normal -9.238795e-01 -3.826834e-01 0.000000e+00
    outer loop
      vertex   -8.102556e+01 -1.455559e+02 1.000000e+00
      vertex   -8.102556e+01 -1.455559e+02 2.000000e+00
      vertex   -8.110048e+01 -1.453750e+02 1.000000e+00
    endloop
  endfacet
  facet normal -9.238795e-01 -3.826834e-01 0.000000e+00
    outer loop
      vertex   -8.110048e+01 -1.453750e+02 1.000000e+00
      vertex   -8.102556e+01 -1.455559e+02 2.000000e+00
      vertex   -8.110048e+01 -1.453750e+02 2.000000e+00
    endloop
  endfacet
  facet normal -7.933533e-01 -6.087614e-01 0.000000e+00
    outer loop
      vertex   -8.110048e+01 -1.453750e+02 1.000000e+00
      vertex   -8.110048e+01 -1.453750e+02 2.000000e+00
      vertex   -8.121967e+01 -1.452197e+02 1.000000e+00
    endloop
  endfacet
  facet normal -7.933533e-01 -6.087614e-01 0.000000e+00
    outer loop
      vertex   -8.121967e+01 -1.452197e+02 1.000000e+00
      vertex   -8.110048e+01 -1.453750e+02 2.000000e+00
      vertex   -8.121967e+01 -1.452197e+02 2.000000e+00
    endloop
  endfacet
  facet normal -6.087614e-01 -7.933533e-01 0.000000e+00
    outer loop
      vertex   -8.121967e+01 -1.452197e+02 1.000000e+00
      vertex   -8.121967e+01 -1.452197e+02 2.000000e+00
      vertex   -8.137500e+01 -1.451005e+02 1.000000e+00
    endloop
  endfacet
  facet normal -6.087614e-01 -7.933533e-01 0.000000e+00
    outer loop
      vertex   -8.137500e+01 -1.451005e+02 1.000000e+00
      vertex   -8.121967e+01 -1.452197e+02 2.000000e+00
      vertex   -8.137500e+01 -1.451005e+02 2.000000e+00
    endloop
  endfacet
  facet normal -3.826834e-01 -9.238795e-01 0.000000e+00
    outer loop
      vertex   -8.137500e+01 -1.451005e+02 1.000000e+00
      vertex   -8.137500e+01 -1.451005e+02 2.000000e+00
      vertex   -8.155589e+01 -1.450256e+02 1.000000e+00
    endloop
  endfacet
  facet normal -3.826834e-01 -9.238795e-01 0.000000e+00
    outer loop
      vertex   -8.155589e+01 -1.450256e+02 1.000000e+00
      vertex   -8.137500e+01 -1.451005e+02 2.000000e+00
      vertex   -8.155589e+01 -1.450256e+02 2.000000e+00
    endloop
  endfacet
  facet normal -1.305262e-01 -9.914449e-01 0.000000e+00
    outer loop
      vertex   -8.155589e+01 -1.450256e+02 1.000000e+00
      vertex   -8.155589e+01 -1.450256e+02 2.000000e+00
      vertex   -8.175000e+01 -1.450000e+02 1.000000e+00
    endloop
  endfacet
  facet normal -1.305262e-01 -9.914449e-01 0.000000e+00
    outer loop
      vertex   -8.175000e+01 -1.450000e+02 1.000000e+00
      vertex   -8.155589e+01 -1.450256e+02 2.000000e+00
      vertex   -8.175000e+01 -1.450000e+02 2.000000e+00
    endloop
  endfacet
  facet normal -0.000000e+00 -1.000000e+00 -0.000000e+00
    outer loop
      vertex   -8.175000e+01 -1.450000e+02 2.000000e+00
      vertex   -8.225000e+01 -1.450000e+02 2.000000e+00
      vertex   -8.175000e+01 -1.450000e+02 1.000000e+00
    endloop
  endfacet
  facet normal 0.000000e+00 -1.000000e+00 0.000000e+00
    outer loop
      vertex   -8.175000e+01 -1.450000e+02 1.000000e+00
      vertex   -8.225000e+01 -1.450000e+02 2.000000e+00
      vertex   -8.225000e+01 -1.450000e+02 1.000000e+00
    endloop
  endfacet
  facet normal 1.305262e-01 -9.914449e-01 0.000000e+00
    outer loop
      vertex   -8.225000e+01 -1.450000e+02 1.000000e+00
      vertex   -8.225000e+01 -1.450000e+02 2.000000e+00
      vertex   -8.244412e+01 -1.450256e+02 1.000000e+00
    endloop
  endfacet
  facet normal 1.305262e-01 -9.914449e-01 0.000000e+00
    outer loop
      vertex   -8.244412e+01 -1.450256e+02 1.000000e+00
      vertex   -8.225000e+01 -1.450000e+02 2.000000e+00
      vertex   -8.244412e+01 -1.450256e+02 2.000000e+00
    endloop
  endfacet
  facet normal 3.826834e-01 -9.238795e-01 0.000000e+00
    outer loop
      vertex   -8.244412e+01 -1.450256e+02 1.000000e+00
      vertex   -8.244412e+01 -1.450256e+02 2.000000e+00
      vertex   -8.262500e+01 -1.451005e+02 1.000000e+00
    endloop
  endfacet
  facet normal 3.826834e-01 -9.238795e-01 0.000000e+00
    outer loop
      vertex   -8.262500e+01 -1.451005e+02 1.000000e+00
      vertex   -8.244412e+01 -1.450256e+02 2.000000e+00
      vertex   -8.262500e+01 -1.451005e+02 2.000000e+00
    endloop
  endfacet
  facet normal 6.087614e-01 -7.933533e-01 0.000000e+00
    outer loop
      vertex   -8.262500e+01 -1.451005e+02 1.000000e+00
      vertex   -8.262500e+01 -1.451005e+02 2.000000e+00
      vertex   -8.278033e+01 -1.452197e+02 1.000000e+00
    endloop
  endfacet
  facet normal 6.087614e-01 -7.933533e-01 0.000000e+00
    outer loop
      vertex   -8.278033e+01 -1.452197e+02 1.000000e+00
      vertex   -8.262500e+01 -1.451005e+02 2.000000e+00
      vertex   -8.278033e+01 -1.452197e+02 2.000000e+00
    endloop
  endfacet
  facet normal 7.933533e-01 -6.087614e-01 0.000000e+00
    outer loop
      vertex   -8.278033e+01 -1.452197e+02 1.000000e+00
      vertex   -8.278033e+01 -1.452197e+02 2.000000e+00
      vertex   -8.289952e+01 -1.453750e+02 1.000000e+00
    endloop
  endfacet
  facet normal 7.933533e-01 -6.087614e-01 0.000000e+00
    outer loop
      vertex   -8.289952e+01 -1.453750e+02 1.000000e+00
      vertex   -8.278033e+01 -1.452197e+02 2.000000e+00
      vertex   -8.289952e+01 -1.453750e+02 2.000000e+00
    endloop
  endfacet
  facet normal 9.238795e-01 -3.826834e-01 0.000000e+00
    outer loop
      vertex   -8.289952e+01 -1.453750e+02 1.000000e+00
      vertex   -8.289952e+01 -1.453750e+02 2.000000e+00
      vertex   -8.297445e+01 -1.455559e+02 1.000000e+00
    endloop
  endfacet
  facet normal 9.238795e-01 -3.826834e-01 0.000000e+00
    outer loop
      vertex   -8.297445e+01 -1.455559e+02 1.000000e+00
      vertex   -8.289952e+01 -1.453750e+02 2.000000e+00
      vertex   -8.297445e+01 -1.455559e+02 2.000000e+00
    endloop
  endfacet
  facet normal 9.914449e-01 -1.305262e-01 0.000000e+00
    outer loop
      vertex   -8.297445e+01 -1.455559e+02 1.000000e+00
      vertex   -8.297445e+01 -1.455559e+02 2.000000e+00
      vertex   -8.300000e+01 -1.457500e+02 1.000000e+00
    endloop
  endfacet
  facet normal 9.914449e-01 -1.305262e-01 0.000000e+00
    outer loop
      vertex   -8.300000e+01 -1.457500e+02 1.000000e+00
      vertex   -8.297445e+01 -1.455559e+02 2.000000e+00
      vertex   -8.300000e+01 -1.457500e+02 2.000000e+00
    endloop
  endfacet
  facet normal 1.000000e+00 -7.681543e-16 0.000000e+00
    outer loop
      vertex   -8.300000e+01 -1.457500e+02 2.000000e+00
      vertex   -8.300000e+01 -1.642500e+02 2.000000e+00
      vertex   -8.300000e+01 -1.457500e+02 1.000000e+00
    endloop
  endfacet
  facet normal 1.000000e+00 -7.681543e-16 0.000000e+00
    outer loop
      vertex   -8.300000e+01 -1.457500e+02 1.000000e+00
      vertex   -8.300000e+01 -1.642500e+02 2.000000e+00
      vertex   -8.300000e+01 -1.642500e+02 1.000000e+00
    endloop
  endfacet
  facet normal 9.914449e-01 -1.305262e-01 0.000000e+00
    outer loop
      vertex   -8.300000e+01 -1.642500e+02 1.000000e+00
      vertex   -8.300000e+01 -1.642500e+02 2.000000e+00
      vertex   -8.302556e+01 -1.644441e+02 1.000000e+00
    endloop
  endfacet
  facet normal 9.914449e-01 -1.305262e-01 0.000000e+00
    outer loop
      vertex   -8.302556e+01 -1.644441e+02 1.000000e+00
      vertex   -8.300000e+01 -1.642500e+02 2.000000e+00
      vertex   -8.302556e+01 -1.644441e+02 2.000000e+00
    endloop
  endfacet
  facet normal 9.238795e-01 -3.826834e-01 0.000000e+00
    outer loop
      vertex   -8.302556e+01 -1.644441e+02 1.000000e+00
      vertex   -8.302556e+01 -1.644441e+02 2.000000e+00
      vertex   -8.310048e+01 -1.646250e+02 1.000000e+00
    endloop
  endfacet
  facet normal 9.238795e-01 -3.826834e-01 0.000000e+00
    outer loop
      vertex   -8.310048e+01 -1.646250e+02 1.000000e+00
      vertex   -8.302556e+01 -1.644441e+02 2.000000e+00
      vertex   -8.310048e+01 -1.646250e+02 2.000000e+00
    endloop
  endfacet
  facet normal 7.933533e-01 -6.087614e-01 0.000000e+00
    outer loop
      vertex   -8.310048e+01 -1.646250e+02 1.000000e+00
      vertex   -8.310048e+01 -1.646250e+02 2.000000e+00
      vertex   -8.321967e+01 -1.647803e+02 1.000000e+00
    endloop
  endfacet
  facet normal 7.933533e-01 -6.087614e-01 0.000000e+00
    outer loop
      vertex   -8.321967e+01 -1.647803e+02 1.000000e+00
      vertex   -8.310048e+01 -1.646250e+02 2.000000e+00
      vertex   -8.321967e+01 -1.647803e+02 2.000000e+00
    endloop
  endfacet
  facet normal 6.087614e-01 -7.933533e-01 0.000000e+00
    outer loop
      vertex   -8.321967e+01 -1.647803e+02 1.000000e+00
      vertex   -8.321967e+01 -1.647803e+02 2.000000e+00
      vertex   -8.337500e+01 -1.648995e+02 1.000000e+00
    endloop
  endfacet
  facet normal 6.087614e-01 -7.933533e-01 0.000000e+00
    outer loop
      vertex   -8.337500e+01 -1.648995e+02 1.000000e+00
      vertex   -8.321967e+01 -1.647803e+02 2.000000e+00
      vertex   -8.337500e+01 -1.648995e+02 2.000000e+00
    endloop
  endfacet
  facet normal 3.826834e-01 -9.238795e-01 0.000000e+00
    outer loop
      vertex   -8.337500e+01 -1.648995e+02 1.000000e+00
      vertex   -8.337500e+01 -1.648995e+02 2.000000e+00
      vertex   -8.355589e+01 -1.649744e+02 1.000000e+00
    endloop
  endfacet
  facet normal 3.826834e-01 -9.238795e-01 0.000000e+00
    outer loop
      vertex   -8.355589e+01 -1.649744e+02 1.000000e+00
      vertex   -8.337500e+01 -1.648995e+02 2.000000e+00
      vertex   -8.355589e+01 -1.649744e+02 2.000000e+00
    endloop
  endfacet
  facet normal 1.305262e-01 -9.914449e-01 0.000000e+00
    outer loop
      vertex   -8.355589e+01 -1.649744e+02 1.000000e+00
      vertex   -8.355589e+01 -1.649744e+02 2.000000e+00
      vertex   -8.375000e+01 -1.650000e+02 1.000000e+00
    endloop
  endfacet
  facet normal 1.305262e-01 -9.914449e-01 0.000000e+00
    outer loop
      vertex   -8.375000e+01 -1.650000e+02 1.000000e+00
      vertex   -8.355589e+01 -1.649744e+02 2.000000e+00
      vertex   -8.375000e+01 -1.650000e+02 2.000000e+00
    endloop
  endfacet
  facet normal -0.000000e+00 -1.000000e+00 -0.000000e+00
    outer loop
      vertex   -8.375000e+01 -1.650000e+02 2.000000e+00
      vertex   -8.425000e+01 -1.650000e+02 2.000000e+00
      vertex   -8.375000e+01 -1.650000e+02 1.000000e+00
    endloop
  endfacet
  facet normal 0.000000e+00 -1.000000e+00 0.000000e+00
    outer loop
      vertex   -8.375000e+01 -1.650000e+02 1.000000e+00
      vertex   -8.425000e+01 -1.650000e+02 2.000000e+00
      vertex   -8.425000e+01 -1.650000e+02 1.000000e+00
    endloop
  endfacet
  facet normal -1.305262e-01 -9.914449e-01 0.000000e+00
    outer loop
      vertex   -8.425000e+01 -1.650000e+02 1.000000e+00
      vertex   -8.425000e+01 -1.650000e+02 2.000000e+00
      vertex   -8.444412e+01 -1.649744e+02 1.000000e+00
    endloop
  endfacet
  facet normal -1.305262e-01 -9.914449e-01 0.000000e+00
    outer loop
      vertex   -8.444412e+01 -1.649744e+02 1.000000e+00
      vertex   -8.425000e+01 -1.650000e+02 2.000000e+00
      vertex   -8.444412e+01 -1.649744e+02 2.000000e+00
    endloop
  endfacet
  facet normal -3.826834e-01 -9.238795e-01 0.000000e+00
    outer loop
      vertex   -8.444412e+01 -1.649744e+02 1.000000e+00
      vertex   -8.444412e+01 -1.649744e+02 2.000000e+00
      vertex   -8.462500e+01 -1.648995e+02 1.000000e+00
    endloop
  endfacet
  facet normal -3.826834e-01 -9.238795e-01 0.000000e+00
    outer loop
      vertex   -8.462500e+01 -1.648995e+02 1.000000e+00
      vertex   -8.444412e+01 -1.649744e+02 2.000000e+00
      vertex   -8.462500e+01 -1.648995e+02 2.000000e+00
    endloop
  endfacet
  facet normal -6.087614e-01 -7.933533e-01 0.000000e+00
    outer loop
      vertex   -8.462500e+01 -1.648995e+02 1.000000e+00
      vertex   -8.462500e+01 -1.648995e+02 2.000000e+00
      vertex   -8.478033e+01 -1.647803e+02 1.000000e+00
    endloop
  endfacet
  facet normal -6.087614e-01 -7.933533e-01 0.000000e+00
    outer loop
      vertex   -8.478033e+01 -1.647803e+02 1.000000e+00
      vertex   -8.462500e+01 -1.648995e+02 2.000000e+00
      vertex   -8.478033e+01 -1.647803e+02 2.000000e+00
    endloop
  endfacet
  facet normal -7.933533e-01 -6.087614e-01 0.000000e+00
    outer loop
      vertex   -8.478033e+01 -1.647803e+02 1.000000e+00
      vertex   -8.478033e+01 -1.647803e+02 2.000000e+00
      vertex   -8.489952e+01 -1.646250e+02 1.000000e+00
    endloop
  endfacet
  facet normal -7.933533e-01 -6.087614e-01 0.000000e+00
    outer loop
      vertex   -8.489952e+01 -1.646250e+02 1.000000e+00
      vertex   -8.478033e+01 -1.647803e+02 2.000000e+00
      vertex   -8.489952e+01 -1.646250e+02 2.000000e+00
    endloop
  endfacet
  facet normal -9.238795e-01 -3.826834e-01 0.000000e+00
    outer loop
      vertex   -8.489952e+01 -1.646250e+02 1.000000e+00
      vertex   -8.489952e+01 -1.646250e+02 2.000000e+00
      vertex   -8.497445e+01 -1.644441e+02 1.000000e+00
    endloop
  endfacet
  facet normal -9.238795e-01 -3.826834e-01 0.000000e+00
    outer loop
      vertex   -8.497445e+01 -1.644441e+02 1.000000e+00
      vertex   -8.489952e+01 -1.646250e+02 2.000000e+00
      vertex   -8.497445e+01 -1.644441e+02 2.000000e+00
    endloop
  endfacet
  facet normal -9.914449e-01 -1.305262e-01 0.000000e+00
    outer loop
      vertex   -8.497445e+01 -1.644441e+02 1.000000e+00
      vertex   -8.497445e+01 -1.644441e+02 2.000000e+00
      vertex   -8.500000e+01 -1.642500e+02 1.000000e+00
    endloop
  endfacet
  facet normal -9.914449e-01 -1.305262e-01 0.000000e+00
    outer loop
      vertex   -8.500000e+01 -1.642500e+02 1.000000e+00
      vertex   -8.497445e+01 -1.644441e+02 2.000000e+00
      vertex   -8.500000e+01 -1.642500e+02 2.000000e+00
    endloop
  endfacet
  facet normal -1.000000e+00 0.000000e+00 0.000000e+00
    outer loop
      vertex   -8.500000e+01 -1.642500e+02 2.000000e+00
      vertex   -8.500000e+01 -1.457500e+02 2.000000e+00
      vertex   -8.500000e+01 -1.642500e+02 1.000000e+00
    endloop
  endfacet
  facet normal -1.000000e+00 0.000000e+00 0.000000e+00
    outer loop
      vertex   -8.500000e+01 -1.642500e+02 1.000000e+00
      vertex   -8.500000e+01 -1.457500e+02 2.000000e+00
      vertex   -8.500000e+01 -1.457500e+02 1.000000e+00
    endloop
  endfacet
  facet normal -9.914449e-01 -1.305262e-01 0.000000e+00
    outer loop
      vertex   -8.500000e+01 -1.457500e+02 1.000000e+00
      vertex   -8.500000e+01 -1.457500e+02 2.000000e+00
      vertex   -8.502556e+01 -1.455559e+02 1.000000e+00
    endloop
  endfacet
  facet normal -9.914449e-01 -1.305262e-01 0.000000e+00
    outer loop
      vertex   -8.502556e+01 -1.455559e+02 1.000000e+00
      vertex   -8.500000e+01 -1.457500e+02 2.000000e+00
      vertex   -8.502556e+01 -1.455559e+02 2.000000e+00
    endloop
  endfacet
  facet normal -9.238795e-01 -3.826834e-01 0.000000e+00
    outer loop
      vertex   -8.502556e+01 -1.455559e+02 1.000000e+00
      vertex   -8.502556e+01 -1.455559e+02 2.000000e+00
      vertex   -8.510048e+01 -1.453750e+02 1.000000e+00
    endloop
  endfacet
  facet normal -9.238795e-01 -3.826834e-01 0.000000e+00
    outer loop
      vertex   -8.510048e+01 -1.453750e+02 1.000000e+00
      vertex   -8.502556e+01 -1.455559e+02 2.000000e+00
      vertex   -8.510048e+01 -1.453750e+02 2.000000e+00
    endloop
  endfacet
  facet normal -7.933533e-01 -6.087614e-01 0.000000e+00
    outer loop
      vertex   -8.510048e+01 -1.453750e+02 1.000000e+00
      vertex   -8.510048e+01 -1.453750e+02 2.000000e+00
      vertex   -8.521967e+01 -1.452197e+02 1.000000e+00
    endloop
  endfacet
  facet normal -7.933533e-01 -6.087614e-01 0.000000e+00
    outer loop
      vertex   -8.521967e+01 -1.452197e+02 1.000000e+00
      vertex   -8.510048e+01 -1.453750e+02 2.000000e+00
      vertex   -8.521967e+01 -1.452197e+02 2.000000e+00
    endloop
  endfacet
  facet normal -6.087614e-01 -7.933533e-01 0.000000e+00
    outer loop
      vertex   -8.521967e+01 -1.452197e+02 1.000000e+00
      vertex   -8.521967e+01 -1.452197e+02 2.000000e+00
      vertex   -8.537500e+01 -1.451005e+02 1.000000e+00
    endloop
  endfacet
  facet normal -6.087614e-01 -7.933533e-01 0.000000e+00
    outer loop
      vertex   -8.537500e+01 -1.451005e+02 1.000000e+00
      vertex   -8.521967e+01 -1.452197e+02 2.000000e+00
      vertex   -8.537500e+01 -1.451005e+02 2.000000e+00
    endloop
  endfacet
  facet normal -3.826834e-01 -9.238795e-01 0.000000e+00
    outer loop
      vertex   -8.537500e+01 -1.451005e+02 1.000000e+00
      vertex   -8.537500e+01 -1.451005e+02 2.000000e+00
      vertex   -8.555589e+01 -1.450256e+02 1.000000e+00
    endloop
  endfacet
  facet normal -3.826834e-01 -9.238795e-01 0.000000e+00
    outer loop
      vertex   -8.555589e+01 -1.450256e+02 1.000000e+00
      vertex   -8.537500e+01 -1.451005e+02 2.000000e+00
      vertex   -8.555589e+01 -1.450256e+02 2.000000e+00
    endloop
  endfacet
  facet normal -1.305262e-01 -9.914449e-01 0.000000e+00
    outer loop
      vertex   -8.555589e+01 -1.450256e+02 1.000000e+00
      vertex   -8.555589e+01 -1.450256e+02 2.000000e+00
      vertex   -8.575000e+01 -1.450000e+02 1.000000e+00
    endloop
  endfacet
  facet normal -1.305262e-01 -9.914449e-01 0.000000e+00
    outer loop
      vertex   -8.575000e+01 -1.450000e+02 1.000000e+00
      vertex   -8.555589e+01 -1.450256e+02 2.000000e+00
      vertex   -8.575000e+01 -1.450000e+02 2.000000e+00
    endloop
  endfacet
  facet normal 5.684342e-14 -1.000000e+00 0.000000e+00
    outer loop
      vertex   -8.575000e+01 -1.450000e+02 2.000000e+00
      vertex   -8.625000e+01 -1.450000e+02 2.000000e+00
      vertex   -8.575000e+01 -1.450000e+02 1.000000e+00
    endloop
  endfacet
  facet normal 5.684342e-14 -1.000000e+00 0.000000e+00
    outer loop
      vertex   -8.575000e+01 -1.450000e+02 1.000000e+00
      vertex   -8.625000e+01 -1.450000e+02 2.000000e+00
      vertex   -8.625000e+01 -1.450000e+02 1.000000e+00
    endloop
  endfacet
  facet normal 1.305262e-01 -9.914449e-01 0.000000e+00
    outer loop
      vertex   -8.625000e+01 -1.450000e+02 1.000000e+00
      vertex   -8.625000e+01 -1.450000e+02 2.000000e+00
      vertex   -8.644412e+01 -1.450256e+02 1.000000e+00
    endloop
  endfacet
  facet normal 1.305262e-01 -9.914449e-01 0.000000e+00
    outer loop
      vertex   -8.644412e+01 -1.450256e+02 1.000000e+00
      vertex   -8.625000e+01 -1.450000e+02 2.000000e+00
      vertex   -8.644412e+01 -1.450256e+02 2.000000e+00
    endloop
  endfacet
  facet normal 3.826834e-01 -9.238795e-01 0.000000e+00
    outer loop
      vertex   -8.644412e+01 -1.450256e+02 1.000000e+00
      vertex   -8.644412e+01 -1.450256e+02 2.000000e+00
      vertex   -8.662500e+01 -1.451005e+02 1.000000e+00
    endloop
  endfacet
  facet normal 3.826834e-01 -9.238795e-01 0.000000e+00
    outer loop
      vertex   -8.662500e+01 -1.451005e+02 1.000000e+00
      vertex   -8.644412e+01 -1.450256e+02 2.000000e+00
      vertex   -8.662500e+01 -1.451005e+02 2.000000e+00
    endloop
  endfacet
  facet normal 6.087614e-01 -7.933533e-01 0.000000e+00
    outer loop
      vertex   -8.662500e+01 -1.451005e+02 1.000000e+00
      vertex   -8.662500e+01 -1.451005e+02 2.000000e+00
      vertex   -8.678033e+01 -1.452197e+02 1.000000e+00
    endloop
  endfacet
  facet normal 6.087614e-01 -7.933533e-01 0.000000e+00
    outer loop
      vertex   -8.678033e+01 -1.452197e+02 1.000000e+00
      vertex   -8.662500e+01 -1.451005e+02 2.000000e+00
      vertex   -8.678033e+01 -1.452197e+02 2.000000e+00
    endloop
  endfacet
  facet normal 7.933533e-01 -6.087614e-01 0.000000e+00
    outer loop
      vertex   -8.678033e+01 -1.452197e+02 1.000000e+00
      vertex   -8.678033e+01 -1.452197e+02 2.000000e+00
      vertex   -8.689952e+01 -1.453750e+02 1.000000e+00
    endloop
  endfacet
  facet normal 7.933533e-01 -6.087614e-01 0.000000e+00
    outer loop
      vertex   -8.689952e+01 -1.453750e+02 1.000000e+00
      vertex   -8.678033e+01 -1.452197e+02 2.000000e+00
      vertex   -8.689952e+01 -1.453750e+02 2.000000e+00
    endloop
  endfacet
  facet normal 9.238795e-01 -3.826834e-01 0.000000e+00
    outer loop
      vertex   -8.689952e+01 -1.453750e+02 1.000000e+00
      vertex   -8.689952e+01 -1.453750e+02 2.000000e+00
      vertex   -8.697445e+01 -1.455559e+02 1.000000e+00
    endloop
  endfacet
  facet normal 9.238795e-01 -3.826834e-01 0.000000e+00
    outer loop
      vertex   -8.697445e+01 -1.455559e+02 1.000000e+00
      vertex   -8.689952e+01 -1.453750e+02 2.000000e+00
      vertex   -8.697445e+01 -1.455559e+02 2.000000e+00
    endloop
  endfacet
  facet normal 9.914449e-01 -1.305262e-01 0.000000e+00
    outer loop
      vertex   -8.697445e+01 -1.455559e+02 1.000000e+00
      vertex   -8.697445e+01 -1.455559e+02 2.000000e+00
      vertex   -8.700000e+01 -1.457500e+02 1.000000e+00
    endloop
  endfacet
  facet normal 9.914449e-01 -1.305262e-01 0.000000e+00
    outer loop
      vertex   -8.700000e+01 -1.457500e+02 1.000000e+00
      vertex   -8.697445e+01 -1.455559e+02 2.000000e+00
      vertex   -8.700000e+01 -1.457500e+02 2.000000e+00
    endloop
  endfacet
  facet normal 1.000000e+00 6.715959e-16 0.000000e+00
    outer loop
      vertex   -8.700000e+01 -1.457500e+02 2.000000e+00
      vertex   -8.700000e+01 -1.669098e+02 2.000000e+00
      vertex   -8.700000e+01 -1.457500e+02 1.000000e+00
    endloop
  endfacet
  facet normal 1.000000e+00 6.715959e-16 0.000000e+00
    outer loop
      vertex   -8.700000e+01 -1.457500e+02 1.000000e+00
      vertex   -8.700000e+01 -1.669098e+02 2.000000e+00
      vertex   -8.700000e+01 -1.669098e+02 1.000000e+00
    endloop
  endfacet
  facet normal 9.957468e-01 9.213155e-02 -0.000000e+00
    outer loop
      vertex   -8.700000e+01 -1.669098e+02 1.000000e+00
      vertex   -8.700000e+01 -1.669098e+02 2.000000e+00
      vertex   -8.691512e+01 -1.678272e+02 1.000000e+00
    endloop
  endfacet
  facet normal 9.957468e-01 9.213155e-02 -0.000000e+00
    outer loop
      vertex   -8.691512e+01 -1.678272e+02 1.000000e+00
      vertex   -8.700000e+01 -1.669098e+02 2.000000e+00
      vertex   -8.691512e+01 -1.678272e+02 2.000000e+00
    endloop
  endfacet
  facet normal 9.619384e-01 2.732665e-01 -0.000000e+00
    outer loop
      vertex   -8.691512e+01 -1.678272e+02 1.000000e+00
      vertex   -8.691512e+01 -1.678272e+02 2.000000e+00
      vertex   -8.666335e+01 -1.687135e+02 1.000000e+00
    endloop
  endfacet
  facet normal 9.619384e-01 2.732665e-01 -0.000000e+00
    outer loop
      vertex   -8.666335e+01 -1.687135e+02 1.000000e+00
      vertex   -8.691512e+01 -1.678272e+02 2.000000e+00
      vertex   -8.666335e+01 -1.687135e+02 2.000000e+00
    endloop
  endfacet
  facet normal 8.954693e-01 4.451233e-01 -0.000000e+00
    outer loop
      vertex   -8.666335e+01 -1.687135e+02 1.000000e+00
      vertex   -8.666335e+01 -1.687135e+02 2.000000e+00
      vertex   -8.625326e+01 -1.695385e+02 1.000000e+00
    endloop
  endfacet
  facet normal 8.954693e-01 4.451233e-01 -0.000000e+00
    outer loop
      vertex   -8.625326e+01 -1.695385e+02 1.000000e+00
      vertex   -8.666335e+01 -1.687135e+02 2.000000e+00
      vertex   -8.625326e+01 -1.695385e+02 2.000000e+00
    endloop
  endfacet
  facet normal 7.985964e-01 6.018669e-01 -0.000000e+00
    outer loop
      vertex   -8.625326e+01 -1.695385e+02 1.000000e+00
      vertex   -8.625326e+01 -1.695385e+02 2.000000e+00
      vertex   -8.569875e+01 -1.702742e+02 1.000000e+00
    endloop
  endfacet
  facet normal 7.985964e-01 6.018669e-01 -0.000000e+00
    outer loop
      vertex   -8.569875e+01 -1.702742e+02 1.000000e+00
      vertex   -8.625326e+01 -1.695385e+02 2.000000e+00
      vertex   -8.569875e+01 -1.702742e+02 2.000000e+00
    endloop
  endfacet
  facet normal 6.746089e-01 7.381753e-01 -0.000000e+00
    outer loop
      vertex   -8.569875e+01 -1.702742e+02 1.000000e+00
      vertex   -8.569875e+01 -1.702742e+02 2.000000e+00
      vertex   -8.501865e+01 -1.708958e+02 1.000000e+00
    endloop
  endfacet
  facet normal 6.746089e-01 7.381753e-01 -0.000000e+00
    outer loop
      vertex   -8.501865e+01 -1.708958e+02 1.000000e+00
      vertex   -8.569875e+01 -1.702742e+02 2.000000e+00
      vertex   -8.501865e+01 -1.708958e+02 2.000000e+00
    endloop
  endfacet
  facet normal 5.277165e-01 8.494206e-01 -0.000000e+00
    outer loop
      vertex   -8.501865e+01 -1.708958e+02 1.000000e+00
      vertex   -8.501865e+01 -1.708958e+02 2.000000e+00
      vertex   -8.423607e+01 -1.713820e+02 1.000000e+00
    endloop
  endfacet
  facet normal 5.277165e-01 8.494206e-01 -0.000000e+00
    outer loop
      vertex   -8.423607e+01 -1.713820e+02 1.000000e+00
      vertex   -8.501865e+01 -1.708958e+02 2.000000e+00
      vertex   -8.423607e+01 -1.713820e+02 2.000000e+00
    endloop
  endfacet
  facet normal 4.472136e-01 8.944272e-01 0.000000e+00
    outer loop
      vertex   -8.423607e+01 -1.713820e+02 2.000000e+00
      vertex   -8.386142e+01 -1.715693e+02 2.000000e+00
      vertex   -8.423607e+01 -1.713820e+02 1.000000e+00
    endloop
  endfacet
  facet normal 4.472136e-01 8.944272e-01 0.000000e+00
    outer loop
      vertex   -8.423607e+01 -1.713820e+02 1.000000e+00
      vertex   -8.386142e+01 -1.715693e+02 2.000000e+00
      vertex   -8.386142e+01 -1.715693e+02 1.000000e+00
    endloop
  endfacet
  facet normal 5.183848e-01 8.551475e-01 -0.000000e+00
    outer loop
      vertex   -8.386142e+01 -1.715693e+02 1.000000e+00
      vertex   -8.386142e+01 -1.715693e+02 2.000000e+00
      vertex   -8.316683e+01 -1.719903e+02 1.000000e+00
    endloop
  endfacet
  facet normal 5.183848e-01 8.551475e-01 -0.000000e+00
    outer loop
      vertex   -8.316683e+01 -1.719903e+02 1.000000e+00
      vertex   -8.386142e+01 -1.715693e+02 2.000000e+00
      vertex   -8.316683e+01 -1.719903e+02 2.000000e+00
    endloop
  endfacet
  facet normal 6.500027e-01 7.599319e-01 -0.000000e+00
    outer loop
      vertex   -8.316683e+01 -1.719903e+02 1.000000e+00
      vertex   -8.316683e+01 -1.719903e+02 2.000000e+00
      vertex   -8.254959e+01 -1.725183e+02 2.000000e+00
    endloop
  endfacet
  facet normal 6.500027e-01 7.599319e-01 0.000000e+00
    outer loop
      vertex   -8.316683e+01 -1.719903e+02 1.000000e+00
      vertex   -8.254959e+01 -1.725183e+02 2.000000e+00
      vertex   -8.254959e+01 -1.725183e+02 1.000000e+00
    endloop
  endfacet
  facet normal 7.644675e-01 6.446622e-01 -0.000000e+00
    outer loop
      vertex   -8.254959e+01 -1.725183e+02 1.000000e+00
      vertex   -8.254959e+01 -1.725183e+02 2.000000e+00
      vertex   -8.202597e+01 -1.731392e+02 2.000000e+00
    endloop
  endfacet
  facet normal 7.644675e-01 6.446622e-01 0.000000e+00
    outer loop
      vertex   -8.254959e+01 -1.725183e+02 1.000000e+00
      vertex   -8.202597e+01 -1.731392e+02 2.000000e+00
      vertex   -8.202597e+01 -1.731392e+02 1.000000e+00
    endloop
  endfacet
  facet normal 8.587586e-01 5.123804e-01 -0.000000e+00
    outer loop
      vertex   -8.202597e+01 -1.731392e+02 1.000000e+00
      vertex   -8.202597e+01 -1.731392e+02 2.000000e+00
      vertex   -8.160979e+01 -1.738368e+02 2.000000e+00
    endloop
  endfacet
  facet normal 8.587586e-01 5.123804e-01 0.000000e+00
    outer loop
      vertex   -8.202597e+01 -1.731392e+02 1.000000e+00
      vertex   -8.160979e+01 -1.738368e+02 2.000000e+00
      vertex   -8.160979e+01 -1.738368e+02 1.000000e+00
    endloop
  endfacet
  facet normal 9.303876e-01 3.665773e-01 -0.000000e+00
    outer loop
      vertex   -8.160979e+01 -1.738368e+02 1.000000e+00
      vertex   -8.160979e+01 -1.738368e+02 2.000000e+00
      vertex   -8.131205e+01 -1.745924e+02 2.000000e+00
    endloop
  endfacet
  facet normal 9.303876e-01 3.665773e-01 0.000000e+00
    outer loop
      vertex   -8.160979e+01 -1.738368e+02 1.000000e+00
      vertex   -8.131205e+01 -1.745924e+02 2.000000e+00
      vertex   -8.131205e+01 -1.745924e+02 1.000000e+00
    endloop
  endfacet
  facet normal 9.774644e-01 2.111004e-01 -0.000000e+00
    outer loop
      vertex   -8.131205e+01 -1.745924e+02 1.000000e+00
      vertex   -8.131205e+01 -1.745924e+02 2.000000e+00
      vertex   -8.114058e+01 -1.753864e+02 2.000000e+00
    endloop
  endfacet
  facet normal 9.774644e-01 2.111004e-01 0.000000e+00
    outer loop
      vertex   -8.131205e+01 -1.745924e+02 1.000000e+00
      vertex   -8.114058e+01 -1.753864e+02 2.000000e+00
      vertex   -8.114058e+01 -1.753864e+02 1.000000e+00
    endloop
  endfacet
  facet normal 9.987466e-01 5.005271e-02 -0.000000e+00
    outer loop
      vertex   -8.114058e+01 -1.753864e+02 1.000000e+00
      vertex   -8.114058e+01 -1.753864e+02 2.000000e+00
      vertex   -8.109993e+01 -1.761976e+02 1.000000e+00
    endloop
  endfacet
  facet normal 9.987466e-01 5.005271e-02 -0.000000e+00
    outer loop
      vertex   -8.109993e+01 -1.761976e+02 1.000000e+00
      vertex   -8.114058e+01 -1.753864e+02 2.000000e+00
      vertex   -8.109993e+01 -1.761976e+02 2.000000e+00
    endloop
  endfacet
  facet normal 9.995121e-01 -3.123475e-02 0.000000e+00
    outer loop
      vertex   -8.109993e+01 -1.761976e+02 2.000000e+00
      vertex   -8.193555e+01 -2.029375e+02 2.000000e+00
      vertex   -8.109993e+01 -1.761976e+02 1.000000e+00
    endloop
  endfacet
  facet normal 9.995121e-01 -3.123475e-02 0.000000e+00
    outer loop
      vertex   -8.109993e+01 -1.761976e+02 1.000000e+00
      vertex   -8.193555e+01 -2.029375e+02 2.000000e+00
      vertex   -8.193555e+01 -2.029375e+02 1.000000e+00
    endloop
  endfacet
  facet normal 9.965416e-01 8.309540e-02 -0.000000e+00
    outer loop
      vertex   -8.193555e+01 -2.029375e+02 1.000000e+00
      vertex   -8.193555e+01 -2.029375e+02 2.000000e+00
      vertex   -8.189760e+01 -2.033927e+02 1.000000e+00
    endloop
  endfacet
  facet normal 9.965416e-01 8.309540e-02 -0.000000e+00
    outer loop
      vertex   -8.189760e+01 -2.033927e+02 1.000000e+00
      vertex   -8.193555e+01 -2.029375e+02 2.000000e+00
      vertex   -8.189760e+01 -2.033927e+02 2.000000e+00
    endloop
  endfacet
  facet normal 9.517051e-01 3.070137e-01 -0.000000e+00
    outer loop
      vertex   -8.189760e+01 -2.033927e+02 1.000000e+00
      vertex   -8.189760e+01 -2.033927e+02 2.000000e+00
      vertex   -8.175738e+01 -2.038273e+02 1.000000e+00
    endloop
  endfacet
  facet normal 9.517051e-01 3.070137e-01 -0.000000e+00
    outer loop
      vertex   -8.175738e+01 -2.038273e+02 1.000000e+00
      vertex   -8.189760e+01 -2.033927e+02 2.000000e+00
      vertex   -8.175738e+01 -2.038273e+02 2.000000e+00
    endloop
  endfacet
  facet normal 8.572374e-01 5.149214e-01 -0.000000e+00
    outer loop
      vertex   -8.175738e+01 -2.038273e+02 1.000000e+00
      vertex   -8.175738e+01 -2.038273e+02 2.000000e+00
      vertex   -8.152220e+01 -2.042189e+02 1.000000e+00
    endloop
  endfacet
  facet normal 8.572374e-01 5.149214e-01 -0.000000e+00
    outer loop
      vertex   -8.152220e+01 -2.042189e+02 1.000000e+00
      vertex   -8.175738e+01 -2.038273e+02 2.000000e+00
      vertex   -8.152220e+01 -2.042189e+02 2.000000e+00
    endloop
  endfacet
  facet normal 7.180650e-01 6.959760e-01 -0.000000e+00
    outer loop
      vertex   -8.152220e+01 -2.042189e+02 1.000000e+00
      vertex   -8.152220e+01 -2.042189e+02 2.000000e+00
      vertex   -8.120433e+01 -2.045468e+02 1.000000e+00
    endloop
  endfacet
  facet normal 7.180650e-01 6.959760e-01 -0.000000e+00
    outer loop
      vertex   -8.120433e+01 -2.045468e+02 1.000000e+00
      vertex   -8.152220e+01 -2.042189e+02 2.000000e+00
      vertex   -8.120433e+01 -2.045468e+02 2.000000e+00
    endloop
  endfacet
  facet normal 5.414457e-01 8.407357e-01 -0.000000e+00
    outer loop
      vertex   -8.120433e+01 -2.045468e+02 1.000000e+00
      vertex   -8.120433e+01 -2.045468e+02 2.000000e+00
      vertex   -8.082034e+01 -2.047941e+02 1.000000e+00
    endloop
  endfacet
  facet normal 5.414457e-01 8.407357e-01 -0.000000e+00
    outer loop
      vertex   -8.082034e+01 -2.047941e+02 1.000000e+00
      vertex   -8.120433e+01 -2.045468e+02 2.000000e+00
      vertex   -8.082034e+01 -2.047941e+02 2.000000e+00
    endloop
  endfacet
  facet normal 3.365902e-01 9.416512e-01 -0.000000e+00
    outer loop
      vertex   -8.082034e+01 -2.047941e+02 1.000000e+00
      vertex   -8.082034e+01 -2.047941e+02 2.000000e+00
      vertex   -8.039026e+01 -2.049479e+02 1.000000e+00
    endloop
  endfacet
  facet normal 3.365902e-01 9.416512e-01 -0.000000e+00
    outer loop
      vertex   -8.039026e+01 -2.049479e+02 1.000000e+00
      vertex   -8.082034e+01 -2.047941e+02 2.000000e+00
      vertex   -8.039026e+01 -2.049479e+02 2.000000e+00
    endloop
  endfacet
  facet normal 1.141816e-01 9.934599e-01 -0.000000e+00
    outer loop
      vertex   -8.039026e+01 -2.049479e+02 1.000000e+00
      vertex   -8.039026e+01 -2.049479e+02 2.000000e+00
      vertex   -7.993653e+01 -2.050000e+02 1.000000e+00
    endloop
  endfacet
  facet normal 1.141816e-01 9.934599e-01 -0.000000e+00
    outer loop
      vertex   -7.993653e+01 -2.050000e+02 1.000000e+00
      vertex   -8.039026e+01 -2.049479e+02 2.000000e+00
      vertex   -7.993653e+01 -2.050000e+02 2.000000e+00
    endloop
  endfacet
  facet normal -0.000000e+00 1.000000e+00 0.000000e+00
    outer loop
      vertex   -7.993653e+01 -2.050000e+02 2.000000e+00
      vertex   -7.906348e+01 -2.050000e+02 2.000000e+00
      vertex   -7.993653e+01 -2.050000e+02 1.000000e+00
    endloop
  endfacet
  facet normal 0.000000e+00 1.000000e+00 0.000000e+00
    outer loop
      vertex   -7.993653e+01 -2.050000e+02 1.000000e+00
      vertex   -7.906348e+01 -2.050000e+02 2.000000e+00
      vertex   -7.906348e+01 -2.050000e+02 1.000000e+00
    endloop
  endfacet
  facet normal -1.141816e-01 9.934599e-01 0.000000e+00
    outer loop
      vertex   -7.906348e+01 -2.050000e+02 1.000000e+00
      vertex   -7.906348e+01 -2.050000e+02 2.000000e+00
      vertex   -7.860974e+01 -2.049479e+02 1.000000e+00
    endloop
  endfacet
  facet normal -1.141816e-01 9.934599e-01 0.000000e+00
    outer loop
      vertex   -7.860974e+01 -2.049479e+02 1.000000e+00
      vertex   -7.906348e+01 -2.050000e+02 2.000000e+00
      vertex   -7.860974e+01 -2.049479e+02 2.000000e+00
    endloop
  endfacet
  facet normal -3.365902e-01 9.416512e-01 0.000000e+00
    outer loop
      vertex   -7.860974e+01 -2.049479e+02 1.000000e+00
      vertex   -7.860974e+01 -2.049479e+02 2.000000e+00
      vertex   -7.817966e+01 -2.047941e+02 1.000000e+00
    endloop
  endfacet
  facet normal -3.365902e-01 9.416512e-01 0.000000e+00
    outer loop
      vertex   -7.817966e+01 -2.047941e+02 1.000000e+00
      vertex   -7.860974e+01 -2.049479e+02 2.000000e+00
      vertex   -7.817966e+01 -2.047941e+02 2.000000e+00
    endloop
  endfacet
  facet normal -5.414457e-01 8.407357e-01 0.000000e+00
    outer loop
      vertex   -7.817966e+01 -2.047941e+02 1.000000e+00
      vertex   -7.817966e+01 -2.047941e+02 2.000000e+00
      vertex   -7.779568e+01 -2.045468e+02 1.000000e+00
    endloop
  endfacet
  facet normal -5.414457e-01 8.407357e-01 0.000000e+00
    outer loop
      vertex   -7.779568e+01 -2.045468e+02 1.000000e+00
      vertex   -7.817966e+01 -2.047941e+02 2.000000e+00
      vertex   -7.779568e+01 -2.045468e+02 2.000000e+00
    endloop
  endfacet
  facet normal -7.180650e-01 6.959760e-01 0.000000e+00
    outer loop
      vertex   -7.779568e+01 -2.045468e+02 1.000000e+00
      vertex   -7.779568e+01 -2.045468e+02 2.000000e+00
      vertex   -7.747780e+01 -2.042189e+02 1.000000e+00
    endloop
  endfacet
  facet normal -7.180650e-01 6.959760e-01 0.000000e+00
    outer loop
      vertex   -7.747780e+01 -2.042189e+02 1.000000e+00
      vertex   -7.779568e+01 -2.045468e+02 2.000000e+00
      vertex   -7.747780e+01 -2.042189e+02 2.000000e+00
    endloop
  endfacet
  facet normal -8.572374e-01 5.149214e-01 0.000000e+00
    outer loop
      vertex   -7.747780e+01 -2.042189e+02 1.000000e+00
      vertex   -7.747780e+01 -2.042189e+02 2.000000e+00
      vertex   -7.724263e+01 -2.038273e+02 1.000000e+00
    endloop
  endfacet
  facet normal -8.572374e-01 5.149214e-01 0.000000e+00
    outer loop
      vertex   -7.724263e+01 -2.038273e+02 1.000000e+00
      vertex   -7.747780e+01 -2.042189e+02 2.000000e+00
      vertex   -7.724263e+01 -2.038273e+02 2.000000e+00
    endloop
  endfacet
  facet normal -9.517051e-01 3.070137e-01 0.000000e+00
    outer loop
      vertex   -7.724263e+01 -2.038273e+02 1.000000e+00
      vertex   -7.724263e+01 -2.038273e+02 2.000000e+00
      vertex   -7.710241e+01 -2.033927e+02 1.000000e+00
    endloop
  endfacet
  facet normal -9.517051e-01 3.070137e-01 0.000000e+00
    outer loop
      vertex   -7.710241e+01 -2.033927e+02 1.000000e+00
      vertex   -7.724263e+01 -2.038273e+02 2.000000e+00
      vertex   -7.710241e+01 -2.033927e+02 2.000000e+00
    endloop
  endfacet
  facet normal -9.965416e-01 8.309540e-02 0.000000e+00
    outer loop
      vertex   -7.710241e+01 -2.033927e+02 1.000000e+00
      vertex   -7.710241e+01 -2.033927e+02 2.000000e+00
      vertex   -7.706445e+01 -2.029375e+02 1.000000e+00
    endloop
  endfacet
  facet normal -9.965416e-01 8.309540e-02 0.000000e+00
    outer loop
      vertex   -7.706445e+01 -2.029375e+02 1.000000e+00
      vertex   -7.710241e+01 -2.033927e+02 2.000000e+00
      vertex   -7.706445e+01 -2.029375e+02 2.000000e+00
    endloop
  endfacet
  facet normal -9.995121e-01 -3.123475e-02 -0.000000e+00
    outer loop
      vertex   -7.706445e+01 -2.029375e+02 2.000000e+00
      vertex   -7.790833e+01 -1.759336e+02 2.000000e+00
      vertex   -7.706445e+01 -2.029375e+02 1.000000e+00
    endloop
  endfacet
  facet normal -9.995121e-01 -3.123475e-02 0.000000e+00
    outer loop
      vertex   -7.706445e+01 -2.029375e+02 1.000000e+00
      vertex   -7.790833e+01 -1.759336e+02 2.000000e+00
      vertex   -7.790833e+01 -1.759336e+02 1.000000e+00
    endloop
  endfacet
  facet normal -9.983629e-01 5.719699e-02 0.000000e+00
    outer loop
      vertex   -7.790833e+01 -1.759336e+02 1.000000e+00
      vertex   -7.790833e+01 -1.759336e+02 2.000000e+00
      vertex   -7.785779e+01 -1.750515e+02 1.000000e+00
    endloop
  endfacet
  facet normal -9.983629e-01 5.719699e-02 0.000000e+00
    outer loop
      vertex   -7.785779e+01 -1.750515e+02 1.000000e+00
      vertex   -7.790833e+01 -1.759336e+02 2.000000e+00
      vertex   -7.785779e+01 -1.750515e+02 2.000000e+00
    endloop
  endfacet
  facet normal -9.727086e-01 2.320302e-01 0.000000e+00
    outer loop
      vertex   -7.785779e+01 -1.750515e+02 1.000000e+00
      vertex   -7.785779e+01 -1.750515e+02 2.000000e+00
      vertex   -7.765279e+01 -1.741921e+02 1.000000e+00
    endloop
  endfacet
  facet normal -9.727086e-01 2.320302e-01 0.000000e+00
    outer loop
      vertex   -7.765279e+01 -1.741921e+02 1.000000e+00
      vertex   -7.785779e+01 -1.750515e+02 2.000000e+00
      vertex   -7.765279e+01 -1.741921e+02 2.000000e+00
    endloop
  endfacet
  facet normal -9.166816e-01 3.996183e-01 0.000000e+00
    outer loop
      vertex   -7.765279e+01 -1.741921e+02 1.000000e+00
      vertex   -7.765279e+01 -1.741921e+02 2.000000e+00
      vertex   -7.729971e+01 -1.733822e+02 1.000000e+00
    endloop
  endfacet
  facet normal -9.166816e-01 3.996183e-01 0.000000e+00
    outer loop
      vertex   -7.729971e+01 -1.733822e+02 1.000000e+00
      vertex   -7.765279e+01 -1.741921e+02 2.000000e+00
      vertex   -7.729971e+01 -1.733822e+02 2.000000e+00
    endloop
  endfacet
  facet normal -8.320315e-01 5.547284e-01 0.000000e+00
    outer loop
      vertex   -7.729971e+01 -1.733822e+02 1.000000e+00
      vertex   -7.729971e+01 -1.733822e+02 2.000000e+00
      vertex   -7.680960e+01 -1.726471e+02 1.000000e+00
    endloop
  endfacet
  facet normal -8.320315e-01 5.547284e-01 0.000000e+00
    outer loop
      vertex   -7.680960e+01 -1.726471e+02 1.000000e+00
      vertex   -7.729971e+01 -1.733822e+02 2.000000e+00
      vertex   -7.680960e+01 -1.726471e+02 2.000000e+00
    endloop
  endfacet
  facet normal -7.214013e-01 6.925173e-01 0.000000e+00
    outer loop
      vertex   -7.680960e+01 -1.726471e+02 1.000000e+00
      vertex   -7.680960e+01 -1.726471e+02 2.000000e+00
      vertex   -7.619774e+01 -1.720097e+02 1.000000e+00
    endloop
  endfacet
  facet normal -7.214013e-01 6.925173e-01 0.000000e+00
    outer loop
      vertex   -7.619774e+01 -1.720097e+02 1.000000e+00
      vertex   -7.680960e+01 -1.726471e+02 2.000000e+00
      vertex   -7.619774e+01 -1.720097e+02 2.000000e+00
    endloop
  endfacet
  facet normal -5.882455e-01 8.086824e-01 0.000000e+00
    outer loop
      vertex   -7.619774e+01 -1.720097e+02 1.000000e+00
      vertex   -7.619774e+01 -1.720097e+02 2.000000e+00
      vertex   -7.548325e+01 -1.714899e+02 1.000000e+00
    endloop
  endfacet
  facet normal -5.882455e-01 8.086824e-01 0.000000e+00
    outer loop
      vertex   -7.548325e+01 -1.714899e+02 1.000000e+00
      vertex   -7.619774e+01 -1.720097e+02 2.000000e+00
      vertex   -7.548325e+01 -1.714899e+02 2.000000e+00
    endloop
  endfacet
  facet normal -5.144958e-01 8.574929e-01 0.000000e+00
    outer loop
      vertex   -7.548325e+01 -1.714899e+02 2.000000e+00
      vertex   -7.542752e+01 -1.714565e+02 2.000000e+00
      vertex   -7.548325e+01 -1.714899e+02 1.000000e+00
    endloop
  endfacet
  facet normal -5.144958e-01 8.574929e-01 0.000000e+00
    outer loop
      vertex   -7.548325e+01 -1.714899e+02 1.000000e+00
      vertex   -7.542752e+01 -1.714565e+02 2.000000e+00
      vertex   -7.542752e+01 -1.714565e+02 1.000000e+00
    endloop
  endfacet
  facet normal 0.000000e+00 0.000000e+00 1.000000e+00
    outer loop
      vertex   -7.542752e+01 -1.714565e+02 1.000000e+00
      vertex   -7.555589e+01 -1.649744e+02 1.000000e+00
      vertex   -7.548325e+01 -1.714899e+02 1.000000e+00
    endloop
  endfacet
  facet normal 0.000000e+00 0.000000e+00 1.000000e+00
    outer loop
      vertex   -7.548325e+01 -1.714899e+02 1.000000e+00
      vertex   -7.555589e+01 -1.649744e+02 1.000000e+00
      vertex   -7.575000e+01 -1.650000e+02 1.000000e+00
    endloop
  endfacet
  facet normal 0.000000e+00 0.000000e+00 1.000000e+00
    outer loop
      vertex   -7.548325e+01 -1.714899e+02 1.000000e+00
      vertex   -7.575000e+01 -1.650000e+02 1.000000e+00
      vertex   -7.619774e+01 -1.720097e+02 1.000000e+00
    endloop
  endfacet
  facet normal 0.000000e+00 -0.000000e+00 1.000000e+00
    outer loop
      vertex   -7.619774e+01 -1.720097e+02 1.000000e+00
      vertex   -7.575000e+01 -1.650000e+02 1.000000e+00
      vertex   -7.625000e+01 -1.650000e+02 1.000000e+00
    endloop
  endfacet
  facet normal 0.000000e+00 0.000000e+00 1.000000e+00
    outer loop
      vertex   -7.619774e+01 -1.720097e+02 1.000000e+00
      vertex   -7.625000e+01 -1.650000e+02 1.000000e+00
      vertex   -7.644412e+01 -1.649744e+02 1.000000e+00
    endloop
  endfacet
  facet normal -0.000000e+00 0.000000e+00 1.000000e+00
    outer loop
      vertex   -7.555589e+01 -1.649744e+02 1.000000e+00
      vertex   -7.542752e+01 -1.714565e+02 1.000000e+00
      vertex   -7.537500e+01 -1.648995e+02 1.000000e+00
    endloop
  endfacet
  facet normal 0.000000e+00 0.000000e+00 1.000000e+00
    outer loop
      vertex   -7.537500e+01 -1.648995e+02 1.000000e+00
      vertex   -7.542752e+01 -1.714565e+02 1.000000e+00
      vertex   -7.473269e+01 -1.709538e+02 1.000000e+00
    endloop
  endfacet
  facet normal -0.000000e+00 0.000000e+00 1.000000e+00
    outer loop
      vertex   -7.537500e+01 -1.648995e+02 1.000000e+00
      vertex   -7.473269e+01 -1.709538e+02 1.000000e+00
      vertex   -7.521967e+01 -1.647803e+02 1.000000e+00
    endloop
  endfacet
  facet normal -0.000000e+00 0.000000e+00 1.000000e+00
    outer loop
      vertex   -7.521967e+01 -1.647803e+02 1.000000e+00
      vertex   -7.473269e+01 -1.709538e+02 1.000000e+00
      vertex   -7.510048e+01 -1.646250e+02 1.000000e+00
    endloop
  endfacet
  facet normal -0.000000e+00 0.000000e+00 1.000000e+00
    outer loop
      vertex   -7.510048e+01 -1.646250e+02 1.000000e+00
      vertex   -7.473269e+01 -1.709538e+02 1.000000e+00
      vertex   -7.502556e+01 -1.644441e+02 1.000000e+00
    endloop
  endfacet
  facet normal 0.000000e+00 0.000000e+00 1.000000e+00
    outer loop
      vertex   -7.502556e+01 -1.644441e+02 1.000000e+00
      vertex   -7.473269e+01 -1.709538e+02 1.000000e+00
      vertex   -7.413398e+01 -1.703398e+02 1.000000e+00
    endloop
  endfacet
  facet normal -0.000000e+00 0.000000e+00 1.000000e+00
    outer loop
      vertex   -7.502556e+01 -1.644441e+02 1.000000e+00
      vertex   -7.413398e+01 -1.703398e+02 1.000000e+00
      vertex   -7.500000e+01 -1.642500e+02 1.000000e+00
    endloop
  endfacet
  facet normal 0.000000e+00 0.000000e+00 1.000000e+00
    outer loop
      vertex   -7.500000e+01 -1.642500e+02 1.000000e+00
      vertex   -7.413398e+01 -1.703398e+02 1.000000e+00
      vertex   -7.364900e+01 -1.696325e+02 1.000000e+00
    endloop
  endfacet
  facet normal 0.000000e+00 0.000000e+00 1.000000e+00
    outer loop
      vertex   -7.500000e+01 -1.642500e+02 1.000000e+00
      vertex   -7.364900e+01 -1.696325e+02 1.000000e+00
      vertex   -7.300000e+01 -1.650000e+02 1.000000e+00
    endloop
  endfacet
  facet normal 0.000000e+00 0.000000e+00 1.000000e+00
    outer loop
      vertex   -7.300000e+01 -1.650000e+02 1.000000e+00
      vertex   -7.364900e+01 -1.696325e+02 1.000000e+00
      vertex   -7.329202e+01 -1.688528e+02 1.000000e+00
    endloop
  endfacet
  facet normal 0.000000e+00 0.000000e+00 1.000000e+00
    outer loop
      vertex   -7.300000e+01 -1.650000e+02 1.000000e+00
      vertex   -7.329202e+01 -1.688528e+02 1.000000e+00
      vertex   -7.300000e+01 -1.671691e+02 1.000000e+00
    endloop
  endfacet
  facet normal 0.000000e+00 0.000000e+00 1.000000e+00
    outer loop
      vertex   -7.300000e+01 -1.671691e+02 1.000000e+00
      vertex   -7.329202e+01 -1.688528e+02 1.000000e+00
      vertex   -7.307355e+01 -1.680235e+02 1.000000e+00
    endloop
  endfacet
  facet normal 0.000000e+00 -0.000000e+00 1.000000e+00
    outer loop
      vertex   -7.300000e+01 -1.650000e+02 1.000000e+00
      vertex   -7.300000e+01 -1.457500e+02 1.000000e+00
      vertex   -7.500000e+01 -1.642500e+02 1.000000e+00
    endloop
  endfacet
  facet normal 0.000000e+00 0.000000e+00 1.000000e+00
    outer loop
      vertex   -7.500000e+01 -1.642500e+02 1.000000e+00
      vertex   -7.300000e+01 -1.457500e+02 1.000000e+00
      vertex   -7.375000e+01 -1.450000e+02 1.000000e+00
    endloop
  endfacet
  facet normal 0.000000e+00 0.000000e+00 1.000000e+00
    outer loop
      vertex   -7.500000e+01 -1.642500e+02 1.000000e+00
      vertex   -7.375000e+01 -1.450000e+02 1.000000e+00
      vertex   -7.425000e+01 -1.450000e+02 1.000000e+00
    endloop
  endfacet
  facet normal 0.000000e+00 0.000000e+00 1.000000e+00
    outer loop
      vertex   -7.302556e+01 -1.455559e+02 1.000000e+00
      vertex   -7.310048e+01 -1.453750e+02 1.000000e+00
      vertex   -7.300000e+01 -1.457500e+02 1.000000e+00
    endloop
  endfacet
  facet normal 0.000000e+00 0.000000e+00 1.000000e+00
    outer loop
      vertex   -7.300000e+01 -1.457500e+02 1.000000e+00
      vertex   -7.310048e+01 -1.453750e+02 1.000000e+00
      vertex   -7.321967e+01 -1.452197e+02 1.000000e+00
    endloop
  endfacet
  facet normal 0.000000e+00 0.000000e+00 1.000000e+00
    outer loop
      vertex   -7.300000e+01 -1.457500e+02 1.000000e+00
      vertex   -7.321967e+01 -1.452197e+02 1.000000e+00
      vertex   -7.337500e+01 -1.451005e+02 1.000000e+00
    endloop
  endfacet
  facet normal 0.000000e+00 0.000000e+00 1.000000e+00
    outer loop
      vertex   -7.337500e+01 -1.451005e+02 1.000000e+00
      vertex   -7.355589e+01 -1.450256e+02 1.000000e+00
      vertex   -7.300000e+01 -1.457500e+02 1.000000e+00
    endloop
  endfacet
  facet normal 0.000000e+00 0.000000e+00 1.000000e+00
    outer loop
      vertex   -7.300000e+01 -1.457500e+02 1.000000e+00
      vertex   -7.355589e+01 -1.450256e+02 1.000000e+00
      vertex   -7.375000e+01 -1.450000e+02 1.000000e+00
    endloop
  endfacet
  facet normal 0.000000e+00 0.000000e+00 1.000000e+00
    outer loop
      vertex   -7.500000e+01 -1.642500e+02 1.000000e+00
      vertex   -7.425000e+01 -1.450000e+02 1.000000e+00
      vertex   -7.500000e+01 -1.457500e+02 1.000000e+00
    endloop
  endfacet
  facet normal 0.000000e+00 0.000000e+00 1.000000e+00
    outer loop
      vertex   -7.500000e+01 -1.457500e+02 1.000000e+00
      vertex   -7.425000e+01 -1.450000e+02 1.000000e+00
      vertex   -7.444412e+01 -1.450256e+02 1.000000e+00
    endloop
  endfacet
  facet normal 0.000000e+00 0.000000e+00 1.000000e+00
    outer loop
      vertex   -7.500000e+01 -1.457500e+02 1.000000e+00
      vertex   -7.444412e+01 -1.450256e+02 1.000000e+00
      vertex   -7.462500e+01 -1.451005e+02 1.000000e+00
    endloop
  endfacet
  facet normal 0.000000e+00 0.000000e+00 1.000000e+00
    outer loop
      vertex   -7.462500e+01 -1.451005e+02 1.000000e+00
      vertex   -7.478033e+01 -1.452197e+02 1.000000e+00
      vertex   -7.500000e+01 -1.457500e+02 1.000000e+00
    endloop
  endfacet
  facet normal 0.000000e+00 0.000000e+00 1.000000e+00
    outer loop
      vertex   -7.500000e+01 -1.457500e+02 1.000000e+00
      vertex   -7.478033e+01 -1.452197e+02 1.000000e+00
      vertex   -7.489952e+01 -1.453750e+02 1.000000e+00
    endloop
  endfacet
  facet normal 0.000000e+00 0.000000e+00 1.000000e+00
    outer loop
      vertex   -7.500000e+01 -1.457500e+02 1.000000e+00
      vertex   -7.489952e+01 -1.453750e+02 1.000000e+00
      vertex   -7.497445e+01 -1.455559e+02 1.000000e+00
    endloop
  endfacet
  facet normal 0.000000e+00 0.000000e+00 1.000000e+00
    outer loop
      vertex   -7.644412e+01 -1.649744e+02 1.000000e+00
      vertex   -7.662500e+01 -1.648995e+02 1.000000e+00
      vertex   -7.619774e+01 -1.720097e+02 1.000000e+00
    endloop
  endfacet
  facet normal 0.000000e+00 0.000000e+00 1.000000e+00
    outer loop
      vertex   -7.619774e+01 -1.720097e+02 1.000000e+00
      vertex   -7.662500e+01 -1.648995e+02 1.000000e+00
      vertex   -7.680960e+01 -1.726471e+02 1.000000e+00
    endloop
  endfacet
  facet normal 0.000000e+00 0.000000e+00 1.000000e+00
    outer loop
      vertex   -7.680960e+01 -1.726471e+02 1.000000e+00
      vertex   -7.662500e+01 -1.648995e+02 1.000000e+00
      vertex   -7.678033e+01 -1.647803e+02 1.000000e+00
    endloop
  endfacet
  facet normal 0.000000e+00 -0.000000e+00 1.000000e+00
    outer loop
      vertex   -7.680960e+01 -1.726471e+02 1.000000e+00
      vertex   -7.678033e+01 -1.647803e+02 1.000000e+00
      vertex   -7.689952e+01 -1.646250e+02 1.000000e+00
    endloop
  endfacet
  facet normal 0.000000e+00 0.000000e+00 1.000000e+00
    outer loop
      vertex   -7.680960e+01 -1.726471e+02 1.000000e+00
      vertex   -7.689952e+01 -1.646250e+02 1.000000e+00
      vertex   -7.729971e+01 -1.733822e+02 1.000000e+00
    endloop
  endfacet
  facet normal 0.000000e+00 0.000000e+00 1.000000e+00
    outer loop
      vertex   -7.729971e+01 -1.733822e+02 1.000000e+00
      vertex   -7.689952e+01 -1.646250e+02 1.000000e+00
      vertex   -7.697445e+01 -1.644441e+02 1.000000e+00
    endloop
  endfacet
  facet normal 0.000000e+00 -0.000000e+00 1.000000e+00
    outer loop
      vertex   -7.729971e+01 -1.733822e+02 1.000000e+00
      vertex   -7.697445e+01 -1.644441e+02 1.000000e+00
      vertex   -7.902556e+01 -1.644441e+02 1.000000e+00
    endloop
  endfacet
  facet normal 0.000000e+00 0.000000e+00 1.000000e+00
    outer loop
      vertex   -7.902556e+01 -1.644441e+02 1.000000e+00
      vertex   -7.697445e+01 -1.644441e+02 1.000000e+00
      vertex   -7.900000e+01 -1.642500e+02 1.000000e+00
    endloop
  endfacet
  facet normal -0.000000e+00 0.000000e+00 1.000000e+00
    outer loop
      vertex   -7.900000e+01 -1.642500e+02 1.000000e+00
      vertex   -7.697445e+01 -1.644441e+02 1.000000e+00
      vertex   -7.700000e+01 -1.642500e+02 1.000000e+00
    endloop
  endfacet
  facet normal 0.000000e+00 0.000000e+00 1.000000e+00
    outer loop
      vertex   -7.900000e+01 -1.642500e+02 1.000000e+00
      vertex   -7.700000e+01 -1.642500e+02 1.000000e+00
      vertex   -7.825000e+01 -1.450000e+02 1.000000e+00
    endloop
  endfacet
  facet normal -0.000000e+00 0.000000e+00 1.000000e+00
    outer loop
      vertex   -7.825000e+01 -1.450000e+02 1.000000e+00
      vertex   -7.700000e+01 -1.642500e+02 1.000000e+00
      vertex   -7.775000e+01 -1.450000e+02 1.000000e+00
    endloop
  endfacet
  facet normal 0.000000e+00 0.000000e+00 1.000000e+00
    outer loop
      vertex   -7.775000e+01 -1.450000e+02 1.000000e+00
      vertex   -7.700000e+01 -1.642500e+02 1.000000e+00
      vertex   -7.700000e+01 -1.457500e+02 1.000000e+00
    endloop
  endfacet
  facet normal 0.000000e+00 0.000000e+00 1.000000e+00
    outer loop
      vertex   -7.775000e+01 -1.450000e+02 1.000000e+00
      vertex   -7.700000e+01 -1.457500e+02 1.000000e+00
      vertex   -7.755589e+01 -1.450256e+02 1.000000e+00
    endloop
  endfacet
  facet normal 0.000000e+00 0.000000e+00 1.000000e+00
    outer loop
      vertex   -7.755589e+01 -1.450256e+02 1.000000e+00
      vertex   -7.700000e+01 -1.457500e+02 1.000000e+00
      vertex   -7.737500e+01 -1.451005e+02 1.000000e+00
    endloop
  endfacet
  facet normal 0.000000e+00 0.000000e+00 1.000000e+00
    outer loop
      vertex   -7.737500e+01 -1.451005e+02 1.000000e+00
      vertex   -7.700000e+01 -1.457500e+02 1.000000e+00
      vertex   -7.721967e+01 -1.452197e+02 1.000000e+00
    endloop
  endfacet
  facet normal 0.000000e+00 0.000000e+00 1.000000e+00
    outer loop
      vertex   -7.721967e+01 -1.452197e+02 1.000000e+00
      vertex   -7.700000e+01 -1.457500e+02 1.000000e+00
      vertex   -7.710048e+01 -1.453750e+02 1.000000e+00
    endloop
  endfacet
  facet normal 0.000000e+00 0.000000e+00 1.000000e+00
    outer loop
      vertex   -7.710048e+01 -1.453750e+02 1.000000e+00
      vertex   -7.700000e+01 -1.457500e+02 1.000000e+00
      vertex   -7.702556e+01 -1.455559e+02 1.000000e+00
    endloop
  endfacet
  facet normal 0.000000e+00 0.000000e+00 1.000000e+00
    outer loop
      vertex   -7.900000e+01 -1.642500e+02 1.000000e+00
      vertex   -7.825000e+01 -1.450000e+02 1.000000e+00
      vertex   -7.900000e+01 -1.457500e+02 1.000000e+00
    endloop
  endfacet
  facet normal 0.000000e+00 0.000000e+00 1.000000e+00
    outer loop
      vertex   -7.900000e+01 -1.457500e+02 1.000000e+00
      vertex   -7.825000e+01 -1.450000e+02 1.000000e+00
      vertex   -7.844412e+01 -1.450256e+02 1.000000e+00
    endloop
  endfacet
  facet normal 0.000000e+00 0.000000e+00 1.000000e+00
    outer loop
      vertex   -7.900000e+01 -1.457500e+02 1.000000e+00
      vertex   -7.844412e+01 -1.450256e+02 1.000000e+00
      vertex   -7.862500e+01 -1.451005e+02 1.000000e+00
    endloop
  endfacet
  facet normal 0.000000e+00 0.000000e+00 1.000000e+00
    outer loop
      vertex   -7.862500e+01 -1.451005e+02 1.000000e+00
      vertex   -7.878033e+01 -1.452197e+02 1.000000e+00
      vertex   -7.900000e+01 -1.457500e+02 1.000000e+00
    endloop
  endfacet
  facet normal 0.000000e+00 0.000000e+00 1.000000e+00
    outer loop
      vertex   -7.900000e+01 -1.457500e+02 1.000000e+00
      vertex   -7.878033e+01 -1.452197e+02 1.000000e+00
      vertex   -7.889952e+01 -1.453750e+02 1.000000e+00
    endloop
  endfacet
  facet normal 0.000000e+00 0.000000e+00 1.000000e+00
    outer loop
      vertex   -7.900000e+01 -1.457500e+02 1.000000e+00
      vertex   -7.889952e+01 -1.453750e+02 1.000000e+00
      vertex   -7.897445e+01 -1.455559e+02 1.000000e+00
    endloop
  endfacet
  facet normal 0.000000e+00 0.000000e+00 1.000000e+00
    outer loop
      vertex   -7.729971e+01 -1.733822e+02 1.000000e+00
      vertex   -7.902556e+01 -1.644441e+02 1.000000e+00
      vertex   -7.765279e+01 -1.741921e+02 1.000000e+00
    endloop
  endfacet
  facet normal 0.000000e+00 0.000000e+00 1.000000e+00
    outer loop
      vertex   -7.765279e+01 -1.741921e+02 1.000000e+00
      vertex   -7.902556e+01 -1.644441e+02 1.000000e+00
      vertex   -7.910048e+01 -1.646250e+02 1.000000e+00
    endloop
  endfacet
  facet normal 0.000000e+00 0.000000e+00 1.000000e+00
    outer loop
      vertex   -7.765279e+01 -1.741921e+02 1.000000e+00
      vertex   -7.910048e+01 -1.646250e+02 1.000000e+00
      vertex   -7.785779e+01 -1.750515e+02 1.000000e+00
    endloop
  endfacet
  facet normal 0.000000e+00 0.000000e+00 1.000000e+00
    outer loop
      vertex   -7.785779e+01 -1.750515e+02 1.000000e+00
      vertex   -7.910048e+01 -1.646250e+02 1.000000e+00
      vertex   -7.921967e+01 -1.647803e+02 1.000000e+00
    endloop
  endfacet
  facet normal 0.000000e+00 0.000000e+00 1.000000e+00
    outer loop
      vertex   -7.785779e+01 -1.750515e+02 1.000000e+00
      vertex   -7.921967e+01 -1.647803e+02 1.000000e+00
      vertex   -7.937500e+01 -1.648995e+02 1.000000e+00
    endloop
  endfacet
  facet normal 0.000000e+00 0.000000e+00 1.000000e+00
    outer loop
      vertex   -7.937500e+01 -1.648995e+02 1.000000e+00
      vertex   -7.955589e+01 -1.649744e+02 1.000000e+00
      vertex   -7.785779e+01 -1.750515e+02 1.000000e+00
    endloop
  endfacet
  facet normal 0.000000e+00 0.000000e+00 1.000000e+00
    outer loop
      vertex   -7.785779e+01 -1.750515e+02 1.000000e+00
      vertex   -7.955589e+01 -1.649744e+02 1.000000e+00
      vertex   -8.114058e+01 -1.753864e+02 1.000000e+00
    endloop
  endfacet
  facet normal 0.000000e+00 0.000000e+00 1.000000e+00
    outer loop
      vertex   -7.785779e+01 -1.750515e+02 1.000000e+00
      vertex   -8.114058e+01 -1.753864e+02 1.000000e+00
      vertex   -7.790833e+01 -1.759336e+02 1.000000e+00
    endloop
  endfacet
  facet normal 0.000000e+00 0.000000e+00 1.000000e+00
    outer loop
      vertex   -7.790833e+01 -1.759336e+02 1.000000e+00
      vertex   -8.114058e+01 -1.753864e+02 1.000000e+00
      vertex   -8.109993e+01 -1.761976e+02 1.000000e+00
    endloop
  endfacet
  facet normal 0.000000e+00 0.000000e+00 1.000000e+00
    outer loop
      vertex   -7.790833e+01 -1.759336e+02 1.000000e+00
      vertex   -8.109993e+01 -1.761976e+02 1.000000e+00
      vertex   -7.906348e+01 -2.050000e+02 1.000000e+00
    endloop
  endfacet
  facet normal 0.000000e+00 0.000000e+00 1.000000e+00
    outer loop
      vertex   -7.906348e+01 -2.050000e+02 1.000000e+00
      vertex   -8.109993e+01 -1.761976e+02 1.000000e+00
      vertex   -7.993653e+01 -2.050000e+02 1.000000e+00
    endloop
  endfacet
  facet normal 0.000000e+00 0.000000e+00 1.000000e+00
    outer loop
      vertex   -7.993653e+01 -2.050000e+02 1.000000e+00
      vertex   -8.109993e+01 -1.761976e+02 1.000000e+00
      vertex   -8.039026e+01 -2.049479e+02 1.000000e+00
    endloop
  endfacet
  facet normal 0.000000e+00 0.000000e+00 1.000000e+00
    outer loop
      vertex   -8.039026e+01 -2.049479e+02 1.000000e+00
      vertex   -8.109993e+01 -1.761976e+02 1.000000e+00
      vertex   -8.193555e+01 -2.029375e+02 1.000000e+00
    endloop
  endfacet
  facet normal 0.000000e+00 0.000000e+00 1.000000e+00
    outer loop
      vertex   -8.039026e+01 -2.049479e+02 1.000000e+00
      vertex   -8.193555e+01 -2.029375e+02 1.000000e+00
      vertex   -8.082034e+01 -2.047941e+02 1.000000e+00
    endloop
  endfacet
  facet normal 0.000000e+00 0.000000e+00 1.000000e+00
    outer loop
      vertex   -8.082034e+01 -2.047941e+02 1.000000e+00
      vertex   -8.193555e+01 -2.029375e+02 1.000000e+00
      vertex   -8.120433e+01 -2.045468e+02 1.000000e+00
    endloop
  endfacet
  facet normal 0.000000e+00 0.000000e+00 1.000000e+00
    outer loop
      vertex   -8.120433e+01 -2.045468e+02 1.000000e+00
      vertex   -8.193555e+01 -2.029375e+02 1.000000e+00
      vertex   -8.152220e+01 -2.042189e+02 1.000000e+00
    endloop
  endfacet
  facet normal 0.000000e+00 0.000000e+00 1.000000e+00
    outer loop
      vertex   -8.152220e+01 -2.042189e+02 1.000000e+00
      vertex   -8.193555e+01 -2.029375e+02 1.000000e+00
      vertex   -8.175738e+01 -2.038273e+02 1.000000e+00
    endloop
  endfacet
  facet normal 0.000000e+00 0.000000e+00 1.000000e+00
    outer loop
      vertex   -8.175738e+01 -2.038273e+02 1.000000e+00
      vertex   -8.193555e+01 -2.029375e+02 1.000000e+00
      vertex   -8.189760e+01 -2.033927e+02 1.000000e+00
    endloop
  endfacet
  facet normal 0.000000e+00 0.000000e+00 1.000000e+00
    outer loop
      vertex   -7.955589e+01 -1.649744e+02 1.000000e+00
      vertex   -7.975000e+01 -1.650000e+02 1.000000e+00
      vertex   -8.114058e+01 -1.753864e+02 1.000000e+00
    endloop
  endfacet
  facet normal 0.000000e+00 0.000000e+00 1.000000e+00
    outer loop
      vertex   -8.114058e+01 -1.753864e+02 1.000000e+00
      vertex   -7.975000e+01 -1.650000e+02 1.000000e+00
      vertex   -8.025000e+01 -1.650000e+02 1.000000e+00
    endloop
  endfacet
  facet normal 0.000000e+00 -0.000000e+00 1.000000e+00
    outer loop
      vertex   -8.114058e+01 -1.753864e+02 1.000000e+00
      vertex   -8.025000e+01 -1.650000e+02 1.000000e+00
      vertex   -8.131205e+01 -1.745924e+02 1.000000e+00
    endloop
  endfacet
  facet normal 0.000000e+00 0.000000e+00 1.000000e+00
    outer loop
      vertex   -8.131205e+01 -1.745924e+02 1.000000e+00
      vertex   -8.025000e+01 -1.650000e+02 1.000000e+00
      vertex   -8.044412e+01 -1.649744e+02 1.000000e+00
    endloop
  endfacet
  facet normal 0.000000e+00 0.000000e+00 1.000000e+00
    outer loop
      vertex   -8.131205e+01 -1.745924e+02 1.000000e+00
      vertex   -8.044412e+01 -1.649744e+02 1.000000e+00
      vertex   -8.062500e+01 -1.648995e+02 1.000000e+00
    endloop
  endfacet
  facet normal 0.000000e+00 -0.000000e+00 1.000000e+00
    outer loop
      vertex   -8.131205e+01 -1.745924e+02 1.000000e+00
      vertex   -8.062500e+01 -1.648995e+02 1.000000e+00
      vertex   -8.160979e+01 -1.738368e+02 1.000000e+00
    endloop
  endfacet
  facet normal 0.000000e+00 0.000000e+00 1.000000e+00
    outer loop
      vertex   -8.160979e+01 -1.738368e+02 1.000000e+00
      vertex   -8.062500e+01 -1.648995e+02 1.000000e+00
      vertex   -8.078033e+01 -1.647803e+02 1.000000e+00
    endloop
  endfacet
  facet normal 0.000000e+00 0.000000e+00 1.000000e+00
    outer loop
      vertex   -8.160979e+01 -1.738368e+02 1.000000e+00
      vertex   -8.078033e+01 -1.647803e+02 1.000000e+00
      vertex   -8.089952e+01 -1.646250e+02 1.000000e+00
    endloop
  endfacet
  facet normal 0.000000e+00 -0.000000e+00 1.000000e+00
    outer loop
      vertex   -8.160979e+01 -1.738368e+02 1.000000e+00
      vertex   -8.089952e+01 -1.646250e+02 1.000000e+00
      vertex   -8.202597e+01 -1.731392e+02 1.000000e+00
    endloop
  endfacet
  facet normal 0.000000e+00 0.000000e+00 1.000000e+00
    outer loop
      vertex   -8.202597e+01 -1.731392e+02 1.000000e+00
      vertex   -8.089952e+01 -1.646250e+02 1.000000e+00
      vertex   -8.097445e+01 -1.644441e+02 1.000000e+00
    endloop
  endfacet
  facet normal 0.000000e+00 -0.000000e+00 1.000000e+00
    outer loop
      vertex   -8.202597e+01 -1.731392e+02 1.000000e+00
      vertex   -8.097445e+01 -1.644441e+02 1.000000e+00
      vertex   -8.254959e+01 -1.725183e+02 1.000000e+00
    endloop
  endfacet
  facet normal 0.000000e+00 -0.000000e+00 1.000000e+00
    outer loop
      vertex   -8.254959e+01 -1.725183e+02 1.000000e+00
      vertex   -8.097445e+01 -1.644441e+02 1.000000e+00
      vertex   -8.302556e+01 -1.644441e+02 1.000000e+00
    endloop
  endfacet
  facet normal 0.000000e+00 0.000000e+00 1.000000e+00
    outer loop
      vertex   -8.254959e+01 -1.725183e+02 1.000000e+00
      vertex   -8.302556e+01 -1.644441e+02 1.000000e+00
      vertex   -8.310048e+01 -1.646250e+02 1.000000e+00
    endloop
  endfacet
  facet normal 0.000000e+00 0.000000e+00 1.000000e+00
    outer loop
      vertex   -8.302556e+01 -1.644441e+02 1.000000e+00
      vertex   -8.097445e+01 -1.644441e+02 1.000000e+00
      vertex   -8.300000e+01 -1.642500e+02 1.000000e+00
    endloop
  endfacet
  facet normal -0.000000e+00 0.000000e+00 1.000000e+00
    outer loop
      vertex   -8.300000e+01 -1.642500e+02 1.000000e+00
      vertex   -8.097445e+01 -1.644441e+02 1.000000e+00
      vertex   -8.100000e+01 -1.642500e+02 1.000000e+00
    endloop
  endfacet
  facet normal 0.000000e+00 0.000000e+00 1.000000e+00
    outer loop
      vertex   -8.300000e+01 -1.642500e+02 1.000000e+00
      vertex   -8.100000e+01 -1.642500e+02 1.000000e+00
      vertex   -8.225000e+01 -1.450000e+02 1.000000e+00
    endloop
  endfacet
  facet normal -0.000000e+00 0.000000e+00 1.000000e+00
    outer loop
      vertex   -8.225000e+01 -1.450000e+02 1.000000e+00
      vertex   -8.100000e+01 -1.642500e+02 1.000000e+00
      vertex   -8.175000e+01 -1.450000e+02 1.000000e+00
    endloop
  endfacet
  facet normal 0.000000e+00 0.000000e+00 1.000000e+00
    outer loop
      vertex   -8.175000e+01 -1.450000e+02 1.000000e+00
      vertex   -8.100000e+01 -1.642500e+02 1.000000e+00
      vertex   -8.100000e+01 -1.457500e+02 1.000000e+00
    endloop
  endfacet
  facet normal 0.000000e+00 0.000000e+00 1.000000e+00
    outer loop
      vertex   -8.175000e+01 -1.450000e+02 1.000000e+00
      vertex   -8.100000e+01 -1.457500e+02 1.000000e+00
      vertex   -8.155589e+01 -1.450256e+02 1.000000e+00
    endloop
  endfacet
  facet normal 0.000000e+00 0.000000e+00 1.000000e+00
    outer loop
      vertex   -8.155589e+01 -1.450256e+02 1.000000e+00
      vertex   -8.100000e+01 -1.457500e+02 1.000000e+00
      vertex   -8.137500e+01 -1.451005e+02 1.000000e+00
    endloop
  endfacet
  facet normal 0.000000e+00 0.000000e+00 1.000000e+00
    outer loop
      vertex   -8.137500e+01 -1.451005e+02 1.000000e+00
      vertex   -8.100000e+01 -1.457500e+02 1.000000e+00
      vertex   -8.121967e+01 -1.452197e+02 1.000000e+00
    endloop
  endfacet
  facet normal 0.000000e+00 0.000000e+00 1.000000e+00
    outer loop
      vertex   -8.121967e+01 -1.452197e+02 1.000000e+00
      vertex   -8.100000e+01 -1.457500e+02 1.000000e+00
      vertex   -8.110048e+01 -1.453750e+02 1.000000e+00
    endloop
  endfacet
  facet normal 0.000000e+00 0.000000e+00 1.000000e+00
    outer loop
      vertex   -8.110048e+01 -1.453750e+02 1.000000e+00
      vertex   -8.100000e+01 -1.457500e+02 1.000000e+00
      vertex   -8.102556e+01 -1.455559e+02 1.000000e+00
    endloop
  endfacet
  facet normal 0.000000e+00 0.000000e+00 1.000000e+00
    outer loop
      vertex   -8.300000e+01 -1.642500e+02 1.000000e+00
      vertex   -8.225000e+01 -1.450000e+02 1.000000e+00
      vertex   -8.300000e+01 -1.457500e+02 1.000000e+00
    endloop
  endfacet
  facet normal 0.000000e+00 0.000000e+00 1.000000e+00
    outer loop
      vertex   -8.300000e+01 -1.457500e+02 1.000000e+00
      vertex   -8.225000e+01 -1.450000e+02 1.000000e+00
      vertex   -8.244412e+01 -1.450256e+02 1.000000e+00
    endloop
  endfacet
  facet normal 0.000000e+00 0.000000e+00 1.000000e+00
    outer loop
      vertex   -8.300000e+01 -1.457500e+02 1.000000e+00
      vertex   -8.244412e+01 -1.450256e+02 1.000000e+00
      vertex   -8.262500e+01 -1.451005e+02 1.000000e+00
    endloop
  endfacet
  facet normal 0.000000e+00 0.000000e+00 1.000000e+00
    outer loop
      vertex   -8.262500e+01 -1.451005e+02 1.000000e+00
      vertex   -8.278033e+01 -1.452197e+02 1.000000e+00
      vertex   -8.300000e+01 -1.457500e+02 1.000000e+00
    endloop
  endfacet
  facet normal 0.000000e+00 0.000000e+00 1.000000e+00
    outer loop
      vertex   -8.300000e+01 -1.457500e+02 1.000000e+00
      vertex   -8.278033e+01 -1.452197e+02 1.000000e+00
      vertex   -8.289952e+01 -1.453750e+02 1.000000e+00
    endloop
  endfacet
  facet normal 0.000000e+00 0.000000e+00 1.000000e+00
    outer loop
      vertex   -8.300000e+01 -1.457500e+02 1.000000e+00
      vertex   -8.289952e+01 -1.453750e+02 1.000000e+00
      vertex   -8.297445e+01 -1.455559e+02 1.000000e+00
    endloop
  endfacet
  facet normal 0.000000e+00 0.000000e+00 1.000000e+00
    outer loop
      vertex   -8.254959e+01 -1.725183e+02 1.000000e+00
      vertex   -8.310048e+01 -1.646250e+02 1.000000e+00
      vertex   -8.316683e+01 -1.719903e+02 1.000000e+00
    endloop
  endfacet
  facet normal 0.000000e+00 -0.000000e+00 1.000000e+00
    outer loop
      vertex   -8.316683e+01 -1.719903e+02 1.000000e+00
      vertex   -8.310048e+01 -1.646250e+02 1.000000e+00
      vertex   -8.321967e+01 -1.647803e+02 1.000000e+00
    endloop
  endfacet
  facet normal 0.000000e+00 0.000000e+00 1.000000e+00
    outer loop
      vertex   -8.316683e+01 -1.719903e+02 1.000000e+00
      vertex   -8.321967e+01 -1.647803e+02 1.000000e+00
      vertex   -8.337500e+01 -1.648995e+02 1.000000e+00
    endloop
  endfacet
  facet normal 0.000000e+00 0.000000e+00 1.000000e+00
    outer loop
      vertex   -8.337500e+01 -1.648995e+02 1.000000e+00
      vertex   -8.355589e+01 -1.649744e+02 1.000000e+00
      vertex   -8.316683e+01 -1.719903e+02 1.000000e+00
    endloop
  endfacet
  facet normal 0.000000e+00 0.000000e+00 1.000000e+00
    outer loop
      vertex   -8.316683e+01 -1.719903e+02 1.000000e+00
      vertex   -8.355589e+01 -1.649744e+02 1.000000e+00
      vertex   -8.386142e+01 -1.715693e+02 1.000000e+00
    endloop
  endfacet
  facet normal 0.000000e+00 0.000000e+00 1.000000e+00
    outer loop
      vertex   -8.386142e+01 -1.715693e+02 1.000000e+00
      vertex   -8.355589e+01 -1.649744e+02 1.000000e+00
      vertex   -8.375000e+01 -1.650000e+02 1.000000e+00
    endloop
  endfacet
  facet normal 0.000000e+00 -0.000000e+00 1.000000e+00
    outer loop
      vertex   -8.386142e+01 -1.715693e+02 1.000000e+00
      vertex   -8.375000e+01 -1.650000e+02 1.000000e+00
      vertex   -8.423607e+01 -1.713820e+02 1.000000e+00
    endloop
  endfacet
  facet normal 0.000000e+00 -0.000000e+00 1.000000e+00
    outer loop
      vertex   -8.423607e+01 -1.713820e+02 1.000000e+00
      vertex   -8.375000e+01 -1.650000e+02 1.000000e+00
      vertex   -8.425000e+01 -1.650000e+02 1.000000e+00
    endloop
  endfacet
  facet normal 0.000000e+00 0.000000e+00 1.000000e+00
    outer loop
      vertex   -8.423607e+01 -1.713820e+02 1.000000e+00
      vertex   -8.425000e+01 -1.650000e+02 1.000000e+00
      vertex   -8.444412e+01 -1.649744e+02 1.000000e+00
    endloop
  endfacet
  facet normal 0.000000e+00 0.000000e+00 1.000000e+00
    outer loop
      vertex   -8.423607e+01 -1.713820e+02 1.000000e+00
      vertex   -8.444412e+01 -1.649744e+02 1.000000e+00
      vertex   -8.501865e+01 -1.708958e+02 1.000000e+00
    endloop
  endfacet
  facet normal 0.000000e+00 0.000000e+00 1.000000e+00
    outer loop
      vertex   -8.501865e+01 -1.708958e+02 1.000000e+00
      vertex   -8.444412e+01 -1.649744e+02 1.000000e+00
      vertex   -8.462500e+01 -1.648995e+02 1.000000e+00
    endloop
  endfacet
  facet normal 0.000000e+00 0.000000e+00 1.000000e+00
    outer loop
      vertex   -8.501865e+01 -1.708958e+02 1.000000e+00
      vertex   -8.462500e+01 -1.648995e+02 1.000000e+00
      vertex   -8.478033e+01 -1.647803e+02 1.000000e+00
    endloop
  endfacet
  facet normal 0.000000e+00 0.000000e+00 1.000000e+00
    outer loop
      vertex   -8.478033e+01 -1.647803e+02 1.000000e+00
      vertex   -8.489952e+01 -1.646250e+02 1.000000e+00
      vertex   -8.501865e+01 -1.708958e+02 1.000000e+00
    endloop
  endfacet
  facet normal 0.000000e+00 -0.000000e+00 1.000000e+00
    outer loop
      vertex   -8.501865e+01 -1.708958e+02 1.000000e+00
      vertex   -8.489952e+01 -1.646250e+02 1.000000e+00
      vertex   -8.569875e+01 -1.702742e+02 1.000000e+00
    endloop
  endfacet
  facet normal 0.000000e+00 0.000000e+00 1.000000e+00
    outer loop
      vertex   -8.569875e+01 -1.702742e+02 1.000000e+00
      vertex   -8.489952e+01 -1.646250e+02 1.000000e+00
      vertex   -8.497445e+01 -1.644441e+02 1.000000e+00
    endloop
  endfacet
  facet normal 0.000000e+00 -0.000000e+00 1.000000e+00
    outer loop
      vertex   -8.569875e+01 -1.702742e+02 1.000000e+00
      vertex   -8.497445e+01 -1.644441e+02 1.000000e+00
      vertex   -8.625326e+01 -1.695385e+02 1.000000e+00
    endloop
  endfacet
  facet normal 0.000000e+00 0.000000e+00 1.000000e+00
    outer loop
      vertex   -8.625326e+01 -1.695385e+02 1.000000e+00
      vertex   -8.497445e+01 -1.644441e+02 1.000000e+00
      vertex   -8.500000e+01 -1.642500e+02 1.000000e+00
    endloop
  endfacet
  facet normal 0.000000e+00 -0.000000e+00 1.000000e+00
    outer loop
      vertex   -8.625326e+01 -1.695385e+02 1.000000e+00
      vertex   -8.500000e+01 -1.642500e+02 1.000000e+00
      vertex   -8.666335e+01 -1.687135e+02 1.000000e+00
    endloop
  endfacet
  facet normal 0.000000e+00 -0.000000e+00 1.000000e+00
    outer loop
      vertex   -8.666335e+01 -1.687135e+02 1.000000e+00
      vertex   -8.500000e+01 -1.642500e+02 1.000000e+00
      vertex   -8.700000e+01 -1.669098e+02 1.000000e+00
    endloop
  endfacet
  facet normal 0.000000e+00 0.000000e+00 1.000000e+00
    outer loop
      vertex   -8.666335e+01 -1.687135e+02 1.000000e+00
      vertex   -8.700000e+01 -1.669098e+02 1.000000e+00
      vertex   -8.691512e+01 -1.678272e+02 1.000000e+00
    endloop
  endfacet
  facet normal 0.000000e+00 0.000000e+00 1.000000e+00
    outer loop
      vertex   -8.500000e+01 -1.457500e+02 1.000000e+00
      vertex   -8.575000e+01 -1.450000e+02 1.000000e+00
      vertex   -8.500000e+01 -1.642500e+02 1.000000e+00
    endloop
  endfacet
  facet normal 0.000000e+00 0.000000e+00 1.000000e+00
    outer loop
      vertex   -8.500000e+01 -1.642500e+02 1.000000e+00
      vertex   -8.575000e+01 -1.450000e+02 1.000000e+00
      vertex   -8.625000e+01 -1.450000e+02 1.000000e+00
    endloop
  endfacet
  facet normal 0.000000e+00 0.000000e+00 1.000000e+00
    outer loop
      vertex   -8.500000e+01 -1.642500e+02 1.000000e+00
      vertex   -8.625000e+01 -1.450000e+02 1.000000e+00
      vertex   -8.700000e+01 -1.457500e+02 1.000000e+00
    endloop
  endfacet
  facet normal 0.000000e+00 0.000000e+00 1.000000e+00
    outer loop
      vertex   -8.700000e+01 -1.457500e+02 1.000000e+00
      vertex   -8.625000e+01 -1.450000e+02 1.000000e+00
      vertex   -8.644412e+01 -1.450256e+02 1.000000e+00
    endloop
  endfacet
  facet normal 0.000000e+00 0.000000e+00 1.000000e+00
    outer loop
      vertex   -8.700000e+01 -1.457500e+02 1.000000e+00
      vertex   -8.644412e+01 -1.450256e+02 1.000000e+00
      vertex   -8.662500e+01 -1.451005e+02 1.000000e+00
    endloop
  endfacet
  facet normal 0.000000e+00 0.000000e+00 1.000000e+00
    outer loop
      vertex   -8.502556e+01 -1.455559e+02 1.000000e+00
      vertex   -8.510048e+01 -1.453750e+02 1.000000e+00
      vertex   -8.500000e+01 -1.457500e+02 1.000000e+00
    endloop
  endfacet
  facet normal 0.000000e+00 0.000000e+00 1.000000e+00
    outer loop
      vertex   -8.500000e+01 -1.457500e+02 1.000000e+00
      vertex   -8.510048e+01 -1.453750e+02 1.000000e+00
      vertex   -8.521967e+01 -1.452197e+02 1.000000e+00
    endloop
  endfacet
  facet normal 0.000000e+00 0.000000e+00 1.000000e+00
    outer loop
      vertex   -8.500000e+01 -1.457500e+02 1.000000e+00
      vertex   -8.521967e+01 -1.452197e+02 1.000000e+00
      vertex   -8.537500e+01 -1.451005e+02 1.000000e+00
    endloop
  endfacet
  facet normal 0.000000e+00 0.000000e+00 1.000000e+00
    outer loop
      vertex   -8.537500e+01 -1.451005e+02 1.000000e+00
      vertex   -8.555589e+01 -1.450256e+02 1.000000e+00
      vertex   -8.500000e+01 -1.457500e+02 1.000000e+00
    endloop
  endfacet
  facet normal 0.000000e+00 0.000000e+00 1.000000e+00
    outer loop
      vertex   -8.500000e+01 -1.457500e+02 1.000000e+00
      vertex   -8.555589e+01 -1.450256e+02 1.000000e+00
      vertex   -8.575000e+01 -1.450000e+02 1.000000e+00
    endloop
  endfacet
  facet normal 0.000000e+00 0.000000e+00 1.000000e+00
    outer loop
      vertex   -8.662500e+01 -1.451005e+02 1.000000e+00
      vertex   -8.678033e+01 -1.452197e+02 1.000000e+00
      vertex   -8.700000e+01 -1.457500e+02 1.000000e+00
    endloop
  endfacet
  facet normal 0.000000e+00 0.000000e+00 1.000000e+00
    outer loop
      vertex   -8.700000e+01 -1.457500e+02 1.000000e+00
      vertex   -8.678033e+01 -1.452197e+02 1.000000e+00
      vertex   -8.689952e+01 -1.453750e+02 1.000000e+00
    endloop
  endfacet
  facet normal 0.000000e+00 0.000000e+00 1.000000e+00
    outer loop
      vertex   -8.700000e+01 -1.457500e+02 1.000000e+00
      vertex   -8.689952e+01 -1.453750e+02 1.000000e+00
      vertex   -8.697445e+01 -1.455559e+02 1.000000e+00
    endloop
  endfacet
  facet normal 0.000000e+00 0.000000e+00 1.000000e+00
    outer loop
      vertex   -8.700000e+01 -1.457500e+02 1.000000e+00
      vertex   -8.700000e+01 -1.669098e+02 1.000000e+00
      vertex   -8.500000e+01 -1.642500e+02 1.000000e+00
    endloop
  endfacet
  facet normal 0.000000e+00 0.000000e+00 1.000000e+00
    outer loop
      vertex   -7.906348e+01 -2.050000e+02 1.000000e+00
      vertex   -7.860974e+01 -2.049479e+02 1.000000e+00
      vertex   -7.790833e+01 -1.759336e+02 1.000000e+00
    endloop
  endfacet
  facet normal 0.000000e+00 0.000000e+00 1.000000e+00
    outer loop
      vertex   -7.790833e+01 -1.759336e+02 1.000000e+00
      vertex   -7.860974e+01 -2.049479e+02 1.000000e+00
      vertex   -7.706445e+01 -2.029375e+02 1.000000e+00
    endloop
  endfacet
  facet normal 0.000000e+00 0.000000e+00 1.000000e+00
    outer loop
      vertex   -7.706445e+01 -2.029375e+02 1.000000e+00
      vertex   -7.860974e+01 -2.049479e+02 1.000000e+00
      vertex   -7.817966e+01 -2.047941e+02 1.000000e+00
    endloop
  endfacet
  facet normal 0.000000e+00 0.000000e+00 1.000000e+00
    outer loop
      vertex   -7.706445e+01 -2.029375e+02 1.000000e+00
      vertex   -7.817966e+01 -2.047941e+02 1.000000e+00
      vertex   -7.779568e+01 -2.045468e+02 1.000000e+00
    endloop
  endfacet
  facet normal 0.000000e+00 0.000000e+00 1.000000e+00
    outer loop
      vertex   -7.779568e+01 -2.045468e+02 1.000000e+00
      vertex   -7.747780e+01 -2.042189e+02 1.000000e+00
      vertex   -7.706445e+01 -2.029375e+02 1.000000e+00
    endloop
  endfacet
  facet normal 0.000000e+00 0.000000e+00 1.000000e+00
    outer loop
      vertex   -7.706445e+01 -2.029375e+02 1.000000e+00
      vertex   -7.747780e+01 -2.042189e+02 1.000000e+00
      vertex   -7.724263e+01 -2.038273e+02 1.000000e+00
    endloop
  endfacet
  facet normal 0.000000e+00 0.000000e+00 1.000000e+00
    outer loop
      vertex   -7.706445e+01 -2.029375e+02 1.000000e+00
      vertex   -7.724263e+01 -2.038273e+02 1.000000e+00
      vertex   -7.710241e+01 -2.033927e+02 1.000000e+00
    endloop
  endfacet
  facet normal -0.000000e+00 1.000000e+00 0.000000e+00
    outer loop
      vertex   -6.491493e+01 -2.050000e+02 2.000000e+00
      vertex   -6.408507e+01 -2.050000e+02 2.000000e+00
      vertex   -6.491493e+01 -2.050000e+02 1.000000e+00
    endloop
  endfacet
  facet normal 0.000000e+00 1.000000e+00 0.000000e+00
    outer loop
      vertex   -6.491493e+01 -2.050000e+02 1.000000e+00
      vertex   -6.408507e+01 -2.050000e+02 2.000000e+00
      vertex   -6.408507e+01 -2.050000e+02 1.000000e+00
    endloop
  endfacet
  facet normal -1.149197e-01 9.933748e-01 0.000000e+00
    outer loop
      vertex   -6.408507e+01 -2.050000e+02 1.000000e+00
      vertex   -6.408507e+01 -2.050000e+02 2.000000e+00
      vertex   -6.362844e+01 -2.049472e+02 1.000000e+00
    endloop
  endfacet
  facet normal -1.149197e-01 9.933748e-01 0.000000e+00
    outer loop
      vertex   -6.362844e+01 -2.049472e+02 1.000000e+00
      vertex   -6.408507e+01 -2.050000e+02 2.000000e+00
      vertex   -6.362844e+01 -2.049472e+02 2.000000e+00
    endloop
  endfacet
  facet normal -3.386885e-01 9.408986e-01 0.000000e+00
    outer loop
      vertex   -6.362844e+01 -2.049472e+02 1.000000e+00
      vertex   -6.362844e+01 -2.049472e+02 2.000000e+00
      vertex   -6.319592e+01 -2.047915e+02 1.000000e+00
    endloop
  endfacet
  facet normal -3.386885e-01 9.408986e-01 0.000000e+00
    outer loop
      vertex   -6.319592e+01 -2.047915e+02 1.000000e+00
      vertex   -6.362844e+01 -2.049472e+02 2.000000e+00
      vertex   -6.319592e+01 -2.047915e+02 2.000000e+00
    endloop
  endfacet
  facet normal -5.445656e-01 8.387183e-01 0.000000e+00
    outer loop
      vertex   -6.319592e+01 -2.047915e+02 1.000000e+00
      vertex   -6.319592e+01 -2.047915e+02 2.000000e+00
      vertex   -6.281038e+01 -2.045412e+02 1.000000e+00
    endloop
  endfacet
  facet normal -5.445656e-01 8.387183e-01 0.000000e+00
    outer loop
      vertex   -6.281038e+01 -2.045412e+02 1.000000e+00
      vertex   -6.319592e+01 -2.047915e+02 2.000000e+00
      vertex   -6.281038e+01 -2.045412e+02 2.000000e+00
    endloop
  endfacet
  facet normal -7.216753e-01 6.922317e-01 0.000000e+00
    outer loop
      vertex   -6.281038e+01 -2.045412e+02 1.000000e+00
      vertex   -6.281038e+01 -2.045412e+02 2.000000e+00
      vertex   -6.249218e+01 -2.042094e+02 1.000000e+00
    endloop
  endfacet
  facet normal -7.216753e-01 6.922317e-01 0.000000e+00
    outer loop
      vertex   -6.249218e+01 -2.042094e+02 1.000000e+00
      vertex   -6.281038e+01 -2.045412e+02 2.000000e+00
      vertex   -6.249218e+01 -2.042094e+02 2.000000e+00
    endloop
  endfacet
  facet normal -8.606617e-01 5.091772e-01 0.000000e+00
    outer loop
      vertex   -6.249218e+01 -2.042094e+02 1.000000e+00
      vertex   -6.249218e+01 -2.042094e+02 2.000000e+00
      vertex   -6.225812e+01 -2.038138e+02 1.000000e+00
    endloop
  endfacet
  facet normal -8.606617e-01 5.091772e-01 0.000000e+00
    outer loop
      vertex   -6.225812e+01 -2.038138e+02 1.000000e+00
      vertex   -6.249218e+01 -2.042094e+02 2.000000e+00
      vertex   -6.225812e+01 -2.038138e+02 2.000000e+00
    endloop
  endfacet
  facet normal -9.541827e-01 2.992247e-01 0.000000e+00
    outer loop
      vertex   -6.225812e+01 -2.038138e+02 1.000000e+00
      vertex   -6.225812e+01 -2.038138e+02 2.000000e+00
      vertex   -6.212057e+01 -2.033752e+02 1.000000e+00
    endloop
  endfacet
  facet normal -9.541827e-01 2.992247e-01 0.000000e+00
    outer loop
      vertex   -6.212057e+01 -2.033752e+02 1.000000e+00
      vertex   -6.225812e+01 -2.038138e+02 2.000000e+00
      vertex   -6.212057e+01 -2.033752e+02 2.000000e+00
    endloop
  endfacet
  facet normal -9.972978e-01 7.346538e-02 0.000000e+00
    outer loop
      vertex   -6.212057e+01 -2.033752e+02 1.000000e+00
      vertex   -6.212057e+01 -2.033752e+02 2.000000e+00
      vertex   -6.208680e+01 -2.029167e+02 1.000000e+00
    endloop
  endfacet
  facet normal -9.972978e-01 7.346538e-02 0.000000e+00
    outer loop
      vertex   -6.208680e+01 -2.029167e+02 1.000000e+00
      vertex   -6.212057e+01 -2.033752e+02 2.000000e+00
      vertex   -6.208680e+01 -2.029167e+02 2.000000e+00
    endloop
  endfacet
  facet normal -9.991331e-01 -4.163054e-02 -0.000000e+00
    outer loop
      vertex   -6.208680e+01 -2.029167e+02 2.000000e+00
      vertex   -6.297260e+01 -1.816577e+02 2.000000e+00
      vertex   -6.208680e+01 -2.029167e+02 1.000000e+00
    endloop
  endfacet
  facet normal -9.991331e-01 -4.163054e-02 0.000000e+00
    outer loop
      vertex   -6.208680e+01 -2.029167e+02 1.000000e+00
      vertex   -6.297260e+01 -1.816577e+02 2.000000e+00
      vertex   -6.297260e+01 -1.816577e+02 1.000000e+00
    endloop
  endfacet
  facet normal -9.980948e-01 6.169830e-02 0.000000e+00
    outer loop
      vertex   -6.297260e+01 -1.816577e+02 1.000000e+00
      vertex   -6.297260e+01 -1.816577e+02 2.000000e+00
      vertex   -6.295350e+01 -1.813487e+02 1.000000e+00
    endloop
  endfacet
  facet normal -9.980948e-01 6.169830e-02 0.000000e+00
    outer loop
      vertex   -6.295350e+01 -1.813487e+02 1.000000e+00
      vertex   -6.297260e+01 -1.816577e+02 2.000000e+00
      vertex   -6.295350e+01 -1.813487e+02 2.000000e+00
    endloop
  endfacet
  facet normal -9.641705e-01 2.652833e-01 0.000000e+00
    outer loop
      vertex   -6.295350e+01 -1.813487e+02 1.000000e+00
      vertex   -6.295350e+01 -1.813487e+02 2.000000e+00
      vertex   -6.287137e+01 -1.810502e+02 1.000000e+00
    endloop
  endfacet
  facet normal -9.641705e-01 2.652833e-01 0.000000e+00
    outer loop
      vertex   -6.287137e+01 -1.810502e+02 1.000000e+00
      vertex   -6.295350e+01 -1.813487e+02 2.000000e+00
      vertex   -6.287137e+01 -1.810502e+02 2.000000e+00
    endloop
  endfacet
  facet normal -8.891748e-01 4.575678e-01 0.000000e+00
    outer loop
      vertex   -6.287137e+01 -1.810502e+02 1.000000e+00
      vertex   -6.287137e+01 -1.810502e+02 2.000000e+00
      vertex   -6.272971e+01 -1.807749e+02 1.000000e+00
    endloop
  endfacet
  facet normal -8.891748e-01 4.575678e-01 0.000000e+00
    outer loop
      vertex   -6.272971e+01 -1.807749e+02 1.000000e+00
      vertex   -6.287137e+01 -1.810502e+02 2.000000e+00
      vertex   -6.272971e+01 -1.807749e+02 2.000000e+00
    endloop
  endfacet
  facet normal -7.763022e-01 6.303609e-01 0.000000e+00
    outer loop
      vertex   -6.272971e+01 -1.807749e+02 1.000000e+00
      vertex   -6.272971e+01 -1.807749e+02 2.000000e+00
      vertex   -6.253456e+01 -1.805346e+02 1.000000e+00
    endloop
  endfacet
  facet normal -7.763022e-01 6.303609e-01 0.000000e+00
    outer loop
      vertex   -6.253456e+01 -1.805346e+02 1.000000e+00
      vertex   -6.272971e+01 -1.807749e+02 2.000000e+00
      vertex   -6.253456e+01 -1.805346e+02 2.000000e+00
    endloop
  endfacet
  facet normal -7.071068e-01 7.071068e-01 0.000000e+00
    outer loop
      vertex   -6.253456e+01 -1.805346e+02 2.000000e+00
      vertex   -6.243934e+01 -1.804393e+02 2.000000e+00
      vertex   -6.253456e+01 -1.805346e+02 1.000000e+00
    endloop
  endfacet
  facet normal -7.071068e-01 7.071068e-01 0.000000e+00
    outer loop
      vertex   -6.253456e+01 -1.805346e+02 1.000000e+00
      vertex   -6.243934e+01 -1.804393e+02 2.000000e+00
      vertex   -6.243934e+01 -1.804393e+02 1.000000e+00
    endloop
  endfacet
  facet normal -7.933533e-01 6.087614e-01 0.000000e+00
    outer loop
      vertex   -6.243934e+01 -1.804393e+02 1.000000e+00
      vertex   -6.243934e+01 -1.804393e+02 2.000000e+00
      vertex   -6.220096e+01 -1.801287e+02 1.000000e+00
    endloop
  endfacet
  facet normal -7.933533e-01 6.087614e-01 0.000000e+00
    outer loop
      vertex   -6.220096e+01 -1.801287e+02 1.000000e+00
      vertex   -6.243934e+01 -1.804393e+02 2.000000e+00
      vertex   -6.220096e+01 -1.801287e+02 2.000000e+00
    endloop
  endfacet
  facet normal -9.238795e-01 3.826834e-01 0.000000e+00
    outer loop
      vertex   -6.220096e+01 -1.801287e+02 1.000000e+00
      vertex   -6.220096e+01 -1.801287e+02 2.000000e+00
      vertex   -6.205111e+01 -1.797669e+02 1.000000e+00
    endloop
  endfacet
  facet normal -9.238795e-01 3.826834e-01 0.000000e+00
    outer loop
      vertex   -6.205111e+01 -1.797669e+02 1.000000e+00
      vertex   -6.220096e+01 -1.801287e+02 2.000000e+00
      vertex   -6.205111e+01 -1.797669e+02 2.000000e+00
    endloop
  endfacet
  facet normal -9.914449e-01 1.305262e-01 0.000000e+00
    outer loop
      vertex   -6.205111e+01 -1.797669e+02 1.000000e+00
      vertex   -6.205111e+01 -1.797669e+02 2.000000e+00
      vertex   -6.200000e+01 -1.793787e+02 1.000000e+00
    endloop
  endfacet
  facet normal -9.914449e-01 1.305262e-01 0.000000e+00
    outer loop
      vertex   -6.200000e+01 -1.793787e+02 1.000000e+00
      vertex   -6.205111e+01 -1.797669e+02 2.000000e+00
      vertex   -6.200000e+01 -1.793787e+02 2.000000e+00
    endloop
  endfacet
  facet normal -1.000000e+00 -4.233450e-16 -0.000000e+00
    outer loop
      vertex   -6.200000e+01 -1.793787e+02 2.000000e+00
      vertex   -6.200000e+01 -1.458107e+02 2.000000e+00
      vertex   -6.200000e+01 -1.793787e+02 1.000000e+00
    endloop
  endfacet
  facet normal -1.000000e+00 -4.233450e-16 0.000000e+00
    outer loop
      vertex   -6.200000e+01 -1.793787e+02 1.000000e+00
      vertex   -6.200000e+01 -1.458107e+02 2.000000e+00
      vertex   -6.200000e+01 -1.458107e+02 1.000000e+00
    endloop
  endfacet
  facet normal -9.914449e-01 -1.305262e-01 0.000000e+00
    outer loop
      vertex   -6.200000e+01 -1.458107e+02 1.000000e+00
      vertex   -6.200000e+01 -1.458107e+02 2.000000e+00
      vertex   -6.202556e+01 -1.456165e+02 1.000000e+00
    endloop
  endfacet
  facet normal -9.914449e-01 -1.305262e-01 0.000000e+00
    outer loop
      vertex   -6.202556e+01 -1.456165e+02 1.000000e+00
      vertex   -6.200000e+01 -1.458107e+02 2.000000e+00
      vertex   -6.202556e+01 -1.456165e+02 2.000000e+00
    endloop
  endfacet
  facet normal -9.238795e-01 -3.826834e-01 0.000000e+00
    outer loop
      vertex   -6.202556e+01 -1.456165e+02 1.000000e+00
      vertex   -6.202556e+01 -1.456165e+02 2.000000e+00
      vertex   -6.210048e+01 -1.454357e+02 1.000000e+00
    endloop
  endfacet
  facet normal -9.238795e-01 -3.826834e-01 0.000000e+00
    outer loop
      vertex   -6.210048e+01 -1.454357e+02 1.000000e+00
      vertex   -6.202556e+01 -1.456165e+02 2.000000e+00
      vertex   -6.210048e+01 -1.454357e+02 2.000000e+00
    endloop
  endfacet
  facet normal -7.933533e-01 -6.087614e-01 0.000000e+00
    outer loop
      vertex   -6.210048e+01 -1.454357e+02 1.000000e+00
      vertex   -6.210048e+01 -1.454357e+02 2.000000e+00
      vertex   -6.221967e+01 -1.452803e+02 1.000000e+00
    endloop
  endfacet
  facet normal -7.933533e-01 -6.087614e-01 0.000000e+00
    outer loop
      vertex   -6.221967e+01 -1.452803e+02 1.000000e+00
      vertex   -6.210048e+01 -1.454357e+02 2.000000e+00
      vertex   -6.221967e+01 -1.452803e+02 2.000000e+00
    endloop
  endfacet
  facet normal -6.087614e-01 -7.933533e-01 0.000000e+00
    outer loop
      vertex   -6.221967e+01 -1.452803e+02 1.000000e+00
      vertex   -6.221967e+01 -1.452803e+02 2.000000e+00
      vertex   -6.237500e+01 -1.451611e+02 1.000000e+00
    endloop
  endfacet
  facet normal -6.087614e-01 -7.933533e-01 0.000000e+00
    outer loop
      vertex   -6.237500e+01 -1.451611e+02 1.000000e+00
      vertex   -6.221967e+01 -1.452803e+02 2.000000e+00
      vertex   -6.237500e+01 -1.451611e+02 2.000000e+00
    endloop
  endfacet
  facet normal -3.826834e-01 -9.238795e-01 0.000000e+00
    outer loop
      vertex   -6.237500e+01 -1.451611e+02 1.000000e+00
      vertex   -6.237500e+01 -1.451611e+02 2.000000e+00
      vertex   -6.255589e+01 -1.450862e+02 1.000000e+00
    endloop
  endfacet
  facet normal -3.826834e-01 -9.238795e-01 0.000000e+00
    outer loop
      vertex   -6.255589e+01 -1.450862e+02 1.000000e+00
      vertex   -6.237500e+01 -1.451611e+02 2.000000e+00
      vertex   -6.255589e+01 -1.450862e+02 2.000000e+00
    endloop
  endfacet
  facet normal -1.305262e-01 -9.914449e-01 0.000000e+00
    outer loop
      vertex   -6.255589e+01 -1.450862e+02 1.000000e+00
      vertex   -6.255589e+01 -1.450862e+02 2.000000e+00
      vertex   -6.275000e+01 -1.450607e+02 1.000000e+00
    endloop
  endfacet
  facet normal -1.305262e-01 -9.914449e-01 0.000000e+00
    outer loop
      vertex   -6.275000e+01 -1.450607e+02 1.000000e+00
      vertex   -6.255589e+01 -1.450862e+02 2.000000e+00
      vertex   -6.275000e+01 -1.450607e+02 2.000000e+00
    endloop
  endfacet
  facet normal 1.305262e-01 -9.914449e-01 0.000000e+00
    outer loop
      vertex   -6.275000e+01 -1.450607e+02 1.000000e+00
      vertex   -6.275000e+01 -1.450607e+02 2.000000e+00
      vertex   -6.294412e+01 -1.450862e+02 1.000000e+00
    endloop
  endfacet
  facet normal 1.305262e-01 -9.914449e-01 0.000000e+00
    outer loop
      vertex   -6.294412e+01 -1.450862e+02 1.000000e+00
      vertex   -6.275000e+01 -1.450607e+02 2.000000e+00
      vertex   -6.294412e+01 -1.450862e+02 2.000000e+00
    endloop
  endfacet
  facet normal 3.826834e-01 -9.238795e-01 0.000000e+00
    outer loop
      vertex   -6.294412e+01 -1.450862e+02 1.000000e+00
      vertex   -6.294412e+01 -1.450862e+02 2.000000e+00
      vertex   -6.312500e+01 -1.451611e+02 1.000000e+00
    endloop
  endfacet
  facet normal 3.826834e-01 -9.238795e-01 0.000000e+00
    outer loop
      vertex   -6.312500e+01 -1.451611e+02 1.000000e+00
      vertex   -6.294412e+01 -1.450862e+02 2.000000e+00
      vertex   -6.312500e+01 -1.451611e+02 2.000000e+00
    endloop
  endfacet
  facet normal 6.087614e-01 -7.933533e-01 0.000000e+00
    outer loop
      vertex   -6.312500e+01 -1.451611e+02 1.000000e+00
      vertex   -6.312500e+01 -1.451611e+02 2.000000e+00
      vertex   -6.328033e+01 -1.452803e+02 1.000000e+00
    endloop
  endfacet
  facet normal 6.087614e-01 -7.933533e-01 0.000000e+00
    outer loop
      vertex   -6.328033e+01 -1.452803e+02 1.000000e+00
      vertex   -6.312500e+01 -1.451611e+02 2.000000e+00
      vertex   -6.328033e+01 -1.452803e+02 2.000000e+00
    endloop
  endfacet
  facet normal 7.071068e-01 -7.071068e-01 0.000000e+00
    outer loop
      vertex   -6.328033e+01 -1.452803e+02 2.000000e+00
      vertex   -6.334315e+01 -1.453432e+02 2.000000e+00
      vertex   -6.328033e+01 -1.452803e+02 1.000000e+00
    endloop
  endfacet
  facet normal 7.071068e-01 -7.071068e-01 0.000000e+00
    outer loop
      vertex   -6.328033e+01 -1.452803e+02 1.000000e+00
      vertex   -6.334315e+01 -1.453432e+02 2.000000e+00
      vertex   -6.334315e+01 -1.453432e+02 1.000000e+00
    endloop
  endfacet
  facet normal 7.481706e-01 -6.635064e-01 0.000000e+00
    outer loop
      vertex   -6.334315e+01 -1.453432e+02 1.000000e+00
      vertex   -6.334315e+01 -1.453432e+02 2.000000e+00
      vertex   -6.413759e+01 -1.462390e+02 1.000000e+00
    endloop
  endfacet
  facet normal 7.481706e-01 -6.635064e-01 0.000000e+00
    outer loop
      vertex   -6.413759e+01 -1.462390e+02 1.000000e+00
      vertex   -6.334315e+01 -1.453432e+02 2.000000e+00
      vertex   -6.413759e+01 -1.462390e+02 2.000000e+00
    endloop
  endfacet
  facet normal 8.221091e-01 -5.693300e-01 0.000000e+00
    outer loop
      vertex   -6.413759e+01 -1.462390e+02 1.000000e+00
      vertex   -6.413759e+01 -1.462390e+02 2.000000e+00
      vertex   -6.481927e+01 -1.472233e+02 1.000000e+00
    endloop
  endfacet
  facet normal 8.221091e-01 -5.693300e-01 0.000000e+00
    outer loop
      vertex   -6.481927e+01 -1.472233e+02 1.000000e+00
      vertex   -6.413759e+01 -1.462390e+02 2.000000e+00
      vertex   -6.481927e+01 -1.472233e+02 2.000000e+00
    endloop
  endfacet
  facet normal 8.842617e-01 -4.669917e-01 0.000000e+00
    outer loop
      vertex   -6.481927e+01 -1.472233e+02 1.000000e+00
      vertex   -6.481927e+01 -1.472233e+02 2.000000e+00
      vertex   -6.537841e+01 -1.482821e+02 1.000000e+00
    endloop
  endfacet
  facet normal 8.842617e-01 -4.669917e-01 0.000000e+00
    outer loop
      vertex   -6.537841e+01 -1.482821e+02 1.000000e+00
      vertex   -6.481927e+01 -1.472233e+02 2.000000e+00
      vertex   -6.537841e+01 -1.482821e+02 2.000000e+00
    endloop
  endfacet
  facet normal 9.337375e-01 -3.579586e-01 0.000000e+00
    outer loop
      vertex   -6.537841e+01 -1.482821e+02 1.000000e+00
      vertex   -6.537841e+01 -1.482821e+02 2.000000e+00
      vertex   -6.580701e+01 -1.494001e+02 1.000000e+00
    endloop
  endfacet
  facet normal 9.337375e-01 -3.579586e-01 0.000000e+00
    outer loop
      vertex   -6.580701e+01 -1.494001e+02 1.000000e+00
      vertex   -6.537841e+01 -1.482821e+02 2.000000e+00
      vertex   -6.580701e+01 -1.494001e+02 2.000000e+00
    endloop
  endfacet
  facet normal 9.698271e-01 -2.437937e-01 0.000000e+00
    outer loop
      vertex   -6.580701e+01 -1.494001e+02 1.000000e+00
      vertex   -6.580701e+01 -1.494001e+02 2.000000e+00
      vertex   -6.609891e+01 -1.505613e+02 1.000000e+00
    endloop
  endfacet
  facet normal 9.698271e-01 -2.437937e-01 0.000000e+00
    outer loop
      vertex   -6.609891e+01 -1.505613e+02 1.000000e+00
      vertex   -6.580701e+01 -1.494001e+02 2.000000e+00
      vertex   -6.609891e+01 -1.505613e+02 2.000000e+00
    endloop
  endfacet
  facet normal 9.920132e-01 -1.261338e-01 0.000000e+00
    outer loop
      vertex   -6.609891e+01 -1.505613e+02 1.000000e+00
      vertex   -6.609891e+01 -1.505613e+02 2.000000e+00
      vertex   -6.624994e+01 -1.517490e+02 1.000000e+00
    endloop
  endfacet
  facet normal 9.920132e-01 -1.261338e-01 0.000000e+00
    outer loop
      vertex   -6.624994e+01 -1.517490e+02 1.000000e+00
      vertex   -6.609891e+01 -1.505613e+02 2.000000e+00
      vertex   -6.624994e+01 -1.517490e+02 2.000000e+00
    endloop
  endfacet
  facet normal 9.977852e-01 -6.651901e-02 0.000000e+00
    outer loop
      vertex   -6.624994e+01 -1.517490e+02 2.000000e+00
      vertex   -6.790967e+01 -1.766450e+02 2.000000e+00
      vertex   -6.624994e+01 -1.517490e+02 1.000000e+00
    endloop
  endfacet
  facet normal 9.977852e-01 -6.651901e-02 0.000000e+00
    outer loop
      vertex   -6.624994e+01 -1.517490e+02 1.000000e+00
      vertex   -6.790967e+01 -1.766450e+02 2.000000e+00
      vertex   -6.790967e+01 -1.766450e+02 1.000000e+00
    endloop
  endfacet
  facet normal 9.998837e-01 1.525259e-02 -0.000000e+00
    outer loop
      vertex   -6.790967e+01 -1.766450e+02 1.000000e+00
      vertex   -6.790967e+01 -1.766450e+02 2.000000e+00
      vertex   -6.789970e+01 -1.772988e+02 1.000000e+00
    endloop
  endfacet
  facet normal 9.998837e-01 1.525259e-02 -0.000000e+00
    outer loop
      vertex   -6.789970e+01 -1.772988e+02 1.000000e+00
      vertex   -6.790967e+01 -1.766450e+02 2.000000e+00
      vertex   -6.789970e+01 -1.772988e+02 2.000000e+00
    endloop
  endfacet
  facet normal 9.840408e-01 1.779432e-01 -0.000000e+00
    outer loop
      vertex   -6.789970e+01 -1.772988e+02 1.000000e+00
      vertex   -6.789970e+01 -1.772988e+02 2.000000e+00
      vertex   -6.778335e+01 -1.779422e+02 2.000000e+00
    endloop
  endfacet
  facet normal 9.840408e-01 1.779432e-01 0.000000e+00
    outer loop
      vertex   -6.789970e+01 -1.772988e+02 1.000000e+00
      vertex   -6.778335e+01 -1.779422e+02 2.000000e+00
      vertex   -6.778335e+01 -1.779422e+02 1.000000e+00
    endloop
  endfacet
  facet normal 9.419050e-01 3.358793e-01 -0.000000e+00
    outer loop
      vertex   -6.778335e+01 -1.779422e+02 1.000000e+00
      vertex   -6.778335e+01 -1.779422e+02 2.000000e+00
      vertex   -6.756374e+01 -1.785581e+02 2.000000e+00
    endloop
  endfacet
  facet normal 9.419050e-01 3.358793e-01 0.000000e+00
    outer loop
      vertex   -6.778335e+01 -1.779422e+02 1.000000e+00
      vertex   -6.756374e+01 -1.785581e+02 2.000000e+00
      vertex   -6.756374e+01 -1.785581e+02 1.000000e+00
    endloop
  endfacet
  facet normal 8.746024e-01 4.848409e-01 -0.000000e+00
    outer loop
      vertex   -6.756374e+01 -1.785581e+02 1.000000e+00
      vertex   -6.756374e+01 -1.785581e+02 2.000000e+00
      vertex   -6.724673e+01 -1.791299e+02 1.000000e+00
    endloop
  endfacet
  facet normal 8.746024e-01 4.848409e-01 -0.000000e+00
    outer loop
      vertex   -6.724673e+01 -1.791299e+02 1.000000e+00
      vertex   -6.756374e+01 -1.785581e+02 2.000000e+00
      vertex   -6.724673e+01 -1.791299e+02 2.000000e+00
    endloop
  endfacet
  facet normal 8.320503e-01 5.547002e-01 0.000000e+00
    outer loop
      vertex   -6.724673e+01 -1.791299e+02 2.000000e+00
      vertex   -6.690320e+01 -1.796452e+02 2.000000e+00
      vertex   -6.724673e+01 -1.791299e+02 1.000000e+00
    endloop
  endfacet
  facet normal 8.320503e-01 5.547002e-01 0.000000e+00
    outer loop
      vertex   -6.724673e+01 -1.791299e+02 1.000000e+00
      vertex   -6.690320e+01 -1.796452e+02 2.000000e+00
      vertex   -6.690320e+01 -1.796452e+02 1.000000e+00
    endloop
  endfacet
  facet normal 8.730875e-01 4.875635e-01 -0.000000e+00
    outer loop
      vertex   -6.690320e+01 -1.796452e+02 1.000000e+00
      vertex   -6.690320e+01 -1.796452e+02 2.000000e+00
      vertex   -6.651986e+01 -1.803317e+02 1.000000e+00
    endloop
  endfacet
  facet normal 8.730875e-01 4.875635e-01 -0.000000e+00
    outer loop
      vertex   -6.651986e+01 -1.803317e+02 1.000000e+00
      vertex   -6.690320e+01 -1.796452e+02 2.000000e+00
      vertex   -6.651986e+01 -1.803317e+02 2.000000e+00
    endloop
  endfacet
  facet normal 9.387245e-01 3.446685e-01 -0.000000e+00
    outer loop
      vertex   -6.651986e+01 -1.803317e+02 1.000000e+00
      vertex   -6.651986e+01 -1.803317e+02 2.000000e+00
      vertex   -6.624886e+01 -1.810697e+02 1.000000e+00
    endloop
  endfacet
  facet normal 9.387245e-01 3.446685e-01 -0.000000e+00
    outer loop
      vertex   -6.624886e+01 -1.810697e+02 1.000000e+00
      vertex   -6.651986e+01 -1.803317e+02 2.000000e+00
      vertex   -6.624886e+01 -1.810697e+02 2.000000e+00
    endloop
  endfacet
  facet normal 9.811494e-01 1.932508e-01 -0.000000e+00
    outer loop
      vertex   -6.624886e+01 -1.810697e+02 1.000000e+00
      vertex   -6.624886e+01 -1.810697e+02 2.000000e+00
      vertex   -6.609692e+01 -1.818412e+02 1.000000e+00
    endloop
  endfacet
  facet normal 9.811494e-01 1.932508e-01 -0.000000e+00
    outer loop
      vertex   -6.609692e+01 -1.818412e+02 1.000000e+00
      vertex   -6.624886e+01 -1.810697e+02 2.000000e+00
      vertex   -6.609692e+01 -1.818412e+02 2.000000e+00
    endloop
  endfacet
  facet normal 9.993132e-01 3.705458e-02 -0.000000e+00
    outer loop
      vertex   -6.609692e+01 -1.818412e+02 1.000000e+00
      vertex   -6.609692e+01 -1.818412e+02 2.000000e+00
      vertex   -6.606779e+01 -1.826269e+02 1.000000e+00
    endloop
  endfacet
  facet normal 9.993132e-01 3.705458e-02 -0.000000e+00
    outer loop
      vertex   -6.606779e+01 -1.826269e+02 1.000000e+00
      vertex   -6.609692e+01 -1.818412e+02 2.000000e+00
      vertex   -6.606779e+01 -1.826269e+02 2.000000e+00
    endloop
  endfacet
  facet normal 9.991331e-01 -4.163054e-02 0.000000e+00
    outer loop
      vertex   -6.606779e+01 -1.826269e+02 2.000000e+00
      vertex   -6.691320e+01 -2.029167e+02 2.000000e+00
      vertex   -6.606779e+01 -1.826269e+02 1.000000e+00
    endloop
  endfacet
  facet normal 9.991331e-01 -4.163054e-02 0.000000e+00
    outer loop
      vertex   -6.606779e+01 -1.826269e+02 1.000000e+00
      vertex   -6.691320e+01 -2.029167e+02 2.000000e+00
      vertex   -6.691320e+01 -2.029167e+02 1.000000e+00
    endloop
  endfacet
  facet normal 9.972978e-01 7.346538e-02 -0.000000e+00
    outer loop
      vertex   -6.691320e+01 -2.029167e+02 1.000000e+00
      vertex   -6.691320e+01 -2.029167e+02 2.000000e+00
      vertex   -6.687943e+01 -2.033752e+02 1.000000e+00
    endloop
  endfacet
  facet normal 9.972978e-01 7.346538e-02 -0.000000e+00
    outer loop
      vertex   -6.687943e+01 -2.033752e+02 1.000000e+00
      vertex   -6.691320e+01 -2.029167e+02 2.000000e+00
      vertex   -6.687943e+01 -2.033752e+02 2.000000e+00
    endloop
  endfacet
  facet normal 9.541827e-01 2.992247e-01 -0.000000e+00
    outer loop
      vertex   -6.687943e+01 -2.033752e+02 1.000000e+00
      vertex   -6.687943e+01 -2.033752e+02 2.000000e+00
      vertex   -6.674188e+01 -2.038138e+02 1.000000e+00
    endloop
  endfacet
  facet normal 9.541827e-01 2.992247e-01 -0.000000e+00
    outer loop
      vertex   -6.674188e+01 -2.038138e+02 1.000000e+00
      vertex   -6.687943e+01 -2.033752e+02 2.000000e+00
      vertex   -6.674188e+01 -2.038138e+02 2.000000e+00
    endloop
  endfacet
  facet normal 8.606617e-01 5.091772e-01 -0.000000e+00
    outer loop
      vertex   -6.674188e+01 -2.038138e+02 1.000000e+00
      vertex   -6.674188e+01 -2.038138e+02 2.000000e+00
      vertex   -6.650782e+01 -2.042094e+02 1.000000e+00
    endloop
  endfacet
  facet normal 8.606617e-01 5.091772e-01 -0.000000e+00
    outer loop
      vertex   -6.650782e+01 -2.042094e+02 1.000000e+00
      vertex   -6.674188e+01 -2.038138e+02 2.000000e+00
      vertex   -6.650782e+01 -2.042094e+02 2.000000e+00
    endloop
  endfacet
  facet normal 7.216753e-01 6.922317e-01 -0.000000e+00
    outer loop
      vertex   -6.650782e+01 -2.042094e+02 1.000000e+00
      vertex   -6.650782e+01 -2.042094e+02 2.000000e+00
      vertex   -6.618962e+01 -2.045412e+02 1.000000e+00
    endloop
  endfacet
  facet normal 7.216753e-01 6.922317e-01 -0.000000e+00
    outer loop
      vertex   -6.618962e+01 -2.045412e+02 1.000000e+00
      vertex   -6.650782e+01 -2.042094e+02 2.000000e+00
      vertex   -6.618962e+01 -2.045412e+02 2.000000e+00
    endloop
  endfacet
  facet normal 5.445656e-01 8.387183e-01 -0.000000e+00
    outer loop
      vertex   -6.618962e+01 -2.045412e+02 1.000000e+00
      vertex   -6.618962e+01 -2.045412e+02 2.000000e+00
      vertex   -6.580408e+01 -2.047915e+02 1.000000e+00
    endloop
  endfacet
  facet normal 5.445656e-01 8.387183e-01 -0.000000e+00
    outer loop
      vertex   -6.580408e+01 -2.047915e+02 1.000000e+00
      vertex   -6.618962e+01 -2.045412e+02 2.000000e+00
      vertex   -6.580408e+01 -2.047915e+02 2.000000e+00
    endloop
  endfacet
  facet normal 3.386885e-01 9.408986e-01 -0.000000e+00
    outer loop
      vertex   -6.580408e+01 -2.047915e+02 1.000000e+00
      vertex   -6.580408e+01 -2.047915e+02 2.000000e+00
      vertex   -6.537157e+01 -2.049472e+02 1.000000e+00
    endloop
  endfacet
  facet normal 3.386885e-01 9.408986e-01 -0.000000e+00
    outer loop
      vertex   -6.537157e+01 -2.049472e+02 1.000000e+00
      vertex   -6.580408e+01 -2.047915e+02 2.000000e+00
      vertex   -6.537157e+01 -2.049472e+02 2.000000e+00
    endloop
  endfacet
  facet normal 1.149197e-01 9.933748e-01 -0.000000e+00
    outer loop
      vertex   -6.537157e+01 -2.049472e+02 1.000000e+00
      vertex   -6.537157e+01 -2.049472e+02 2.000000e+00
      vertex   -6.491493e+01 -2.050000e+02 1.000000e+00
    endloop
  endfacet
  facet normal 1.149197e-01 9.933748e-01 -0.000000e+00
    outer loop
      vertex   -6.491493e+01 -2.050000e+02 1.000000e+00
      vertex   -6.537157e+01 -2.049472e+02 2.000000e+00
      vertex   -6.491493e+01 -2.050000e+02 2.000000e+00
    endloop
  endfacet
  facet normal -0.000000e+00 -0.000000e+00 1.000000e+00
    outer loop
      vertex   -6.687943e+01 -2.033752e+02 1.000000e+00
      vertex   -6.674188e+01 -2.038138e+02 1.000000e+00
      vertex   -6.691320e+01 -2.029167e+02 1.000000e+00
    endloop
  endfacet
  facet normal 0.000000e+00 0.000000e+00 1.000000e+00
    outer loop
      vertex   -6.691320e+01 -2.029167e+02 1.000000e+00
      vertex   -6.674188e+01 -2.038138e+02 1.000000e+00
      vertex   -6.650782e+01 -2.042094e+02 1.000000e+00
    endloop
  endfacet
  facet normal -0.000000e+00 0.000000e+00 1.000000e+00
    outer loop
      vertex   -6.691320e+01 -2.029167e+02 1.000000e+00
      vertex   -6.650782e+01 -2.042094e+02 1.000000e+00
      vertex   -6.606779e+01 -1.826269e+02 1.000000e+00
    endloop
  endfacet
  facet normal 0.000000e+00 0.000000e+00 1.000000e+00
    outer loop
      vertex   -6.606779e+01 -1.826269e+02 1.000000e+00
      vertex   -6.650782e+01 -2.042094e+02 1.000000e+00
      vertex   -6.618962e+01 -2.045412e+02 1.000000e+00
    endloop
  endfacet
  facet normal 0.000000e+00 0.000000e+00 1.000000e+00
    outer loop
      vertex   -6.606779e+01 -1.826269e+02 1.000000e+00
      vertex   -6.618962e+01 -2.045412e+02 1.000000e+00
      vertex   -6.580408e+01 -2.047915e+02 1.000000e+00
    endloop
  endfacet
  facet normal -0.000000e+00 -0.000000e+00 1.000000e+00
    outer loop
      vertex   -6.580408e+01 -2.047915e+02 1.000000e+00
      vertex   -6.537157e+01 -2.049472e+02 1.000000e+00
      vertex   -6.606779e+01 -1.826269e+02 1.000000e+00
    endloop
  endfacet
  facet normal 0.000000e+00 0.000000e+00 1.000000e+00
    outer loop
      vertex   -6.606779e+01 -1.826269e+02 1.000000e+00
      vertex   -6.537157e+01 -2.049472e+02 1.000000e+00
      vertex   -6.491493e+01 -2.050000e+02 1.000000e+00
    endloop
  endfacet
  facet normal -0.000000e+00 0.000000e+00 1.000000e+00
    outer loop
      vertex   -6.606779e+01 -1.826269e+02 1.000000e+00
      vertex   -6.491493e+01 -2.050000e+02 1.000000e+00
      vertex   -6.297260e+01 -1.816577e+02 1.000000e+00
    endloop
  endfacet
  facet normal 0.000000e+00 0.000000e+00 1.000000e+00
    outer loop
      vertex   -6.297260e+01 -1.816577e+02 1.000000e+00
      vertex   -6.491493e+01 -2.050000e+02 1.000000e+00
      vertex   -6.408507e+01 -2.050000e+02 1.000000e+00
    endloop
  endfacet
  facet normal 0.000000e+00 0.000000e+00 1.000000e+00
    outer loop
      vertex   -6.297260e+01 -1.816577e+02 1.000000e+00
      vertex   -6.408507e+01 -2.050000e+02 1.000000e+00
      vertex   -6.362844e+01 -2.049472e+02 1.000000e+00
    endloop
  endfacet
  facet normal 0.000000e+00 0.000000e+00 1.000000e+00
    outer loop
      vertex   -6.362844e+01 -2.049472e+02 1.000000e+00
      vertex   -6.319592e+01 -2.047915e+02 1.000000e+00
      vertex   -6.297260e+01 -1.816577e+02 1.000000e+00
    endloop
  endfacet
  facet normal 0.000000e+00 0.000000e+00 1.000000e+00
    outer loop
      vertex   -6.297260e+01 -1.816577e+02 1.000000e+00
      vertex   -6.319592e+01 -2.047915e+02 1.000000e+00
      vertex   -6.281038e+01 -2.045412e+02 1.000000e+00
    endloop
  endfacet
  facet normal 0.000000e+00 0.000000e+00 1.000000e+00
    outer loop
      vertex   -6.297260e+01 -1.816577e+02 1.000000e+00
      vertex   -6.281038e+01 -2.045412e+02 1.000000e+00
      vertex   -6.249218e+01 -2.042094e+02 1.000000e+00
    endloop
  endfacet
  facet normal 0.000000e+00 0.000000e+00 1.000000e+00
    outer loop
      vertex   -6.297260e+01 -1.816577e+02 1.000000e+00
      vertex   -6.249218e+01 -2.042094e+02 1.000000e+00
      vertex   -6.208680e+01 -2.029167e+02 1.000000e+00
    endloop
  endfacet
  facet normal 0.000000e+00 0.000000e+00 1.000000e+00
    outer loop
      vertex   -6.208680e+01 -2.029167e+02 1.000000e+00
      vertex   -6.249218e+01 -2.042094e+02 1.000000e+00
      vertex   -6.225812e+01 -2.038138e+02 1.000000e+00
    endloop
  endfacet
  facet normal 0.000000e+00 0.000000e+00 1.000000e+00
    outer loop
      vertex   -6.208680e+01 -2.029167e+02 1.000000e+00
      vertex   -6.225812e+01 -2.038138e+02 1.000000e+00
      vertex   -6.212057e+01 -2.033752e+02 1.000000e+00
    endloop
  endfacet
  facet normal 0.000000e+00 -0.000000e+00 1.000000e+00
    outer loop
      vertex   -6.606779e+01 -1.826269e+02 1.000000e+00
      vertex   -6.297260e+01 -1.816577e+02 1.000000e+00
      vertex   -6.609692e+01 -1.818412e+02 1.000000e+00
    endloop
  endfacet
  facet normal 0.000000e+00 0.000000e+00 1.000000e+00
    outer loop
      vertex   -6.609692e+01 -1.818412e+02 1.000000e+00
      vertex   -6.297260e+01 -1.816577e+02 1.000000e+00
      vertex   -6.295350e+01 -1.813487e+02 1.000000e+00
    endloop
  endfacet
  facet normal 0.000000e+00 0.000000e+00 1.000000e+00
    outer loop
      vertex   -6.609692e+01 -1.818412e+02 1.000000e+00
      vertex   -6.295350e+01 -1.813487e+02 1.000000e+00
      vertex   -6.481927e+01 -1.472233e+02 1.000000e+00
    endloop
  endfacet
  facet normal -0.000000e+00 0.000000e+00 1.000000e+00
    outer loop
      vertex   -6.481927e+01 -1.472233e+02 1.000000e+00
      vertex   -6.295350e+01 -1.813487e+02 1.000000e+00
      vertex   -6.413759e+01 -1.462390e+02 1.000000e+00
    endloop
  endfacet
  facet normal -0.000000e+00 0.000000e+00 1.000000e+00
    outer loop
      vertex   -6.413759e+01 -1.462390e+02 1.000000e+00
      vertex   -6.295350e+01 -1.813487e+02 1.000000e+00
      vertex   -6.334315e+01 -1.453432e+02 1.000000e+00
    endloop
  endfacet
  facet normal 0.000000e+00 0.000000e+00 1.000000e+00
    outer loop
      vertex   -6.334315e+01 -1.453432e+02 1.000000e+00
      vertex   -6.295350e+01 -1.813487e+02 1.000000e+00
      vertex   -6.287137e+01 -1.810502e+02 1.000000e+00
    endloop
  endfacet
  facet normal -0.000000e+00 0.000000e+00 1.000000e+00
    outer loop
      vertex   -6.334315e+01 -1.453432e+02 1.000000e+00
      vertex   -6.287137e+01 -1.810502e+02 1.000000e+00
      vertex   -6.328033e+01 -1.452803e+02 1.000000e+00
    endloop
  endfacet
  facet normal 0.000000e+00 0.000000e+00 1.000000e+00
    outer loop
      vertex   -6.328033e+01 -1.452803e+02 1.000000e+00
      vertex   -6.287137e+01 -1.810502e+02 1.000000e+00
      vertex   -6.272971e+01 -1.807749e+02 1.000000e+00
    endloop
  endfacet
  facet normal -0.000000e+00 0.000000e+00 1.000000e+00
    outer loop
      vertex   -6.328033e+01 -1.452803e+02 1.000000e+00
      vertex   -6.272971e+01 -1.807749e+02 1.000000e+00
      vertex   -6.312500e+01 -1.451611e+02 1.000000e+00
    endloop
  endfacet
  facet normal -0.000000e+00 0.000000e+00 1.000000e+00
    outer loop
      vertex   -6.312500e+01 -1.451611e+02 1.000000e+00
      vertex   -6.272971e+01 -1.807749e+02 1.000000e+00
      vertex   -6.294412e+01 -1.450862e+02 1.000000e+00
    endloop
  endfacet
  facet normal 0.000000e+00 0.000000e+00 1.000000e+00
    outer loop
      vertex   -6.294412e+01 -1.450862e+02 1.000000e+00
      vertex   -6.272971e+01 -1.807749e+02 1.000000e+00
      vertex   -6.253456e+01 -1.805346e+02 1.000000e+00
    endloop
  endfacet
  facet normal -0.000000e+00 0.000000e+00 1.000000e+00
    outer loop
      vertex   -6.294412e+01 -1.450862e+02 1.000000e+00
      vertex   -6.253456e+01 -1.805346e+02 1.000000e+00
      vertex   -6.275000e+01 -1.450607e+02 1.000000e+00
    endloop
  endfacet
  facet normal 0.000000e+00 0.000000e+00 1.000000e+00
    outer loop
      vertex   -6.275000e+01 -1.450607e+02 1.000000e+00
      vertex   -6.253456e+01 -1.805346e+02 1.000000e+00
      vertex   -6.255589e+01 -1.450862e+02 1.000000e+00
    endloop
  endfacet
  facet normal 0.000000e+00 0.000000e+00 1.000000e+00
    outer loop
      vertex   -6.255589e+01 -1.450862e+02 1.000000e+00
      vertex   -6.253456e+01 -1.805346e+02 1.000000e+00
      vertex   -6.243934e+01 -1.804393e+02 1.000000e+00
    endloop
  endfacet
  facet normal 0.000000e+00 0.000000e+00 1.000000e+00
    outer loop
      vertex   -6.255589e+01 -1.450862e+02 1.000000e+00
      vertex   -6.243934e+01 -1.804393e+02 1.000000e+00
      vertex   -6.200000e+01 -1.793787e+02 1.000000e+00
    endloop
  endfacet
  facet normal 0.000000e+00 0.000000e+00 1.000000e+00
    outer loop
      vertex   -6.200000e+01 -1.793787e+02 1.000000e+00
      vertex   -6.243934e+01 -1.804393e+02 1.000000e+00
      vertex   -6.220096e+01 -1.801287e+02 1.000000e+00
    endloop
  endfacet
  facet normal 0.000000e+00 0.000000e+00 1.000000e+00
    outer loop
      vertex   -6.200000e+01 -1.793787e+02 1.000000e+00
      vertex   -6.220096e+01 -1.801287e+02 1.000000e+00
      vertex   -6.205111e+01 -1.797669e+02 1.000000e+00
    endloop
  endfacet
  facet normal 0.000000e+00 0.000000e+00 1.000000e+00
    outer loop
      vertex   -6.255589e+01 -1.450862e+02 1.000000e+00
      vertex   -6.200000e+01 -1.793787e+02 1.000000e+00
      vertex   -6.237500e+01 -1.451611e+02 1.000000e+00
    endloop
  endfacet
  facet normal 0.000000e+00 0.000000e+00 1.000000e+00
    outer loop
      vertex   -6.237500e+01 -1.451611e+02 1.000000e+00
      vertex   -6.200000e+01 -1.793787e+02 1.000000e+00
      vertex   -6.200000e+01 -1.458107e+02 1.000000e+00
    endloop
  endfacet
  facet normal 0.000000e+00 0.000000e+00 1.000000e+00
    outer loop
      vertex   -6.237500e+01 -1.451611e+02 1.000000e+00
      vertex   -6.200000e+01 -1.458107e+02 1.000000e+00
      vertex   -6.221967e+01 -1.452803e+02 1.000000e+00
    endloop
  endfacet
  facet normal 0.000000e+00 0.000000e+00 1.000000e+00
    outer loop
      vertex   -6.221967e+01 -1.452803e+02 1.000000e+00
      vertex   -6.200000e+01 -1.458107e+02 1.000000e+00
      vertex   -6.210048e+01 -1.454357e+02 1.000000e+00
    endloop
  endfacet
  facet normal 0.000000e+00 0.000000e+00 1.000000e+00
    outer loop
      vertex   -6.210048e+01 -1.454357e+02 1.000000e+00
      vertex   -6.200000e+01 -1.458107e+02 1.000000e+00
      vertex   -6.202556e+01 -1.456165e+02 1.000000e+00
    endloop
  endfacet
  facet normal 0.000000e+00 0.000000e+00 1.000000e+00
    outer loop
      vertex   -6.481927e+01 -1.472233e+02 1.000000e+00
      vertex   -6.537841e+01 -1.482821e+02 1.000000e+00
      vertex   -6.609692e+01 -1.818412e+02 1.000000e+00
    endloop
  endfacet
  facet normal 0.000000e+00 0.000000e+00 1.000000e+00
    outer loop
      vertex   -6.609692e+01 -1.818412e+02 1.000000e+00
      vertex   -6.537841e+01 -1.482821e+02 1.000000e+00
      vertex   -6.580701e+01 -1.494001e+02 1.000000e+00
    endloop
  endfacet
  facet normal 0.000000e+00 -0.000000e+00 1.000000e+00
    outer loop
      vertex   -6.609692e+01 -1.818412e+02 1.000000e+00
      vertex   -6.580701e+01 -1.494001e+02 1.000000e+00
      vertex   -6.624994e+01 -1.517490e+02 1.000000e+00
    endloop
  endfacet
  facet normal 0.000000e+00 0.000000e+00 1.000000e+00
    outer loop
      vertex   -6.624994e+01 -1.517490e+02 1.000000e+00
      vertex   -6.580701e+01 -1.494001e+02 1.000000e+00
      vertex   -6.609891e+01 -1.505613e+02 1.000000e+00
    endloop
  endfacet
  facet normal -0.000000e+00 0.000000e+00 1.000000e+00
    outer loop
      vertex   -6.790967e+01 -1.766450e+02 1.000000e+00
      vertex   -6.756374e+01 -1.785581e+02 1.000000e+00
      vertex   -6.624994e+01 -1.517490e+02 1.000000e+00
    endloop
  endfacet
  facet normal 0.000000e+00 0.000000e+00 1.000000e+00
    outer loop
      vertex   -6.624994e+01 -1.517490e+02 1.000000e+00
      vertex   -6.756374e+01 -1.785581e+02 1.000000e+00
      vertex   -6.724673e+01 -1.791299e+02 1.000000e+00
    endloop
  endfacet
  facet normal 0.000000e+00 0.000000e+00 1.000000e+00
    outer loop
      vertex   -6.624994e+01 -1.517490e+02 1.000000e+00
      vertex   -6.724673e+01 -1.791299e+02 1.000000e+00
      vertex   -6.690320e+01 -1.796452e+02 1.000000e+00
    endloop
  endfacet
  facet normal -0.000000e+00 -0.000000e+00 1.000000e+00
    outer loop
      vertex   -6.789970e+01 -1.772988e+02 1.000000e+00
      vertex   -6.778335e+01 -1.779422e+02 1.000000e+00
      vertex   -6.790967e+01 -1.766450e+02 1.000000e+00
    endloop
  endfacet
  facet normal 0.000000e+00 0.000000e+00 1.000000e+00
    outer loop
      vertex   -6.790967e+01 -1.766450e+02 1.000000e+00
      vertex   -6.778335e+01 -1.779422e+02 1.000000e+00
      vertex   -6.756374e+01 -1.785581e+02 1.000000e+00
    endloop
  endfacet
  facet normal -0.000000e+00 0.000000e+00 1.000000e+00
    outer loop
      vertex   -6.690320e+01 -1.796452e+02 1.000000e+00
      vertex   -6.651986e+01 -1.803317e+02 1.000000e+00
      vertex   -6.624994e+01 -1.517490e+02 1.000000e+00
    endloop
  endfacet
  facet normal 0.000000e+00 0.000000e+00 1.000000e+00
    outer loop
      vertex   -6.624994e+01 -1.517490e+02 1.000000e+00
      vertex   -6.651986e+01 -1.803317e+02 1.000000e+00
      vertex   -6.624886e+01 -1.810697e+02 1.000000e+00
    endloop
  endfacet
  facet normal 0.000000e+00 0.000000e+00 1.000000e+00
    outer loop
      vertex   -6.624994e+01 -1.517490e+02 1.000000e+00
      vertex   -6.624886e+01 -1.810697e+02 1.000000e+00
      vertex   -6.609692e+01 -1.818412e+02 1.000000e+00
    endloop
  endfacet
  facet normal 0.000000e+00 1.000000e+00 -0.000000e+00
    outer loop
      vertex   -3.500000e+01 -1.250000e+02 0.000000e+00
      vertex   -1.150000e+02 -1.250000e+02 0.000000e+00
      vertex   -3.500000e+01 -1.250000e+02 2.000000e+00
    endloop
  endfacet
  facet normal 0.000000e+00 1.000000e+00 0.000000e+00
    outer loop
      vertex   -3.500000e+01 -1.250000e+02 2.000000e+00
      vertex   -1.150000e+02 -1.250000e+02 0.000000e+00
      vertex   -1.150000e+02 -1.250000e+02 2.000000e+00
    endloop
  endfacet
  facet normal 9.978589e-01 6.540313e-02 0.000000e+00
    outer loop
      vertex   -2.500000e+01 -1.350000e+02 2.000000e+00
      vertex   -2.500000e+01 -1.350000e+02 0.000000e+00
      vertex   -2.508555e+01 -1.336947e+02 2.000000e+00
    endloop
  endfacet
  facet normal 9.978589e-01 6.540313e-02 0.000000e+00
    outer loop
      vertex   -2.508555e+01 -1.336947e+02 2.000000e+00
      vertex   -2.500000e+01 -1.350000e+02 0.000000e+00
      vertex   -2.508555e+01 -1.336947e+02 0.000000e+00
    endloop
  endfacet
  facet normal 9.807853e-01 1.950903e-01 0.000000e+00
    outer loop
      vertex   -2.508555e+01 -1.336947e+02 2.000000e+00
      vertex   -2.508555e+01 -1.336947e+02 0.000000e+00
      vertex   -2.534074e+01 -1.324118e+02 2.000000e+00
    endloop
  endfacet
  facet normal 9.807853e-01 1.950903e-01 0.000000e+00
    outer loop
      vertex   -2.534074e+01 -1.324118e+02 2.000000e+00
      vertex   -2.508555e+01 -1.336947e+02 0.000000e+00
      vertex   -2.534074e+01 -1.324118e+02 0.000000e+00
    endloop
  endfacet
  facet normal 9.469301e-01 3.214395e-01 0.000000e+00
    outer loop
      vertex   -2.534074e+01 -1.324118e+02 2.000000e+00
      vertex   -2.534074e+01 -1.324118e+02 0.000000e+00
      vertex   -2.576120e+01 -1.311732e+02 2.000000e+00
    endloop
  endfacet
  facet normal 9.469301e-01 3.214395e-01 0.000000e+00
    outer loop
      vertex   -2.576120e+01 -1.311732e+02 2.000000e+00
      vertex   -2.534074e+01 -1.324118e+02 0.000000e+00
      vertex   -2.576120e+01 -1.311732e+02 0.000000e+00
    endloop
  endfacet
  facet normal 8.968727e-01 4.422887e-01 0.000000e+00
    outer loop
      vertex   -2.576120e+01 -1.311732e+02 2.000000e+00
      vertex   -2.576120e+01 -1.311732e+02 0.000000e+00
      vertex   -2.633975e+01 -1.300000e+02 2.000000e+00
    endloop
  endfacet
  facet normal 8.968727e-01 4.422887e-01 0.000000e+00
    outer loop
      vertex   -2.633975e+01 -1.300000e+02 2.000000e+00
      vertex   -2.576120e+01 -1.311732e+02 0.000000e+00
      vertex   -2.633975e+01 -1.300000e+02 0.000000e+00
    endloop
  endfacet
  facet normal 8.314696e-01 5.555702e-01 0.000000e+00
    outer loop
      vertex   -2.633975e+01 -1.300000e+02 2.000000e+00
      vertex   -2.633975e+01 -1.300000e+02 0.000000e+00
      vertex   -2.706647e+01 -1.289124e+02 2.000000e+00
    endloop
  endfacet
  facet normal 8.314696e-01 5.555702e-01 0.000000e+00
    outer loop
      vertex   -2.706647e+01 -1.289124e+02 2.000000e+00
      vertex   -2.633975e+01 -1.300000e+02 0.000000e+00
      vertex   -2.706647e+01 -1.289124e+02 0.000000e+00
    endloop
  endfacet
  facet normal 7.518398e-01 6.593458e-01 0.000000e+00
    outer loop
      vertex   -2.706647e+01 -1.289124e+02 2.000000e+00
      vertex   -2.706647e+01 -1.289124e+02 0.000000e+00
      vertex   -2.792893e+01 -1.279289e+02 2.000000e+00
    endloop
  endfacet
  facet normal 7.518398e-01 6.593458e-01 0.000000e+00
    outer loop
      vertex   -2.792893e+01 -1.279289e+02 2.000000e+00
      vertex   -2.706647e+01 -1.289124e+02 0.000000e+00
      vertex   -2.792893e+01 -1.279289e+02 0.000000e+00
    endloop
  endfacet
  facet normal 6.593458e-01 7.518398e-01 0.000000e+00
    outer loop
      vertex   -2.792893e+01 -1.279289e+02 2.000000e+00
      vertex   -2.792893e+01 -1.279289e+02 0.000000e+00
      vertex   -2.891239e+01 -1.270665e+02 2.000000e+00
    endloop
  endfacet
  facet normal 6.593458e-01 7.518398e-01 0.000000e+00
    outer loop
      vertex   -2.891239e+01 -1.270665e+02 2.000000e+00
      vertex   -2.792893e+01 -1.279289e+02 0.000000e+00
      vertex   -2.891239e+01 -1.270665e+02 0.000000e+00
    endloop
  endfacet
  facet normal 5.555702e-01 8.314696e-01 0.000000e+00
    outer loop
      vertex   -2.891239e+01 -1.270665e+02 2.000000e+00
      vertex   -2.891239e+01 -1.270665e+02 0.000000e+00
      vertex   -3.000000e+01 -1.263397e+02 2.000000e+00
    endloop
  endfacet
  facet normal 5.555702e-01 8.314696e-01 0.000000e+00
    outer loop
      vertex   -3.000000e+01 -1.263397e+02 2.000000e+00
      vertex   -2.891239e+01 -1.270665e+02 0.000000e+00
      vertex   -3.000000e+01 -1.263397e+02 0.000000e+00
    endloop
  endfacet
  facet normal 4.422887e-01 8.968727e-01 0.000000e+00
    outer loop
      vertex   -3.000000e+01 -1.263397e+02 2.000000e+00
      vertex   -3.000000e+01 -1.263397e+02 0.000000e+00
      vertex   -3.117317e+01 -1.257612e+02 2.000000e+00
    endloop
  endfacet
  facet normal 4.422887e-01 8.968727e-01 0.000000e+00
    outer loop
      vertex   -3.117317e+01 -1.257612e+02 2.000000e+00
      vertex   -3.000000e+01 -1.263397e+02 0.000000e+00
      vertex   -3.117317e+01 -1.257612e+02 0.000000e+00
    endloop
  endfacet
  facet normal 3.214395e-01 9.469301e-01 0.000000e+00
    outer loop
      vertex   -3.117317e+01 -1.257612e+02 2.000000e+00
      vertex   -3.117317e+01 -1.257612e+02 0.000000e+00
      vertex   -3.241181e+01 -1.253407e+02 2.000000e+00
    endloop
  endfacet
  facet normal 3.214395e-01 9.469301e-01 0.000000e+00
    outer loop
      vertex   -3.241181e+01 -1.253407e+02 2.000000e+00
      vertex   -3.117317e+01 -1.257612e+02 0.000000e+00
      vertex   -3.241181e+01 -1.253407e+02 0.000000e+00
    endloop
  endfacet
  facet normal 1.950903e-01 9.807853e-01 0.000000e+00
    outer loop
      vertex   -3.241181e+01 -1.253407e+02 2.000000e+00
      vertex   -3.241181e+01 -1.253407e+02 0.000000e+00
      vertex   -3.369474e+01 -1.250856e+02 2.000000e+00
    endloop
  endfacet
  facet normal 1.950903e-01 9.807853e-01 0.000000e+00
    outer loop
      vertex   -3.369474e+01 -1.250856e+02 2.000000e+00
      vertex   -3.241181e+01 -1.253407e+02 0.000000e+00
      vertex   -3.369474e+01 -1.250856e+02 0.000000e+00
    endloop
  endfacet
  facet normal 6.540313e-02 9.978589e-01 0.000000e+00
    outer loop
      vertex   -3.369474e+01 -1.250856e+02 2.000000e+00
      vertex   -3.369474e+01 -1.250856e+02 0.000000e+00
      vertex   -3.500000e+01 -1.250000e+02 2.000000e+00
    endloop
  endfacet
  facet normal 6.540313e-02 9.978589e-01 0.000000e+00
    outer loop
      vertex   -3.500000e+01 -1.250000e+02 2.000000e+00
      vertex   -3.369474e+01 -1.250856e+02 0.000000e+00
      vertex   -3.500000e+01 -1.250000e+02 0.000000e+00
    endloop
  endfacet
  facet normal 1.000000e+00 0.000000e+00 0.000000e+00
    outer loop
      vertex   -2.500000e+01 -2.150000e+02 0.000000e+00
      vertex   -2.500000e+01 -1.350000e+02 0.000000e+00
      vertex   -2.500000e+01 -2.150000e+02 2.000000e+00
    endloop
  endfacet
  facet normal 1.000000e+00 -0.000000e+00 0.000000e+00
    outer loop
      vertex   -2.500000e+01 -2.150000e+02 2.000000e+00
      vertex   -2.500000e+01 -1.350000e+02 0.000000e+00
      vertex   -2.500000e+01 -1.350000e+02 2.000000e+00
    endloop
  endfacet
  facet normal 6.540313e-02 -9.978589e-01 0.000000e+00
    outer loop
      vertex   -3.500000e+01 -2.250000e+02 2.000000e+00
      vertex   -3.500000e+01 -2.250000e+02 0.000000e+00
      vertex   -3.369474e+01 -2.249144e+02 2.000000e+00
    endloop
  endfacet
  facet normal 6.540313e-02 -9.978589e-01 0.000000e+00
    outer loop
      vertex   -3.369474e+01 -2.249144e+02 2.000000e+00
      vertex   -3.500000e+01 -2.250000e+02 0.000000e+00
      vertex   -3.369474e+01 -2.249144e+02 0.000000e+00
    endloop
  endfacet
  facet normal 1.950903e-01 -9.807853e-01 0.000000e+00
    outer loop
      vertex   -3.369474e+01 -2.249144e+02 2.000000e+00
      vertex   -3.369474e+01 -2.249144e+02 0.000000e+00
      vertex   -3.241181e+01 -2.246593e+02 2.000000e+00
    endloop
  endfacet
  facet normal 1.950903e-01 -9.807853e-01 0.000000e+00
    outer loop
      vertex   -3.241181e+01 -2.246593e+02 2.000000e+00
      vertex   -3.369474e+01 -2.249144e+02 0.000000e+00
      vertex   -3.241181e+01 -2.246593e+02 0.000000e+00
    endloop
  endfacet
  facet normal 3.214395e-01 -9.469301e-01 0.000000e+00
    outer loop
      vertex   -3.241181e+01 -2.246593e+02 2.000000e+00
      vertex   -3.241181e+01 -2.246593e+02 0.000000e+00
      vertex   -3.117317e+01 -2.242388e+02 2.000000e+00
    endloop
  endfacet
  facet normal 3.214395e-01 -9.469301e-01 0.000000e+00
    outer loop
      vertex   -3.117317e+01 -2.242388e+02 2.000000e+00
      vertex   -3.241181e+01 -2.246593e+02 0.000000e+00
      vertex   -3.117317e+01 -2.242388e+02 0.000000e+00
    endloop
  endfacet
  facet normal 4.422887e-01 -8.968727e-01 0.000000e+00
    outer loop
      vertex   -3.117317e+01 -2.242388e+02 2.000000e+00
      vertex   -3.117317e+01 -2.242388e+02 0.000000e+00
      vertex   -3.000000e+01 -2.236603e+02 2.000000e+00
    endloop
  endfacet
  facet normal 4.422887e-01 -8.968727e-01 0.000000e+00
    outer loop
      vertex   -3.000000e+01 -2.236603e+02 2.000000e+00
      vertex   -3.117317e+01 -2.242388e+02 0.000000e+00
      vertex   -3.000000e+01 -2.236603e+02 0.000000e+00
    endloop
  endfacet
  facet normal 5.555702e-01 -8.314696e-01 0.000000e+00
    outer loop
      vertex   -3.000000e+01 -2.236603e+02 2.000000e+00
      vertex   -3.000000e+01 -2.236603e+02 0.000000e+00
      vertex   -2.891239e+01 -2.229335e+02 2.000000e+00
    endloop
  endfacet
  facet normal 5.555702e-01 -8.314696e-01 0.000000e+00
    outer loop
      vertex   -2.891239e+01 -2.229335e+02 2.000000e+00
      vertex   -3.000000e+01 -2.236603e+02 0.000000e+00
      vertex   -2.891239e+01 -2.229335e+02 0.000000e+00
    endloop
  endfacet
  facet normal 6.593458e-01 -7.518398e-01 0.000000e+00
    outer loop
      vertex   -2.891239e+01 -2.229335e+02 2.000000e+00
      vertex   -2.891239e+01 -2.229335e+02 0.000000e+00
      vertex   -2.792893e+01 -2.220711e+02 2.000000e+00
    endloop
  endfacet
  facet normal 6.593458e-01 -7.518398e-01 0.000000e+00
    outer loop
      vertex   -2.792893e+01 -2.220711e+02 2.000000e+00
      vertex   -2.891239e+01 -2.229335e+02 0.000000e+00
      vertex   -2.792893e+01 -2.220711e+02 0.000000e+00
    endloop
  endfacet
  facet normal 7.518398e-01 -6.593458e-01 0.000000e+00
    outer loop
      vertex   -2.792893e+01 -2.220711e+02 2.000000e+00
      vertex   -2.792893e+01 -2.220711e+02 0.000000e+00
      vertex   -2.706647e+01 -2.210876e+02 2.000000e+00
    endloop
  endfacet
  facet normal 7.518398e-01 -6.593458e-01 0.000000e+00
    outer loop
      vertex   -2.706647e+01 -2.210876e+02 2.000000e+00
      vertex   -2.792893e+01 -2.220711e+02 0.000000e+00
      vertex   -2.706647e+01 -2.210876e+02 0.000000e+00
    endloop
  endfacet
  facet normal 8.314696e-01 -5.555702e-01 0.000000e+00
    outer loop
      vertex   -2.706647e+01 -2.210876e+02 2.000000e+00
      vertex   -2.706647e+01 -2.210876e+02 0.000000e+00
      vertex   -2.633975e+01 -2.200000e+02 2.000000e+00
    endloop
  endfacet
  facet normal 8.314696e-01 -5.555702e-01 0.000000e+00
    outer loop
      vertex   -2.633975e+01 -2.200000e+02 2.000000e+00
      vertex   -2.706647e+01 -2.210876e+02 0.000000e+00
      vertex   -2.633975e+01 -2.200000e+02 0.000000e+00
    endloop
  endfacet
  facet normal 8.968727e-01 -4.422887e-01 0.000000e+00
    outer loop
      vertex   -2.633975e+01 -2.200000e+02 2.000000e+00
      vertex   -2.633975e+01 -2.200000e+02 0.000000e+00
      vertex   -2.576120e+01 -2.188268e+02 2.000000e+00
    endloop
  endfacet
  facet normal 8.968727e-01 -4.422887e-01 0.000000e+00
    outer loop
      vertex   -2.576120e+01 -2.188268e+02 2.000000e+00
      vertex   -2.633975e+01 -2.200000e+02 0.000000e+00
      vertex   -2.576120e+01 -2.188268e+02 0.000000e+00
    endloop
  endfacet
  facet normal 9.469301e-01 -3.214395e-01 0.000000e+00
    outer loop
      vertex   -2.576120e+01 -2.188268e+02 2.000000e+00
      vertex   -2.576120e+01 -2.188268e+02 0.000000e+00
      vertex   -2.534074e+01 -2.175882e+02 2.000000e+00
    endloop
  endfacet
  facet normal 9.469301e-01 -3.214395e-01 0.000000e+00
    outer loop
      vertex   -2.534074e+01 -2.175882e+02 2.000000e+00
      vertex   -2.576120e+01 -2.188268e+02 0.000000e+00
      vertex   -2.534074e+01 -2.175882e+02 0.000000e+00
    endloop
  endfacet
  facet normal 9.807853e-01 -1.950903e-01 0.000000e+00
    outer loop
      vertex   -2.534074e+01 -2.175882e+02 2.000000e+00
      vertex   -2.534074e+01 -2.175882e+02 0.000000e+00
      vertex   -2.508555e+01 -2.163053e+02 2.000000e+00
    endloop
  endfacet
  facet normal 9.807853e-01 -1.950903e-01 0.000000e+00
    outer loop
      vertex   -2.508555e+01 -2.163053e+02 2.000000e+00
      vertex   -2.534074e+01 -2.175882e+02 0.000000e+00
      vertex   -2.508555e+01 -2.163053e+02 0.000000e+00
    endloop
  endfacet
  facet normal 9.978589e-01 -6.540313e-02 0.000000e+00
    outer loop
      vertex   -2.508555e+01 -2.163053e+02 2.000000e+00
      vertex   -2.508555e+01 -2.163053e+02 0.000000e+00
      vertex   -2.500000e+01 -2.150000e+02 2.000000e+00
    endloop
  endfacet
  facet normal 9.978589e-01 -6.540313e-02 0.000000e+00
    outer loop
      vertex   -2.500000e+01 -2.150000e+02 2.000000e+00
      vertex   -2.508555e+01 -2.163053e+02 0.000000e+00
      vertex   -2.500000e+01 -2.150000e+02 0.000000e+00
    endloop
  endfacet
  facet normal 0.000000e+00 -1.000000e+00 0.000000e+00
    outer loop
      vertex   -1.150000e+02 -2.250000e+02 0.000000e+00
      vertex   -3.500000e+01 -2.250000e+02 0.000000e+00
      vertex   -1.150000e+02 -2.250000e+02 2.000000e+00
    endloop
  endfacet
  facet normal 0.000000e+00 -1.000000e+00 0.000000e+00
    outer loop
      vertex   -1.150000e+02 -2.250000e+02 2.000000e+00
      vertex   -3.500000e+01 -2.250000e+02 0.000000e+00
      vertex   -3.500000e+01 -2.250000e+02 2.000000e+00
    endloop
  endfacet
  facet normal -9.978589e-01 -6.540313e-02 -0.000000e+00
    outer loop
      vertex   -1.250000e+02 -2.150000e+02 2.000000e+00
      vertex   -1.250000e+02 -2.150000e+02 0.000000e+00
      vertex   -1.249144e+02 -2.163053e+02 2.000000e+00
    endloop
  endfacet
  facet normal -9.978589e-01 -6.540313e-02 -0.000000e+00
    outer loop
      vertex   -1.249144e+02 -2.163053e+02 2.000000e+00
      vertex   -1.250000e+02 -2.150000e+02 0.000000e+00
      vertex   -1.249144e+02 -2.163053e+02 0.000000e+00
    endloop
  endfacet
  facet normal -9.807853e-01 -1.950903e-01 -0.000000e+00
    outer loop
      vertex   -1.249144e+02 -2.163053e+02 2.000000e+00
      vertex   -1.249144e+02 -2.163053e+02 0.000000e+00
      vertex   -1.246593e+02 -2.175882e+02 2.000000e+00
    endloop
  endfacet
  facet normal -9.807853e-01 -1.950903e-01 -0.000000e+00
    outer loop
      vertex   -1.246593e+02 -2.175882e+02 2.000000e+00
      vertex   -1.249144e+02 -2.163053e+02 0.000000e+00
      vertex   -1.246593e+02 -2.175882e+02 0.000000e+00
    endloop
  endfacet
  facet normal -9.469301e-01 -3.214395e-01 -0.000000e+00
    outer loop
      vertex   -1.246593e+02 -2.175882e+02 2.000000e+00
      vertex   -1.246593e+02 -2.175882e+02 0.000000e+00
      vertex   -1.242388e+02 -2.188268e+02 2.000000e+00
    endloop
  endfacet
  facet normal -9.469301e-01 -3.214395e-01 -0.000000e+00
    outer loop
      vertex   -1.242388e+02 -2.188268e+02 2.000000e+00
      vertex   -1.246593e+02 -2.175882e+02 0.000000e+00
      vertex   -1.242388e+02 -2.188268e+02 0.000000e+00
    endloop
  endfacet
  facet normal -8.968727e-01 -4.422887e-01 -0.000000e+00
    outer loop
      vertex   -1.242388e+02 -2.188268e+02 2.000000e+00
      vertex   -1.242388e+02 -2.188268e+02 0.000000e+00
      vertex   -1.236603e+02 -2.200000e+02 2.000000e+00
    endloop
  endfacet
  facet normal -8.968727e-01 -4.422887e-01 -0.000000e+00
    outer loop
      vertex   -1.236603e+02 -2.200000e+02 2.000000e+00
      vertex   -1.242388e+02 -2.188268e+02 0.000000e+00
      vertex   -1.236603e+02 -2.200000e+02 0.000000e+00
    endloop
  endfacet
  facet normal -8.314696e-01 -5.555702e-01 -0.000000e+00
    outer loop
      vertex   -1.236603e+02 -2.200000e+02 2.000000e+00
      vertex   -1.236603e+02 -2.200000e+02 0.000000e+00
      vertex   -1.229335e+02 -2.210876e+02 2.000000e+00
    endloop
  endfacet
  facet normal -8.314696e-01 -5.555702e-01 -0.000000e+00
    outer loop
      vertex   -1.229335e+02 -2.210876e+02 2.000000e+00
      vertex   -1.236603e+02 -2.200000e+02 0.000000e+00
      vertex   -1.229335e+02 -2.210876e+02 0.000000e+00
    endloop
  endfacet
  facet normal -7.518398e-01 -6.593458e-01 -0.000000e+00
    outer loop
      vertex   -1.229335e+02 -2.210876e+02 2.000000e+00
      vertex   -1.229335e+02 -2.210876e+02 0.000000e+00
      vertex   -1.220711e+02 -2.220711e+02 2.000000e+00
    endloop
  endfacet
  facet normal -7.518398e-01 -6.593458e-01 -0.000000e+00
    outer loop
      vertex   -1.220711e+02 -2.220711e+02 2.000000e+00
      vertex   -1.229335e+02 -2.210876e+02 0.000000e+00
      vertex   -1.220711e+02 -2.220711e+02 0.000000e+00
    endloop
  endfacet
  facet normal -6.593458e-01 -7.518398e-01 -0.000000e+00
    outer loop
      vertex   -1.220711e+02 -2.220711e+02 2.000000e+00
      vertex   -1.220711e+02 -2.220711e+02 0.000000e+00
      vertex   -1.210876e+02 -2.229335e+02 2.000000e+00
    endloop
  endfacet
  facet normal -6.593458e-01 -7.518398e-01 -0.000000e+00
    outer loop
      vertex   -1.210876e+02 -2.229335e+02 2.000000e+00
      vertex   -1.220711e+02 -2.220711e+02 0.000000e+00
      vertex   -1.210876e+02 -2.229335e+02 0.000000e+00
    endloop
  endfacet
  facet normal -5.555702e-01 -8.314696e-01 -0.000000e+00
    outer loop
      vertex   -1.210876e+02 -2.229335e+02 2.000000e+00
      vertex   -1.210876e+02 -2.229335e+02 0.000000e+00
      vertex   -1.200000e+02 -2.236603e+02 2.000000e+00
    endloop
  endfacet
  facet normal -5.555702e-01 -8.314696e-01 -0.000000e+00
    outer loop
      vertex   -1.200000e+02 -2.236603e+02 2.000000e+00
      vertex   -1.210876e+02 -2.229335e+02 0.000000e+00
      vertex   -1.200000e+02 -2.236603e+02 0.000000e+00
    endloop
  endfacet
  facet normal -4.422887e-01 -8.968727e-01 -0.000000e+00
    outer loop
      vertex   -1.200000e+02 -2.236603e+02 2.000000e+00
      vertex   -1.200000e+02 -2.236603e+02 0.000000e+00
      vertex   -1.188268e+02 -2.242388e+02 2.000000e+00
    endloop
  endfacet
  facet normal -4.422887e-01 -8.968727e-01 -0.000000e+00
    outer loop
      vertex   -1.188268e+02 -2.242388e+02 2.000000e+00
      vertex   -1.200000e+02 -2.236603e+02 0.000000e+00
      vertex   -1.188268e+02 -2.242388e+02 0.000000e+00
    endloop
  endfacet
  facet normal -3.214395e-01 -9.469301e-01 -0.000000e+00
    outer loop
      vertex   -1.188268e+02 -2.242388e+02 2.000000e+00
      vertex   -1.188268e+02 -2.242388e+02 0.000000e+00
      vertex   -1.175882e+02 -2.246593e+02 2.000000e+00
    endloop
  endfacet
  facet normal -3.214395e-01 -9.469301e-01 -0.000000e+00
    outer loop
      vertex   -1.175882e+02 -2.246593e+02 2.000000e+00
      vertex   -1.188268e+02 -2.242388e+02 0.000000e+00
      vertex   -1.175882e+02 -2.246593e+02 0.000000e+00
    endloop
  endfacet
  facet normal -1.950903e-01 -9.807853e-01 -0.000000e+00
    outer loop
      vertex   -1.175882e+02 -2.246593e+02 2.000000e+00
      vertex   -1.175882e+02 -2.246593e+02 0.000000e+00
      vertex   -1.163053e+02 -2.249144e+02 2.000000e+00
    endloop
  endfacet
  facet normal -1.950903e-01 -9.807853e-01 -0.000000e+00
    outer loop
      vertex   -1.163053e+02 -2.249144e+02 2.000000e+00
      vertex   -1.175882e+02 -2.246593e+02 0.000000e+00
      vertex   -1.163053e+02 -2.249144e+02 0.000000e+00
    endloop
  endfacet
  facet normal -6.540313e-02 -9.978589e-01 -0.000000e+00
    outer loop
      vertex   -1.163053e+02 -2.249144e+02 2.000000e+00
      vertex   -1.163053e+02 -2.249144e+02 0.000000e+00
      vertex   -1.150000e+02 -2.250000e+02 2.000000e+00
    endloop
  endfacet
  facet normal -6.540313e-02 -9.978589e-01 -0.000000e+00
    outer loop
      vertex   -1.150000e+02 -2.250000e+02 2.000000e+00
      vertex   -1.163053e+02 -2.249144e+02 0.000000e+00
      vertex   -1.150000e+02 -2.250000e+02 0.000000e+00
    endloop
  endfacet
  facet normal -1.000000e+00 0.000000e+00 0.000000e+00
    outer loop
      vertex   -1.250000e+02 -1.350000e+02 0.000000e+00
      vertex   -1.250000e+02 -2.150000e+02 0.000000e+00
      vertex   -1.250000e+02 -1.350000e+02 2.000000e+00
    endloop
  endfacet
  facet normal -1.000000e+00 -0.000000e+00 0.000000e+00
    outer loop
      vertex   -1.250000e+02 -1.350000e+02 2.000000e+00
      vertex   -1.250000e+02 -2.150000e+02 0.000000e+00
      vertex   -1.250000e+02 -2.150000e+02 2.000000e+00
    endloop
  endfacet
  facet normal -6.540313e-02 9.978589e-01 0.000000e+00
    outer loop
      vertex   -1.150000e+02 -1.250000e+02 2.000000e+00
      vertex   -1.150000e+02 -1.250000e+02 0.000000e+00
      vertex   -1.163053e+02 -1.250856e+02 2.000000e+00
    endloop
  endfacet
  facet normal -6.540313e-02 9.978589e-01 0.000000e+00
    outer loop
      vertex   -1.163053e+02 -1.250856e+02 2.000000e+00
      vertex   -1.150000e+02 -1.250000e+02 0.000000e+00
      vertex   -1.163053e+02 -1.250856e+02 0.000000e+00
    endloop
  endfacet
  facet normal -1.950903e-01 9.807853e-01 0.000000e+00
    outer loop
      vertex   -1.163053e+02 -1.250856e+02 2.000000e+00
      vertex   -1.163053e+02 -1.250856e+02 0.000000e+00
      vertex   -1.175882e+02 -1.253407e+02 2.000000e+00
    endloop
  endfacet
  facet normal -1.950903e-01 9.807853e-01 0.000000e+00
    outer loop
      vertex   -1.175882e+02 -1.253407e+02 2.000000e+00
      vertex   -1.163053e+02 -1.250856e+02 0.000000e+00
      vertex   -1.175882e+02 -1.253407e+02 0.000000e+00
    endloop
  endfacet
  facet normal -3.214395e-01 9.469301e-01 0.000000e+00
    outer loop
      vertex   -1.175882e+02 -1.253407e+02 2.000000e+00
      vertex   -1.175882e+02 -1.253407e+02 0.000000e+00
      vertex   -1.188268e+02 -1.257612e+02 2.000000e+00
    endloop
  endfacet
  facet normal -3.214395e-01 9.469301e-01 0.000000e+00
    outer loop
      vertex   -1.188268e+02 -1.257612e+02 2.000000e+00
      vertex   -1.175882e+02 -1.253407e+02 0.000000e+00
      vertex   -1.188268e+02 -1.257612e+02 0.000000e+00
    endloop
  endfacet
  facet normal -4.422887e-01 8.968727e-01 0.000000e+00
    outer loop
      vertex   -1.188268e+02 -1.257612e+02 2.000000e+00
      vertex   -1.188268e+02 -1.257612e+02 0.000000e+00
      vertex   -1.200000e+02 -1.263397e+02 2.000000e+00
    endloop
  endfacet
  facet normal -4.422887e-01 8.968727e-01 0.000000e+00
    outer loop
      vertex   -1.200000e+02 -1.263397e+02 2.000000e+00
      vertex   -1.188268e+02 -1.257612e+02 0.000000e+00
      vertex   -1.200000e+02 -1.263397e+02 0.000000e+00
    endloop
  endfacet
  facet normal -5.555702e-01 8.314696e-01 0.000000e+00
    outer loop
      vertex   -1.200000e+02 -1.263397e+02 2.000000e+00
      vertex   -1.200000e+02 -1.263397e+02 0.000000e+00
      vertex   -1.210876e+02 -1.270665e+02 2.000000e+00
    endloop
  endfacet
  facet normal -5.555702e-01 8.314696e-01 0.000000e+00
    outer loop
      vertex   -1.210876e+02 -1.270665e+02 2.000000e+00
      vertex   -1.200000e+02 -1.263397e+02 0.000000e+00
      vertex   -1.210876e+02 -1.270665e+02 0.000000e+00
    endloop
  endfacet
  facet normal -6.593458e-01 7.518398e-01 0.000000e+00
    outer loop
      vertex   -1.210876e+02 -1.270665e+02 2.000000e+00
      vertex   -1.210876e+02 -1.270665e+02 0.000000e+00
      vertex   -1.220711e+02 -1.279289e+02 2.000000e+00
    endloop
  endfacet
  facet normal -6.593458e-01 7.518398e-01 0.000000e+00
    outer loop
      vertex   -1.220711e+02 -1.279289e+02 2.000000e+00
      vertex   -1.210876e+02 -1.270665e+02 0.000000e+00
      vertex   -1.220711e+02 -1.279289e+02 0.000000e+00
    endloop
  endfacet
  facet normal -7.518398e-01 6.593458e-01 0.000000e+00
    outer loop
      vertex   -1.220711e+02 -1.279289e+02 2.000000e+00
      vertex   -1.220711e+02 -1.279289e+02 0.000000e+00
      vertex   -1.229335e+02 -1.289124e+02 2.000000e+00
    endloop
  endfacet
  facet normal -7.518398e-01 6.593458e-01 0.000000e+00
    outer loop
      vertex   -1.229335e+02 -1.289124e+02 2.000000e+00
      vertex   -1.220711e+02 -1.279289e+02 0.000000e+00
      vertex   -1.229335e+02 -1.289124e+02 0.000000e+00
    endloop
  endfacet
  facet normal -8.314696e-01 5.555702e-01 0.000000e+00
    outer loop
      vertex   -1.229335e+02 -1.289124e+02 2.000000e+00
      vertex   -1.229335e+02 -1.289124e+02 0.000000e+00
      vertex   -1.236603e+02 -1.300000e+02 2.000000e+00
    endloop
  endfacet
  facet normal -8.314696e-01 5.555702e-01 0.000000e+00
    outer loop
      vertex   -1.236603e+02 -1.300000e+02 2.000000e+00
      vertex   -1.229335e+02 -1.289124e+02 0.000000e+00
      vertex   -1.236603e+02 -1.300000e+02 0.000000e+00
    endloop
  endfacet
  facet normal -8.968727e-01 4.422887e-01 0.000000e+00
    outer loop
      vertex   -1.236603e+02 -1.300000e+02 2.000000e+00
      vertex   -1.236603e+02 -1.300000e+02 0.000000e+00
      vertex   -1.242388e+02 -1.311732e+02 2.000000e+00
    endloop
  endfacet
  facet normal -8.968727e-01 4.422887e-01 0.000000e+00
    outer loop
      vertex   -1.242388e+02 -1.311732e+02 2.000000e+00
      vertex   -1.236603e+02 -1.300000e+02 0.000000e+00
      vertex   -1.242388e+02 -1.311732e+02 0.000000e+00
    endloop
  endfacet
  facet normal -9.469301e-01 3.214395e-01 0.000000e+00
    outer loop
      vertex   -1.242388e+02 -1.311732e+02 2.000000e+00
      vertex   -1.242388e+02 -1.311732e+02 0.000000e+00
      vertex   -1.246593e+02 -1.324118e+02 2.000000e+00
    endloop
  endfacet
  facet normal -9.469301e-01 3.214395e-01 0.000000e+00
    outer loop
      vertex   -1.246593e+02 -1.324118e+02 2.000000e+00
      vertex   -1.242388e+02 -1.311732e+02 0.000000e+00
      vertex   -1.246593e+02 -1.324118e+02 0.000000e+00
    endloop
  endfacet
  facet normal -9.807853e-01 1.950903e-01 0.000000e+00
    outer loop
      vertex   -1.246593e+02 -1.324118e+02 2.000000e+00
      vertex   -1.246593e+02 -1.324118e+02 0.000000e+00
      vertex   -1.249144e+02 -1.336947e+02 2.000000e+00
    endloop
  endfacet
  facet normal -9.807853e-01 1.950903e-01 0.000000e+00
    outer loop
      vertex   -1.249144e+02 -1.336947e+02 2.000000e+00
      vertex   -1.246593e+02 -1.324118e+02 0.000000e+00
      vertex   -1.249144e+02 -1.336947e+02 0.000000e+00
    endloop
  endfacet
  facet normal -9.978589e-01 6.540313e-02 0.000000e+00
    outer loop
      vertex   -1.249144e+02 -1.336947e+02 2.000000e+00
      vertex   -1.249144e+02 -1.336947e+02 0.000000e+00
      vertex   -1.250000e+02 -1.350000e+02 2.000000e+00
    endloop
  endfacet
  facet normal -9.978589e-01 6.540313e-02 0.000000e+00
    outer loop
      vertex   -1.250000e+02 -1.350000e+02 2.000000e+00
      vertex   -1.249144e+02 -1.336947e+02 0.000000e+00
      vertex   -1.250000e+02 -1.350000e+02 0.000000e+00
    endloop
  endfacet
  facet normal 0.000000e+00 0.000000e+00 1.000000e+00
    outer loop
      vertex   -7.300000e+01 -1.650000e+02 2.000000e+00
      vertex   -7.300000e+01 -1.671691e+02 2.000000e+00
      vertex   -6.790967e+01 -1.766450e+02 2.000000e+00
    endloop
  endfacet
  facet normal 0.000000e+00 0.000000e+00 1.000000e+00
    outer loop
      vertex   -6.790967e+01 -1.766450e+02 2.000000e+00
      vertex   -7.300000e+01 -1.671691e+02 2.000000e+00
      vertex   -7.307355e+01 -1.680235e+02 2.000000e+00
    endloop
  endfacet
  facet normal 0.000000e+00 0.000000e+00 1.000000e+00
    outer loop
      vertex   -6.790967e+01 -1.766450e+02 2.000000e+00
      vertex   -7.307355e+01 -1.680235e+02 2.000000e+00
      vertex   -7.329202e+01 -1.688528e+02 2.000000e+00
    endloop
  endfacet
  facet normal 0.000000e+00 0.000000e+00 1.000000e+00
    outer loop
      vertex   -7.329202e+01 -1.688528e+02 2.000000e+00
      vertex   -7.364900e+01 -1.696325e+02 2.000000e+00
      vertex   -6.790967e+01 -1.766450e+02 2.000000e+00
    endloop
  endfacet
  facet normal 0.000000e+00 0.000000e+00 1.000000e+00
    outer loop
      vertex   -6.790967e+01 -1.766450e+02 2.000000e+00
      vertex   -7.364900e+01 -1.696325e+02 2.000000e+00
      vertex   -7.413398e+01 -1.703398e+02 2.000000e+00
    endloop
  endfacet
  facet normal 0.000000e+00 0.000000e+00 1.000000e+00
    outer loop
      vertex   -6.790967e+01 -1.766450e+02 2.000000e+00
      vertex   -7.413398e+01 -1.703398e+02 2.000000e+00
      vertex   -7.473269e+01 -1.709538e+02 2.000000e+00
    endloop
  endfacet
  facet normal 0.000000e+00 0.000000e+00 1.000000e+00
    outer loop
      vertex   -7.473269e+01 -1.709538e+02 2.000000e+00
      vertex   -7.542752e+01 -1.714565e+02 2.000000e+00
      vertex   -6.790967e+01 -1.766450e+02 2.000000e+00
    endloop
  endfacet
  facet normal 0.000000e+00 0.000000e+00 1.000000e+00
    outer loop
      vertex   -6.790967e+01 -1.766450e+02 2.000000e+00
      vertex   -7.542752e+01 -1.714565e+02 2.000000e+00
      vertex   -7.548325e+01 -1.714899e+02 2.000000e+00
    endloop
  endfacet
  facet normal 0.000000e+00 0.000000e+00 1.000000e+00
    outer loop
      vertex   -6.790967e+01 -1.766450e+02 2.000000e+00
      vertex   -7.548325e+01 -1.714899e+02 2.000000e+00
      vertex   -7.619774e+01 -1.720097e+02 2.000000e+00
    endloop
  endfacet
  facet normal 0.000000e+00 0.000000e+00 1.000000e+00
    outer loop
      vertex   -7.619774e+01 -1.720097e+02 2.000000e+00
      vertex   -7.680960e+01 -1.726471e+02 2.000000e+00
      vertex   -6.790967e+01 -1.766450e+02 2.000000e+00
    endloop
  endfacet
  facet normal 0.000000e+00 0.000000e+00 1.000000e+00
    outer loop
      vertex   -6.790967e+01 -1.766450e+02 2.000000e+00
      vertex   -7.680960e+01 -1.726471e+02 2.000000e+00
      vertex   -7.729971e+01 -1.733822e+02 2.000000e+00
    endloop
  endfacet
  facet normal 0.000000e+00 0.000000e+00 1.000000e+00
    outer loop
      vertex   -6.790967e+01 -1.766450e+02 2.000000e+00
      vertex   -7.729971e+01 -1.733822e+02 2.000000e+00
      vertex   -7.765279e+01 -1.741921e+02 2.000000e+00
    endloop
  endfacet
  facet normal 0.000000e+00 0.000000e+00 1.000000e+00
    outer loop
      vertex   -7.765279e+01 -1.741921e+02 2.000000e+00
      vertex   -7.785779e+01 -1.750515e+02 2.000000e+00
      vertex   -6.790967e+01 -1.766450e+02 2.000000e+00
    endloop
  endfacet
  facet normal 0.000000e+00 0.000000e+00 1.000000e+00
    outer loop
      vertex   -6.790967e+01 -1.766450e+02 2.000000e+00
      vertex   -7.785779e+01 -1.750515e+02 2.000000e+00
      vertex   -7.790833e+01 -1.759336e+02 2.000000e+00
    endloop
  endfacet
  facet normal 0.000000e+00 0.000000e+00 1.000000e+00
    outer loop
      vertex   -6.790967e+01 -1.766450e+02 2.000000e+00
      vertex   -7.790833e+01 -1.759336e+02 2.000000e+00
      vertex   -6.789970e+01 -1.772988e+02 2.000000e+00
    endloop
  endfacet
  facet normal 0.000000e+00 0.000000e+00 1.000000e+00
    outer loop
      vertex   -6.789970e+01 -1.772988e+02 2.000000e+00
      vertex   -7.790833e+01 -1.759336e+02 2.000000e+00
      vertex   -6.778335e+01 -1.779422e+02 2.000000e+00
    endloop
  endfacet
  facet normal 0.000000e+00 0.000000e+00 1.000000e+00
    outer loop
      vertex   -6.778335e+01 -1.779422e+02 2.000000e+00
      vertex   -7.790833e+01 -1.759336e+02 2.000000e+00
      vertex   -6.756374e+01 -1.785581e+02 2.000000e+00
    endloop
  endfacet
  facet normal 0.000000e+00 0.000000e+00 1.000000e+00
    outer loop
      vertex   -6.756374e+01 -1.785581e+02 2.000000e+00
      vertex   -7.790833e+01 -1.759336e+02 2.000000e+00
      vertex   -6.724673e+01 -1.791299e+02 2.000000e+00
    endloop
  endfacet
  facet normal 0.000000e+00 0.000000e+00 1.000000e+00
    outer loop
      vertex   -6.724673e+01 -1.791299e+02 2.000000e+00
      vertex   -7.790833e+01 -1.759336e+02 2.000000e+00
      vertex   -6.606779e+01 -1.826269e+02 2.000000e+00
    endloop
  endfacet
  facet normal 0.000000e+00 0.000000e+00 1.000000e+00
    outer loop
      vertex   -6.724673e+01 -1.791299e+02 2.000000e+00
      vertex   -6.606779e+01 -1.826269e+02 2.000000e+00
      vertex   -6.690320e+01 -1.796452e+02 2.000000e+00
    endloop
  endfacet
  facet normal 0.000000e+00 0.000000e+00 1.000000e+00
    outer loop
      vertex   -6.690320e+01 -1.796452e+02 2.000000e+00
      vertex   -6.606779e+01 -1.826269e+02 2.000000e+00
      vertex   -6.609692e+01 -1.818412e+02 2.000000e+00
    endloop
  endfacet
  facet normal 0.000000e+00 0.000000e+00 1.000000e+00
    outer loop
      vertex   -6.690320e+01 -1.796452e+02 2.000000e+00
      vertex   -6.609692e+01 -1.818412e+02 2.000000e+00
      vertex   -6.624886e+01 -1.810697e+02 2.000000e+00
    endloop
  endfacet
  facet normal 0.000000e+00 0.000000e+00 1.000000e+00
    outer loop
      vertex   -7.790833e+01 -1.759336e+02 2.000000e+00
      vertex   -7.706445e+01 -2.029375e+02 2.000000e+00
      vertex   -6.606779e+01 -1.826269e+02 2.000000e+00
    endloop
  endfacet
  facet normal 0.000000e+00 0.000000e+00 1.000000e+00
    outer loop
      vertex   -6.606779e+01 -1.826269e+02 2.000000e+00
      vertex   -7.706445e+01 -2.029375e+02 2.000000e+00
      vertex   -6.691320e+01 -2.029167e+02 2.000000e+00
    endloop
  endfacet
  facet normal 0.000000e+00 0.000000e+00 1.000000e+00
    outer loop
      vertex   -6.691320e+01 -2.029167e+02 2.000000e+00
      vertex   -7.706445e+01 -2.029375e+02 2.000000e+00
      vertex   -6.687943e+01 -2.033752e+02 2.000000e+00
    endloop
  endfacet
  facet normal 0.000000e+00 0.000000e+00 1.000000e+00
    outer loop
      vertex   -6.687943e+01 -2.033752e+02 2.000000e+00
      vertex   -7.706445e+01 -2.029375e+02 2.000000e+00
      vertex   -7.710241e+01 -2.033927e+02 2.000000e+00
    endloop
  endfacet
  facet normal 0.000000e+00 0.000000e+00 1.000000e+00
    outer loop
      vertex   -6.687943e+01 -2.033752e+02 2.000000e+00
      vertex   -7.710241e+01 -2.033927e+02 2.000000e+00
      vertex   -6.674188e+01 -2.038138e+02 2.000000e+00
    endloop
  endfacet
  facet normal 0.000000e+00 0.000000e+00 1.000000e+00
    outer loop
      vertex   -6.674188e+01 -2.038138e+02 2.000000e+00
      vertex   -7.710241e+01 -2.033927e+02 2.000000e+00
      vertex   -7.724263e+01 -2.038273e+02 2.000000e+00
    endloop
  endfacet
  facet normal 0.000000e+00 0.000000e+00 1.000000e+00
    outer loop
      vertex   -6.674188e+01 -2.038138e+02 2.000000e+00
      vertex   -7.724263e+01 -2.038273e+02 2.000000e+00
      vertex   -6.650782e+01 -2.042094e+02 2.000000e+00
    endloop
  endfacet
  facet normal 0.000000e+00 0.000000e+00 1.000000e+00
    outer loop
      vertex   -6.650782e+01 -2.042094e+02 2.000000e+00
      vertex   -7.724263e+01 -2.038273e+02 2.000000e+00
      vertex   -7.747780e+01 -2.042189e+02 2.000000e+00
    endloop
  endfacet
  facet normal 0.000000e+00 0.000000e+00 1.000000e+00
    outer loop
      vertex   -6.650782e+01 -2.042094e+02 2.000000e+00
      vertex   -7.747780e+01 -2.042189e+02 2.000000e+00
      vertex   -6.618962e+01 -2.045412e+02 2.000000e+00
    endloop
  endfacet
  facet normal 0.000000e+00 0.000000e+00 1.000000e+00
    outer loop
      vertex   -6.618962e+01 -2.045412e+02 2.000000e+00
      vertex   -7.747780e+01 -2.042189e+02 2.000000e+00
      vertex   -7.779568e+01 -2.045468e+02 2.000000e+00
    endloop
  endfacet
  facet normal 0.000000e+00 0.000000e+00 1.000000e+00
    outer loop
      vertex   -6.618962e+01 -2.045412e+02 2.000000e+00
      vertex   -7.779568e+01 -2.045468e+02 2.000000e+00
      vertex   -6.580408e+01 -2.047915e+02 2.000000e+00
    endloop
  endfacet
  facet normal 0.000000e+00 0.000000e+00 1.000000e+00
    outer loop
      vertex   -6.580408e+01 -2.047915e+02 2.000000e+00
      vertex   -7.779568e+01 -2.045468e+02 2.000000e+00
      vertex   -7.817966e+01 -2.047941e+02 2.000000e+00
    endloop
  endfacet
  facet normal 0.000000e+00 0.000000e+00 1.000000e+00
    outer loop
      vertex   -6.580408e+01 -2.047915e+02 2.000000e+00
      vertex   -7.817966e+01 -2.047941e+02 2.000000e+00
      vertex   -6.537157e+01 -2.049472e+02 2.000000e+00
    endloop
  endfacet
  facet normal 0.000000e+00 0.000000e+00 1.000000e+00
    outer loop
      vertex   -6.537157e+01 -2.049472e+02 2.000000e+00
      vertex   -7.817966e+01 -2.047941e+02 2.000000e+00
      vertex   -7.860974e+01 -2.049479e+02 2.000000e+00
    endloop
  endfacet
  facet normal 0.000000e+00 0.000000e+00 1.000000e+00
    outer loop
      vertex   -6.537157e+01 -2.049472e+02 2.000000e+00
      vertex   -7.860974e+01 -2.049479e+02 2.000000e+00
      vertex   -3.500000e+01 -2.250000e+02 2.000000e+00
    endloop
  endfacet
  facet normal 0.000000e+00 0.000000e+00 1.000000e+00
    outer loop
      vertex   -3.500000e+01 -2.250000e+02 2.000000e+00
      vertex   -7.860974e+01 -2.049479e+02 2.000000e+00
      vertex   -7.906348e+01 -2.050000e+02 2.000000e+00
    endloop
  endfacet
  facet normal 0.000000e+00 0.000000e+00 1.000000e+00
    outer loop
      vertex   -3.500000e+01 -2.250000e+02 2.000000e+00
      vertex   -7.906348e+01 -2.050000e+02 2.000000e+00
      vertex   -1.150000e+02 -2.250000e+02 2.000000e+00
    endloop
  endfacet
  facet normal 0.000000e+00 0.000000e+00 1.000000e+00
    outer loop
      vertex   -1.150000e+02 -2.250000e+02 2.000000e+00
      vertex   -7.906348e+01 -2.050000e+02 2.000000e+00
      vertex   -7.993653e+01 -2.050000e+02 2.000000e+00
    endloop
  endfacet
  facet normal 0.000000e+00 0.000000e+00 1.000000e+00
    outer loop
      vertex   -1.150000e+02 -2.250000e+02 2.000000e+00
      vertex   -7.993653e+01 -2.050000e+02 2.000000e+00
      vertex   -8.039026e+01 -2.049479e+02 2.000000e+00
    endloop
  endfacet
  facet normal 0.000000e+00 0.000000e+00 1.000000e+00
    outer loop
      vertex   -8.039026e+01 -2.049479e+02 2.000000e+00
      vertex   -8.082034e+01 -2.047941e+02 2.000000e+00
      vertex   -1.150000e+02 -2.250000e+02 2.000000e+00
    endloop
  endfacet
  facet normal 0.000000e+00 0.000000e+00 1.000000e+00
    outer loop
      vertex   -1.150000e+02 -2.250000e+02 2.000000e+00
      vertex   -8.082034e+01 -2.047941e+02 2.000000e+00
      vertex   -8.120433e+01 -2.045468e+02 2.000000e+00
    endloop
  endfacet
  facet normal 0.000000e+00 0.000000e+00 1.000000e+00
    outer loop
      vertex   -1.150000e+02 -2.250000e+02 2.000000e+00
      vertex   -8.120433e+01 -2.045468e+02 2.000000e+00
      vertex   -8.152220e+01 -2.042189e+02 2.000000e+00
    endloop
  endfacet
  facet normal 0.000000e+00 0.000000e+00 1.000000e+00
    outer loop
      vertex   -8.152220e+01 -2.042189e+02 2.000000e+00
      vertex   -8.175738e+01 -2.038273e+02 2.000000e+00
      vertex   -1.150000e+02 -2.250000e+02 2.000000e+00
    endloop
  endfacet
  facet normal 0.000000e+00 0.000000e+00 1.000000e+00
    outer loop
      vertex   -1.150000e+02 -2.250000e+02 2.000000e+00
      vertex   -8.175738e+01 -2.038273e+02 2.000000e+00
      vertex   -8.189760e+01 -2.033927e+02 2.000000e+00
    endloop
  endfacet
  facet normal 0.000000e+00 0.000000e+00 1.000000e+00
    outer loop
      vertex   -1.150000e+02 -2.250000e+02 2.000000e+00
      vertex   -8.189760e+01 -2.033927e+02 2.000000e+00
      vertex   -8.193555e+01 -2.029375e+02 2.000000e+00
    endloop
  endfacet
  facet normal 0.000000e+00 0.000000e+00 1.000000e+00
    outer loop
      vertex   -8.109993e+01 -1.761976e+02 2.000000e+00
      vertex   -8.569875e+01 -1.702742e+02 2.000000e+00
      vertex   -8.193555e+01 -2.029375e+02 2.000000e+00
    endloop
  endfacet
  facet normal 0.000000e+00 0.000000e+00 1.000000e+00
    outer loop
      vertex   -8.193555e+01 -2.029375e+02 2.000000e+00
      vertex   -8.569875e+01 -1.702742e+02 2.000000e+00
      vertex   -1.250000e+02 -2.150000e+02 2.000000e+00
    endloop
  endfacet
  facet normal 0.000000e+00 0.000000e+00 1.000000e+00
    outer loop
      vertex   -8.193555e+01 -2.029375e+02 2.000000e+00
      vertex   -1.250000e+02 -2.150000e+02 2.000000e+00
      vertex   -1.150000e+02 -2.250000e+02 2.000000e+00
    endloop
  endfacet
  facet normal 0.000000e+00 0.000000e+00 1.000000e+00
    outer loop
      vertex   -1.150000e+02 -2.250000e+02 2.000000e+00
      vertex   -1.250000e+02 -2.150000e+02 2.000000e+00
      vertex   -1.163053e+02 -2.249144e+02 2.000000e+00
    endloop
  endfacet
  facet normal 0.000000e+00 0.000000e+00 1.000000e+00
    outer loop
      vertex   -1.163053e+02 -2.249144e+02 2.000000e+00
      vertex   -1.250000e+02 -2.150000e+02 2.000000e+00
      vertex   -1.175882e+02 -2.246593e+02 2.000000e+00
    endloop
  endfacet
  facet normal 0.000000e+00 0.000000e+00 1.000000e+00
    outer loop
      vertex   -1.175882e+02 -2.246593e+02 2.000000e+00
      vertex   -1.250000e+02 -2.150000e+02 2.000000e+00
      vertex   -1.188268e+02 -2.242388e+02 2.000000e+00
    endloop
  endfacet
  facet normal 0.000000e+00 0.000000e+00 1.000000e+00
    outer loop
      vertex   -1.188268e+02 -2.242388e+02 2.000000e+00
      vertex   -1.250000e+02 -2.150000e+02 2.000000e+00
      vertex   -1.200000e+02 -2.236603e+02 2.000000e+00
    endloop
  endfacet
  facet normal 0.000000e+00 0.000000e+00 1.000000e+00
    outer loop
      vertex   -1.200000e+02 -2.236603e+02 2.000000e+00
      vertex   -1.250000e+02 -2.150000e+02 2.000000e+00
      vertex   -1.210876e+02 -2.229335e+02 2.000000e+00
    endloop
  endfacet
  facet normal 0.000000e+00 0.000000e+00 1.000000e+00
    outer loop
      vertex   -1.210876e+02 -2.229335e+02 2.000000e+00
      vertex   -1.250000e+02 -2.150000e+02 2.000000e+00
      vertex   -1.220711e+02 -2.220711e+02 2.000000e+00
    endloop
  endfacet
  facet normal 0.000000e+00 0.000000e+00 1.000000e+00
    outer loop
      vertex   -1.220711e+02 -2.220711e+02 2.000000e+00
      vertex   -1.250000e+02 -2.150000e+02 2.000000e+00
      vertex   -1.229335e+02 -2.210876e+02 2.000000e+00
    endloop
  endfacet
  facet normal 0.000000e+00 0.000000e+00 1.000000e+00
    outer loop
      vertex   -1.229335e+02 -2.210876e+02 2.000000e+00
      vertex   -1.250000e+02 -2.150000e+02 2.000000e+00
      vertex   -1.236603e+02 -2.200000e+02 2.000000e+00
    endloop
  endfacet
  facet normal 0.000000e+00 0.000000e+00 1.000000e+00
    outer loop
      vertex   -1.236603e+02 -2.200000e+02 2.000000e+00
      vertex   -1.250000e+02 -2.150000e+02 2.000000e+00
      vertex   -1.242388e+02 -2.188268e+02 2.000000e+00
    endloop
  endfacet
  facet normal 0.000000e+00 0.000000e+00 1.000000e+00
    outer loop
      vertex   -1.242388e+02 -2.188268e+02 2.000000e+00
      vertex   -1.250000e+02 -2.150000e+02 2.000000e+00
      vertex   -1.246593e+02 -2.175882e+02 2.000000e+00
    endloop
  endfacet
  facet normal 0.000000e+00 0.000000e+00 1.000000e+00
    outer loop
      vertex   -1.246593e+02 -2.175882e+02 2.000000e+00
      vertex   -1.250000e+02 -2.150000e+02 2.000000e+00
      vertex   -1.249144e+02 -2.163053e+02 2.000000e+00
    endloop
  endfacet
  facet normal 0.000000e+00 0.000000e+00 1.000000e+00
    outer loop
      vertex   -8.114058e+01 -1.753864e+02 2.000000e+00
      vertex   -8.386142e+01 -1.715693e+02 2.000000e+00
      vertex   -8.109993e+01 -1.761976e+02 2.000000e+00
    endloop
  endfacet
  facet normal 0.000000e+00 0.000000e+00 1.000000e+00
    outer loop
      vertex   -8.109993e+01 -1.761976e+02 2.000000e+00
      vertex   -8.386142e+01 -1.715693e+02 2.000000e+00
      vertex   -8.423607e+01 -1.713820e+02 2.000000e+00
    endloop
  endfacet
  facet normal 0.000000e+00 0.000000e+00 1.000000e+00
    outer loop
      vertex   -8.109993e+01 -1.761976e+02 2.000000e+00
      vertex   -8.423607e+01 -1.713820e+02 2.000000e+00
      vertex   -8.501865e+01 -1.708958e+02 2.000000e+00
    endloop
  endfacet
  facet normal 0.000000e+00 0.000000e+00 1.000000e+00
    outer loop
      vertex   -8.114058e+01 -1.753864e+02 2.000000e+00
      vertex   -8.131205e+01 -1.745924e+02 2.000000e+00
      vertex   -8.386142e+01 -1.715693e+02 2.000000e+00
    endloop
  endfacet
  facet normal 0.000000e+00 0.000000e+00 1.000000e+00
    outer loop
      vertex   -8.386142e+01 -1.715693e+02 2.000000e+00
      vertex   -8.131205e+01 -1.745924e+02 2.000000e+00
      vertex   -8.160979e+01 -1.738368e+02 2.000000e+00
    endloop
  endfacet
  facet normal 0.000000e+00 0.000000e+00 1.000000e+00
    outer loop
      vertex   -8.386142e+01 -1.715693e+02 2.000000e+00
      vertex   -8.160979e+01 -1.738368e+02 2.000000e+00
      vertex   -8.202597e+01 -1.731392e+02 2.000000e+00
    endloop
  endfacet
  facet normal 0.000000e+00 0.000000e+00 1.000000e+00
    outer loop
      vertex   -8.202597e+01 -1.731392e+02 2.000000e+00
      vertex   -8.254959e+01 -1.725183e+02 2.000000e+00
      vertex   -8.386142e+01 -1.715693e+02 2.000000e+00
    endloop
  endfacet
  facet normal 0.000000e+00 0.000000e+00 1.000000e+00
    outer loop
      vertex   -8.386142e+01 -1.715693e+02 2.000000e+00
      vertex   -8.254959e+01 -1.725183e+02 2.000000e+00
      vertex   -8.316683e+01 -1.719903e+02 2.000000e+00
    endloop
  endfacet
  facet normal 0.000000e+00 0.000000e+00 1.000000e+00
    outer loop
      vertex   -8.501865e+01 -1.708958e+02 2.000000e+00
      vertex   -8.569875e+01 -1.702742e+02 2.000000e+00
      vertex   -8.109993e+01 -1.761976e+02 2.000000e+00
    endloop
  endfacet
  facet normal 0.000000e+00 0.000000e+00 1.000000e+00
    outer loop
      vertex   -8.569875e+01 -1.702742e+02 2.000000e+00
      vertex   -8.625326e+01 -1.695385e+02 2.000000e+00
      vertex   -1.250000e+02 -2.150000e+02 2.000000e+00
    endloop
  endfacet
  facet normal 0.000000e+00 0.000000e+00 1.000000e+00
    outer loop
      vertex   -1.250000e+02 -2.150000e+02 2.000000e+00
      vertex   -8.625326e+01 -1.695385e+02 2.000000e+00
      vertex   -8.666335e+01 -1.687135e+02 2.000000e+00
    endloop
  endfacet
  facet normal 0.000000e+00 0.000000e+00 1.000000e+00
    outer loop
      vertex   -1.250000e+02 -2.150000e+02 2.000000e+00
      vertex   -8.666335e+01 -1.687135e+02 2.000000e+00
      vertex   -8.691512e+01 -1.678272e+02 2.000000e+00
    endloop
  endfacet
  facet normal 0.000000e+00 0.000000e+00 1.000000e+00
    outer loop
      vertex   -1.250000e+02 -2.150000e+02 2.000000e+00
      vertex   -8.691512e+01 -1.678272e+02 2.000000e+00
      vertex   -1.250000e+02 -1.350000e+02 2.000000e+00
    endloop
  endfacet
  facet normal 0.000000e+00 0.000000e+00 1.000000e+00
    outer loop
      vertex   -1.250000e+02 -1.350000e+02 2.000000e+00
      vertex   -8.691512e+01 -1.678272e+02 2.000000e+00
      vertex   -8.700000e+01 -1.669098e+02 2.000000e+00
    endloop
  endfacet
  facet normal 0.000000e+00 0.000000e+00 1.000000e+00
    outer loop
      vertex   -1.250000e+02 -1.350000e+02 2.000000e+00
      vertex   -8.700000e+01 -1.669098e+02 2.000000e+00
      vertex   -8.700000e+01 -1.457500e+02 2.000000e+00
    endloop
  endfacet
  facet normal -0.000000e+00 0.000000e+00 1.000000e+00
    outer loop
      vertex   -1.250000e+02 -1.350000e+02 2.000000e+00
      vertex   -8.700000e+01 -1.457500e+02 2.000000e+00
      vertex   -1.150000e+02 -1.250000e+02 2.000000e+00
    endloop
  endfacet
  facet normal 0.000000e+00 0.000000e+00 1.000000e+00
    outer loop
      vertex   -1.150000e+02 -1.250000e+02 2.000000e+00
      vertex   -8.700000e+01 -1.457500e+02 2.000000e+00
      vertex   -8.697445e+01 -1.455559e+02 2.000000e+00
    endloop
  endfacet
  facet normal 0.000000e+00 0.000000e+00 1.000000e+00
    outer loop
      vertex   -1.150000e+02 -1.250000e+02 2.000000e+00
      vertex   -8.697445e+01 -1.455559e+02 2.000000e+00
      vertex   -8.689952e+01 -1.453750e+02 2.000000e+00
    endloop
  endfacet
  facet normal 0.000000e+00 -0.000000e+00 1.000000e+00
    outer loop
      vertex   -8.689952e+01 -1.453750e+02 2.000000e+00
      vertex   -8.678033e+01 -1.452197e+02 2.000000e+00
      vertex   -1.150000e+02 -1.250000e+02 2.000000e+00
    endloop
  endfacet
  facet normal 0.000000e+00 0.000000e+00 1.000000e+00
    outer loop
      vertex   -1.150000e+02 -1.250000e+02 2.000000e+00
      vertex   -8.678033e+01 -1.452197e+02 2.000000e+00
      vertex   -8.662500e+01 -1.451005e+02 2.000000e+00
    endloop
  endfacet
  facet normal 0.000000e+00 0.000000e+00 1.000000e+00
    outer loop
      vertex   -1.150000e+02 -1.250000e+02 2.000000e+00
      vertex   -8.662500e+01 -1.451005e+02 2.000000e+00
      vertex   -8.644412e+01 -1.450256e+02 2.000000e+00
    endloop
  endfacet
  facet normal 0.000000e+00 -0.000000e+00 1.000000e+00
    outer loop
      vertex   -8.644412e+01 -1.450256e+02 2.000000e+00
      vertex   -8.625000e+01 -1.450000e+02 2.000000e+00
      vertex   -1.150000e+02 -1.250000e+02 2.000000e+00
    endloop
  endfacet
  facet normal 0.000000e+00 0.000000e+00 1.000000e+00
    outer loop
      vertex   -1.150000e+02 -1.250000e+02 2.000000e+00
      vertex   -8.625000e+01 -1.450000e+02 2.000000e+00
      vertex   -8.575000e+01 -1.450000e+02 2.000000e+00
    endloop
  endfacet
  facet normal 0.000000e+00 0.000000e+00 1.000000e+00
    outer loop
      vertex   -1.150000e+02 -1.250000e+02 2.000000e+00
      vertex   -8.575000e+01 -1.450000e+02 2.000000e+00
      vertex   -8.225000e+01 -1.450000e+02 2.000000e+00
    endloop
  endfacet
  facet normal 0.000000e+00 0.000000e+00 1.000000e+00
    outer loop
      vertex   -8.225000e+01 -1.450000e+02 2.000000e+00
      vertex   -8.575000e+01 -1.450000e+02 2.000000e+00
      vertex   -8.244412e+01 -1.450256e+02 2.000000e+00
    endloop
  endfacet
  facet normal 0.000000e+00 0.000000e+00 1.000000e+00
    outer loop
      vertex   -8.244412e+01 -1.450256e+02 2.000000e+00
      vertex   -8.575000e+01 -1.450000e+02 2.000000e+00
      vertex   -8.555589e+01 -1.450256e+02 2.000000e+00
    endloop
  endfacet
  facet normal 0.000000e+00 0.000000e+00 1.000000e+00
    outer loop
      vertex   -8.244412e+01 -1.450256e+02 2.000000e+00
      vertex   -8.555589e+01 -1.450256e+02 2.000000e+00
      vertex   -8.262500e+01 -1.451005e+02 2.000000e+00
    endloop
  endfacet
  facet normal 0.000000e+00 0.000000e+00 1.000000e+00
    outer loop
      vertex   -8.262500e+01 -1.451005e+02 2.000000e+00
      vertex   -8.555589e+01 -1.450256e+02 2.000000e+00
      vertex   -8.537500e+01 -1.451005e+02 2.000000e+00
    endloop
  endfacet
  facet normal 0.000000e+00 0.000000e+00 1.000000e+00
    outer loop
      vertex   -8.262500e+01 -1.451005e+02 2.000000e+00
      vertex   -8.537500e+01 -1.451005e+02 2.000000e+00
      vertex   -8.278033e+01 -1.452197e+02 2.000000e+00
    endloop
  endfacet
  facet normal 0.000000e+00 0.000000e+00 1.000000e+00
    outer loop
      vertex   -8.278033e+01 -1.452197e+02 2.000000e+00
      vertex   -8.537500e+01 -1.451005e+02 2.000000e+00
      vertex   -8.521967e+01 -1.452197e+02 2.000000e+00
    endloop
  endfacet
  facet normal 0.000000e+00 0.000000e+00 1.000000e+00
    outer loop
      vertex   -8.278033e+01 -1.452197e+02 2.000000e+00
      vertex   -8.521967e+01 -1.452197e+02 2.000000e+00
      vertex   -8.289952e+01 -1.453750e+02 2.000000e+00
    endloop
  endfacet
  facet normal 0.000000e+00 0.000000e+00 1.000000e+00
    outer loop
      vertex   -8.289952e+01 -1.453750e+02 2.000000e+00
      vertex   -8.521967e+01 -1.452197e+02 2.000000e+00
      vertex   -8.510048e+01 -1.453750e+02 2.000000e+00
    endloop
  endfacet
  facet normal 0.000000e+00 0.000000e+00 1.000000e+00
    outer loop
      vertex   -8.289952e+01 -1.453750e+02 2.000000e+00
      vertex   -8.510048e+01 -1.453750e+02 2.000000e+00
      vertex   -8.297445e+01 -1.455559e+02 2.000000e+00
    endloop
  endfacet
  facet normal 0.000000e+00 0.000000e+00 1.000000e+00
    outer loop
      vertex   -8.297445e+01 -1.455559e+02 2.000000e+00
      vertex   -8.510048e+01 -1.453750e+02 2.000000e+00
      vertex   -8.502556e+01 -1.455559e+02 2.000000e+00
    endloop
  endfacet
  facet normal 0.000000e+00 0.000000e+00 1.000000e+00
    outer loop
      vertex   -8.297445e+01 -1.455559e+02 2.000000e+00
      vertex   -8.502556e+01 -1.455559e+02 2.000000e+00
      vertex   -8.300000e+01 -1.457500e+02 2.000000e+00
    endloop
  endfacet
  facet normal 0.000000e+00 0.000000e+00 1.000000e+00
    outer loop
      vertex   -8.300000e+01 -1.457500e+02 2.000000e+00
      vertex   -8.502556e+01 -1.455559e+02 2.000000e+00
      vertex   -8.500000e+01 -1.457500e+02 2.000000e+00
    endloop
  endfacet
  facet normal 0.000000e+00 0.000000e+00 1.000000e+00
    outer loop
      vertex   -8.300000e+01 -1.457500e+02 2.000000e+00
      vertex   -8.500000e+01 -1.457500e+02 2.000000e+00
      vertex   -8.300000e+01 -1.642500e+02 2.000000e+00
    endloop
  endfacet
  facet normal 0.000000e+00 0.000000e+00 1.000000e+00
    outer loop
      vertex   -8.300000e+01 -1.642500e+02 2.000000e+00
      vertex   -8.500000e+01 -1.457500e+02 2.000000e+00
      vertex   -8.500000e+01 -1.642500e+02 2.000000e+00
    endloop
  endfacet
  facet normal 0.000000e+00 0.000000e+00 1.000000e+00
    outer loop
      vertex   -8.300000e+01 -1.642500e+02 2.000000e+00
      vertex   -8.500000e+01 -1.642500e+02 2.000000e+00
      vertex   -8.375000e+01 -1.650000e+02 2.000000e+00
    endloop
  endfacet
  facet normal 0.000000e+00 0.000000e+00 1.000000e+00
    outer loop
      vertex   -8.375000e+01 -1.650000e+02 2.000000e+00
      vertex   -8.500000e+01 -1.642500e+02 2.000000e+00
      vertex   -8.425000e+01 -1.650000e+02 2.000000e+00
    endloop
  endfacet
  facet normal 0.000000e+00 0.000000e+00 1.000000e+00
    outer loop
      vertex   -8.425000e+01 -1.650000e+02 2.000000e+00
      vertex   -8.500000e+01 -1.642500e+02 2.000000e+00
      vertex   -8.444412e+01 -1.649744e+02 2.000000e+00
    endloop
  endfacet
  facet normal 0.000000e+00 0.000000e+00 1.000000e+00
    outer loop
      vertex   -8.444412e+01 -1.649744e+02 2.000000e+00
      vertex   -8.500000e+01 -1.642500e+02 2.000000e+00
      vertex   -8.462500e+01 -1.648995e+02 2.000000e+00
    endloop
  endfacet
  facet normal 0.000000e+00 0.000000e+00 1.000000e+00
    outer loop
      vertex   -8.462500e+01 -1.648995e+02 2.000000e+00
      vertex   -8.500000e+01 -1.642500e+02 2.000000e+00
      vertex   -8.497445e+01 -1.644441e+02 2.000000e+00
    endloop
  endfacet
  facet normal 0.000000e+00 0.000000e+00 1.000000e+00
    outer loop
      vertex   -8.462500e+01 -1.648995e+02 2.000000e+00
      vertex   -8.497445e+01 -1.644441e+02 2.000000e+00
      vertex   -8.489952e+01 -1.646250e+02 2.000000e+00
    endloop
  endfacet
  facet normal 0.000000e+00 0.000000e+00 1.000000e+00
    outer loop
      vertex   -8.489952e+01 -1.646250e+02 2.000000e+00
      vertex   -8.478033e+01 -1.647803e+02 2.000000e+00
      vertex   -8.462500e+01 -1.648995e+02 2.000000e+00
    endloop
  endfacet
  facet normal 0.000000e+00 0.000000e+00 1.000000e+00
    outer loop
      vertex   -8.375000e+01 -1.650000e+02 2.000000e+00
      vertex   -8.355589e+01 -1.649744e+02 2.000000e+00
      vertex   -8.300000e+01 -1.642500e+02 2.000000e+00
    endloop
  endfacet
  facet normal 0.000000e+00 0.000000e+00 1.000000e+00
    outer loop
      vertex   -8.300000e+01 -1.642500e+02 2.000000e+00
      vertex   -8.355589e+01 -1.649744e+02 2.000000e+00
      vertex   -8.302556e+01 -1.644441e+02 2.000000e+00
    endloop
  endfacet
  facet normal 0.000000e+00 0.000000e+00 1.000000e+00
    outer loop
      vertex   -8.302556e+01 -1.644441e+02 2.000000e+00
      vertex   -8.355589e+01 -1.649744e+02 2.000000e+00
      vertex   -8.310048e+01 -1.646250e+02 2.000000e+00
    endloop
  endfacet
  facet normal 0.000000e+00 0.000000e+00 1.000000e+00
    outer loop
      vertex   -8.310048e+01 -1.646250e+02 2.000000e+00
      vertex   -8.355589e+01 -1.649744e+02 2.000000e+00
      vertex   -8.321967e+01 -1.647803e+02 2.000000e+00
    endloop
  endfacet
  facet normal 0.000000e+00 0.000000e+00 1.000000e+00
    outer loop
      vertex   -8.321967e+01 -1.647803e+02 2.000000e+00
      vertex   -8.355589e+01 -1.649744e+02 2.000000e+00
      vertex   -8.337500e+01 -1.648995e+02 2.000000e+00
    endloop
  endfacet
  facet normal 0.000000e+00 -0.000000e+00 1.000000e+00
    outer loop
      vertex   -8.225000e+01 -1.450000e+02 2.000000e+00
      vertex   -8.175000e+01 -1.450000e+02 2.000000e+00
      vertex   -1.150000e+02 -1.250000e+02 2.000000e+00
    endloop
  endfacet
  facet normal 0.000000e+00 0.000000e+00 1.000000e+00
    outer loop
      vertex   -1.150000e+02 -1.250000e+02 2.000000e+00
      vertex   -8.175000e+01 -1.450000e+02 2.000000e+00
      vertex   -7.825000e+01 -1.450000e+02 2.000000e+00
    endloop
  endfacet
  facet normal 0.000000e+00 0.000000e+00 1.000000e+00
    outer loop
      vertex   -1.150000e+02 -1.250000e+02 2.000000e+00
      vertex   -7.825000e+01 -1.450000e+02 2.000000e+00
      vertex   -7.775000e+01 -1.450000e+02 2.000000e+00
    endloop
  endfacet
  facet normal 0.000000e+00 0.000000e+00 1.000000e+00
    outer loop
      vertex   -7.825000e+01 -1.450000e+02 2.000000e+00
      vertex   -8.175000e+01 -1.450000e+02 2.000000e+00
      vertex   -7.844412e+01 -1.450256e+02 2.000000e+00
    endloop
  endfacet
  facet normal 0.000000e+00 0.000000e+00 1.000000e+00
    outer loop
      vertex   -7.844412e+01 -1.450256e+02 2.000000e+00
      vertex   -8.175000e+01 -1.450000e+02 2.000000e+00
      vertex   -8.155589e+01 -1.450256e+02 2.000000e+00
    endloop
  endfacet
  facet normal 0.000000e+00 0.000000e+00 1.000000e+00
    outer loop
      vertex   -7.844412e+01 -1.450256e+02 2.000000e+00
      vertex   -8.155589e+01 -1.450256e+02 2.000000e+00
      vertex   -7.862500e+01 -1.451005e+02 2.000000e+00
    endloop
  endfacet
  facet normal 0.000000e+00 0.000000e+00 1.000000e+00
    outer loop
      vertex   -7.862500e+01 -1.451005e+02 2.000000e+00
      vertex   -8.155589e+01 -1.450256e+02 2.000000e+00
      vertex   -8.137500e+01 -1.451005e+02 2.000000e+00
    endloop
  endfacet
  facet normal 0.000000e+00 0.000000e+00 1.000000e+00
    outer loop
      vertex   -7.862500e+01 -1.451005e+02 2.000000e+00
      vertex   -8.137500e+01 -1.451005e+02 2.000000e+00
      vertex   -7.878033e+01 -1.452197e+02 2.000000e+00
    endloop
  endfacet
  facet normal 0.000000e+00 0.000000e+00 1.000000e+00
    outer loop
      vertex   -7.878033e+01 -1.452197e+02 2.000000e+00
      vertex   -8.137500e+01 -1.451005e+02 2.000000e+00
      vertex   -8.121967e+01 -1.452197e+02 2.000000e+00
    endloop
  endfacet
  facet normal 0.000000e+00 0.000000e+00 1.000000e+00
    outer loop
      vertex   -7.878033e+01 -1.452197e+02 2.000000e+00
      vertex   -8.121967e+01 -1.452197e+02 2.000000e+00
      vertex   -7.889952e+01 -1.453750e+02 2.000000e+00
    endloop
  endfacet
  facet normal 0.000000e+00 0.000000e+00 1.000000e+00
    outer loop
      vertex   -7.889952e+01 -1.453750e+02 2.000000e+00
      vertex   -8.121967e+01 -1.452197e+02 2.000000e+00
      vertex   -8.110048e+01 -1.453750e+02 2.000000e+00
    endloop
  endfacet
  facet normal 0.000000e+00 0.000000e+00 1.000000e+00
    outer loop
      vertex   -7.889952e+01 -1.453750e+02 2.000000e+00
      vertex   -8.110048e+01 -1.453750e+02 2.000000e+00
      vertex   -7.897445e+01 -1.455559e+02 2.000000e+00
    endloop
  endfacet
  facet normal 0.000000e+00 0.000000e+00 1.000000e+00
    outer loop
      vertex   -7.897445e+01 -1.455559e+02 2.000000e+00
      vertex   -8.110048e+01 -1.453750e+02 2.000000e+00
      vertex   -8.102556e+01 -1.455559e+02 2.000000e+00
    endloop
  endfacet
  facet normal 0.000000e+00 0.000000e+00 1.000000e+00
    outer loop
      vertex   -7.897445e+01 -1.455559e+02 2.000000e+00
      vertex   -8.102556e+01 -1.455559e+02 2.000000e+00
      vertex   -7.900000e+01 -1.457500e+02 2.000000e+00
    endloop
  endfacet
  facet normal 0.000000e+00 0.000000e+00 1.000000e+00
    outer loop
      vertex   -7.900000e+01 -1.457500e+02 2.000000e+00
      vertex   -8.102556e+01 -1.455559e+02 2.000000e+00
      vertex   -8.100000e+01 -1.457500e+02 2.000000e+00
    endloop
  endfacet
  facet normal 0.000000e+00 0.000000e+00 1.000000e+00
    outer loop
      vertex   -7.900000e+01 -1.457500e+02 2.000000e+00
      vertex   -8.100000e+01 -1.457500e+02 2.000000e+00
      vertex   -7.900000e+01 -1.642500e+02 2.000000e+00
    endloop
  endfacet
  facet normal 0.000000e+00 0.000000e+00 1.000000e+00
    outer loop
      vertex   -7.900000e+01 -1.642500e+02 2.000000e+00
      vertex   -8.100000e+01 -1.457500e+02 2.000000e+00
      vertex   -8.100000e+01 -1.642500e+02 2.000000e+00
    endloop
  endfacet
  facet normal 0.000000e+00 0.000000e+00 1.000000e+00
    outer loop
      vertex   -7.900000e+01 -1.642500e+02 2.000000e+00
      vertex   -8.100000e+01 -1.642500e+02 2.000000e+00
      vertex   -7.975000e+01 -1.650000e+02 2.000000e+00
    endloop
  endfacet
  facet normal 0.000000e+00 0.000000e+00 1.000000e+00
    outer loop
      vertex   -7.975000e+01 -1.650000e+02 2.000000e+00
      vertex   -8.100000e+01 -1.642500e+02 2.000000e+00
      vertex   -8.025000e+01 -1.650000e+02 2.000000e+00
    endloop
  endfacet
  facet normal 0.000000e+00 0.000000e+00 1.000000e+00
    outer loop
      vertex   -8.025000e+01 -1.650000e+02 2.000000e+00
      vertex   -8.100000e+01 -1.642500e+02 2.000000e+00
      vertex   -8.044412e+01 -1.649744e+02 2.000000e+00
    endloop
  endfacet
  facet normal 0.000000e+00 0.000000e+00 1.000000e+00
    outer loop
      vertex   -8.044412e+01 -1.649744e+02 2.000000e+00
      vertex   -8.100000e+01 -1.642500e+02 2.000000e+00
      vertex   -8.062500e+01 -1.648995e+02 2.000000e+00
    endloop
  endfacet
  facet normal 0.000000e+00 0.000000e+00 1.000000e+00
    outer loop
      vertex   -8.062500e+01 -1.648995e+02 2.000000e+00
      vertex   -8.100000e+01 -1.642500e+02 2.000000e+00
      vertex   -8.097445e+01 -1.644441e+02 2.000000e+00
    endloop
  endfacet
  facet normal 0.000000e+00 0.000000e+00 1.000000e+00
    outer loop
      vertex   -8.062500e+01 -1.648995e+02 2.000000e+00
      vertex   -8.097445e+01 -1.644441e+02 2.000000e+00
      vertex   -8.089952e+01 -1.646250e+02 2.000000e+00
    endloop
  endfacet
  facet normal 0.000000e+00 0.000000e+00 1.000000e+00
    outer loop
      vertex   -8.089952e+01 -1.646250e+02 2.000000e+00
      vertex   -8.078033e+01 -1.647803e+02 2.000000e+00
      vertex   -8.062500e+01 -1.648995e+02 2.000000e+00
    endloop
  endfacet
  facet normal 0.000000e+00 0.000000e+00 1.000000e+00
    outer loop
      vertex   -7.975000e+01 -1.650000e+02 2.000000e+00
      vertex   -7.955589e+01 -1.649744e+02 2.000000e+00
      vertex   -7.900000e+01 -1.642500e+02 2.000000e+00
    endloop
  endfacet
  facet normal 0.000000e+00 0.000000e+00 1.000000e+00
    outer loop
      vertex   -7.900000e+01 -1.642500e+02 2.000000e+00
      vertex   -7.955589e+01 -1.649744e+02 2.000000e+00
      vertex   -7.902556e+01 -1.644441e+02 2.000000e+00
    endloop
  endfacet
  facet normal 0.000000e+00 0.000000e+00 1.000000e+00
    outer loop
      vertex   -7.902556e+01 -1.644441e+02 2.000000e+00
      vertex   -7.955589e+01 -1.649744e+02 2.000000e+00
      vertex   -7.910048e+01 -1.646250e+02 2.000000e+00
    endloop
  endfacet
  facet normal 0.000000e+00 0.000000e+00 1.000000e+00
    outer loop
      vertex   -7.910048e+01 -1.646250e+02 2.000000e+00
      vertex   -7.955589e+01 -1.649744e+02 2.000000e+00
      vertex   -7.921967e+01 -1.647803e+02 2.000000e+00
    endloop
  endfacet
  facet normal 0.000000e+00 0.000000e+00 1.000000e+00
    outer loop
      vertex   -7.921967e+01 -1.647803e+02 2.000000e+00
      vertex   -7.955589e+01 -1.649744e+02 2.000000e+00
      vertex   -7.937500e+01 -1.648995e+02 2.000000e+00
    endloop
  endfacet
  facet normal -0.000000e+00 -0.000000e+00 1.000000e+00
    outer loop
      vertex   -7.755589e+01 -1.450256e+02 2.000000e+00
      vertex   -7.444412e+01 -1.450256e+02 2.000000e+00
      vertex   -7.775000e+01 -1.450000e+02 2.000000e+00
    endloop
  endfacet
  facet normal 0.000000e+00 0.000000e+00 1.000000e+00
    outer loop
      vertex   -7.775000e+01 -1.450000e+02 2.000000e+00
      vertex   -7.444412e+01 -1.450256e+02 2.000000e+00
      vertex   -7.425000e+01 -1.450000e+02 2.000000e+00
    endloop
  endfacet
  facet normal -0.000000e+00 -0.000000e+00 1.000000e+00
    outer loop
      vertex   -7.775000e+01 -1.450000e+02 2.000000e+00
      vertex   -7.425000e+01 -1.450000e+02 2.000000e+00
      vertex   -1.150000e+02 -1.250000e+02 2.000000e+00
    endloop
  endfacet
  facet normal -0.000000e+00 0.000000e+00 1.000000e+00
    outer loop
      vertex   -1.150000e+02 -1.250000e+02 2.000000e+00
      vertex   -7.425000e+01 -1.450000e+02 2.000000e+00
      vertex   -3.500000e+01 -1.250000e+02 2.000000e+00
    endloop
  endfacet
  facet normal 0.000000e+00 0.000000e+00 1.000000e+00
    outer loop
      vertex   -3.500000e+01 -1.250000e+02 2.000000e+00
      vertex   -7.425000e+01 -1.450000e+02 2.000000e+00
      vertex   -7.375000e+01 -1.450000e+02 2.000000e+00
    endloop
  endfacet
  facet normal 0.000000e+00 0.000000e+00 1.000000e+00
    outer loop
      vertex   -3.500000e+01 -1.250000e+02 2.000000e+00
      vertex   -7.375000e+01 -1.450000e+02 2.000000e+00
      vertex   -7.355589e+01 -1.450256e+02 2.000000e+00
    endloop
  endfacet
  facet normal 0.000000e+00 0.000000e+00 1.000000e+00
    outer loop
      vertex   -7.444412e+01 -1.450256e+02 2.000000e+00
      vertex   -7.755589e+01 -1.450256e+02 2.000000e+00
      vertex   -7.462500e+01 -1.451005e+02 2.000000e+00
    endloop
  endfacet
  facet normal 0.000000e+00 0.000000e+00 1.000000e+00
    outer loop
      vertex   -7.462500e+01 -1.451005e+02 2.000000e+00
      vertex   -7.755589e+01 -1.450256e+02 2.000000e+00
      vertex   -7.737500e+01 -1.451005e+02 2.000000e+00
    endloop
  endfacet
  facet normal 0.000000e+00 0.000000e+00 1.000000e+00
    outer loop
      vertex   -7.462500e+01 -1.451005e+02 2.000000e+00
      vertex   -7.737500e+01 -1.451005e+02 2.000000e+00
      vertex   -7.478033e+01 -1.452197e+02 2.000000e+00
    endloop
  endfacet
  facet normal 0.000000e+00 0.000000e+00 1.000000e+00
    outer loop
      vertex   -7.478033e+01 -1.452197e+02 2.000000e+00
      vertex   -7.737500e+01 -1.451005e+02 2.000000e+00
      vertex   -7.721967e+01 -1.452197e+02 2.000000e+00
    endloop
  endfacet
  facet normal 0.000000e+00 0.000000e+00 1.000000e+00
    outer loop
      vertex   -7.478033e+01 -1.452197e+02 2.000000e+00
      vertex   -7.721967e+01 -1.452197e+02 2.000000e+00
      vertex   -7.489952e+01 -1.453750e+02 2.000000e+00
    endloop
  endfacet
  facet normal 0.000000e+00 0.000000e+00 1.000000e+00
    outer loop
      vertex   -7.489952e+01 -1.453750e+02 2.000000e+00
      vertex   -7.721967e+01 -1.452197e+02 2.000000e+00
      vertex   -7.710048e+01 -1.453750e+02 2.000000e+00
    endloop
  endfacet
  facet normal 0.000000e+00 0.000000e+00 1.000000e+00
    outer loop
      vertex   -7.489952e+01 -1.453750e+02 2.000000e+00
      vertex   -7.710048e+01 -1.453750e+02 2.000000e+00
      vertex   -7.497445e+01 -1.455559e+02 2.000000e+00
    endloop
  endfacet
  facet normal 0.000000e+00 0.000000e+00 1.000000e+00
    outer loop
      vertex   -7.497445e+01 -1.455559e+02 2.000000e+00
      vertex   -7.710048e+01 -1.453750e+02 2.000000e+00
      vertex   -7.702556e+01 -1.455559e+02 2.000000e+00
    endloop
  endfacet
  facet normal 0.000000e+00 0.000000e+00 1.000000e+00
    outer loop
      vertex   -7.497445e+01 -1.455559e+02 2.000000e+00
      vertex   -7.702556e+01 -1.455559e+02 2.000000e+00
      vertex   -7.500000e+01 -1.457500e+02 2.000000e+00
    endloop
  endfacet
  facet normal 0.000000e+00 0.000000e+00 1.000000e+00
    outer loop
      vertex   -7.500000e+01 -1.457500e+02 2.000000e+00
      vertex   -7.702556e+01 -1.455559e+02 2.000000e+00
      vertex   -7.700000e+01 -1.457500e+02 2.000000e+00
    endloop
  endfacet
  facet normal 0.000000e+00 0.000000e+00 1.000000e+00
    outer loop
      vertex   -7.500000e+01 -1.457500e+02 2.000000e+00
      vertex   -7.700000e+01 -1.457500e+02 2.000000e+00
      vertex   -7.500000e+01 -1.642500e+02 2.000000e+00
    endloop
  endfacet
  facet normal 0.000000e+00 0.000000e+00 1.000000e+00
    outer loop
      vertex   -7.500000e+01 -1.642500e+02 2.000000e+00
      vertex   -7.700000e+01 -1.457500e+02 2.000000e+00
      vertex   -7.700000e+01 -1.642500e+02 2.000000e+00
    endloop
  endfacet
  facet normal 0.000000e+00 0.000000e+00 1.000000e+00
    outer loop
      vertex   -7.500000e+01 -1.642500e+02 2.000000e+00
      vertex   -7.700000e+01 -1.642500e+02 2.000000e+00
      vertex   -7.575000e+01 -1.650000e+02 2.000000e+00
    endloop
  endfacet
  facet normal 0.000000e+00 0.000000e+00 1.000000e+00
    outer loop
      vertex   -7.575000e+01 -1.650000e+02 2.000000e+00
      vertex   -7.700000e+01 -1.642500e+02 2.000000e+00
      vertex   -7.625000e+01 -1.650000e+02 2.000000e+00
    endloop
  endfacet
  facet normal 0.000000e+00 0.000000e+00 1.000000e+00
    outer loop
      vertex   -7.625000e+01 -1.650000e+02 2.000000e+00
      vertex   -7.700000e+01 -1.642500e+02 2.000000e+00
      vertex   -7.644412e+01 -1.649744e+02 2.000000e+00
    endloop
  endfacet
  facet normal 0.000000e+00 0.000000e+00 1.000000e+00
    outer loop
      vertex   -7.644412e+01 -1.649744e+02 2.000000e+00
      vertex   -7.700000e+01 -1.642500e+02 2.000000e+00
      vertex   -7.662500e+01 -1.648995e+02 2.000000e+00
    endloop
  endfacet
  facet normal 0.000000e+00 0.000000e+00 1.000000e+00
    outer loop
      vertex   -7.662500e+01 -1.648995e+02 2.000000e+00
      vertex   -7.700000e+01 -1.642500e+02 2.000000e+00
      vertex   -7.697445e+01 -1.644441e+02 2.000000e+00
    endloop
  endfacet
  facet normal 0.000000e+00 0.000000e+00 1.000000e+00
    outer loop
      vertex   -7.662500e+01 -1.648995e+02 2.000000e+00
      vertex   -7.697445e+01 -1.644441e+02 2.000000e+00
      vertex   -7.689952e+01 -1.646250e+02 2.000000e+00
    endloop
  endfacet
  facet normal 0.000000e+00 0.000000e+00 1.000000e+00
    outer loop
      vertex   -7.689952e+01 -1.646250e+02 2.000000e+00
      vertex   -7.678033e+01 -1.647803e+02 2.000000e+00
      vertex   -7.662500e+01 -1.648995e+02 2.000000e+00
    endloop
  endfacet
  facet normal 0.000000e+00 0.000000e+00 1.000000e+00
    outer loop
      vertex   -7.575000e+01 -1.650000e+02 2.000000e+00
      vertex   -7.555589e+01 -1.649744e+02 2.000000e+00
      vertex   -7.500000e+01 -1.642500e+02 2.000000e+00
    endloop
  endfacet
  facet normal 0.000000e+00 0.000000e+00 1.000000e+00
    outer loop
      vertex   -7.500000e+01 -1.642500e+02 2.000000e+00
      vertex   -7.555589e+01 -1.649744e+02 2.000000e+00
      vertex   -7.502556e+01 -1.644441e+02 2.000000e+00
    endloop
  endfacet
  facet normal 0.000000e+00 0.000000e+00 1.000000e+00
    outer loop
      vertex   -7.502556e+01 -1.644441e+02 2.000000e+00
      vertex   -7.555589e+01 -1.649744e+02 2.000000e+00
      vertex   -7.510048e+01 -1.646250e+02 2.000000e+00
    endloop
  endfacet
  facet normal 0.000000e+00 0.000000e+00 1.000000e+00
    outer loop
      vertex   -7.510048e+01 -1.646250e+02 2.000000e+00
      vertex   -7.555589e+01 -1.649744e+02 2.000000e+00
      vertex   -7.521967e+01 -1.647803e+02 2.000000e+00
    endloop
  endfacet
  facet normal 0.000000e+00 0.000000e+00 1.000000e+00
    outer loop
      vertex   -7.521967e+01 -1.647803e+02 2.000000e+00
      vertex   -7.555589e+01 -1.649744e+02 2.000000e+00
      vertex   -7.537500e+01 -1.648995e+02 2.000000e+00
    endloop
  endfacet
  facet normal 0.000000e+00 0.000000e+00 1.000000e+00
    outer loop
      vertex   -3.500000e+01 -1.250000e+02 2.000000e+00
      vertex   -7.355589e+01 -1.450256e+02 2.000000e+00
      vertex   -6.294412e+01 -1.450862e+02 2.000000e+00
    endloop
  endfacet
  facet normal 0.000000e+00 0.000000e+00 1.000000e+00
    outer loop
      vertex   -6.294412e+01 -1.450862e+02 2.000000e+00
      vertex   -7.355589e+01 -1.450256e+02 2.000000e+00
      vertex   -7.337500e+01 -1.451005e+02 2.000000e+00
    endloop
  endfacet
  facet normal 0.000000e+00 0.000000e+00 1.000000e+00
    outer loop
      vertex   -6.294412e+01 -1.450862e+02 2.000000e+00
      vertex   -7.337500e+01 -1.451005e+02 2.000000e+00
      vertex   -6.312500e+01 -1.451611e+02 2.000000e+00
    endloop
  endfacet
  facet normal 0.000000e+00 0.000000e+00 1.000000e+00
    outer loop
      vertex   -6.312500e+01 -1.451611e+02 2.000000e+00
      vertex   -7.337500e+01 -1.451005e+02 2.000000e+00
      vertex   -7.321967e+01 -1.452197e+02 2.000000e+00
    endloop
  endfacet
  facet normal 0.000000e+00 0.000000e+00 1.000000e+00
    outer loop
      vertex   -6.312500e+01 -1.451611e+02 2.000000e+00
      vertex   -7.321967e+01 -1.452197e+02 2.000000e+00
      vertex   -6.328033e+01 -1.452803e+02 2.000000e+00
    endloop
  endfacet
  facet normal 0.000000e+00 0.000000e+00 1.000000e+00
    outer loop
      vertex   -6.328033e+01 -1.452803e+02 2.000000e+00
      vertex   -7.321967e+01 -1.452197e+02 2.000000e+00
      vertex   -6.334315e+01 -1.453432e+02 2.000000e+00
    endloop
  endfacet
  facet normal 0.000000e+00 0.000000e+00 1.000000e+00
    outer loop
      vertex   -6.334315e+01 -1.453432e+02 2.000000e+00
      vertex   -7.321967e+01 -1.452197e+02 2.000000e+00
      vertex   -7.310048e+01 -1.453750e+02 2.000000e+00
    endloop
  endfacet
  facet normal 0.000000e+00 0.000000e+00 1.000000e+00
    outer loop
      vertex   -6.334315e+01 -1.453432e+02 2.000000e+00
      vertex   -7.310048e+01 -1.453750e+02 2.000000e+00
      vertex   -6.413759e+01 -1.462390e+02 2.000000e+00
    endloop
  endfacet
  facet normal 0.000000e+00 0.000000e+00 1.000000e+00
    outer loop
      vertex   -6.413759e+01 -1.462390e+02 2.000000e+00
      vertex   -7.310048e+01 -1.453750e+02 2.000000e+00
      vertex   -7.302556e+01 -1.455559e+02 2.000000e+00
    endloop
  endfacet
  facet normal 0.000000e+00 0.000000e+00 1.000000e+00
    outer loop
      vertex   -6.413759e+01 -1.462390e+02 2.000000e+00
      vertex   -7.302556e+01 -1.455559e+02 2.000000e+00
      vertex   -6.481927e+01 -1.472233e+02 2.000000e+00
    endloop
  endfacet
  facet normal 0.000000e+00 0.000000e+00 1.000000e+00
    outer loop
      vertex   -6.481927e+01 -1.472233e+02 2.000000e+00
      vertex   -7.302556e+01 -1.455559e+02 2.000000e+00
      vertex   -7.300000e+01 -1.457500e+02 2.000000e+00
    endloop
  endfacet
  facet normal 0.000000e+00 0.000000e+00 1.000000e+00
    outer loop
      vertex   -6.481927e+01 -1.472233e+02 2.000000e+00
      vertex   -7.300000e+01 -1.457500e+02 2.000000e+00
      vertex   -6.537841e+01 -1.482821e+02 2.000000e+00
    endloop
  endfacet
  facet normal 0.000000e+00 0.000000e+00 1.000000e+00
    outer loop
      vertex   -6.537841e+01 -1.482821e+02 2.000000e+00
      vertex   -7.300000e+01 -1.457500e+02 2.000000e+00
      vertex   -6.580701e+01 -1.494001e+02 2.000000e+00
    endloop
  endfacet
  facet normal 0.000000e+00 0.000000e+00 1.000000e+00
    outer loop
      vertex   -6.580701e+01 -1.494001e+02 2.000000e+00
      vertex   -7.300000e+01 -1.457500e+02 2.000000e+00
      vertex   -6.609891e+01 -1.505613e+02 2.000000e+00
    endloop
  endfacet
  facet normal 0.000000e+00 0.000000e+00 1.000000e+00
    outer loop
      vertex   -6.609891e+01 -1.505613e+02 2.000000e+00
      vertex   -7.300000e+01 -1.457500e+02 2.000000e+00
      vertex   -6.624994e+01 -1.517490e+02 2.000000e+00
    endloop
  endfacet
  facet normal 0.000000e+00 0.000000e+00 1.000000e+00
    outer loop
      vertex   -6.624994e+01 -1.517490e+02 2.000000e+00
      vertex   -7.300000e+01 -1.457500e+02 2.000000e+00
      vertex   -7.300000e+01 -1.650000e+02 2.000000e+00
    endloop
  endfacet
  facet normal 0.000000e+00 0.000000e+00 1.000000e+00
    outer loop
      vertex   -6.624994e+01 -1.517490e+02 2.000000e+00
      vertex   -7.300000e+01 -1.650000e+02 2.000000e+00
      vertex   -6.790967e+01 -1.766450e+02 2.000000e+00
    endloop
  endfacet
  facet normal 0.000000e+00 0.000000e+00 1.000000e+00
    outer loop
      vertex   -6.362844e+01 -2.049472e+02 2.000000e+00
      vertex   -6.408507e+01 -2.050000e+02 2.000000e+00
      vertex   -3.500000e+01 -2.250000e+02 2.000000e+00
    endloop
  endfacet
  facet normal 0.000000e+00 0.000000e+00 1.000000e+00
    outer loop
      vertex   -3.500000e+01 -2.250000e+02 2.000000e+00
      vertex   -6.408507e+01 -2.050000e+02 2.000000e+00
      vertex   -6.491493e+01 -2.050000e+02 2.000000e+00
    endloop
  endfacet
  facet normal 0.000000e+00 0.000000e+00 1.000000e+00
    outer loop
      vertex   -3.500000e+01 -2.250000e+02 2.000000e+00
      vertex   -6.491493e+01 -2.050000e+02 2.000000e+00
      vertex   -6.537157e+01 -2.049472e+02 2.000000e+00
    endloop
  endfacet
  facet normal 0.000000e+00 0.000000e+00 1.000000e+00
    outer loop
      vertex   -6.624886e+01 -1.810697e+02 2.000000e+00
      vertex   -6.651986e+01 -1.803317e+02 2.000000e+00
      vertex   -6.690320e+01 -1.796452e+02 2.000000e+00
    endloop
  endfacet
  facet normal 0.000000e+00 0.000000e+00 1.000000e+00
    outer loop
      vertex   -6.294412e+01 -1.450862e+02 2.000000e+00
      vertex   -6.275000e+01 -1.450607e+02 2.000000e+00
      vertex   -3.500000e+01 -1.250000e+02 2.000000e+00
    endloop
  endfacet
  facet normal 0.000000e+00 0.000000e+00 1.000000e+00
    outer loop
      vertex   -3.500000e+01 -1.250000e+02 2.000000e+00
      vertex   -6.275000e+01 -1.450607e+02 2.000000e+00
      vertex   -6.255589e+01 -1.450862e+02 2.000000e+00
    endloop
  endfacet
  facet normal 0.000000e+00 0.000000e+00 1.000000e+00
    outer loop
      vertex   -3.500000e+01 -1.250000e+02 2.000000e+00
      vertex   -6.255589e+01 -1.450862e+02 2.000000e+00
      vertex   -6.237500e+01 -1.451611e+02 2.000000e+00
    endloop
  endfacet
  facet normal -0.000000e+00 0.000000e+00 1.000000e+00
    outer loop
      vertex   -6.237500e+01 -1.451611e+02 2.000000e+00
      vertex   -6.221967e+01 -1.452803e+02 2.000000e+00
      vertex   -3.500000e+01 -1.250000e+02 2.000000e+00
    endloop
  endfacet
  facet normal 0.000000e+00 0.000000e+00 1.000000e+00
    outer loop
      vertex   -3.500000e+01 -1.250000e+02 2.000000e+00
      vertex   -6.221967e+01 -1.452803e+02 2.000000e+00
      vertex   -6.210048e+01 -1.454357e+02 2.000000e+00
    endloop
  endfacet
  facet normal 0.000000e+00 0.000000e+00 1.000000e+00
    outer loop
      vertex   -3.500000e+01 -1.250000e+02 2.000000e+00
      vertex   -6.210048e+01 -1.454357e+02 2.000000e+00
      vertex   -6.202556e+01 -1.456165e+02 2.000000e+00
    endloop
  endfacet
  facet normal 0.000000e+00 0.000000e+00 1.000000e+00
    outer loop
      vertex   -3.500000e+01 -1.250000e+02 2.000000e+00
      vertex   -6.202556e+01 -1.456165e+02 2.000000e+00
      vertex   -2.500000e+01 -1.350000e+02 2.000000e+00
    endloop
  endfacet
  facet normal 0.000000e+00 0.000000e+00 1.000000e+00
    outer loop
      vertex   -2.500000e+01 -1.350000e+02 2.000000e+00
      vertex   -6.202556e+01 -1.456165e+02 2.000000e+00
      vertex   -6.200000e+01 -1.458107e+02 2.000000e+00
    endloop
  endfacet
  facet normal 0.000000e+00 0.000000e+00 1.000000e+00
    outer loop
      vertex   -2.500000e+01 -1.350000e+02 2.000000e+00
      vertex   -6.200000e+01 -1.458107e+02 2.000000e+00
      vertex   -6.200000e+01 -1.793787e+02 2.000000e+00
    endloop
  endfacet
  facet normal 0.000000e+00 0.000000e+00 1.000000e+00
    outer loop
      vertex   -2.500000e+01 -1.350000e+02 2.000000e+00
      vertex   -6.200000e+01 -1.793787e+02 2.000000e+00
      vertex   -2.500000e+01 -2.150000e+02 2.000000e+00
    endloop
  endfacet
  facet normal 0.000000e+00 0.000000e+00 1.000000e+00
    outer loop
      vertex   -2.500000e+01 -2.150000e+02 2.000000e+00
      vertex   -6.200000e+01 -1.793787e+02 2.000000e+00
      vertex   -6.205111e+01 -1.797669e+02 2.000000e+00
    endloop
  endfacet
  facet normal 0.000000e+00 0.000000e+00 1.000000e+00
    outer loop
      vertex   -2.500000e+01 -2.150000e+02 2.000000e+00
      vertex   -6.205111e+01 -1.797669e+02 2.000000e+00
      vertex   -6.220096e+01 -1.801287e+02 2.000000e+00
    endloop
  endfacet
  facet normal -0.000000e+00 0.000000e+00 1.000000e+00
    outer loop
      vertex   -6.243934e+01 -1.804393e+02 2.000000e+00
      vertex   -6.297260e+01 -1.816577e+02 2.000000e+00
      vertex   -6.220096e+01 -1.801287e+02 2.000000e+00
    endloop
  endfacet
  facet normal 0.000000e+00 0.000000e+00 1.000000e+00
    outer loop
      vertex   -6.220096e+01 -1.801287e+02 2.000000e+00
      vertex   -6.297260e+01 -1.816577e+02 2.000000e+00
      vertex   -6.208680e+01 -2.029167e+02 2.000000e+00
    endloop
  endfacet
  facet normal 0.000000e+00 0.000000e+00 1.000000e+00
    outer loop
      vertex   -6.220096e+01 -1.801287e+02 2.000000e+00
      vertex   -6.208680e+01 -2.029167e+02 2.000000e+00
      vertex   -2.500000e+01 -2.150000e+02 2.000000e+00
    endloop
  endfacet
  facet normal 0.000000e+00 0.000000e+00 1.000000e+00
    outer loop
      vertex   -2.500000e+01 -2.150000e+02 2.000000e+00
      vertex   -6.208680e+01 -2.029167e+02 2.000000e+00
      vertex   -6.212057e+01 -2.033752e+02 2.000000e+00
    endloop
  endfacet
  facet normal 0.000000e+00 0.000000e+00 1.000000e+00
    outer loop
      vertex   -2.500000e+01 -2.150000e+02 2.000000e+00
      vertex   -6.212057e+01 -2.033752e+02 2.000000e+00
      vertex   -3.500000e+01 -2.250000e+02 2.000000e+00
    endloop
  endfacet
  facet normal 0.000000e+00 0.000000e+00 1.000000e+00
    outer loop
      vertex   -3.500000e+01 -2.250000e+02 2.000000e+00
      vertex   -6.212057e+01 -2.033752e+02 2.000000e+00
      vertex   -6.225812e+01 -2.038138e+02 2.000000e+00
    endloop
  endfacet
  facet normal 0.000000e+00 0.000000e+00 1.000000e+00
    outer loop
      vertex   -3.500000e+01 -2.250000e+02 2.000000e+00
      vertex   -6.225812e+01 -2.038138e+02 2.000000e+00
      vertex   -6.249218e+01 -2.042094e+02 2.000000e+00
    endloop
  endfacet
  facet normal 0.000000e+00 0.000000e+00 1.000000e+00
    outer loop
      vertex   -6.243934e+01 -1.804393e+02 2.000000e+00
      vertex   -6.253456e+01 -1.805346e+02 2.000000e+00
      vertex   -6.297260e+01 -1.816577e+02 2.000000e+00
    endloop
  endfacet
  facet normal 0.000000e+00 0.000000e+00 1.000000e+00
    outer loop
      vertex   -6.297260e+01 -1.816577e+02 2.000000e+00
      vertex   -6.253456e+01 -1.805346e+02 2.000000e+00
      vertex   -6.295350e+01 -1.813487e+02 2.000000e+00
    endloop
  endfacet
  facet normal 0.000000e+00 0.000000e+00 1.000000e+00
    outer loop
      vertex   -6.295350e+01 -1.813487e+02 2.000000e+00
      vertex   -6.253456e+01 -1.805346e+02 2.000000e+00
      vertex   -6.287137e+01 -1.810502e+02 2.000000e+00
    endloop
  endfacet
  facet normal 0.000000e+00 0.000000e+00 1.000000e+00
    outer loop
      vertex   -6.287137e+01 -1.810502e+02 2.000000e+00
      vertex   -6.253456e+01 -1.805346e+02 2.000000e+00
      vertex   -6.272971e+01 -1.807749e+02 2.000000e+00
    endloop
  endfacet
  facet normal 0.000000e+00 0.000000e+00 1.000000e+00
    outer loop
      vertex   -6.249218e+01 -2.042094e+02 2.000000e+00
      vertex   -6.281038e+01 -2.045412e+02 2.000000e+00
      vertex   -3.500000e+01 -2.250000e+02 2.000000e+00
    endloop
  endfacet
  facet normal 0.000000e+00 0.000000e+00 1.000000e+00
    outer loop
      vertex   -3.500000e+01 -2.250000e+02 2.000000e+00
      vertex   -6.281038e+01 -2.045412e+02 2.000000e+00
      vertex   -6.319592e+01 -2.047915e+02 2.000000e+00
    endloop
  endfacet
  facet normal 0.000000e+00 0.000000e+00 1.000000e+00
    outer loop
      vertex   -3.500000e+01 -2.250000e+02 2.000000e+00
      vertex   -6.319592e+01 -2.047915e+02 2.000000e+00
      vertex   -6.362844e+01 -2.049472e+02 2.000000e+00
    endloop
  endfacet
  facet normal -0.000000e+00 0.000000e+00 1.000000e+00
    outer loop
      vertex   -1.163053e+02 -1.250856e+02 2.000000e+00
      vertex   -1.175882e+02 -1.253407e+02 2.000000e+00
      vertex   -1.150000e+02 -1.250000e+02 2.000000e+00
    endloop
  endfacet
  facet normal 0.000000e+00 0.000000e+00 1.000000e+00
    outer loop
      vertex   -1.150000e+02 -1.250000e+02 2.000000e+00
      vertex   -1.175882e+02 -1.253407e+02 2.000000e+00
      vertex   -1.188268e+02 -1.257612e+02 2.000000e+00
    endloop
  endfacet
  facet normal 0.000000e+00 0.000000e+00 1.000000e+00
    outer loop
      vertex   -1.150000e+02 -1.250000e+02 2.000000e+00
      vertex   -1.188268e+02 -1.257612e+02 2.000000e+00
      vertex   -1.200000e+02 -1.263397e+02 2.000000e+00
    endloop
  endfacet
  facet normal -0.000000e+00 0.000000e+00 1.000000e+00
    outer loop
      vertex   -1.200000e+02 -1.263397e+02 2.000000e+00
      vertex   -1.210876e+02 -1.270665e+02 2.000000e+00
      vertex   -1.150000e+02 -1.250000e+02 2.000000e+00
    endloop
  endfacet
  facet normal 0.000000e+00 0.000000e+00 1.000000e+00
    outer loop
      vertex   -1.150000e+02 -1.250000e+02 2.000000e+00
      vertex   -1.210876e+02 -1.270665e+02 2.000000e+00
      vertex   -1.220711e+02 -1.279289e+02 2.000000e+00
    endloop
  endfacet
  facet normal 0.000000e+00 0.000000e+00 1.000000e+00
    outer loop
      vertex   -1.150000e+02 -1.250000e+02 2.000000e+00
      vertex   -1.220711e+02 -1.279289e+02 2.000000e+00
      vertex   -1.229335e+02 -1.289124e+02 2.000000e+00
    endloop
  endfacet
  facet normal -0.000000e+00 0.000000e+00 1.000000e+00
    outer loop
      vertex   -1.229335e+02 -1.289124e+02 2.000000e+00
      vertex   -1.236603e+02 -1.300000e+02 2.000000e+00
      vertex   -1.150000e+02 -1.250000e+02 2.000000e+00
    endloop
  endfacet
  facet normal 0.000000e+00 0.000000e+00 1.000000e+00
    outer loop
      vertex   -1.150000e+02 -1.250000e+02 2.000000e+00
      vertex   -1.236603e+02 -1.300000e+02 2.000000e+00
      vertex   -1.242388e+02 -1.311732e+02 2.000000e+00
    endloop
  endfacet
  facet normal 0.000000e+00 0.000000e+00 1.000000e+00
    outer loop
      vertex   -1.150000e+02 -1.250000e+02 2.000000e+00
      vertex   -1.242388e+02 -1.311732e+02 2.000000e+00
      vertex   -1.246593e+02 -1.324118e+02 2.000000e+00
    endloop
  endfacet
  facet normal -0.000000e+00 0.000000e+00 1.000000e+00
    outer loop
      vertex   -1.246593e+02 -1.324118e+02 2.000000e+00
      vertex   -1.249144e+02 -1.336947e+02 2.000000e+00
      vertex   -1.150000e+02 -1.250000e+02 2.000000e+00
    endloop
  endfacet
  facet normal 0.000000e+00 0.000000e+00 1.000000e+00
    outer loop
      vertex   -1.150000e+02 -1.250000e+02 2.000000e+00
      vertex   -1.249144e+02 -1.336947e+02 2.000000e+00
      vertex   -1.250000e+02 -1.350000e+02 2.000000e+00
    endloop
  endfacet
  facet normal 0.000000e+00 0.000000e+00 1.000000e+00
    outer loop
      vertex   -3.500000e+01 -2.250000e+02 2.000000e+00
      vertex   -3.369474e+01 -2.249144e+02 2.000000e+00
      vertex   -2.500000e+01 -2.150000e+02 2.000000e+00
    endloop
  endfacet
  facet normal 0.000000e+00 0.000000e+00 1.000000e+00
    outer loop
      vertex   -2.500000e+01 -2.150000e+02 2.000000e+00
      vertex   -3.369474e+01 -2.249144e+02 2.000000e+00
      vertex   -3.241181e+01 -2.246593e+02 2.000000e+00
    endloop
  endfacet
  facet normal 0.000000e+00 0.000000e+00 1.000000e+00
    outer loop
      vertex   -2.500000e+01 -2.150000e+02 2.000000e+00
      vertex   -3.241181e+01 -2.246593e+02 2.000000e+00
      vertex   -3.117317e+01 -2.242388e+02 2.000000e+00
    endloop
  endfacet
  facet normal 0.000000e+00 0.000000e+00 1.000000e+00
    outer loop
      vertex   -3.117317e+01 -2.242388e+02 2.000000e+00
      vertex   -3.000000e+01 -2.236603e+02 2.000000e+00
      vertex   -2.500000e+01 -2.150000e+02 2.000000e+00
    endloop
  endfacet
  facet normal 0.000000e+00 0.000000e+00 1.000000e+00
    outer loop
      vertex   -2.500000e+01 -2.150000e+02 2.000000e+00
      vertex   -3.000000e+01 -2.236603e+02 2.000000e+00
      vertex   -2.891239e+01 -2.229335e+02 2.000000e+00
    endloop
  endfacet
  facet normal 0.000000e+00 0.000000e+00 1.000000e+00
    outer loop
      vertex   -2.500000e+01 -2.150000e+02 2.000000e+00
      vertex   -2.891239e+01 -2.229335e+02 2.000000e+00
      vertex   -2.792893e+01 -2.220711e+02 2.000000e+00
    endloop
  endfacet
  facet normal 0.000000e+00 0.000000e+00 1.000000e+00
    outer loop
      vertex   -2.792893e+01 -2.220711e+02 2.000000e+00
      vertex   -2.706647e+01 -2.210876e+02 2.000000e+00
      vertex   -2.500000e+01 -2.150000e+02 2.000000e+00
    endloop
  endfacet
  facet normal 0.000000e+00 0.000000e+00 1.000000e+00
    outer loop
      vertex   -2.500000e+01 -2.150000e+02 2.000000e+00
      vertex   -2.706647e+01 -2.210876e+02 2.000000e+00
      vertex   -2.633975e+01 -2.200000e+02 2.000000e+00
    endloop
  endfacet
  facet normal 0.000000e+00 0.000000e+00 1.000000e+00
    outer loop
      vertex   -2.500000e+01 -2.150000e+02 2.000000e+00
      vertex   -2.633975e+01 -2.200000e+02 2.000000e+00
      vertex   -2.576120e+01 -2.188268e+02 2.000000e+00
    endloop
  endfacet
  facet normal 0.000000e+00 0.000000e+00 1.000000e+00
    outer loop
      vertex   -2.576120e+01 -2.188268e+02 2.000000e+00
      vertex   -2.534074e+01 -2.175882e+02 2.000000e+00
      vertex   -2.500000e+01 -2.150000e+02 2.000000e+00
    endloop
  endfacet
  facet normal 0.000000e+00 0.000000e+00 1.000000e+00
    outer loop
      vertex   -2.500000e+01 -2.150000e+02 2.000000e+00
      vertex   -2.534074e+01 -2.175882e+02 2.000000e+00
      vertex   -2.508555e+01 -2.163053e+02 2.000000e+00
    endloop
  endfacet
  facet normal 0.000000e+00 0.000000e+00 1.000000e+00
    outer loop
      vertex   -2.500000e+01 -1.350000e+02 2.000000e+00
      vertex   -2.508555e+01 -1.336947e+02 2.000000e+00
      vertex   -3.500000e+01 -1.250000e+02 2.000000e+00
    endloop
  endfacet
  facet normal 0.000000e+00 0.000000e+00 1.000000e+00
    outer loop
      vertex   -3.500000e+01 -1.250000e+02 2.000000e+00
      vertex   -2.508555e+01 -1.336947e+02 2.000000e+00
      vertex   -2.534074e+01 -1.324118e+02 2.000000e+00
    endloop
  endfacet
  facet normal 0.000000e+00 0.000000e+00 1.000000e+00
    outer loop
      vertex   -3.500000e+01 -1.250000e+02 2.000000e+00
      vertex   -2.534074e+01 -1.324118e+02 2.000000e+00
      vertex   -2.576120e+01 -1.311732e+02 2.000000e+00
    endloop
  endfacet
  facet normal 0.000000e+00 0.000000e+00 1.000000e+00
    outer loop
      vertex   -2.576120e+01 -1.311732e+02 2.000000e+00
      vertex   -2.633975e+01 -1.300000e+02 2.000000e+00
      vertex   -3.500000e+01 -1.250000e+02 2.000000e+00
    endloop
  endfacet
  facet normal 0.000000e+00 0.000000e+00 1.000000e+00
    outer loop
      vertex   -3.500000e+01 -1.250000e+02 2.000000e+00
      vertex   -2.633975e+01 -1.300000e+02 2.000000e+00
      vertex   -2.706647e+01 -1.289124e+02 2.000000e+00
    endloop
  endfacet
  facet normal 0.000000e+00 0.000000e+00 1.000000e+00
    outer loop
      vertex   -3.500000e+01 -1.250000e+02 2.000000e+00
      vertex   -2.706647e+01 -1.289124e+02 2.000000e+00
      vertex   -2.792893e+01 -1.279289e+02 2.000000e+00
    endloop
  endfacet
  facet normal 0.000000e+00 0.000000e+00 1.000000e+00
    outer loop
      vertex   -2.792893e+01 -1.279289e+02 2.000000e+00
      vertex   -2.891239e+01 -1.270665e+02 2.000000e+00
      vertex   -3.500000e+01 -1.250000e+02 2.000000e+00
    endloop
  endfacet
  facet normal 0.000000e+00 0.000000e+00 1.000000e+00
    outer loop
      vertex   -3.500000e+01 -1.250000e+02 2.000000e+00
      vertex   -2.891239e+01 -1.270665e+02 2.000000e+00
      vertex   -3.000000e+01 -1.263397e+02 2.000000e+00
    endloop
  endfacet
  facet normal 0.000000e+00 0.000000e+00 1.000000e+00
    outer loop
      vertex   -3.500000e+01 -1.250000e+02 2.000000e+00
      vertex   -3.000000e+01 -1.263397e+02 2.000000e+00
      vertex   -3.117317e+01 -1.257612e+02 2.000000e+00
    endloop
  endfacet
  facet normal 0.000000e+00 0.000000e+00 1.000000e+00
    outer loop
      vertex   -3.117317e+01 -1.257612e+02 2.000000e+00
      vertex   -3.241181e+01 -1.253407e+02 2.000000e+00
      vertex   -3.500000e+01 -1.250000e+02 2.000000e+00
    endloop
  endfacet
  facet normal 0.000000e+00 0.000000e+00 1.000000e+00
    outer loop
      vertex   -3.500000e+01 -1.250000e+02 2.000000e+00
      vertex   -3.241181e+01 -1.253407e+02 2.000000e+00
      vertex   -3.369474e+01 -1.250856e+02 2.000000e+00
    endloop
  endfacet
  facet normal 0.000000e+00 -0.000000e+00 -1.000000e+00
    outer loop
      vertex   -1.249144e+02 -1.336947e+02 0.000000e+00
      vertex   -1.150000e+02 -1.250000e+02 0.000000e+00
      vertex   -1.250000e+02 -1.350000e+02 0.000000e+00
    endloop
  endfacet
  facet normal 0.000000e+00 0.000000e+00 -1.000000e+00
    outer loop
      vertex   -1.250000e+02 -1.350000e+02 0.000000e+00
      vertex   -1.150000e+02 -1.250000e+02 0.000000e+00
      vertex   -3.500000e+01 -1.250000e+02 0.000000e+00
    endloop
  endfacet
  facet normal 0.000000e+00 0.000000e+00 -1.000000e+00
    outer loop
      vertex   -1.250000e+02 -1.350000e+02 0.000000e+00
      vertex   -3.500000e+01 -1.250000e+02 0.000000e+00
      vertex   -1.250000e+02 -2.150000e+02 0.000000e+00
    endloop
  endfacet
  facet normal 0.000000e+00 0.000000e+00 -1.000000e+00
    outer loop
      vertex   -1.250000e+02 -2.150000e+02 0.000000e+00
      vertex   -3.500000e+01 -1.250000e+02 0.000000e+00
      vertex   -2.500000e+01 -1.350000e+02 0.000000e+00
    endloop
  endfacet
  facet normal 0.000000e+00 0.000000e+00 -1.000000e+00
    outer loop
      vertex   -1.250000e+02 -2.150000e+02 0.000000e+00
      vertex   -2.500000e+01 -1.350000e+02 0.000000e+00
      vertex   -1.150000e+02 -2.250000e+02 0.000000e+00
    endloop
  endfacet
  facet normal 0.000000e+00 0.000000e+00 -1.000000e+00
    outer loop
      vertex   -1.150000e+02 -2.250000e+02 0.000000e+00
      vertex   -2.500000e+01 -1.350000e+02 0.000000e+00
      vertex   -2.500000e+01 -2.150000e+02 0.000000e+00
    endloop
  endfacet
  facet normal 0.000000e+00 0.000000e+00 -1.000000e+00
    outer loop
      vertex   -1.150000e+02 -2.250000e+02 0.000000e+00
      vertex   -2.500000e+01 -2.150000e+02 0.000000e+00
      vertex   -3.500000e+01 -2.250000e+02 0.000000e+00
    endloop
  endfacet
  facet normal 0.000000e+00 0.000000e+00 -1.000000e+00
    outer loop
      vertex   -3.500000e+01 -2.250000e+02 0.000000e+00
      vertex   -2.500000e+01 -2.150000e+02 0.000000e+00
      vertex   -3.369474e+01 -2.249144e+02 0.000000e+00
    endloop
  endfacet
  facet normal 0.000000e+00 0.000000e+00 -1.000000e+00
    outer loop
      vertex   -3.369474e+01 -2.249144e+02 0.000000e+00
      vertex   -2.500000e+01 -2.150000e+02 0.000000e+00
      vertex   -3.241181e+01 -2.246593e+02 0.000000e+00
    endloop
  endfacet
  facet normal 0.000000e+00 0.000000e+00 -1.000000e+00
    outer loop
      vertex   -3.241181e+01 -2.246593e+02 0.000000e+00
      vertex   -2.500000e+01 -2.150000e+02 0.000000e+00
      vertex   -3.117317e+01 -2.242388e+02 0.000000e+00
    endloop
  endfacet
  facet normal 0.000000e+00 0.000000e+00 -1.000000e+00
    outer loop
      vertex   -3.117317e+01 -2.242388e+02 0.000000e+00
      vertex   -2.500000e+01 -2.150000e+02 0.000000e+00
      vertex   -3.000000e+01 -2.236603e+02 0.000000e+00
    endloop
  endfacet
  facet normal 0.000000e+00 0.000000e+00 -1.000000e+00
    outer loop
      vertex   -3.000000e+01 -2.236603e+02 0.000000e+00
      vertex   -2.500000e+01 -2.150000e+02 0.000000e+00
      vertex   -2.891239e+01 -2.229335e+02 0.000000e+00
    endloop
  endfacet
  facet normal 0.000000e+00 0.000000e+00 -1.000000e+00
    outer loop
      vertex   -2.891239e+01 -2.229335e+02 0.000000e+00
      vertex   -2.500000e+01 -2.150000e+02 0.000000e+00
      vertex   -2.792893e+01 -2.220711e+02 0.000000e+00
    endloop
  endfacet
  facet normal 0.000000e+00 0.000000e+00 -1.000000e+00
    outer loop
      vertex   -2.792893e+01 -2.220711e+02 0.000000e+00
      vertex   -2.500000e+01 -2.150000e+02 0.000000e+00
      vertex   -2.706647e+01 -2.210876e+02 0.000000e+00
    endloop
  endfacet
  facet normal 0.000000e+00 0.000000e+00 -1.000000e+00
    outer loop
      vertex   -2.706647e+01 -2.210876e+02 0.000000e+00
      vertex   -2.500000e+01 -2.150000e+02 0.000000e+00
      vertex   -2.633975e+01 -2.200000e+02 0.000000e+00
    endloop
  endfacet
  facet normal 0.000000e+00 0.000000e+00 -1.000000e+00
    outer loop
      vertex   -2.633975e+01 -2.200000e+02 0.000000e+00
      vertex   -2.500000e+01 -2.150000e+02 0.000000e+00
      vertex   -2.576120e+01 -2.188268e+02 0.000000e+00
    endloop
  endfacet
  facet normal 0.000000e+00 0.000000e+00 -1.000000e+00
    outer loop
      vertex   -2.576120e+01 -2.188268e+02 0.000000e+00
      vertex   -2.500000e+01 -2.150000e+02 0.000000e+00
      vertex   -2.534074e+01 -2.175882e+02 0.000000e+00
    endloop
  endfacet
  facet normal 0.000000e+00 0.000000e+00 -1.000000e+00
    outer loop
      vertex   -2.534074e+01 -2.175882e+02 0.000000e+00
      vertex   -2.500000e+01 -2.150000e+02 0.000000e+00
      vertex   -2.508555e+01 -2.163053e+02 0.000000e+00
    endloop
  endfacet
  facet normal 0.000000e+00 0.000000e+00 -1.000000e+00
    outer loop
      vertex   -1.249144e+02 -1.336947e+02 0.000000e+00
      vertex   -1.246593e+02 -1.324118e+02 0.000000e+00
      vertex   -1.150000e+02 -1.250000e+02 0.000000e+00
    endloop
  endfacet
  facet normal 0.000000e+00 0.000000e+00 -1.000000e+00
    outer loop
      vertex   -1.150000e+02 -1.250000e+02 0.000000e+00
      vertex   -1.246593e+02 -1.324118e+02 0.000000e+00
      vertex   -1.242388e+02 -1.311732e+02 0.000000e+00
    endloop
  endfacet
  facet normal 0.000000e+00 0.000000e+00 -1.000000e+00
    outer loop
      vertex   -1.150000e+02 -1.250000e+02 0.000000e+00
      vertex   -1.242388e+02 -1.311732e+02 0.000000e+00
      vertex   -1.236603e+02 -1.300000e+02 0.000000e+00
    endloop
  endfacet
  facet normal 0.000000e+00 0.000000e+00 -1.000000e+00
    outer loop
      vertex   -1.236603e+02 -1.300000e+02 0.000000e+00
      vertex   -1.229335e+02 -1.289124e+02 0.000000e+00
      vertex   -1.150000e+02 -1.250000e+02 0.000000e+00
    endloop
  endfacet
  facet normal 0.000000e+00 0.000000e+00 -1.000000e+00
    outer loop
      vertex   -1.150000e+02 -1.250000e+02 0.000000e+00
      vertex   -1.229335e+02 -1.289124e+02 0.000000e+00
      vertex   -1.220711e+02 -1.279289e+02 0.000000e+00
    endloop
  endfacet
  facet normal 0.000000e+00 0.000000e+00 -1.000000e+00
    outer loop
      vertex   -1.150000e+02 -1.250000e+02 0.000000e+00
      vertex   -1.220711e+02 -1.279289e+02 0.000000e+00
      vertex   -1.210876e+02 -1.270665e+02 0.000000e+00
    endloop
  endfacet
  facet normal 0.000000e+00 0.000000e+00 -1.000000e+00
    outer loop
      vertex   -1.210876e+02 -1.270665e+02 0.000000e+00
      vertex   -1.200000e+02 -1.263397e+02 0.000000e+00
      vertex   -1.150000e+02 -1.250000e+02 0.000000e+00
    endloop
  endfacet
  facet normal 0.000000e+00 0.000000e+00 -1.000000e+00
    outer loop
      vertex   -1.150000e+02 -1.250000e+02 0.000000e+00
      vertex   -1.200000e+02 -1.263397e+02 0.000000e+00
      vertex   -1.188268e+02 -1.257612e+02 0.000000e+00
    endloop
  endfacet
  facet normal 0.000000e+00 0.000000e+00 -1.000000e+00
    outer loop
      vertex   -1.150000e+02 -1.250000e+02 0.000000e+00
      vertex   -1.188268e+02 -1.257612e+02 0.000000e+00
      vertex   -1.175882e+02 -1.253407e+02 0.000000e+00
    endloop
  endfacet
  facet normal 0.000000e+00 0.000000e+00 -1.000000e+00
    outer loop
      vertex   -1.175882e+02 -1.253407e+02 0.000000e+00
      vertex   -1.163053e+02 -1.250856e+02 0.000000e+00
      vertex   -1.150000e+02 -1.250000e+02 0.000000e+00
    endloop
  endfacet
  facet normal -0.000000e+00 -0.000000e+00 -1.000000e+00
    outer loop
      vertex   -3.369474e+01 -1.250856e+02 0.000000e+00
      vertex   -3.241181e+01 -1.253407e+02 0.000000e+00
      vertex   -3.500000e+01 -1.250000e+02 0.000000e+00
    endloop
  endfacet
  facet normal 0.000000e+00 0.000000e+00 -1.000000e+00
    outer loop
      vertex   -3.500000e+01 -1.250000e+02 0.000000e+00
      vertex   -3.241181e+01 -1.253407e+02 0.000000e+00
      vertex   -3.117317e+01 -1.257612e+02 0.000000e+00
    endloop
  endfacet
  facet normal 0.000000e+00 0.000000e+00 -1.000000e+00
    outer loop
      vertex   -3.500000e+01 -1.250000e+02 0.000000e+00
      vertex   -3.117317e+01 -1.257612e+02 0.000000e+00
      vertex   -3.000000e+01 -1.263397e+02 0.000000e+00
    endloop
  endfacet
  facet normal -0.000000e+00 -0.000000e+00 -1.000000e+00
    outer loop
      vertex   -3.000000e+01 -1.263397e+02 0.000000e+00
      vertex   -2.891239e+01 -1.270665e+02 0.000000e+00
      vertex   -3.500000e+01 -1.250000e+02 0.000000e+00
    endloop
  endfacet
  facet normal 0.000000e+00 0.000000e+00 -1.000000e+00
    outer loop
      vertex   -3.500000e+01 -1.250000e+02 0.000000e+00
      vertex   -2.891239e+01 -1.270665e+02 0.000000e+00
      vertex   -2.792893e+01 -1.279289e+02 0.000000e+00
    endloop
  endfacet
  facet normal 0.000000e+00 0.000000e+00 -1.000000e+00
    outer loop
      vertex   -3.500000e+01 -1.250000e+02 0.000000e+00
      vertex   -2.792893e+01 -1.279289e+02 0.000000e+00
      vertex   -2.706647e+01 -1.289124e+02 0.000000e+00
    endloop
  endfacet
  facet normal -0.000000e+00 -0.000000e+00 -1.000000e+00
    outer loop
      vertex   -2.706647e+01 -1.289124e+02 0.000000e+00
      vertex   -2.633975e+01 -1.300000e+02 0.000000e+00
      vertex   -3.500000e+01 -1.250000e+02 0.000000e+00
    endloop
  endfacet
  facet normal 0.000000e+00 0.000000e+00 -1.000000e+00
    outer loop
      vertex   -3.500000e+01 -1.250000e+02 0.000000e+00
      vertex   -2.633975e+01 -1.300000e+02 0.000000e+00
      vertex   -2.576120e+01 -1.311732e+02 0.000000e+00
    endloop
  endfacet
  facet normal 0.000000e+00 0.000000e+00 -1.000000e+00
    outer loop
      vertex   -3.500000e+01 -1.250000e+02 0.000000e+00
      vertex   -2.576120e+01 -1.311732e+02 0.000000e+00
      vertex   -2.534074e+01 -1.324118e+02 0.000000e+00
    endloop
  endfacet
  facet normal -0.000000e+00 -0.000000e+00 -1.000000e+00
    outer loop
      vertex   -2.534074e+01 -1.324118e+02 0.000000e+00
      vertex   -2.508555e+01 -1.336947e+02 0.000000e+00
      vertex   -3.500000e+01 -1.250000e+02 0.000000e+00
    endloop
  endfacet
  facet normal 0.000000e+00 0.000000e+00 -1.000000e+00
    outer loop
      vertex   -3.500000e+01 -1.250000e+02 0.000000e+00
      vertex   -2.508555e+01 -1.336947e+02 0.000000e+00
      vertex   -2.500000e+01 -1.350000e+02 0.000000e+00
    endloop
  endfacet
  facet normal 0.000000e+00 0.000000e+00 -1.000000e+00
    outer loop
      vertex   -1.150000e+02 -2.250000e+02 0.000000e+00
      vertex   -1.163053e+02 -2.249144e+02 0.000000e+00
      vertex   -1.250000e+02 -2.150000e+02 0.000000e+00
    endloop
  endfacet
  facet normal 0.000000e+00 0.000000e+00 -1.000000e+00
    outer loop
      vertex   -1.250000e+02 -2.150000e+02 0.000000e+00
      vertex   -1.163053e+02 -2.249144e+02 0.000000e+00
      vertex   -1.175882e+02 -2.246593e+02 0.000000e+00
    endloop
  endfacet
  facet normal 0.000000e+00 0.000000e+00 -1.000000e+00
    outer loop
      vertex   -1.250000e+02 -2.150000e+02 0.000000e+00
      vertex   -1.175882e+02 -2.246593e+02 0.000000e+00
      vertex   -1.188268e+02 -2.242388e+02 0.000000e+00
    endloop
  endfacet
  facet normal 0.000000e+00 0.000000e+00 -1.000000e+00
    outer loop
      vertex   -1.188268e+02 -2.242388e+02 0.000000e+00
      vertex   -1.200000e+02 -2.236603e+02 0.000000e+00
      vertex   -1.250000e+02 -2.150000e+02 0.000000e+00
    endloop
  endfacet
  facet normal 0.000000e+00 0.000000e+00 -1.000000e+00
    outer loop
      vertex   -1.250000e+02 -2.150000e+02 0.000000e+00
      vertex   -1.200000e+02 -2.236603e+02 0.000000e+00
      vertex   -1.210876e+02 -2.229335e+02 0.000000e+00
    endloop
  endfacet
  facet normal 0.000000e+00 0.000000e+00 -1.000000e+00
    outer loop
      vertex   -1.250000e+02 -2.150000e+02 0.000000e+00
      vertex   -1.210876e+02 -2.229335e+02 0.000000e+00
      vertex   -1.220711e+02 -2.220711e+02 0.000000e+00
    endloop
  endfacet
  facet normal 0.000000e+00 0.000000e+00 -1.000000e+00
    outer loop
      vertex   -1.220711e+02 -2.220711e+02 0.000000e+00
      vertex   -1.229335e+02 -2.210876e+02 0.000000e+00
      vertex   -1.250000e+02 -2.150000e+02 0.000000e+00
    endloop
  endfacet
  facet normal 0.000000e+00 0.000000e+00 -1.000000e+00
    outer loop
      vertex   -1.250000e+02 -2.150000e+02 0.000000e+00
      vertex   -1.229335e+02 -2.210876e+02 0.000000e+00
      vertex   -1.236603e+02 -2.200000e+02 0.000000e+00
    endloop
  endfacet
  facet normal 0.000000e+00 0.000000e+00 -1.000000e+00
    outer loop
      vertex   -1.250000e+02 -2.150000e+02 0.000000e+00
      vertex   -1.236603e+02 -2.200000e+02 0.000000e+00
      vertex   -1.242388e+02 -2.188268e+02 0.000000e+00
    endloop
  endfacet
  facet normal 0.000000e+00 0.000000e+00 -1.000000e+00
    outer loop
      vertex   -1.242388e+02 -2.188268e+02 0.000000e+00
      vertex   -1.246593e+02 -2.175882e+02 0.000000e+00
      vertex   -1.250000e+02 -2.150000e+02 0.000000e+00
    endloop
  endfacet
  facet normal 0.000000e+00 0.000000e+00 -1.000000e+00
    outer loop
      vertex   -1.250000e+02 -2.150000e+02 0.000000e+00
      vertex   -1.246593e+02 -2.175882e+02 0.000000e+00
      vertex   -1.249144e+02 -2.163053e+02 0.000000e+00
    endloop
  endfacet
endsolid
