solid ASCII
  facet normal -9.915969e-01 1.293658e-01 0.000000e+00
    outer loop
      vertex   1.923607e+02 6.051922e+01 1.000000e+00
      vertex   1.923607e+02 6.051922e+01 2.000000e+00
      vertex   1.930971e+02 6.616368e+01 1.000000e+00
    endloop
  endfacet
  facet normal -9.915969e-01 1.293658e-01 -9.191994e-15
    outer loop
      vertex   1.930971e+02 6.616368e+01 1.000000e+00
      vertex   1.923607e+02 6.051922e+01 2.000000e+00
      vertex   1.930971e+02 6.616368e+01 2.000000e+00
    endloop
  endfacet
  facet normal -9.941804e-01 1.077278e-01 -7.654524e-15
    outer loop
      vertex   1.930971e+02 6.616368e+01 1.000000e+00
      vertex   1.930971e+02 6.616368e+01 2.000000e+00
      vertex   1.937103e+02 7.182284e+01 1.000000e+00
    endloop
  endfacet
  facet normal -9.941804e-01 1.077278e-01 -1.530905e-14
    outer loop
      vertex   1.937103e+02 7.182284e+01 1.000000e+00
      vertex   1.930971e+02 6.616368e+01 2.000000e+00
      vertex   1.937103e+02 7.182284e+01 2.000000e+00
    endloop
  endfacet
  facet normal -9.962918e-01 8.603872e-02 -1.222684e-14
    outer loop
      vertex   1.937103e+02 7.182284e+01 1.000000e+00
      vertex   1.937103e+02 7.182284e+01 2.000000e+00
      vertex   1.942000e+02 7.749403e+01 1.000000e+00
    endloop
  endfacet
  facet normal -9.962918e-01 8.603872e-02 -1.834026e-14
    outer loop
      vertex   1.942000e+02 7.749403e+01 1.000000e+00
      vertex   1.937103e+02 7.182284e+01 2.000000e+00
      vertex   1.942000e+02 7.749403e+01 2.000000e+00
    endloop
  endfacet
  facet normal -9.979301e-01 6.430874e-02 -1.370823e-14
    outer loop
      vertex   1.942000e+02 7.749403e+01 1.000000e+00
      vertex   1.942000e+02 7.749403e+01 2.000000e+00
      vertex   1.945661e+02 8.317454e+01 1.000000e+00
    endloop
  endfacet
  facet normal -9.979301e-01 6.430874e-02 -1.827764e-14
    outer loop
      vertex   1.945661e+02 8.317454e+01 1.000000e+00
      vertex   1.942000e+02 7.749403e+01 2.000000e+00
      vertex   1.945661e+02 8.317454e+01 2.000000e+00
    endloop
  endfacet
  facet normal -9.990944e-01 4.254821e-02 -1.209293e-14
    outer loop
      vertex   1.945661e+02 8.317454e+01 1.000000e+00
      vertex   1.945661e+02 8.317454e+01 2.000000e+00
      vertex   1.948083e+02 8.886168e+01 1.000000e+00
    endloop
  endfacet
  facet normal -9.990944e-01 4.254821e-02 0.000000e+00
    outer loop
      vertex   1.948083e+02 8.886168e+01 1.000000e+00
      vertex   1.945661e+02 8.317454e+01 2.000000e+00
      vertex   1.948083e+02 8.886168e+01 2.000000e+00
    endloop
  endfacet
  facet normal -9.883626e-01 1.521166e-01 0.000000e+00
    outer loop
      vertex   1.948083e+02 8.886168e+01 1.000000e+00
      vertex   1.948083e+02 8.886168e+01 2.000000e+00
      vertex   1.948450e+02 8.910037e+01 1.000000e+00
    endloop
  endfacet
  facet normal -9.883626e-01 1.521166e-01 0.000000e+00
    outer loop
      vertex   1.948450e+02 8.910037e+01 1.000000e+00
      vertex   1.948083e+02 8.886168e+01 2.000000e+00
      vertex   1.948450e+02 8.910037e+01 2.000000e+00
    endloop
  endfacet
  facet normal -9.230742e-01 3.846219e-01 0.000000e+00
    outer loop
      vertex   1.948450e+02 8.910037e+01 1.000000e+00
      vertex   1.948450e+02 8.910037e+01 2.000000e+00
      vertex   1.949379e+02 8.932329e+01 1.000000e+00
    endloop
  endfacet
  facet normal -9.230742e-01 3.846219e-01 0.000000e+00
    outer loop
      vertex   1.949379e+02 8.932329e+01 1.000000e+00
      vertex   1.948450e+02 8.910037e+01 2.000000e+00
      vertex   1.949379e+02 8.932329e+01 2.000000e+00
    endloop
  endfacet
  facet normal -8.039510e-01 5.946955e-01 0.000000e+00
    outer loop
      vertex   1.949379e+02 8.932329e+01 1.000000e+00
      vertex   1.949379e+02 8.932329e+01 2.000000e+00
      vertex   1.950815e+02 8.951744e+01 1.000000e+00
    endloop
  endfacet
  facet normal -8.039510e-01 5.946955e-01 0.000000e+00
    outer loop
      vertex   1.950815e+02 8.951744e+01 1.000000e+00
      vertex   1.949379e+02 8.932329e+01 2.000000e+00
      vertex   1.950815e+02 8.951744e+01 2.000000e+00
    endloop
  endfacet
  facet normal -6.379403e-01 7.700858e-01 0.000000e+00
    outer loop
      vertex   1.950815e+02 8.951744e+01 1.000000e+00
      vertex   1.950815e+02 8.951744e+01 2.000000e+00
      vertex   1.952675e+02 8.967150e+01 1.000000e+00
    endloop
  endfacet
  facet normal -6.379403e-01 7.700858e-01 0.000000e+00
    outer loop
      vertex   1.952675e+02 8.967150e+01 1.000000e+00
      vertex   1.950815e+02 8.951744e+01 2.000000e+00
      vertex   1.952675e+02 8.967150e+01 2.000000e+00
    endloop
  endfacet
  facet normal -4.347241e-01 9.005637e-01 0.000000e+00
    outer loop
      vertex   1.952675e+02 8.967150e+01 1.000000e+00
      vertex   1.952675e+02 8.967150e+01 2.000000e+00
      vertex   1.954850e+02 8.977649e+01 1.000000e+00
    endloop
  endfacet
  facet normal -4.347241e-01 9.005637e-01 0.000000e+00
    outer loop
      vertex   1.954850e+02 8.977649e+01 1.000000e+00
      vertex   1.952675e+02 8.967150e+01 2.000000e+00
      vertex   1.954850e+02 8.977649e+01 2.000000e+00
    endloop
  endfacet
  facet normal -2.061543e-01 9.785195e-01 0.000000e+00
    outer loop
      vertex   1.954850e+02 8.977649e+01 1.000000e+00
      vertex   1.954850e+02 8.977649e+01 2.000000e+00
      vertex   1.957213e+02 8.982627e+01 1.000000e+00
    endloop
  endfacet
  facet normal -2.061543e-01 9.785195e-01 0.000000e+00
    outer loop
      vertex   1.957213e+02 8.982627e+01 1.000000e+00
      vertex   1.954850e+02 8.977649e+01 2.000000e+00
      vertex   1.957213e+02 8.982627e+01 2.000000e+00
    endloop
  endfacet
  facet normal 3.443875e-02 9.994068e-01 -0.000000e+00
    outer loop
      vertex   1.957213e+02 8.982627e+01 1.000000e+00
      vertex   1.957213e+02 8.982627e+01 2.000000e+00
      vertex   1.959627e+02 8.981796e+01 1.000000e+00
    endloop
  endfacet
  facet normal 3.443875e-02 9.994068e-01 -0.000000e+00
    outer loop
      vertex   1.959627e+02 8.981796e+01 1.000000e+00
      vertex   1.957213e+02 8.982627e+01 2.000000e+00
      vertex   1.959627e+02 8.981796e+01 2.000000e+00
    endloop
  endfacet
  facet normal 2.730233e-01 9.620074e-01 -0.000000e+00
    outer loop
      vertex   1.959627e+02 8.981796e+01 1.000000e+00
      vertex   1.959627e+02 8.981796e+01 2.000000e+00
      vertex   1.961950e+02 8.975202e+01 1.000000e+00
    endloop
  endfacet
  facet normal 2.730233e-01 9.620074e-01 -0.000000e+00
    outer loop
      vertex   1.961950e+02 8.975202e+01 1.000000e+00
      vertex   1.959627e+02 8.981796e+01 2.000000e+00
      vertex   1.961950e+02 8.975202e+01 2.000000e+00
    endloop
  endfacet
  facet normal 4.350125e-01 9.004244e-01 -0.000000e+00
    outer loop
      vertex   1.961950e+02 8.975202e+01 1.000000e+00
      vertex   1.961950e+02 8.975202e+01 2.000000e+00
      vertex   1.977062e+02 8.902190e+01 1.000000e+00
    endloop
  endfacet
  facet normal 4.350125e-01 9.004244e-01 -0.000000e+00
    outer loop
      vertex   1.977062e+02 8.902190e+01 1.000000e+00
      vertex   1.961950e+02 8.975202e+01 2.000000e+00
      vertex   1.977062e+02 8.902190e+01 2.000000e+00
    endloop
  endfacet
  facet normal 5.269425e-01 8.499009e-01 -0.000000e+00
    outer loop
      vertex   1.977062e+02 8.902190e+01 1.000000e+00
      vertex   1.977062e+02 8.902190e+01 2.000000e+00
      vertex   1.991327e+02 8.813749e+01 1.000000e+00
    endloop
  endfacet
  facet normal 5.269425e-01 8.499009e-01 2.898787e-15
    outer loop
      vertex   1.991327e+02 8.813749e+01 1.000000e+00
      vertex   1.977062e+02 8.902190e+01 2.000000e+00
      vertex   1.991327e+02 8.813749e+01 2.000000e+00
    endloop
  endfacet
  facet normal 6.130741e-01 7.900254e-01 6.197680e-15
    outer loop
      vertex   1.991327e+02 8.813749e+01 1.000000e+00
      vertex   1.991327e+02 8.813749e+01 2.000000e+00
      vertex   2.004587e+02 8.710852e+01 1.000000e+00
    endloop
  endfacet
  facet normal 6.130741e-01 7.900254e-01 -2.245387e-14
    outer loop
      vertex   2.004587e+02 8.710852e+01 1.000000e+00
      vertex   1.991327e+02 8.813749e+01 2.000000e+00
      vertex   2.004587e+02 8.710852e+01 2.000000e+00
    endloop
  endfacet
  facet normal 6.924597e-01 7.214566e-01 -2.050503e-14
    outer loop
      vertex   2.004587e+02 8.710852e+01 1.000000e+00
      vertex   2.004587e+02 8.710852e+01 2.000000e+00
      vertex   2.016695e+02 8.594631e+01 1.000000e+00
    endloop
  endfacet
  facet normal 6.924597e-01 7.214566e-01 -1.025251e-14
    outer loop
      vertex   2.016695e+02 8.594631e+01 1.000000e+00
      vertex   2.004587e+02 8.710852e+01 2.000000e+00
      vertex   2.016695e+02 8.594631e+01 2.000000e+00
    endloop
  endfacet
  facet normal 7.642256e-01 6.449490e-01 -9.165277e-15
    outer loop
      vertex   2.016695e+02 8.594631e+01 1.000000e+00
      vertex   2.016695e+02 8.594631e+01 2.000000e+00
      vertex   2.027520e+02 8.466365e+01 1.000000e+00
    endloop
  endfacet
  facet normal 7.642256e-01 6.449490e-01 -0.000000e+00
    outer loop
      vertex   2.027520e+02 8.466365e+01 1.000000e+00
      vertex   2.016695e+02 8.594631e+01 2.000000e+00
      vertex   2.027520e+02 8.466365e+01 2.000000e+00
    endloop
  endfacet
  facet normal 8.275822e-01 5.613446e-01 -0.000000e+00
    outer loop
      vertex   2.027520e+02 8.466365e+01 1.000000e+00
      vertex   2.027520e+02 8.466365e+01 2.000000e+00
      vertex   2.036942e+02 8.327465e+01 1.000000e+00
    endloop
  endfacet
  facet normal 8.275822e-01 5.613446e-01 -7.977187e-15
    outer loop
      vertex   2.036942e+02 8.327465e+01 1.000000e+00
      vertex   2.027520e+02 8.466365e+01 2.000000e+00
      vertex   2.036942e+02 8.327465e+01 2.000000e+00
    endloop
  endfacet
  facet normal 8.818322e-01 4.715633e-01 -6.701318e-15
    outer loop
      vertex   2.036942e+02 8.327465e+01 1.000000e+00
      vertex   2.036942e+02 8.327465e+01 2.000000e+00
      vertex   2.044856e+02 8.179460e+01 1.000000e+00
    endloop
  endfacet
  facet normal 8.818322e-01 4.715633e-01 -1.340264e-14
    outer loop
      vertex   2.044856e+02 8.179460e+01 1.000000e+00
      vertex   2.036942e+02 8.327465e+01 2.000000e+00
      vertex   2.044856e+02 8.179460e+01 2.000000e+00
    endloop
  endfacet
  facet normal 9.263788e-01 3.765931e-01 -1.070342e-14
    outer loop
      vertex   2.044856e+02 8.179460e+01 1.000000e+00
      vertex   2.044856e+02 8.179460e+01 2.000000e+00
      vertex   2.051177e+02 8.023979e+01 1.000000e+00
    endloop
  endfacet
  facet normal 9.263788e-01 3.765931e-01 -5.351709e-15
    outer loop
      vertex   2.051177e+02 8.023979e+01 1.000000e+00
      vertex   2.044856e+02 8.179460e+01 2.000000e+00
      vertex   2.051177e+02 8.023979e+01 2.000000e+00
    endloop
  endfacet
  facet normal 9.607317e-01 2.774789e-01 -3.943212e-15
    outer loop
      vertex   2.051177e+02 8.023979e+01 1.000000e+00
      vertex   2.051177e+02 8.023979e+01 2.000000e+00
      vertex   2.055834e+02 7.862732e+01 1.000000e+00
    endloop
  endfacet
  facet normal 9.607317e-01 2.774789e-01 -3.943212e-15
    outer loop
      vertex   2.055834e+02 7.862732e+01 1.000000e+00
      vertex   2.051177e+02 8.023979e+01 2.000000e+00
      vertex   2.055834e+02 7.862732e+01 2.000000e+00
    endloop
  endfacet
  facet normal 9.845130e-01 1.753114e-01 -2.491325e-15
    outer loop
      vertex   2.055834e+02 7.862732e+01 1.000000e+00
      vertex   2.055834e+02 7.862732e+01 2.000000e+00
      vertex   2.058776e+02 7.697493e+01 1.000000e+00
    endloop
  endfacet
  facet normal 9.845130e-01 1.753114e-01 -0.000000e+00
    outer loop
      vertex   2.058776e+02 7.697493e+01 1.000000e+00
      vertex   2.055834e+02 7.862732e+01 2.000000e+00
      vertex   2.058776e+02 7.697493e+01 2.000000e+00
    endloop
  endfacet
  facet normal 9.974610e-01 7.121480e-02 -0.000000e+00
    outer loop
      vertex   2.058776e+02 7.697493e+01 1.000000e+00
      vertex   2.058776e+02 7.697493e+01 2.000000e+00
      vertex   2.059972e+02 7.530081e+01 1.000000e+00
    endloop
  endfacet
  facet normal 9.974610e-01 7.121480e-02 -0.000000e+00
    outer loop
      vertex   2.059972e+02 7.530081e+01 1.000000e+00
      vertex   2.058776e+02 7.697493e+01 2.000000e+00
      vertex   2.059972e+02 7.530081e+01 2.000000e+00
    endloop
  endfacet
  facet normal 9.994332e-01 -3.366541e-02 0.000000e+00
    outer loop
      vertex   2.059972e+02 7.530081e+01 1.000000e+00
      vertex   2.059972e+02 7.530081e+01 2.000000e+00
      vertex   2.059407e+02 7.362338e+01 1.000000e+00
    endloop
  endfacet
  facet normal 9.994332e-01 -3.366541e-02 0.000000e+00
    outer loop
      vertex   2.059407e+02 7.362338e+01 1.000000e+00
      vertex   2.059972e+02 7.530081e+01 2.000000e+00
      vertex   2.059407e+02 7.362338e+01 2.000000e+00
    endloop
  endfacet
  facet normal 9.904078e-01 -1.381752e-01 0.000000e+00
    outer loop
      vertex   2.059407e+02 7.362338e+01 1.000000e+00
      vertex   2.059407e+02 7.362338e+01 2.000000e+00
      vertex   2.057088e+02 7.196110e+01 1.000000e+00
    endloop
  endfacet
  facet normal 9.904078e-01 -1.381752e-01 0.000000e+00
    outer loop
      vertex   2.057088e+02 7.196110e+01 1.000000e+00
      vertex   2.059407e+02 7.362338e+01 2.000000e+00
      vertex   2.057088e+02 7.196110e+01 2.000000e+00
    endloop
  endfacet
  facet normal 9.704843e-01 -2.411645e-01 0.000000e+00
    outer loop
      vertex   2.057088e+02 7.196110e+01 1.000000e+00
      vertex   2.057088e+02 7.196110e+01 2.000000e+00
      vertex   2.053040e+02 7.033226e+01 1.000000e+00
    endloop
  endfacet
  facet normal 9.704843e-01 -2.411645e-01 0.000000e+00
    outer loop
      vertex   2.053040e+02 7.033226e+01 1.000000e+00
      vertex   2.057088e+02 7.196110e+01 2.000000e+00
      vertex   2.053040e+02 7.033226e+01 2.000000e+00
    endloop
  endfacet
  facet normal 9.398817e-01 -3.415001e-01 0.000000e+00
    outer loop
      vertex   2.053040e+02 7.033226e+01 1.000000e+00
      vertex   2.053040e+02 7.033226e+01 2.000000e+00
      vertex   2.047308e+02 6.875478e+01 1.000000e+00
    endloop
  endfacet
  facet normal 9.398817e-01 -3.415001e-01 0.000000e+00
    outer loop
      vertex   2.047308e+02 6.875478e+01 1.000000e+00
      vertex   2.053040e+02 7.033226e+01 2.000000e+00
      vertex   2.047308e+02 6.875478e+01 2.000000e+00
    endloop
  endfacet
  facet normal 8.989370e-01 -4.380779e-01 0.000000e+00
    outer loop
      vertex   2.047308e+02 6.875478e+01 1.000000e+00
      vertex   2.047308e+02 6.875478e+01 2.000000e+00
      vertex   2.039956e+02 6.724602e+01 1.000000e+00
    endloop
  endfacet
  facet normal 8.989370e-01 -4.380779e-01 0.000000e+00
    outer loop
      vertex   2.039956e+02 6.724602e+01 1.000000e+00
      vertex   2.047308e+02 6.875478e+01 2.000000e+00
      vertex   2.039956e+02 6.724602e+01 2.000000e+00
    endloop
  endfacet
  facet normal 8.481006e-01 -5.298353e-01 0.000000e+00
    outer loop
      vertex   2.039956e+02 6.724602e+01 1.000000e+00
      vertex   2.039956e+02 6.724602e+01 2.000000e+00
      vertex   2.031063e+02 6.582259e+01 1.000000e+00
    endloop
  endfacet
  facet normal 8.481006e-01 -5.298353e-01 0.000000e+00
    outer loop
      vertex   2.031063e+02 6.582259e+01 1.000000e+00
      vertex   2.039956e+02 6.724602e+01 2.000000e+00
      vertex   2.031063e+02 6.582259e+01 2.000000e+00
    endloop
  endfacet
  facet normal 7.879319e-01 -6.157624e-01 0.000000e+00
    outer loop
      vertex   2.031063e+02 6.582259e+01 1.000000e+00
      vertex   2.031063e+02 6.582259e+01 2.000000e+00
      vertex   2.020728e+02 6.450014e+01 1.000000e+00
    endloop
  endfacet
  facet normal 7.879319e-01 -6.157624e-01 0.000000e+00
    outer loop
      vertex   2.020728e+02 6.450014e+01 1.000000e+00
      vertex   2.031063e+02 6.582259e+01 2.000000e+00
      vertex   2.020728e+02 6.450014e+01 2.000000e+00
    endloop
  endfacet
  facet normal 7.190930e-01 -6.949139e-01 0.000000e+00
    outer loop
      vertex   2.020728e+02 6.450014e+01 1.000000e+00
      vertex   2.020728e+02 6.450014e+01 2.000000e+00
      vertex   2.009065e+02 6.329323e+01 1.000000e+00
    endloop
  endfacet
  facet normal 7.190930e-01 -6.949139e-01 0.000000e+00
    outer loop
      vertex   2.009065e+02 6.329323e+01 1.000000e+00
      vertex   2.020728e+02 6.450014e+01 2.000000e+00
      vertex   2.009065e+02 6.329323e+01 2.000000e+00
    endloop
  endfacet
  facet normal 6.423414e-01 -7.664187e-01 0.000000e+00
    outer loop
      vertex   2.009065e+02 6.329323e+01 1.000000e+00
      vertex   2.009065e+02 6.329323e+01 2.000000e+00
      vertex   1.996201e+02 6.221513e+01 1.000000e+00
    endloop
  endfacet
  facet normal 6.423414e-01 -7.664187e-01 0.000000e+00
    outer loop
      vertex   1.996201e+02 6.221513e+01 1.000000e+00
      vertex   2.009065e+02 6.329323e+01 2.000000e+00
      vertex   1.996201e+02 6.221513e+01 2.000000e+00
    endloop
  endfacet
  facet normal 5.585216e-01 -8.294900e-01 0.000000e+00
    outer loop
      vertex   1.996201e+02 6.221513e+01 1.000000e+00
      vertex   1.996201e+02 6.221513e+01 2.000000e+00
      vertex   1.982279e+02 6.127772e+01 1.000000e+00
    endloop
  endfacet
  facet normal 5.585216e-01 -8.294900e-01 0.000000e+00
    outer loop
      vertex   1.982279e+02 6.127772e+01 1.000000e+00
      vertex   1.996201e+02 6.221513e+01 2.000000e+00
      vertex   1.982279e+02 6.127772e+01 2.000000e+00
    endloop
  endfacet
  facet normal 4.685560e-01 -8.834338e-01 0.000000e+00
    outer loop
      vertex   1.982279e+02 6.127772e+01 1.000000e+00
      vertex   1.982279e+02 6.127772e+01 2.000000e+00
      vertex   1.967452e+02 6.049131e+01 1.000000e+00
    endloop
  endfacet
  facet normal 4.685560e-01 -8.834338e-01 0.000000e+00
    outer loop
      vertex   1.967452e+02 6.049131e+01 1.000000e+00
      vertex   1.982279e+02 6.127772e+01 2.000000e+00
      vertex   1.967452e+02 6.049131e+01 2.000000e+00
    endloop
  endfacet
  facet normal 3.734345e-01 -9.276566e-01 0.000000e+00
    outer loop
      vertex   1.967452e+02 6.049131e+01 1.000000e+00
      vertex   1.967452e+02 6.049131e+01 2.000000e+00
      vertex   1.951883e+02 5.986454e+01 1.000000e+00
    endloop
  endfacet
  facet normal 3.734345e-01 -9.276566e-01 1.061365e-14
    outer loop
      vertex   1.951883e+02 5.986454e+01 1.000000e+00
      vertex   1.967452e+02 6.049131e+01 2.000000e+00
      vertex   1.951883e+02 5.986454e+01 2.000000e+00
    endloop
  endfacet
  facet normal 2.742038e-01 -9.616716e-01 7.793341e-15
    outer loop
      vertex   1.951883e+02 5.986454e+01 1.000000e+00
      vertex   1.951883e+02 5.986454e+01 2.000000e+00
      vertex   1.935742e+02 5.940432e+01 1.000000e+00
    endloop
  endfacet
  facet normal 2.742038e-01 -9.616716e-01 0.000000e+00
    outer loop
      vertex   1.935742e+02 5.940432e+01 1.000000e+00
      vertex   1.951883e+02 5.986454e+01 2.000000e+00
      vertex   1.935742e+02 5.940432e+01 2.000000e+00
    endloop
  endfacet
  facet normal 1.040552e-01 -9.945715e-01 0.000000e+00
    outer loop
      vertex   1.935742e+02 5.940432e+01 1.000000e+00
      vertex   1.935742e+02 5.940432e+01 2.000000e+00
      vertex   1.933340e+02 5.937920e+01 1.000000e+00
    endloop
  endfacet
  facet normal 1.040552e-01 -9.945715e-01 0.000000e+00
    outer loop
      vertex   1.933340e+02 5.937920e+01 1.000000e+00
      vertex   1.935742e+02 5.940432e+01 2.000000e+00
      vertex   1.933340e+02 5.937920e+01 2.000000e+00
    endloop
  endfacet
  facet normal -1.374088e-01 -9.905144e-01 0.000000e+00
    outer loop
      vertex   1.933340e+02 5.937920e+01 1.000000e+00
      vertex   1.933340e+02 5.937920e+01 2.000000e+00
      vertex   1.930948e+02 5.941238e+01 1.000000e+00
    endloop
  endfacet
  facet normal -1.374088e-01 -9.905144e-01 0.000000e+00
    outer loop
      vertex   1.930948e+02 5.941238e+01 1.000000e+00
      vertex   1.933340e+02 5.937920e+01 2.000000e+00
      vertex   1.930948e+02 5.941238e+01 2.000000e+00
    endloop
  endfacet
  facet normal -3.708588e-01 -9.286892e-01 0.000000e+00
    outer loop
      vertex   1.930948e+02 5.941238e+01 1.000000e+00
      vertex   1.930948e+02 5.941238e+01 2.000000e+00
      vertex   1.928705e+02 5.950194e+01 1.000000e+00
    endloop
  endfacet
  facet normal -3.708588e-01 -9.286892e-01 0.000000e+00
    outer loop
      vertex   1.928705e+02 5.950194e+01 1.000000e+00
      vertex   1.930948e+02 5.941238e+01 2.000000e+00
      vertex   1.928705e+02 5.950194e+01 2.000000e+00
    endloop
  endfacet
  facet normal -5.826800e-01 -8.127017e-01 0.000000e+00
    outer loop
      vertex   1.928705e+02 5.950194e+01 1.000000e+00
      vertex   1.928705e+02 5.950194e+01 2.000000e+00
      vertex   1.926743e+02 5.964266e+01 1.000000e+00
    endloop
  endfacet
  facet normal -5.826800e-01 -8.127017e-01 0.000000e+00
    outer loop
      vertex   1.926743e+02 5.964266e+01 1.000000e+00
      vertex   1.928705e+02 5.950194e+01 2.000000e+00
      vertex   1.926743e+02 5.964266e+01 2.000000e+00
    endloop
  endfacet
  facet normal -7.605184e-01 -6.493164e-01 0.000000e+00
    outer loop
      vertex   1.926743e+02 5.964266e+01 1.000000e+00
      vertex   1.926743e+02 5.964266e+01 2.000000e+00
      vertex   1.925175e+02 5.982632e+01 1.000000e+00
    endloop
  endfacet
  facet normal -7.605184e-01 -6.493164e-01 0.000000e+00
    outer loop
      vertex   1.925175e+02 5.982632e+01 1.000000e+00
      vertex   1.926743e+02 5.964266e+01 2.000000e+00
      vertex   1.925175e+02 5.982632e+01 2.000000e+00
    endloop
  endfacet
  facet normal -8.940025e-01 -4.480621e-01 0.000000e+00
    outer loop
      vertex   1.925175e+02 5.982632e+01 1.000000e+00
      vertex   1.925175e+02 5.982632e+01 2.000000e+00
      vertex   1.924092e+02 6.004222e+01 1.000000e+00
    endloop
  endfacet
  facet normal -8.940025e-01 -4.480621e-01 0.000000e+00
    outer loop
      vertex   1.924092e+02 6.004222e+01 1.000000e+00
      vertex   1.925175e+02 5.982632e+01 2.000000e+00
      vertex   1.924092e+02 6.004222e+01 2.000000e+00
    endloop
  endfacet
  facet normal -9.753471e-01 -2.206762e-01 0.000000e+00
    outer loop
      vertex   1.924092e+02 6.004222e+01 1.000000e+00
      vertex   1.924092e+02 6.004222e+01 2.000000e+00
      vertex   1.923560e+02 6.027777e+01 1.000000e+00
    endloop
  endfacet
  facet normal -9.753471e-01 -2.206762e-01 0.000000e+00
    outer loop
      vertex   1.923560e+02 6.027777e+01 1.000000e+00
      vertex   1.924092e+02 6.004222e+01 2.000000e+00
      vertex   1.923560e+02 6.027777e+01 2.000000e+00
    endloop
  endfacet
  facet normal -9.998083e-01 1.957981e-02 0.000000e+00
    outer loop
      vertex   1.923560e+02 6.027777e+01 1.000000e+00
      vertex   1.923560e+02 6.027777e+01 2.000000e+00
      vertex   1.923607e+02 6.051922e+01 1.000000e+00
    endloop
  endfacet
  facet normal -9.998083e-01 1.957981e-02 0.000000e+00
    outer loop
      vertex   1.923607e+02 6.051922e+01 1.000000e+00
      vertex   1.923560e+02 6.027777e+01 2.000000e+00
      vertex   1.923607e+02 6.051922e+01 2.000000e+00
    endloop
  endfacet
  facet normal -1.154640e-01 -9.933117e-01 0.000000e+00
    outer loop
      vertex   1.543647e+02 4.900000e+01 1.000000e+00
      vertex   1.543647e+02 4.900000e+01 2.000000e+00
      vertex   1.541354e+02 4.902666e+01 1.000000e+00
    endloop
  endfacet
  facet normal -1.154640e-01 -9.933117e-01 0.000000e+00
    outer loop
      vertex   1.541354e+02 4.902666e+01 1.000000e+00
      vertex   1.543647e+02 4.900000e+01 2.000000e+00
      vertex   1.541354e+02 4.902666e+01 2.000000e+00
    endloop
  endfacet
  facet normal -3.402344e-01 -9.403406e-01 0.000000e+00
    outer loop
      vertex   1.541354e+02 4.902666e+01 1.000000e+00
      vertex   1.541354e+02 4.902666e+01 2.000000e+00
      vertex   1.539182e+02 4.910523e+01 1.000000e+00
    endloop
  endfacet
  facet normal -3.402344e-01 -9.403406e-01 0.000000e+00
    outer loop
      vertex   1.539182e+02 4.910523e+01 1.000000e+00
      vertex   1.541354e+02 4.902666e+01 2.000000e+00
      vertex   1.539182e+02 4.910523e+01 2.000000e+00
    endloop
  endfacet
  facet normal -5.468610e-01 -8.372234e-01 0.000000e+00
    outer loop
      vertex   1.539182e+02 4.910523e+01 1.000000e+00
      vertex   1.539182e+02 4.910523e+01 2.000000e+00
      vertex   1.537249e+02 4.923152e+01 1.000000e+00
    endloop
  endfacet
  facet normal -5.468610e-01 -8.372234e-01 0.000000e+00
    outer loop
      vertex   1.537249e+02 4.923152e+01 1.000000e+00
      vertex   1.539182e+02 4.910523e+01 2.000000e+00
      vertex   1.537249e+02 4.923152e+01 2.000000e+00
    endloop
  endfacet
  facet normal -7.243247e-01 -6.894590e-01 0.000000e+00
    outer loop
      vertex   1.537249e+02 4.923152e+01 1.000000e+00
      vertex   1.537249e+02 4.923152e+01 2.000000e+00
      vertex   1.535656e+02 4.939879e+01 1.000000e+00
    endloop
  endfacet
  facet normal -7.243247e-01 -6.894590e-01 0.000000e+00
    outer loop
      vertex   1.535656e+02 4.939879e+01 1.000000e+00
      vertex   1.537249e+02 4.923152e+01 2.000000e+00
      vertex   1.535656e+02 4.939879e+01 2.000000e+00
    endloop
  endfacet
  facet normal -8.631619e-01 -5.049273e-01 0.000000e+00
    outer loop
      vertex   1.535656e+02 4.939879e+01 1.000000e+00
      vertex   1.535656e+02 4.939879e+01 2.000000e+00
      vertex   1.534490e+02 4.959811e+01 1.000000e+00
    endloop
  endfacet
  facet normal -8.631619e-01 -5.049273e-01 0.000000e+00
    outer loop
      vertex   1.534490e+02 4.959811e+01 1.000000e+00
      vertex   1.535656e+02 4.939879e+01 2.000000e+00
      vertex   1.534490e+02 4.959811e+01 2.000000e+00
    endloop
  endfacet
  facet normal -9.559686e-01 -2.934690e-01 0.000000e+00
    outer loop
      vertex   1.534490e+02 4.959811e+01 1.000000e+00
      vertex   1.534490e+02 4.959811e+01 2.000000e+00
      vertex   1.533813e+02 4.981887e+01 1.000000e+00
    endloop
  endfacet
  facet normal -9.559686e-01 -2.934690e-01 0.000000e+00
    outer loop
      vertex   1.533813e+02 4.981887e+01 1.000000e+00
      vertex   1.534490e+02 4.959811e+01 2.000000e+00
      vertex   1.533813e+02 4.981887e+01 2.000000e+00
    endloop
  endfacet
  facet normal -9.855948e-01 -1.691240e-01 0.000000e+00
    outer loop
      vertex   1.533813e+02 4.981887e+01 1.000000e+00
      vertex   1.533813e+02 4.981887e+01 2.000000e+00
      vertex   1.523042e+02 5.609576e+01 1.000000e+00
    endloop
  endfacet
  facet normal -9.855948e-01 -1.691240e-01 -6.008491e-15
    outer loop
      vertex   1.523042e+02 5.609576e+01 1.000000e+00
      vertex   1.533813e+02 4.981887e+01 2.000000e+00
      vertex   1.523042e+02 5.609576e+01 2.000000e+00
    endloop
  endfacet
  facet normal -9.894249e-01 -1.450459e-01 -5.153065e-15
    outer loop
      vertex   1.523042e+02 5.609576e+01 1.000000e+00
      vertex   1.523042e+02 5.609576e+01 2.000000e+00
      vertex   1.513804e+02 6.239704e+01 1.000000e+00
    endloop
  endfacet
  facet normal -9.894249e-01 -1.450459e-01 -6.183678e-15
    outer loop
      vertex   1.513804e+02 6.239704e+01 1.000000e+00
      vertex   1.523042e+02 5.609576e+01 2.000000e+00
      vertex   1.513804e+02 6.239704e+01 2.000000e+00
    endloop
  endfacet
  facet normal -9.926669e-01 -1.208815e-01 -5.153490e-15
    outer loop
      vertex   1.513804e+02 6.239704e+01 1.000000e+00
      vertex   1.513804e+02 6.239704e+01 2.000000e+00
      vertex   1.506106e+02 6.871896e+01 1.000000e+00
    endloop
  endfacet
  facet normal -9.926669e-01 -1.208815e-01 -3.435660e-15
    outer loop
      vertex   1.506106e+02 6.871896e+01 1.000000e+00
      vertex   1.513804e+02 6.239704e+01 2.000000e+00
      vertex   1.506106e+02 6.871896e+01 2.000000e+00
    endloop
  endfacet
  facet normal -9.953189e-01 -9.664537e-02 -2.746827e-15
    outer loop
      vertex   1.506106e+02 6.871896e+01 1.000000e+00
      vertex   1.506106e+02 6.871896e+01 2.000000e+00
      vertex   1.499951e+02 7.505778e+01 1.000000e+00
    endloop
  endfacet
  facet normal -9.953189e-01 -9.664537e-02 2.691525e-14
    outer loop
      vertex   1.499951e+02 7.505778e+01 1.000000e+00
      vertex   1.506106e+02 6.871896e+01 2.000000e+00
      vertex   1.499951e+02 7.505778e+01 2.000000e+00
    endloop
  endfacet
  facet normal -9.973792e-01 -7.235174e-02 2.731904e-14
    outer loop
      vertex   1.499951e+02 7.505778e+01 1.000000e+00
      vertex   1.499951e+02 7.505778e+01 2.000000e+00
      vertex   1.495343e+02 8.140971e+01 1.000000e+00
    endloop
  endfacet
  facet normal -9.973792e-01 -7.235174e-02 -1.028180e-15
    outer loop
      vertex   1.495343e+02 8.140971e+01 1.000000e+00
      vertex   1.499951e+02 7.505778e+01 2.000000e+00
      vertex   1.495343e+02 8.140971e+01 2.000000e+00
    endloop
  endfacet
  facet normal -9.988466e-01 -4.801510e-02 -6.823357e-16
    outer loop
      vertex   1.495343e+02 8.140971e+01 1.000000e+00
      vertex   1.495343e+02 8.140971e+01 2.000000e+00
      vertex   1.492285e+02 8.777099e+01 1.000000e+00
    endloop
  endfacet
  facet normal -9.988466e-01 -4.801510e-02 -1.364671e-15
    outer loop
      vertex   1.492285e+02 8.777099e+01 1.000000e+00
      vertex   1.495343e+02 8.140971e+01 2.000000e+00
      vertex   1.492285e+02 8.777099e+01 2.000000e+00
    endloop
  endfacet
  facet normal -9.997203e-01 -2.364993e-02 -6.721713e-16
    outer loop
      vertex   1.492285e+02 8.777099e+01 1.000000e+00
      vertex   1.492285e+02 8.777099e+01 2.000000e+00
      vertex   1.490779e+02 9.413784e+01 1.000000e+00
    endloop
  endfacet
  facet normal -9.997203e-01 -2.364993e-02 -6.721713e-16
    outer loop
      vertex   1.490779e+02 9.413784e+01 1.000000e+00
      vertex   1.492285e+02 8.777099e+01 2.000000e+00
      vertex   1.490779e+02 9.413784e+01 2.000000e+00
    endloop
  endfacet
  facet normal -9.999997e-01 7.293095e-04 2.072822e-17
    outer loop
      vertex   1.490779e+02 9.413784e+01 1.000000e+00
      vertex   1.490779e+02 9.413784e+01 2.000000e+00
      vertex   1.490826e+02 1.005065e+02 1.000000e+00
    endloop
  endfacet
  facet normal -9.999997e-01 7.293095e-04 0.000000e+00
    outer loop
      vertex   1.490826e+02 1.005065e+02 1.000000e+00
      vertex   1.490779e+02 9.413784e+01 2.000000e+00
      vertex   1.490826e+02 1.005065e+02 2.000000e+00
    endloop
  endfacet
  facet normal -9.898295e-01 1.422588e-01 0.000000e+00
    outer loop
      vertex   1.490826e+02 1.005065e+02 1.000000e+00
      vertex   1.490826e+02 1.005065e+02 2.000000e+00
      vertex   1.491010e+02 1.006346e+02 1.000000e+00
    endloop
  endfacet
  facet normal -9.898295e-01 1.422588e-01 0.000000e+00
    outer loop
      vertex   1.491010e+02 1.006346e+02 1.000000e+00
      vertex   1.490826e+02 1.005065e+02 2.000000e+00
      vertex   1.491010e+02 1.006346e+02 2.000000e+00
    endloop
  endfacet
  facet normal -9.201280e-01 3.916177e-01 0.000000e+00
    outer loop
      vertex   1.491010e+02 1.006346e+02 1.000000e+00
      vertex   1.491010e+02 1.006346e+02 2.000000e+00
      vertex   1.491517e+02 1.007537e+02 1.000000e+00
    endloop
  endfacet
  facet normal -9.201280e-01 3.916177e-01 0.000000e+00
    outer loop
      vertex   1.491517e+02 1.007537e+02 1.000000e+00
      vertex   1.491010e+02 1.006346e+02 2.000000e+00
      vertex   1.491517e+02 1.007537e+02 2.000000e+00
    endloop
  endfacet
  facet normal -7.887428e-01 6.147233e-01 0.000000e+00
    outer loop
      vertex   1.491517e+02 1.007537e+02 1.000000e+00
      vertex   1.491517e+02 1.007537e+02 2.000000e+00
      vertex   1.492312e+02 1.008558e+02 1.000000e+00
    endloop
  endfacet
  facet normal -7.887428e-01 6.147233e-01 0.000000e+00
    outer loop
      vertex   1.492312e+02 1.008558e+02 1.000000e+00
      vertex   1.491517e+02 1.007537e+02 2.000000e+00
      vertex   1.492312e+02 1.008558e+02 2.000000e+00
    endloop
  endfacet
  facet normal -6.044817e-01 7.966190e-01 0.000000e+00
    outer loop
      vertex   1.492312e+02 1.008558e+02 1.000000e+00
      vertex   1.492312e+02 1.008558e+02 2.000000e+00
      vertex   1.493344e+02 1.009341e+02 1.000000e+00
    endloop
  endfacet
  facet normal -6.044817e-01 7.966190e-01 0.000000e+00
    outer loop
      vertex   1.493344e+02 1.009341e+02 1.000000e+00
      vertex   1.492312e+02 1.008558e+02 2.000000e+00
      vertex   1.493344e+02 1.009341e+02 2.000000e+00
    endloop
  endfacet
  facet normal -3.796973e-01 9.251108e-01 0.000000e+00
    outer loop
      vertex   1.493344e+02 1.009341e+02 1.000000e+00
      vertex   1.493344e+02 1.009341e+02 2.000000e+00
      vertex   1.494541e+02 1.009832e+02 1.000000e+00
    endloop
  endfacet
  facet normal -3.796973e-01 9.251108e-01 0.000000e+00
    outer loop
      vertex   1.494541e+02 1.009832e+02 1.000000e+00
      vertex   1.493344e+02 1.009341e+02 2.000000e+00
      vertex   1.494541e+02 1.009832e+02 2.000000e+00
    endloop
  endfacet
  facet normal -1.294587e-01 9.915848e-01 0.000000e+00
    outer loop
      vertex   1.494541e+02 1.009832e+02 1.000000e+00
      vertex   1.494541e+02 1.009832e+02 2.000000e+00
      vertex   1.495825e+02 1.010000e+02 1.000000e+00
    endloop
  endfacet
  facet normal -1.294587e-01 9.915848e-01 0.000000e+00
    outer loop
      vertex   1.495825e+02 1.010000e+02 1.000000e+00
      vertex   1.494541e+02 1.009832e+02 2.000000e+00
      vertex   1.495825e+02 1.010000e+02 2.000000e+00
    endloop
  endfacet
  facet normal 6.960137e-16 1.000000e+00 0.000000e+00
    outer loop
      vertex   1.495825e+02 1.010000e+02 2.000000e+00
      vertex   1.904175e+02 1.010000e+02 2.000000e+00
      vertex   1.495825e+02 1.010000e+02 1.000000e+00
    endloop
  endfacet
  facet normal 6.960137e-16 1.000000e+00 0.000000e+00
    outer loop
      vertex   1.495825e+02 1.010000e+02 1.000000e+00
      vertex   1.904175e+02 1.010000e+02 2.000000e+00
      vertex   1.904175e+02 1.010000e+02 1.000000e+00
    endloop
  endfacet
  facet normal 1.294587e-01 9.915848e-01 -0.000000e+00
    outer loop
      vertex   1.904175e+02 1.010000e+02 1.000000e+00
      vertex   1.904175e+02 1.010000e+02 2.000000e+00
      vertex   1.905459e+02 1.009832e+02 1.000000e+00
    endloop
  endfacet
  facet normal 1.294587e-01 9.915848e-01 -0.000000e+00
    outer loop
      vertex   1.905459e+02 1.009832e+02 1.000000e+00
      vertex   1.904175e+02 1.010000e+02 2.000000e+00
      vertex   1.905459e+02 1.009832e+02 2.000000e+00
    endloop
  endfacet
  facet normal 3.796973e-01 9.251108e-01 -0.000000e+00
    outer loop
      vertex   1.905459e+02 1.009832e+02 1.000000e+00
      vertex   1.905459e+02 1.009832e+02 2.000000e+00
      vertex   1.906656e+02 1.009341e+02 1.000000e+00
    endloop
  endfacet
  facet normal 3.796973e-01 9.251108e-01 -0.000000e+00
    outer loop
      vertex   1.906656e+02 1.009341e+02 1.000000e+00
      vertex   1.905459e+02 1.009832e+02 2.000000e+00
      vertex   1.906656e+02 1.009341e+02 2.000000e+00
    endloop
  endfacet
  facet normal 6.044817e-01 7.966190e-01 -0.000000e+00
    outer loop
      vertex   1.906656e+02 1.009341e+02 1.000000e+00
      vertex   1.906656e+02 1.009341e+02 2.000000e+00
      vertex   1.907688e+02 1.008558e+02 1.000000e+00
    endloop
  endfacet
  facet normal 6.044817e-01 7.966190e-01 -0.000000e+00
    outer loop
      vertex   1.907688e+02 1.008558e+02 1.000000e+00
      vertex   1.906656e+02 1.009341e+02 2.000000e+00
      vertex   1.907688e+02 1.008558e+02 2.000000e+00
    endloop
  endfacet
  facet normal 7.887428e-01 6.147233e-01 -0.000000e+00
    outer loop
      vertex   1.907688e+02 1.008558e+02 1.000000e+00
      vertex   1.907688e+02 1.008558e+02 2.000000e+00
      vertex   1.908483e+02 1.007537e+02 1.000000e+00
    endloop
  endfacet
  facet normal 7.887428e-01 6.147233e-01 -0.000000e+00
    outer loop
      vertex   1.908483e+02 1.007537e+02 1.000000e+00
      vertex   1.907688e+02 1.008558e+02 2.000000e+00
      vertex   1.908483e+02 1.007537e+02 2.000000e+00
    endloop
  endfacet
  facet normal 9.201280e-01 3.916177e-01 -0.000000e+00
    outer loop
      vertex   1.908483e+02 1.007537e+02 1.000000e+00
      vertex   1.908483e+02 1.007537e+02 2.000000e+00
      vertex   1.908990e+02 1.006346e+02 1.000000e+00
    endloop
  endfacet
  facet normal 9.201280e-01 3.916177e-01 -0.000000e+00
    outer loop
      vertex   1.908990e+02 1.006346e+02 1.000000e+00
      vertex   1.908483e+02 1.007537e+02 2.000000e+00
      vertex   1.908990e+02 1.006346e+02 2.000000e+00
    endloop
  endfacet
  facet normal 9.898295e-01 1.422588e-01 -0.000000e+00
    outer loop
      vertex   1.908990e+02 1.006346e+02 1.000000e+00
      vertex   1.908990e+02 1.006346e+02 2.000000e+00
      vertex   1.909175e+02 1.005065e+02 1.000000e+00
    endloop
  endfacet
  facet normal 9.898295e-01 1.422588e-01 -0.000000e+00
    outer loop
      vertex   1.909175e+02 1.005065e+02 1.000000e+00
      vertex   1.908990e+02 1.006346e+02 2.000000e+00
      vertex   1.909175e+02 1.005065e+02 2.000000e+00
    endloop
  endfacet
  facet normal 9.999997e-01 7.293095e-04 -0.000000e+00
    outer loop
      vertex   1.909175e+02 1.005065e+02 1.000000e+00
      vertex   1.909175e+02 1.005065e+02 2.000000e+00
      vertex   1.909221e+02 9.413784e+01 1.000000e+00
    endloop
  endfacet
  facet normal 9.999997e-01 7.293095e-04 -2.844243e-14
    outer loop
      vertex   1.909221e+02 9.413784e+01 1.000000e+00
      vertex   1.909175e+02 1.005065e+02 2.000000e+00
      vertex   1.909221e+02 9.413784e+01 2.000000e+00
    endloop
  endfacet
  facet normal 9.997203e-01 -2.364993e-02 -2.774159e-14
    outer loop
      vertex   1.909221e+02 9.413784e+01 1.000000e+00
      vertex   1.909221e+02 9.413784e+01 2.000000e+00
      vertex   1.907715e+02 8.777099e+01 1.000000e+00
    endloop
  endfacet
  facet normal 9.997203e-01 -2.364993e-02 1.344343e-15
    outer loop
      vertex   1.907715e+02 8.777099e+01 1.000000e+00
      vertex   1.909221e+02 9.413784e+01 2.000000e+00
      vertex   1.907715e+02 8.777099e+01 2.000000e+00
    endloop
  endfacet
  facet normal 9.988466e-01 -4.801510e-02 2.729343e-15
    outer loop
      vertex   1.907715e+02 8.777099e+01 1.000000e+00
      vertex   1.907715e+02 8.777099e+01 2.000000e+00
      vertex   1.904657e+02 8.140971e+01 1.000000e+00
    endloop
  endfacet
  facet normal 9.988466e-01 -4.801510e-02 2.729343e-15
    outer loop
      vertex   1.904657e+02 8.140971e+01 1.000000e+00
      vertex   1.907715e+02 8.777099e+01 2.000000e+00
      vertex   1.904657e+02 8.140971e+01 2.000000e+00
    endloop
  endfacet
  facet normal 9.973792e-01 -7.235174e-02 4.112720e-15
    outer loop
      vertex   1.904657e+02 8.140971e+01 1.000000e+00
      vertex   1.904657e+02 8.140971e+01 2.000000e+00
      vertex   1.900049e+02 7.505778e+01 1.000000e+00
    endloop
  endfacet
  facet normal 9.973792e-01 -7.235174e-02 3.245994e-14
    outer loop
      vertex   1.900049e+02 7.505778e+01 1.000000e+00
      vertex   1.904657e+02 8.140971e+01 2.000000e+00
      vertex   1.900049e+02 7.505778e+01 2.000000e+00
    endloop
  endfacet
  facet normal 9.953189e-01 -9.664537e-02 3.378232e-14
    outer loop
      vertex   1.900049e+02 7.505778e+01 1.000000e+00
      vertex   1.900049e+02 7.505778e+01 2.000000e+00
      vertex   1.893894e+02 6.871896e+01 1.000000e+00
    endloop
  endfacet
  facet normal 9.953189e-01 -9.664537e-02 2.746827e-15
    outer loop
      vertex   1.893894e+02 6.871896e+01 1.000000e+00
      vertex   1.900049e+02 7.505778e+01 2.000000e+00
      vertex   1.893894e+02 6.871896e+01 2.000000e+00
    endloop
  endfacet
  facet normal 9.926669e-01 -1.208815e-01 3.435660e-15
    outer loop
      vertex   1.893894e+02 6.871896e+01 1.000000e+00
      vertex   1.893894e+02 6.871896e+01 2.000000e+00
      vertex   1.886196e+02 6.239704e+01 1.000000e+00
    endloop
  endfacet
  facet normal 9.926669e-01 -1.208815e-01 1.717830e-15
    outer loop
      vertex   1.886196e+02 6.239704e+01 1.000000e+00
      vertex   1.893894e+02 6.871896e+01 2.000000e+00
      vertex   1.886196e+02 6.239704e+01 2.000000e+00
    endloop
  endfacet
  facet normal 9.894249e-01 -1.450459e-01 2.061226e-15
    outer loop
      vertex   1.886196e+02 6.239704e+01 1.000000e+00
      vertex   1.886196e+02 6.239704e+01 2.000000e+00
      vertex   1.876958e+02 5.609576e+01 1.000000e+00
    endloop
  endfacet
  facet normal 9.894249e-01 -1.450459e-01 1.030613e-15
    outer loop
      vertex   1.876958e+02 5.609576e+01 1.000000e+00
      vertex   1.886196e+02 6.239704e+01 2.000000e+00
      vertex   1.876958e+02 5.609576e+01 2.000000e+00
    endloop
  endfacet
  facet normal 9.855948e-01 -1.691240e-01 1.201698e-15
    outer loop
      vertex   1.876958e+02 5.609576e+01 1.000000e+00
      vertex   1.876958e+02 5.609576e+01 2.000000e+00
      vertex   1.866187e+02 4.981887e+01 1.000000e+00
    endloop
  endfacet
  facet normal 9.855948e-01 -1.691240e-01 0.000000e+00
    outer loop
      vertex   1.866187e+02 4.981887e+01 1.000000e+00
      vertex   1.876958e+02 5.609576e+01 2.000000e+00
      vertex   1.866187e+02 4.981887e+01 2.000000e+00
    endloop
  endfacet
  facet normal 9.559686e-01 -2.934690e-01 0.000000e+00
    outer loop
      vertex   1.866187e+02 4.981887e+01 1.000000e+00
      vertex   1.866187e+02 4.981887e+01 2.000000e+00
      vertex   1.865510e+02 4.959811e+01 1.000000e+00
    endloop
  endfacet
  facet normal 9.559686e-01 -2.934690e-01 0.000000e+00
    outer loop
      vertex   1.865510e+02 4.959811e+01 1.000000e+00
      vertex   1.866187e+02 4.981887e+01 2.000000e+00
      vertex   1.865510e+02 4.959811e+01 2.000000e+00
    endloop
  endfacet
  facet normal 8.631619e-01 -5.049273e-01 0.000000e+00
    outer loop
      vertex   1.865510e+02 4.959811e+01 1.000000e+00
      vertex   1.865510e+02 4.959811e+01 2.000000e+00
      vertex   1.864344e+02 4.939879e+01 1.000000e+00
    endloop
  endfacet
  facet normal 8.631619e-01 -5.049273e-01 0.000000e+00
    outer loop
      vertex   1.864344e+02 4.939879e+01 1.000000e+00
      vertex   1.865510e+02 4.959811e+01 2.000000e+00
      vertex   1.864344e+02 4.939879e+01 2.000000e+00
    endloop
  endfacet
  facet normal 7.243247e-01 -6.894590e-01 0.000000e+00
    outer loop
      vertex   1.864344e+02 4.939879e+01 1.000000e+00
      vertex   1.864344e+02 4.939879e+01 2.000000e+00
      vertex   1.862751e+02 4.923152e+01 1.000000e+00
    endloop
  endfacet
  facet normal 7.243247e-01 -6.894590e-01 0.000000e+00
    outer loop
      vertex   1.862751e+02 4.923152e+01 1.000000e+00
      vertex   1.864344e+02 4.939879e+01 2.000000e+00
      vertex   1.862751e+02 4.923152e+01 2.000000e+00
    endloop
  endfacet
  facet normal 5.468610e-01 -8.372234e-01 0.000000e+00
    outer loop
      vertex   1.862751e+02 4.923152e+01 1.000000e+00
      vertex   1.862751e+02 4.923152e+01 2.000000e+00
      vertex   1.860818e+02 4.910523e+01 1.000000e+00
    endloop
  endfacet
  facet normal 5.468610e-01 -8.372234e-01 0.000000e+00
    outer loop
      vertex   1.860818e+02 4.910523e+01 1.000000e+00
      vertex   1.862751e+02 4.923152e+01 2.000000e+00
      vertex   1.860818e+02 4.910523e+01 2.000000e+00
    endloop
  endfacet
  facet normal 3.402344e-01 -9.403406e-01 0.000000e+00
    outer loop
      vertex   1.860818e+02 4.910523e+01 1.000000e+00
      vertex   1.860818e+02 4.910523e+01 2.000000e+00
      vertex   1.858647e+02 4.902666e+01 1.000000e+00
    endloop
  endfacet
  facet normal 3.402344e-01 -9.403406e-01 0.000000e+00
    outer loop
      vertex   1.858647e+02 4.902666e+01 1.000000e+00
      vertex   1.860818e+02 4.910523e+01 2.000000e+00
      vertex   1.858647e+02 4.902666e+01 2.000000e+00
    endloop
  endfacet
  facet normal 1.154640e-01 -9.933117e-01 0.000000e+00
    outer loop
      vertex   1.858647e+02 4.902666e+01 1.000000e+00
      vertex   1.858647e+02 4.902666e+01 2.000000e+00
      vertex   1.856353e+02 4.900000e+01 1.000000e+00
    endloop
  endfacet
  facet normal 1.154640e-01 -9.933117e-01 0.000000e+00
    outer loop
      vertex   1.856353e+02 4.900000e+01 1.000000e+00
      vertex   1.858647e+02 4.902666e+01 2.000000e+00
      vertex   1.856353e+02 4.900000e+01 2.000000e+00
    endloop
  endfacet
  facet normal -2.272243e-16 -1.000000e+00 -0.000000e+00
    outer loop
      vertex   1.856353e+02 4.900000e+01 2.000000e+00
      vertex   1.543647e+02 4.900000e+01 2.000000e+00
      vertex   1.856353e+02 4.900000e+01 1.000000e+00
    endloop
  endfacet
  facet normal -2.272243e-16 -1.000000e+00 0.000000e+00
    outer loop
      vertex   1.856353e+02 4.900000e+01 1.000000e+00
      vertex   1.543647e+02 4.900000e+01 2.000000e+00
      vertex   1.543647e+02 4.900000e+01 1.000000e+00
    endloop
  endfacet
  facet normal -9.993877e-01 -3.499002e-02 0.000000e+00
    outer loop
      vertex   1.948646e+02 1.033754e+02 1.000000e+00
      vertex   1.948646e+02 1.033754e+02 2.000000e+00
      vertex   1.948523e+02 1.037288e+02 1.000000e+00
    endloop
  endfacet
  facet normal -9.993877e-01 -3.499002e-02 0.000000e+00
    outer loop
      vertex   1.948523e+02 1.037288e+02 1.000000e+00
      vertex   1.948646e+02 1.033754e+02 2.000000e+00
      vertex   1.948523e+02 1.037288e+02 2.000000e+00
    endloop
  endfacet
  facet normal -9.634303e-01 -2.679590e-01 0.000000e+00
    outer loop
      vertex   1.948523e+02 1.037288e+02 1.000000e+00
      vertex   1.948523e+02 1.037288e+02 2.000000e+00
      vertex   1.947575e+02 1.040695e+02 1.000000e+00
    endloop
  endfacet
  facet normal -9.634303e-01 -2.679590e-01 0.000000e+00
    outer loop
      vertex   1.947575e+02 1.040695e+02 1.000000e+00
      vertex   1.948523e+02 1.037288e+02 2.000000e+00
      vertex   1.947575e+02 1.040695e+02 2.000000e+00
    endloop
  endfacet
  facet normal -8.739376e-01 -4.860382e-01 0.000000e+00
    outer loop
      vertex   1.947575e+02 1.040695e+02 1.000000e+00
      vertex   1.947575e+02 1.040695e+02 2.000000e+00
      vertex   1.945856e+02 1.043785e+02 1.000000e+00
    endloop
  endfacet
  facet normal -8.739376e-01 -4.860382e-01 0.000000e+00
    outer loop
      vertex   1.945856e+02 1.043785e+02 1.000000e+00
      vertex   1.947575e+02 1.040695e+02 2.000000e+00
      vertex   1.945856e+02 1.043785e+02 2.000000e+00
    endloop
  endfacet
  facet normal -7.358823e-01 -6.771095e-01 0.000000e+00
    outer loop
      vertex   1.945856e+02 1.043785e+02 1.000000e+00
      vertex   1.945856e+02 1.043785e+02 2.000000e+00
      vertex   1.943462e+02 1.046387e+02 1.000000e+00
    endloop
  endfacet
  facet normal -7.358823e-01 -6.771095e-01 0.000000e+00
    outer loop
      vertex   1.943462e+02 1.046387e+02 1.000000e+00
      vertex   1.945856e+02 1.043785e+02 2.000000e+00
      vertex   1.943462e+02 1.046387e+02 2.000000e+00
    endloop
  endfacet
  facet normal -5.569359e-01 -8.305555e-01 0.000000e+00
    outer loop
      vertex   1.943462e+02 1.046387e+02 1.000000e+00
      vertex   1.943462e+02 1.046387e+02 2.000000e+00
      vertex   1.940525e+02 1.048356e+02 1.000000e+00
    endloop
  endfacet
  facet normal -5.569359e-01 -8.305555e-01 0.000000e+00
    outer loop
      vertex   1.940525e+02 1.048356e+02 1.000000e+00
      vertex   1.943462e+02 1.046387e+02 2.000000e+00
      vertex   1.940525e+02 1.048356e+02 2.000000e+00
    endloop
  endfacet
  facet normal -3.470420e-01 -9.378496e-01 0.000000e+00
    outer loop
      vertex   1.940525e+02 1.048356e+02 1.000000e+00
      vertex   1.940525e+02 1.048356e+02 2.000000e+00
      vertex   1.937209e+02 1.049583e+02 1.000000e+00
    endloop
  endfacet
  facet normal -3.470420e-01 -9.378496e-01 0.000000e+00
    outer loop
      vertex   1.937209e+02 1.049583e+02 1.000000e+00
      vertex   1.940525e+02 1.048356e+02 2.000000e+00
      vertex   1.937209e+02 1.049583e+02 2.000000e+00
    endloop
  endfacet
  facet normal -1.178638e-01 -9.930298e-01 0.000000e+00
    outer loop
      vertex   1.937209e+02 1.049583e+02 1.000000e+00
      vertex   1.937209e+02 1.049583e+02 2.000000e+00
      vertex   1.933698e+02 1.050000e+02 1.000000e+00
    endloop
  endfacet
  facet normal -1.178638e-01 -9.930298e-01 0.000000e+00
    outer loop
      vertex   1.933698e+02 1.050000e+02 1.000000e+00
      vertex   1.937209e+02 1.049583e+02 2.000000e+00
      vertex   1.933698e+02 1.050000e+02 2.000000e+00
    endloop
  endfacet
  facet normal -0.000000e+00 -1.000000e+00 -0.000000e+00
    outer loop
      vertex   1.933698e+02 1.050000e+02 2.000000e+00
      vertex   1.466302e+02 1.050000e+02 2.000000e+00
      vertex   1.933698e+02 1.050000e+02 1.000000e+00
    endloop
  endfacet
  facet normal 0.000000e+00 -1.000000e+00 0.000000e+00
    outer loop
      vertex   1.933698e+02 1.050000e+02 1.000000e+00
      vertex   1.466302e+02 1.050000e+02 2.000000e+00
      vertex   1.466302e+02 1.050000e+02 1.000000e+00
    endloop
  endfacet
  facet normal 1.178638e-01 -9.930298e-01 0.000000e+00
    outer loop
      vertex   1.466302e+02 1.050000e+02 1.000000e+00
      vertex   1.466302e+02 1.050000e+02 2.000000e+00
      vertex   1.462791e+02 1.049583e+02 1.000000e+00
    endloop
  endfacet
  facet normal 1.178638e-01 -9.930298e-01 0.000000e+00
    outer loop
      vertex   1.462791e+02 1.049583e+02 1.000000e+00
      vertex   1.466302e+02 1.050000e+02 2.000000e+00
      vertex   1.462791e+02 1.049583e+02 2.000000e+00
    endloop
  endfacet
  facet normal 3.470420e-01 -9.378496e-01 0.000000e+00
    outer loop
      vertex   1.462791e+02 1.049583e+02 1.000000e+00
      vertex   1.462791e+02 1.049583e+02 2.000000e+00
      vertex   1.459475e+02 1.048356e+02 1.000000e+00
    endloop
  endfacet
  facet normal 3.470420e-01 -9.378496e-01 0.000000e+00
    outer loop
      vertex   1.459475e+02 1.048356e+02 1.000000e+00
      vertex   1.462791e+02 1.049583e+02 2.000000e+00
      vertex   1.459475e+02 1.048356e+02 2.000000e+00
    endloop
  endfacet
  facet normal 5.569359e-01 -8.305555e-01 0.000000e+00
    outer loop
      vertex   1.459475e+02 1.048356e+02 1.000000e+00
      vertex   1.459475e+02 1.048356e+02 2.000000e+00
      vertex   1.456538e+02 1.046387e+02 1.000000e+00
    endloop
  endfacet
  facet normal 5.569359e-01 -8.305555e-01 0.000000e+00
    outer loop
      vertex   1.456538e+02 1.046387e+02 1.000000e+00
      vertex   1.459475e+02 1.048356e+02 2.000000e+00
      vertex   1.456538e+02 1.046387e+02 2.000000e+00
    endloop
  endfacet
  facet normal 7.358823e-01 -6.771095e-01 0.000000e+00
    outer loop
      vertex   1.456538e+02 1.046387e+02 1.000000e+00
      vertex   1.456538e+02 1.046387e+02 2.000000e+00
      vertex   1.454144e+02 1.043785e+02 1.000000e+00
    endloop
  endfacet
  facet normal 7.358823e-01 -6.771095e-01 0.000000e+00
    outer loop
      vertex   1.454144e+02 1.043785e+02 1.000000e+00
      vertex   1.456538e+02 1.046387e+02 2.000000e+00
      vertex   1.454144e+02 1.043785e+02 2.000000e+00
    endloop
  endfacet
  facet normal 8.739376e-01 -4.860382e-01 0.000000e+00
    outer loop
      vertex   1.454144e+02 1.043785e+02 1.000000e+00
      vertex   1.454144e+02 1.043785e+02 2.000000e+00
      vertex   1.452425e+02 1.040695e+02 1.000000e+00
    endloop
  endfacet
  facet normal 8.739376e-01 -4.860382e-01 0.000000e+00
    outer loop
      vertex   1.452425e+02 1.040695e+02 1.000000e+00
      vertex   1.454144e+02 1.043785e+02 2.000000e+00
      vertex   1.452425e+02 1.040695e+02 2.000000e+00
    endloop
  endfacet
  facet normal 9.634303e-01 -2.679590e-01 0.000000e+00
    outer loop
      vertex   1.452425e+02 1.040695e+02 1.000000e+00
      vertex   1.452425e+02 1.040695e+02 2.000000e+00
      vertex   1.451478e+02 1.037288e+02 1.000000e+00
    endloop
  endfacet
  facet normal 9.634303e-01 -2.679590e-01 0.000000e+00
    outer loop
      vertex   1.451478e+02 1.037288e+02 1.000000e+00
      vertex   1.452425e+02 1.040695e+02 2.000000e+00
      vertex   1.451478e+02 1.037288e+02 2.000000e+00
    endloop
  endfacet
  facet normal 9.993877e-01 -3.499002e-02 0.000000e+00
    outer loop
      vertex   1.451478e+02 1.037288e+02 1.000000e+00
      vertex   1.451478e+02 1.037288e+02 2.000000e+00
      vertex   1.451354e+02 1.033754e+02 1.000000e+00
    endloop
  endfacet
  facet normal 9.993877e-01 -3.499002e-02 0.000000e+00
    outer loop
      vertex   1.451354e+02 1.033754e+02 1.000000e+00
      vertex   1.451478e+02 1.037288e+02 2.000000e+00
      vertex   1.451354e+02 1.033754e+02 2.000000e+00
    endloop
  endfacet
  facet normal 9.999279e-01 -1.201082e-02 0.000000e+00
    outer loop
      vertex   1.451354e+02 1.033754e+02 1.000000e+00
      vertex   1.451354e+02 1.033754e+02 2.000000e+00
      vertex   1.450608e+02 9.716224e+01 1.000000e+00
    endloop
  endfacet
  facet normal 9.999279e-01 -1.201082e-02 0.000000e+00
    outer loop
      vertex   1.450608e+02 9.716224e+01 1.000000e+00
      vertex   1.451354e+02 1.033754e+02 2.000000e+00
      vertex   1.450608e+02 9.716224e+01 2.000000e+00
    endloop
  endfacet
  facet normal 9.999307e-01 1.177670e-02 -0.000000e+00
    outer loop
      vertex   1.450608e+02 9.716224e+01 1.000000e+00
      vertex   1.450608e+02 9.716224e+01 2.000000e+00
      vertex   1.451339e+02 9.094902e+01 1.000000e+00
    endloop
  endfacet
  facet normal 9.999307e-01 1.177670e-02 -0.000000e+00
    outer loop
      vertex   1.451339e+02 9.094902e+01 1.000000e+00
      vertex   1.450608e+02 9.716224e+01 2.000000e+00
      vertex   1.451339e+02 9.094902e+01 2.000000e+00
    endloop
  endfacet
  facet normal 9.993676e-01 3.555756e-02 -0.000000e+00
    outer loop
      vertex   1.451339e+02 9.094902e+01 1.000000e+00
      vertex   1.451339e+02 9.094902e+01 2.000000e+00
      vertex   1.453549e+02 8.473931e+01 1.000000e+00
    endloop
  endfacet
  facet normal 9.993676e-01 3.555756e-02 -0.000000e+00
    outer loop
      vertex   1.453549e+02 8.473931e+01 1.000000e+00
      vertex   1.451339e+02 9.094902e+01 2.000000e+00
      vertex   1.453549e+02 8.473931e+01 2.000000e+00
    endloop
  endfacet
  facet normal 9.982391e-01 5.931830e-02 -0.000000e+00
    outer loop
      vertex   1.453549e+02 8.473931e+01 1.000000e+00
      vertex   1.453549e+02 8.473931e+01 2.000000e+00
      vertex   1.457235e+02 7.853660e+01 1.000000e+00
    endloop
  endfacet
  facet normal 9.982391e-01 5.931830e-02 8.429638e-16
    outer loop
      vertex   1.457235e+02 7.853660e+01 1.000000e+00
      vertex   1.453549e+02 8.473931e+01 2.000000e+00
      vertex   1.457235e+02 7.853660e+01 2.000000e+00
    endloop
  endfacet
  facet normal 9.965458e-01 8.304548e-02 1.180147e-15
    outer loop
      vertex   1.457235e+02 7.853660e+01 1.000000e+00
      vertex   1.457235e+02 7.853660e+01 2.000000e+00
      vertex   1.462395e+02 7.234442e+01 1.000000e+00
    endloop
  endfacet
  facet normal 9.965458e-01 8.304548e-02 -0.000000e+00
    outer loop
      vertex   1.462395e+02 7.234442e+01 1.000000e+00
      vertex   1.457235e+02 7.853660e+01 2.000000e+00
      vertex   1.462395e+02 7.234442e+01 2.000000e+00
    endloop
  endfacet
  facet normal 9.942885e-01 1.067257e-01 -0.000000e+00
    outer loop
      vertex   1.462395e+02 7.234442e+01 1.000000e+00
      vertex   1.462395e+02 7.234442e+01 2.000000e+00
      vertex   1.469026e+02 6.616627e+01 1.000000e+00
    endloop
  endfacet
  facet normal 9.942885e-01 1.067257e-01 -0.000000e+00
    outer loop
      vertex   1.469026e+02 6.616627e+01 1.000000e+00
      vertex   1.462395e+02 7.234442e+01 2.000000e+00
      vertex   1.469026e+02 6.616627e+01 2.000000e+00
    endloop
  endfacet
  facet normal 9.914686e-01 1.303455e-01 -0.000000e+00
    outer loop
      vertex   1.469026e+02 6.616627e+01 1.000000e+00
      vertex   1.469026e+02 6.616627e+01 2.000000e+00
      vertex   1.477125e+02 6.000563e+01 1.000000e+00
    endloop
  endfacet
  facet normal 9.914686e-01 1.303455e-01 1.852320e-15
    outer loop
      vertex   1.477125e+02 6.000563e+01 1.000000e+00
      vertex   1.469026e+02 6.616627e+01 2.000000e+00
      vertex   1.477125e+02 6.000563e+01 2.000000e+00
    endloop
  endfacet
  facet normal 9.880878e-01 1.538915e-01 2.186930e-15
    outer loop
      vertex   1.477125e+02 6.000563e+01 1.000000e+00
      vertex   1.477125e+02 6.000563e+01 2.000000e+00
      vertex   1.486688e+02 5.386601e+01 1.000000e+00
    endloop
  endfacet
  facet normal 9.880878e-01 1.538915e-01 -2.698968e-14
    outer loop
      vertex   1.486688e+02 5.386601e+01 1.000000e+00
      vertex   1.477125e+02 6.000563e+01 2.000000e+00
      vertex   1.486688e+02 5.386601e+01 2.000000e+00
    endloop
  endfacet
  facet normal 9.841478e-01 1.773505e-01 -2.671101e-14
    outer loop
      vertex   1.486688e+02 5.386601e+01 1.000000e+00
      vertex   1.486688e+02 5.386601e+01 2.000000e+00
      vertex   1.497708e+02 4.775086e+01 1.000000e+00
    endloop
  endfacet
  facet normal 9.841478e-01 1.773505e-01 -0.000000e+00
    outer loop
      vertex   1.497708e+02 4.775086e+01 1.000000e+00
      vertex   1.486688e+02 5.386601e+01 2.000000e+00
      vertex   1.497708e+02 4.775086e+01 2.000000e+00
    endloop
  endfacet
  facet normal 9.821169e-01 1.882719e-01 -0.000000e+00
    outer loop
      vertex   1.497708e+02 4.775086e+01 1.000000e+00
      vertex   1.497708e+02 4.775086e+01 2.000000e+00
      vertex   1.498906e+02 4.712588e+01 1.000000e+00
    endloop
  endfacet
  facet normal 9.821169e-01 1.882719e-01 -0.000000e+00
    outer loop
      vertex   1.498906e+02 4.712588e+01 1.000000e+00
      vertex   1.497708e+02 4.775086e+01 2.000000e+00
      vertex   1.498906e+02 4.712588e+01 2.000000e+00
    endloop
  endfacet
  facet normal 9.203099e-01 3.911902e-01 -0.000000e+00
    outer loop
      vertex   1.498906e+02 4.712588e+01 1.000000e+00
      vertex   1.498906e+02 4.712588e+01 2.000000e+00
      vertex   1.501395e+02 4.654022e+01 2.000000e+00
    endloop
  endfacet
  facet normal 9.203099e-01 3.911902e-01 0.000000e+00
    outer loop
      vertex   1.498906e+02 4.712588e+01 1.000000e+00
      vertex   1.501395e+02 4.654022e+01 2.000000e+00
      vertex   1.501395e+02 4.654022e+01 1.000000e+00
    endloop
  endfacet
  facet normal 8.170926e-01 5.765065e-01 -0.000000e+00
    outer loop
      vertex   1.501395e+02 4.654022e+01 1.000000e+00
      vertex   1.501395e+02 4.654022e+01 2.000000e+00
      vertex   1.505064e+02 4.602025e+01 2.000000e+00
    endloop
  endfacet
  facet normal 8.170926e-01 5.765065e-01 0.000000e+00
    outer loop
      vertex   1.501395e+02 4.654022e+01 1.000000e+00
      vertex   1.505064e+02 4.602025e+01 2.000000e+00
      vertex   1.505064e+02 4.602025e+01 1.000000e+00
    endloop
  endfacet
  facet normal 6.771095e-01 7.358823e-01 -0.000000e+00
    outer loop
      vertex   1.505064e+02 4.602025e+01 1.000000e+00
      vertex   1.505064e+02 4.602025e+01 2.000000e+00
      vertex   1.509747e+02 4.558936e+01 2.000000e+00
    endloop
  endfacet
  facet normal 6.771095e-01 7.358823e-01 0.000000e+00
    outer loop
      vertex   1.505064e+02 4.602025e+01 1.000000e+00
      vertex   1.509747e+02 4.558936e+01 2.000000e+00
      vertex   1.509747e+02 4.558936e+01 1.000000e+00
    endloop
  endfacet
  facet normal 5.066592e-01 8.621464e-01 -0.000000e+00
    outer loop
      vertex   1.509747e+02 4.558936e+01 1.000000e+00
      vertex   1.509747e+02 4.558936e+01 2.000000e+00
      vertex   1.515233e+02 4.526694e+01 2.000000e+00
    endloop
  endfacet
  facet normal 5.066592e-01 8.621464e-01 0.000000e+00
    outer loop
      vertex   1.509747e+02 4.558936e+01 1.000000e+00
      vertex   1.515233e+02 4.526694e+01 2.000000e+00
      vertex   1.515233e+02 4.526694e+01 1.000000e+00
    endloop
  endfacet
  facet normal 3.134113e-01 9.496175e-01 -0.000000e+00
    outer loop
      vertex   1.515233e+02 4.526694e+01 1.000000e+00
      vertex   1.515233e+02 4.526694e+01 2.000000e+00
      vertex   1.521276e+02 4.506749e+01 2.000000e+00
    endloop
  endfacet
  facet normal 3.134113e-01 9.496175e-01 0.000000e+00
    outer loop
      vertex   1.515233e+02 4.526694e+01 1.000000e+00
      vertex   1.521276e+02 4.506749e+01 2.000000e+00
      vertex   1.521276e+02 4.506749e+01 1.000000e+00
    endloop
  endfacet
  facet normal 1.060612e-01 9.943596e-01 -0.000000e+00
    outer loop
      vertex   1.521276e+02 4.506749e+01 1.000000e+00
      vertex   1.521276e+02 4.506749e+01 2.000000e+00
      vertex   1.527604e+02 4.500000e+01 1.000000e+00
    endloop
  endfacet
  facet normal 1.060612e-01 9.943596e-01 -0.000000e+00
    outer loop
      vertex   1.527604e+02 4.500000e+01 1.000000e+00
      vertex   1.521276e+02 4.506749e+01 2.000000e+00
      vertex   1.527604e+02 4.500000e+01 2.000000e+00
    endloop
  endfacet
  facet normal 4.121573e-16 1.000000e+00 0.000000e+00
    outer loop
      vertex   1.527604e+02 4.500000e+01 2.000000e+00
      vertex   1.872396e+02 4.500000e+01 2.000000e+00
      vertex   1.527604e+02 4.500000e+01 1.000000e+00
    endloop
  endfacet
  facet normal 4.121573e-16 1.000000e+00 0.000000e+00
    outer loop
      vertex   1.527604e+02 4.500000e+01 1.000000e+00
      vertex   1.872396e+02 4.500000e+01 2.000000e+00
      vertex   1.872396e+02 4.500000e+01 1.000000e+00
    endloop
  endfacet
  facet normal -1.060612e-01 9.943596e-01 0.000000e+00
    outer loop
      vertex   1.872396e+02 4.500000e+01 1.000000e+00
      vertex   1.872396e+02 4.500000e+01 2.000000e+00
      vertex   1.878724e+02 4.506749e+01 1.000000e+00
    endloop
  endfacet
  facet normal -1.060612e-01 9.943596e-01 0.000000e+00
    outer loop
      vertex   1.878724e+02 4.506749e+01 1.000000e+00
      vertex   1.872396e+02 4.500000e+01 2.000000e+00
      vertex   1.878724e+02 4.506749e+01 2.000000e+00
    endloop
  endfacet
  facet normal -3.134113e-01 9.496175e-01 0.000000e+00
    outer loop
      vertex   1.878724e+02 4.506749e+01 1.000000e+00
      vertex   1.878724e+02 4.506749e+01 2.000000e+00
      vertex   1.884767e+02 4.526694e+01 2.000000e+00
    endloop
  endfacet
  facet normal -3.134113e-01 9.496175e-01 0.000000e+00
    outer loop
      vertex   1.878724e+02 4.506749e+01 1.000000e+00
      vertex   1.884767e+02 4.526694e+01 2.000000e+00
      vertex   1.884767e+02 4.526694e+01 1.000000e+00
    endloop
  endfacet
  facet normal -5.066592e-01 8.621464e-01 0.000000e+00
    outer loop
      vertex   1.884767e+02 4.526694e+01 1.000000e+00
      vertex   1.884767e+02 4.526694e+01 2.000000e+00
      vertex   1.890253e+02 4.558936e+01 2.000000e+00
    endloop
  endfacet
  facet normal -5.066592e-01 8.621464e-01 0.000000e+00
    outer loop
      vertex   1.884767e+02 4.526694e+01 1.000000e+00
      vertex   1.890253e+02 4.558936e+01 2.000000e+00
      vertex   1.890253e+02 4.558936e+01 1.000000e+00
    endloop
  endfacet
  facet normal -6.771095e-01 7.358823e-01 0.000000e+00
    outer loop
      vertex   1.890253e+02 4.558936e+01 1.000000e+00
      vertex   1.890253e+02 4.558936e+01 2.000000e+00
      vertex   1.894936e+02 4.602025e+01 2.000000e+00
    endloop
  endfacet
  facet normal -6.771095e-01 7.358823e-01 0.000000e+00
    outer loop
      vertex   1.890253e+02 4.558936e+01 1.000000e+00
      vertex   1.894936e+02 4.602025e+01 2.000000e+00
      vertex   1.894936e+02 4.602025e+01 1.000000e+00
    endloop
  endfacet
  facet normal -8.170926e-01 5.765065e-01 0.000000e+00
    outer loop
      vertex   1.894936e+02 4.602025e+01 1.000000e+00
      vertex   1.894936e+02 4.602025e+01 2.000000e+00
      vertex   1.898605e+02 4.654022e+01 2.000000e+00
    endloop
  endfacet
  facet normal -8.170926e-01 5.765065e-01 0.000000e+00
    outer loop
      vertex   1.894936e+02 4.602025e+01 1.000000e+00
      vertex   1.898605e+02 4.654022e+01 2.000000e+00
      vertex   1.898605e+02 4.654022e+01 1.000000e+00
    endloop
  endfacet
  facet normal -9.203099e-01 3.911902e-01 0.000000e+00
    outer loop
      vertex   1.898605e+02 4.654022e+01 1.000000e+00
      vertex   1.898605e+02 4.654022e+01 2.000000e+00
      vertex   1.901094e+02 4.712588e+01 2.000000e+00
    endloop
  endfacet
  facet normal -9.203099e-01 3.911902e-01 0.000000e+00
    outer loop
      vertex   1.898605e+02 4.654022e+01 1.000000e+00
      vertex   1.901094e+02 4.712588e+01 2.000000e+00
      vertex   1.901094e+02 4.712588e+01 1.000000e+00
    endloop
  endfacet
  facet normal -9.821169e-01 1.882719e-01 0.000000e+00
    outer loop
      vertex   1.901094e+02 4.712588e+01 1.000000e+00
      vertex   1.901094e+02 4.712588e+01 2.000000e+00
      vertex   1.902292e+02 4.775086e+01 1.000000e+00
    endloop
  endfacet
  facet normal -9.821169e-01 1.882719e-01 0.000000e+00
    outer loop
      vertex   1.902292e+02 4.775086e+01 1.000000e+00
      vertex   1.901094e+02 4.712588e+01 2.000000e+00
      vertex   1.902292e+02 4.775086e+01 2.000000e+00
    endloop
  endfacet
  facet normal -9.827626e-01 1.848723e-01 0.000000e+00
    outer loop
      vertex   1.902292e+02 4.775086e+01 1.000000e+00
      vertex   1.902292e+02 4.775086e+01 2.000000e+00
      vertex   1.906393e+02 4.993071e+01 1.000000e+00
    endloop
  endfacet
  facet normal -9.827626e-01 1.848723e-01 3.913309e-14
    outer loop
      vertex   1.906393e+02 4.993071e+01 1.000000e+00
      vertex   1.902292e+02 4.775086e+01 2.000000e+00
      vertex   1.906393e+02 4.993071e+01 2.000000e+00
    endloop
  endfacet
  facet normal -9.842969e-01 1.765207e-01 4.128155e-14
    outer loop
      vertex   1.906393e+02 4.993071e+01 1.000000e+00
      vertex   1.906393e+02 4.993071e+01 2.000000e+00
      vertex   1.910308e+02 5.211396e+01 1.000000e+00
    endloop
  endfacet
  facet normal -9.842969e-01 1.765207e-01 -3.059277e-14
    outer loop
      vertex   1.910308e+02 5.211396e+01 1.000000e+00
      vertex   1.906393e+02 4.993071e+01 2.000000e+00
      vertex   1.910308e+02 5.211396e+01 2.000000e+00
    endloop
  endfacet
  facet normal -9.857603e-01 1.681563e-01 -2.640876e-14
    outer loop
      vertex   1.910308e+02 5.211396e+01 1.000000e+00
      vertex   1.910308e+02 5.211396e+01 2.000000e+00
      vertex   1.914038e+02 5.430045e+01 1.000000e+00
    endloop
  endfacet
  facet normal -9.857603e-01 1.681563e-01 0.000000e+00
    outer loop
      vertex   1.914038e+02 5.430045e+01 1.000000e+00
      vertex   1.910308e+02 5.211396e+01 2.000000e+00
      vertex   1.914038e+02 5.430045e+01 2.000000e+00
    endloop
  endfacet
  facet normal -9.571172e-01 2.897012e-01 0.000000e+00
    outer loop
      vertex   1.914038e+02 5.430045e+01 1.000000e+00
      vertex   1.914038e+02 5.430045e+01 2.000000e+00
      vertex   1.914785e+02 5.454708e+01 1.000000e+00
    endloop
  endfacet
  facet normal -9.571172e-01 2.897012e-01 0.000000e+00
    outer loop
      vertex   1.914785e+02 5.454708e+01 1.000000e+00
      vertex   1.914038e+02 5.430045e+01 2.000000e+00
      vertex   1.914785e+02 5.454708e+01 2.000000e+00
    endloop
  endfacet
  facet normal -8.513111e-01 5.246612e-01 0.000000e+00
    outer loop
      vertex   1.914785e+02 5.454708e+01 1.000000e+00
      vertex   1.914785e+02 5.454708e+01 2.000000e+00
      vertex   1.916137e+02 5.476645e+01 1.000000e+00
    endloop
  endfacet
  facet normal -8.513111e-01 5.246612e-01 0.000000e+00
    outer loop
      vertex   1.916137e+02 5.476645e+01 1.000000e+00
      vertex   1.914785e+02 5.454708e+01 2.000000e+00
      vertex   1.916137e+02 5.476645e+01 2.000000e+00
    endloop
  endfacet
  facet normal -6.889770e-01 7.247832e-01 0.000000e+00
    outer loop
      vertex   1.916137e+02 5.476645e+01 1.000000e+00
      vertex   1.916137e+02 5.476645e+01 2.000000e+00
      vertex   1.918004e+02 5.494399e+01 1.000000e+00
    endloop
  endfacet
  facet normal -6.889770e-01 7.247832e-01 0.000000e+00
    outer loop
      vertex   1.918004e+02 5.494399e+01 1.000000e+00
      vertex   1.916137e+02 5.476645e+01 2.000000e+00
      vertex   1.918004e+02 5.494399e+01 2.000000e+00
    endloop
  endfacet
  facet normal -4.808941e-01 8.767787e-01 0.000000e+00
    outer loop
      vertex   1.918004e+02 5.494399e+01 1.000000e+00
      vertex   1.918004e+02 5.494399e+01 2.000000e+00
      vertex   1.920264e+02 5.506791e+01 1.000000e+00
    endloop
  endfacet
  facet normal -4.808941e-01 8.767787e-01 0.000000e+00
    outer loop
      vertex   1.920264e+02 5.506791e+01 1.000000e+00
      vertex   1.918004e+02 5.494399e+01 2.000000e+00
      vertex   1.920264e+02 5.506791e+01 2.000000e+00
    endloop
  endfacet
  facet normal -2.408792e-01 9.705551e-01 0.000000e+00
    outer loop
      vertex   1.920264e+02 5.506791e+01 1.000000e+00
      vertex   1.920264e+02 5.506791e+01 2.000000e+00
      vertex   1.922765e+02 5.512998e+01 1.000000e+00
    endloop
  endfacet
  facet normal -2.408792e-01 9.705551e-01 0.000000e+00
    outer loop
      vertex   1.922765e+02 5.512998e+01 1.000000e+00
      vertex   1.920264e+02 5.506791e+01 2.000000e+00
      vertex   1.922765e+02 5.512998e+01 2.000000e+00
    endloop
  endfacet
  facet normal -1.606328e-01 9.870142e-01 0.000000e+00
    outer loop
      vertex   1.922765e+02 5.512998e+01 1.000000e+00
      vertex   1.922765e+02 5.512998e+01 2.000000e+00
      vertex   1.941417e+02 5.543354e+01 1.000000e+00
    endloop
  endfacet
  facet normal -1.606328e-01 9.870142e-01 0.000000e+00
    outer loop
      vertex   1.941417e+02 5.543354e+01 1.000000e+00
      vertex   1.922765e+02 5.512998e+01 2.000000e+00
      vertex   1.941417e+02 5.543354e+01 2.000000e+00
    endloop
  endfacet
  facet normal -2.530722e-01 9.674474e-01 0.000000e+00
    outer loop
      vertex   1.941417e+02 5.543354e+01 1.000000e+00
      vertex   1.941417e+02 5.543354e+01 2.000000e+00
      vertex   1.959699e+02 5.591178e+01 1.000000e+00
    endloop
  endfacet
  facet normal -2.530722e-01 9.674474e-01 0.000000e+00
    outer loop
      vertex   1.959699e+02 5.591178e+01 1.000000e+00
      vertex   1.941417e+02 5.543354e+01 2.000000e+00
      vertex   1.959699e+02 5.591178e+01 2.000000e+00
    endloop
  endfacet
  facet normal -3.432523e-01 9.392432e-01 0.000000e+00
    outer loop
      vertex   1.959699e+02 5.591178e+01 1.000000e+00
      vertex   1.959699e+02 5.591178e+01 2.000000e+00
      vertex   1.977449e+02 5.656044e+01 1.000000e+00
    endloop
  endfacet
  facet normal -3.432523e-01 9.392432e-01 0.000000e+00
    outer loop
      vertex   1.977449e+02 5.656044e+01 1.000000e+00
      vertex   1.959699e+02 5.591178e+01 2.000000e+00
      vertex   1.977449e+02 5.656044e+01 2.000000e+00
    endloop
  endfacet
  facet normal -4.303678e-01 9.026536e-01 0.000000e+00
    outer loop
      vertex   1.977449e+02 5.656044e+01 1.000000e+00
      vertex   1.977449e+02 5.656044e+01 2.000000e+00
      vertex   1.994506e+02 5.737373e+01 1.000000e+00
    endloop
  endfacet
  facet normal -4.303678e-01 9.026536e-01 0.000000e+00
    outer loop
      vertex   1.994506e+02 5.737373e+01 1.000000e+00
      vertex   1.977449e+02 5.656044e+01 2.000000e+00
      vertex   1.994506e+02 5.737373e+01 2.000000e+00
    endloop
  endfacet
  facet normal -5.136410e-01 8.580052e-01 0.000000e+00
    outer loop
      vertex   1.994506e+02 5.737373e+01 1.000000e+00
      vertex   1.994506e+02 5.737373e+01 2.000000e+00
      vertex   2.010721e+02 5.834439e+01 1.000000e+00
    endloop
  endfacet
  facet normal -5.136410e-01 8.580052e-01 0.000000e+00
    outer loop
      vertex   2.010721e+02 5.834439e+01 1.000000e+00
      vertex   1.994506e+02 5.737373e+01 2.000000e+00
      vertex   2.010721e+02 5.834439e+01 2.000000e+00
    endloop
  endfacet
  facet normal -5.923285e-01 8.056966e-01 0.000000e+00
    outer loop
      vertex   2.010721e+02 5.834439e+01 1.000000e+00
      vertex   2.010721e+02 5.834439e+01 2.000000e+00
      vertex   2.025946e+02 5.946374e+01 1.000000e+00
    endloop
  endfacet
  facet normal -5.923285e-01 8.056966e-01 0.000000e+00
    outer loop
      vertex   2.025946e+02 5.946374e+01 1.000000e+00
      vertex   2.010721e+02 5.834439e+01 2.000000e+00
      vertex   2.025946e+02 5.946374e+01 2.000000e+00
    endloop
  endfacet
  facet normal -6.657277e-01 7.461948e-01 0.000000e+00
    outer loop
      vertex   2.025946e+02 5.946374e+01 1.000000e+00
      vertex   2.025946e+02 5.946374e+01 2.000000e+00
      vertex   2.040048e+02 6.072180e+01 1.000000e+00
    endloop
  endfacet
  facet normal -6.657277e-01 7.461948e-01 0.000000e+00
    outer loop
      vertex   2.040048e+02 6.072180e+01 1.000000e+00
      vertex   2.025946e+02 5.946374e+01 2.000000e+00
      vertex   2.040048e+02 6.072180e+01 2.000000e+00
    endloop
  endfacet
  facet normal -7.331834e-01 6.800310e-01 0.000000e+00
    outer loop
      vertex   2.040048e+02 6.072180e+01 1.000000e+00
      vertex   2.040048e+02 6.072180e+01 2.000000e+00
      vertex   2.052898e+02 6.210734e+01 1.000000e+00
    endloop
  endfacet
  facet normal -7.331834e-01 6.800310e-01 0.000000e+00
    outer loop
      vertex   2.052898e+02 6.210734e+01 1.000000e+00
      vertex   2.040048e+02 6.072180e+01 2.000000e+00
      vertex   2.052898e+02 6.210734e+01 2.000000e+00
    endloop
  endfacet
  facet normal -7.940932e-01 6.077960e-01 0.000000e+00
    outer loop
      vertex   2.052898e+02 6.210734e+01 1.000000e+00
      vertex   2.052898e+02 6.210734e+01 2.000000e+00
      vertex   2.064384e+02 6.360797e+01 1.000000e+00
    endloop
  endfacet
  facet normal -7.940932e-01 6.077960e-01 0.000000e+00
    outer loop
      vertex   2.064384e+02 6.360797e+01 1.000000e+00
      vertex   2.052898e+02 6.210734e+01 2.000000e+00
      vertex   2.064384e+02 6.360797e+01 2.000000e+00
    endloop
  endfacet
  facet normal -8.479135e-01 5.301346e-01 0.000000e+00
    outer loop
      vertex   2.064384e+02 6.360797e+01 1.000000e+00
      vertex   2.064384e+02 6.360797e+01 2.000000e+00
      vertex   2.074402e+02 6.521032e+01 1.000000e+00
    endloop
  endfacet
  facet normal -8.479135e-01 5.301346e-01 0.000000e+00
    outer loop
      vertex   2.074402e+02 6.521032e+01 1.000000e+00
      vertex   2.064384e+02 6.360797e+01 2.000000e+00
      vertex   2.074402e+02 6.521032e+01 2.000000e+00
    endloop
  endfacet
  facet normal -8.941637e-01 4.477402e-01 0.000000e+00
    outer loop
      vertex   2.074402e+02 6.521032e+01 1.000000e+00
      vertex   2.074402e+02 6.521032e+01 2.000000e+00
      vertex   2.082864e+02 6.690007e+01 1.000000e+00
    endloop
  endfacet
  facet normal -8.941637e-01 4.477402e-01 0.000000e+00
    outer loop
      vertex   2.082864e+02 6.690007e+01 1.000000e+00
      vertex   2.074402e+02 6.521032e+01 2.000000e+00
      vertex   2.082864e+02 6.690007e+01 2.000000e+00
    endloop
  endfacet
  facet normal -9.324309e-01 3.613485e-01 0.000000e+00
    outer loop
      vertex   2.082864e+02 6.690007e+01 1.000000e+00
      vertex   2.082864e+02 6.690007e+01 2.000000e+00
      vertex   2.089692e+02 6.866213e+01 1.000000e+00
    endloop
  endfacet
  facet normal -9.324309e-01 3.613485e-01 0.000000e+00
    outer loop
      vertex   2.089692e+02 6.866213e+01 1.000000e+00
      vertex   2.082864e+02 6.690007e+01 2.000000e+00
      vertex   2.089692e+02 6.866213e+01 2.000000e+00
    endloop
  endfacet
  facet normal -9.623734e-01 2.717306e-01 0.000000e+00
    outer loop
      vertex   2.089692e+02 6.866213e+01 1.000000e+00
      vertex   2.089692e+02 6.866213e+01 2.000000e+00
      vertex   2.094827e+02 7.048078e+01 1.000000e+00
    endloop
  endfacet
  facet normal -9.623734e-01 2.717306e-01 0.000000e+00
    outer loop
      vertex   2.094827e+02 7.048078e+01 1.000000e+00
      vertex   2.089692e+02 6.866213e+01 2.000000e+00
      vertex   2.094827e+02 7.048078e+01 2.000000e+00
    endloop
  endfacet
  facet normal -9.837239e-01 1.796868e-01 0.000000e+00
    outer loop
      vertex   2.094827e+02 7.048078e+01 1.000000e+00
      vertex   2.094827e+02 7.048078e+01 2.000000e+00
      vertex   2.098223e+02 7.233978e+01 1.000000e+00
    endloop
  endfacet
  facet normal -9.837239e-01 1.796868e-01 0.000000e+00
    outer loop
      vertex   2.098223e+02 7.233978e+01 1.000000e+00
      vertex   2.094827e+02 7.048078e+01 2.000000e+00
      vertex   2.098223e+02 7.233978e+01 2.000000e+00
    endloop
  endfacet
  facet normal -9.962918e-01 8.603872e-02 0.000000e+00
    outer loop
      vertex   2.098223e+02 7.233978e+01 1.000000e+00
      vertex   2.098223e+02 7.233978e+01 2.000000e+00
      vertex   2.099849e+02 7.422252e+01 1.000000e+00
    endloop
  endfacet
  facet normal -9.962918e-01 8.603872e-02 0.000000e+00
    outer loop
      vertex   2.099849e+02 7.422252e+01 1.000000e+00
      vertex   2.098223e+02 7.233978e+01 2.000000e+00
      vertex   2.099849e+02 7.422252e+01 2.000000e+00
    endloop
  endfacet
  facet normal -9.999649e-01 -8.377487e-03 0.000000e+00
    outer loop
      vertex   2.099849e+02 7.422252e+01 1.000000e+00
      vertex   2.099849e+02 7.422252e+01 2.000000e+00
      vertex   2.099691e+02 7.611221e+01 1.000000e+00
    endloop
  endfacet
  facet normal -9.999649e-01 -8.377487e-03 0.000000e+00
    outer loop
      vertex   2.099691e+02 7.611221e+01 1.000000e+00
      vertex   2.099849e+02 7.422252e+01 2.000000e+00
      vertex   2.099691e+02 7.611221e+01 2.000000e+00
    endloop
  endfacet
  facet normal -9.947104e-01 -1.027189e-01 0.000000e+00
    outer loop
      vertex   2.099691e+02 7.611221e+01 1.000000e+00
      vertex   2.099691e+02 7.611221e+01 2.000000e+00
      vertex   2.097749e+02 7.799196e+01 1.000000e+00
    endloop
  endfacet
  facet normal -9.947104e-01 -1.027189e-01 0.000000e+00
    outer loop
      vertex   2.097749e+02 7.799196e+01 1.000000e+00
      vertex   2.099691e+02 7.611221e+01 2.000000e+00
      vertex   2.097749e+02 7.799196e+01 2.000000e+00
    endloop
  endfacet
  facet normal -9.805753e-01 -1.961432e-01 0.000000e+00
    outer loop
      vertex   2.097749e+02 7.799196e+01 1.000000e+00
      vertex   2.097749e+02 7.799196e+01 2.000000e+00
      vertex   2.094043e+02 7.984501e+01 1.000000e+00
    endloop
  endfacet
  facet normal -9.805753e-01 -1.961432e-01 0.000000e+00
    outer loop
      vertex   2.094043e+02 7.984501e+01 1.000000e+00
      vertex   2.097749e+02 7.799196e+01 2.000000e+00
      vertex   2.094043e+02 7.984501e+01 2.000000e+00
    endloop
  endfacet
  facet normal -9.576856e-01 -2.878164e-01 0.000000e+00
    outer loop
      vertex   2.094043e+02 7.984501e+01 1.000000e+00
      vertex   2.094043e+02 7.984501e+01 2.000000e+00
      vertex   2.088604e+02 8.165480e+01 1.000000e+00
    endloop
  endfacet
  facet normal -9.576856e-01 -2.878164e-01 0.000000e+00
    outer loop
      vertex   2.088604e+02 8.165480e+01 1.000000e+00
      vertex   2.094043e+02 7.984501e+01 2.000000e+00
      vertex   2.088604e+02 8.165480e+01 2.000000e+00
    endloop
  endfacet
  facet normal -9.262458e-01 -3.769200e-01 0.000000e+00
    outer loop
      vertex   2.088604e+02 8.165480e+01 1.000000e+00
      vertex   2.088604e+02 8.165480e+01 2.000000e+00
      vertex   2.081481e+02 8.340517e+01 1.000000e+00
    endloop
  endfacet
  facet normal -9.262458e-01 -3.769200e-01 0.000000e+00
    outer loop
      vertex   2.081481e+02 8.340517e+01 1.000000e+00
      vertex   2.088604e+02 8.165480e+01 2.000000e+00
      vertex   2.081481e+02 8.340517e+01 2.000000e+00
    endloop
  endfacet
  facet normal -8.865366e-01 -4.626585e-01 0.000000e+00
    outer loop
      vertex   2.081481e+02 8.340517e+01 1.000000e+00
      vertex   2.081481e+02 8.340517e+01 2.000000e+00
      vertex   2.072738e+02 8.508051e+01 1.000000e+00
    endloop
  endfacet
  facet normal -8.865366e-01 -4.626585e-01 0.000000e+00
    outer loop
      vertex   2.072738e+02 8.508051e+01 1.000000e+00
      vertex   2.081481e+02 8.340517e+01 2.000000e+00
      vertex   2.072738e+02 8.508051e+01 2.000000e+00
    endloop
  endfacet
  facet normal -8.389124e-01 -5.442664e-01 0.000000e+00
    outer loop
      vertex   2.072738e+02 8.508051e+01 1.000000e+00
      vertex   2.072738e+02 8.508051e+01 2.000000e+00
      vertex   2.062453e+02 8.666584e+01 1.000000e+00
    endloop
  endfacet
  facet normal -8.389124e-01 -5.442664e-01 0.000000e+00
    outer loop
      vertex   2.062453e+02 8.666584e+01 1.000000e+00
      vertex   2.072738e+02 8.508051e+01 2.000000e+00
      vertex   2.062453e+02 8.666584e+01 2.000000e+00
    endloop
  endfacet
  facet normal -7.837985e-01 -6.210152e-01 0.000000e+00
    outer loop
      vertex   2.062453e+02 8.666584e+01 1.000000e+00
      vertex   2.062453e+02 8.666584e+01 2.000000e+00
      vertex   2.050717e+02 8.814703e+01 1.000000e+00
    endloop
  endfacet
  facet normal -7.837985e-01 -6.210152e-01 0.000000e+00
    outer loop
      vertex   2.050717e+02 8.814703e+01 1.000000e+00
      vertex   2.062453e+02 8.666584e+01 2.000000e+00
      vertex   2.050717e+02 8.814703e+01 2.000000e+00
    endloop
  endfacet
  facet normal -7.216870e-01 -6.922196e-01 0.000000e+00
    outer loop
      vertex   2.050717e+02 8.814703e+01 1.000000e+00
      vertex   2.050717e+02 8.814703e+01 2.000000e+00
      vertex   2.037636e+02 8.951084e+01 1.000000e+00
    endloop
  endfacet
  facet normal -7.216870e-01 -6.922196e-01 0.000000e+00
    outer loop
      vertex   2.037636e+02 8.951084e+01 1.000000e+00
      vertex   2.050717e+02 8.814703e+01 2.000000e+00
      vertex   2.037636e+02 8.951084e+01 2.000000e+00
    endloop
  endfacet
  facet normal -6.531322e-01 -7.572439e-01 0.000000e+00
    outer loop
      vertex   2.037636e+02 8.951084e+01 1.000000e+00
      vertex   2.037636e+02 8.951084e+01 2.000000e+00
      vertex   2.023326e+02 9.074510e+01 1.000000e+00
    endloop
  endfacet
  facet normal -6.531322e-01 -7.572439e-01 0.000000e+00
    outer loop
      vertex   2.023326e+02 9.074510e+01 1.000000e+00
      vertex   2.037636e+02 8.951084e+01 2.000000e+00
      vertex   2.023326e+02 9.074510e+01 2.000000e+00
    endloop
  endfacet
  facet normal -5.787464e-01 -8.155076e-01 0.000000e+00
    outer loop
      vertex   2.023326e+02 9.074510e+01 1.000000e+00
      vertex   2.023326e+02 9.074510e+01 2.000000e+00
      vertex   2.007915e+02 9.183878e+01 1.000000e+00
    endloop
  endfacet
  facet normal -5.787464e-01 -8.155076e-01 0.000000e+00
    outer loop
      vertex   2.007915e+02 9.183878e+01 1.000000e+00
      vertex   2.023326e+02 9.074510e+01 2.000000e+00
      vertex   2.007915e+02 9.183878e+01 2.000000e+00
    endloop
  endfacet
  facet normal -4.991936e-01 -8.664905e-01 0.000000e+00
    outer loop
      vertex   2.007915e+02 9.183878e+01 1.000000e+00
      vertex   2.007915e+02 9.183878e+01 2.000000e+00
      vertex   1.991540e+02 9.278214e+01 1.000000e+00
    endloop
  endfacet
  facet normal -4.991936e-01 -8.664905e-01 0.000000e+00
    outer loop
      vertex   1.991540e+02 9.278214e+01 1.000000e+00
      vertex   2.007915e+02 9.183878e+01 2.000000e+00
      vertex   1.991540e+02 9.278214e+01 2.000000e+00
    endloop
  endfacet
  facet normal -4.151840e-01 -9.097375e-01 0.000000e+00
    outer loop
      vertex   1.991540e+02 9.278214e+01 1.000000e+00
      vertex   1.991540e+02 9.278214e+01 2.000000e+00
      vertex   1.974348e+02 9.356673e+01 1.000000e+00
    endloop
  endfacet
  facet normal -4.151840e-01 -9.097375e-01 0.000000e+00
    outer loop
      vertex   1.974348e+02 9.356673e+01 1.000000e+00
      vertex   1.991540e+02 9.278214e+01 2.000000e+00
      vertex   1.974348e+02 9.356673e+01 2.000000e+00
    endloop
  endfacet
  facet normal -3.274676e-01 -9.448624e-01 0.000000e+00
    outer loop
      vertex   1.974348e+02 9.356673e+01 1.000000e+00
      vertex   1.974348e+02 9.356673e+01 2.000000e+00
      vertex   1.956493e+02 9.418556e+01 1.000000e+00
    endloop
  endfacet
  facet normal -3.274676e-01 -9.448624e-01 0.000000e+00
    outer loop
      vertex   1.956493e+02 9.418556e+01 1.000000e+00
      vertex   1.974348e+02 9.356673e+01 2.000000e+00
      vertex   1.956493e+02 9.418556e+01 2.000000e+00
    endloop
  endfacet
  facet normal -4.037042e-01 -9.148896e-01 0.000000e+00
    outer loop
      vertex   1.956493e+02 9.418556e+01 1.000000e+00
      vertex   1.956493e+02 9.418556e+01 2.000000e+00
      vertex   1.954135e+02 9.428959e+01 1.000000e+00
    endloop
  endfacet
  facet normal -4.037042e-01 -9.148896e-01 0.000000e+00
    outer loop
      vertex   1.954135e+02 9.428959e+01 1.000000e+00
      vertex   1.956493e+02 9.418556e+01 2.000000e+00
      vertex   1.954135e+02 9.428959e+01 2.000000e+00
    endloop
  endfacet
  facet normal -6.240886e-01 -7.813536e-01 0.000000e+00
    outer loop
      vertex   1.954135e+02 9.428959e+01 1.000000e+00
      vertex   1.954135e+02 9.428959e+01 2.000000e+00
      vertex   1.952122e+02 9.445041e+01 1.000000e+00
    endloop
  endfacet
  facet normal -6.240886e-01 -7.813536e-01 0.000000e+00
    outer loop
      vertex   1.952122e+02 9.445041e+01 1.000000e+00
      vertex   1.954135e+02 9.428959e+01 2.000000e+00
      vertex   1.952122e+02 9.445041e+01 2.000000e+00
    endloop
  endfacet
  facet normal -8.030328e-01 -5.959348e-01 0.000000e+00
    outer loop
      vertex   1.952122e+02 9.445041e+01 1.000000e+00
      vertex   1.952122e+02 9.445041e+01 2.000000e+00
      vertex   1.950586e+02 9.465734e+01 1.000000e+00
    endloop
  endfacet
  facet normal -8.030328e-01 -5.959348e-01 0.000000e+00
    outer loop
      vertex   1.950586e+02 9.465734e+01 1.000000e+00
      vertex   1.952122e+02 9.445041e+01 2.000000e+00
      vertex   1.950586e+02 9.465734e+01 2.000000e+00
    endloop
  endfacet
  facet normal -9.286547e-01 -3.709452e-01 0.000000e+00
    outer loop
      vertex   1.950586e+02 9.465734e+01 1.000000e+00
      vertex   1.950586e+02 9.465734e+01 2.000000e+00
      vertex   1.949630e+02 9.489664e+01 1.000000e+00
    endloop
  endfacet
  facet normal -9.286547e-01 -3.709452e-01 0.000000e+00
    outer loop
      vertex   1.949630e+02 9.489664e+01 1.000000e+00
      vertex   1.950586e+02 9.465734e+01 2.000000e+00
      vertex   1.949630e+02 9.489664e+01 2.000000e+00
    endloop
  endfacet
  facet normal -9.926129e-01 -1.213245e-01 0.000000e+00
    outer loop
      vertex   1.949630e+02 9.489664e+01 1.000000e+00
      vertex   1.949630e+02 9.489664e+01 2.000000e+00
      vertex   1.949318e+02 9.515242e+01 1.000000e+00
    endloop
  endfacet
  facet normal -9.926129e-01 -1.213245e-01 0.000000e+00
    outer loop
      vertex   1.949318e+02 9.515242e+01 1.000000e+00
      vertex   1.949630e+02 9.489664e+01 2.000000e+00
      vertex   1.949318e+02 9.515242e+01 2.000000e+00
    endloop
  endfacet
  facet normal -9.999973e-01 2.330082e-03 0.000000e+00
    outer loop
      vertex   1.949318e+02 9.515242e+01 1.000000e+00
      vertex   1.949318e+02 9.515242e+01 2.000000e+00
      vertex   1.949381e+02 9.789361e+01 1.000000e+00
    endloop
  endfacet
  facet normal -9.999973e-01 2.330082e-03 0.000000e+00
    outer loop
      vertex   1.949381e+02 9.789361e+01 1.000000e+00
      vertex   1.949318e+02 9.515242e+01 2.000000e+00
      vertex   1.949381e+02 9.789361e+01 2.000000e+00
    endloop
  endfacet
  facet normal -9.999667e-01 -8.163921e-03 0.000000e+00
    outer loop
      vertex   1.949381e+02 9.789361e+01 1.000000e+00
      vertex   1.949381e+02 9.789361e+01 2.000000e+00
      vertex   1.949158e+02 1.006347e+02 2.000000e+00
    endloop
  endfacet
  facet normal -9.998259e-01 -1.865702e-02 -0.000000e+00
    outer loop
      vertex   1.948646e+02 1.033754e+02 2.000000e+00
      vertex   1.948646e+02 1.033754e+02 1.000000e+00
      vertex   1.949158e+02 1.006347e+02 2.000000e+00
    endloop
  endfacet
  facet normal -9.998259e-01 -1.865702e-02 -0.000000e+00
    outer loop
      vertex   1.949158e+02 1.006347e+02 2.000000e+00
      vertex   1.948646e+02 1.033754e+02 1.000000e+00
      vertex   1.949158e+02 1.006347e+02 1.000000e+00
    endloop
  endfacet
  facet normal -9.999667e-01 -8.163921e-03 -0.000000e+00
    outer loop
      vertex   1.949158e+02 1.006347e+02 2.000000e+00
      vertex   1.949158e+02 1.006347e+02 1.000000e+00
      vertex   1.949381e+02 9.789361e+01 1.000000e+00
    endloop
  endfacet
  facet normal 0.000000e+00 0.000000e+00 1.000000e+00
    outer loop
      vertex   1.858647e+02 4.902666e+01 1.000000e+00
      vertex   1.856353e+02 4.900000e+01 1.000000e+00
      vertex   1.872396e+02 4.500000e+01 1.000000e+00
    endloop
  endfacet
  facet normal 0.000000e+00 0.000000e+00 1.000000e+00
    outer loop
      vertex   1.872396e+02 4.500000e+01 1.000000e+00
      vertex   1.856353e+02 4.900000e+01 1.000000e+00
      vertex   1.543647e+02 4.900000e+01 1.000000e+00
    endloop
  endfacet
  facet normal 0.000000e+00 0.000000e+00 1.000000e+00
    outer loop
      vertex   1.872396e+02 4.500000e+01 1.000000e+00
      vertex   1.543647e+02 4.900000e+01 1.000000e+00
      vertex   1.527604e+02 4.500000e+01 1.000000e+00
    endloop
  endfacet
  facet normal 0.000000e+00 0.000000e+00 1.000000e+00
    outer loop
      vertex   1.527604e+02 4.500000e+01 1.000000e+00
      vertex   1.543647e+02 4.900000e+01 1.000000e+00
      vertex   1.541354e+02 4.902666e+01 1.000000e+00
    endloop
  endfacet
  facet normal 0.000000e+00 0.000000e+00 1.000000e+00
    outer loop
      vertex   1.527604e+02 4.500000e+01 1.000000e+00
      vertex   1.541354e+02 4.902666e+01 1.000000e+00
      vertex   1.539182e+02 4.910523e+01 1.000000e+00
    endloop
  endfacet
  facet normal 0.000000e+00 0.000000e+00 1.000000e+00
    outer loop
      vertex   1.537249e+02 4.923152e+01 1.000000e+00
      vertex   1.509747e+02 4.558936e+01 1.000000e+00
      vertex   1.539182e+02 4.910523e+01 1.000000e+00
    endloop
  endfacet
  facet normal 0.000000e+00 0.000000e+00 1.000000e+00
    outer loop
      vertex   1.539182e+02 4.910523e+01 1.000000e+00
      vertex   1.509747e+02 4.558936e+01 1.000000e+00
      vertex   1.515233e+02 4.526694e+01 1.000000e+00
    endloop
  endfacet
  facet normal 0.000000e+00 0.000000e+00 1.000000e+00
    outer loop
      vertex   1.539182e+02 4.910523e+01 1.000000e+00
      vertex   1.515233e+02 4.526694e+01 1.000000e+00
      vertex   1.521276e+02 4.506749e+01 1.000000e+00
    endloop
  endfacet
  facet normal 0.000000e+00 0.000000e+00 1.000000e+00
    outer loop
      vertex   1.535656e+02 4.939879e+01 1.000000e+00
      vertex   1.497708e+02 4.775086e+01 1.000000e+00
      vertex   1.537249e+02 4.923152e+01 1.000000e+00
    endloop
  endfacet
  facet normal 0.000000e+00 0.000000e+00 1.000000e+00
    outer loop
      vertex   1.537249e+02 4.923152e+01 1.000000e+00
      vertex   1.497708e+02 4.775086e+01 1.000000e+00
      vertex   1.498906e+02 4.712588e+01 1.000000e+00
    endloop
  endfacet
  facet normal 0.000000e+00 0.000000e+00 1.000000e+00
    outer loop
      vertex   1.537249e+02 4.923152e+01 1.000000e+00
      vertex   1.498906e+02 4.712588e+01 1.000000e+00
      vertex   1.501395e+02 4.654022e+01 1.000000e+00
    endloop
  endfacet
  facet normal 0.000000e+00 0.000000e+00 1.000000e+00
    outer loop
      vertex   1.535656e+02 4.939879e+01 1.000000e+00
      vertex   1.534490e+02 4.959811e+01 1.000000e+00
      vertex   1.497708e+02 4.775086e+01 1.000000e+00
    endloop
  endfacet
  facet normal 0.000000e+00 0.000000e+00 1.000000e+00
    outer loop
      vertex   1.497708e+02 4.775086e+01 1.000000e+00
      vertex   1.534490e+02 4.959811e+01 1.000000e+00
      vertex   1.533813e+02 4.981887e+01 1.000000e+00
    endloop
  endfacet
  facet normal 0.000000e+00 -0.000000e+00 1.000000e+00
    outer loop
      vertex   1.497708e+02 4.775086e+01 1.000000e+00
      vertex   1.533813e+02 4.981887e+01 1.000000e+00
      vertex   1.486688e+02 5.386601e+01 1.000000e+00
    endloop
  endfacet
  facet normal -0.000000e+00 0.000000e+00 1.000000e+00
    outer loop
      vertex   1.486688e+02 5.386601e+01 1.000000e+00
      vertex   1.533813e+02 4.981887e+01 1.000000e+00
      vertex   1.523042e+02 5.609576e+01 1.000000e+00
    endloop
  endfacet
  facet normal 0.000000e+00 -0.000000e+00 1.000000e+00
    outer loop
      vertex   1.486688e+02 5.386601e+01 1.000000e+00
      vertex   1.523042e+02 5.609576e+01 1.000000e+00
      vertex   1.477125e+02 6.000563e+01 1.000000e+00
    endloop
  endfacet
  facet normal -0.000000e+00 0.000000e+00 1.000000e+00
    outer loop
      vertex   1.477125e+02 6.000563e+01 1.000000e+00
      vertex   1.523042e+02 5.609576e+01 1.000000e+00
      vertex   1.513804e+02 6.239704e+01 1.000000e+00
    endloop
  endfacet
  facet normal 0.000000e+00 -0.000000e+00 1.000000e+00
    outer loop
      vertex   1.477125e+02 6.000563e+01 1.000000e+00
      vertex   1.513804e+02 6.239704e+01 1.000000e+00
      vertex   1.469026e+02 6.616627e+01 1.000000e+00
    endloop
  endfacet
  facet normal -0.000000e+00 0.000000e+00 1.000000e+00
    outer loop
      vertex   1.469026e+02 6.616627e+01 1.000000e+00
      vertex   1.513804e+02 6.239704e+01 1.000000e+00
      vertex   1.506106e+02 6.871896e+01 1.000000e+00
    endloop
  endfacet
  facet normal 0.000000e+00 -0.000000e+00 1.000000e+00
    outer loop
      vertex   1.469026e+02 6.616627e+01 1.000000e+00
      vertex   1.506106e+02 6.871896e+01 1.000000e+00
      vertex   1.462395e+02 7.234442e+01 1.000000e+00
    endloop
  endfacet
  facet normal -0.000000e+00 0.000000e+00 1.000000e+00
    outer loop
      vertex   1.462395e+02 7.234442e+01 1.000000e+00
      vertex   1.506106e+02 6.871896e+01 1.000000e+00
      vertex   1.499951e+02 7.505778e+01 1.000000e+00
    endloop
  endfacet
  facet normal 0.000000e+00 -0.000000e+00 1.000000e+00
    outer loop
      vertex   1.462395e+02 7.234442e+01 1.000000e+00
      vertex   1.499951e+02 7.505778e+01 1.000000e+00
      vertex   1.457235e+02 7.853660e+01 1.000000e+00
    endloop
  endfacet
  facet normal -0.000000e+00 0.000000e+00 1.000000e+00
    outer loop
      vertex   1.457235e+02 7.853660e+01 1.000000e+00
      vertex   1.499951e+02 7.505778e+01 1.000000e+00
      vertex   1.495343e+02 8.140971e+01 1.000000e+00
    endloop
  endfacet
  facet normal 0.000000e+00 -0.000000e+00 1.000000e+00
    outer loop
      vertex   1.457235e+02 7.853660e+01 1.000000e+00
      vertex   1.495343e+02 8.140971e+01 1.000000e+00
      vertex   1.453549e+02 8.473931e+01 1.000000e+00
    endloop
  endfacet
  facet normal -0.000000e+00 0.000000e+00 1.000000e+00
    outer loop
      vertex   1.453549e+02 8.473931e+01 1.000000e+00
      vertex   1.495343e+02 8.140971e+01 1.000000e+00
      vertex   1.492285e+02 8.777099e+01 1.000000e+00
    endloop
  endfacet
  facet normal 0.000000e+00 -0.000000e+00 1.000000e+00
    outer loop
      vertex   1.453549e+02 8.473931e+01 1.000000e+00
      vertex   1.492285e+02 8.777099e+01 1.000000e+00
      vertex   1.451339e+02 9.094902e+01 1.000000e+00
    endloop
  endfacet
  facet normal -0.000000e+00 0.000000e+00 1.000000e+00
    outer loop
      vertex   1.451339e+02 9.094902e+01 1.000000e+00
      vertex   1.492285e+02 8.777099e+01 1.000000e+00
      vertex   1.490779e+02 9.413784e+01 1.000000e+00
    endloop
  endfacet
  facet normal 0.000000e+00 -0.000000e+00 1.000000e+00
    outer loop
      vertex   1.451339e+02 9.094902e+01 1.000000e+00
      vertex   1.490779e+02 9.413784e+01 1.000000e+00
      vertex   1.450608e+02 9.716224e+01 1.000000e+00
    endloop
  endfacet
  facet normal -0.000000e+00 0.000000e+00 1.000000e+00
    outer loop
      vertex   1.450608e+02 9.716224e+01 1.000000e+00
      vertex   1.490779e+02 9.413784e+01 1.000000e+00
      vertex   1.490826e+02 1.005065e+02 1.000000e+00
    endloop
  endfacet
  facet normal 0.000000e+00 0.000000e+00 1.000000e+00
    outer loop
      vertex   1.450608e+02 9.716224e+01 1.000000e+00
      vertex   1.490826e+02 1.005065e+02 1.000000e+00
      vertex   1.451354e+02 1.033754e+02 1.000000e+00
    endloop
  endfacet
  facet normal 0.000000e+00 0.000000e+00 1.000000e+00
    outer loop
      vertex   1.451354e+02 1.033754e+02 1.000000e+00
      vertex   1.490826e+02 1.005065e+02 1.000000e+00
      vertex   1.491010e+02 1.006346e+02 1.000000e+00
    endloop
  endfacet
  facet normal 0.000000e+00 0.000000e+00 1.000000e+00
    outer loop
      vertex   1.451354e+02 1.033754e+02 1.000000e+00
      vertex   1.491010e+02 1.006346e+02 1.000000e+00
      vertex   1.491517e+02 1.007537e+02 1.000000e+00
    endloop
  endfacet
  facet normal 0.000000e+00 -0.000000e+00 1.000000e+00
    outer loop
      vertex   1.491517e+02 1.007537e+02 1.000000e+00
      vertex   1.492312e+02 1.008558e+02 1.000000e+00
      vertex   1.451354e+02 1.033754e+02 1.000000e+00
    endloop
  endfacet
  facet normal 0.000000e+00 0.000000e+00 1.000000e+00
    outer loop
      vertex   1.451354e+02 1.033754e+02 1.000000e+00
      vertex   1.492312e+02 1.008558e+02 1.000000e+00
      vertex   1.493344e+02 1.009341e+02 1.000000e+00
    endloop
  endfacet
  facet normal -0.000000e+00 0.000000e+00 1.000000e+00
    outer loop
      vertex   1.451354e+02 1.033754e+02 1.000000e+00
      vertex   1.493344e+02 1.009341e+02 1.000000e+00
      vertex   1.466302e+02 1.050000e+02 1.000000e+00
    endloop
  endfacet
  facet normal 0.000000e+00 0.000000e+00 1.000000e+00
    outer loop
      vertex   1.466302e+02 1.050000e+02 1.000000e+00
      vertex   1.493344e+02 1.009341e+02 1.000000e+00
      vertex   1.494541e+02 1.009832e+02 1.000000e+00
    endloop
  endfacet
  facet normal 0.000000e+00 0.000000e+00 1.000000e+00
    outer loop
      vertex   1.466302e+02 1.050000e+02 1.000000e+00
      vertex   1.494541e+02 1.009832e+02 1.000000e+00
      vertex   1.495825e+02 1.010000e+02 1.000000e+00
    endloop
  endfacet
  facet normal -0.000000e+00 -0.000000e+00 1.000000e+00
    outer loop
      vertex   1.495825e+02 1.010000e+02 1.000000e+00
      vertex   1.904175e+02 1.010000e+02 1.000000e+00
      vertex   1.466302e+02 1.050000e+02 1.000000e+00
    endloop
  endfacet
  facet normal -0.000000e+00 0.000000e+00 1.000000e+00
    outer loop
      vertex   1.466302e+02 1.050000e+02 1.000000e+00
      vertex   1.904175e+02 1.010000e+02 1.000000e+00
      vertex   1.933698e+02 1.050000e+02 1.000000e+00
    endloop
  endfacet
  facet normal 0.000000e+00 0.000000e+00 1.000000e+00
    outer loop
      vertex   1.933698e+02 1.050000e+02 1.000000e+00
      vertex   1.904175e+02 1.010000e+02 1.000000e+00
      vertex   1.905459e+02 1.009832e+02 1.000000e+00
    endloop
  endfacet
  facet normal 0.000000e+00 0.000000e+00 1.000000e+00
    outer loop
      vertex   1.933698e+02 1.050000e+02 1.000000e+00
      vertex   1.905459e+02 1.009832e+02 1.000000e+00
      vertex   1.906656e+02 1.009341e+02 1.000000e+00
    endloop
  endfacet
  facet normal 0.000000e+00 0.000000e+00 1.000000e+00
    outer loop
      vertex   1.933698e+02 1.050000e+02 1.000000e+00
      vertex   1.906656e+02 1.009341e+02 1.000000e+00
      vertex   1.948646e+02 1.033754e+02 1.000000e+00
    endloop
  endfacet
  facet normal 0.000000e+00 0.000000e+00 1.000000e+00
    outer loop
      vertex   1.948646e+02 1.033754e+02 1.000000e+00
      vertex   1.906656e+02 1.009341e+02 1.000000e+00
      vertex   1.907688e+02 1.008558e+02 1.000000e+00
    endloop
  endfacet
  facet normal 0.000000e+00 0.000000e+00 1.000000e+00
    outer loop
      vertex   1.948646e+02 1.033754e+02 1.000000e+00
      vertex   1.907688e+02 1.008558e+02 1.000000e+00
      vertex   1.908483e+02 1.007537e+02 1.000000e+00
    endloop
  endfacet
  facet normal 0.000000e+00 0.000000e+00 1.000000e+00
    outer loop
      vertex   1.948646e+02 1.033754e+02 1.000000e+00
      vertex   1.908483e+02 1.007537e+02 1.000000e+00
      vertex   1.949158e+02 1.006347e+02 1.000000e+00
    endloop
  endfacet
  facet normal 0.000000e+00 0.000000e+00 1.000000e+00
    outer loop
      vertex   1.949158e+02 1.006347e+02 1.000000e+00
      vertex   1.908483e+02 1.007537e+02 1.000000e+00
      vertex   1.908990e+02 1.006346e+02 1.000000e+00
    endloop
  endfacet
  facet normal 0.000000e+00 0.000000e+00 1.000000e+00
    outer loop
      vertex   1.949158e+02 1.006347e+02 1.000000e+00
      vertex   1.908990e+02 1.006346e+02 1.000000e+00
      vertex   1.909175e+02 1.005065e+02 1.000000e+00
    endloop
  endfacet
  facet normal 0.000000e+00 0.000000e+00 1.000000e+00
    outer loop
      vertex   1.949158e+02 1.006347e+02 1.000000e+00
      vertex   1.909175e+02 1.005065e+02 1.000000e+00
      vertex   1.949381e+02 9.789361e+01 1.000000e+00
    endloop
  endfacet
  facet normal 0.000000e+00 0.000000e+00 1.000000e+00
    outer loop
      vertex   1.949381e+02 9.789361e+01 1.000000e+00
      vertex   1.909175e+02 1.005065e+02 1.000000e+00
      vertex   1.909221e+02 9.413784e+01 1.000000e+00
    endloop
  endfacet
  facet normal 0.000000e+00 0.000000e+00 1.000000e+00
    outer loop
      vertex   1.949381e+02 9.789361e+01 1.000000e+00
      vertex   1.909221e+02 9.413784e+01 1.000000e+00
      vertex   1.949318e+02 9.515242e+01 1.000000e+00
    endloop
  endfacet
  facet normal 0.000000e+00 0.000000e+00 1.000000e+00
    outer loop
      vertex   1.949318e+02 9.515242e+01 1.000000e+00
      vertex   1.909221e+02 9.413784e+01 1.000000e+00
      vertex   1.949630e+02 9.489664e+01 1.000000e+00
    endloop
  endfacet
  facet normal 0.000000e+00 0.000000e+00 1.000000e+00
    outer loop
      vertex   1.949630e+02 9.489664e+01 1.000000e+00
      vertex   1.909221e+02 9.413784e+01 1.000000e+00
      vertex   1.950586e+02 9.465734e+01 1.000000e+00
    endloop
  endfacet
  facet normal 0.000000e+00 0.000000e+00 1.000000e+00
    outer loop
      vertex   1.950586e+02 9.465734e+01 1.000000e+00
      vertex   1.909221e+02 9.413784e+01 1.000000e+00
      vertex   1.952122e+02 9.445041e+01 1.000000e+00
    endloop
  endfacet
  facet normal 0.000000e+00 0.000000e+00 1.000000e+00
    outer loop
      vertex   1.952122e+02 9.445041e+01 1.000000e+00
      vertex   1.909221e+02 9.413784e+01 1.000000e+00
      vertex   1.954135e+02 9.428959e+01 1.000000e+00
    endloop
  endfacet
  facet normal 0.000000e+00 0.000000e+00 1.000000e+00
    outer loop
      vertex   1.954135e+02 9.428959e+01 1.000000e+00
      vertex   1.909221e+02 9.413784e+01 1.000000e+00
      vertex   1.952675e+02 8.967150e+01 1.000000e+00
    endloop
  endfacet
  facet normal 0.000000e+00 0.000000e+00 1.000000e+00
    outer loop
      vertex   1.954135e+02 9.428959e+01 1.000000e+00
      vertex   1.952675e+02 8.967150e+01 1.000000e+00
      vertex   1.954850e+02 8.977649e+01 1.000000e+00
    endloop
  endfacet
  facet normal 0.000000e+00 0.000000e+00 1.000000e+00
    outer loop
      vertex   1.907715e+02 8.777099e+01 1.000000e+00
      vertex   1.949379e+02 8.932329e+01 1.000000e+00
      vertex   1.909221e+02 9.413784e+01 1.000000e+00
    endloop
  endfacet
  facet normal 0.000000e+00 0.000000e+00 1.000000e+00
    outer loop
      vertex   1.909221e+02 9.413784e+01 1.000000e+00
      vertex   1.949379e+02 8.932329e+01 1.000000e+00
      vertex   1.950815e+02 8.951744e+01 1.000000e+00
    endloop
  endfacet
  facet normal 0.000000e+00 0.000000e+00 1.000000e+00
    outer loop
      vertex   1.909221e+02 9.413784e+01 1.000000e+00
      vertex   1.950815e+02 8.951744e+01 1.000000e+00
      vertex   1.952675e+02 8.967150e+01 1.000000e+00
    endloop
  endfacet
  facet normal 0.000000e+00 0.000000e+00 1.000000e+00
    outer loop
      vertex   1.904657e+02 8.140971e+01 1.000000e+00
      vertex   1.945661e+02 8.317454e+01 1.000000e+00
      vertex   1.907715e+02 8.777099e+01 1.000000e+00
    endloop
  endfacet
  facet normal -0.000000e+00 0.000000e+00 1.000000e+00
    outer loop
      vertex   1.907715e+02 8.777099e+01 1.000000e+00
      vertex   1.945661e+02 8.317454e+01 1.000000e+00
      vertex   1.948083e+02 8.886168e+01 1.000000e+00
    endloop
  endfacet
  facet normal 0.000000e+00 0.000000e+00 1.000000e+00
    outer loop
      vertex   1.907715e+02 8.777099e+01 1.000000e+00
      vertex   1.948083e+02 8.886168e+01 1.000000e+00
      vertex   1.948450e+02 8.910037e+01 1.000000e+00
    endloop
  endfacet
  facet normal 0.000000e+00 0.000000e+00 1.000000e+00
    outer loop
      vertex   1.945661e+02 8.317454e+01 1.000000e+00
      vertex   1.904657e+02 8.140971e+01 1.000000e+00
      vertex   1.942000e+02 7.749403e+01 1.000000e+00
    endloop
  endfacet
  facet normal 0.000000e+00 0.000000e+00 1.000000e+00
    outer loop
      vertex   1.942000e+02 7.749403e+01 1.000000e+00
      vertex   1.904657e+02 8.140971e+01 1.000000e+00
      vertex   1.900049e+02 7.505778e+01 1.000000e+00
    endloop
  endfacet
  facet normal 0.000000e+00 0.000000e+00 1.000000e+00
    outer loop
      vertex   1.942000e+02 7.749403e+01 1.000000e+00
      vertex   1.900049e+02 7.505778e+01 1.000000e+00
      vertex   1.937103e+02 7.182284e+01 1.000000e+00
    endloop
  endfacet
  facet normal 0.000000e+00 0.000000e+00 1.000000e+00
    outer loop
      vertex   1.937103e+02 7.182284e+01 1.000000e+00
      vertex   1.900049e+02 7.505778e+01 1.000000e+00
      vertex   1.893894e+02 6.871896e+01 1.000000e+00
    endloop
  endfacet
  facet normal 0.000000e+00 0.000000e+00 1.000000e+00
    outer loop
      vertex   1.937103e+02 7.182284e+01 1.000000e+00
      vertex   1.893894e+02 6.871896e+01 1.000000e+00
      vertex   1.930971e+02 6.616368e+01 1.000000e+00
    endloop
  endfacet
  facet normal 0.000000e+00 0.000000e+00 1.000000e+00
    outer loop
      vertex   1.930971e+02 6.616368e+01 1.000000e+00
      vertex   1.893894e+02 6.871896e+01 1.000000e+00
      vertex   1.886196e+02 6.239704e+01 1.000000e+00
    endloop
  endfacet
  facet normal 0.000000e+00 0.000000e+00 1.000000e+00
    outer loop
      vertex   1.930971e+02 6.616368e+01 1.000000e+00
      vertex   1.886196e+02 6.239704e+01 1.000000e+00
      vertex   1.923607e+02 6.051922e+01 1.000000e+00
    endloop
  endfacet
  facet normal 0.000000e+00 0.000000e+00 1.000000e+00
    outer loop
      vertex   1.923607e+02 6.051922e+01 1.000000e+00
      vertex   1.886196e+02 6.239704e+01 1.000000e+00
      vertex   1.923560e+02 6.027777e+01 1.000000e+00
    endloop
  endfacet
  facet normal 0.000000e+00 0.000000e+00 1.000000e+00
    outer loop
      vertex   1.923560e+02 6.027777e+01 1.000000e+00
      vertex   1.886196e+02 6.239704e+01 1.000000e+00
      vertex   1.924092e+02 6.004222e+01 1.000000e+00
    endloop
  endfacet
  facet normal 0.000000e+00 0.000000e+00 1.000000e+00
    outer loop
      vertex   1.924092e+02 6.004222e+01 1.000000e+00
      vertex   1.886196e+02 6.239704e+01 1.000000e+00
      vertex   1.876958e+02 5.609576e+01 1.000000e+00
    endloop
  endfacet
  facet normal 0.000000e+00 0.000000e+00 1.000000e+00
    outer loop
      vertex   1.924092e+02 6.004222e+01 1.000000e+00
      vertex   1.876958e+02 5.609576e+01 1.000000e+00
      vertex   1.925175e+02 5.982632e+01 1.000000e+00
    endloop
  endfacet
  facet normal 0.000000e+00 0.000000e+00 1.000000e+00
    outer loop
      vertex   1.925175e+02 5.982632e+01 1.000000e+00
      vertex   1.876958e+02 5.609576e+01 1.000000e+00
      vertex   1.926743e+02 5.964266e+01 1.000000e+00
    endloop
  endfacet
  facet normal 0.000000e+00 0.000000e+00 1.000000e+00
    outer loop
      vertex   1.926743e+02 5.964266e+01 1.000000e+00
      vertex   1.876958e+02 5.609576e+01 1.000000e+00
      vertex   1.920264e+02 5.506791e+01 1.000000e+00
    endloop
  endfacet
  facet normal 0.000000e+00 0.000000e+00 1.000000e+00
    outer loop
      vertex   1.926743e+02 5.964266e+01 1.000000e+00
      vertex   1.920264e+02 5.506791e+01 1.000000e+00
      vertex   1.928705e+02 5.950194e+01 1.000000e+00
    endloop
  endfacet
  facet normal 0.000000e+00 0.000000e+00 1.000000e+00
    outer loop
      vertex   1.928705e+02 5.950194e+01 1.000000e+00
      vertex   1.920264e+02 5.506791e+01 1.000000e+00
      vertex   1.922765e+02 5.512998e+01 1.000000e+00
    endloop
  endfacet
  facet normal 0.000000e+00 0.000000e+00 1.000000e+00
    outer loop
      vertex   1.928705e+02 5.950194e+01 1.000000e+00
      vertex   1.922765e+02 5.512998e+01 1.000000e+00
      vertex   1.930948e+02 5.941238e+01 1.000000e+00
    endloop
  endfacet
  facet normal 0.000000e+00 0.000000e+00 1.000000e+00
    outer loop
      vertex   1.930948e+02 5.941238e+01 1.000000e+00
      vertex   1.922765e+02 5.512998e+01 1.000000e+00
      vertex   1.941417e+02 5.543354e+01 1.000000e+00
    endloop
  endfacet
  facet normal 0.000000e+00 0.000000e+00 1.000000e+00
    outer loop
      vertex   1.930948e+02 5.941238e+01 1.000000e+00
      vertex   1.941417e+02 5.543354e+01 1.000000e+00
      vertex   1.933340e+02 5.937920e+01 1.000000e+00
    endloop
  endfacet
  facet normal -0.000000e+00 0.000000e+00 1.000000e+00
    outer loop
      vertex   1.933340e+02 5.937920e+01 1.000000e+00
      vertex   1.941417e+02 5.543354e+01 1.000000e+00
      vertex   1.935742e+02 5.940432e+01 1.000000e+00
    endloop
  endfacet
  facet normal 0.000000e+00 0.000000e+00 1.000000e+00
    outer loop
      vertex   1.935742e+02 5.940432e+01 1.000000e+00
      vertex   1.941417e+02 5.543354e+01 1.000000e+00
      vertex   1.959699e+02 5.591178e+01 1.000000e+00
    endloop
  endfacet
  facet normal -0.000000e+00 0.000000e+00 1.000000e+00
    outer loop
      vertex   1.935742e+02 5.940432e+01 1.000000e+00
      vertex   1.959699e+02 5.591178e+01 1.000000e+00
      vertex   1.951883e+02 5.986454e+01 1.000000e+00
    endloop
  endfacet
  facet normal 0.000000e+00 0.000000e+00 1.000000e+00
    outer loop
      vertex   1.951883e+02 5.986454e+01 1.000000e+00
      vertex   1.959699e+02 5.591178e+01 1.000000e+00
      vertex   1.977449e+02 5.656044e+01 1.000000e+00
    endloop
  endfacet
  facet normal -0.000000e+00 0.000000e+00 1.000000e+00
    outer loop
      vertex   1.951883e+02 5.986454e+01 1.000000e+00
      vertex   1.977449e+02 5.656044e+01 1.000000e+00
      vertex   1.967452e+02 6.049131e+01 1.000000e+00
    endloop
  endfacet
  facet normal 0.000000e+00 0.000000e+00 1.000000e+00
    outer loop
      vertex   1.967452e+02 6.049131e+01 1.000000e+00
      vertex   1.977449e+02 5.656044e+01 1.000000e+00
      vertex   1.994506e+02 5.737373e+01 1.000000e+00
    endloop
  endfacet
  facet normal -0.000000e+00 0.000000e+00 1.000000e+00
    outer loop
      vertex   1.967452e+02 6.049131e+01 1.000000e+00
      vertex   1.994506e+02 5.737373e+01 1.000000e+00
      vertex   1.982279e+02 6.127772e+01 1.000000e+00
    endloop
  endfacet
  facet normal 0.000000e+00 0.000000e+00 1.000000e+00
    outer loop
      vertex   1.982279e+02 6.127772e+01 1.000000e+00
      vertex   1.994506e+02 5.737373e+01 1.000000e+00
      vertex   2.010721e+02 5.834439e+01 1.000000e+00
    endloop
  endfacet
  facet normal -0.000000e+00 0.000000e+00 1.000000e+00
    outer loop
      vertex   1.982279e+02 6.127772e+01 1.000000e+00
      vertex   2.010721e+02 5.834439e+01 1.000000e+00
      vertex   1.996201e+02 6.221513e+01 1.000000e+00
    endloop
  endfacet
  facet normal 0.000000e+00 0.000000e+00 1.000000e+00
    outer loop
      vertex   1.996201e+02 6.221513e+01 1.000000e+00
      vertex   2.010721e+02 5.834439e+01 1.000000e+00
      vertex   2.025946e+02 5.946374e+01 1.000000e+00
    endloop
  endfacet
  facet normal -0.000000e+00 0.000000e+00 1.000000e+00
    outer loop
      vertex   1.996201e+02 6.221513e+01 1.000000e+00
      vertex   2.025946e+02 5.946374e+01 1.000000e+00
      vertex   2.009065e+02 6.329323e+01 1.000000e+00
    endloop
  endfacet
  facet normal 0.000000e+00 0.000000e+00 1.000000e+00
    outer loop
      vertex   2.009065e+02 6.329323e+01 1.000000e+00
      vertex   2.025946e+02 5.946374e+01 1.000000e+00
      vertex   2.040048e+02 6.072180e+01 1.000000e+00
    endloop
  endfacet
  facet normal -0.000000e+00 0.000000e+00 1.000000e+00
    outer loop
      vertex   2.009065e+02 6.329323e+01 1.000000e+00
      vertex   2.040048e+02 6.072180e+01 1.000000e+00
      vertex   2.020728e+02 6.450014e+01 1.000000e+00
    endloop
  endfacet
  facet normal 0.000000e+00 0.000000e+00 1.000000e+00
    outer loop
      vertex   2.020728e+02 6.450014e+01 1.000000e+00
      vertex   2.040048e+02 6.072180e+01 1.000000e+00
      vertex   2.052898e+02 6.210734e+01 1.000000e+00
    endloop
  endfacet
  facet normal 0.000000e+00 0.000000e+00 1.000000e+00
    outer loop
      vertex   2.020728e+02 6.450014e+01 1.000000e+00
      vertex   2.052898e+02 6.210734e+01 1.000000e+00
      vertex   2.064384e+02 6.360797e+01 1.000000e+00
    endloop
  endfacet
  facet normal 0.000000e+00 0.000000e+00 1.000000e+00
    outer loop
      vertex   1.866187e+02 4.981887e+01 1.000000e+00
      vertex   1.910308e+02 5.211396e+01 1.000000e+00
      vertex   1.876958e+02 5.609576e+01 1.000000e+00
    endloop
  endfacet
  facet normal 0.000000e+00 0.000000e+00 1.000000e+00
    outer loop
      vertex   1.876958e+02 5.609576e+01 1.000000e+00
      vertex   1.910308e+02 5.211396e+01 1.000000e+00
      vertex   1.914038e+02 5.430045e+01 1.000000e+00
    endloop
  endfacet
  facet normal 0.000000e+00 0.000000e+00 1.000000e+00
    outer loop
      vertex   1.876958e+02 5.609576e+01 1.000000e+00
      vertex   1.914038e+02 5.430045e+01 1.000000e+00
      vertex   1.914785e+02 5.454708e+01 1.000000e+00
    endloop
  endfacet
  facet normal 0.000000e+00 0.000000e+00 1.000000e+00
    outer loop
      vertex   1.910308e+02 5.211396e+01 1.000000e+00
      vertex   1.866187e+02 4.981887e+01 1.000000e+00
      vertex   1.906393e+02 4.993071e+01 1.000000e+00
    endloop
  endfacet
  facet normal 0.000000e+00 0.000000e+00 1.000000e+00
    outer loop
      vertex   1.906393e+02 4.993071e+01 1.000000e+00
      vertex   1.866187e+02 4.981887e+01 1.000000e+00
      vertex   1.865510e+02 4.959811e+01 1.000000e+00
    endloop
  endfacet
  facet normal 0.000000e+00 0.000000e+00 1.000000e+00
    outer loop
      vertex   1.906393e+02 4.993071e+01 1.000000e+00
      vertex   1.865510e+02 4.959811e+01 1.000000e+00
      vertex   1.902292e+02 4.775086e+01 1.000000e+00
    endloop
  endfacet
  facet normal 0.000000e+00 0.000000e+00 1.000000e+00
    outer loop
      vertex   1.902292e+02 4.775086e+01 1.000000e+00
      vertex   1.865510e+02 4.959811e+01 1.000000e+00
      vertex   1.864344e+02 4.939879e+01 1.000000e+00
    endloop
  endfacet
  facet normal 0.000000e+00 0.000000e+00 1.000000e+00
    outer loop
      vertex   1.902292e+02 4.775086e+01 1.000000e+00
      vertex   1.864344e+02 4.939879e+01 1.000000e+00
      vertex   1.862751e+02 4.923152e+01 1.000000e+00
    endloop
  endfacet
  facet normal -0.000000e+00 0.000000e+00 1.000000e+00
    outer loop
      vertex   1.860818e+02 4.910523e+01 1.000000e+00
      vertex   1.890253e+02 4.558936e+01 1.000000e+00
      vertex   1.862751e+02 4.923152e+01 1.000000e+00
    endloop
  endfacet
  facet normal 0.000000e+00 0.000000e+00 1.000000e+00
    outer loop
      vertex   1.862751e+02 4.923152e+01 1.000000e+00
      vertex   1.890253e+02 4.558936e+01 1.000000e+00
      vertex   1.894936e+02 4.602025e+01 1.000000e+00
    endloop
  endfacet
  facet normal 0.000000e+00 0.000000e+00 1.000000e+00
    outer loop
      vertex   1.862751e+02 4.923152e+01 1.000000e+00
      vertex   1.894936e+02 4.602025e+01 1.000000e+00
      vertex   1.898605e+02 4.654022e+01 1.000000e+00
    endloop
  endfacet
  facet normal -0.000000e+00 0.000000e+00 1.000000e+00
    outer loop
      vertex   1.858647e+02 4.902666e+01 1.000000e+00
      vertex   1.872396e+02 4.500000e+01 1.000000e+00
      vertex   1.860818e+02 4.910523e+01 1.000000e+00
    endloop
  endfacet
  facet normal 0.000000e+00 0.000000e+00 1.000000e+00
    outer loop
      vertex   1.860818e+02 4.910523e+01 1.000000e+00
      vertex   1.872396e+02 4.500000e+01 1.000000e+00
      vertex   1.878724e+02 4.506749e+01 1.000000e+00
    endloop
  endfacet
  facet normal 0.000000e+00 0.000000e+00 1.000000e+00
    outer loop
      vertex   1.860818e+02 4.910523e+01 1.000000e+00
      vertex   1.878724e+02 4.506749e+01 1.000000e+00
      vertex   1.884767e+02 4.526694e+01 1.000000e+00
    endloop
  endfacet
  facet normal 0.000000e+00 -0.000000e+00 1.000000e+00
    outer loop
      vertex   1.948450e+02 8.910037e+01 1.000000e+00
      vertex   1.949379e+02 8.932329e+01 1.000000e+00
      vertex   1.907715e+02 8.777099e+01 1.000000e+00
    endloop
  endfacet
  facet normal 0.000000e+00 0.000000e+00 1.000000e+00
    outer loop
      vertex   1.954135e+02 9.428959e+01 1.000000e+00
      vertex   1.954850e+02 8.977649e+01 1.000000e+00
      vertex   1.956493e+02 9.418556e+01 1.000000e+00
    endloop
  endfacet
  facet normal 0.000000e+00 0.000000e+00 1.000000e+00
    outer loop
      vertex   1.956493e+02 9.418556e+01 1.000000e+00
      vertex   1.954850e+02 8.977649e+01 1.000000e+00
      vertex   1.957213e+02 8.982627e+01 1.000000e+00
    endloop
  endfacet
  facet normal 0.000000e+00 0.000000e+00 1.000000e+00
    outer loop
      vertex   1.956493e+02 9.418556e+01 1.000000e+00
      vertex   1.957213e+02 8.982627e+01 1.000000e+00
      vertex   1.974348e+02 9.356673e+01 1.000000e+00
    endloop
  endfacet
  facet normal 0.000000e+00 0.000000e+00 1.000000e+00
    outer loop
      vertex   1.974348e+02 9.356673e+01 1.000000e+00
      vertex   1.957213e+02 8.982627e+01 1.000000e+00
      vertex   1.959627e+02 8.981796e+01 1.000000e+00
    endloop
  endfacet
  facet normal 0.000000e+00 0.000000e+00 1.000000e+00
    outer loop
      vertex   1.974348e+02 9.356673e+01 1.000000e+00
      vertex   1.959627e+02 8.981796e+01 1.000000e+00
      vertex   1.961950e+02 8.975202e+01 1.000000e+00
    endloop
  endfacet
  facet normal 0.000000e+00 0.000000e+00 1.000000e+00
    outer loop
      vertex   1.974348e+02 9.356673e+01 1.000000e+00
      vertex   1.961950e+02 8.975202e+01 1.000000e+00
      vertex   1.991540e+02 9.278214e+01 1.000000e+00
    endloop
  endfacet
  facet normal 0.000000e+00 0.000000e+00 1.000000e+00
    outer loop
      vertex   1.991540e+02 9.278214e+01 1.000000e+00
      vertex   1.961950e+02 8.975202e+01 1.000000e+00
      vertex   1.977062e+02 8.902190e+01 1.000000e+00
    endloop
  endfacet
  facet normal 0.000000e+00 0.000000e+00 1.000000e+00
    outer loop
      vertex   1.991540e+02 9.278214e+01 1.000000e+00
      vertex   1.977062e+02 8.902190e+01 1.000000e+00
      vertex   2.007915e+02 9.183878e+01 1.000000e+00
    endloop
  endfacet
  facet normal 0.000000e+00 0.000000e+00 1.000000e+00
    outer loop
      vertex   2.007915e+02 9.183878e+01 1.000000e+00
      vertex   1.977062e+02 8.902190e+01 1.000000e+00
      vertex   1.991327e+02 8.813749e+01 1.000000e+00
    endloop
  endfacet
  facet normal 0.000000e+00 0.000000e+00 1.000000e+00
    outer loop
      vertex   2.007915e+02 9.183878e+01 1.000000e+00
      vertex   1.991327e+02 8.813749e+01 1.000000e+00
      vertex   2.023326e+02 9.074510e+01 1.000000e+00
    endloop
  endfacet
  facet normal 0.000000e+00 0.000000e+00 1.000000e+00
    outer loop
      vertex   2.023326e+02 9.074510e+01 1.000000e+00
      vertex   1.991327e+02 8.813749e+01 1.000000e+00
      vertex   2.004587e+02 8.710852e+01 1.000000e+00
    endloop
  endfacet
  facet normal 0.000000e+00 0.000000e+00 1.000000e+00
    outer loop
      vertex   2.023326e+02 9.074510e+01 1.000000e+00
      vertex   2.004587e+02 8.710852e+01 1.000000e+00
      vertex   2.037636e+02 8.951084e+01 1.000000e+00
    endloop
  endfacet
  facet normal 0.000000e+00 0.000000e+00 1.000000e+00
    outer loop
      vertex   2.037636e+02 8.951084e+01 1.000000e+00
      vertex   2.004587e+02 8.710852e+01 1.000000e+00
      vertex   2.016695e+02 8.594631e+01 1.000000e+00
    endloop
  endfacet
  facet normal 0.000000e+00 0.000000e+00 1.000000e+00
    outer loop
      vertex   2.037636e+02 8.951084e+01 1.000000e+00
      vertex   2.016695e+02 8.594631e+01 1.000000e+00
      vertex   2.050717e+02 8.814703e+01 1.000000e+00
    endloop
  endfacet
  facet normal 0.000000e+00 0.000000e+00 1.000000e+00
    outer loop
      vertex   2.050717e+02 8.814703e+01 1.000000e+00
      vertex   2.016695e+02 8.594631e+01 1.000000e+00
      vertex   2.027520e+02 8.466365e+01 1.000000e+00
    endloop
  endfacet
  facet normal 0.000000e+00 0.000000e+00 1.000000e+00
    outer loop
      vertex   2.050717e+02 8.814703e+01 1.000000e+00
      vertex   2.027520e+02 8.466365e+01 1.000000e+00
      vertex   2.062453e+02 8.666584e+01 1.000000e+00
    endloop
  endfacet
  facet normal 0.000000e+00 0.000000e+00 1.000000e+00
    outer loop
      vertex   2.062453e+02 8.666584e+01 1.000000e+00
      vertex   2.027520e+02 8.466365e+01 1.000000e+00
      vertex   2.036942e+02 8.327465e+01 1.000000e+00
    endloop
  endfacet
  facet normal 0.000000e+00 0.000000e+00 1.000000e+00
    outer loop
      vertex   2.062453e+02 8.666584e+01 1.000000e+00
      vertex   2.036942e+02 8.327465e+01 1.000000e+00
      vertex   2.072738e+02 8.508051e+01 1.000000e+00
    endloop
  endfacet
  facet normal 0.000000e+00 0.000000e+00 1.000000e+00
    outer loop
      vertex   2.072738e+02 8.508051e+01 1.000000e+00
      vertex   2.036942e+02 8.327465e+01 1.000000e+00
      vertex   2.081481e+02 8.340517e+01 1.000000e+00
    endloop
  endfacet
  facet normal 0.000000e+00 0.000000e+00 1.000000e+00
    outer loop
      vertex   2.081481e+02 8.340517e+01 1.000000e+00
      vertex   2.036942e+02 8.327465e+01 1.000000e+00
      vertex   2.044856e+02 8.179460e+01 1.000000e+00
    endloop
  endfacet
  facet normal 0.000000e+00 0.000000e+00 1.000000e+00
    outer loop
      vertex   2.081481e+02 8.340517e+01 1.000000e+00
      vertex   2.044856e+02 8.179460e+01 1.000000e+00
      vertex   2.088604e+02 8.165480e+01 1.000000e+00
    endloop
  endfacet
  facet normal 0.000000e+00 0.000000e+00 1.000000e+00
    outer loop
      vertex   2.088604e+02 8.165480e+01 1.000000e+00
      vertex   2.044856e+02 8.179460e+01 1.000000e+00
      vertex   2.051177e+02 8.023979e+01 1.000000e+00
    endloop
  endfacet
  facet normal 0.000000e+00 0.000000e+00 1.000000e+00
    outer loop
      vertex   2.088604e+02 8.165480e+01 1.000000e+00
      vertex   2.051177e+02 8.023979e+01 1.000000e+00
      vertex   2.094043e+02 7.984501e+01 1.000000e+00
    endloop
  endfacet
  facet normal 0.000000e+00 0.000000e+00 1.000000e+00
    outer loop
      vertex   2.094043e+02 7.984501e+01 1.000000e+00
      vertex   2.051177e+02 8.023979e+01 1.000000e+00
      vertex   2.055834e+02 7.862732e+01 1.000000e+00
    endloop
  endfacet
  facet normal 0.000000e+00 0.000000e+00 1.000000e+00
    outer loop
      vertex   2.094043e+02 7.984501e+01 1.000000e+00
      vertex   2.055834e+02 7.862732e+01 1.000000e+00
      vertex   2.097749e+02 7.799196e+01 1.000000e+00
    endloop
  endfacet
  facet normal 0.000000e+00 0.000000e+00 1.000000e+00
    outer loop
      vertex   2.097749e+02 7.799196e+01 1.000000e+00
      vertex   2.055834e+02 7.862732e+01 1.000000e+00
      vertex   2.058776e+02 7.697493e+01 1.000000e+00
    endloop
  endfacet
  facet normal 0.000000e+00 0.000000e+00 1.000000e+00
    outer loop
      vertex   2.097749e+02 7.799196e+01 1.000000e+00
      vertex   2.058776e+02 7.697493e+01 1.000000e+00
      vertex   2.099691e+02 7.611221e+01 1.000000e+00
    endloop
  endfacet
  facet normal 0.000000e+00 0.000000e+00 1.000000e+00
    outer loop
      vertex   2.099691e+02 7.611221e+01 1.000000e+00
      vertex   2.058776e+02 7.697493e+01 1.000000e+00
      vertex   2.059972e+02 7.530081e+01 1.000000e+00
    endloop
  endfacet
  facet normal 0.000000e+00 0.000000e+00 1.000000e+00
    outer loop
      vertex   2.099691e+02 7.611221e+01 1.000000e+00
      vertex   2.059972e+02 7.530081e+01 1.000000e+00
      vertex   2.099849e+02 7.422252e+01 1.000000e+00
    endloop
  endfacet
  facet normal 0.000000e+00 0.000000e+00 1.000000e+00
    outer loop
      vertex   2.099849e+02 7.422252e+01 1.000000e+00
      vertex   2.059972e+02 7.530081e+01 1.000000e+00
      vertex   2.059407e+02 7.362338e+01 1.000000e+00
    endloop
  endfacet
  facet normal 0.000000e+00 0.000000e+00 1.000000e+00
    outer loop
      vertex   2.099849e+02 7.422252e+01 1.000000e+00
      vertex   2.059407e+02 7.362338e+01 1.000000e+00
      vertex   2.098223e+02 7.233978e+01 1.000000e+00
    endloop
  endfacet
  facet normal 0.000000e+00 0.000000e+00 1.000000e+00
    outer loop
      vertex   2.098223e+02 7.233978e+01 1.000000e+00
      vertex   2.059407e+02 7.362338e+01 1.000000e+00
      vertex   2.057088e+02 7.196110e+01 1.000000e+00
    endloop
  endfacet
  facet normal 0.000000e+00 0.000000e+00 1.000000e+00
    outer loop
      vertex   2.098223e+02 7.233978e+01 1.000000e+00
      vertex   2.057088e+02 7.196110e+01 1.000000e+00
      vertex   2.094827e+02 7.048078e+01 1.000000e+00
    endloop
  endfacet
  facet normal 0.000000e+00 0.000000e+00 1.000000e+00
    outer loop
      vertex   2.094827e+02 7.048078e+01 1.000000e+00
      vertex   2.057088e+02 7.196110e+01 1.000000e+00
      vertex   2.053040e+02 7.033226e+01 1.000000e+00
    endloop
  endfacet
  facet normal 0.000000e+00 0.000000e+00 1.000000e+00
    outer loop
      vertex   2.094827e+02 7.048078e+01 1.000000e+00
      vertex   2.053040e+02 7.033226e+01 1.000000e+00
      vertex   2.089692e+02 6.866213e+01 1.000000e+00
    endloop
  endfacet
  facet normal 0.000000e+00 0.000000e+00 1.000000e+00
    outer loop
      vertex   2.089692e+02 6.866213e+01 1.000000e+00
      vertex   2.053040e+02 7.033226e+01 1.000000e+00
      vertex   2.047308e+02 6.875478e+01 1.000000e+00
    endloop
  endfacet
  facet normal 0.000000e+00 0.000000e+00 1.000000e+00
    outer loop
      vertex   2.089692e+02 6.866213e+01 1.000000e+00
      vertex   2.047308e+02 6.875478e+01 1.000000e+00
      vertex   2.082864e+02 6.690007e+01 1.000000e+00
    endloop
  endfacet
  facet normal 0.000000e+00 0.000000e+00 1.000000e+00
    outer loop
      vertex   2.082864e+02 6.690007e+01 1.000000e+00
      vertex   2.047308e+02 6.875478e+01 1.000000e+00
      vertex   2.039956e+02 6.724602e+01 1.000000e+00
    endloop
  endfacet
  facet normal 0.000000e+00 0.000000e+00 1.000000e+00
    outer loop
      vertex   2.082864e+02 6.690007e+01 1.000000e+00
      vertex   2.039956e+02 6.724602e+01 1.000000e+00
      vertex   2.074402e+02 6.521032e+01 1.000000e+00
    endloop
  endfacet
  facet normal 0.000000e+00 0.000000e+00 1.000000e+00
    outer loop
      vertex   2.074402e+02 6.521032e+01 1.000000e+00
      vertex   2.039956e+02 6.724602e+01 1.000000e+00
      vertex   2.031063e+02 6.582259e+01 1.000000e+00
    endloop
  endfacet
  facet normal 0.000000e+00 0.000000e+00 1.000000e+00
    outer loop
      vertex   2.074402e+02 6.521032e+01 1.000000e+00
      vertex   2.031063e+02 6.582259e+01 1.000000e+00
      vertex   2.064384e+02 6.360797e+01 1.000000e+00
    endloop
  endfacet
  facet normal 0.000000e+00 0.000000e+00 1.000000e+00
    outer loop
      vertex   2.064384e+02 6.360797e+01 1.000000e+00
      vertex   2.031063e+02 6.582259e+01 1.000000e+00
      vertex   2.020728e+02 6.450014e+01 1.000000e+00
    endloop
  endfacet
  facet normal 0.000000e+00 0.000000e+00 1.000000e+00
    outer loop
      vertex   1.948646e+02 1.033754e+02 1.000000e+00
      vertex   1.948523e+02 1.037288e+02 1.000000e+00
      vertex   1.933698e+02 1.050000e+02 1.000000e+00
    endloop
  endfacet
  facet normal 0.000000e+00 0.000000e+00 1.000000e+00
    outer loop
      vertex   1.933698e+02 1.050000e+02 1.000000e+00
      vertex   1.948523e+02 1.037288e+02 1.000000e+00
      vertex   1.947575e+02 1.040695e+02 1.000000e+00
    endloop
  endfacet
  facet normal 0.000000e+00 0.000000e+00 1.000000e+00
    outer loop
      vertex   1.933698e+02 1.050000e+02 1.000000e+00
      vertex   1.947575e+02 1.040695e+02 1.000000e+00
      vertex   1.945856e+02 1.043785e+02 1.000000e+00
    endloop
  endfacet
  facet normal 0.000000e+00 0.000000e+00 1.000000e+00
    outer loop
      vertex   1.945856e+02 1.043785e+02 1.000000e+00
      vertex   1.943462e+02 1.046387e+02 1.000000e+00
      vertex   1.933698e+02 1.050000e+02 1.000000e+00
    endloop
  endfacet
  facet normal 0.000000e+00 0.000000e+00 1.000000e+00
    outer loop
      vertex   1.933698e+02 1.050000e+02 1.000000e+00
      vertex   1.943462e+02 1.046387e+02 1.000000e+00
      vertex   1.940525e+02 1.048356e+02 1.000000e+00
    endloop
  endfacet
  facet normal 0.000000e+00 0.000000e+00 1.000000e+00
    outer loop
      vertex   1.933698e+02 1.050000e+02 1.000000e+00
      vertex   1.940525e+02 1.048356e+02 1.000000e+00
      vertex   1.937209e+02 1.049583e+02 1.000000e+00
    endloop
  endfacet
  facet normal -0.000000e+00 0.000000e+00 1.000000e+00
    outer loop
      vertex   1.462791e+02 1.049583e+02 1.000000e+00
      vertex   1.459475e+02 1.048356e+02 1.000000e+00
      vertex   1.466302e+02 1.050000e+02 1.000000e+00
    endloop
  endfacet
  facet normal 0.000000e+00 0.000000e+00 1.000000e+00
    outer loop
      vertex   1.466302e+02 1.050000e+02 1.000000e+00
      vertex   1.459475e+02 1.048356e+02 1.000000e+00
      vertex   1.456538e+02 1.046387e+02 1.000000e+00
    endloop
  endfacet
  facet normal 0.000000e+00 0.000000e+00 1.000000e+00
    outer loop
      vertex   1.466302e+02 1.050000e+02 1.000000e+00
      vertex   1.456538e+02 1.046387e+02 1.000000e+00
      vertex   1.454144e+02 1.043785e+02 1.000000e+00
    endloop
  endfacet
  facet normal -0.000000e+00 0.000000e+00 1.000000e+00
    outer loop
      vertex   1.454144e+02 1.043785e+02 1.000000e+00
      vertex   1.452425e+02 1.040695e+02 1.000000e+00
      vertex   1.466302e+02 1.050000e+02 1.000000e+00
    endloop
  endfacet
  facet normal 0.000000e+00 0.000000e+00 1.000000e+00
    outer loop
      vertex   1.466302e+02 1.050000e+02 1.000000e+00
      vertex   1.452425e+02 1.040695e+02 1.000000e+00
      vertex   1.451478e+02 1.037288e+02 1.000000e+00
    endloop
  endfacet
  facet normal 0.000000e+00 0.000000e+00 1.000000e+00
    outer loop
      vertex   1.466302e+02 1.050000e+02 1.000000e+00
      vertex   1.451478e+02 1.037288e+02 1.000000e+00
      vertex   1.451354e+02 1.033754e+02 1.000000e+00
    endloop
  endfacet
  facet normal -0.000000e+00 0.000000e+00 1.000000e+00
    outer loop
      vertex   1.501395e+02 4.654022e+01 1.000000e+00
      vertex   1.505064e+02 4.602025e+01 1.000000e+00
      vertex   1.537249e+02 4.923152e+01 1.000000e+00
    endloop
  endfacet
  facet normal 0.000000e+00 0.000000e+00 1.000000e+00
    outer loop
      vertex   1.537249e+02 4.923152e+01 1.000000e+00
      vertex   1.505064e+02 4.602025e+01 1.000000e+00
      vertex   1.509747e+02 4.558936e+01 1.000000e+00
    endloop
  endfacet
  facet normal -0.000000e+00 0.000000e+00 1.000000e+00
    outer loop
      vertex   1.521276e+02 4.506749e+01 1.000000e+00
      vertex   1.527604e+02 4.500000e+01 1.000000e+00
      vertex   1.539182e+02 4.910523e+01 1.000000e+00
    endloop
  endfacet
  facet normal 0.000000e+00 -0.000000e+00 1.000000e+00
    outer loop
      vertex   1.884767e+02 4.526694e+01 1.000000e+00
      vertex   1.890253e+02 4.558936e+01 1.000000e+00
      vertex   1.860818e+02 4.910523e+01 1.000000e+00
    endloop
  endfacet
  facet normal 0.000000e+00 -0.000000e+00 1.000000e+00
    outer loop
      vertex   1.898605e+02 4.654022e+01 1.000000e+00
      vertex   1.901094e+02 4.712588e+01 1.000000e+00
      vertex   1.862751e+02 4.923152e+01 1.000000e+00
    endloop
  endfacet
  facet normal 0.000000e+00 0.000000e+00 1.000000e+00
    outer loop
      vertex   1.862751e+02 4.923152e+01 1.000000e+00
      vertex   1.901094e+02 4.712588e+01 1.000000e+00
      vertex   1.902292e+02 4.775086e+01 1.000000e+00
    endloop
  endfacet
  facet normal 0.000000e+00 -0.000000e+00 1.000000e+00
    outer loop
      vertex   1.914785e+02 5.454708e+01 1.000000e+00
      vertex   1.916137e+02 5.476645e+01 1.000000e+00
      vertex   1.876958e+02 5.609576e+01 1.000000e+00
    endloop
  endfacet
  facet normal 0.000000e+00 0.000000e+00 1.000000e+00
    outer loop
      vertex   1.876958e+02 5.609576e+01 1.000000e+00
      vertex   1.916137e+02 5.476645e+01 1.000000e+00
      vertex   1.918004e+02 5.494399e+01 1.000000e+00
    endloop
  endfacet
  facet normal 0.000000e+00 0.000000e+00 1.000000e+00
    outer loop
      vertex   1.876958e+02 5.609576e+01 1.000000e+00
      vertex   1.918004e+02 5.494399e+01 1.000000e+00
      vertex   1.920264e+02 5.506791e+01 1.000000e+00
    endloop
  endfacet
  facet normal 0.000000e+00 -0.000000e+00 1.000000e+00
    outer loop
      vertex   1.937209e+02 1.049583e+02 2.000000e+00
      vertex   2.150000e+02 1.250000e+02 2.000000e+00
      vertex   1.933698e+02 1.050000e+02 2.000000e+00
    endloop
  endfacet
  facet normal 0.000000e+00 -0.000000e+00 1.000000e+00
    outer loop
      vertex   1.933698e+02 1.050000e+02 2.000000e+00
      vertex   2.150000e+02 1.250000e+02 2.000000e+00
      vertex   1.350000e+02 1.250000e+02 2.000000e+00
    endloop
  endfacet
  facet normal 0.000000e+00 0.000000e+00 1.000000e+00
    outer loop
      vertex   1.933698e+02 1.050000e+02 2.000000e+00
      vertex   1.350000e+02 1.250000e+02 2.000000e+00
      vertex   1.466302e+02 1.050000e+02 2.000000e+00
    endloop
  endfacet
  facet normal 0.000000e+00 0.000000e+00 1.000000e+00
    outer loop
      vertex   1.466302e+02 1.050000e+02 2.000000e+00
      vertex   1.350000e+02 1.250000e+02 2.000000e+00
      vertex   1.462791e+02 1.049583e+02 2.000000e+00
    endloop
  endfacet
  facet normal 0.000000e+00 0.000000e+00 1.000000e+00
    outer loop
      vertex   1.462791e+02 1.049583e+02 2.000000e+00
      vertex   1.350000e+02 1.250000e+02 2.000000e+00
      vertex   1.459475e+02 1.048356e+02 2.000000e+00
    endloop
  endfacet
  facet normal 0.000000e+00 0.000000e+00 1.000000e+00
    outer loop
      vertex   1.459475e+02 1.048356e+02 2.000000e+00
      vertex   1.350000e+02 1.250000e+02 2.000000e+00
      vertex   1.456538e+02 1.046387e+02 2.000000e+00
    endloop
  endfacet
  facet normal 0.000000e+00 0.000000e+00 1.000000e+00
    outer loop
      vertex   1.456538e+02 1.046387e+02 2.000000e+00
      vertex   1.350000e+02 1.250000e+02 2.000000e+00
      vertex   1.250000e+02 1.150000e+02 2.000000e+00
    endloop
  endfacet
  facet normal 0.000000e+00 0.000000e+00 1.000000e+00
    outer loop
      vertex   1.456538e+02 1.046387e+02 2.000000e+00
      vertex   1.250000e+02 1.150000e+02 2.000000e+00
      vertex   1.454144e+02 1.043785e+02 2.000000e+00
    endloop
  endfacet
  facet normal 0.000000e+00 0.000000e+00 1.000000e+00
    outer loop
      vertex   1.454144e+02 1.043785e+02 2.000000e+00
      vertex   1.250000e+02 1.150000e+02 2.000000e+00
      vertex   1.452425e+02 1.040695e+02 2.000000e+00
    endloop
  endfacet
  facet normal 0.000000e+00 0.000000e+00 1.000000e+00
    outer loop
      vertex   1.452425e+02 1.040695e+02 2.000000e+00
      vertex   1.250000e+02 1.150000e+02 2.000000e+00
      vertex   1.451478e+02 1.037288e+02 2.000000e+00
    endloop
  endfacet
  facet normal 0.000000e+00 0.000000e+00 1.000000e+00
    outer loop
      vertex   1.451478e+02 1.037288e+02 2.000000e+00
      vertex   1.250000e+02 1.150000e+02 2.000000e+00
      vertex   1.451354e+02 1.033754e+02 2.000000e+00
    endloop
  endfacet
  facet normal 0.000000e+00 0.000000e+00 1.000000e+00
    outer loop
      vertex   1.451354e+02 1.033754e+02 2.000000e+00
      vertex   1.250000e+02 1.150000e+02 2.000000e+00
      vertex   1.450608e+02 9.716224e+01 2.000000e+00
    endloop
  endfacet
  facet normal 0.000000e+00 0.000000e+00 1.000000e+00
    outer loop
      vertex   1.450608e+02 9.716224e+01 2.000000e+00
      vertex   1.250000e+02 1.150000e+02 2.000000e+00
      vertex   1.451339e+02 9.094902e+01 2.000000e+00
    endloop
  endfacet
  facet normal 0.000000e+00 0.000000e+00 1.000000e+00
    outer loop
      vertex   1.451339e+02 9.094902e+01 2.000000e+00
      vertex   1.250000e+02 1.150000e+02 2.000000e+00
      vertex   1.453549e+02 8.473931e+01 2.000000e+00
    endloop
  endfacet
  facet normal 0.000000e+00 0.000000e+00 1.000000e+00
    outer loop
      vertex   1.453549e+02 8.473931e+01 2.000000e+00
      vertex   1.250000e+02 1.150000e+02 2.000000e+00
      vertex   1.457235e+02 7.853660e+01 2.000000e+00
    endloop
  endfacet
  facet normal 0.000000e+00 0.000000e+00 1.000000e+00
    outer loop
      vertex   1.457235e+02 7.853660e+01 2.000000e+00
      vertex   1.250000e+02 1.150000e+02 2.000000e+00
      vertex   1.250000e+02 3.500000e+01 2.000000e+00
    endloop
  endfacet
  facet normal 0.000000e+00 0.000000e+00 1.000000e+00
    outer loop
      vertex   1.457235e+02 7.853660e+01 2.000000e+00
      vertex   1.250000e+02 3.500000e+01 2.000000e+00
      vertex   1.462395e+02 7.234442e+01 2.000000e+00
    endloop
  endfacet
  facet normal 0.000000e+00 0.000000e+00 1.000000e+00
    outer loop
      vertex   1.462395e+02 7.234442e+01 2.000000e+00
      vertex   1.250000e+02 3.500000e+01 2.000000e+00
      vertex   1.469026e+02 6.616627e+01 2.000000e+00
    endloop
  endfacet
  facet normal 0.000000e+00 0.000000e+00 1.000000e+00
    outer loop
      vertex   1.469026e+02 6.616627e+01 2.000000e+00
      vertex   1.250000e+02 3.500000e+01 2.000000e+00
      vertex   1.477125e+02 6.000563e+01 2.000000e+00
    endloop
  endfacet
  facet normal 0.000000e+00 0.000000e+00 1.000000e+00
    outer loop
      vertex   1.477125e+02 6.000563e+01 2.000000e+00
      vertex   1.250000e+02 3.500000e+01 2.000000e+00
      vertex   1.486688e+02 5.386601e+01 2.000000e+00
    endloop
  endfacet
  facet normal 0.000000e+00 0.000000e+00 1.000000e+00
    outer loop
      vertex   1.486688e+02 5.386601e+01 2.000000e+00
      vertex   1.250000e+02 3.500000e+01 2.000000e+00
      vertex   1.497708e+02 4.775086e+01 2.000000e+00
    endloop
  endfacet
  facet normal 0.000000e+00 0.000000e+00 1.000000e+00
    outer loop
      vertex   1.497708e+02 4.775086e+01 2.000000e+00
      vertex   1.250000e+02 3.500000e+01 2.000000e+00
      vertex   1.498906e+02 4.712588e+01 2.000000e+00
    endloop
  endfacet
  facet normal 0.000000e+00 0.000000e+00 1.000000e+00
    outer loop
      vertex   1.498906e+02 4.712588e+01 2.000000e+00
      vertex   1.250000e+02 3.500000e+01 2.000000e+00
      vertex   1.501395e+02 4.654022e+01 2.000000e+00
    endloop
  endfacet
  facet normal 0.000000e+00 0.000000e+00 1.000000e+00
    outer loop
      vertex   1.501395e+02 4.654022e+01 2.000000e+00
      vertex   1.250000e+02 3.500000e+01 2.000000e+00
      vertex   1.350000e+02 2.500000e+01 2.000000e+00
    endloop
  endfacet
  facet normal 0.000000e+00 0.000000e+00 1.000000e+00
    outer loop
      vertex   1.501395e+02 4.654022e+01 2.000000e+00
      vertex   1.350000e+02 2.500000e+01 2.000000e+00
      vertex   1.505064e+02 4.602025e+01 2.000000e+00
    endloop
  endfacet
  facet normal 0.000000e+00 0.000000e+00 1.000000e+00
    outer loop
      vertex   1.505064e+02 4.602025e+01 2.000000e+00
      vertex   1.350000e+02 2.500000e+01 2.000000e+00
      vertex   1.509747e+02 4.558936e+01 2.000000e+00
    endloop
  endfacet
  facet normal 0.000000e+00 0.000000e+00 1.000000e+00
    outer loop
      vertex   1.509747e+02 4.558936e+01 2.000000e+00
      vertex   1.350000e+02 2.500000e+01 2.000000e+00
      vertex   1.515233e+02 4.526694e+01 2.000000e+00
    endloop
  endfacet
  facet normal 0.000000e+00 0.000000e+00 1.000000e+00
    outer loop
      vertex   1.515233e+02 4.526694e+01 2.000000e+00
      vertex   1.350000e+02 2.500000e+01 2.000000e+00
      vertex   1.521276e+02 4.506749e+01 2.000000e+00
    endloop
  endfacet
  facet normal 0.000000e+00 0.000000e+00 1.000000e+00
    outer loop
      vertex   1.521276e+02 4.506749e+01 2.000000e+00
      vertex   1.350000e+02 2.500000e+01 2.000000e+00
      vertex   1.527604e+02 4.500000e+01 2.000000e+00
    endloop
  endfacet
  facet normal 0.000000e+00 0.000000e+00 1.000000e+00
    outer loop
      vertex   1.527604e+02 4.500000e+01 2.000000e+00
      vertex   1.350000e+02 2.500000e+01 2.000000e+00
      vertex   1.872396e+02 4.500000e+01 2.000000e+00
    endloop
  endfacet
  facet normal 0.000000e+00 0.000000e+00 1.000000e+00
    outer loop
      vertex   1.872396e+02 4.500000e+01 2.000000e+00
      vertex   1.350000e+02 2.500000e+01 2.000000e+00
      vertex   2.150000e+02 2.500000e+01 2.000000e+00
    endloop
  endfacet
  facet normal -0.000000e+00 0.000000e+00 1.000000e+00
    outer loop
      vertex   1.872396e+02 4.500000e+01 2.000000e+00
      vertex   2.150000e+02 2.500000e+01 2.000000e+00
      vertex   1.878724e+02 4.506749e+01 2.000000e+00
    endloop
  endfacet
  facet normal -0.000000e+00 0.000000e+00 1.000000e+00
    outer loop
      vertex   1.878724e+02 4.506749e+01 2.000000e+00
      vertex   2.150000e+02 2.500000e+01 2.000000e+00
      vertex   1.884767e+02 4.526694e+01 2.000000e+00
    endloop
  endfacet
  facet normal -0.000000e+00 0.000000e+00 1.000000e+00
    outer loop
      vertex   1.884767e+02 4.526694e+01 2.000000e+00
      vertex   2.150000e+02 2.500000e+01 2.000000e+00
      vertex   1.890253e+02 4.558936e+01 2.000000e+00
    endloop
  endfacet
  facet normal -0.000000e+00 0.000000e+00 1.000000e+00
    outer loop
      vertex   1.890253e+02 4.558936e+01 2.000000e+00
      vertex   2.150000e+02 2.500000e+01 2.000000e+00
      vertex   1.894936e+02 4.602025e+01 2.000000e+00
    endloop
  endfacet
  facet normal -0.000000e+00 0.000000e+00 1.000000e+00
    outer loop
      vertex   1.894936e+02 4.602025e+01 2.000000e+00
      vertex   2.150000e+02 2.500000e+01 2.000000e+00
      vertex   1.898605e+02 4.654022e+01 2.000000e+00
    endloop
  endfacet
  facet normal -0.000000e+00 0.000000e+00 1.000000e+00
    outer loop
      vertex   1.898605e+02 4.654022e+01 2.000000e+00
      vertex   2.150000e+02 2.500000e+01 2.000000e+00
      vertex   1.901094e+02 4.712588e+01 2.000000e+00
    endloop
  endfacet
  facet normal -0.000000e+00 0.000000e+00 1.000000e+00
    outer loop
      vertex   1.901094e+02 4.712588e+01 2.000000e+00
      vertex   2.150000e+02 2.500000e+01 2.000000e+00
      vertex   1.994506e+02 5.737373e+01 2.000000e+00
    endloop
  endfacet
  facet normal 0.000000e+00 0.000000e+00 1.000000e+00
    outer loop
      vertex   1.901094e+02 4.712588e+01 2.000000e+00
      vertex   1.994506e+02 5.737373e+01 2.000000e+00
      vertex   1.977449e+02 5.656044e+01 2.000000e+00
    endloop
  endfacet
  facet normal -0.000000e+00 0.000000e+00 1.000000e+00
    outer loop
      vertex   1.937209e+02 1.049583e+02 2.000000e+00
      vertex   1.940525e+02 1.048356e+02 2.000000e+00
      vertex   2.150000e+02 1.250000e+02 2.000000e+00
    endloop
  endfacet
  facet normal 0.000000e+00 0.000000e+00 1.000000e+00
    outer loop
      vertex   2.150000e+02 1.250000e+02 2.000000e+00
      vertex   1.940525e+02 1.048356e+02 2.000000e+00
      vertex   1.943462e+02 1.046387e+02 2.000000e+00
    endloop
  endfacet
  facet normal 0.000000e+00 0.000000e+00 1.000000e+00
    outer loop
      vertex   2.150000e+02 1.250000e+02 2.000000e+00
      vertex   1.943462e+02 1.046387e+02 2.000000e+00
      vertex   1.945856e+02 1.043785e+02 2.000000e+00
    endloop
  endfacet
  facet normal -0.000000e+00 0.000000e+00 1.000000e+00
    outer loop
      vertex   1.945856e+02 1.043785e+02 2.000000e+00
      vertex   1.947575e+02 1.040695e+02 2.000000e+00
      vertex   2.150000e+02 1.250000e+02 2.000000e+00
    endloop
  endfacet
  facet normal 0.000000e+00 0.000000e+00 1.000000e+00
    outer loop
      vertex   2.150000e+02 1.250000e+02 2.000000e+00
      vertex   1.947575e+02 1.040695e+02 2.000000e+00
      vertex   2.250000e+02 1.150000e+02 2.000000e+00
    endloop
  endfacet
  facet normal 0.000000e+00 0.000000e+00 1.000000e+00
    outer loop
      vertex   2.150000e+02 1.250000e+02 2.000000e+00
      vertex   2.250000e+02 1.150000e+02 2.000000e+00
      vertex   2.249144e+02 1.163053e+02 2.000000e+00
    endloop
  endfacet
  facet normal -0.000000e+00 0.000000e+00 1.000000e+00
    outer loop
      vertex   1.947575e+02 1.040695e+02 2.000000e+00
      vertex   1.948523e+02 1.037288e+02 2.000000e+00
      vertex   2.250000e+02 1.150000e+02 2.000000e+00
    endloop
  endfacet
  facet normal 0.000000e+00 0.000000e+00 1.000000e+00
    outer loop
      vertex   2.250000e+02 1.150000e+02 2.000000e+00
      vertex   1.948523e+02 1.037288e+02 2.000000e+00
      vertex   2.023326e+02 9.074510e+01 2.000000e+00
    endloop
  endfacet
  facet normal 0.000000e+00 0.000000e+00 1.000000e+00
    outer loop
      vertex   2.250000e+02 1.150000e+02 2.000000e+00
      vertex   2.023326e+02 9.074510e+01 2.000000e+00
      vertex   2.037636e+02 8.951084e+01 2.000000e+00
    endloop
  endfacet
  facet normal 0.000000e+00 0.000000e+00 1.000000e+00
    outer loop
      vertex   2.023326e+02 9.074510e+01 2.000000e+00
      vertex   1.948523e+02 1.037288e+02 2.000000e+00
      vertex   2.007915e+02 9.183878e+01 2.000000e+00
    endloop
  endfacet
  facet normal 0.000000e+00 0.000000e+00 1.000000e+00
    outer loop
      vertex   2.007915e+02 9.183878e+01 2.000000e+00
      vertex   1.948523e+02 1.037288e+02 2.000000e+00
      vertex   1.948646e+02 1.033754e+02 2.000000e+00
    endloop
  endfacet
  facet normal 0.000000e+00 0.000000e+00 1.000000e+00
    outer loop
      vertex   2.007915e+02 9.183878e+01 2.000000e+00
      vertex   1.948646e+02 1.033754e+02 2.000000e+00
      vertex   1.949158e+02 1.006347e+02 2.000000e+00
    endloop
  endfacet
  facet normal 0.000000e+00 0.000000e+00 1.000000e+00
    outer loop
      vertex   2.007915e+02 9.183878e+01 2.000000e+00
      vertex   1.949158e+02 1.006347e+02 2.000000e+00
      vertex   1.991540e+02 9.278214e+01 2.000000e+00
    endloop
  endfacet
  facet normal 0.000000e+00 0.000000e+00 1.000000e+00
    outer loop
      vertex   1.991540e+02 9.278214e+01 2.000000e+00
      vertex   1.949158e+02 1.006347e+02 2.000000e+00
      vertex   1.949381e+02 9.789361e+01 2.000000e+00
    endloop
  endfacet
  facet normal 0.000000e+00 0.000000e+00 1.000000e+00
    outer loop
      vertex   1.991540e+02 9.278214e+01 2.000000e+00
      vertex   1.949381e+02 9.789361e+01 2.000000e+00
      vertex   1.974348e+02 9.356673e+01 2.000000e+00
    endloop
  endfacet
  facet normal 0.000000e+00 0.000000e+00 1.000000e+00
    outer loop
      vertex   1.974348e+02 9.356673e+01 2.000000e+00
      vertex   1.949381e+02 9.789361e+01 2.000000e+00
      vertex   1.949318e+02 9.515242e+01 2.000000e+00
    endloop
  endfacet
  facet normal 0.000000e+00 0.000000e+00 1.000000e+00
    outer loop
      vertex   1.974348e+02 9.356673e+01 2.000000e+00
      vertex   1.949318e+02 9.515242e+01 2.000000e+00
      vertex   1.956493e+02 9.418556e+01 2.000000e+00
    endloop
  endfacet
  facet normal 0.000000e+00 0.000000e+00 1.000000e+00
    outer loop
      vertex   1.956493e+02 9.418556e+01 2.000000e+00
      vertex   1.949318e+02 9.515242e+01 2.000000e+00
      vertex   1.954135e+02 9.428959e+01 2.000000e+00
    endloop
  endfacet
  facet normal 0.000000e+00 0.000000e+00 1.000000e+00
    outer loop
      vertex   1.954135e+02 9.428959e+01 2.000000e+00
      vertex   1.949318e+02 9.515242e+01 2.000000e+00
      vertex   1.952122e+02 9.445041e+01 2.000000e+00
    endloop
  endfacet
  facet normal 0.000000e+00 0.000000e+00 1.000000e+00
    outer loop
      vertex   1.952122e+02 9.445041e+01 2.000000e+00
      vertex   1.949318e+02 9.515242e+01 2.000000e+00
      vertex   1.950586e+02 9.465734e+01 2.000000e+00
    endloop
  endfacet
  facet normal 0.000000e+00 0.000000e+00 1.000000e+00
    outer loop
      vertex   1.950586e+02 9.465734e+01 2.000000e+00
      vertex   1.949318e+02 9.515242e+01 2.000000e+00
      vertex   1.949630e+02 9.489664e+01 2.000000e+00
    endloop
  endfacet
  facet normal -0.000000e+00 0.000000e+00 1.000000e+00
    outer loop
      vertex   2.037636e+02 8.951084e+01 2.000000e+00
      vertex   2.050717e+02 8.814703e+01 2.000000e+00
      vertex   2.250000e+02 1.150000e+02 2.000000e+00
    endloop
  endfacet
  facet normal 0.000000e+00 0.000000e+00 1.000000e+00
    outer loop
      vertex   2.250000e+02 1.150000e+02 2.000000e+00
      vertex   2.050717e+02 8.814703e+01 2.000000e+00
      vertex   2.062453e+02 8.666584e+01 2.000000e+00
    endloop
  endfacet
  facet normal 0.000000e+00 0.000000e+00 1.000000e+00
    outer loop
      vertex   2.250000e+02 1.150000e+02 2.000000e+00
      vertex   2.062453e+02 8.666584e+01 2.000000e+00
      vertex   2.072738e+02 8.508051e+01 2.000000e+00
    endloop
  endfacet
  facet normal -0.000000e+00 0.000000e+00 1.000000e+00
    outer loop
      vertex   2.072738e+02 8.508051e+01 2.000000e+00
      vertex   2.081481e+02 8.340517e+01 2.000000e+00
      vertex   2.250000e+02 1.150000e+02 2.000000e+00
    endloop
  endfacet
  facet normal 0.000000e+00 0.000000e+00 1.000000e+00
    outer loop
      vertex   2.250000e+02 1.150000e+02 2.000000e+00
      vertex   2.081481e+02 8.340517e+01 2.000000e+00
      vertex   2.088604e+02 8.165480e+01 2.000000e+00
    endloop
  endfacet
  facet normal 0.000000e+00 0.000000e+00 1.000000e+00
    outer loop
      vertex   2.250000e+02 1.150000e+02 2.000000e+00
      vertex   2.088604e+02 8.165480e+01 2.000000e+00
      vertex   2.094043e+02 7.984501e+01 2.000000e+00
    endloop
  endfacet
  facet normal -0.000000e+00 0.000000e+00 1.000000e+00
    outer loop
      vertex   2.094043e+02 7.984501e+01 2.000000e+00
      vertex   2.097749e+02 7.799196e+01 2.000000e+00
      vertex   2.250000e+02 1.150000e+02 2.000000e+00
    endloop
  endfacet
  facet normal 0.000000e+00 0.000000e+00 1.000000e+00
    outer loop
      vertex   2.250000e+02 1.150000e+02 2.000000e+00
      vertex   2.097749e+02 7.799196e+01 2.000000e+00
      vertex   2.099691e+02 7.611221e+01 2.000000e+00
    endloop
  endfacet
  facet normal 0.000000e+00 0.000000e+00 1.000000e+00
    outer loop
      vertex   2.250000e+02 1.150000e+02 2.000000e+00
      vertex   2.099691e+02 7.611221e+01 2.000000e+00
      vertex   2.099849e+02 7.422252e+01 2.000000e+00
    endloop
  endfacet
  facet normal 0.000000e+00 0.000000e+00 1.000000e+00
    outer loop
      vertex   2.250000e+02 1.150000e+02 2.000000e+00
      vertex   2.099849e+02 7.422252e+01 2.000000e+00
      vertex   2.250000e+02 3.500000e+01 2.000000e+00
    endloop
  endfacet
  facet normal 0.000000e+00 0.000000e+00 1.000000e+00
    outer loop
      vertex   2.250000e+02 3.500000e+01 2.000000e+00
      vertex   2.099849e+02 7.422252e+01 2.000000e+00
      vertex   2.098223e+02 7.233978e+01 2.000000e+00
    endloop
  endfacet
  facet normal 0.000000e+00 0.000000e+00 1.000000e+00
    outer loop
      vertex   2.250000e+02 3.500000e+01 2.000000e+00
      vertex   2.098223e+02 7.233978e+01 2.000000e+00
      vertex   2.094827e+02 7.048078e+01 2.000000e+00
    endloop
  endfacet
  facet normal 0.000000e+00 0.000000e+00 1.000000e+00
    outer loop
      vertex   2.094827e+02 7.048078e+01 2.000000e+00
      vertex   2.089692e+02 6.866213e+01 2.000000e+00
      vertex   2.250000e+02 3.500000e+01 2.000000e+00
    endloop
  endfacet
  facet normal 0.000000e+00 0.000000e+00 1.000000e+00
    outer loop
      vertex   2.250000e+02 3.500000e+01 2.000000e+00
      vertex   2.089692e+02 6.866213e+01 2.000000e+00
      vertex   2.082864e+02 6.690007e+01 2.000000e+00
    endloop
  endfacet
  facet normal 0.000000e+00 0.000000e+00 1.000000e+00
    outer loop
      vertex   2.250000e+02 3.500000e+01 2.000000e+00
      vertex   2.082864e+02 6.690007e+01 2.000000e+00
      vertex   2.074402e+02 6.521032e+01 2.000000e+00
    endloop
  endfacet
  facet normal 0.000000e+00 0.000000e+00 1.000000e+00
    outer loop
      vertex   2.074402e+02 6.521032e+01 2.000000e+00
      vertex   2.064384e+02 6.360797e+01 2.000000e+00
      vertex   2.250000e+02 3.500000e+01 2.000000e+00
    endloop
  endfacet
  facet normal 0.000000e+00 0.000000e+00 1.000000e+00
    outer loop
      vertex   2.250000e+02 3.500000e+01 2.000000e+00
      vertex   2.064384e+02 6.360797e+01 2.000000e+00
      vertex   2.052898e+02 6.210734e+01 2.000000e+00
    endloop
  endfacet
  facet normal 0.000000e+00 0.000000e+00 1.000000e+00
    outer loop
      vertex   2.250000e+02 3.500000e+01 2.000000e+00
      vertex   2.052898e+02 6.210734e+01 2.000000e+00
      vertex   2.040048e+02 6.072180e+01 2.000000e+00
    endloop
  endfacet
  facet normal 0.000000e+00 0.000000e+00 1.000000e+00
    outer loop
      vertex   2.040048e+02 6.072180e+01 2.000000e+00
      vertex   2.025946e+02 5.946374e+01 2.000000e+00
      vertex   2.250000e+02 3.500000e+01 2.000000e+00
    endloop
  endfacet
  facet normal 0.000000e+00 0.000000e+00 1.000000e+00
    outer loop
      vertex   2.250000e+02 3.500000e+01 2.000000e+00
      vertex   2.025946e+02 5.946374e+01 2.000000e+00
      vertex   2.010721e+02 5.834439e+01 2.000000e+00
    endloop
  endfacet
  facet normal 0.000000e+00 0.000000e+00 1.000000e+00
    outer loop
      vertex   2.250000e+02 3.500000e+01 2.000000e+00
      vertex   2.010721e+02 5.834439e+01 2.000000e+00
      vertex   1.994506e+02 5.737373e+01 2.000000e+00
    endloop
  endfacet
  facet normal 0.000000e+00 0.000000e+00 1.000000e+00
    outer loop
      vertex   1.901094e+02 4.712588e+01 2.000000e+00
      vertex   1.977449e+02 5.656044e+01 2.000000e+00
      vertex   1.902292e+02 4.775086e+01 2.000000e+00
    endloop
  endfacet
  facet normal 0.000000e+00 0.000000e+00 1.000000e+00
    outer loop
      vertex   1.902292e+02 4.775086e+01 2.000000e+00
      vertex   1.977449e+02 5.656044e+01 2.000000e+00
      vertex   1.959699e+02 5.591178e+01 2.000000e+00
    endloop
  endfacet
  facet normal 0.000000e+00 0.000000e+00 1.000000e+00
    outer loop
      vertex   1.902292e+02 4.775086e+01 2.000000e+00
      vertex   1.959699e+02 5.591178e+01 2.000000e+00
      vertex   1.906393e+02 4.993071e+01 2.000000e+00
    endloop
  endfacet
  facet normal 0.000000e+00 0.000000e+00 1.000000e+00
    outer loop
      vertex   1.906393e+02 4.993071e+01 2.000000e+00
      vertex   1.959699e+02 5.591178e+01 2.000000e+00
      vertex   1.941417e+02 5.543354e+01 2.000000e+00
    endloop
  endfacet
  facet normal 0.000000e+00 0.000000e+00 1.000000e+00
    outer loop
      vertex   1.906393e+02 4.993071e+01 2.000000e+00
      vertex   1.941417e+02 5.543354e+01 2.000000e+00
      vertex   1.910308e+02 5.211396e+01 2.000000e+00
    endloop
  endfacet
  facet normal 0.000000e+00 0.000000e+00 1.000000e+00
    outer loop
      vertex   1.910308e+02 5.211396e+01 2.000000e+00
      vertex   1.941417e+02 5.543354e+01 2.000000e+00
      vertex   1.922765e+02 5.512998e+01 2.000000e+00
    endloop
  endfacet
  facet normal 0.000000e+00 0.000000e+00 1.000000e+00
    outer loop
      vertex   1.910308e+02 5.211396e+01 2.000000e+00
      vertex   1.922765e+02 5.512998e+01 2.000000e+00
      vertex   1.914038e+02 5.430045e+01 2.000000e+00
    endloop
  endfacet
  facet normal 0.000000e+00 0.000000e+00 1.000000e+00
    outer loop
      vertex   1.914038e+02 5.430045e+01 2.000000e+00
      vertex   1.922765e+02 5.512998e+01 2.000000e+00
      vertex   1.914785e+02 5.454708e+01 2.000000e+00
    endloop
  endfacet
  facet normal 0.000000e+00 0.000000e+00 1.000000e+00
    outer loop
      vertex   1.914785e+02 5.454708e+01 2.000000e+00
      vertex   1.922765e+02 5.512998e+01 2.000000e+00
      vertex   1.916137e+02 5.476645e+01 2.000000e+00
    endloop
  endfacet
  facet normal 0.000000e+00 0.000000e+00 1.000000e+00
    outer loop
      vertex   1.916137e+02 5.476645e+01 2.000000e+00
      vertex   1.922765e+02 5.512998e+01 2.000000e+00
      vertex   1.918004e+02 5.494399e+01 2.000000e+00
    endloop
  endfacet
  facet normal 0.000000e+00 0.000000e+00 1.000000e+00
    outer loop
      vertex   1.918004e+02 5.494399e+01 2.000000e+00
      vertex   1.922765e+02 5.512998e+01 2.000000e+00
      vertex   1.920264e+02 5.506791e+01 2.000000e+00
    endloop
  endfacet
  facet normal -0.000000e+00 0.000000e+00 1.000000e+00
    outer loop
      vertex   1.336947e+02 1.249144e+02 2.000000e+00
      vertex   1.324118e+02 1.246593e+02 2.000000e+00
      vertex   1.350000e+02 1.250000e+02 2.000000e+00
    endloop
  endfacet
  facet normal 0.000000e+00 0.000000e+00 1.000000e+00
    outer loop
      vertex   1.350000e+02 1.250000e+02 2.000000e+00
      vertex   1.324118e+02 1.246593e+02 2.000000e+00
      vertex   1.311732e+02 1.242388e+02 2.000000e+00
    endloop
  endfacet
  facet normal 0.000000e+00 0.000000e+00 1.000000e+00
    outer loop
      vertex   1.350000e+02 1.250000e+02 2.000000e+00
      vertex   1.311732e+02 1.242388e+02 2.000000e+00
      vertex   1.300000e+02 1.236603e+02 2.000000e+00
    endloop
  endfacet
  facet normal -0.000000e+00 0.000000e+00 1.000000e+00
    outer loop
      vertex   1.300000e+02 1.236603e+02 2.000000e+00
      vertex   1.289124e+02 1.229335e+02 2.000000e+00
      vertex   1.350000e+02 1.250000e+02 2.000000e+00
    endloop
  endfacet
  facet normal 0.000000e+00 0.000000e+00 1.000000e+00
    outer loop
      vertex   1.350000e+02 1.250000e+02 2.000000e+00
      vertex   1.289124e+02 1.229335e+02 2.000000e+00
      vertex   1.279289e+02 1.220711e+02 2.000000e+00
    endloop
  endfacet
  facet normal 0.000000e+00 0.000000e+00 1.000000e+00
    outer loop
      vertex   1.350000e+02 1.250000e+02 2.000000e+00
      vertex   1.279289e+02 1.220711e+02 2.000000e+00
      vertex   1.270665e+02 1.210876e+02 2.000000e+00
    endloop
  endfacet
  facet normal -0.000000e+00 0.000000e+00 1.000000e+00
    outer loop
      vertex   1.270665e+02 1.210876e+02 2.000000e+00
      vertex   1.263397e+02 1.200000e+02 2.000000e+00
      vertex   1.350000e+02 1.250000e+02 2.000000e+00
    endloop
  endfacet
  facet normal 0.000000e+00 0.000000e+00 1.000000e+00
    outer loop
      vertex   1.350000e+02 1.250000e+02 2.000000e+00
      vertex   1.263397e+02 1.200000e+02 2.000000e+00
      vertex   1.257612e+02 1.188268e+02 2.000000e+00
    endloop
  endfacet
  facet normal 0.000000e+00 0.000000e+00 1.000000e+00
    outer loop
      vertex   1.350000e+02 1.250000e+02 2.000000e+00
      vertex   1.257612e+02 1.188268e+02 2.000000e+00
      vertex   1.253407e+02 1.175882e+02 2.000000e+00
    endloop
  endfacet
  facet normal -0.000000e+00 0.000000e+00 1.000000e+00
    outer loop
      vertex   1.253407e+02 1.175882e+02 2.000000e+00
      vertex   1.250856e+02 1.163053e+02 2.000000e+00
      vertex   1.350000e+02 1.250000e+02 2.000000e+00
    endloop
  endfacet
  facet normal 0.000000e+00 0.000000e+00 1.000000e+00
    outer loop
      vertex   1.350000e+02 1.250000e+02 2.000000e+00
      vertex   1.250856e+02 1.163053e+02 2.000000e+00
      vertex   1.250000e+02 1.150000e+02 2.000000e+00
    endloop
  endfacet
  facet normal -0.000000e+00 -0.000000e+00 1.000000e+00
    outer loop
      vertex   1.250856e+02 3.369474e+01 2.000000e+00
      vertex   1.253407e+02 3.241181e+01 2.000000e+00
      vertex   1.250000e+02 3.500000e+01 2.000000e+00
    endloop
  endfacet
  facet normal 0.000000e+00 0.000000e+00 1.000000e+00
    outer loop
      vertex   1.250000e+02 3.500000e+01 2.000000e+00
      vertex   1.253407e+02 3.241181e+01 2.000000e+00
      vertex   1.257612e+02 3.117317e+01 2.000000e+00
    endloop
  endfacet
  facet normal 0.000000e+00 0.000000e+00 1.000000e+00
    outer loop
      vertex   1.250000e+02 3.500000e+01 2.000000e+00
      vertex   1.257612e+02 3.117317e+01 2.000000e+00
      vertex   1.263397e+02 3.000000e+01 2.000000e+00
    endloop
  endfacet
  facet normal -0.000000e+00 -0.000000e+00 1.000000e+00
    outer loop
      vertex   1.263397e+02 3.000000e+01 2.000000e+00
      vertex   1.270665e+02 2.891239e+01 2.000000e+00
      vertex   1.250000e+02 3.500000e+01 2.000000e+00
    endloop
  endfacet
  facet normal 0.000000e+00 0.000000e+00 1.000000e+00
    outer loop
      vertex   1.250000e+02 3.500000e+01 2.000000e+00
      vertex   1.270665e+02 2.891239e+01 2.000000e+00
      vertex   1.279289e+02 2.792893e+01 2.000000e+00
    endloop
  endfacet
  facet normal 0.000000e+00 0.000000e+00 1.000000e+00
    outer loop
      vertex   1.250000e+02 3.500000e+01 2.000000e+00
      vertex   1.279289e+02 2.792893e+01 2.000000e+00
      vertex   1.289124e+02 2.706647e+01 2.000000e+00
    endloop
  endfacet
  facet normal -0.000000e+00 -0.000000e+00 1.000000e+00
    outer loop
      vertex   1.289124e+02 2.706647e+01 2.000000e+00
      vertex   1.300000e+02 2.633975e+01 2.000000e+00
      vertex   1.250000e+02 3.500000e+01 2.000000e+00
    endloop
  endfacet
  facet normal 0.000000e+00 0.000000e+00 1.000000e+00
    outer loop
      vertex   1.250000e+02 3.500000e+01 2.000000e+00
      vertex   1.300000e+02 2.633975e+01 2.000000e+00
      vertex   1.311732e+02 2.576120e+01 2.000000e+00
    endloop
  endfacet
  facet normal 0.000000e+00 0.000000e+00 1.000000e+00
    outer loop
      vertex   1.250000e+02 3.500000e+01 2.000000e+00
      vertex   1.311732e+02 2.576120e+01 2.000000e+00
      vertex   1.324118e+02 2.534074e+01 2.000000e+00
    endloop
  endfacet
  facet normal -0.000000e+00 -0.000000e+00 1.000000e+00
    outer loop
      vertex   1.324118e+02 2.534074e+01 2.000000e+00
      vertex   1.336947e+02 2.508555e+01 2.000000e+00
      vertex   1.250000e+02 3.500000e+01 2.000000e+00
    endloop
  endfacet
  facet normal 0.000000e+00 0.000000e+00 1.000000e+00
    outer loop
      vertex   1.250000e+02 3.500000e+01 2.000000e+00
      vertex   1.336947e+02 2.508555e+01 2.000000e+00
      vertex   1.350000e+02 2.500000e+01 2.000000e+00
    endloop
  endfacet
  facet normal 0.000000e+00 0.000000e+00 1.000000e+00
    outer loop
      vertex   1.994506e+02 5.737373e+01 2.000000e+00
      vertex   2.150000e+02 2.500000e+01 2.000000e+00
      vertex   2.250000e+02 3.500000e+01 2.000000e+00
    endloop
  endfacet
  facet normal 0.000000e+00 0.000000e+00 1.000000e+00
    outer loop
      vertex   2.250000e+02 3.500000e+01 2.000000e+00
      vertex   2.150000e+02 2.500000e+01 2.000000e+00
      vertex   2.163053e+02 2.508555e+01 2.000000e+00
    endloop
  endfacet
  facet normal 0.000000e+00 0.000000e+00 1.000000e+00
    outer loop
      vertex   2.250000e+02 3.500000e+01 2.000000e+00
      vertex   2.163053e+02 2.508555e+01 2.000000e+00
      vertex   2.175882e+02 2.534074e+01 2.000000e+00
    endloop
  endfacet
  facet normal 0.000000e+00 0.000000e+00 1.000000e+00
    outer loop
      vertex   2.175882e+02 2.534074e+01 2.000000e+00
      vertex   2.188268e+02 2.576120e+01 2.000000e+00
      vertex   2.250000e+02 3.500000e+01 2.000000e+00
    endloop
  endfacet
  facet normal 0.000000e+00 0.000000e+00 1.000000e+00
    outer loop
      vertex   2.250000e+02 3.500000e+01 2.000000e+00
      vertex   2.188268e+02 2.576120e+01 2.000000e+00
      vertex   2.200000e+02 2.633975e+01 2.000000e+00
    endloop
  endfacet
  facet normal 0.000000e+00 0.000000e+00 1.000000e+00
    outer loop
      vertex   2.250000e+02 3.500000e+01 2.000000e+00
      vertex   2.200000e+02 2.633975e+01 2.000000e+00
      vertex   2.210876e+02 2.706647e+01 2.000000e+00
    endloop
  endfacet
  facet normal 0.000000e+00 0.000000e+00 1.000000e+00
    outer loop
      vertex   2.210876e+02 2.706647e+01 2.000000e+00
      vertex   2.220711e+02 2.792893e+01 2.000000e+00
      vertex   2.250000e+02 3.500000e+01 2.000000e+00
    endloop
  endfacet
  facet normal 0.000000e+00 0.000000e+00 1.000000e+00
    outer loop
      vertex   2.250000e+02 3.500000e+01 2.000000e+00
      vertex   2.220711e+02 2.792893e+01 2.000000e+00
      vertex   2.229335e+02 2.891239e+01 2.000000e+00
    endloop
  endfacet
  facet normal 0.000000e+00 0.000000e+00 1.000000e+00
    outer loop
      vertex   2.250000e+02 3.500000e+01 2.000000e+00
      vertex   2.229335e+02 2.891239e+01 2.000000e+00
      vertex   2.236603e+02 3.000000e+01 2.000000e+00
    endloop
  endfacet
  facet normal 0.000000e+00 0.000000e+00 1.000000e+00
    outer loop
      vertex   2.236603e+02 3.000000e+01 2.000000e+00
      vertex   2.242388e+02 3.117317e+01 2.000000e+00
      vertex   2.250000e+02 3.500000e+01 2.000000e+00
    endloop
  endfacet
  facet normal 0.000000e+00 0.000000e+00 1.000000e+00
    outer loop
      vertex   2.250000e+02 3.500000e+01 2.000000e+00
      vertex   2.242388e+02 3.117317e+01 2.000000e+00
      vertex   2.246593e+02 3.241181e+01 2.000000e+00
    endloop
  endfacet
  facet normal 0.000000e+00 0.000000e+00 1.000000e+00
    outer loop
      vertex   2.250000e+02 3.500000e+01 2.000000e+00
      vertex   2.246593e+02 3.241181e+01 2.000000e+00
      vertex   2.249144e+02 3.369474e+01 2.000000e+00
    endloop
  endfacet
  facet normal 0.000000e+00 0.000000e+00 1.000000e+00
    outer loop
      vertex   2.249144e+02 1.163053e+02 2.000000e+00
      vertex   2.246593e+02 1.175882e+02 2.000000e+00
      vertex   2.150000e+02 1.250000e+02 2.000000e+00
    endloop
  endfacet
  facet normal 0.000000e+00 0.000000e+00 1.000000e+00
    outer loop
      vertex   2.150000e+02 1.250000e+02 2.000000e+00
      vertex   2.246593e+02 1.175882e+02 2.000000e+00
      vertex   2.242388e+02 1.188268e+02 2.000000e+00
    endloop
  endfacet
  facet normal 0.000000e+00 0.000000e+00 1.000000e+00
    outer loop
      vertex   2.150000e+02 1.250000e+02 2.000000e+00
      vertex   2.242388e+02 1.188268e+02 2.000000e+00
      vertex   2.236603e+02 1.200000e+02 2.000000e+00
    endloop
  endfacet
  facet normal 0.000000e+00 0.000000e+00 1.000000e+00
    outer loop
      vertex   2.236603e+02 1.200000e+02 2.000000e+00
      vertex   2.229335e+02 1.210876e+02 2.000000e+00
      vertex   2.150000e+02 1.250000e+02 2.000000e+00
    endloop
  endfacet
  facet normal 0.000000e+00 0.000000e+00 1.000000e+00
    outer loop
      vertex   2.150000e+02 1.250000e+02 2.000000e+00
      vertex   2.229335e+02 1.210876e+02 2.000000e+00
      vertex   2.220711e+02 1.220711e+02 2.000000e+00
    endloop
  endfacet
  facet normal 0.000000e+00 0.000000e+00 1.000000e+00
    outer loop
      vertex   2.150000e+02 1.250000e+02 2.000000e+00
      vertex   2.220711e+02 1.220711e+02 2.000000e+00
      vertex   2.210876e+02 1.229335e+02 2.000000e+00
    endloop
  endfacet
  facet normal 0.000000e+00 0.000000e+00 1.000000e+00
    outer loop
      vertex   2.210876e+02 1.229335e+02 2.000000e+00
      vertex   2.200000e+02 1.236603e+02 2.000000e+00
      vertex   2.150000e+02 1.250000e+02 2.000000e+00
    endloop
  endfacet
  facet normal 0.000000e+00 0.000000e+00 1.000000e+00
    outer loop
      vertex   2.150000e+02 1.250000e+02 2.000000e+00
      vertex   2.200000e+02 1.236603e+02 2.000000e+00
      vertex   2.188268e+02 1.242388e+02 2.000000e+00
    endloop
  endfacet
  facet normal 0.000000e+00 0.000000e+00 1.000000e+00
    outer loop
      vertex   2.150000e+02 1.250000e+02 2.000000e+00
      vertex   2.188268e+02 1.242388e+02 2.000000e+00
      vertex   2.175882e+02 1.246593e+02 2.000000e+00
    endloop
  endfacet
  facet normal 0.000000e+00 0.000000e+00 1.000000e+00
    outer loop
      vertex   2.175882e+02 1.246593e+02 2.000000e+00
      vertex   2.163053e+02 1.249144e+02 2.000000e+00
      vertex   2.150000e+02 1.250000e+02 2.000000e+00
    endloop
  endfacet
  facet normal -0.000000e+00 -0.000000e+00 1.000000e+00
    outer loop
      vertex   1.534490e+02 4.959811e+01 2.000000e+00
      vertex   1.535656e+02 4.939879e+01 2.000000e+00
      vertex   1.533813e+02 4.981887e+01 2.000000e+00
    endloop
  endfacet
  facet normal 0.000000e+00 0.000000e+00 1.000000e+00
    outer loop
      vertex   1.533813e+02 4.981887e+01 2.000000e+00
      vertex   1.535656e+02 4.939879e+01 2.000000e+00
      vertex   1.537249e+02 4.923152e+01 2.000000e+00
    endloop
  endfacet
  facet normal 0.000000e+00 0.000000e+00 1.000000e+00
    outer loop
      vertex   1.533813e+02 4.981887e+01 2.000000e+00
      vertex   1.537249e+02 4.923152e+01 2.000000e+00
      vertex   1.539182e+02 4.910523e+01 2.000000e+00
    endloop
  endfacet
  facet normal -0.000000e+00 -0.000000e+00 1.000000e+00
    outer loop
      vertex   1.539182e+02 4.910523e+01 2.000000e+00
      vertex   1.541354e+02 4.902666e+01 2.000000e+00
      vertex   1.533813e+02 4.981887e+01 2.000000e+00
    endloop
  endfacet
  facet normal 0.000000e+00 0.000000e+00 1.000000e+00
    outer loop
      vertex   1.533813e+02 4.981887e+01 2.000000e+00
      vertex   1.541354e+02 4.902666e+01 2.000000e+00
      vertex   1.543647e+02 4.900000e+01 2.000000e+00
    endloop
  endfacet
  facet normal -0.000000e+00 -0.000000e+00 1.000000e+00
    outer loop
      vertex   1.533813e+02 4.981887e+01 2.000000e+00
      vertex   1.543647e+02 4.900000e+01 2.000000e+00
      vertex   1.523042e+02 5.609576e+01 2.000000e+00
    endloop
  endfacet
  facet normal 0.000000e+00 0.000000e+00 1.000000e+00
    outer loop
      vertex   1.523042e+02 5.609576e+01 2.000000e+00
      vertex   1.543647e+02 4.900000e+01 2.000000e+00
      vertex   1.856353e+02 4.900000e+01 2.000000e+00
    endloop
  endfacet
  facet normal -0.000000e+00 0.000000e+00 1.000000e+00
    outer loop
      vertex   1.523042e+02 5.609576e+01 2.000000e+00
      vertex   1.856353e+02 4.900000e+01 2.000000e+00
      vertex   1.876958e+02 5.609576e+01 2.000000e+00
    endloop
  endfacet
  facet normal 0.000000e+00 0.000000e+00 1.000000e+00
    outer loop
      vertex   1.876958e+02 5.609576e+01 2.000000e+00
      vertex   1.856353e+02 4.900000e+01 2.000000e+00
      vertex   1.866187e+02 4.981887e+01 2.000000e+00
    endloop
  endfacet
  facet normal 0.000000e+00 0.000000e+00 1.000000e+00
    outer loop
      vertex   1.866187e+02 4.981887e+01 2.000000e+00
      vertex   1.856353e+02 4.900000e+01 2.000000e+00
      vertex   1.858647e+02 4.902666e+01 2.000000e+00
    endloop
  endfacet
  facet normal 0.000000e+00 0.000000e+00 1.000000e+00
    outer loop
      vertex   1.866187e+02 4.981887e+01 2.000000e+00
      vertex   1.858647e+02 4.902666e+01 2.000000e+00
      vertex   1.860818e+02 4.910523e+01 2.000000e+00
    endloop
  endfacet
  facet normal 0.000000e+00 0.000000e+00 1.000000e+00
    outer loop
      vertex   1.860818e+02 4.910523e+01 2.000000e+00
      vertex   1.862751e+02 4.923152e+01 2.000000e+00
      vertex   1.866187e+02 4.981887e+01 2.000000e+00
    endloop
  endfacet
  facet normal 0.000000e+00 0.000000e+00 1.000000e+00
    outer loop
      vertex   1.866187e+02 4.981887e+01 2.000000e+00
      vertex   1.862751e+02 4.923152e+01 2.000000e+00
      vertex   1.864344e+02 4.939879e+01 2.000000e+00
    endloop
  endfacet
  facet normal 0.000000e+00 0.000000e+00 1.000000e+00
    outer loop
      vertex   1.866187e+02 4.981887e+01 2.000000e+00
      vertex   1.864344e+02 4.939879e+01 2.000000e+00
      vertex   1.865510e+02 4.959811e+01 2.000000e+00
    endloop
  endfacet
  facet normal 0.000000e+00 -0.000000e+00 1.000000e+00
    outer loop
      vertex   1.523042e+02 5.609576e+01 2.000000e+00
      vertex   1.876958e+02 5.609576e+01 2.000000e+00
      vertex   1.513804e+02 6.239704e+01 2.000000e+00
    endloop
  endfacet
  facet normal -0.000000e+00 0.000000e+00 1.000000e+00
    outer loop
      vertex   1.513804e+02 6.239704e+01 2.000000e+00
      vertex   1.876958e+02 5.609576e+01 2.000000e+00
      vertex   1.886196e+02 6.239704e+01 2.000000e+00
    endloop
  endfacet
  facet normal 0.000000e+00 -0.000000e+00 1.000000e+00
    outer loop
      vertex   1.513804e+02 6.239704e+01 2.000000e+00
      vertex   1.886196e+02 6.239704e+01 2.000000e+00
      vertex   1.506106e+02 6.871896e+01 2.000000e+00
    endloop
  endfacet
  facet normal -0.000000e+00 0.000000e+00 1.000000e+00
    outer loop
      vertex   1.506106e+02 6.871896e+01 2.000000e+00
      vertex   1.886196e+02 6.239704e+01 2.000000e+00
      vertex   1.893894e+02 6.871896e+01 2.000000e+00
    endloop
  endfacet
  facet normal 0.000000e+00 -0.000000e+00 1.000000e+00
    outer loop
      vertex   1.506106e+02 6.871896e+01 2.000000e+00
      vertex   1.893894e+02 6.871896e+01 2.000000e+00
      vertex   1.499951e+02 7.505778e+01 2.000000e+00
    endloop
  endfacet
  facet normal -0.000000e+00 0.000000e+00 1.000000e+00
    outer loop
      vertex   1.499951e+02 7.505778e+01 2.000000e+00
      vertex   1.893894e+02 6.871896e+01 2.000000e+00
      vertex   1.900049e+02 7.505778e+01 2.000000e+00
    endloop
  endfacet
  facet normal 0.000000e+00 -0.000000e+00 1.000000e+00
    outer loop
      vertex   1.499951e+02 7.505778e+01 2.000000e+00
      vertex   1.900049e+02 7.505778e+01 2.000000e+00
      vertex   1.495343e+02 8.140971e+01 2.000000e+00
    endloop
  endfacet
  facet normal -0.000000e+00 0.000000e+00 1.000000e+00
    outer loop
      vertex   1.495343e+02 8.140971e+01 2.000000e+00
      vertex   1.900049e+02 7.505778e+01 2.000000e+00
      vertex   1.904657e+02 8.140971e+01 2.000000e+00
    endloop
  endfacet
  facet normal 0.000000e+00 -0.000000e+00 1.000000e+00
    outer loop
      vertex   1.495343e+02 8.140971e+01 2.000000e+00
      vertex   1.904657e+02 8.140971e+01 2.000000e+00
      vertex   1.492285e+02 8.777099e+01 2.000000e+00
    endloop
  endfacet
  facet normal -0.000000e+00 0.000000e+00 1.000000e+00
    outer loop
      vertex   1.492285e+02 8.777099e+01 2.000000e+00
      vertex   1.904657e+02 8.140971e+01 2.000000e+00
      vertex   1.907715e+02 8.777099e+01 2.000000e+00
    endloop
  endfacet
  facet normal 0.000000e+00 -0.000000e+00 1.000000e+00
    outer loop
      vertex   1.492285e+02 8.777099e+01 2.000000e+00
      vertex   1.907715e+02 8.777099e+01 2.000000e+00
      vertex   1.490779e+02 9.413784e+01 2.000000e+00
    endloop
  endfacet
  facet normal -0.000000e+00 0.000000e+00 1.000000e+00
    outer loop
      vertex   1.490779e+02 9.413784e+01 2.000000e+00
      vertex   1.907715e+02 8.777099e+01 2.000000e+00
      vertex   1.909221e+02 9.413784e+01 2.000000e+00
    endloop
  endfacet
  facet normal 0.000000e+00 0.000000e+00 1.000000e+00
    outer loop
      vertex   1.490779e+02 9.413784e+01 2.000000e+00
      vertex   1.909221e+02 9.413784e+01 2.000000e+00
      vertex   1.495825e+02 1.010000e+02 2.000000e+00
    endloop
  endfacet
  facet normal 0.000000e+00 0.000000e+00 1.000000e+00
    outer loop
      vertex   1.495825e+02 1.010000e+02 2.000000e+00
      vertex   1.909221e+02 9.413784e+01 2.000000e+00
      vertex   1.904175e+02 1.010000e+02 2.000000e+00
    endloop
  endfacet
  facet normal 0.000000e+00 0.000000e+00 1.000000e+00
    outer loop
      vertex   1.904175e+02 1.010000e+02 2.000000e+00
      vertex   1.909221e+02 9.413784e+01 2.000000e+00
      vertex   1.909175e+02 1.005065e+02 2.000000e+00
    endloop
  endfacet
  facet normal 0.000000e+00 0.000000e+00 1.000000e+00
    outer loop
      vertex   1.904175e+02 1.010000e+02 2.000000e+00
      vertex   1.909175e+02 1.005065e+02 2.000000e+00
      vertex   1.905459e+02 1.009832e+02 2.000000e+00
    endloop
  endfacet
  facet normal 0.000000e+00 0.000000e+00 1.000000e+00
    outer loop
      vertex   1.905459e+02 1.009832e+02 2.000000e+00
      vertex   1.909175e+02 1.005065e+02 2.000000e+00
      vertex   1.906656e+02 1.009341e+02 2.000000e+00
    endloop
  endfacet
  facet normal 0.000000e+00 0.000000e+00 1.000000e+00
    outer loop
      vertex   1.906656e+02 1.009341e+02 2.000000e+00
      vertex   1.909175e+02 1.005065e+02 2.000000e+00
      vertex   1.907688e+02 1.008558e+02 2.000000e+00
    endloop
  endfacet
  facet normal 0.000000e+00 0.000000e+00 1.000000e+00
    outer loop
      vertex   1.907688e+02 1.008558e+02 2.000000e+00
      vertex   1.909175e+02 1.005065e+02 2.000000e+00
      vertex   1.908483e+02 1.007537e+02 2.000000e+00
    endloop
  endfacet
  facet normal 0.000000e+00 0.000000e+00 1.000000e+00
    outer loop
      vertex   1.908483e+02 1.007537e+02 2.000000e+00
      vertex   1.909175e+02 1.005065e+02 2.000000e+00
      vertex   1.908990e+02 1.006346e+02 2.000000e+00
    endloop
  endfacet
  facet normal 0.000000e+00 0.000000e+00 1.000000e+00
    outer loop
      vertex   1.490779e+02 9.413784e+01 2.000000e+00
      vertex   1.495825e+02 1.010000e+02 2.000000e+00
      vertex   1.490826e+02 1.005065e+02 2.000000e+00
    endloop
  endfacet
  facet normal 0.000000e+00 0.000000e+00 1.000000e+00
    outer loop
      vertex   1.490826e+02 1.005065e+02 2.000000e+00
      vertex   1.495825e+02 1.010000e+02 2.000000e+00
      vertex   1.494541e+02 1.009832e+02 2.000000e+00
    endloop
  endfacet
  facet normal 0.000000e+00 0.000000e+00 1.000000e+00
    outer loop
      vertex   1.490826e+02 1.005065e+02 2.000000e+00
      vertex   1.494541e+02 1.009832e+02 2.000000e+00
      vertex   1.493344e+02 1.009341e+02 2.000000e+00
    endloop
  endfacet
  facet normal 0.000000e+00 0.000000e+00 1.000000e+00
    outer loop
      vertex   1.493344e+02 1.009341e+02 2.000000e+00
      vertex   1.492312e+02 1.008558e+02 2.000000e+00
      vertex   1.490826e+02 1.005065e+02 2.000000e+00
    endloop
  endfacet
  facet normal 0.000000e+00 0.000000e+00 1.000000e+00
    outer loop
      vertex   1.490826e+02 1.005065e+02 2.000000e+00
      vertex   1.492312e+02 1.008558e+02 2.000000e+00
      vertex   1.491517e+02 1.007537e+02 2.000000e+00
    endloop
  endfacet
  facet normal 0.000000e+00 0.000000e+00 1.000000e+00
    outer loop
      vertex   1.490826e+02 1.005065e+02 2.000000e+00
      vertex   1.491517e+02 1.007537e+02 2.000000e+00
      vertex   1.491010e+02 1.006346e+02 2.000000e+00
    endloop
  endfacet
  facet normal 0.000000e+00 1.000000e+00 -0.000000e+00
    outer loop
      vertex   2.150000e+02 1.250000e+02 0.000000e+00
      vertex   1.350000e+02 1.250000e+02 0.000000e+00
      vertex   2.150000e+02 1.250000e+02 2.000000e+00
    endloop
  endfacet
  facet normal 0.000000e+00 1.000000e+00 0.000000e+00
    outer loop
      vertex   2.150000e+02 1.250000e+02 2.000000e+00
      vertex   1.350000e+02 1.250000e+02 0.000000e+00
      vertex   1.350000e+02 1.250000e+02 2.000000e+00
    endloop
  endfacet
  facet normal 9.978589e-01 6.540313e-02 0.000000e+00
    outer loop
      vertex   2.250000e+02 1.150000e+02 2.000000e+00
      vertex   2.250000e+02 1.150000e+02 0.000000e+00
      vertex   2.249144e+02 1.163053e+02 2.000000e+00
    endloop
  endfacet
  facet normal 9.978589e-01 6.540313e-02 0.000000e+00
    outer loop
      vertex   2.249144e+02 1.163053e+02 2.000000e+00
      vertex   2.250000e+02 1.150000e+02 0.000000e+00
      vertex   2.249144e+02 1.163053e+02 0.000000e+00
    endloop
  endfacet
  facet normal 9.807853e-01 1.950903e-01 0.000000e+00
    outer loop
      vertex   2.249144e+02 1.163053e+02 2.000000e+00
      vertex   2.249144e+02 1.163053e+02 0.000000e+00
      vertex   2.246593e+02 1.175882e+02 2.000000e+00
    endloop
  endfacet
  facet normal 9.807853e-01 1.950903e-01 0.000000e+00
    outer loop
      vertex   2.246593e+02 1.175882e+02 2.000000e+00
      vertex   2.249144e+02 1.163053e+02 0.000000e+00
      vertex   2.246593e+02 1.175882e+02 0.000000e+00
    endloop
  endfacet
  facet normal 9.469301e-01 3.214395e-01 0.000000e+00
    outer loop
      vertex   2.246593e+02 1.175882e+02 2.000000e+00
      vertex   2.246593e+02 1.175882e+02 0.000000e+00
      vertex   2.242388e+02 1.188268e+02 2.000000e+00
    endloop
  endfacet
  facet normal 9.469301e-01 3.214395e-01 0.000000e+00
    outer loop
      vertex   2.242388e+02 1.188268e+02 2.000000e+00
      vertex   2.246593e+02 1.175882e+02 0.000000e+00
      vertex   2.242388e+02 1.188268e+02 0.000000e+00
    endloop
  endfacet
  facet normal 8.968727e-01 4.422887e-01 0.000000e+00
    outer loop
      vertex   2.242388e+02 1.188268e+02 2.000000e+00
      vertex   2.242388e+02 1.188268e+02 0.000000e+00
      vertex   2.236603e+02 1.200000e+02 2.000000e+00
    endloop
  endfacet
  facet normal 8.968727e-01 4.422887e-01 0.000000e+00
    outer loop
      vertex   2.236603e+02 1.200000e+02 2.000000e+00
      vertex   2.242388e+02 1.188268e+02 0.000000e+00
      vertex   2.236603e+02 1.200000e+02 0.000000e+00
    endloop
  endfacet
  facet normal 8.314696e-01 5.555702e-01 0.000000e+00
    outer loop
      vertex   2.236603e+02 1.200000e+02 2.000000e+00
      vertex   2.236603e+02 1.200000e+02 0.000000e+00
      vertex   2.229335e+02 1.210876e+02 2.000000e+00
    endloop
  endfacet
  facet normal 8.314696e-01 5.555702e-01 0.000000e+00
    outer loop
      vertex   2.229335e+02 1.210876e+02 2.000000e+00
      vertex   2.236603e+02 1.200000e+02 0.000000e+00
      vertex   2.229335e+02 1.210876e+02 0.000000e+00
    endloop
  endfacet
  facet normal 7.518398e-01 6.593458e-01 0.000000e+00
    outer loop
      vertex   2.229335e+02 1.210876e+02 2.000000e+00
      vertex   2.229335e+02 1.210876e+02 0.000000e+00
      vertex   2.220711e+02 1.220711e+02 2.000000e+00
    endloop
  endfacet
  facet normal 7.518398e-01 6.593458e-01 0.000000e+00
    outer loop
      vertex   2.220711e+02 1.220711e+02 2.000000e+00
      vertex   2.229335e+02 1.210876e+02 0.000000e+00
      vertex   2.220711e+02 1.220711e+02 0.000000e+00
    endloop
  endfacet
  facet normal 6.593458e-01 7.518398e-01 0.000000e+00
    outer loop
      vertex   2.220711e+02 1.220711e+02 2.000000e+00
      vertex   2.220711e+02 1.220711e+02 0.000000e+00
      vertex   2.210876e+02 1.229335e+02 2.000000e+00
    endloop
  endfacet
  facet normal 6.593458e-01 7.518398e-01 0.000000e+00
    outer loop
      vertex   2.210876e+02 1.229335e+02 2.000000e+00
      vertex   2.220711e+02 1.220711e+02 0.000000e+00
      vertex   2.210876e+02 1.229335e+02 0.000000e+00
    endloop
  endfacet
  facet normal 5.555702e-01 8.314696e-01 0.000000e+00
    outer loop
      vertex   2.210876e+02 1.229335e+02 2.000000e+00
      vertex   2.210876e+02 1.229335e+02 0.000000e+00
      vertex   2.200000e+02 1.236603e+02 2.000000e+00
    endloop
  endfacet
  facet normal 5.555702e-01 8.314696e-01 0.000000e+00
    outer loop
      vertex   2.200000e+02 1.236603e+02 2.000000e+00
      vertex   2.210876e+02 1.229335e+02 0.000000e+00
      vertex   2.200000e+02 1.236603e+02 0.000000e+00
    endloop
  endfacet
  facet normal 4.422887e-01 8.968727e-01 0.000000e+00
    outer loop
      vertex   2.200000e+02 1.236603e+02 2.000000e+00
      vertex   2.200000e+02 1.236603e+02 0.000000e+00
      vertex   2.188268e+02 1.242388e+02 2.000000e+00
    endloop
  endfacet
  facet normal 4.422887e-01 8.968727e-01 0.000000e+00
    outer loop
      vertex   2.188268e+02 1.242388e+02 2.000000e+00
      vertex   2.200000e+02 1.236603e+02 0.000000e+00
      vertex   2.188268e+02 1.242388e+02 0.000000e+00
    endloop
  endfacet
  facet normal 3.214395e-01 9.469301e-01 0.000000e+00
    outer loop
      vertex   2.188268e+02 1.242388e+02 2.000000e+00
      vertex   2.188268e+02 1.242388e+02 0.000000e+00
      vertex   2.175882e+02 1.246593e+02 2.000000e+00
    endloop
  endfacet
  facet normal 3.214395e-01 9.469301e-01 0.000000e+00
    outer loop
      vertex   2.175882e+02 1.246593e+02 2.000000e+00
      vertex   2.188268e+02 1.242388e+02 0.000000e+00
      vertex   2.175882e+02 1.246593e+02 0.000000e+00
    endloop
  endfacet
  facet normal 1.950903e-01 9.807853e-01 0.000000e+00
    outer loop
      vertex   2.175882e+02 1.246593e+02 2.000000e+00
      vertex   2.175882e+02 1.246593e+02 0.000000e+00
      vertex   2.163053e+02 1.249144e+02 2.000000e+00
    endloop
  endfacet
  facet normal 1.950903e-01 9.807853e-01 0.000000e+00
    outer loop
      vertex   2.163053e+02 1.249144e+02 2.000000e+00
      vertex   2.175882e+02 1.246593e+02 0.000000e+00
      vertex   2.163053e+02 1.249144e+02 0.000000e+00
    endloop
  endfacet
  facet normal 6.540313e-02 9.978589e-01 0.000000e+00
    outer loop
      vertex   2.163053e+02 1.249144e+02 2.000000e+00
      vertex   2.163053e+02 1.249144e+02 0.000000e+00
      vertex   2.150000e+02 1.250000e+02 2.000000e+00
    endloop
  endfacet
  facet normal 6.540313e-02 9.978589e-01 0.000000e+00
    outer loop
      vertex   2.150000e+02 1.250000e+02 2.000000e+00
      vertex   2.163053e+02 1.249144e+02 0.000000e+00
      vertex   2.150000e+02 1.250000e+02 0.000000e+00
    endloop
  endfacet
  facet normal 1.000000e+00 0.000000e+00 0.000000e+00
    outer loop
      vertex   2.250000e+02 3.500000e+01 0.000000e+00
      vertex   2.250000e+02 1.150000e+02 0.000000e+00
      vertex   2.250000e+02 3.500000e+01 2.000000e+00
    endloop
  endfacet
  facet normal 1.000000e+00 -0.000000e+00 0.000000e+00
    outer loop
      vertex   2.250000e+02 3.500000e+01 2.000000e+00
      vertex   2.250000e+02 1.150000e+02 0.000000e+00
      vertex   2.250000e+02 1.150000e+02 2.000000e+00
    endloop
  endfacet
  facet normal 6.540313e-02 -9.978589e-01 0.000000e+00
    outer loop
      vertex   2.150000e+02 2.500000e+01 2.000000e+00
      vertex   2.150000e+02 2.500000e+01 0.000000e+00
      vertex   2.163053e+02 2.508555e+01 2.000000e+00
    endloop
  endfacet
  facet normal 6.540313e-02 -9.978589e-01 0.000000e+00
    outer loop
      vertex   2.163053e+02 2.508555e+01 2.000000e+00
      vertex   2.150000e+02 2.500000e+01 0.000000e+00
      vertex   2.163053e+02 2.508555e+01 0.000000e+00
    endloop
  endfacet
  facet normal 1.950903e-01 -9.807853e-01 0.000000e+00
    outer loop
      vertex   2.163053e+02 2.508555e+01 2.000000e+00
      vertex   2.163053e+02 2.508555e+01 0.000000e+00
      vertex   2.175882e+02 2.534074e+01 2.000000e+00
    endloop
  endfacet
  facet normal 1.950903e-01 -9.807853e-01 0.000000e+00
    outer loop
      vertex   2.175882e+02 2.534074e+01 2.000000e+00
      vertex   2.163053e+02 2.508555e+01 0.000000e+00
      vertex   2.175882e+02 2.534074e+01 0.000000e+00
    endloop
  endfacet
  facet normal 3.214395e-01 -9.469301e-01 0.000000e+00
    outer loop
      vertex   2.175882e+02 2.534074e+01 2.000000e+00
      vertex   2.175882e+02 2.534074e+01 0.000000e+00
      vertex   2.188268e+02 2.576120e+01 2.000000e+00
    endloop
  endfacet
  facet normal 3.214395e-01 -9.469301e-01 0.000000e+00
    outer loop
      vertex   2.188268e+02 2.576120e+01 2.000000e+00
      vertex   2.175882e+02 2.534074e+01 0.000000e+00
      vertex   2.188268e+02 2.576120e+01 0.000000e+00
    endloop
  endfacet
  facet normal 4.422887e-01 -8.968727e-01 0.000000e+00
    outer loop
      vertex   2.188268e+02 2.576120e+01 2.000000e+00
      vertex   2.188268e+02 2.576120e+01 0.000000e+00
      vertex   2.200000e+02 2.633975e+01 2.000000e+00
    endloop
  endfacet
  facet normal 4.422887e-01 -8.968727e-01 0.000000e+00
    outer loop
      vertex   2.200000e+02 2.633975e+01 2.000000e+00
      vertex   2.188268e+02 2.576120e+01 0.000000e+00
      vertex   2.200000e+02 2.633975e+01 0.000000e+00
    endloop
  endfacet
  facet normal 5.555702e-01 -8.314696e-01 0.000000e+00
    outer loop
      vertex   2.200000e+02 2.633975e+01 2.000000e+00
      vertex   2.200000e+02 2.633975e+01 0.000000e+00
      vertex   2.210876e+02 2.706647e+01 2.000000e+00
    endloop
  endfacet
  facet normal 5.555702e-01 -8.314696e-01 0.000000e+00
    outer loop
      vertex   2.210876e+02 2.706647e+01 2.000000e+00
      vertex   2.200000e+02 2.633975e+01 0.000000e+00
      vertex   2.210876e+02 2.706647e+01 0.000000e+00
    endloop
  endfacet
  facet normal 6.593458e-01 -7.518398e-01 0.000000e+00
    outer loop
      vertex   2.210876e+02 2.706647e+01 2.000000e+00
      vertex   2.210876e+02 2.706647e+01 0.000000e+00
      vertex   2.220711e+02 2.792893e+01 2.000000e+00
    endloop
  endfacet
  facet normal 6.593458e-01 -7.518398e-01 0.000000e+00
    outer loop
      vertex   2.220711e+02 2.792893e+01 2.000000e+00
      vertex   2.210876e+02 2.706647e+01 0.000000e+00
      vertex   2.220711e+02 2.792893e+01 0.000000e+00
    endloop
  endfacet
  facet normal 7.518398e-01 -6.593458e-01 0.000000e+00
    outer loop
      vertex   2.220711e+02 2.792893e+01 2.000000e+00
      vertex   2.220711e+02 2.792893e+01 0.000000e+00
      vertex   2.229335e+02 2.891239e+01 2.000000e+00
    endloop
  endfacet
  facet normal 7.518398e-01 -6.593458e-01 0.000000e+00
    outer loop
      vertex   2.229335e+02 2.891239e+01 2.000000e+00
      vertex   2.220711e+02 2.792893e+01 0.000000e+00
      vertex   2.229335e+02 2.891239e+01 0.000000e+00
    endloop
  endfacet
  facet normal 8.314696e-01 -5.555702e-01 0.000000e+00
    outer loop
      vertex   2.229335e+02 2.891239e+01 2.000000e+00
      vertex   2.229335e+02 2.891239e+01 0.000000e+00
      vertex   2.236603e+02 3.000000e+01 2.000000e+00
    endloop
  endfacet
  facet normal 8.314696e-01 -5.555702e-01 0.000000e+00
    outer loop
      vertex   2.236603e+02 3.000000e+01 2.000000e+00
      vertex   2.229335e+02 2.891239e+01 0.000000e+00
      vertex   2.236603e+02 3.000000e+01 0.000000e+00
    endloop
  endfacet
  facet normal 8.968727e-01 -4.422887e-01 0.000000e+00
    outer loop
      vertex   2.236603e+02 3.000000e+01 2.000000e+00
      vertex   2.236603e+02 3.000000e+01 0.000000e+00
      vertex   2.242388e+02 3.117317e+01 2.000000e+00
    endloop
  endfacet
  facet normal 8.968727e-01 -4.422887e-01 0.000000e+00
    outer loop
      vertex   2.242388e+02 3.117317e+01 2.000000e+00
      vertex   2.236603e+02 3.000000e+01 0.000000e+00
      vertex   2.242388e+02 3.117317e+01 0.000000e+00
    endloop
  endfacet
  facet normal 9.469301e-01 -3.214395e-01 0.000000e+00
    outer loop
      vertex   2.242388e+02 3.117317e+01 2.000000e+00
      vertex   2.242388e+02 3.117317e+01 0.000000e+00
      vertex   2.246593e+02 3.241181e+01 2.000000e+00
    endloop
  endfacet
  facet normal 9.469301e-01 -3.214395e-01 0.000000e+00
    outer loop
      vertex   2.246593e+02 3.241181e+01 2.000000e+00
      vertex   2.242388e+02 3.117317e+01 0.000000e+00
      vertex   2.246593e+02 3.241181e+01 0.000000e+00
    endloop
  endfacet
  facet normal 9.807853e-01 -1.950903e-01 0.000000e+00
    outer loop
      vertex   2.246593e+02 3.241181e+01 2.000000e+00
      vertex   2.246593e+02 3.241181e+01 0.000000e+00
      vertex   2.249144e+02 3.369474e+01 2.000000e+00
    endloop
  endfacet
  facet normal 9.807853e-01 -1.950903e-01 0.000000e+00
    outer loop
      vertex   2.249144e+02 3.369474e+01 2.000000e+00
      vertex   2.246593e+02 3.241181e+01 0.000000e+00
      vertex   2.249144e+02 3.369474e+01 0.000000e+00
    endloop
  endfacet
  facet normal 9.978589e-01 -6.540313e-02 0.000000e+00
    outer loop
      vertex   2.249144e+02 3.369474e+01 2.000000e+00
      vertex   2.249144e+02 3.369474e+01 0.000000e+00
      vertex   2.250000e+02 3.500000e+01 2.000000e+00
    endloop
  endfacet
  facet normal 9.978589e-01 -6.540313e-02 0.000000e+00
    outer loop
      vertex   2.250000e+02 3.500000e+01 2.000000e+00
      vertex   2.249144e+02 3.369474e+01 0.000000e+00
      vertex   2.250000e+02 3.500000e+01 0.000000e+00
    endloop
  endfacet
  facet normal 0.000000e+00 -1.000000e+00 0.000000e+00
    outer loop
      vertex   1.350000e+02 2.500000e+01 0.000000e+00
      vertex   2.150000e+02 2.500000e+01 0.000000e+00
      vertex   1.350000e+02 2.500000e+01 2.000000e+00
    endloop
  endfacet
  facet normal 0.000000e+00 -1.000000e+00 0.000000e+00
    outer loop
      vertex   1.350000e+02 2.500000e+01 2.000000e+00
      vertex   2.150000e+02 2.500000e+01 0.000000e+00
      vertex   2.150000e+02 2.500000e+01 2.000000e+00
    endloop
  endfacet
  facet normal -9.978589e-01 -6.540313e-02 -0.000000e+00
    outer loop
      vertex   1.250000e+02 3.500000e+01 2.000000e+00
      vertex   1.250000e+02 3.500000e+01 0.000000e+00
      vertex   1.250856e+02 3.369474e+01 2.000000e+00
    endloop
  endfacet
  facet normal -9.978589e-01 -6.540313e-02 -0.000000e+00
    outer loop
      vertex   1.250856e+02 3.369474e+01 2.000000e+00
      vertex   1.250000e+02 3.500000e+01 0.000000e+00
      vertex   1.250856e+02 3.369474e+01 0.000000e+00
    endloop
  endfacet
  facet normal -9.807853e-01 -1.950903e-01 -0.000000e+00
    outer loop
      vertex   1.250856e+02 3.369474e+01 2.000000e+00
      vertex   1.250856e+02 3.369474e+01 0.000000e+00
      vertex   1.253407e+02 3.241181e+01 2.000000e+00
    endloop
  endfacet
  facet normal -9.807853e-01 -1.950903e-01 -0.000000e+00
    outer loop
      vertex   1.253407e+02 3.241181e+01 2.000000e+00
      vertex   1.250856e+02 3.369474e+01 0.000000e+00
      vertex   1.253407e+02 3.241181e+01 0.000000e+00
    endloop
  endfacet
  facet normal -9.469301e-01 -3.214395e-01 -0.000000e+00
    outer loop
      vertex   1.253407e+02 3.241181e+01 2.000000e+00
      vertex   1.253407e+02 3.241181e+01 0.000000e+00
      vertex   1.257612e+02 3.117317e+01 2.000000e+00
    endloop
  endfacet
  facet normal -9.469301e-01 -3.214395e-01 -0.000000e+00
    outer loop
      vertex   1.257612e+02 3.117317e+01 2.000000e+00
      vertex   1.253407e+02 3.241181e+01 0.000000e+00
      vertex   1.257612e+02 3.117317e+01 0.000000e+00
    endloop
  endfacet
  facet normal -8.968727e-01 -4.422887e-01 -0.000000e+00
    outer loop
      vertex   1.257612e+02 3.117317e+01 2.000000e+00
      vertex   1.257612e+02 3.117317e+01 0.000000e+00
      vertex   1.263397e+02 3.000000e+01 2.000000e+00
    endloop
  endfacet
  facet normal -8.968727e-01 -4.422887e-01 -0.000000e+00
    outer loop
      vertex   1.263397e+02 3.000000e+01 2.000000e+00
      vertex   1.257612e+02 3.117317e+01 0.000000e+00
      vertex   1.263397e+02 3.000000e+01 0.000000e+00
    endloop
  endfacet
  facet normal -8.314696e-01 -5.555702e-01 -0.000000e+00
    outer loop
      vertex   1.263397e+02 3.000000e+01 2.000000e+00
      vertex   1.263397e+02 3.000000e+01 0.000000e+00
      vertex   1.270665e+02 2.891239e+01 2.000000e+00
    endloop
  endfacet
  facet normal -8.314696e-01 -5.555702e-01 -0.000000e+00
    outer loop
      vertex   1.270665e+02 2.891239e+01 2.000000e+00
      vertex   1.263397e+02 3.000000e+01 0.000000e+00
      vertex   1.270665e+02 2.891239e+01 0.000000e+00
    endloop
  endfacet
  facet normal -7.518398e-01 -6.593458e-01 -0.000000e+00
    outer loop
      vertex   1.270665e+02 2.891239e+01 2.000000e+00
      vertex   1.270665e+02 2.891239e+01 0.000000e+00
      vertex   1.279289e+02 2.792893e+01 2.000000e+00
    endloop
  endfacet
  facet normal -7.518398e-01 -6.593458e-01 -0.000000e+00
    outer loop
      vertex   1.279289e+02 2.792893e+01 2.000000e+00
      vertex   1.270665e+02 2.891239e+01 0.000000e+00
      vertex   1.279289e+02 2.792893e+01 0.000000e+00
    endloop
  endfacet
  facet normal -6.593458e-01 -7.518398e-01 -0.000000e+00
    outer loop
      vertex   1.279289e+02 2.792893e+01 2.000000e+00
      vertex   1.279289e+02 2.792893e+01 0.000000e+00
      vertex   1.289124e+02 2.706647e+01 2.000000e+00
    endloop
  endfacet
  facet normal -6.593458e-01 -7.518398e-01 -0.000000e+00
    outer loop
      vertex   1.289124e+02 2.706647e+01 2.000000e+00
      vertex   1.279289e+02 2.792893e+01 0.000000e+00
      vertex   1.289124e+02 2.706647e+01 0.000000e+00
    endloop
  endfacet
  facet normal -5.555702e-01 -8.314696e-01 -0.000000e+00
    outer loop
      vertex   1.289124e+02 2.706647e+01 2.000000e+00
      vertex   1.289124e+02 2.706647e+01 0.000000e+00
      vertex   1.300000e+02 2.633975e+01 2.000000e+00
    endloop
  endfacet
  facet normal -5.555702e-01 -8.314696e-01 -0.000000e+00
    outer loop
      vertex   1.300000e+02 2.633975e+01 2.000000e+00
      vertex   1.289124e+02 2.706647e+01 0.000000e+00
      vertex   1.300000e+02 2.633975e+01 0.000000e+00
    endloop
  endfacet
  facet normal -4.422887e-01 -8.968727e-01 -0.000000e+00
    outer loop
      vertex   1.300000e+02 2.633975e+01 2.000000e+00
      vertex   1.300000e+02 2.633975e+01 0.000000e+00
      vertex   1.311732e+02 2.576120e+01 2.000000e+00
    endloop
  endfacet
  facet normal -4.422887e-01 -8.968727e-01 -0.000000e+00
    outer loop
      vertex   1.311732e+02 2.576120e+01 2.000000e+00
      vertex   1.300000e+02 2.633975e+01 0.000000e+00
      vertex   1.311732e+02 2.576120e+01 0.000000e+00
    endloop
  endfacet
  facet normal -3.214395e-01 -9.469301e-01 -0.000000e+00
    outer loop
      vertex   1.311732e+02 2.576120e+01 2.000000e+00
      vertex   1.311732e+02 2.576120e+01 0.000000e+00
      vertex   1.324118e+02 2.534074e+01 2.000000e+00
    endloop
  endfacet
  facet normal -3.214395e-01 -9.469301e-01 -0.000000e+00
    outer loop
      vertex   1.324118e+02 2.534074e+01 2.000000e+00
      vertex   1.311732e+02 2.576120e+01 0.000000e+00
      vertex   1.324118e+02 2.534074e+01 0.000000e+00
    endloop
  endfacet
  facet normal -1.950903e-01 -9.807853e-01 -0.000000e+00
    outer loop
      vertex   1.324118e+02 2.534074e+01 2.000000e+00
      vertex   1.324118e+02 2.534074e+01 0.000000e+00
      vertex   1.336947e+02 2.508555e+01 2.000000e+00
    endloop
  endfacet
  facet normal -1.950903e-01 -9.807853e-01 -0.000000e+00
    outer loop
      vertex   1.336947e+02 2.508555e+01 2.000000e+00
      vertex   1.324118e+02 2.534074e+01 0.000000e+00
      vertex   1.336947e+02 2.508555e+01 0.000000e+00
    endloop
  endfacet
  facet normal -6.540313e-02 -9.978589e-01 -0.000000e+00
    outer loop
      vertex   1.336947e+02 2.508555e+01 2.000000e+00
      vertex   1.336947e+02 2.508555e+01 0.000000e+00
      vertex   1.350000e+02 2.500000e+01 2.000000e+00
    endloop
  endfacet
  facet normal -6.540313e-02 -9.978589e-01 -0.000000e+00
    outer loop
      vertex   1.350000e+02 2.500000e+01 2.000000e+00
      vertex   1.336947e+02 2.508555e+01 0.000000e+00
      vertex   1.350000e+02 2.500000e+01 0.000000e+00
    endloop
  endfacet
  facet normal -1.000000e+00 0.000000e+00 0.000000e+00
    outer loop
      vertex   1.250000e+02 1.150000e+02 0.000000e+00
      vertex   1.250000e+02 3.500000e+01 0.000000e+00
      vertex   1.250000e+02 1.150000e+02 2.000000e+00
    endloop
  endfacet
  facet normal -1.000000e+00 -0.000000e+00 0.000000e+00
    outer loop
      vertex   1.250000e+02 1.150000e+02 2.000000e+00
      vertex   1.250000e+02 3.500000e+01 0.000000e+00
      vertex   1.250000e+02 3.500000e+01 2.000000e+00
    endloop
  endfacet
  facet normal -6.540313e-02 9.978589e-01 0.000000e+00
    outer loop
      vertex   1.350000e+02 1.250000e+02 2.000000e+00
      vertex   1.350000e+02 1.250000e+02 0.000000e+00
      vertex   1.336947e+02 1.249144e+02 2.000000e+00
    endloop
  endfacet
  facet normal -6.540313e-02 9.978589e-01 0.000000e+00
    outer loop
      vertex   1.336947e+02 1.249144e+02 2.000000e+00
      vertex   1.350000e+02 1.250000e+02 0.000000e+00
      vertex   1.336947e+02 1.249144e+02 0.000000e+00
    endloop
  endfacet
  facet normal -1.950903e-01 9.807853e-01 0.000000e+00
    outer loop
      vertex   1.336947e+02 1.249144e+02 2.000000e+00
      vertex   1.336947e+02 1.249144e+02 0.000000e+00
      vertex   1.324118e+02 1.246593e+02 2.000000e+00
    endloop
  endfacet
  facet normal -1.950903e-01 9.807853e-01 0.000000e+00
    outer loop
      vertex   1.324118e+02 1.246593e+02 2.000000e+00
      vertex   1.336947e+02 1.249144e+02 0.000000e+00
      vertex   1.324118e+02 1.246593e+02 0.000000e+00
    endloop
  endfacet
  facet normal -3.214395e-01 9.469301e-01 0.000000e+00
    outer loop
      vertex   1.324118e+02 1.246593e+02 2.000000e+00
      vertex   1.324118e+02 1.246593e+02 0.000000e+00
      vertex   1.311732e+02 1.242388e+02 2.000000e+00
    endloop
  endfacet
  facet normal -3.214395e-01 9.469301e-01 0.000000e+00
    outer loop
      vertex   1.311732e+02 1.242388e+02 2.000000e+00
      vertex   1.324118e+02 1.246593e+02 0.000000e+00
      vertex   1.311732e+02 1.242388e+02 0.000000e+00
    endloop
  endfacet
  facet normal -4.422887e-01 8.968727e-01 0.000000e+00
    outer loop
      vertex   1.311732e+02 1.242388e+02 2.000000e+00
      vertex   1.311732e+02 1.242388e+02 0.000000e+00
      vertex   1.300000e+02 1.236603e+02 2.000000e+00
    endloop
  endfacet
  facet normal -4.422887e-01 8.968727e-01 0.000000e+00
    outer loop
      vertex   1.300000e+02 1.236603e+02 2.000000e+00
      vertex   1.311732e+02 1.242388e+02 0.000000e+00
      vertex   1.300000e+02 1.236603e+02 0.000000e+00
    endloop
  endfacet
  facet normal -5.555702e-01 8.314696e-01 0.000000e+00
    outer loop
      vertex   1.300000e+02 1.236603e+02 2.000000e+00
      vertex   1.300000e+02 1.236603e+02 0.000000e+00
      vertex   1.289124e+02 1.229335e+02 2.000000e+00
    endloop
  endfacet
  facet normal -5.555702e-01 8.314696e-01 0.000000e+00
    outer loop
      vertex   1.289124e+02 1.229335e+02 2.000000e+00
      vertex   1.300000e+02 1.236603e+02 0.000000e+00
      vertex   1.289124e+02 1.229335e+02 0.000000e+00
    endloop
  endfacet
  facet normal -6.593458e-01 7.518398e-01 0.000000e+00
    outer loop
      vertex   1.289124e+02 1.229335e+02 2.000000e+00
      vertex   1.289124e+02 1.229335e+02 0.000000e+00
      vertex   1.279289e+02 1.220711e+02 2.000000e+00
    endloop
  endfacet
  facet normal -6.593458e-01 7.518398e-01 0.000000e+00
    outer loop
      vertex   1.279289e+02 1.220711e+02 2.000000e+00
      vertex   1.289124e+02 1.229335e+02 0.000000e+00
      vertex   1.279289e+02 1.220711e+02 0.000000e+00
    endloop
  endfacet
  facet normal -7.518398e-01 6.593458e-01 0.000000e+00
    outer loop
      vertex   1.279289e+02 1.220711e+02 2.000000e+00
      vertex   1.279289e+02 1.220711e+02 0.000000e+00
      vertex   1.270665e+02 1.210876e+02 2.000000e+00
    endloop
  endfacet
  facet normal -7.518398e-01 6.593458e-01 0.000000e+00
    outer loop
      vertex   1.270665e+02 1.210876e+02 2.000000e+00
      vertex   1.279289e+02 1.220711e+02 0.000000e+00
      vertex   1.270665e+02 1.210876e+02 0.000000e+00
    endloop
  endfacet
  facet normal -8.314696e-01 5.555702e-01 0.000000e+00
    outer loop
      vertex   1.270665e+02 1.210876e+02 2.000000e+00
      vertex   1.270665e+02 1.210876e+02 0.000000e+00
      vertex   1.263397e+02 1.200000e+02 2.000000e+00
    endloop
  endfacet
  facet normal -8.314696e-01 5.555702e-01 0.000000e+00
    outer loop
      vertex   1.263397e+02 1.200000e+02 2.000000e+00
      vertex   1.270665e+02 1.210876e+02 0.000000e+00
      vertex   1.263397e+02 1.200000e+02 0.000000e+00
    endloop
  endfacet
  facet normal -8.968727e-01 4.422887e-01 0.000000e+00
    outer loop
      vertex   1.263397e+02 1.200000e+02 2.000000e+00
      vertex   1.263397e+02 1.200000e+02 0.000000e+00
      vertex   1.257612e+02 1.188268e+02 2.000000e+00
    endloop
  endfacet
  facet normal -8.968727e-01 4.422887e-01 0.000000e+00
    outer loop
      vertex   1.257612e+02 1.188268e+02 2.000000e+00
      vertex   1.263397e+02 1.200000e+02 0.000000e+00
      vertex   1.257612e+02 1.188268e+02 0.000000e+00
    endloop
  endfacet
  facet normal -9.469301e-01 3.214395e-01 0.000000e+00
    outer loop
      vertex   1.257612e+02 1.188268e+02 2.000000e+00
      vertex   1.257612e+02 1.188268e+02 0.000000e+00
      vertex   1.253407e+02 1.175882e+02 2.000000e+00
    endloop
  endfacet
  facet normal -9.469301e-01 3.214395e-01 0.000000e+00
    outer loop
      vertex   1.253407e+02 1.175882e+02 2.000000e+00
      vertex   1.257612e+02 1.188268e+02 0.000000e+00
      vertex   1.253407e+02 1.175882e+02 0.000000e+00
    endloop
  endfacet
  facet normal -9.807853e-01 1.950903e-01 0.000000e+00
    outer loop
      vertex   1.253407e+02 1.175882e+02 2.000000e+00
      vertex   1.253407e+02 1.175882e+02 0.000000e+00
      vertex   1.250856e+02 1.163053e+02 2.000000e+00
    endloop
  endfacet
  facet normal -9.807853e-01 1.950903e-01 0.000000e+00
    outer loop
      vertex   1.250856e+02 1.163053e+02 2.000000e+00
      vertex   1.253407e+02 1.175882e+02 0.000000e+00
      vertex   1.250856e+02 1.163053e+02 0.000000e+00
    endloop
  endfacet
  facet normal -9.978589e-01 6.540313e-02 0.000000e+00
    outer loop
      vertex   1.250856e+02 1.163053e+02 2.000000e+00
      vertex   1.250856e+02 1.163053e+02 0.000000e+00
      vertex   1.250000e+02 1.150000e+02 2.000000e+00
    endloop
  endfacet
  facet normal -9.978589e-01 6.540313e-02 0.000000e+00
    outer loop
      vertex   1.250000e+02 1.150000e+02 2.000000e+00
      vertex   1.250856e+02 1.163053e+02 0.000000e+00
      vertex   1.250000e+02 1.150000e+02 0.000000e+00
    endloop
  endfacet
  facet normal 0.000000e+00 0.000000e+00 1.000000e+00
    outer loop
      vertex   1.945661e+02 8.317454e+01 2.000000e+00
      vertex   1.961950e+02 8.975202e+01 2.000000e+00
      vertex   1.948083e+02 8.886168e+01 2.000000e+00
    endloop
  endfacet
  facet normal 0.000000e+00 0.000000e+00 1.000000e+00
    outer loop
      vertex   1.948083e+02 8.886168e+01 2.000000e+00
      vertex   1.961950e+02 8.975202e+01 2.000000e+00
      vertex   1.959627e+02 8.981796e+01 2.000000e+00
    endloop
  endfacet
  facet normal 0.000000e+00 0.000000e+00 1.000000e+00
    outer loop
      vertex   1.948083e+02 8.886168e+01 2.000000e+00
      vertex   1.959627e+02 8.981796e+01 2.000000e+00
      vertex   1.957213e+02 8.982627e+01 2.000000e+00
    endloop
  endfacet
  facet normal 0.000000e+00 0.000000e+00 1.000000e+00
    outer loop
      vertex   1.942000e+02 7.749403e+01 2.000000e+00
      vertex   1.991327e+02 8.813749e+01 2.000000e+00
      vertex   1.945661e+02 8.317454e+01 2.000000e+00
    endloop
  endfacet
  facet normal 0.000000e+00 0.000000e+00 1.000000e+00
    outer loop
      vertex   1.945661e+02 8.317454e+01 2.000000e+00
      vertex   1.991327e+02 8.813749e+01 2.000000e+00
      vertex   1.977062e+02 8.902190e+01 2.000000e+00
    endloop
  endfacet
  facet normal 0.000000e+00 0.000000e+00 1.000000e+00
    outer loop
      vertex   1.945661e+02 8.317454e+01 2.000000e+00
      vertex   1.977062e+02 8.902190e+01 2.000000e+00
      vertex   1.961950e+02 8.975202e+01 2.000000e+00
    endloop
  endfacet
  facet normal -0.000000e+00 0.000000e+00 1.000000e+00
    outer loop
      vertex   1.937103e+02 7.182284e+01 2.000000e+00
      vertex   1.996201e+02 6.221513e+01 2.000000e+00
      vertex   1.942000e+02 7.749403e+01 2.000000e+00
    endloop
  endfacet
  facet normal 0.000000e+00 0.000000e+00 1.000000e+00
    outer loop
      vertex   1.942000e+02 7.749403e+01 2.000000e+00
      vertex   1.996201e+02 6.221513e+01 2.000000e+00
      vertex   2.009065e+02 6.329323e+01 2.000000e+00
    endloop
  endfacet
  facet normal 0.000000e+00 0.000000e+00 1.000000e+00
    outer loop
      vertex   1.942000e+02 7.749403e+01 2.000000e+00
      vertex   2.009065e+02 6.329323e+01 2.000000e+00
      vertex   2.020728e+02 6.450014e+01 2.000000e+00
    endloop
  endfacet
  facet normal -0.000000e+00 0.000000e+00 1.000000e+00
    outer loop
      vertex   1.930971e+02 6.616368e+01 2.000000e+00
      vertex   1.967452e+02 6.049131e+01 2.000000e+00
      vertex   1.937103e+02 7.182284e+01 2.000000e+00
    endloop
  endfacet
  facet normal 0.000000e+00 0.000000e+00 1.000000e+00
    outer loop
      vertex   1.937103e+02 7.182284e+01 2.000000e+00
      vertex   1.967452e+02 6.049131e+01 2.000000e+00
      vertex   1.982279e+02 6.127772e+01 2.000000e+00
    endloop
  endfacet
  facet normal 0.000000e+00 0.000000e+00 1.000000e+00
    outer loop
      vertex   1.937103e+02 7.182284e+01 2.000000e+00
      vertex   1.982279e+02 6.127772e+01 2.000000e+00
      vertex   1.996201e+02 6.221513e+01 2.000000e+00
    endloop
  endfacet
  facet normal -0.000000e+00 0.000000e+00 1.000000e+00
    outer loop
      vertex   1.923607e+02 6.051922e+01 2.000000e+00
      vertex   1.935742e+02 5.940432e+01 2.000000e+00
      vertex   1.930971e+02 6.616368e+01 2.000000e+00
    endloop
  endfacet
  facet normal 0.000000e+00 0.000000e+00 1.000000e+00
    outer loop
      vertex   1.930971e+02 6.616368e+01 2.000000e+00
      vertex   1.935742e+02 5.940432e+01 2.000000e+00
      vertex   1.951883e+02 5.986454e+01 2.000000e+00
    endloop
  endfacet
  facet normal 0.000000e+00 0.000000e+00 1.000000e+00
    outer loop
      vertex   1.930971e+02 6.616368e+01 2.000000e+00
      vertex   1.951883e+02 5.986454e+01 2.000000e+00
      vertex   1.967452e+02 6.049131e+01 2.000000e+00
    endloop
  endfacet
  facet normal -0.000000e+00 0.000000e+00 1.000000e+00
    outer loop
      vertex   1.923560e+02 6.027777e+01 2.000000e+00
      vertex   1.924092e+02 6.004222e+01 2.000000e+00
      vertex   1.923607e+02 6.051922e+01 2.000000e+00
    endloop
  endfacet
  facet normal 0.000000e+00 0.000000e+00 1.000000e+00
    outer loop
      vertex   1.923607e+02 6.051922e+01 2.000000e+00
      vertex   1.924092e+02 6.004222e+01 2.000000e+00
      vertex   1.925175e+02 5.982632e+01 2.000000e+00
    endloop
  endfacet
  facet normal 0.000000e+00 0.000000e+00 1.000000e+00
    outer loop
      vertex   1.923607e+02 6.051922e+01 2.000000e+00
      vertex   1.925175e+02 5.982632e+01 2.000000e+00
      vertex   1.926743e+02 5.964266e+01 2.000000e+00
    endloop
  endfacet
  facet normal -0.000000e+00 -0.000000e+00 1.000000e+00
    outer loop
      vertex   1.926743e+02 5.964266e+01 2.000000e+00
      vertex   1.928705e+02 5.950194e+01 2.000000e+00
      vertex   1.923607e+02 6.051922e+01 2.000000e+00
    endloop
  endfacet
  facet normal 0.000000e+00 0.000000e+00 1.000000e+00
    outer loop
      vertex   1.923607e+02 6.051922e+01 2.000000e+00
      vertex   1.928705e+02 5.950194e+01 2.000000e+00
      vertex   1.930948e+02 5.941238e+01 2.000000e+00
    endloop
  endfacet
  facet normal 0.000000e+00 0.000000e+00 1.000000e+00
    outer loop
      vertex   1.923607e+02 6.051922e+01 2.000000e+00
      vertex   1.930948e+02 5.941238e+01 2.000000e+00
      vertex   1.933340e+02 5.937920e+01 2.000000e+00
    endloop
  endfacet
  facet normal 0.000000e+00 -0.000000e+00 1.000000e+00
    outer loop
      vertex   1.933340e+02 5.937920e+01 2.000000e+00
      vertex   1.935742e+02 5.940432e+01 2.000000e+00
      vertex   1.923607e+02 6.051922e+01 2.000000e+00
    endloop
  endfacet
  facet normal 0.000000e+00 0.000000e+00 1.000000e+00
    outer loop
      vertex   2.031063e+02 6.582259e+01 2.000000e+00
      vertex   2.027520e+02 8.466365e+01 2.000000e+00
      vertex   2.020728e+02 6.450014e+01 2.000000e+00
    endloop
  endfacet
  facet normal 0.000000e+00 -0.000000e+00 1.000000e+00
    outer loop
      vertex   2.020728e+02 6.450014e+01 2.000000e+00
      vertex   2.027520e+02 8.466365e+01 2.000000e+00
      vertex   2.016695e+02 8.594631e+01 2.000000e+00
    endloop
  endfacet
  facet normal 0.000000e+00 0.000000e+00 1.000000e+00
    outer loop
      vertex   2.020728e+02 6.450014e+01 2.000000e+00
      vertex   2.016695e+02 8.594631e+01 2.000000e+00
      vertex   1.942000e+02 7.749403e+01 2.000000e+00
    endloop
  endfacet
  facet normal 0.000000e+00 0.000000e+00 1.000000e+00
    outer loop
      vertex   1.942000e+02 7.749403e+01 2.000000e+00
      vertex   2.016695e+02 8.594631e+01 2.000000e+00
      vertex   2.004587e+02 8.710852e+01 2.000000e+00
    endloop
  endfacet
  facet normal 0.000000e+00 0.000000e+00 1.000000e+00
    outer loop
      vertex   1.942000e+02 7.749403e+01 2.000000e+00
      vertex   2.004587e+02 8.710852e+01 2.000000e+00
      vertex   1.991327e+02 8.813749e+01 2.000000e+00
    endloop
  endfacet
  facet normal 0.000000e+00 0.000000e+00 1.000000e+00
    outer loop
      vertex   2.027520e+02 8.466365e+01 2.000000e+00
      vertex   2.031063e+02 6.582259e+01 2.000000e+00
      vertex   2.036942e+02 8.327465e+01 2.000000e+00
    endloop
  endfacet
  facet normal 0.000000e+00 0.000000e+00 1.000000e+00
    outer loop
      vertex   2.036942e+02 8.327465e+01 2.000000e+00
      vertex   2.031063e+02 6.582259e+01 2.000000e+00
      vertex   2.039956e+02 6.724602e+01 2.000000e+00
    endloop
  endfacet
  facet normal 0.000000e+00 0.000000e+00 1.000000e+00
    outer loop
      vertex   2.036942e+02 8.327465e+01 2.000000e+00
      vertex   2.039956e+02 6.724602e+01 2.000000e+00
      vertex   2.044856e+02 8.179460e+01 2.000000e+00
    endloop
  endfacet
  facet normal 0.000000e+00 0.000000e+00 1.000000e+00
    outer loop
      vertex   2.044856e+02 8.179460e+01 2.000000e+00
      vertex   2.039956e+02 6.724602e+01 2.000000e+00
      vertex   2.047308e+02 6.875478e+01 2.000000e+00
    endloop
  endfacet
  facet normal 0.000000e+00 0.000000e+00 1.000000e+00
    outer loop
      vertex   2.044856e+02 8.179460e+01 2.000000e+00
      vertex   2.047308e+02 6.875478e+01 2.000000e+00
      vertex   2.051177e+02 8.023979e+01 2.000000e+00
    endloop
  endfacet
  facet normal 0.000000e+00 0.000000e+00 1.000000e+00
    outer loop
      vertex   2.051177e+02 8.023979e+01 2.000000e+00
      vertex   2.047308e+02 6.875478e+01 2.000000e+00
      vertex   2.053040e+02 7.033226e+01 2.000000e+00
    endloop
  endfacet
  facet normal 0.000000e+00 0.000000e+00 1.000000e+00
    outer loop
      vertex   2.051177e+02 8.023979e+01 2.000000e+00
      vertex   2.053040e+02 7.033226e+01 2.000000e+00
      vertex   2.055834e+02 7.862732e+01 2.000000e+00
    endloop
  endfacet
  facet normal 0.000000e+00 0.000000e+00 1.000000e+00
    outer loop
      vertex   2.055834e+02 7.862732e+01 2.000000e+00
      vertex   2.053040e+02 7.033226e+01 2.000000e+00
      vertex   2.057088e+02 7.196110e+01 2.000000e+00
    endloop
  endfacet
  facet normal 0.000000e+00 0.000000e+00 1.000000e+00
    outer loop
      vertex   2.055834e+02 7.862732e+01 2.000000e+00
      vertex   2.057088e+02 7.196110e+01 2.000000e+00
      vertex   2.058776e+02 7.697493e+01 2.000000e+00
    endloop
  endfacet
  facet normal 0.000000e+00 0.000000e+00 1.000000e+00
    outer loop
      vertex   2.058776e+02 7.697493e+01 2.000000e+00
      vertex   2.057088e+02 7.196110e+01 2.000000e+00
      vertex   2.059407e+02 7.362338e+01 2.000000e+00
    endloop
  endfacet
  facet normal 0.000000e+00 0.000000e+00 1.000000e+00
    outer loop
      vertex   2.058776e+02 7.697493e+01 2.000000e+00
      vertex   2.059407e+02 7.362338e+01 2.000000e+00
      vertex   2.059972e+02 7.530081e+01 2.000000e+00
    endloop
  endfacet
  facet normal 0.000000e+00 0.000000e+00 1.000000e+00
    outer loop
      vertex   1.957213e+02 8.982627e+01 2.000000e+00
      vertex   1.954850e+02 8.977649e+01 2.000000e+00
      vertex   1.948083e+02 8.886168e+01 2.000000e+00
    endloop
  endfacet
  facet normal 0.000000e+00 0.000000e+00 1.000000e+00
    outer loop
      vertex   1.948083e+02 8.886168e+01 2.000000e+00
      vertex   1.954850e+02 8.977649e+01 2.000000e+00
      vertex   1.952675e+02 8.967150e+01 2.000000e+00
    endloop
  endfacet
  facet normal 0.000000e+00 0.000000e+00 1.000000e+00
    outer loop
      vertex   1.948083e+02 8.886168e+01 2.000000e+00
      vertex   1.952675e+02 8.967150e+01 2.000000e+00
      vertex   1.950815e+02 8.951744e+01 2.000000e+00
    endloop
  endfacet
  facet normal 0.000000e+00 0.000000e+00 1.000000e+00
    outer loop
      vertex   1.950815e+02 8.951744e+01 2.000000e+00
      vertex   1.949379e+02 8.932329e+01 2.000000e+00
      vertex   1.948083e+02 8.886168e+01 2.000000e+00
    endloop
  endfacet
  facet normal 0.000000e+00 0.000000e+00 1.000000e+00
    outer loop
      vertex   1.948083e+02 8.886168e+01 2.000000e+00
      vertex   1.949379e+02 8.932329e+01 2.000000e+00
      vertex   1.948450e+02 8.910037e+01 2.000000e+00
    endloop
  endfacet
  facet normal 0.000000e+00 -0.000000e+00 -1.000000e+00
    outer loop
      vertex   1.250856e+02 1.163053e+02 0.000000e+00
      vertex   1.350000e+02 1.250000e+02 0.000000e+00
      vertex   1.250000e+02 1.150000e+02 0.000000e+00
    endloop
  endfacet
  facet normal 0.000000e+00 0.000000e+00 -1.000000e+00
    outer loop
      vertex   1.250000e+02 1.150000e+02 0.000000e+00
      vertex   1.350000e+02 1.250000e+02 0.000000e+00
      vertex   2.150000e+02 1.250000e+02 0.000000e+00
    endloop
  endfacet
  facet normal 0.000000e+00 0.000000e+00 -1.000000e+00
    outer loop
      vertex   1.250000e+02 1.150000e+02 0.000000e+00
      vertex   2.150000e+02 1.250000e+02 0.000000e+00
      vertex   1.250000e+02 3.500000e+01 0.000000e+00
    endloop
  endfacet
  facet normal 0.000000e+00 0.000000e+00 -1.000000e+00
    outer loop
      vertex   1.250000e+02 3.500000e+01 0.000000e+00
      vertex   2.150000e+02 1.250000e+02 0.000000e+00
      vertex   2.250000e+02 1.150000e+02 0.000000e+00
    endloop
  endfacet
  facet normal 0.000000e+00 0.000000e+00 -1.000000e+00
    outer loop
      vertex   1.250000e+02 3.500000e+01 0.000000e+00
      vertex   2.250000e+02 1.150000e+02 0.000000e+00
      vertex   1.350000e+02 2.500000e+01 0.000000e+00
    endloop
  endfacet
  facet normal 0.000000e+00 0.000000e+00 -1.000000e+00
    outer loop
      vertex   1.350000e+02 2.500000e+01 0.000000e+00
      vertex   2.250000e+02 1.150000e+02 0.000000e+00
      vertex   2.250000e+02 3.500000e+01 0.000000e+00
    endloop
  endfacet
  facet normal 0.000000e+00 0.000000e+00 -1.000000e+00
    outer loop
      vertex   1.350000e+02 2.500000e+01 0.000000e+00
      vertex   2.250000e+02 3.500000e+01 0.000000e+00
      vertex   2.150000e+02 2.500000e+01 0.000000e+00
    endloop
  endfacet
  facet normal 0.000000e+00 0.000000e+00 -1.000000e+00
    outer loop
      vertex   2.150000e+02 2.500000e+01 0.000000e+00
      vertex   2.250000e+02 3.500000e+01 0.000000e+00
      vertex   2.163053e+02 2.508555e+01 0.000000e+00
    endloop
  endfacet
  facet normal 0.000000e+00 0.000000e+00 -1.000000e+00
    outer loop
      vertex   2.163053e+02 2.508555e+01 0.000000e+00
      vertex   2.250000e+02 3.500000e+01 0.000000e+00
      vertex   2.175882e+02 2.534074e+01 0.000000e+00
    endloop
  endfacet
  facet normal 0.000000e+00 0.000000e+00 -1.000000e+00
    outer loop
      vertex   2.175882e+02 2.534074e+01 0.000000e+00
      vertex   2.250000e+02 3.500000e+01 0.000000e+00
      vertex   2.188268e+02 2.576120e+01 0.000000e+00
    endloop
  endfacet
  facet normal 0.000000e+00 0.000000e+00 -1.000000e+00
    outer loop
      vertex   2.188268e+02 2.576120e+01 0.000000e+00
      vertex   2.250000e+02 3.500000e+01 0.000000e+00
      vertex   2.200000e+02 2.633975e+01 0.000000e+00
    endloop
  endfacet
  facet normal 0.000000e+00 0.000000e+00 -1.000000e+00
    outer loop
      vertex   2.200000e+02 2.633975e+01 0.000000e+00
      vertex   2.250000e+02 3.500000e+01 0.000000e+00
      vertex   2.210876e+02 2.706647e+01 0.000000e+00
    endloop
  endfacet
  facet normal 0.000000e+00 0.000000e+00 -1.000000e+00
    outer loop
      vertex   2.210876e+02 2.706647e+01 0.000000e+00
      vertex   2.250000e+02 3.500000e+01 0.000000e+00
      vertex   2.220711e+02 2.792893e+01 0.000000e+00
    endloop
  endfacet
  facet normal 0.000000e+00 0.000000e+00 -1.000000e+00
    outer loop
      vertex   2.220711e+02 2.792893e+01 0.000000e+00
      vertex   2.250000e+02 3.500000e+01 0.000000e+00
      vertex   2.229335e+02 2.891239e+01 0.000000e+00
    endloop
  endfacet
  facet normal 0.000000e+00 0.000000e+00 -1.000000e+00
    outer loop
      vertex   2.229335e+02 2.891239e+01 0.000000e+00
      vertex   2.250000e+02 3.500000e+01 0.000000e+00
      vertex   2.236603e+02 3.000000e+01 0.000000e+00
    endloop
  endfacet
  facet normal 0.000000e+00 0.000000e+00 -1.000000e+00
    outer loop
      vertex   2.236603e+02 3.000000e+01 0.000000e+00
      vertex   2.250000e+02 3.500000e+01 0.000000e+00
      vertex   2.242388e+02 3.117317e+01 0.000000e+00
    endloop
  endfacet
  facet normal 0.000000e+00 0.000000e+00 -1.000000e+00
    outer loop
      vertex   2.242388e+02 3.117317e+01 0.000000e+00
      vertex   2.250000e+02 3.500000e+01 0.000000e+00
      vertex   2.246593e+02 3.241181e+01 0.000000e+00
    endloop
  endfacet
  facet normal 0.000000e+00 0.000000e+00 -1.000000e+00
    outer loop
      vertex   2.246593e+02 3.241181e+01 0.000000e+00
      vertex   2.250000e+02 3.500000e+01 0.000000e+00
      vertex   2.249144e+02 3.369474e+01 0.000000e+00
    endloop
  endfacet
  facet normal 0.000000e+00 0.000000e+00 -1.000000e+00
    outer loop
      vertex   1.250856e+02 1.163053e+02 0.000000e+00
      vertex   1.253407e+02 1.175882e+02 0.000000e+00
      vertex   1.350000e+02 1.250000e+02 0.000000e+00
    endloop
  endfacet
  facet normal 0.000000e+00 0.000000e+00 -1.000000e+00
    outer loop
      vertex   1.350000e+02 1.250000e+02 0.000000e+00
      vertex   1.253407e+02 1.175882e+02 0.000000e+00
      vertex   1.257612e+02 1.188268e+02 0.000000e+00
    endloop
  endfacet
  facet normal 0.000000e+00 0.000000e+00 -1.000000e+00
    outer loop
      vertex   1.350000e+02 1.250000e+02 0.000000e+00
      vertex   1.257612e+02 1.188268e+02 0.000000e+00
      vertex   1.263397e+02 1.200000e+02 0.000000e+00
    endloop
  endfacet
  facet normal 0.000000e+00 0.000000e+00 -1.000000e+00
    outer loop
      vertex   1.263397e+02 1.200000e+02 0.000000e+00
      vertex   1.270665e+02 1.210876e+02 0.000000e+00
      vertex   1.350000e+02 1.250000e+02 0.000000e+00
    endloop
  endfacet
  facet normal 0.000000e+00 0.000000e+00 -1.000000e+00
    outer loop
      vertex   1.350000e+02 1.250000e+02 0.000000e+00
      vertex   1.270665e+02 1.210876e+02 0.000000e+00
      vertex   1.279289e+02 1.220711e+02 0.000000e+00
    endloop
  endfacet
  facet normal 0.000000e+00 0.000000e+00 -1.000000e+00
    outer loop
      vertex   1.350000e+02 1.250000e+02 0.000000e+00
      vertex   1.279289e+02 1.220711e+02 0.000000e+00
      vertex   1.289124e+02 1.229335e+02 0.000000e+00
    endloop
  endfacet
  facet normal 0.000000e+00 0.000000e+00 -1.000000e+00
    outer loop
      vertex   1.289124e+02 1.229335e+02 0.000000e+00
      vertex   1.300000e+02 1.236603e+02 0.000000e+00
      vertex   1.350000e+02 1.250000e+02 0.000000e+00
    endloop
  endfacet
  facet normal 0.000000e+00 0.000000e+00 -1.000000e+00
    outer loop
      vertex   1.350000e+02 1.250000e+02 0.000000e+00
      vertex   1.300000e+02 1.236603e+02 0.000000e+00
      vertex   1.311732e+02 1.242388e+02 0.000000e+00
    endloop
  endfacet
  facet normal 0.000000e+00 0.000000e+00 -1.000000e+00
    outer loop
      vertex   1.350000e+02 1.250000e+02 0.000000e+00
      vertex   1.311732e+02 1.242388e+02 0.000000e+00
      vertex   1.324118e+02 1.246593e+02 0.000000e+00
    endloop
  endfacet
  facet normal 0.000000e+00 0.000000e+00 -1.000000e+00
    outer loop
      vertex   1.324118e+02 1.246593e+02 0.000000e+00
      vertex   1.336947e+02 1.249144e+02 0.000000e+00
      vertex   1.350000e+02 1.250000e+02 0.000000e+00
    endloop
  endfacet
  facet normal -0.000000e+00 -0.000000e+00 -1.000000e+00
    outer loop
      vertex   2.163053e+02 1.249144e+02 0.000000e+00
      vertex   2.175882e+02 1.246593e+02 0.000000e+00
      vertex   2.150000e+02 1.250000e+02 0.000000e+00
    endloop
  endfacet
  facet normal 0.000000e+00 0.000000e+00 -1.000000e+00
    outer loop
      vertex   2.150000e+02 1.250000e+02 0.000000e+00
      vertex   2.175882e+02 1.246593e+02 0.000000e+00
      vertex   2.188268e+02 1.242388e+02 0.000000e+00
    endloop
  endfacet
  facet normal 0.000000e+00 0.000000e+00 -1.000000e+00
    outer loop
      vertex   2.150000e+02 1.250000e+02 0.000000e+00
      vertex   2.188268e+02 1.242388e+02 0.000000e+00
      vertex   2.200000e+02 1.236603e+02 0.000000e+00
    endloop
  endfacet
  facet normal -0.000000e+00 -0.000000e+00 -1.000000e+00
    outer loop
      vertex   2.200000e+02 1.236603e+02 0.000000e+00
      vertex   2.210876e+02 1.229335e+02 0.000000e+00
      vertex   2.150000e+02 1.250000e+02 0.000000e+00
    endloop
  endfacet
  facet normal 0.000000e+00 0.000000e+00 -1.000000e+00
    outer loop
      vertex   2.150000e+02 1.250000e+02 0.000000e+00
      vertex   2.210876e+02 1.229335e+02 0.000000e+00
      vertex   2.220711e+02 1.220711e+02 0.000000e+00
    endloop
  endfacet
  facet normal 0.000000e+00 0.000000e+00 -1.000000e+00
    outer loop
      vertex   2.150000e+02 1.250000e+02 0.000000e+00
      vertex   2.220711e+02 1.220711e+02 0.000000e+00
      vertex   2.229335e+02 1.210876e+02 0.000000e+00
    endloop
  endfacet
  facet normal -0.000000e+00 -0.000000e+00 -1.000000e+00
    outer loop
      vertex   2.229335e+02 1.210876e+02 0.000000e+00
      vertex   2.236603e+02 1.200000e+02 0.000000e+00
      vertex   2.150000e+02 1.250000e+02 0.000000e+00
    endloop
  endfacet
  facet normal 0.000000e+00 0.000000e+00 -1.000000e+00
    outer loop
      vertex   2.150000e+02 1.250000e+02 0.000000e+00
      vertex   2.236603e+02 1.200000e+02 0.000000e+00
      vertex   2.242388e+02 1.188268e+02 0.000000e+00
    endloop
  endfacet
  facet normal 0.000000e+00 0.000000e+00 -1.000000e+00
    outer loop
      vertex   2.150000e+02 1.250000e+02 0.000000e+00
      vertex   2.242388e+02 1.188268e+02 0.000000e+00
      vertex   2.246593e+02 1.175882e+02 0.000000e+00
    endloop
  endfacet
  facet normal -0.000000e+00 -0.000000e+00 -1.000000e+00
    outer loop
      vertex   2.246593e+02 1.175882e+02 0.000000e+00
      vertex   2.249144e+02 1.163053e+02 0.000000e+00
      vertex   2.150000e+02 1.250000e+02 0.000000e+00
    endloop
  endfacet
  facet normal 0.000000e+00 0.000000e+00 -1.000000e+00
    outer loop
      vertex   2.150000e+02 1.250000e+02 0.000000e+00
      vertex   2.249144e+02 1.163053e+02 0.000000e+00
      vertex   2.250000e+02 1.150000e+02 0.000000e+00
    endloop
  endfacet
  facet normal 0.000000e+00 0.000000e+00 -1.000000e+00
    outer loop
      vertex   1.350000e+02 2.500000e+01 0.000000e+00
      vertex   1.336947e+02 2.508555e+01 0.000000e+00
      vertex   1.250000e+02 3.500000e+01 0.000000e+00
    endloop
  endfacet
  facet normal 0.000000e+00 0.000000e+00 -1.000000e+00
    outer loop
      vertex   1.250000e+02 3.500000e+01 0.000000e+00
      vertex   1.336947e+02 2.508555e+01 0.000000e+00
      vertex   1.324118e+02 2.534074e+01 0.000000e+00
    endloop
  endfacet
  facet normal 0.000000e+00 0.000000e+00 -1.000000e+00
    outer loop
      vertex   1.250000e+02 3.500000e+01 0.000000e+00
      vertex   1.324118e+02 2.534074e+01 0.000000e+00
      vertex   1.311732e+02 2.576120e+01 0.000000e+00
    endloop
  endfacet
  facet normal 0.000000e+00 0.000000e+00 -1.000000e+00
    outer loop
      vertex   1.311732e+02 2.576120e+01 0.000000e+00
      vertex   1.300000e+02 2.633975e+01 0.000000e+00
      vertex   1.250000e+02 3.500000e+01 0.000000e+00
    endloop
  endfacet
  facet normal 0.000000e+00 0.000000e+00 -1.000000e+00
    outer loop
      vertex   1.250000e+02 3.500000e+01 0.000000e+00
      vertex   1.300000e+02 2.633975e+01 0.000000e+00
      vertex   1.289124e+02 2.706647e+01 0.000000e+00
    endloop
  endfacet
  facet normal 0.000000e+00 0.000000e+00 -1.000000e+00
    outer loop
      vertex   1.250000e+02 3.500000e+01 0.000000e+00
      vertex   1.289124e+02 2.706647e+01 0.000000e+00
      vertex   1.279289e+02 2.792893e+01 0.000000e+00
    endloop
  endfacet
  facet normal 0.000000e+00 0.000000e+00 -1.000000e+00
    outer loop
      vertex   1.279289e+02 2.792893e+01 0.000000e+00
      vertex   1.270665e+02 2.891239e+01 0.000000e+00
      vertex   1.250000e+02 3.500000e+01 0.000000e+00
    endloop
  endfacet
  facet normal 0.000000e+00 0.000000e+00 -1.000000e+00
    outer loop
      vertex   1.250000e+02 3.500000e+01 0.000000e+00
      vertex   1.270665e+02 2.891239e+01 0.000000e+00
      vertex   1.263397e+02 3.000000e+01 0.000000e+00
    endloop
  endfacet
  facet normal 0.000000e+00 0.000000e+00 -1.000000e+00
    outer loop
      vertex   1.250000e+02 3.500000e+01 0.000000e+00
      vertex   1.263397e+02 3.000000e+01 0.000000e+00
      vertex   1.257612e+02 3.117317e+01 0.000000e+00
    endloop
  endfacet
  facet normal 0.000000e+00 0.000000e+00 -1.000000e+00
    outer loop
      vertex   1.257612e+02 3.117317e+01 0.000000e+00
      vertex   1.253407e+02 3.241181e+01 0.000000e+00
      vertex   1.250000e+02 3.500000e+01 0.000000e+00
    endloop
  endfacet
  facet normal 0.000000e+00 0.000000e+00 -1.000000e+00
    outer loop
      vertex   1.250000e+02 3.500000e+01 0.000000e+00
      vertex   1.253407e+02 3.241181e+01 0.000000e+00
      vertex   1.250856e+02 3.369474e+01 0.000000e+00
    endloop
  endfacet
endsolid
