solid ASCII
  facet normal -4.472759e-01 8.943960e-01 0.000000e+00
    outer loop
      vertex   4.144728e+01 -1.742763e+02 2.000000e+00
      vertex   4.436634e+01 -1.728165e+02 2.000000e+00
      vertex   4.144728e+01 -1.742763e+02 1.000000e+00
    endloop
  endfacet
  facet normal -4.472759e-01 8.943960e-01 0.000000e+00
    outer loop
      vertex   4.144728e+01 -1.742763e+02 1.000000e+00
      vertex   4.436634e+01 -1.728165e+02 2.000000e+00
      vertex   4.436634e+01 -1.728165e+02 1.000000e+00
    endloop
  endfacet
  facet normal -5.362819e-01 8.440389e-01 0.000000e+00
    outer loop
      vertex   4.436634e+01 -1.728165e+02 1.000000e+00
      vertex   4.436634e+01 -1.728165e+02 2.000000e+00
      vertex   4.488355e+01 -1.724879e+02 1.000000e+00
    endloop
  endfacet
  facet normal -5.362819e-01 8.440389e-01 0.000000e+00
    outer loop
      vertex   4.488355e+01 -1.724879e+02 1.000000e+00
      vertex   4.436634e+01 -1.728165e+02 2.000000e+00
      vertex   4.488355e+01 -1.724879e+02 2.000000e+00
    endloop
  endfacet
  facet normal -6.965967e-01 7.174629e-01 0.000000e+00
    outer loop
      vertex   4.488355e+01 -1.724879e+02 1.000000e+00
      vertex   4.488355e+01 -1.724879e+02 2.000000e+00
      vertex   4.532320e+01 -1.720611e+02 2.000000e+00
    endloop
  endfacet
  facet normal -6.965967e-01 7.174629e-01 0.000000e+00
    outer loop
      vertex   4.488355e+01 -1.724879e+02 1.000000e+00
      vertex   4.532320e+01 -1.720611e+02 2.000000e+00
      vertex   4.532320e+01 -1.720611e+02 1.000000e+00
    endloop
  endfacet
  facet normal -8.278478e-01 5.609528e-01 0.000000e+00
    outer loop
      vertex   4.532320e+01 -1.720611e+02 1.000000e+00
      vertex   4.532320e+01 -1.720611e+02 2.000000e+00
      vertex   4.566694e+01 -1.715538e+02 2.000000e+00
    endloop
  endfacet
  facet normal -8.278478e-01 5.609528e-01 0.000000e+00
    outer loop
      vertex   4.532320e+01 -1.720611e+02 1.000000e+00
      vertex   4.566694e+01 -1.715538e+02 2.000000e+00
      vertex   4.566694e+01 -1.715538e+02 1.000000e+00
    endloop
  endfacet
  facet normal -9.245592e-01 3.810384e-01 0.000000e+00
    outer loop
      vertex   4.566694e+01 -1.715538e+02 1.000000e+00
      vertex   4.566694e+01 -1.715538e+02 2.000000e+00
      vertex   4.590043e+01 -1.709872e+02 2.000000e+00
    endloop
  endfacet
  facet normal -9.245592e-01 3.810384e-01 0.000000e+00
    outer loop
      vertex   4.566694e+01 -1.715538e+02 1.000000e+00
      vertex   4.590043e+01 -1.709872e+02 2.000000e+00
      vertex   4.590043e+01 -1.709872e+02 1.000000e+00
    endloop
  endfacet
  facet normal -9.826959e-01 1.852262e-01 0.000000e+00
    outer loop
      vertex   4.590043e+01 -1.709872e+02 1.000000e+00
      vertex   4.590043e+01 -1.709872e+02 2.000000e+00
      vertex   4.601393e+01 -1.703850e+02 2.000000e+00
    endloop
  endfacet
  facet normal -9.826959e-01 1.852262e-01 0.000000e+00
    outer loop
      vertex   4.590043e+01 -1.709872e+02 1.000000e+00
      vertex   4.601393e+01 -1.703850e+02 2.000000e+00
      vertex   4.601393e+01 -1.703850e+02 1.000000e+00
    endloop
  endfacet
  facet normal -9.998323e-01 -1.831408e-02 0.000000e+00
    outer loop
      vertex   4.601393e+01 -1.703850e+02 1.000000e+00
      vertex   4.601393e+01 -1.703850e+02 2.000000e+00
      vertex   4.600271e+01 -1.697724e+02 1.000000e+00
    endloop
  endfacet
  facet normal -9.998323e-01 -1.831408e-02 0.000000e+00
    outer loop
      vertex   4.600271e+01 -1.697724e+02 1.000000e+00
      vertex   4.601393e+01 -1.703850e+02 2.000000e+00
      vertex   4.600271e+01 -1.697724e+02 2.000000e+00
    endloop
  endfacet
  facet normal -9.927338e-01 -1.203314e-01 -0.000000e+00
    outer loop
      vertex   4.600271e+01 -1.697724e+02 2.000000e+00
      vertex   4.495470e+01 -1.611263e+02 2.000000e+00
      vertex   4.600271e+01 -1.697724e+02 1.000000e+00
    endloop
  endfacet
  facet normal -9.927338e-01 -1.203314e-01 0.000000e+00
    outer loop
      vertex   4.600271e+01 -1.697724e+02 1.000000e+00
      vertex   4.495470e+01 -1.611263e+02 2.000000e+00
      vertex   4.495470e+01 -1.611263e+02 1.000000e+00
    endloop
  endfacet
  facet normal -9.713001e-01 -2.378573e-01 0.000000e+00
    outer loop
      vertex   4.495470e+01 -1.611263e+02 1.000000e+00
      vertex   4.495470e+01 -1.611263e+02 2.000000e+00
      vertex   4.494052e+01 -1.610684e+02 1.000000e+00
    endloop
  endfacet
  facet normal -9.713001e-01 -2.378573e-01 0.000000e+00
    outer loop
      vertex   4.494052e+01 -1.610684e+02 1.000000e+00
      vertex   4.495470e+01 -1.611263e+02 2.000000e+00
      vertex   4.494052e+01 -1.610684e+02 2.000000e+00
    endloop
  endfacet
  facet normal -8.873500e-01 -4.610964e-01 0.000000e+00
    outer loop
      vertex   4.494052e+01 -1.610684e+02 1.000000e+00
      vertex   4.494052e+01 -1.610684e+02 2.000000e+00
      vertex   4.491303e+01 -1.610155e+02 1.000000e+00
    endloop
  endfacet
  facet normal -8.873500e-01 -4.610964e-01 0.000000e+00
    outer loop
      vertex   4.491303e+01 -1.610155e+02 1.000000e+00
      vertex   4.494052e+01 -1.610684e+02 2.000000e+00
      vertex   4.491303e+01 -1.610155e+02 2.000000e+00
    endloop
  endfacet
  facet normal -7.529246e-01 -6.581068e-01 0.000000e+00
    outer loop
      vertex   4.491303e+01 -1.610155e+02 1.000000e+00
      vertex   4.491303e+01 -1.610155e+02 2.000000e+00
      vertex   4.487379e+01 -1.609706e+02 1.000000e+00
    endloop
  endfacet
  facet normal -7.529246e-01 -6.581068e-01 0.000000e+00
    outer loop
      vertex   4.487379e+01 -1.609706e+02 1.000000e+00
      vertex   4.491303e+01 -1.610155e+02 2.000000e+00
      vertex   4.487379e+01 -1.609706e+02 2.000000e+00
    endloop
  endfacet
  facet normal -5.756702e-01 -8.176820e-01 0.000000e+00
    outer loop
      vertex   4.487379e+01 -1.609706e+02 1.000000e+00
      vertex   4.487379e+01 -1.609706e+02 2.000000e+00
      vertex   4.482503e+01 -1.609362e+02 1.000000e+00
    endloop
  endfacet
  facet normal -5.756702e-01 -8.176820e-01 0.000000e+00
    outer loop
      vertex   4.482503e+01 -1.609362e+02 1.000000e+00
      vertex   4.487379e+01 -1.609706e+02 2.000000e+00
      vertex   4.482503e+01 -1.609362e+02 2.000000e+00
    endloop
  endfacet
  facet normal -4.204890e-01 -9.072976e-01 -0.000000e+00
    outer loop
      vertex   4.482503e+01 -1.609362e+02 2.000000e+00
      vertex   4.437204e+01 -1.607263e+02 2.000000e+00
      vertex   4.482503e+01 -1.609362e+02 1.000000e+00
    endloop
  endfacet
  facet normal -4.204890e-01 -9.072976e-01 0.000000e+00
    outer loop
      vertex   4.482503e+01 -1.609362e+02 1.000000e+00
      vertex   4.437204e+01 -1.607263e+02 2.000000e+00
      vertex   4.437204e+01 -1.607263e+02 1.000000e+00
    endloop
  endfacet
  facet normal -2.991121e-01 -9.542180e-01 0.000000e+00
    outer loop
      vertex   4.437204e+01 -1.607263e+02 1.000000e+00
      vertex   4.437204e+01 -1.607263e+02 2.000000e+00
      vertex   4.391484e+01 -1.605830e+02 2.000000e+00
    endloop
  endfacet
  facet normal -2.991121e-01 -9.542180e-01 0.000000e+00
    outer loop
      vertex   4.437204e+01 -1.607263e+02 1.000000e+00
      vertex   4.391484e+01 -1.605830e+02 2.000000e+00
      vertex   4.391484e+01 -1.605830e+02 1.000000e+00
    endloop
  endfacet
  facet normal -1.605938e-01 -9.870206e-01 0.000000e+00
    outer loop
      vertex   4.391484e+01 -1.605830e+02 1.000000e+00
      vertex   4.391484e+01 -1.605830e+02 2.000000e+00
      vertex   4.345310e+01 -1.605079e+02 2.000000e+00
    endloop
  endfacet
  facet normal -1.605938e-01 -9.870206e-01 0.000000e+00
    outer loop
      vertex   4.391484e+01 -1.605830e+02 1.000000e+00
      vertex   4.345310e+01 -1.605079e+02 2.000000e+00
      vertex   4.345310e+01 -1.605079e+02 1.000000e+00
    endloop
  endfacet
  facet normal -1.522694e-02 -9.998841e-01 0.000000e+00
    outer loop
      vertex   4.345310e+01 -1.605079e+02 1.000000e+00
      vertex   4.345310e+01 -1.605079e+02 2.000000e+00
      vertex   4.298612e+01 -1.605007e+02 2.000000e+00
    endloop
  endfacet
  facet normal -1.522694e-02 -9.998841e-01 0.000000e+00
    outer loop
      vertex   4.345310e+01 -1.605079e+02 1.000000e+00
      vertex   4.298612e+01 -1.605007e+02 2.000000e+00
      vertex   4.298612e+01 -1.605007e+02 1.000000e+00
    endloop
  endfacet
  facet normal 1.185395e-01 -9.929493e-01 0.000000e+00
    outer loop
      vertex   4.298612e+01 -1.605007e+02 1.000000e+00
      vertex   4.298612e+01 -1.605007e+02 2.000000e+00
      vertex   4.251277e+01 -1.605572e+02 2.000000e+00
    endloop
  endfacet
  facet normal 1.185395e-01 -9.929493e-01 0.000000e+00
    outer loop
      vertex   4.298612e+01 -1.605007e+02 1.000000e+00
      vertex   4.251277e+01 -1.605572e+02 2.000000e+00
      vertex   4.251277e+01 -1.605572e+02 1.000000e+00
    endloop
  endfacet
  facet normal 2.227995e-01 -9.748643e-01 0.000000e+00
    outer loop
      vertex   4.251277e+01 -1.605572e+02 1.000000e+00
      vertex   4.251277e+01 -1.605572e+02 2.000000e+00
      vertex   4.203166e+01 -1.606672e+02 2.000000e+00
    endloop
  endfacet
  facet normal 2.227995e-01 -9.748643e-01 0.000000e+00
    outer loop
      vertex   4.251277e+01 -1.605572e+02 1.000000e+00
      vertex   4.203166e+01 -1.606672e+02 2.000000e+00
      vertex   4.203166e+01 -1.606672e+02 1.000000e+00
    endloop
  endfacet
  facet normal 3.061136e-01 -9.519950e-01 0.000000e+00
    outer loop
      vertex   4.203166e+01 -1.606672e+02 1.000000e+00
      vertex   4.203166e+01 -1.606672e+02 2.000000e+00
      vertex   4.104481e+01 -1.609845e+02 2.000000e+00
    endloop
  endfacet
  facet normal 3.061136e-01 -9.519950e-01 0.000000e+00
    outer loop
      vertex   4.203166e+01 -1.606672e+02 1.000000e+00
      vertex   4.104481e+01 -1.609845e+02 2.000000e+00
      vertex   4.104481e+01 -1.609845e+02 1.000000e+00
    endloop
  endfacet
  facet normal 3.074082e-01 -9.515778e-01 0.000000e+00
    outer loop
      vertex   4.104481e+01 -1.609845e+02 1.000000e+00
      vertex   4.104481e+01 -1.609845e+02 2.000000e+00
      vertex   4.004646e+01 -1.613070e+02 2.000000e+00
    endloop
  endfacet
  facet normal 3.074082e-01 -9.515778e-01 0.000000e+00
    outer loop
      vertex   4.104481e+01 -1.609845e+02 1.000000e+00
      vertex   4.004646e+01 -1.613070e+02 2.000000e+00
      vertex   4.004646e+01 -1.613070e+02 1.000000e+00
    endloop
  endfacet
  facet normal 2.351691e-01 -9.719545e-01 0.000000e+00
    outer loop
      vertex   4.004646e+01 -1.613070e+02 1.000000e+00
      vertex   4.004646e+01 -1.613070e+02 2.000000e+00
      vertex   3.956108e+01 -1.614245e+02 2.000000e+00
    endloop
  endfacet
  facet normal 2.351691e-01 -9.719545e-01 0.000000e+00
    outer loop
      vertex   4.004646e+01 -1.613070e+02 1.000000e+00
      vertex   3.956108e+01 -1.614245e+02 2.000000e+00
      vertex   3.956108e+01 -1.614245e+02 1.000000e+00
    endloop
  endfacet
  facet normal 1.451063e-01 -9.894161e-01 0.000000e+00
    outer loop
      vertex   3.956108e+01 -1.614245e+02 1.000000e+00
      vertex   3.956108e+01 -1.614245e+02 2.000000e+00
      vertex   3.909464e+01 -1.614929e+02 2.000000e+00
    endloop
  endfacet
  facet normal 1.451063e-01 -9.894161e-01 0.000000e+00
    outer loop
      vertex   3.956108e+01 -1.614245e+02 1.000000e+00
      vertex   3.909464e+01 -1.614929e+02 2.000000e+00
      vertex   3.909464e+01 -1.614929e+02 1.000000e+00
    endloop
  endfacet
  facet normal 2.233525e-02 -9.997505e-01 0.000000e+00
    outer loop
      vertex   3.909464e+01 -1.614929e+02 1.000000e+00
      vertex   3.909464e+01 -1.614929e+02 2.000000e+00
      vertex   3.864920e+01 -1.615028e+02 2.000000e+00
    endloop
  endfacet
  facet normal 2.233525e-02 -9.997505e-01 0.000000e+00
    outer loop
      vertex   3.909464e+01 -1.614929e+02 1.000000e+00
      vertex   3.864920e+01 -1.615028e+02 2.000000e+00
      vertex   3.864920e+01 -1.615028e+02 1.000000e+00
    endloop
  endfacet
  facet normal -1.208170e-01 -9.926748e-01 0.000000e+00
    outer loop
      vertex   3.864920e+01 -1.615028e+02 1.000000e+00
      vertex   3.864920e+01 -1.615028e+02 2.000000e+00
      vertex   3.821990e+01 -1.614506e+02 2.000000e+00
    endloop
  endfacet
  facet normal -1.208170e-01 -9.926748e-01 0.000000e+00
    outer loop
      vertex   3.864920e+01 -1.615028e+02 1.000000e+00
      vertex   3.821990e+01 -1.614506e+02 2.000000e+00
      vertex   3.821990e+01 -1.614506e+02 1.000000e+00
    endloop
  endfacet
  facet normal -2.601754e-01 -9.655614e-01 0.000000e+00
    outer loop
      vertex   3.821990e+01 -1.614506e+02 1.000000e+00
      vertex   3.821990e+01 -1.614506e+02 2.000000e+00
      vertex   3.779725e+01 -1.613367e+02 2.000000e+00
    endloop
  endfacet
  facet normal -2.601754e-01 -9.655614e-01 0.000000e+00
    outer loop
      vertex   3.821990e+01 -1.614506e+02 1.000000e+00
      vertex   3.779725e+01 -1.613367e+02 2.000000e+00
      vertex   3.779725e+01 -1.613367e+02 1.000000e+00
    endloop
  endfacet
  facet normal -3.774857e-01 -9.260154e-01 0.000000e+00
    outer loop
      vertex   3.779725e+01 -1.613367e+02 1.000000e+00
      vertex   3.779725e+01 -1.613367e+02 2.000000e+00
      vertex   3.737204e+01 -1.611634e+02 2.000000e+00
    endloop
  endfacet
  facet normal -3.774857e-01 -9.260154e-01 0.000000e+00
    outer loop
      vertex   3.779725e+01 -1.613367e+02 1.000000e+00
      vertex   3.737204e+01 -1.611634e+02 2.000000e+00
      vertex   3.737204e+01 -1.611634e+02 1.000000e+00
    endloop
  endfacet
  facet normal -3.175792e-01 -9.482317e-01 0.000000e+00
    outer loop
      vertex   3.737204e+01 -1.611634e+02 1.000000e+00
      vertex   3.737204e+01 -1.611634e+02 2.000000e+00
      vertex   3.731612e+01 -1.611446e+02 1.000000e+00
    endloop
  endfacet
  facet normal -3.175792e-01 -9.482317e-01 0.000000e+00
    outer loop
      vertex   3.731612e+01 -1.611446e+02 1.000000e+00
      vertex   3.737204e+01 -1.611634e+02 2.000000e+00
      vertex   3.731612e+01 -1.611446e+02 2.000000e+00
    endloop
  endfacet
  facet normal -8.662033e-02 -9.962414e-01 0.000000e+00
    outer loop
      vertex   3.731612e+01 -1.611446e+02 1.000000e+00
      vertex   3.731612e+01 -1.611446e+02 2.000000e+00
      vertex   3.725736e+01 -1.611395e+02 1.000000e+00
    endloop
  endfacet
  facet normal -8.662033e-02 -9.962414e-01 0.000000e+00
    outer loop
      vertex   3.725736e+01 -1.611395e+02 1.000000e+00
      vertex   3.731612e+01 -1.611446e+02 2.000000e+00
      vertex   3.725736e+01 -1.611395e+02 2.000000e+00
    endloop
  endfacet
  facet normal 1.491587e-01 -9.888133e-01 0.000000e+00
    outer loop
      vertex   3.725736e+01 -1.611395e+02 1.000000e+00
      vertex   3.725736e+01 -1.611395e+02 2.000000e+00
      vertex   3.719905e+01 -1.611483e+02 1.000000e+00
    endloop
  endfacet
  facet normal 1.491587e-01 -9.888133e-01 0.000000e+00
    outer loop
      vertex   3.719905e+01 -1.611483e+02 1.000000e+00
      vertex   3.725736e+01 -1.611395e+02 2.000000e+00
      vertex   3.719905e+01 -1.611483e+02 2.000000e+00
    endloop
  endfacet
  facet normal 3.766375e-01 -9.263607e-01 0.000000e+00
    outer loop
      vertex   3.719905e+01 -1.611483e+02 1.000000e+00
      vertex   3.719905e+01 -1.611483e+02 2.000000e+00
      vertex   3.714442e+01 -1.611705e+02 1.000000e+00
    endloop
  endfacet
  facet normal 3.766375e-01 -9.263607e-01 0.000000e+00
    outer loop
      vertex   3.714442e+01 -1.611705e+02 1.000000e+00
      vertex   3.719905e+01 -1.611483e+02 2.000000e+00
      vertex   3.714442e+01 -1.611705e+02 2.000000e+00
    endloop
  endfacet
  facet normal 5.831576e-01 -8.123591e-01 0.000000e+00
    outer loop
      vertex   3.714442e+01 -1.611705e+02 1.000000e+00
      vertex   3.714442e+01 -1.611705e+02 2.000000e+00
      vertex   3.709651e+01 -1.612049e+02 1.000000e+00
    endloop
  endfacet
  facet normal 5.831576e-01 -8.123591e-01 0.000000e+00
    outer loop
      vertex   3.709651e+01 -1.612049e+02 1.000000e+00
      vertex   3.714442e+01 -1.611705e+02 2.000000e+00
      vertex   3.709651e+01 -1.612049e+02 2.000000e+00
    endloop
  endfacet
  facet normal 7.572267e-01 -6.531521e-01 0.000000e+00
    outer loop
      vertex   3.709651e+01 -1.612049e+02 1.000000e+00
      vertex   3.709651e+01 -1.612049e+02 2.000000e+00
      vertex   3.705799e+01 -1.612496e+02 1.000000e+00
    endloop
  endfacet
  facet normal 7.572267e-01 -6.531521e-01 0.000000e+00
    outer loop
      vertex   3.705799e+01 -1.612496e+02 1.000000e+00
      vertex   3.709651e+01 -1.612049e+02 2.000000e+00
      vertex   3.705799e+01 -1.612496e+02 2.000000e+00
    endloop
  endfacet
  facet normal 8.891586e-01 -4.575992e-01 0.000000e+00
    outer loop
      vertex   3.705799e+01 -1.612496e+02 1.000000e+00
      vertex   3.705799e+01 -1.612496e+02 2.000000e+00
      vertex   3.703100e+01 -1.613020e+02 1.000000e+00
    endloop
  endfacet
  facet normal 8.891586e-01 -4.575992e-01 0.000000e+00
    outer loop
      vertex   3.703100e+01 -1.613020e+02 1.000000e+00
      vertex   3.705799e+01 -1.612496e+02 2.000000e+00
      vertex   3.703100e+01 -1.613020e+02 2.000000e+00
    endloop
  endfacet
  facet normal 9.716114e-01 -2.365824e-01 0.000000e+00
    outer loop
      vertex   3.703100e+01 -1.613020e+02 1.000000e+00
      vertex   3.703100e+01 -1.613020e+02 2.000000e+00
      vertex   3.701705e+01 -1.613593e+02 1.000000e+00
    endloop
  endfacet
  facet normal 9.716114e-01 -2.365824e-01 0.000000e+00
    outer loop
      vertex   3.701705e+01 -1.613593e+02 1.000000e+00
      vertex   3.703100e+01 -1.613020e+02 2.000000e+00
      vertex   3.701705e+01 -1.613593e+02 2.000000e+00
    endloop
  endfacet
  facet normal 9.927338e-01 -1.203314e-01 0.000000e+00
    outer loop
      vertex   3.701705e+01 -1.613593e+02 2.000000e+00
      vertex   3.599729e+01 -1.697724e+02 2.000000e+00
      vertex   3.701705e+01 -1.613593e+02 1.000000e+00
    endloop
  endfacet
  facet normal 9.927338e-01 -1.203314e-01 0.000000e+00
    outer loop
      vertex   3.701705e+01 -1.613593e+02 1.000000e+00
      vertex   3.599729e+01 -1.697724e+02 2.000000e+00
      vertex   3.599729e+01 -1.697724e+02 1.000000e+00
    endloop
  endfacet
  facet normal 9.998323e-01 -1.831408e-02 0.000000e+00
    outer loop
      vertex   3.599729e+01 -1.697724e+02 1.000000e+00
      vertex   3.599729e+01 -1.697724e+02 2.000000e+00
      vertex   3.598607e+01 -1.703850e+02 1.000000e+00
    endloop
  endfacet
  facet normal 9.998323e-01 -1.831408e-02 0.000000e+00
    outer loop
      vertex   3.598607e+01 -1.703850e+02 1.000000e+00
      vertex   3.599729e+01 -1.697724e+02 2.000000e+00
      vertex   3.598607e+01 -1.703850e+02 2.000000e+00
    endloop
  endfacet
  facet normal 9.826959e-01 1.852262e-01 -0.000000e+00
    outer loop
      vertex   3.598607e+01 -1.703850e+02 1.000000e+00
      vertex   3.598607e+01 -1.703850e+02 2.000000e+00
      vertex   3.609957e+01 -1.709872e+02 2.000000e+00
    endloop
  endfacet
  facet normal 9.826959e-01 1.852262e-01 0.000000e+00
    outer loop
      vertex   3.598607e+01 -1.703850e+02 1.000000e+00
      vertex   3.609957e+01 -1.709872e+02 2.000000e+00
      vertex   3.609957e+01 -1.709872e+02 1.000000e+00
    endloop
  endfacet
  facet normal 9.245592e-01 3.810384e-01 -0.000000e+00
    outer loop
      vertex   3.609957e+01 -1.709872e+02 1.000000e+00
      vertex   3.609957e+01 -1.709872e+02 2.000000e+00
      vertex   3.633306e+01 -1.715538e+02 2.000000e+00
    endloop
  endfacet
  facet normal 9.245592e-01 3.810384e-01 0.000000e+00
    outer loop
      vertex   3.609957e+01 -1.709872e+02 1.000000e+00
      vertex   3.633306e+01 -1.715538e+02 2.000000e+00
      vertex   3.633306e+01 -1.715538e+02 1.000000e+00
    endloop
  endfacet
  facet normal 8.278478e-01 5.609528e-01 -0.000000e+00
    outer loop
      vertex   3.633306e+01 -1.715538e+02 1.000000e+00
      vertex   3.633306e+01 -1.715538e+02 2.000000e+00
      vertex   3.667681e+01 -1.720611e+02 2.000000e+00
    endloop
  endfacet
  facet normal 8.278478e-01 5.609528e-01 -5.888277e-15
    outer loop
      vertex   3.633306e+01 -1.715538e+02 1.000000e+00
      vertex   3.667681e+01 -1.720611e+02 2.000000e+00
      vertex   3.667681e+01 -1.720611e+02 1.000000e+00
    endloop
  endfacet
  facet normal 6.965967e-01 7.174629e-01 -4.949617e-15
    outer loop
      vertex   3.667681e+01 -1.720611e+02 1.000000e+00
      vertex   3.667681e+01 -1.720611e+02 2.000000e+00
      vertex   3.711645e+01 -1.724879e+02 2.000000e+00
    endloop
  endfacet
  facet normal 6.965967e-01 7.174629e-01 -4.937094e-15
    outer loop
      vertex   3.667681e+01 -1.720611e+02 1.000000e+00
      vertex   3.711645e+01 -1.724879e+02 2.000000e+00
      vertex   3.711645e+01 -1.724879e+02 1.000000e+00
    endloop
  endfacet
  facet normal 5.362819e-01 8.440389e-01 -3.810512e-15
    outer loop
      vertex   3.711645e+01 -1.724879e+02 1.000000e+00
      vertex   3.711645e+01 -1.724879e+02 2.000000e+00
      vertex   3.763366e+01 -1.728165e+02 1.000000e+00
    endloop
  endfacet
  facet normal 5.362819e-01 8.440389e-01 -0.000000e+00
    outer loop
      vertex   3.763366e+01 -1.728165e+02 1.000000e+00
      vertex   3.711645e+01 -1.724879e+02 2.000000e+00
      vertex   3.763366e+01 -1.728165e+02 2.000000e+00
    endloop
  endfacet
  facet normal 4.472759e-01 8.943960e-01 0.000000e+00
    outer loop
      vertex   3.763366e+01 -1.728165e+02 2.000000e+00
      vertex   4.055272e+01 -1.742763e+02 2.000000e+00
      vertex   3.763366e+01 -1.728165e+02 1.000000e+00
    endloop
  endfacet
  facet normal 4.472759e-01 8.943960e-01 0.000000e+00
    outer loop
      vertex   3.763366e+01 -1.728165e+02 1.000000e+00
      vertex   4.055272e+01 -1.742763e+02 2.000000e+00
      vertex   4.055272e+01 -1.742763e+02 1.000000e+00
    endloop
  endfacet
  facet normal 3.408190e-01 9.401289e-01 -0.000000e+00
    outer loop
      vertex   4.055272e+01 -1.742763e+02 1.000000e+00
      vertex   4.055272e+01 -1.742763e+02 2.000000e+00
      vertex   4.077021e+01 -1.743552e+02 1.000000e+00
    endloop
  endfacet
  facet normal 3.408190e-01 9.401289e-01 -0.000000e+00
    outer loop
      vertex   4.077021e+01 -1.743552e+02 1.000000e+00
      vertex   4.055272e+01 -1.742763e+02 2.000000e+00
      vertex   4.077021e+01 -1.743552e+02 2.000000e+00
    endloop
  endfacet
  facet normal 1.156698e-01 9.932877e-01 -0.000000e+00
    outer loop
      vertex   4.077021e+01 -1.743552e+02 1.000000e+00
      vertex   4.077021e+01 -1.743552e+02 2.000000e+00
      vertex   4.100000e+01 -1.743819e+02 1.000000e+00
    endloop
  endfacet
  facet normal 1.156698e-01 9.932877e-01 -0.000000e+00
    outer loop
      vertex   4.100000e+01 -1.743819e+02 1.000000e+00
      vertex   4.077021e+01 -1.743552e+02 2.000000e+00
      vertex   4.100000e+01 -1.743819e+02 2.000000e+00
    endloop
  endfacet
  facet normal -1.156698e-01 9.932877e-01 0.000000e+00
    outer loop
      vertex   4.100000e+01 -1.743819e+02 1.000000e+00
      vertex   4.100000e+01 -1.743819e+02 2.000000e+00
      vertex   4.122979e+01 -1.743552e+02 1.000000e+00
    endloop
  endfacet
  facet normal -1.156698e-01 9.932877e-01 0.000000e+00
    outer loop
      vertex   4.122979e+01 -1.743552e+02 1.000000e+00
      vertex   4.100000e+01 -1.743819e+02 2.000000e+00
      vertex   4.122979e+01 -1.743552e+02 2.000000e+00
    endloop
  endfacet
  facet normal -3.408190e-01 9.401289e-01 0.000000e+00
    outer loop
      vertex   4.122979e+01 -1.743552e+02 1.000000e+00
      vertex   4.122979e+01 -1.743552e+02 2.000000e+00
      vertex   4.144728e+01 -1.742763e+02 1.000000e+00
    endloop
  endfacet
  facet normal -3.408190e-01 9.401289e-01 0.000000e+00
    outer loop
      vertex   4.144728e+01 -1.742763e+02 1.000000e+00
      vertex   4.122979e+01 -1.743552e+02 2.000000e+00
      vertex   4.144728e+01 -1.742763e+02 2.000000e+00
    endloop
  endfacet
  facet normal -0.000000e+00 -0.000000e+00 1.000000e+00
    outer loop
      vertex   4.077021e+01 -1.743552e+02 1.000000e+00
      vertex   4.100000e+01 -1.743819e+02 1.000000e+00
      vertex   4.055272e+01 -1.742763e+02 1.000000e+00
    endloop
  endfacet
  facet normal 0.000000e+00 0.000000e+00 1.000000e+00
    outer loop
      vertex   4.055272e+01 -1.742763e+02 1.000000e+00
      vertex   4.100000e+01 -1.743819e+02 1.000000e+00
      vertex   4.122979e+01 -1.743552e+02 1.000000e+00
    endloop
  endfacet
  facet normal -0.000000e+00 0.000000e+00 1.000000e+00
    outer loop
      vertex   4.055272e+01 -1.742763e+02 1.000000e+00
      vertex   4.122979e+01 -1.743552e+02 1.000000e+00
      vertex   4.144728e+01 -1.742763e+02 1.000000e+00
    endloop
  endfacet
  facet normal 0.000000e+00 -0.000000e+00 1.000000e+00
    outer loop
      vertex   4.055272e+01 -1.742763e+02 1.000000e+00
      vertex   4.144728e+01 -1.742763e+02 1.000000e+00
      vertex   4.004646e+01 -1.613070e+02 1.000000e+00
    endloop
  endfacet
  facet normal 0.000000e+00 0.000000e+00 1.000000e+00
    outer loop
      vertex   4.004646e+01 -1.613070e+02 1.000000e+00
      vertex   4.144728e+01 -1.742763e+02 1.000000e+00
      vertex   4.436634e+01 -1.728165e+02 1.000000e+00
    endloop
  endfacet
  facet normal 0.000000e+00 0.000000e+00 1.000000e+00
    outer loop
      vertex   4.004646e+01 -1.613070e+02 1.000000e+00
      vertex   4.436634e+01 -1.728165e+02 1.000000e+00
      vertex   4.600271e+01 -1.697724e+02 1.000000e+00
    endloop
  endfacet
  facet normal 0.000000e+00 0.000000e+00 1.000000e+00
    outer loop
      vertex   4.600271e+01 -1.697724e+02 1.000000e+00
      vertex   4.436634e+01 -1.728165e+02 1.000000e+00
      vertex   4.488355e+01 -1.724879e+02 1.000000e+00
    endloop
  endfacet
  facet normal 0.000000e+00 0.000000e+00 1.000000e+00
    outer loop
      vertex   4.600271e+01 -1.697724e+02 1.000000e+00
      vertex   4.488355e+01 -1.724879e+02 1.000000e+00
      vertex   4.532320e+01 -1.720611e+02 1.000000e+00
    endloop
  endfacet
  facet normal 0.000000e+00 0.000000e+00 1.000000e+00
    outer loop
      vertex   4.532320e+01 -1.720611e+02 1.000000e+00
      vertex   4.566694e+01 -1.715538e+02 1.000000e+00
      vertex   4.600271e+01 -1.697724e+02 1.000000e+00
    endloop
  endfacet
  facet normal 0.000000e+00 0.000000e+00 1.000000e+00
    outer loop
      vertex   4.600271e+01 -1.697724e+02 1.000000e+00
      vertex   4.566694e+01 -1.715538e+02 1.000000e+00
      vertex   4.590043e+01 -1.709872e+02 1.000000e+00
    endloop
  endfacet
  facet normal 0.000000e+00 0.000000e+00 1.000000e+00
    outer loop
      vertex   4.600271e+01 -1.697724e+02 1.000000e+00
      vertex   4.590043e+01 -1.709872e+02 1.000000e+00
      vertex   4.601393e+01 -1.703850e+02 1.000000e+00
    endloop
  endfacet
  facet normal 0.000000e+00 0.000000e+00 1.000000e+00
    outer loop
      vertex   4.495470e+01 -1.611263e+02 1.000000e+00
      vertex   4.298612e+01 -1.605007e+02 1.000000e+00
      vertex   4.600271e+01 -1.697724e+02 1.000000e+00
    endloop
  endfacet
  facet normal 0.000000e+00 0.000000e+00 1.000000e+00
    outer loop
      vertex   4.600271e+01 -1.697724e+02 1.000000e+00
      vertex   4.298612e+01 -1.605007e+02 1.000000e+00
      vertex   4.251277e+01 -1.605572e+02 1.000000e+00
    endloop
  endfacet
  facet normal 0.000000e+00 0.000000e+00 1.000000e+00
    outer loop
      vertex   4.600271e+01 -1.697724e+02 1.000000e+00
      vertex   4.251277e+01 -1.605572e+02 1.000000e+00
      vertex   4.203166e+01 -1.606672e+02 1.000000e+00
    endloop
  endfacet
  facet normal 0.000000e+00 0.000000e+00 1.000000e+00
    outer loop
      vertex   4.494052e+01 -1.610684e+02 1.000000e+00
      vertex   4.491303e+01 -1.610155e+02 1.000000e+00
      vertex   4.495470e+01 -1.611263e+02 1.000000e+00
    endloop
  endfacet
  facet normal 0.000000e+00 0.000000e+00 1.000000e+00
    outer loop
      vertex   4.495470e+01 -1.611263e+02 1.000000e+00
      vertex   4.491303e+01 -1.610155e+02 1.000000e+00
      vertex   4.487379e+01 -1.609706e+02 1.000000e+00
    endloop
  endfacet
  facet normal 0.000000e+00 0.000000e+00 1.000000e+00
    outer loop
      vertex   4.495470e+01 -1.611263e+02 1.000000e+00
      vertex   4.487379e+01 -1.609706e+02 1.000000e+00
      vertex   4.482503e+01 -1.609362e+02 1.000000e+00
    endloop
  endfacet
  facet normal 0.000000e+00 0.000000e+00 1.000000e+00
    outer loop
      vertex   4.482503e+01 -1.609362e+02 1.000000e+00
      vertex   4.437204e+01 -1.607263e+02 1.000000e+00
      vertex   4.495470e+01 -1.611263e+02 1.000000e+00
    endloop
  endfacet
  facet normal 0.000000e+00 0.000000e+00 1.000000e+00
    outer loop
      vertex   4.495470e+01 -1.611263e+02 1.000000e+00
      vertex   4.437204e+01 -1.607263e+02 1.000000e+00
      vertex   4.391484e+01 -1.605830e+02 1.000000e+00
    endloop
  endfacet
  facet normal 0.000000e+00 0.000000e+00 1.000000e+00
    outer loop
      vertex   4.495470e+01 -1.611263e+02 1.000000e+00
      vertex   4.391484e+01 -1.605830e+02 1.000000e+00
      vertex   4.345310e+01 -1.605079e+02 1.000000e+00
    endloop
  endfacet
  facet normal 0.000000e+00 0.000000e+00 1.000000e+00
    outer loop
      vertex   4.345310e+01 -1.605079e+02 1.000000e+00
      vertex   4.298612e+01 -1.605007e+02 1.000000e+00
      vertex   4.495470e+01 -1.611263e+02 1.000000e+00
    endloop
  endfacet
  facet normal 0.000000e+00 0.000000e+00 1.000000e+00
    outer loop
      vertex   4.203166e+01 -1.606672e+02 1.000000e+00
      vertex   4.104481e+01 -1.609845e+02 1.000000e+00
      vertex   4.600271e+01 -1.697724e+02 1.000000e+00
    endloop
  endfacet
  facet normal 0.000000e+00 0.000000e+00 1.000000e+00
    outer loop
      vertex   4.600271e+01 -1.697724e+02 1.000000e+00
      vertex   4.104481e+01 -1.609845e+02 1.000000e+00
      vertex   4.004646e+01 -1.613070e+02 1.000000e+00
    endloop
  endfacet
  facet normal 0.000000e+00 0.000000e+00 1.000000e+00
    outer loop
      vertex   4.004646e+01 -1.613070e+02 1.000000e+00
      vertex   3.956108e+01 -1.614245e+02 1.000000e+00
      vertex   4.055272e+01 -1.742763e+02 1.000000e+00
    endloop
  endfacet
  facet normal 0.000000e+00 0.000000e+00 1.000000e+00
    outer loop
      vertex   4.055272e+01 -1.742763e+02 1.000000e+00
      vertex   3.956108e+01 -1.614245e+02 1.000000e+00
      vertex   3.763366e+01 -1.728165e+02 1.000000e+00
    endloop
  endfacet
  facet normal 0.000000e+00 -0.000000e+00 1.000000e+00
    outer loop
      vertex   3.763366e+01 -1.728165e+02 1.000000e+00
      vertex   3.956108e+01 -1.614245e+02 1.000000e+00
      vertex   3.599729e+01 -1.697724e+02 1.000000e+00
    endloop
  endfacet
  facet normal 0.000000e+00 0.000000e+00 1.000000e+00
    outer loop
      vertex   3.763366e+01 -1.728165e+02 1.000000e+00
      vertex   3.599729e+01 -1.697724e+02 1.000000e+00
      vertex   3.711645e+01 -1.724879e+02 1.000000e+00
    endloop
  endfacet
  facet normal 0.000000e+00 0.000000e+00 1.000000e+00
    outer loop
      vertex   3.711645e+01 -1.724879e+02 1.000000e+00
      vertex   3.599729e+01 -1.697724e+02 1.000000e+00
      vertex   3.667681e+01 -1.720611e+02 1.000000e+00
    endloop
  endfacet
  facet normal 0.000000e+00 0.000000e+00 1.000000e+00
    outer loop
      vertex   3.667681e+01 -1.720611e+02 1.000000e+00
      vertex   3.599729e+01 -1.697724e+02 1.000000e+00
      vertex   3.633306e+01 -1.715538e+02 1.000000e+00
    endloop
  endfacet
  facet normal 0.000000e+00 0.000000e+00 1.000000e+00
    outer loop
      vertex   3.633306e+01 -1.715538e+02 1.000000e+00
      vertex   3.599729e+01 -1.697724e+02 1.000000e+00
      vertex   3.609957e+01 -1.709872e+02 1.000000e+00
    endloop
  endfacet
  facet normal 0.000000e+00 0.000000e+00 1.000000e+00
    outer loop
      vertex   3.609957e+01 -1.709872e+02 1.000000e+00
      vertex   3.599729e+01 -1.697724e+02 1.000000e+00
      vertex   3.598607e+01 -1.703850e+02 1.000000e+00
    endloop
  endfacet
  facet normal 0.000000e+00 0.000000e+00 1.000000e+00
    outer loop
      vertex   3.956108e+01 -1.614245e+02 1.000000e+00
      vertex   3.909464e+01 -1.614929e+02 1.000000e+00
      vertex   3.599729e+01 -1.697724e+02 1.000000e+00
    endloop
  endfacet
  facet normal 0.000000e+00 0.000000e+00 1.000000e+00
    outer loop
      vertex   3.599729e+01 -1.697724e+02 1.000000e+00
      vertex   3.909464e+01 -1.614929e+02 1.000000e+00
      vertex   3.864920e+01 -1.615028e+02 1.000000e+00
    endloop
  endfacet
  facet normal 0.000000e+00 0.000000e+00 1.000000e+00
    outer loop
      vertex   3.599729e+01 -1.697724e+02 1.000000e+00
      vertex   3.864920e+01 -1.615028e+02 1.000000e+00
      vertex   3.821990e+01 -1.614506e+02 1.000000e+00
    endloop
  endfacet
  facet normal 0.000000e+00 0.000000e+00 1.000000e+00
    outer loop
      vertex   3.821990e+01 -1.614506e+02 1.000000e+00
      vertex   3.779725e+01 -1.613367e+02 1.000000e+00
      vertex   3.599729e+01 -1.697724e+02 1.000000e+00
    endloop
  endfacet
  facet normal 0.000000e+00 0.000000e+00 1.000000e+00
    outer loop
      vertex   3.599729e+01 -1.697724e+02 1.000000e+00
      vertex   3.779725e+01 -1.613367e+02 1.000000e+00
      vertex   3.701705e+01 -1.613593e+02 1.000000e+00
    endloop
  endfacet
  facet normal 0.000000e+00 0.000000e+00 1.000000e+00
    outer loop
      vertex   3.701705e+01 -1.613593e+02 1.000000e+00
      vertex   3.779725e+01 -1.613367e+02 1.000000e+00
      vertex   3.737204e+01 -1.611634e+02 1.000000e+00
    endloop
  endfacet
  facet normal 0.000000e+00 0.000000e+00 1.000000e+00
    outer loop
      vertex   3.701705e+01 -1.613593e+02 1.000000e+00
      vertex   3.737204e+01 -1.611634e+02 1.000000e+00
      vertex   3.731612e+01 -1.611446e+02 1.000000e+00
    endloop
  endfacet
  facet normal 0.000000e+00 0.000000e+00 1.000000e+00
    outer loop
      vertex   3.731612e+01 -1.611446e+02 1.000000e+00
      vertex   3.725736e+01 -1.611395e+02 1.000000e+00
      vertex   3.701705e+01 -1.613593e+02 1.000000e+00
    endloop
  endfacet
  facet normal 0.000000e+00 0.000000e+00 1.000000e+00
    outer loop
      vertex   3.701705e+01 -1.613593e+02 1.000000e+00
      vertex   3.725736e+01 -1.611395e+02 1.000000e+00
      vertex   3.719905e+01 -1.611483e+02 1.000000e+00
    endloop
  endfacet
  facet normal 0.000000e+00 0.000000e+00 1.000000e+00
    outer loop
      vertex   3.701705e+01 -1.613593e+02 1.000000e+00
      vertex   3.719905e+01 -1.611483e+02 1.000000e+00
      vertex   3.714442e+01 -1.611705e+02 1.000000e+00
    endloop
  endfacet
  facet normal 0.000000e+00 0.000000e+00 1.000000e+00
    outer loop
      vertex   3.714442e+01 -1.611705e+02 1.000000e+00
      vertex   3.709651e+01 -1.612049e+02 1.000000e+00
      vertex   3.701705e+01 -1.613593e+02 1.000000e+00
    endloop
  endfacet
  facet normal 0.000000e+00 0.000000e+00 1.000000e+00
    outer loop
      vertex   3.701705e+01 -1.613593e+02 1.000000e+00
      vertex   3.709651e+01 -1.612049e+02 1.000000e+00
      vertex   3.705799e+01 -1.612496e+02 1.000000e+00
    endloop
  endfacet
  facet normal 0.000000e+00 0.000000e+00 1.000000e+00
    outer loop
      vertex   3.701705e+01 -1.613593e+02 1.000000e+00
      vertex   3.705799e+01 -1.612496e+02 1.000000e+00
      vertex   3.703100e+01 -1.613020e+02 1.000000e+00
    endloop
  endfacet
  facet normal -1.488724e-15 1.000000e+00 0.000000e+00
    outer loop
      vertex   5.695434e+01 -1.720000e+02 2.000000e+00
      vertex   7.604566e+01 -1.720000e+02 2.000000e+00
      vertex   5.695434e+01 -1.720000e+02 1.000000e+00
    endloop
  endfacet
  facet normal -1.488724e-15 1.000000e+00 0.000000e+00
    outer loop
      vertex   5.695434e+01 -1.720000e+02 1.000000e+00
      vertex   7.604566e+01 -1.720000e+02 2.000000e+00
      vertex   7.604566e+01 -1.720000e+02 1.000000e+00
    endloop
  endfacet
  facet normal 1.244979e-01 9.922199e-01 -0.000000e+00
    outer loop
      vertex   7.604566e+01 -1.720000e+02 1.000000e+00
      vertex   7.604566e+01 -1.720000e+02 2.000000e+00
      vertex   7.616919e+01 -1.720155e+02 1.000000e+00
    endloop
  endfacet
  facet normal 1.244979e-01 9.922199e-01 -0.000000e+00
    outer loop
      vertex   7.616919e+01 -1.720155e+02 1.000000e+00
      vertex   7.604566e+01 -1.720000e+02 2.000000e+00
      vertex   7.616919e+01 -1.720155e+02 2.000000e+00
    endloop
  endfacet
  facet normal 3.657750e-01 9.307033e-01 -0.000000e+00
    outer loop
      vertex   7.616919e+01 -1.720155e+02 1.000000e+00
      vertex   7.616919e+01 -1.720155e+02 2.000000e+00
      vertex   7.628506e+01 -1.720610e+02 1.000000e+00
    endloop
  endfacet
  facet normal 3.657750e-01 9.307033e-01 -0.000000e+00
    outer loop
      vertex   7.628506e+01 -1.720610e+02 1.000000e+00
      vertex   7.616919e+01 -1.720155e+02 2.000000e+00
      vertex   7.628506e+01 -1.720610e+02 2.000000e+00
    endloop
  endfacet
  facet normal 5.843745e-01 8.114841e-01 -0.000000e+00
    outer loop
      vertex   7.628506e+01 -1.720610e+02 1.000000e+00
      vertex   7.628506e+01 -1.720610e+02 2.000000e+00
      vertex   7.638609e+01 -1.721338e+02 1.000000e+00
    endloop
  endfacet
  facet normal 5.843745e-01 8.114841e-01 -0.000000e+00
    outer loop
      vertex   7.638609e+01 -1.721338e+02 1.000000e+00
      vertex   7.628506e+01 -1.720610e+02 2.000000e+00
      vertex   7.638609e+01 -1.721338e+02 2.000000e+00
    endloop
  endfacet
  facet normal 7.667433e-01 6.419538e-01 -0.000000e+00
    outer loop
      vertex   7.638609e+01 -1.721338e+02 1.000000e+00
      vertex   7.638609e+01 -1.721338e+02 2.000000e+00
      vertex   7.646601e+01 -1.722293e+02 1.000000e+00
    endloop
  endfacet
  facet normal 7.667433e-01 6.419538e-01 -0.000000e+00
    outer loop
      vertex   7.646601e+01 -1.722293e+02 1.000000e+00
      vertex   7.638609e+01 -1.721338e+02 2.000000e+00
      vertex   7.646601e+01 -1.722293e+02 2.000000e+00
    endloop
  endfacet
  facet normal 9.015749e-01 4.326230e-01 -0.000000e+00
    outer loop
      vertex   7.646601e+01 -1.722293e+02 1.000000e+00
      vertex   7.646601e+01 -1.722293e+02 2.000000e+00
      vertex   7.651987e+01 -1.723415e+02 1.000000e+00
    endloop
  endfacet
  facet normal 9.015749e-01 4.326230e-01 -0.000000e+00
    outer loop
      vertex   7.651987e+01 -1.723415e+02 1.000000e+00
      vertex   7.646601e+01 -1.722293e+02 2.000000e+00
      vertex   7.651987e+01 -1.723415e+02 2.000000e+00
    endloop
  endfacet
  facet normal 9.805098e-01 1.964701e-01 -0.000000e+00
    outer loop
      vertex   7.651987e+01 -1.723415e+02 1.000000e+00
      vertex   7.651987e+01 -1.723415e+02 2.000000e+00
      vertex   7.654433e+01 -1.724636e+02 1.000000e+00
    endloop
  endfacet
  facet normal 9.805098e-01 1.964701e-01 -0.000000e+00
    outer loop
      vertex   7.654433e+01 -1.724636e+02 1.000000e+00
      vertex   7.651987e+01 -1.723415e+02 2.000000e+00
      vertex   7.654433e+01 -1.724636e+02 2.000000e+00
    endloop
  endfacet
  facet normal 9.986542e-01 -5.186378e-02 0.000000e+00
    outer loop
      vertex   7.654433e+01 -1.724636e+02 1.000000e+00
      vertex   7.654433e+01 -1.724636e+02 2.000000e+00
      vertex   7.653788e+01 -1.725879e+02 1.000000e+00
    endloop
  endfacet
  facet normal 9.986542e-01 -5.186378e-02 0.000000e+00
    outer loop
      vertex   7.653788e+01 -1.725879e+02 1.000000e+00
      vertex   7.654433e+01 -1.724636e+02 2.000000e+00
      vertex   7.653788e+01 -1.725879e+02 2.000000e+00
    endloop
  endfacet
  facet normal 9.844276e-01 -1.757906e-01 0.000000e+00
    outer loop
      vertex   7.653788e+01 -1.725879e+02 2.000000e+00
      vertex   7.207359e+01 -1.975879e+02 2.000000e+00
      vertex   7.653788e+01 -1.725879e+02 1.000000e+00
    endloop
  endfacet
  facet normal 9.844276e-01 -1.757906e-01 0.000000e+00
    outer loop
      vertex   7.653788e+01 -1.725879e+02 1.000000e+00
      vertex   7.207359e+01 -1.975879e+02 2.000000e+00
      vertex   7.207359e+01 -1.975879e+02 1.000000e+00
    endloop
  endfacet
  facet normal 9.574155e-01 -2.887135e-01 0.000000e+00
    outer loop
      vertex   7.207359e+01 -1.975879e+02 1.000000e+00
      vertex   7.207359e+01 -1.975879e+02 2.000000e+00
      vertex   7.204013e+01 -1.976989e+02 1.000000e+00
    endloop
  endfacet
  facet normal 9.574155e-01 -2.887135e-01 0.000000e+00
    outer loop
      vertex   7.204013e+01 -1.976989e+02 1.000000e+00
      vertex   7.207359e+01 -1.975879e+02 2.000000e+00
      vertex   7.204013e+01 -1.976989e+02 2.000000e+00
    endloop
  endfacet
  facet normal 8.652083e-01 -5.014126e-01 0.000000e+00
    outer loop
      vertex   7.204013e+01 -1.976989e+02 1.000000e+00
      vertex   7.204013e+01 -1.976989e+02 2.000000e+00
      vertex   7.198201e+01 -1.977992e+02 1.000000e+00
    endloop
  endfacet
  facet normal 8.652083e-01 -5.014126e-01 0.000000e+00
    outer loop
      vertex   7.198201e+01 -1.977992e+02 1.000000e+00
      vertex   7.204013e+01 -1.976989e+02 2.000000e+00
      vertex   7.198201e+01 -1.977992e+02 2.000000e+00
    endloop
  endfacet
  facet normal 7.265020e-01 -6.871643e-01 0.000000e+00
    outer loop
      vertex   7.198201e+01 -1.977992e+02 1.000000e+00
      vertex   7.198201e+01 -1.977992e+02 2.000000e+00
      vertex   7.190235e+01 -1.978834e+02 1.000000e+00
    endloop
  endfacet
  facet normal 7.265020e-01 -6.871643e-01 0.000000e+00
    outer loop
      vertex   7.190235e+01 -1.978834e+02 1.000000e+00
      vertex   7.198201e+01 -1.977992e+02 2.000000e+00
      vertex   7.190235e+01 -1.978834e+02 2.000000e+00
    endloop
  endfacet
  facet normal 5.487513e-01 -8.359857e-01 0.000000e+00
    outer loop
      vertex   7.190235e+01 -1.978834e+02 1.000000e+00
      vertex   7.190235e+01 -1.978834e+02 2.000000e+00
      vertex   7.180545e+01 -1.979470e+02 1.000000e+00
    endloop
  endfacet
  facet normal 5.487513e-01 -8.359857e-01 0.000000e+00
    outer loop
      vertex   7.180545e+01 -1.979470e+02 1.000000e+00
      vertex   7.190235e+01 -1.978834e+02 2.000000e+00
      vertex   7.180545e+01 -1.979470e+02 2.000000e+00
    endloop
  endfacet
  facet normal 3.415089e-01 -9.398785e-01 0.000000e+00
    outer loop
      vertex   7.180545e+01 -1.979470e+02 1.000000e+00
      vertex   7.180545e+01 -1.979470e+02 2.000000e+00
      vertex   7.169651e+01 -1.979866e+02 1.000000e+00
    endloop
  endfacet
  facet normal 3.415089e-01 -9.398785e-01 0.000000e+00
    outer loop
      vertex   7.169651e+01 -1.979866e+02 1.000000e+00
      vertex   7.180545e+01 -1.979470e+02 2.000000e+00
      vertex   7.169651e+01 -1.979866e+02 2.000000e+00
    endloop
  endfacet
  facet normal 1.159128e-01 -9.932594e-01 0.000000e+00
    outer loop
      vertex   7.169651e+01 -1.979866e+02 1.000000e+00
      vertex   7.169651e+01 -1.979866e+02 2.000000e+00
      vertex   7.158138e+01 -1.980000e+02 1.000000e+00
    endloop
  endfacet
  facet normal 1.159128e-01 -9.932594e-01 0.000000e+00
    outer loop
      vertex   7.158138e+01 -1.980000e+02 1.000000e+00
      vertex   7.169651e+01 -1.979866e+02 2.000000e+00
      vertex   7.158138e+01 -1.980000e+02 2.000000e+00
    endloop
  endfacet
  facet normal -0.000000e+00 -1.000000e+00 -0.000000e+00
    outer loop
      vertex   7.158138e+01 -1.980000e+02 2.000000e+00
      vertex   6.141862e+01 -1.980000e+02 2.000000e+00
      vertex   7.158138e+01 -1.980000e+02 1.000000e+00
    endloop
  endfacet
  facet normal 0.000000e+00 -1.000000e+00 0.000000e+00
    outer loop
      vertex   7.158138e+01 -1.980000e+02 1.000000e+00
      vertex   6.141862e+01 -1.980000e+02 2.000000e+00
      vertex   6.141862e+01 -1.980000e+02 1.000000e+00
    endloop
  endfacet
  facet normal -1.159128e-01 -9.932594e-01 0.000000e+00
    outer loop
      vertex   6.141862e+01 -1.980000e+02 1.000000e+00
      vertex   6.141862e+01 -1.980000e+02 2.000000e+00
      vertex   6.130349e+01 -1.979866e+02 1.000000e+00
    endloop
  endfacet
  facet normal -1.159128e-01 -9.932594e-01 0.000000e+00
    outer loop
      vertex   6.130349e+01 -1.979866e+02 1.000000e+00
      vertex   6.141862e+01 -1.980000e+02 2.000000e+00
      vertex   6.130349e+01 -1.979866e+02 2.000000e+00
    endloop
  endfacet
  facet normal -3.415089e-01 -9.398785e-01 0.000000e+00
    outer loop
      vertex   6.130349e+01 -1.979866e+02 1.000000e+00
      vertex   6.130349e+01 -1.979866e+02 2.000000e+00
      vertex   6.119455e+01 -1.979470e+02 1.000000e+00
    endloop
  endfacet
  facet normal -3.415089e-01 -9.398785e-01 0.000000e+00
    outer loop
      vertex   6.119455e+01 -1.979470e+02 1.000000e+00
      vertex   6.130349e+01 -1.979866e+02 2.000000e+00
      vertex   6.119455e+01 -1.979470e+02 2.000000e+00
    endloop
  endfacet
  facet normal -5.487513e-01 -8.359857e-01 0.000000e+00
    outer loop
      vertex   6.119455e+01 -1.979470e+02 1.000000e+00
      vertex   6.119455e+01 -1.979470e+02 2.000000e+00
      vertex   6.109765e+01 -1.978834e+02 1.000000e+00
    endloop
  endfacet
  facet normal -5.487513e-01 -8.359857e-01 0.000000e+00
    outer loop
      vertex   6.109765e+01 -1.978834e+02 1.000000e+00
      vertex   6.119455e+01 -1.979470e+02 2.000000e+00
      vertex   6.109765e+01 -1.978834e+02 2.000000e+00
    endloop
  endfacet
  facet normal -7.265020e-01 -6.871643e-01 0.000000e+00
    outer loop
      vertex   6.109765e+01 -1.978834e+02 1.000000e+00
      vertex   6.109765e+01 -1.978834e+02 2.000000e+00
      vertex   6.101800e+01 -1.977992e+02 1.000000e+00
    endloop
  endfacet
  facet normal -7.265020e-01 -6.871643e-01 0.000000e+00
    outer loop
      vertex   6.101800e+01 -1.977992e+02 1.000000e+00
      vertex   6.109765e+01 -1.978834e+02 2.000000e+00
      vertex   6.101800e+01 -1.977992e+02 2.000000e+00
    endloop
  endfacet
  facet normal -8.652083e-01 -5.014126e-01 0.000000e+00
    outer loop
      vertex   6.101800e+01 -1.977992e+02 1.000000e+00
      vertex   6.101800e+01 -1.977992e+02 2.000000e+00
      vertex   6.095988e+01 -1.976989e+02 1.000000e+00
    endloop
  endfacet
  facet normal -8.652083e-01 -5.014126e-01 0.000000e+00
    outer loop
      vertex   6.095988e+01 -1.976989e+02 1.000000e+00
      vertex   6.101800e+01 -1.977992e+02 2.000000e+00
      vertex   6.095988e+01 -1.976989e+02 2.000000e+00
    endloop
  endfacet
  facet normal -9.574155e-01 -2.887135e-01 0.000000e+00
    outer loop
      vertex   6.095988e+01 -1.976989e+02 1.000000e+00
      vertex   6.095988e+01 -1.976989e+02 2.000000e+00
      vertex   6.092641e+01 -1.975879e+02 1.000000e+00
    endloop
  endfacet
  facet normal -9.574155e-01 -2.887135e-01 0.000000e+00
    outer loop
      vertex   6.092641e+01 -1.975879e+02 1.000000e+00
      vertex   6.095988e+01 -1.976989e+02 2.000000e+00
      vertex   6.092641e+01 -1.975879e+02 2.000000e+00
    endloop
  endfacet
  facet normal -9.844276e-01 -1.757906e-01 -0.000000e+00
    outer loop
      vertex   6.092641e+01 -1.975879e+02 2.000000e+00
      vertex   5.646213e+01 -1.725879e+02 2.000000e+00
      vertex   6.092641e+01 -1.975879e+02 1.000000e+00
    endloop
  endfacet
  facet normal -9.844276e-01 -1.757906e-01 0.000000e+00
    outer loop
      vertex   6.092641e+01 -1.975879e+02 1.000000e+00
      vertex   5.646213e+01 -1.725879e+02 2.000000e+00
      vertex   5.646213e+01 -1.725879e+02 1.000000e+00
    endloop
  endfacet
  facet normal -9.986542e-01 -5.186378e-02 0.000000e+00
    outer loop
      vertex   5.646213e+01 -1.725879e+02 1.000000e+00
      vertex   5.646213e+01 -1.725879e+02 2.000000e+00
      vertex   5.645567e+01 -1.724636e+02 1.000000e+00
    endloop
  endfacet
  facet normal -9.986542e-01 -5.186378e-02 0.000000e+00
    outer loop
      vertex   5.645567e+01 -1.724636e+02 1.000000e+00
      vertex   5.646213e+01 -1.725879e+02 2.000000e+00
      vertex   5.645567e+01 -1.724636e+02 2.000000e+00
    endloop
  endfacet
  facet normal -9.805098e-01 1.964701e-01 0.000000e+00
    outer loop
      vertex   5.645567e+01 -1.724636e+02 1.000000e+00
      vertex   5.645567e+01 -1.724636e+02 2.000000e+00
      vertex   5.648013e+01 -1.723415e+02 1.000000e+00
    endloop
  endfacet
  facet normal -9.805098e-01 1.964701e-01 0.000000e+00
    outer loop
      vertex   5.648013e+01 -1.723415e+02 1.000000e+00
      vertex   5.645567e+01 -1.724636e+02 2.000000e+00
      vertex   5.648013e+01 -1.723415e+02 2.000000e+00
    endloop
  endfacet
  facet normal -9.015749e-01 4.326230e-01 0.000000e+00
    outer loop
      vertex   5.648013e+01 -1.723415e+02 1.000000e+00
      vertex   5.648013e+01 -1.723415e+02 2.000000e+00
      vertex   5.653399e+01 -1.722293e+02 1.000000e+00
    endloop
  endfacet
  facet normal -9.015749e-01 4.326230e-01 0.000000e+00
    outer loop
      vertex   5.653399e+01 -1.722293e+02 1.000000e+00
      vertex   5.648013e+01 -1.723415e+02 2.000000e+00
      vertex   5.653399e+01 -1.722293e+02 2.000000e+00
    endloop
  endfacet
  facet normal -7.667433e-01 6.419538e-01 0.000000e+00
    outer loop
      vertex   5.653399e+01 -1.722293e+02 1.000000e+00
      vertex   5.653399e+01 -1.722293e+02 2.000000e+00
      vertex   5.661391e+01 -1.721338e+02 1.000000e+00
    endloop
  endfacet
  facet normal -7.667433e-01 6.419538e-01 0.000000e+00
    outer loop
      vertex   5.661391e+01 -1.721338e+02 1.000000e+00
      vertex   5.653399e+01 -1.722293e+02 2.000000e+00
      vertex   5.661391e+01 -1.721338e+02 2.000000e+00
    endloop
  endfacet
  facet normal -5.843745e-01 8.114841e-01 0.000000e+00
    outer loop
      vertex   5.661391e+01 -1.721338e+02 1.000000e+00
      vertex   5.661391e+01 -1.721338e+02 2.000000e+00
      vertex   5.671494e+01 -1.720610e+02 1.000000e+00
    endloop
  endfacet
  facet normal -5.843745e-01 8.114841e-01 0.000000e+00
    outer loop
      vertex   5.671494e+01 -1.720610e+02 1.000000e+00
      vertex   5.661391e+01 -1.721338e+02 2.000000e+00
      vertex   5.671494e+01 -1.720610e+02 2.000000e+00
    endloop
  endfacet
  facet normal -3.657750e-01 9.307033e-01 0.000000e+00
    outer loop
      vertex   5.671494e+01 -1.720610e+02 1.000000e+00
      vertex   5.671494e+01 -1.720610e+02 2.000000e+00
      vertex   5.683081e+01 -1.720155e+02 1.000000e+00
    endloop
  endfacet
  facet normal -3.657750e-01 9.307033e-01 0.000000e+00
    outer loop
      vertex   5.683081e+01 -1.720155e+02 1.000000e+00
      vertex   5.671494e+01 -1.720610e+02 2.000000e+00
      vertex   5.683081e+01 -1.720155e+02 2.000000e+00
    endloop
  endfacet
  facet normal -1.244979e-01 9.922199e-01 0.000000e+00
    outer loop
      vertex   5.683081e+01 -1.720155e+02 1.000000e+00
      vertex   5.683081e+01 -1.720155e+02 2.000000e+00
      vertex   5.695434e+01 -1.720000e+02 1.000000e+00
    endloop
  endfacet
  facet normal -1.244979e-01 9.922199e-01 0.000000e+00
    outer loop
      vertex   5.695434e+01 -1.720000e+02 1.000000e+00
      vertex   5.683081e+01 -1.720155e+02 2.000000e+00
      vertex   5.695434e+01 -1.720000e+02 2.000000e+00
    endloop
  endfacet
  facet normal -0.000000e+00 1.000000e+00 0.000000e+00
    outer loop
      vertex   5.984713e+01 -2.000000e+02 2.000000e+00
      vertex   7.315287e+01 -2.000000e+02 2.000000e+00
      vertex   5.984713e+01 -2.000000e+02 1.000000e+00
    endloop
  endfacet
  facet normal 0.000000e+00 1.000000e+00 0.000000e+00
    outer loop
      vertex   5.984713e+01 -2.000000e+02 1.000000e+00
      vertex   7.315287e+01 -2.000000e+02 2.000000e+00
      vertex   7.315287e+01 -2.000000e+02 1.000000e+00
    endloop
  endfacet
  facet normal -1.168696e-01 9.931473e-01 0.000000e+00
    outer loop
      vertex   7.315287e+01 -2.000000e+02 1.000000e+00
      vertex   7.315287e+01 -2.000000e+02 2.000000e+00
      vertex   7.338501e+01 -1.999727e+02 1.000000e+00
    endloop
  endfacet
  facet normal -1.168696e-01 9.931473e-01 0.000000e+00
    outer loop
      vertex   7.338501e+01 -1.999727e+02 1.000000e+00
      vertex   7.315287e+01 -2.000000e+02 2.000000e+00
      vertex   7.338501e+01 -1.999727e+02 2.000000e+00
    endloop
  endfacet
  facet normal -3.442238e-01 9.388876e-01 0.000000e+00
    outer loop
      vertex   7.338501e+01 -1.999727e+02 1.000000e+00
      vertex   7.338501e+01 -1.999727e+02 2.000000e+00
      vertex   7.360447e+01 -1.998922e+02 1.000000e+00
    endloop
  endfacet
  facet normal -3.442238e-01 9.388876e-01 0.000000e+00
    outer loop
      vertex   7.360447e+01 -1.998922e+02 1.000000e+00
      vertex   7.338501e+01 -1.999727e+02 2.000000e+00
      vertex   7.360447e+01 -1.998922e+02 2.000000e+00
    endloop
  endfacet
  facet normal -5.527716e-01 8.333328e-01 0.000000e+00
    outer loop
      vertex   7.360447e+01 -1.998922e+02 1.000000e+00
      vertex   7.360447e+01 -1.998922e+02 2.000000e+00
      vertex   7.379925e+01 -1.997630e+02 1.000000e+00
    endloop
  endfacet
  facet normal -5.527716e-01 8.333328e-01 0.000000e+00
    outer loop
      vertex   7.379925e+01 -1.997630e+02 1.000000e+00
      vertex   7.360447e+01 -1.998922e+02 2.000000e+00
      vertex   7.379925e+01 -1.997630e+02 2.000000e+00
    endloop
  endfacet
  facet normal -7.311193e-01 6.822496e-01 0.000000e+00
    outer loop
      vertex   7.379925e+01 -1.997630e+02 1.000000e+00
      vertex   7.379925e+01 -1.997630e+02 2.000000e+00
      vertex   7.395872e+01 -1.995921e+02 1.000000e+00
    endloop
  endfacet
  facet normal -7.311193e-01 6.822496e-01 0.000000e+00
    outer loop
      vertex   7.395872e+01 -1.995921e+02 1.000000e+00
      vertex   7.379925e+01 -1.997630e+02 2.000000e+00
      vertex   7.395872e+01 -1.995921e+02 2.000000e+00
    endloop
  endfacet
  facet normal -8.695230e-01 4.938924e-01 0.000000e+00
    outer loop
      vertex   7.395872e+01 -1.995921e+02 1.000000e+00
      vertex   7.395872e+01 -1.995921e+02 2.000000e+00
      vertex   7.407416e+01 -1.993889e+02 1.000000e+00
    endloop
  endfacet
  facet normal -8.695230e-01 4.938924e-01 0.000000e+00
    outer loop
      vertex   7.407416e+01 -1.993889e+02 1.000000e+00
      vertex   7.395872e+01 -1.995921e+02 2.000000e+00
      vertex   7.407416e+01 -1.993889e+02 2.000000e+00
    endloop
  endfacet
  facet normal -9.604212e-01 2.785519e-01 0.000000e+00
    outer loop
      vertex   7.407416e+01 -1.993889e+02 1.000000e+00
      vertex   7.407416e+01 -1.993889e+02 2.000000e+00
      vertex   7.413927e+01 -1.991644e+02 1.000000e+00
    endloop
  endfacet
  facet normal -9.604212e-01 2.785519e-01 0.000000e+00
    outer loop
      vertex   7.413927e+01 -1.991644e+02 1.000000e+00
      vertex   7.407416e+01 -1.993889e+02 2.000000e+00
      vertex   7.413927e+01 -1.991644e+02 2.000000e+00
    endloop
  endfacet
  facet normal -9.863939e-01 1.643990e-01 0.000000e+00
    outer loop
      vertex   7.413927e+01 -1.991644e+02 2.000000e+00
      vertex   7.880593e+01 -1.711644e+02 2.000000e+00
      vertex   7.413927e+01 -1.991644e+02 1.000000e+00
    endloop
  endfacet
  facet normal -9.863939e-01 1.643990e-01 0.000000e+00
    outer loop
      vertex   7.413927e+01 -1.991644e+02 1.000000e+00
      vertex   7.880593e+01 -1.711644e+02 2.000000e+00
      vertex   7.880593e+01 -1.711644e+02 1.000000e+00
    endloop
  endfacet
  facet normal -9.991534e-01 4.114099e-02 0.000000e+00
    outer loop
      vertex   7.880593e+01 -1.711644e+02 1.000000e+00
      vertex   7.880593e+01 -1.711644e+02 2.000000e+00
      vertex   7.881611e+01 -1.709173e+02 1.000000e+00
    endloop
  endfacet
  facet normal -9.991534e-01 4.114099e-02 0.000000e+00
    outer loop
      vertex   7.881611e+01 -1.709173e+02 1.000000e+00
      vertex   7.880593e+01 -1.711644e+02 2.000000e+00
      vertex   7.881611e+01 -1.709173e+02 2.000000e+00
    endloop
  endfacet
  facet normal -9.786849e-01 -2.053678e-01 0.000000e+00
    outer loop
      vertex   7.881611e+01 -1.709173e+02 1.000000e+00
      vertex   7.881611e+01 -1.709173e+02 2.000000e+00
      vertex   7.876531e+01 -1.706752e+02 1.000000e+00
    endloop
  endfacet
  facet normal -9.786849e-01 -2.053678e-01 0.000000e+00
    outer loop
      vertex   7.876531e+01 -1.706752e+02 1.000000e+00
      vertex   7.881611e+01 -1.709173e+02 2.000000e+00
      vertex   7.876531e+01 -1.706752e+02 2.000000e+00
    endloop
  endfacet
  facet normal -8.983350e-01 -4.393111e-01 0.000000e+00
    outer loop
      vertex   7.876531e+01 -1.706752e+02 1.000000e+00
      vertex   7.876531e+01 -1.706752e+02 2.000000e+00
      vertex   7.865665e+01 -1.704530e+02 1.000000e+00
    endloop
  endfacet
  facet normal -8.983350e-01 -4.393111e-01 0.000000e+00
    outer loop
      vertex   7.865665e+01 -1.704530e+02 1.000000e+00
      vertex   7.876531e+01 -1.706752e+02 2.000000e+00
      vertex   7.865665e+01 -1.704530e+02 2.000000e+00
    endloop
  endfacet
  facet normal -7.630200e-01 -6.463749e-01 0.000000e+00
    outer loop
      vertex   7.865665e+01 -1.704530e+02 1.000000e+00
      vertex   7.865665e+01 -1.704530e+02 2.000000e+00
      vertex   7.849676e+01 -1.702642e+02 1.000000e+00
    endloop
  endfacet
  facet normal -7.630200e-01 -6.463749e-01 0.000000e+00
    outer loop
      vertex   7.849676e+01 -1.702642e+02 1.000000e+00
      vertex   7.865665e+01 -1.704530e+02 2.000000e+00
      vertex   7.849676e+01 -1.702642e+02 2.000000e+00
    endloop
  endfacet
  facet normal -5.810192e-01 -8.138899e-01 0.000000e+00
    outer loop
      vertex   7.849676e+01 -1.702642e+02 1.000000e+00
      vertex   7.849676e+01 -1.702642e+02 2.000000e+00
      vertex   7.829544e+01 -1.701205e+02 1.000000e+00
    endloop
  endfacet
  facet normal -5.810192e-01 -8.138899e-01 0.000000e+00
    outer loop
      vertex   7.829544e+01 -1.701205e+02 1.000000e+00
      vertex   7.849676e+01 -1.702642e+02 2.000000e+00
      vertex   7.829544e+01 -1.701205e+02 2.000000e+00
    endloop
  endfacet
  facet normal -3.634684e-01 -9.316065e-01 0.000000e+00
    outer loop
      vertex   7.829544e+01 -1.701205e+02 1.000000e+00
      vertex   7.829544e+01 -1.701205e+02 2.000000e+00
      vertex   7.806500e+01 -1.700306e+02 1.000000e+00
    endloop
  endfacet
  facet normal -3.634684e-01 -9.316065e-01 0.000000e+00
    outer loop
      vertex   7.806500e+01 -1.700306e+02 1.000000e+00
      vertex   7.829544e+01 -1.701205e+02 2.000000e+00
      vertex   7.806500e+01 -1.700306e+02 2.000000e+00
    endloop
  endfacet
  facet normal -1.236786e-01 -9.923223e-01 0.000000e+00
    outer loop
      vertex   7.806500e+01 -1.700306e+02 1.000000e+00
      vertex   7.806500e+01 -1.700306e+02 2.000000e+00
      vertex   7.781954e+01 -1.700000e+02 1.000000e+00
    endloop
  endfacet
  facet normal -1.236786e-01 -9.923223e-01 0.000000e+00
    outer loop
      vertex   7.781954e+01 -1.700000e+02 1.000000e+00
      vertex   7.806500e+01 -1.700306e+02 2.000000e+00
      vertex   7.781954e+01 -1.700000e+02 2.000000e+00
    endloop
  endfacet
  facet normal 2.510854e-15 -1.000000e+00 0.000000e+00
    outer loop
      vertex   7.781954e+01 -1.700000e+02 2.000000e+00
      vertex   5.518046e+01 -1.700000e+02 2.000000e+00
      vertex   7.781954e+01 -1.700000e+02 1.000000e+00
    endloop
  endfacet
  facet normal 2.510854e-15 -1.000000e+00 0.000000e+00
    outer loop
      vertex   7.781954e+01 -1.700000e+02 1.000000e+00
      vertex   5.518046e+01 -1.700000e+02 2.000000e+00
      vertex   5.518046e+01 -1.700000e+02 1.000000e+00
    endloop
  endfacet
  facet normal 1.236786e-01 -9.923223e-01 0.000000e+00
    outer loop
      vertex   5.518046e+01 -1.700000e+02 1.000000e+00
      vertex   5.518046e+01 -1.700000e+02 2.000000e+00
      vertex   5.493500e+01 -1.700306e+02 1.000000e+00
    endloop
  endfacet
  facet normal 1.236786e-01 -9.923223e-01 0.000000e+00
    outer loop
      vertex   5.493500e+01 -1.700306e+02 1.000000e+00
      vertex   5.518046e+01 -1.700000e+02 2.000000e+00
      vertex   5.493500e+01 -1.700306e+02 2.000000e+00
    endloop
  endfacet
  facet normal 3.634684e-01 -9.316065e-01 0.000000e+00
    outer loop
      vertex   5.493500e+01 -1.700306e+02 1.000000e+00
      vertex   5.493500e+01 -1.700306e+02 2.000000e+00
      vertex   5.470456e+01 -1.701205e+02 1.000000e+00
    endloop
  endfacet
  facet normal 3.634684e-01 -9.316065e-01 0.000000e+00
    outer loop
      vertex   5.470456e+01 -1.701205e+02 1.000000e+00
      vertex   5.493500e+01 -1.700306e+02 2.000000e+00
      vertex   5.470456e+01 -1.701205e+02 2.000000e+00
    endloop
  endfacet
  facet normal 5.810192e-01 -8.138899e-01 0.000000e+00
    outer loop
      vertex   5.470456e+01 -1.701205e+02 1.000000e+00
      vertex   5.470456e+01 -1.701205e+02 2.000000e+00
      vertex   5.450324e+01 -1.702642e+02 1.000000e+00
    endloop
  endfacet
  facet normal 5.810192e-01 -8.138899e-01 0.000000e+00
    outer loop
      vertex   5.450324e+01 -1.702642e+02 1.000000e+00
      vertex   5.470456e+01 -1.701205e+02 2.000000e+00
      vertex   5.450324e+01 -1.702642e+02 2.000000e+00
    endloop
  endfacet
  facet normal 7.630200e-01 -6.463749e-01 0.000000e+00
    outer loop
      vertex   5.450324e+01 -1.702642e+02 1.000000e+00
      vertex   5.450324e+01 -1.702642e+02 2.000000e+00
      vertex   5.434336e+01 -1.704530e+02 1.000000e+00
    endloop
  endfacet
  facet normal 7.630200e-01 -6.463749e-01 0.000000e+00
    outer loop
      vertex   5.434336e+01 -1.704530e+02 1.000000e+00
      vertex   5.450324e+01 -1.702642e+02 2.000000e+00
      vertex   5.434336e+01 -1.704530e+02 2.000000e+00
    endloop
  endfacet
  facet normal 8.983350e-01 -4.393111e-01 0.000000e+00
    outer loop
      vertex   5.434336e+01 -1.704530e+02 1.000000e+00
      vertex   5.434336e+01 -1.704530e+02 2.000000e+00
      vertex   5.423469e+01 -1.706752e+02 1.000000e+00
    endloop
  endfacet
  facet normal 8.983350e-01 -4.393111e-01 0.000000e+00
    outer loop
      vertex   5.423469e+01 -1.706752e+02 1.000000e+00
      vertex   5.434336e+01 -1.704530e+02 2.000000e+00
      vertex   5.423469e+01 -1.706752e+02 2.000000e+00
    endloop
  endfacet
  facet normal 9.786849e-01 -2.053678e-01 0.000000e+00
    outer loop
      vertex   5.423469e+01 -1.706752e+02 1.000000e+00
      vertex   5.423469e+01 -1.706752e+02 2.000000e+00
      vertex   5.418389e+01 -1.709173e+02 1.000000e+00
    endloop
  endfacet
  facet normal 9.786849e-01 -2.053678e-01 0.000000e+00
    outer loop
      vertex   5.418389e+01 -1.709173e+02 1.000000e+00
      vertex   5.423469e+01 -1.706752e+02 2.000000e+00
      vertex   5.418389e+01 -1.709173e+02 2.000000e+00
    endloop
  endfacet
  facet normal 9.991534e-01 4.114099e-02 -0.000000e+00
    outer loop
      vertex   5.418389e+01 -1.709173e+02 1.000000e+00
      vertex   5.418389e+01 -1.709173e+02 2.000000e+00
      vertex   5.419407e+01 -1.711644e+02 1.000000e+00
    endloop
  endfacet
  facet normal 9.991534e-01 4.114099e-02 -0.000000e+00
    outer loop
      vertex   5.419407e+01 -1.711644e+02 1.000000e+00
      vertex   5.418389e+01 -1.709173e+02 2.000000e+00
      vertex   5.419407e+01 -1.711644e+02 2.000000e+00
    endloop
  endfacet
  facet normal 9.863939e-01 1.643990e-01 0.000000e+00
    outer loop
      vertex   5.419407e+01 -1.711644e+02 2.000000e+00
      vertex   5.886073e+01 -1.991644e+02 2.000000e+00
      vertex   5.419407e+01 -1.711644e+02 1.000000e+00
    endloop
  endfacet
  facet normal 9.863939e-01 1.643990e-01 0.000000e+00
    outer loop
      vertex   5.419407e+01 -1.711644e+02 1.000000e+00
      vertex   5.886073e+01 -1.991644e+02 2.000000e+00
      vertex   5.886073e+01 -1.991644e+02 1.000000e+00
    endloop
  endfacet
  facet normal 9.604212e-01 2.785519e-01 -0.000000e+00
    outer loop
      vertex   5.886073e+01 -1.991644e+02 1.000000e+00
      vertex   5.886073e+01 -1.991644e+02 2.000000e+00
      vertex   5.892584e+01 -1.993889e+02 1.000000e+00
    endloop
  endfacet
  facet normal 9.604212e-01 2.785519e-01 -0.000000e+00
    outer loop
      vertex   5.892584e+01 -1.993889e+02 1.000000e+00
      vertex   5.886073e+01 -1.991644e+02 2.000000e+00
      vertex   5.892584e+01 -1.993889e+02 2.000000e+00
    endloop
  endfacet
  facet normal 8.695230e-01 4.938924e-01 -0.000000e+00
    outer loop
      vertex   5.892584e+01 -1.993889e+02 1.000000e+00
      vertex   5.892584e+01 -1.993889e+02 2.000000e+00
      vertex   5.904128e+01 -1.995921e+02 1.000000e+00
    endloop
  endfacet
  facet normal 8.695230e-01 4.938924e-01 -0.000000e+00
    outer loop
      vertex   5.904128e+01 -1.995921e+02 1.000000e+00
      vertex   5.892584e+01 -1.993889e+02 2.000000e+00
      vertex   5.904128e+01 -1.995921e+02 2.000000e+00
    endloop
  endfacet
  facet normal 7.311193e-01 6.822496e-01 -0.000000e+00
    outer loop
      vertex   5.904128e+01 -1.995921e+02 1.000000e+00
      vertex   5.904128e+01 -1.995921e+02 2.000000e+00
      vertex   5.920075e+01 -1.997630e+02 1.000000e+00
    endloop
  endfacet
  facet normal 7.311193e-01 6.822496e-01 -0.000000e+00
    outer loop
      vertex   5.920075e+01 -1.997630e+02 1.000000e+00
      vertex   5.904128e+01 -1.995921e+02 2.000000e+00
      vertex   5.920075e+01 -1.997630e+02 2.000000e+00
    endloop
  endfacet
  facet normal 5.527716e-01 8.333328e-01 -0.000000e+00
    outer loop
      vertex   5.920075e+01 -1.997630e+02 1.000000e+00
      vertex   5.920075e+01 -1.997630e+02 2.000000e+00
      vertex   5.939554e+01 -1.998922e+02 1.000000e+00
    endloop
  endfacet
  facet normal 5.527716e-01 8.333328e-01 -0.000000e+00
    outer loop
      vertex   5.939554e+01 -1.998922e+02 1.000000e+00
      vertex   5.920075e+01 -1.997630e+02 2.000000e+00
      vertex   5.939554e+01 -1.998922e+02 2.000000e+00
    endloop
  endfacet
  facet normal 3.442238e-01 9.388876e-01 -0.000000e+00
    outer loop
      vertex   5.939554e+01 -1.998922e+02 1.000000e+00
      vertex   5.939554e+01 -1.998922e+02 2.000000e+00
      vertex   5.961499e+01 -1.999727e+02 1.000000e+00
    endloop
  endfacet
  facet normal 3.442238e-01 9.388876e-01 -0.000000e+00
    outer loop
      vertex   5.961499e+01 -1.999727e+02 1.000000e+00
      vertex   5.939554e+01 -1.998922e+02 2.000000e+00
      vertex   5.961499e+01 -1.999727e+02 2.000000e+00
    endloop
  endfacet
  facet normal 1.168696e-01 9.931473e-01 -0.000000e+00
    outer loop
      vertex   5.961499e+01 -1.999727e+02 1.000000e+00
      vertex   5.961499e+01 -1.999727e+02 2.000000e+00
      vertex   5.984713e+01 -2.000000e+02 1.000000e+00
    endloop
  endfacet
  facet normal 1.168696e-01 9.931473e-01 -0.000000e+00
    outer loop
      vertex   5.984713e+01 -2.000000e+02 1.000000e+00
      vertex   5.961499e+01 -1.999727e+02 2.000000e+00
      vertex   5.984713e+01 -2.000000e+02 2.000000e+00
    endloop
  endfacet
  facet normal 0.000000e+00 0.000000e+00 1.000000e+00
    outer loop
      vertex   5.645567e+01 -1.724636e+02 1.000000e+00
      vertex   5.419407e+01 -1.711644e+02 1.000000e+00
      vertex   5.646213e+01 -1.725879e+02 1.000000e+00
    endloop
  endfacet
  facet normal 0.000000e+00 0.000000e+00 1.000000e+00
    outer loop
      vertex   5.646213e+01 -1.725879e+02 1.000000e+00
      vertex   5.419407e+01 -1.711644e+02 1.000000e+00
      vertex   5.886073e+01 -1.991644e+02 1.000000e+00
    endloop
  endfacet
  facet normal 0.000000e+00 0.000000e+00 1.000000e+00
    outer loop
      vertex   5.646213e+01 -1.725879e+02 1.000000e+00
      vertex   5.886073e+01 -1.991644e+02 1.000000e+00
      vertex   6.092641e+01 -1.975879e+02 1.000000e+00
    endloop
  endfacet
  facet normal 0.000000e+00 0.000000e+00 1.000000e+00
    outer loop
      vertex   6.092641e+01 -1.975879e+02 1.000000e+00
      vertex   5.886073e+01 -1.991644e+02 1.000000e+00
      vertex   6.095988e+01 -1.976989e+02 1.000000e+00
    endloop
  endfacet
  facet normal 0.000000e+00 0.000000e+00 1.000000e+00
    outer loop
      vertex   6.095988e+01 -1.976989e+02 1.000000e+00
      vertex   5.886073e+01 -1.991644e+02 1.000000e+00
      vertex   5.984713e+01 -2.000000e+02 1.000000e+00
    endloop
  endfacet
  facet normal 0.000000e+00 0.000000e+00 1.000000e+00
    outer loop
      vertex   6.095988e+01 -1.976989e+02 1.000000e+00
      vertex   5.984713e+01 -2.000000e+02 1.000000e+00
      vertex   6.101800e+01 -1.977992e+02 1.000000e+00
    endloop
  endfacet
  facet normal 0.000000e+00 0.000000e+00 1.000000e+00
    outer loop
      vertex   6.101800e+01 -1.977992e+02 1.000000e+00
      vertex   5.984713e+01 -2.000000e+02 1.000000e+00
      vertex   6.109765e+01 -1.978834e+02 1.000000e+00
    endloop
  endfacet
  facet normal 0.000000e+00 0.000000e+00 1.000000e+00
    outer loop
      vertex   6.109765e+01 -1.978834e+02 1.000000e+00
      vertex   5.984713e+01 -2.000000e+02 1.000000e+00
      vertex   6.119455e+01 -1.979470e+02 1.000000e+00
    endloop
  endfacet
  facet normal 0.000000e+00 0.000000e+00 1.000000e+00
    outer loop
      vertex   6.119455e+01 -1.979470e+02 1.000000e+00
      vertex   5.984713e+01 -2.000000e+02 1.000000e+00
      vertex   6.130349e+01 -1.979866e+02 1.000000e+00
    endloop
  endfacet
  facet normal 0.000000e+00 0.000000e+00 1.000000e+00
    outer loop
      vertex   6.130349e+01 -1.979866e+02 1.000000e+00
      vertex   5.984713e+01 -2.000000e+02 1.000000e+00
      vertex   6.141862e+01 -1.980000e+02 1.000000e+00
    endloop
  endfacet
  facet normal 0.000000e+00 0.000000e+00 1.000000e+00
    outer loop
      vertex   6.141862e+01 -1.980000e+02 1.000000e+00
      vertex   5.984713e+01 -2.000000e+02 1.000000e+00
      vertex   7.315287e+01 -2.000000e+02 1.000000e+00
    endloop
  endfacet
  facet normal -0.000000e+00 0.000000e+00 1.000000e+00
    outer loop
      vertex   6.141862e+01 -1.980000e+02 1.000000e+00
      vertex   7.315287e+01 -2.000000e+02 1.000000e+00
      vertex   7.158138e+01 -1.980000e+02 1.000000e+00
    endloop
  endfacet
  facet normal -0.000000e+00 0.000000e+00 1.000000e+00
    outer loop
      vertex   7.158138e+01 -1.980000e+02 1.000000e+00
      vertex   7.315287e+01 -2.000000e+02 1.000000e+00
      vertex   7.169651e+01 -1.979866e+02 1.000000e+00
    endloop
  endfacet
  facet normal -0.000000e+00 0.000000e+00 1.000000e+00
    outer loop
      vertex   7.169651e+01 -1.979866e+02 1.000000e+00
      vertex   7.315287e+01 -2.000000e+02 1.000000e+00
      vertex   7.180545e+01 -1.979470e+02 1.000000e+00
    endloop
  endfacet
  facet normal -0.000000e+00 0.000000e+00 1.000000e+00
    outer loop
      vertex   7.180545e+01 -1.979470e+02 1.000000e+00
      vertex   7.315287e+01 -2.000000e+02 1.000000e+00
      vertex   7.190235e+01 -1.978834e+02 1.000000e+00
    endloop
  endfacet
  facet normal -0.000000e+00 0.000000e+00 1.000000e+00
    outer loop
      vertex   7.190235e+01 -1.978834e+02 1.000000e+00
      vertex   7.315287e+01 -2.000000e+02 1.000000e+00
      vertex   7.198201e+01 -1.977992e+02 1.000000e+00
    endloop
  endfacet
  facet normal -0.000000e+00 0.000000e+00 1.000000e+00
    outer loop
      vertex   7.198201e+01 -1.977992e+02 1.000000e+00
      vertex   7.315287e+01 -2.000000e+02 1.000000e+00
      vertex   7.204013e+01 -1.976989e+02 1.000000e+00
    endloop
  endfacet
  facet normal 0.000000e+00 0.000000e+00 1.000000e+00
    outer loop
      vertex   7.204013e+01 -1.976989e+02 1.000000e+00
      vertex   7.315287e+01 -2.000000e+02 1.000000e+00
      vertex   7.413927e+01 -1.991644e+02 1.000000e+00
    endloop
  endfacet
  facet normal -0.000000e+00 0.000000e+00 1.000000e+00
    outer loop
      vertex   7.204013e+01 -1.976989e+02 1.000000e+00
      vertex   7.413927e+01 -1.991644e+02 1.000000e+00
      vertex   7.207359e+01 -1.975879e+02 1.000000e+00
    endloop
  endfacet
  facet normal -0.000000e+00 0.000000e+00 1.000000e+00
    outer loop
      vertex   7.207359e+01 -1.975879e+02 1.000000e+00
      vertex   7.413927e+01 -1.991644e+02 1.000000e+00
      vertex   7.653788e+01 -1.725879e+02 1.000000e+00
    endloop
  endfacet
  facet normal -0.000000e+00 0.000000e+00 1.000000e+00
    outer loop
      vertex   7.653788e+01 -1.725879e+02 1.000000e+00
      vertex   7.413927e+01 -1.991644e+02 1.000000e+00
      vertex   7.880593e+01 -1.711644e+02 1.000000e+00
    endloop
  endfacet
  facet normal 0.000000e+00 0.000000e+00 1.000000e+00
    outer loop
      vertex   7.653788e+01 -1.725879e+02 1.000000e+00
      vertex   7.880593e+01 -1.711644e+02 1.000000e+00
      vertex   7.654433e+01 -1.724636e+02 1.000000e+00
    endloop
  endfacet
  facet normal 0.000000e+00 -0.000000e+00 1.000000e+00
    outer loop
      vertex   7.654433e+01 -1.724636e+02 1.000000e+00
      vertex   7.880593e+01 -1.711644e+02 1.000000e+00
      vertex   7.651987e+01 -1.723415e+02 1.000000e+00
    endloop
  endfacet
  facet normal 0.000000e+00 -0.000000e+00 1.000000e+00
    outer loop
      vertex   7.651987e+01 -1.723415e+02 1.000000e+00
      vertex   7.880593e+01 -1.711644e+02 1.000000e+00
      vertex   7.646601e+01 -1.722293e+02 1.000000e+00
    endloop
  endfacet
  facet normal 0.000000e+00 0.000000e+00 1.000000e+00
    outer loop
      vertex   7.646601e+01 -1.722293e+02 1.000000e+00
      vertex   7.880593e+01 -1.711644e+02 1.000000e+00
      vertex   7.781954e+01 -1.700000e+02 1.000000e+00
    endloop
  endfacet
  facet normal 0.000000e+00 -0.000000e+00 1.000000e+00
    outer loop
      vertex   7.646601e+01 -1.722293e+02 1.000000e+00
      vertex   7.781954e+01 -1.700000e+02 1.000000e+00
      vertex   7.638609e+01 -1.721338e+02 1.000000e+00
    endloop
  endfacet
  facet normal 0.000000e+00 -0.000000e+00 1.000000e+00
    outer loop
      vertex   7.638609e+01 -1.721338e+02 1.000000e+00
      vertex   7.781954e+01 -1.700000e+02 1.000000e+00
      vertex   7.628506e+01 -1.720610e+02 1.000000e+00
    endloop
  endfacet
  facet normal 0.000000e+00 -0.000000e+00 1.000000e+00
    outer loop
      vertex   7.628506e+01 -1.720610e+02 1.000000e+00
      vertex   7.781954e+01 -1.700000e+02 1.000000e+00
      vertex   7.616919e+01 -1.720155e+02 1.000000e+00
    endloop
  endfacet
  facet normal 0.000000e+00 -0.000000e+00 1.000000e+00
    outer loop
      vertex   7.616919e+01 -1.720155e+02 1.000000e+00
      vertex   7.781954e+01 -1.700000e+02 1.000000e+00
      vertex   7.604566e+01 -1.720000e+02 1.000000e+00
    endloop
  endfacet
  facet normal 0.000000e+00 -0.000000e+00 1.000000e+00
    outer loop
      vertex   7.604566e+01 -1.720000e+02 1.000000e+00
      vertex   7.781954e+01 -1.700000e+02 1.000000e+00
      vertex   5.518046e+01 -1.700000e+02 1.000000e+00
    endloop
  endfacet
  facet normal 0.000000e+00 0.000000e+00 1.000000e+00
    outer loop
      vertex   7.604566e+01 -1.720000e+02 1.000000e+00
      vertex   5.518046e+01 -1.700000e+02 1.000000e+00
      vertex   5.695434e+01 -1.720000e+02 1.000000e+00
    endloop
  endfacet
  facet normal 0.000000e+00 0.000000e+00 1.000000e+00
    outer loop
      vertex   5.695434e+01 -1.720000e+02 1.000000e+00
      vertex   5.518046e+01 -1.700000e+02 1.000000e+00
      vertex   5.683081e+01 -1.720155e+02 1.000000e+00
    endloop
  endfacet
  facet normal 0.000000e+00 0.000000e+00 1.000000e+00
    outer loop
      vertex   5.683081e+01 -1.720155e+02 1.000000e+00
      vertex   5.518046e+01 -1.700000e+02 1.000000e+00
      vertex   5.671494e+01 -1.720610e+02 1.000000e+00
    endloop
  endfacet
  facet normal 0.000000e+00 0.000000e+00 1.000000e+00
    outer loop
      vertex   5.671494e+01 -1.720610e+02 1.000000e+00
      vertex   5.518046e+01 -1.700000e+02 1.000000e+00
      vertex   5.661391e+01 -1.721338e+02 1.000000e+00
    endloop
  endfacet
  facet normal 0.000000e+00 0.000000e+00 1.000000e+00
    outer loop
      vertex   5.661391e+01 -1.721338e+02 1.000000e+00
      vertex   5.518046e+01 -1.700000e+02 1.000000e+00
      vertex   5.653399e+01 -1.722293e+02 1.000000e+00
    endloop
  endfacet
  facet normal 0.000000e+00 0.000000e+00 1.000000e+00
    outer loop
      vertex   5.653399e+01 -1.722293e+02 1.000000e+00
      vertex   5.518046e+01 -1.700000e+02 1.000000e+00
      vertex   5.419407e+01 -1.711644e+02 1.000000e+00
    endloop
  endfacet
  facet normal 0.000000e+00 0.000000e+00 1.000000e+00
    outer loop
      vertex   5.653399e+01 -1.722293e+02 1.000000e+00
      vertex   5.419407e+01 -1.711644e+02 1.000000e+00
      vertex   5.648013e+01 -1.723415e+02 1.000000e+00
    endloop
  endfacet
  facet normal 0.000000e+00 0.000000e+00 1.000000e+00
    outer loop
      vertex   5.648013e+01 -1.723415e+02 1.000000e+00
      vertex   5.419407e+01 -1.711644e+02 1.000000e+00
      vertex   5.645567e+01 -1.724636e+02 1.000000e+00
    endloop
  endfacet
  facet normal -0.000000e+00 -0.000000e+00 1.000000e+00
    outer loop
      vertex   5.892584e+01 -1.993889e+02 1.000000e+00
      vertex   5.904128e+01 -1.995921e+02 1.000000e+00
      vertex   5.886073e+01 -1.991644e+02 1.000000e+00
    endloop
  endfacet
  facet normal 0.000000e+00 0.000000e+00 1.000000e+00
    outer loop
      vertex   5.886073e+01 -1.991644e+02 1.000000e+00
      vertex   5.904128e+01 -1.995921e+02 1.000000e+00
      vertex   5.920075e+01 -1.997630e+02 1.000000e+00
    endloop
  endfacet
  facet normal 0.000000e+00 0.000000e+00 1.000000e+00
    outer loop
      vertex   5.886073e+01 -1.991644e+02 1.000000e+00
      vertex   5.920075e+01 -1.997630e+02 1.000000e+00
      vertex   5.939554e+01 -1.998922e+02 1.000000e+00
    endloop
  endfacet
  facet normal -0.000000e+00 -0.000000e+00 1.000000e+00
    outer loop
      vertex   5.939554e+01 -1.998922e+02 1.000000e+00
      vertex   5.961499e+01 -1.999727e+02 1.000000e+00
      vertex   5.886073e+01 -1.991644e+02 1.000000e+00
    endloop
  endfacet
  facet normal 0.000000e+00 0.000000e+00 1.000000e+00
    outer loop
      vertex   5.886073e+01 -1.991644e+02 1.000000e+00
      vertex   5.961499e+01 -1.999727e+02 1.000000e+00
      vertex   5.984713e+01 -2.000000e+02 1.000000e+00
    endloop
  endfacet
  facet normal 0.000000e+00 0.000000e+00 1.000000e+00
    outer loop
      vertex   7.315287e+01 -2.000000e+02 1.000000e+00
      vertex   7.338501e+01 -1.999727e+02 1.000000e+00
      vertex   7.413927e+01 -1.991644e+02 1.000000e+00
    endloop
  endfacet
  facet normal 0.000000e+00 0.000000e+00 1.000000e+00
    outer loop
      vertex   7.413927e+01 -1.991644e+02 1.000000e+00
      vertex   7.338501e+01 -1.999727e+02 1.000000e+00
      vertex   7.360447e+01 -1.998922e+02 1.000000e+00
    endloop
  endfacet
  facet normal 0.000000e+00 0.000000e+00 1.000000e+00
    outer loop
      vertex   7.413927e+01 -1.991644e+02 1.000000e+00
      vertex   7.360447e+01 -1.998922e+02 1.000000e+00
      vertex   7.379925e+01 -1.997630e+02 1.000000e+00
    endloop
  endfacet
  facet normal 0.000000e+00 0.000000e+00 1.000000e+00
    outer loop
      vertex   7.379925e+01 -1.997630e+02 1.000000e+00
      vertex   7.395872e+01 -1.995921e+02 1.000000e+00
      vertex   7.413927e+01 -1.991644e+02 1.000000e+00
    endloop
  endfacet
  facet normal 0.000000e+00 0.000000e+00 1.000000e+00
    outer loop
      vertex   7.413927e+01 -1.991644e+02 1.000000e+00
      vertex   7.395872e+01 -1.995921e+02 1.000000e+00
      vertex   7.407416e+01 -1.993889e+02 1.000000e+00
    endloop
  endfacet
  facet normal 0.000000e+00 0.000000e+00 1.000000e+00
    outer loop
      vertex   7.881611e+01 -1.709173e+02 1.000000e+00
      vertex   7.876531e+01 -1.706752e+02 1.000000e+00
      vertex   7.880593e+01 -1.711644e+02 1.000000e+00
    endloop
  endfacet
  facet normal 0.000000e+00 0.000000e+00 1.000000e+00
    outer loop
      vertex   7.880593e+01 -1.711644e+02 1.000000e+00
      vertex   7.876531e+01 -1.706752e+02 1.000000e+00
      vertex   7.865665e+01 -1.704530e+02 1.000000e+00
    endloop
  endfacet
  facet normal 0.000000e+00 0.000000e+00 1.000000e+00
    outer loop
      vertex   7.880593e+01 -1.711644e+02 1.000000e+00
      vertex   7.865665e+01 -1.704530e+02 1.000000e+00
      vertex   7.849676e+01 -1.702642e+02 1.000000e+00
    endloop
  endfacet
  facet normal 0.000000e+00 0.000000e+00 1.000000e+00
    outer loop
      vertex   7.849676e+01 -1.702642e+02 1.000000e+00
      vertex   7.829544e+01 -1.701205e+02 1.000000e+00
      vertex   7.880593e+01 -1.711644e+02 1.000000e+00
    endloop
  endfacet
  facet normal 0.000000e+00 0.000000e+00 1.000000e+00
    outer loop
      vertex   7.880593e+01 -1.711644e+02 1.000000e+00
      vertex   7.829544e+01 -1.701205e+02 1.000000e+00
      vertex   7.806500e+01 -1.700306e+02 1.000000e+00
    endloop
  endfacet
  facet normal 0.000000e+00 0.000000e+00 1.000000e+00
    outer loop
      vertex   7.880593e+01 -1.711644e+02 1.000000e+00
      vertex   7.806500e+01 -1.700306e+02 1.000000e+00
      vertex   7.781954e+01 -1.700000e+02 1.000000e+00
    endloop
  endfacet
  facet normal 0.000000e+00 0.000000e+00 1.000000e+00
    outer loop
      vertex   5.518046e+01 -1.700000e+02 1.000000e+00
      vertex   5.493500e+01 -1.700306e+02 1.000000e+00
      vertex   5.419407e+01 -1.711644e+02 1.000000e+00
    endloop
  endfacet
  facet normal 0.000000e+00 0.000000e+00 1.000000e+00
    outer loop
      vertex   5.419407e+01 -1.711644e+02 1.000000e+00
      vertex   5.493500e+01 -1.700306e+02 1.000000e+00
      vertex   5.470456e+01 -1.701205e+02 1.000000e+00
    endloop
  endfacet
  facet normal 0.000000e+00 0.000000e+00 1.000000e+00
    outer loop
      vertex   5.419407e+01 -1.711644e+02 1.000000e+00
      vertex   5.470456e+01 -1.701205e+02 1.000000e+00
      vertex   5.450324e+01 -1.702642e+02 1.000000e+00
    endloop
  endfacet
  facet normal 0.000000e+00 0.000000e+00 1.000000e+00
    outer loop
      vertex   5.450324e+01 -1.702642e+02 1.000000e+00
      vertex   5.434336e+01 -1.704530e+02 1.000000e+00
      vertex   5.419407e+01 -1.711644e+02 1.000000e+00
    endloop
  endfacet
  facet normal 0.000000e+00 0.000000e+00 1.000000e+00
    outer loop
      vertex   5.419407e+01 -1.711644e+02 1.000000e+00
      vertex   5.434336e+01 -1.704530e+02 1.000000e+00
      vertex   5.423469e+01 -1.706752e+02 1.000000e+00
    endloop
  endfacet
  facet normal 0.000000e+00 -0.000000e+00 1.000000e+00
    outer loop
      vertex   5.419407e+01 -1.711644e+02 1.000000e+00
      vertex   5.423469e+01 -1.706752e+02 1.000000e+00
      vertex   5.418389e+01 -1.709173e+02 1.000000e+00
    endloop
  endfacet
  facet normal 4.474215e-01 -8.943232e-01 0.000000e+00
    outer loop
      vertex   4.521983e+01 -1.743901e+02 2.000000e+00
      vertex   4.189484e+01 -1.760535e+02 2.000000e+00
      vertex   4.521983e+01 -1.743901e+02 1.000000e+00
    endloop
  endfacet
  facet normal 4.474215e-01 -8.943232e-01 0.000000e+00
    outer loop
      vertex   4.521983e+01 -1.743901e+02 1.000000e+00
      vertex   4.189484e+01 -1.760535e+02 2.000000e+00
      vertex   4.189484e+01 -1.760535e+02 1.000000e+00
    endloop
  endfacet
  facet normal 3.409338e-01 -9.400873e-01 0.000000e+00
    outer loop
      vertex   4.189484e+01 -1.760535e+02 1.000000e+00
      vertex   4.189484e+01 -1.760535e+02 2.000000e+00
      vertex   4.145973e+01 -1.762113e+02 1.000000e+00
    endloop
  endfacet
  facet normal 3.409338e-01 -9.400873e-01 0.000000e+00
    outer loop
      vertex   4.145973e+01 -1.762113e+02 1.000000e+00
      vertex   4.189484e+01 -1.760535e+02 2.000000e+00
      vertex   4.145973e+01 -1.762113e+02 2.000000e+00
    endloop
  endfacet
  facet normal 1.157102e-01 -9.932830e-01 0.000000e+00
    outer loop
      vertex   4.145973e+01 -1.762113e+02 1.000000e+00
      vertex   4.145973e+01 -1.762113e+02 2.000000e+00
      vertex   4.100000e+01 -1.762649e+02 1.000000e+00
    endloop
  endfacet
  facet normal 1.157102e-01 -9.932830e-01 0.000000e+00
    outer loop
      vertex   4.100000e+01 -1.762649e+02 1.000000e+00
      vertex   4.145973e+01 -1.762113e+02 2.000000e+00
      vertex   4.100000e+01 -1.762649e+02 2.000000e+00
    endloop
  endfacet
  facet normal -1.157102e-01 -9.932830e-01 0.000000e+00
    outer loop
      vertex   4.100000e+01 -1.762649e+02 1.000000e+00
      vertex   4.100000e+01 -1.762649e+02 2.000000e+00
      vertex   4.054027e+01 -1.762113e+02 1.000000e+00
    endloop
  endfacet
  facet normal -1.157102e-01 -9.932830e-01 0.000000e+00
    outer loop
      vertex   4.054027e+01 -1.762113e+02 1.000000e+00
      vertex   4.100000e+01 -1.762649e+02 2.000000e+00
      vertex   4.054027e+01 -1.762113e+02 2.000000e+00
    endloop
  endfacet
  facet normal -3.409338e-01 -9.400873e-01 0.000000e+00
    outer loop
      vertex   4.054027e+01 -1.762113e+02 1.000000e+00
      vertex   4.054027e+01 -1.762113e+02 2.000000e+00
      vertex   4.010516e+01 -1.760535e+02 1.000000e+00
    endloop
  endfacet
  facet normal -3.409338e-01 -9.400873e-01 0.000000e+00
    outer loop
      vertex   4.010516e+01 -1.760535e+02 1.000000e+00
      vertex   4.054027e+01 -1.762113e+02 2.000000e+00
      vertex   4.010516e+01 -1.760535e+02 2.000000e+00
    endloop
  endfacet
  facet normal -4.474215e-01 -8.943232e-01 -0.000000e+00
    outer loop
      vertex   4.010516e+01 -1.760535e+02 2.000000e+00
      vertex   3.678017e+01 -1.743901e+02 2.000000e+00
      vertex   4.010516e+01 -1.760535e+02 1.000000e+00
    endloop
  endfacet
  facet normal -4.474215e-01 -8.943232e-01 0.000000e+00
    outer loop
      vertex   4.010516e+01 -1.760535e+02 1.000000e+00
      vertex   3.678017e+01 -1.743901e+02 2.000000e+00
      vertex   3.678017e+01 -1.743901e+02 1.000000e+00
    endloop
  endfacet
  facet normal -5.238339e-01 -8.518204e-01 0.000000e+00
    outer loop
      vertex   3.678017e+01 -1.743901e+02 1.000000e+00
      vertex   3.678017e+01 -1.743901e+02 2.000000e+00
      vertex   3.603410e+01 -1.739313e+02 1.000000e+00
    endloop
  endfacet
  facet normal -5.238339e-01 -8.518204e-01 3.722064e-15
    outer loop
      vertex   3.603410e+01 -1.739313e+02 1.000000e+00
      vertex   3.678017e+01 -1.743901e+02 2.000000e+00
      vertex   3.603410e+01 -1.739313e+02 2.000000e+00
    endloop
  endfacet
  facet normal -6.644381e-01 -7.473433e-01 4.721117e-15
    outer loop
      vertex   3.603410e+01 -1.739313e+02 1.000000e+00
      vertex   3.603410e+01 -1.739313e+02 2.000000e+00
      vertex   3.537953e+01 -1.733493e+02 1.000000e+00
    endloop
  endfacet
  facet normal -6.644381e-01 -7.473433e-01 4.721117e-15
    outer loop
      vertex   3.537953e+01 -1.733493e+02 1.000000e+00
      vertex   3.603410e+01 -1.739313e+02 2.000000e+00
      vertex   3.537953e+01 -1.733493e+02 2.000000e+00
    endloop
  endfacet
  facet normal -7.846540e-01 -6.199340e-01 5.575302e-15
    outer loop
      vertex   3.537953e+01 -1.733493e+02 1.000000e+00
      vertex   3.537953e+01 -1.733493e+02 2.000000e+00
      vertex   3.483656e+01 -1.726621e+02 1.000000e+00
    endloop
  endfacet
  facet normal -7.846540e-01 -6.199340e-01 0.000000e+00
    outer loop
      vertex   3.483656e+01 -1.726621e+02 1.000000e+00
      vertex   3.537953e+01 -1.733493e+02 2.000000e+00
      vertex   3.483656e+01 -1.726621e+02 2.000000e+00
    endloop
  endfacet
  facet normal -8.807927e-01 -4.735020e-01 0.000000e+00
    outer loop
      vertex   3.483656e+01 -1.726621e+02 1.000000e+00
      vertex   3.483656e+01 -1.726621e+02 2.000000e+00
      vertex   3.442184e+01 -1.718906e+02 1.000000e+00
    endloop
  endfacet
  facet normal -8.807927e-01 -4.735020e-01 -1.971615e-14
    outer loop
      vertex   3.442184e+01 -1.718906e+02 1.000000e+00
      vertex   3.483656e+01 -1.726621e+02 2.000000e+00
      vertex   3.442184e+01 -1.718906e+02 2.000000e+00
    endloop
  endfacet
  facet normal -9.499044e-01 -3.125406e-01 -1.563242e-14
    outer loop
      vertex   3.442184e+01 -1.718906e+02 1.000000e+00
      vertex   3.442184e+01 -1.718906e+02 2.000000e+00
      vertex   3.414810e+01 -1.710587e+02 1.000000e+00
    endloop
  endfacet
  facet normal -9.499044e-01 -3.125406e-01 0.000000e+00
    outer loop
      vertex   3.414810e+01 -1.710587e+02 1.000000e+00
      vertex   3.442184e+01 -1.718906e+02 2.000000e+00
      vertex   3.414810e+01 -1.710587e+02 2.000000e+00
    endloop
  endfacet
  facet normal -9.898682e-01 -1.419889e-01 0.000000e+00
    outer loop
      vertex   3.414810e+01 -1.710587e+02 1.000000e+00
      vertex   3.414810e+01 -1.710587e+02 2.000000e+00
      vertex   3.402374e+01 -1.701917e+02 1.000000e+00
    endloop
  endfacet
  facet normal -9.898682e-01 -1.419889e-01 0.000000e+00
    outer loop
      vertex   3.402374e+01 -1.701917e+02 1.000000e+00
      vertex   3.414810e+01 -1.710587e+02 2.000000e+00
      vertex   3.402374e+01 -1.701917e+02 2.000000e+00
    endloop
  endfacet
  facet normal -9.994580e-01 3.291969e-02 0.000000e+00
    outer loop
      vertex   3.402374e+01 -1.701917e+02 1.000000e+00
      vertex   3.402374e+01 -1.701917e+02 2.000000e+00
      vertex   3.405257e+01 -1.693163e+02 1.000000e+00
    endloop
  endfacet
  facet normal -9.994580e-01 3.291969e-02 0.000000e+00
    outer loop
      vertex   3.405257e+01 -1.693163e+02 1.000000e+00
      vertex   3.402374e+01 -1.701917e+02 2.000000e+00
      vertex   3.405257e+01 -1.693163e+02 2.000000e+00
    endloop
  endfacet
  facet normal -9.927338e-01 1.203314e-01 0.000000e+00
    outer loop
      vertex   3.405257e+01 -1.693163e+02 2.000000e+00
      vertex   3.670426e+01 -1.474398e+02 2.000000e+00
      vertex   3.405257e+01 -1.693163e+02 1.000000e+00
    endloop
  endfacet
  facet normal -9.927338e-01 1.203314e-01 0.000000e+00
    outer loop
      vertex   3.405257e+01 -1.693163e+02 1.000000e+00
      vertex   3.670426e+01 -1.474398e+02 2.000000e+00
      vertex   3.670426e+01 -1.474398e+02 1.000000e+00
    endloop
  endfacet
  facet normal -9.709872e-01 2.391316e-01 0.000000e+00
    outer loop
      vertex   3.670426e+01 -1.474398e+02 1.000000e+00
      vertex   3.670426e+01 -1.474398e+02 2.000000e+00
      vertex   3.673309e+01 -1.473228e+02 1.000000e+00
    endloop
  endfacet
  facet normal -9.709872e-01 2.391316e-01 0.000000e+00
    outer loop
      vertex   3.673309e+01 -1.473228e+02 1.000000e+00
      vertex   3.670426e+01 -1.474398e+02 2.000000e+00
      vertex   3.673309e+01 -1.473228e+02 2.000000e+00
    endloop
  endfacet
  facet normal -8.855281e-01 4.645858e-01 0.000000e+00
    outer loop
      vertex   3.673309e+01 -1.473228e+02 1.000000e+00
      vertex   3.673309e+01 -1.473228e+02 2.000000e+00
      vertex   3.678910e+01 -1.472160e+02 1.000000e+00
    endloop
  endfacet
  facet normal -8.855281e-01 4.645858e-01 0.000000e+00
    outer loop
      vertex   3.678910e+01 -1.472160e+02 1.000000e+00
      vertex   3.673309e+01 -1.473228e+02 2.000000e+00
      vertex   3.678910e+01 -1.472160e+02 2.000000e+00
    endloop
  endfacet
  facet normal -7.485907e-01 6.630324e-01 0.000000e+00
    outer loop
      vertex   3.678910e+01 -1.472160e+02 1.000000e+00
      vertex   3.678910e+01 -1.472160e+02 2.000000e+00
      vertex   3.686903e+01 -1.471258e+02 1.000000e+00
    endloop
  endfacet
  facet normal -7.485907e-01 6.630324e-01 0.000000e+00
    outer loop
      vertex   3.686903e+01 -1.471258e+02 1.000000e+00
      vertex   3.678910e+01 -1.472160e+02 2.000000e+00
      vertex   3.686903e+01 -1.471258e+02 2.000000e+00
    endloop
  endfacet
  facet normal -5.681357e-01 8.229349e-01 0.000000e+00
    outer loop
      vertex   3.686903e+01 -1.471258e+02 1.000000e+00
      vertex   3.686903e+01 -1.471258e+02 2.000000e+00
      vertex   3.696824e+01 -1.470573e+02 1.000000e+00
    endloop
  endfacet
  facet normal -5.681357e-01 8.229349e-01 0.000000e+00
    outer loop
      vertex   3.696824e+01 -1.470573e+02 1.000000e+00
      vertex   3.686903e+01 -1.471258e+02 2.000000e+00
      vertex   3.696824e+01 -1.470573e+02 2.000000e+00
    endloop
  endfacet
  facet normal -3.546532e-01 9.349979e-01 0.000000e+00
    outer loop
      vertex   3.696824e+01 -1.470573e+02 1.000000e+00
      vertex   3.696824e+01 -1.470573e+02 2.000000e+00
      vertex   3.708096e+01 -1.470145e+02 1.000000e+00
    endloop
  endfacet
  facet normal -3.546532e-01 9.349979e-01 0.000000e+00
    outer loop
      vertex   3.708096e+01 -1.470145e+02 1.000000e+00
      vertex   3.696824e+01 -1.470573e+02 2.000000e+00
      vertex   3.708096e+01 -1.470145e+02 2.000000e+00
    endloop
  endfacet
  facet normal -1.205538e-01 9.927068e-01 0.000000e+00
    outer loop
      vertex   3.708096e+01 -1.470145e+02 1.000000e+00
      vertex   3.708096e+01 -1.470145e+02 2.000000e+00
      vertex   3.720063e+01 -1.470000e+02 1.000000e+00
    endloop
  endfacet
  facet normal -1.205538e-01 9.927068e-01 0.000000e+00
    outer loop
      vertex   3.720063e+01 -1.470000e+02 1.000000e+00
      vertex   3.708096e+01 -1.470145e+02 2.000000e+00
      vertex   3.720063e+01 -1.470000e+02 2.000000e+00
    endloop
  endfacet
  facet normal -0.000000e+00 1.000000e+00 0.000000e+00
    outer loop
      vertex   3.720063e+01 -1.470000e+02 2.000000e+00
      vertex   4.479937e+01 -1.470000e+02 2.000000e+00
      vertex   3.720063e+01 -1.470000e+02 1.000000e+00
    endloop
  endfacet
  facet normal 0.000000e+00 1.000000e+00 0.000000e+00
    outer loop
      vertex   3.720063e+01 -1.470000e+02 1.000000e+00
      vertex   4.479937e+01 -1.470000e+02 2.000000e+00
      vertex   4.479937e+01 -1.470000e+02 1.000000e+00
    endloop
  endfacet
  facet normal 1.205538e-01 9.927068e-01 -0.000000e+00
    outer loop
      vertex   4.479937e+01 -1.470000e+02 1.000000e+00
      vertex   4.479937e+01 -1.470000e+02 2.000000e+00
      vertex   4.491905e+01 -1.470145e+02 1.000000e+00
    endloop
  endfacet
  facet normal 1.205538e-01 9.927068e-01 -0.000000e+00
    outer loop
      vertex   4.491905e+01 -1.470145e+02 1.000000e+00
      vertex   4.479937e+01 -1.470000e+02 2.000000e+00
      vertex   4.491905e+01 -1.470145e+02 2.000000e+00
    endloop
  endfacet
  facet normal 3.546532e-01 9.349979e-01 -0.000000e+00
    outer loop
      vertex   4.491905e+01 -1.470145e+02 1.000000e+00
      vertex   4.491905e+01 -1.470145e+02 2.000000e+00
      vertex   4.503176e+01 -1.470573e+02 1.000000e+00
    endloop
  endfacet
  facet normal 3.546532e-01 9.349979e-01 -0.000000e+00
    outer loop
      vertex   4.503176e+01 -1.470573e+02 1.000000e+00
      vertex   4.491905e+01 -1.470145e+02 2.000000e+00
      vertex   4.503176e+01 -1.470573e+02 2.000000e+00
    endloop
  endfacet
  facet normal 5.681357e-01 8.229349e-01 -0.000000e+00
    outer loop
      vertex   4.503176e+01 -1.470573e+02 1.000000e+00
      vertex   4.503176e+01 -1.470573e+02 2.000000e+00
      vertex   4.513097e+01 -1.471258e+02 1.000000e+00
    endloop
  endfacet
  facet normal 5.681357e-01 8.229349e-01 -0.000000e+00
    outer loop
      vertex   4.513097e+01 -1.471258e+02 1.000000e+00
      vertex   4.503176e+01 -1.470573e+02 2.000000e+00
      vertex   4.513097e+01 -1.471258e+02 2.000000e+00
    endloop
  endfacet
  facet normal 7.485907e-01 6.630324e-01 -0.000000e+00
    outer loop
      vertex   4.513097e+01 -1.471258e+02 1.000000e+00
      vertex   4.513097e+01 -1.471258e+02 2.000000e+00
      vertex   4.521090e+01 -1.472160e+02 1.000000e+00
    endloop
  endfacet
  facet normal 7.485907e-01 6.630324e-01 -0.000000e+00
    outer loop
      vertex   4.521090e+01 -1.472160e+02 1.000000e+00
      vertex   4.513097e+01 -1.471258e+02 2.000000e+00
      vertex   4.521090e+01 -1.472160e+02 2.000000e+00
    endloop
  endfacet
  facet normal 8.855281e-01 4.645858e-01 -0.000000e+00
    outer loop
      vertex   4.521090e+01 -1.472160e+02 1.000000e+00
      vertex   4.521090e+01 -1.472160e+02 2.000000e+00
      vertex   4.526691e+01 -1.473228e+02 1.000000e+00
    endloop
  endfacet
  facet normal 8.855281e-01 4.645858e-01 -0.000000e+00
    outer loop
      vertex   4.526691e+01 -1.473228e+02 1.000000e+00
      vertex   4.521090e+01 -1.472160e+02 2.000000e+00
      vertex   4.526691e+01 -1.473228e+02 2.000000e+00
    endloop
  endfacet
  facet normal 9.709872e-01 2.391316e-01 -0.000000e+00
    outer loop
      vertex   4.526691e+01 -1.473228e+02 1.000000e+00
      vertex   4.526691e+01 -1.473228e+02 2.000000e+00
      vertex   4.529574e+01 -1.474398e+02 1.000000e+00
    endloop
  endfacet
  facet normal 9.709872e-01 2.391316e-01 -0.000000e+00
    outer loop
      vertex   4.529574e+01 -1.474398e+02 1.000000e+00
      vertex   4.526691e+01 -1.473228e+02 2.000000e+00
      vertex   4.529574e+01 -1.474398e+02 2.000000e+00
    endloop
  endfacet
  facet normal 9.927338e-01 1.203314e-01 0.000000e+00
    outer loop
      vertex   4.529574e+01 -1.474398e+02 2.000000e+00
      vertex   4.794743e+01 -1.693163e+02 2.000000e+00
      vertex   4.529574e+01 -1.474398e+02 1.000000e+00
    endloop
  endfacet
  facet normal 9.927338e-01 1.203314e-01 0.000000e+00
    outer loop
      vertex   4.529574e+01 -1.474398e+02 1.000000e+00
      vertex   4.794743e+01 -1.693163e+02 2.000000e+00
      vertex   4.794743e+01 -1.693163e+02 1.000000e+00
    endloop
  endfacet
  facet normal 9.994580e-01 3.291969e-02 -0.000000e+00
    outer loop
      vertex   4.794743e+01 -1.693163e+02 1.000000e+00
      vertex   4.794743e+01 -1.693163e+02 2.000000e+00
      vertex   4.797626e+01 -1.701917e+02 1.000000e+00
    endloop
  endfacet
  facet normal 9.994580e-01 3.291969e-02 -0.000000e+00
    outer loop
      vertex   4.797626e+01 -1.701917e+02 1.000000e+00
      vertex   4.794743e+01 -1.693163e+02 2.000000e+00
      vertex   4.797626e+01 -1.701917e+02 2.000000e+00
    endloop
  endfacet
  facet normal 9.898682e-01 -1.419889e-01 0.000000e+00
    outer loop
      vertex   4.797626e+01 -1.701917e+02 1.000000e+00
      vertex   4.797626e+01 -1.701917e+02 2.000000e+00
      vertex   4.785190e+01 -1.710587e+02 1.000000e+00
    endloop
  endfacet
  facet normal 9.898682e-01 -1.419889e-01 0.000000e+00
    outer loop
      vertex   4.785190e+01 -1.710587e+02 1.000000e+00
      vertex   4.797626e+01 -1.701917e+02 2.000000e+00
      vertex   4.785190e+01 -1.710587e+02 2.000000e+00
    endloop
  endfacet
  facet normal 9.499044e-01 -3.125406e-01 0.000000e+00
    outer loop
      vertex   4.785190e+01 -1.710587e+02 1.000000e+00
      vertex   4.785190e+01 -1.710587e+02 2.000000e+00
      vertex   4.757816e+01 -1.718906e+02 1.000000e+00
    endloop
  endfacet
  facet normal 9.499044e-01 -3.125406e-01 0.000000e+00
    outer loop
      vertex   4.757816e+01 -1.718906e+02 1.000000e+00
      vertex   4.785190e+01 -1.710587e+02 2.000000e+00
      vertex   4.757816e+01 -1.718906e+02 2.000000e+00
    endloop
  endfacet
  facet normal 8.807927e-01 -4.735020e-01 0.000000e+00
    outer loop
      vertex   4.757816e+01 -1.718906e+02 1.000000e+00
      vertex   4.757816e+01 -1.718906e+02 2.000000e+00
      vertex   4.716344e+01 -1.726621e+02 1.000000e+00
    endloop
  endfacet
  facet normal 8.807927e-01 -4.735020e-01 0.000000e+00
    outer loop
      vertex   4.716344e+01 -1.726621e+02 1.000000e+00
      vertex   4.757816e+01 -1.718906e+02 2.000000e+00
      vertex   4.716344e+01 -1.726621e+02 2.000000e+00
    endloop
  endfacet
  facet normal 7.846540e-01 -6.199340e-01 0.000000e+00
    outer loop
      vertex   4.716344e+01 -1.726621e+02 1.000000e+00
      vertex   4.716344e+01 -1.726621e+02 2.000000e+00
      vertex   4.662047e+01 -1.733493e+02 1.000000e+00
    endloop
  endfacet
  facet normal 7.846540e-01 -6.199340e-01 0.000000e+00
    outer loop
      vertex   4.662047e+01 -1.733493e+02 1.000000e+00
      vertex   4.716344e+01 -1.726621e+02 2.000000e+00
      vertex   4.662047e+01 -1.733493e+02 2.000000e+00
    endloop
  endfacet
  facet normal 6.644381e-01 -7.473433e-01 0.000000e+00
    outer loop
      vertex   4.662047e+01 -1.733493e+02 1.000000e+00
      vertex   4.662047e+01 -1.733493e+02 2.000000e+00
      vertex   4.596590e+01 -1.739313e+02 1.000000e+00
    endloop
  endfacet
  facet normal 6.644381e-01 -7.473433e-01 0.000000e+00
    outer loop
      vertex   4.596590e+01 -1.739313e+02 1.000000e+00
      vertex   4.662047e+01 -1.733493e+02 2.000000e+00
      vertex   4.596590e+01 -1.739313e+02 2.000000e+00
    endloop
  endfacet
  facet normal 5.238339e-01 -8.518204e-01 0.000000e+00
    outer loop
      vertex   4.596590e+01 -1.739313e+02 1.000000e+00
      vertex   4.596590e+01 -1.739313e+02 2.000000e+00
      vertex   4.521983e+01 -1.743901e+02 1.000000e+00
    endloop
  endfacet
  facet normal 5.238339e-01 -8.518204e-01 0.000000e+00
    outer loop
      vertex   4.521983e+01 -1.743901e+02 1.000000e+00
      vertex   4.596590e+01 -1.739313e+02 2.000000e+00
      vertex   4.521983e+01 -1.743901e+02 2.000000e+00
    endloop
  endfacet
  facet normal -5.144648e-01 8.575115e-01 0.000000e+00
    outer loop
      vertex   4.607348e+01 -1.759633e+02 1.000000e+00
      vertex   4.607348e+01 -1.759633e+02 2.000000e+00
      vertex   4.699380e+01 -1.754111e+02 1.000000e+00
    endloop
  endfacet
  facet normal -5.144648e-01 8.575115e-01 0.000000e+00
    outer loop
      vertex   4.699380e+01 -1.754111e+02 1.000000e+00
      vertex   4.607348e+01 -1.759633e+02 2.000000e+00
      vertex   4.699380e+01 -1.754111e+02 2.000000e+00
    endloop
  endfacet
  facet normal -6.395055e-01 7.687865e-01 0.000000e+00
    outer loop
      vertex   4.699380e+01 -1.754111e+02 1.000000e+00
      vertex   4.699380e+01 -1.754111e+02 2.000000e+00
      vertex   4.781889e+01 -1.747248e+02 1.000000e+00
    endloop
  endfacet
  facet normal -6.395055e-01 7.687865e-01 0.000000e+00
    outer loop
      vertex   4.781889e+01 -1.747248e+02 1.000000e+00
      vertex   4.699380e+01 -1.754111e+02 2.000000e+00
      vertex   4.781889e+01 -1.747248e+02 2.000000e+00
    endloop
  endfacet
  facet normal -7.495132e-01 6.619893e-01 0.000000e+00
    outer loop
      vertex   4.781889e+01 -1.747248e+02 1.000000e+00
      vertex   4.781889e+01 -1.747248e+02 2.000000e+00
      vertex   4.852937e+01 -1.739204e+02 1.000000e+00
    endloop
  endfacet
  facet normal -7.495132e-01 6.619893e-01 0.000000e+00
    outer loop
      vertex   4.852937e+01 -1.739204e+02 1.000000e+00
      vertex   4.781889e+01 -1.747248e+02 2.000000e+00
      vertex   4.852937e+01 -1.739204e+02 2.000000e+00
    endloop
  endfacet
  facet normal -8.419019e-01 5.396306e-01 0.000000e+00
    outer loop
      vertex   4.852937e+01 -1.739204e+02 1.000000e+00
      vertex   4.852937e+01 -1.739204e+02 2.000000e+00
      vertex   4.910853e+01 -1.730168e+02 1.000000e+00
    endloop
  endfacet
  facet normal -8.419019e-01 5.396306e-01 0.000000e+00
    outer loop
      vertex   4.910853e+01 -1.730168e+02 1.000000e+00
      vertex   4.852937e+01 -1.739204e+02 2.000000e+00
      vertex   4.910853e+01 -1.730168e+02 2.000000e+00
    endloop
  endfacet
  facet normal -9.144997e-01 4.045866e-01 0.000000e+00
    outer loop
      vertex   4.910853e+01 -1.730168e+02 1.000000e+00
      vertex   4.910853e+01 -1.730168e+02 2.000000e+00
      vertex   4.954275e+01 -1.720353e+02 1.000000e+00
    endloop
  endfacet
  facet normal -9.144997e-01 4.045866e-01 0.000000e+00
    outer loop
      vertex   4.954275e+01 -1.720353e+02 1.000000e+00
      vertex   4.910853e+01 -1.730168e+02 2.000000e+00
      vertex   4.954275e+01 -1.720353e+02 2.000000e+00
    endloop
  endfacet
  facet normal -9.656000e-01 2.600319e-01 0.000000e+00
    outer loop
      vertex   4.954275e+01 -1.720353e+02 1.000000e+00
      vertex   4.954275e+01 -1.720353e+02 2.000000e+00
      vertex   4.982183e+01 -1.709990e+02 1.000000e+00
    endloop
  endfacet
  facet normal -9.656000e-01 2.600319e-01 0.000000e+00
    outer loop
      vertex   4.982183e+01 -1.709990e+02 1.000000e+00
      vertex   4.954275e+01 -1.720353e+02 2.000000e+00
      vertex   4.982183e+01 -1.709990e+02 2.000000e+00
    endloop
  endfacet
  facet normal -9.940017e-01 1.093645e-01 0.000000e+00
    outer loop
      vertex   4.982183e+01 -1.709990e+02 1.000000e+00
      vertex   4.982183e+01 -1.709990e+02 2.000000e+00
      vertex   4.993920e+01 -1.699322e+02 1.000000e+00
    endloop
  endfacet
  facet normal -9.940017e-01 1.093645e-01 0.000000e+00
    outer loop
      vertex   4.993920e+01 -1.699322e+02 1.000000e+00
      vertex   4.982183e+01 -1.709990e+02 2.000000e+00
      vertex   4.993920e+01 -1.699322e+02 2.000000e+00
    endloop
  endfacet
  facet normal -9.990371e-01 -4.387381e-02 0.000000e+00
    outer loop
      vertex   4.993920e+01 -1.699322e+02 1.000000e+00
      vertex   4.993920e+01 -1.699322e+02 2.000000e+00
      vertex   4.989212e+01 -1.688600e+02 1.000000e+00
    endloop
  endfacet
  facet normal -9.990371e-01 -4.387381e-02 0.000000e+00
    outer loop
      vertex   4.989212e+01 -1.688600e+02 1.000000e+00
      vertex   4.993920e+01 -1.699322e+02 2.000000e+00
      vertex   4.989212e+01 -1.688600e+02 2.000000e+00
    endloop
  endfacet
  facet normal -9.927338e-01 -1.203314e-01 -0.000000e+00
    outer loop
      vertex   4.989212e+01 -1.688600e+02 2.000000e+00
      vertex   4.710663e+01 -1.458797e+02 2.000000e+00
      vertex   4.989212e+01 -1.688600e+02 1.000000e+00
    endloop
  endfacet
  facet normal -9.927338e-01 -1.203314e-01 0.000000e+00
    outer loop
      vertex   4.989212e+01 -1.688600e+02 1.000000e+00
      vertex   4.710663e+01 -1.458797e+02 2.000000e+00
      vertex   4.710663e+01 -1.458797e+02 1.000000e+00
    endloop
  endfacet
  facet normal -9.709872e-01 -2.391316e-01 0.000000e+00
    outer loop
      vertex   4.710663e+01 -1.458797e+02 1.000000e+00
      vertex   4.710663e+01 -1.458797e+02 2.000000e+00
      vertex   4.704897e+01 -1.456456e+02 1.000000e+00
    endloop
  endfacet
  facet normal -9.709872e-01 -2.391316e-01 0.000000e+00
    outer loop
      vertex   4.704897e+01 -1.456456e+02 1.000000e+00
      vertex   4.710663e+01 -1.458797e+02 2.000000e+00
      vertex   4.704897e+01 -1.456456e+02 2.000000e+00
    endloop
  endfacet
  facet normal -8.855281e-01 -4.645858e-01 0.000000e+00
    outer loop
      vertex   4.704897e+01 -1.456456e+02 1.000000e+00
      vertex   4.704897e+01 -1.456456e+02 2.000000e+00
      vertex   4.693696e+01 -1.454321e+02 1.000000e+00
    endloop
  endfacet
  facet normal -8.855281e-01 -4.645858e-01 0.000000e+00
    outer loop
      vertex   4.693696e+01 -1.454321e+02 1.000000e+00
      vertex   4.704897e+01 -1.456456e+02 2.000000e+00
      vertex   4.693696e+01 -1.454321e+02 2.000000e+00
    endloop
  endfacet
  facet normal -7.485907e-01 -6.630324e-01 0.000000e+00
    outer loop
      vertex   4.693696e+01 -1.454321e+02 1.000000e+00
      vertex   4.693696e+01 -1.454321e+02 2.000000e+00
      vertex   4.677709e+01 -1.452516e+02 1.000000e+00
    endloop
  endfacet
  facet normal -7.485907e-01 -6.630324e-01 0.000000e+00
    outer loop
      vertex   4.677709e+01 -1.452516e+02 1.000000e+00
      vertex   4.693696e+01 -1.454321e+02 2.000000e+00
      vertex   4.677709e+01 -1.452516e+02 2.000000e+00
    endloop
  endfacet
  facet normal -5.681357e-01 -8.229349e-01 0.000000e+00
    outer loop
      vertex   4.677709e+01 -1.452516e+02 1.000000e+00
      vertex   4.677709e+01 -1.452516e+02 2.000000e+00
      vertex   4.657868e+01 -1.451146e+02 1.000000e+00
    endloop
  endfacet
  facet normal -5.681357e-01 -8.229349e-01 0.000000e+00
    outer loop
      vertex   4.657868e+01 -1.451146e+02 1.000000e+00
      vertex   4.677709e+01 -1.452516e+02 2.000000e+00
      vertex   4.657868e+01 -1.451146e+02 2.000000e+00
    endloop
  endfacet
  facet normal -3.546532e-01 -9.349979e-01 0.000000e+00
    outer loop
      vertex   4.657868e+01 -1.451146e+02 1.000000e+00
      vertex   4.657868e+01 -1.451146e+02 2.000000e+00
      vertex   4.635324e+01 -1.450291e+02 1.000000e+00
    endloop
  endfacet
  facet normal -3.546532e-01 -9.349979e-01 0.000000e+00
    outer loop
      vertex   4.635324e+01 -1.450291e+02 1.000000e+00
      vertex   4.657868e+01 -1.451146e+02 2.000000e+00
      vertex   4.635324e+01 -1.450291e+02 2.000000e+00
    endloop
  endfacet
  facet normal -1.205538e-01 -9.927068e-01 0.000000e+00
    outer loop
      vertex   4.635324e+01 -1.450291e+02 1.000000e+00
      vertex   4.635324e+01 -1.450291e+02 2.000000e+00
      vertex   4.611389e+01 -1.450000e+02 1.000000e+00
    endloop
  endfacet
  facet normal -1.205538e-01 -9.927068e-01 0.000000e+00
    outer loop
      vertex   4.611389e+01 -1.450000e+02 1.000000e+00
      vertex   4.635324e+01 -1.450291e+02 2.000000e+00
      vertex   4.611389e+01 -1.450000e+02 2.000000e+00
    endloop
  endfacet
  facet normal 2.778872e-15 -1.000000e+00 0.000000e+00
    outer loop
      vertex   4.611389e+01 -1.450000e+02 2.000000e+00
      vertex   3.588611e+01 -1.450000e+02 2.000000e+00
      vertex   4.611389e+01 -1.450000e+02 1.000000e+00
    endloop
  endfacet
  facet normal 2.778872e-15 -1.000000e+00 0.000000e+00
    outer loop
      vertex   4.611389e+01 -1.450000e+02 1.000000e+00
      vertex   3.588611e+01 -1.450000e+02 2.000000e+00
      vertex   3.588611e+01 -1.450000e+02 1.000000e+00
    endloop
  endfacet
  facet normal 1.205538e-01 -9.927068e-01 0.000000e+00
    outer loop
      vertex   3.588611e+01 -1.450000e+02 1.000000e+00
      vertex   3.588611e+01 -1.450000e+02 2.000000e+00
      vertex   3.564676e+01 -1.450291e+02 1.000000e+00
    endloop
  endfacet
  facet normal 1.205538e-01 -9.927068e-01 0.000000e+00
    outer loop
      vertex   3.564676e+01 -1.450291e+02 1.000000e+00
      vertex   3.588611e+01 -1.450000e+02 2.000000e+00
      vertex   3.564676e+01 -1.450291e+02 2.000000e+00
    endloop
  endfacet
  facet normal 3.546532e-01 -9.349979e-01 0.000000e+00
    outer loop
      vertex   3.564676e+01 -1.450291e+02 1.000000e+00
      vertex   3.564676e+01 -1.450291e+02 2.000000e+00
      vertex   3.542132e+01 -1.451146e+02 1.000000e+00
    endloop
  endfacet
  facet normal 3.546532e-01 -9.349979e-01 0.000000e+00
    outer loop
      vertex   3.542132e+01 -1.451146e+02 1.000000e+00
      vertex   3.564676e+01 -1.450291e+02 2.000000e+00
      vertex   3.542132e+01 -1.451146e+02 2.000000e+00
    endloop
  endfacet
  facet normal 5.681357e-01 -8.229349e-01 0.000000e+00
    outer loop
      vertex   3.542132e+01 -1.451146e+02 1.000000e+00
      vertex   3.542132e+01 -1.451146e+02 2.000000e+00
      vertex   3.522291e+01 -1.452516e+02 1.000000e+00
    endloop
  endfacet
  facet normal 5.681357e-01 -8.229349e-01 0.000000e+00
    outer loop
      vertex   3.522291e+01 -1.452516e+02 1.000000e+00
      vertex   3.542132e+01 -1.451146e+02 2.000000e+00
      vertex   3.522291e+01 -1.452516e+02 2.000000e+00
    endloop
  endfacet
  facet normal 7.485907e-01 -6.630324e-01 0.000000e+00
    outer loop
      vertex   3.522291e+01 -1.452516e+02 1.000000e+00
      vertex   3.522291e+01 -1.452516e+02 2.000000e+00
      vertex   3.506305e+01 -1.454321e+02 1.000000e+00
    endloop
  endfacet
  facet normal 7.485907e-01 -6.630324e-01 0.000000e+00
    outer loop
      vertex   3.506305e+01 -1.454321e+02 1.000000e+00
      vertex   3.522291e+01 -1.452516e+02 2.000000e+00
      vertex   3.506305e+01 -1.454321e+02 2.000000e+00
    endloop
  endfacet
  facet normal 8.855281e-01 -4.645858e-01 0.000000e+00
    outer loop
      vertex   3.506305e+01 -1.454321e+02 1.000000e+00
      vertex   3.506305e+01 -1.454321e+02 2.000000e+00
      vertex   3.495103e+01 -1.456456e+02 1.000000e+00
    endloop
  endfacet
  facet normal 8.855281e-01 -4.645858e-01 0.000000e+00
    outer loop
      vertex   3.495103e+01 -1.456456e+02 1.000000e+00
      vertex   3.506305e+01 -1.454321e+02 2.000000e+00
      vertex   3.495103e+01 -1.456456e+02 2.000000e+00
    endloop
  endfacet
  facet normal 9.709872e-01 -2.391316e-01 0.000000e+00
    outer loop
      vertex   3.495103e+01 -1.456456e+02 1.000000e+00
      vertex   3.495103e+01 -1.456456e+02 2.000000e+00
      vertex   3.489337e+01 -1.458797e+02 1.000000e+00
    endloop
  endfacet
  facet normal 9.709872e-01 -2.391316e-01 0.000000e+00
    outer loop
      vertex   3.489337e+01 -1.458797e+02 1.000000e+00
      vertex   3.495103e+01 -1.456456e+02 2.000000e+00
      vertex   3.489337e+01 -1.458797e+02 2.000000e+00
    endloop
  endfacet
  facet normal 9.927338e-01 -1.203314e-01 0.000000e+00
    outer loop
      vertex   3.489337e+01 -1.458797e+02 2.000000e+00
      vertex   3.210789e+01 -1.688600e+02 2.000000e+00
      vertex   3.489337e+01 -1.458797e+02 1.000000e+00
    endloop
  endfacet
  facet normal 9.927338e-01 -1.203314e-01 0.000000e+00
    outer loop
      vertex   3.489337e+01 -1.458797e+02 1.000000e+00
      vertex   3.210789e+01 -1.688600e+02 2.000000e+00
      vertex   3.210789e+01 -1.688600e+02 1.000000e+00
    endloop
  endfacet
  facet normal 9.990371e-01 -4.387381e-02 0.000000e+00
    outer loop
      vertex   3.210789e+01 -1.688600e+02 1.000000e+00
      vertex   3.210789e+01 -1.688600e+02 2.000000e+00
      vertex   3.206080e+01 -1.699322e+02 1.000000e+00
    endloop
  endfacet
  facet normal 9.990371e-01 -4.387381e-02 0.000000e+00
    outer loop
      vertex   3.206080e+01 -1.699322e+02 1.000000e+00
      vertex   3.210789e+01 -1.688600e+02 2.000000e+00
      vertex   3.206080e+01 -1.699322e+02 2.000000e+00
    endloop
  endfacet
  facet normal 9.940017e-01 1.093645e-01 -0.000000e+00
    outer loop
      vertex   3.206080e+01 -1.699322e+02 1.000000e+00
      vertex   3.206080e+01 -1.699322e+02 2.000000e+00
      vertex   3.217817e+01 -1.709990e+02 1.000000e+00
    endloop
  endfacet
  facet normal 9.940017e-01 1.093645e-01 -0.000000e+00
    outer loop
      vertex   3.217817e+01 -1.709990e+02 1.000000e+00
      vertex   3.206080e+01 -1.699322e+02 2.000000e+00
      vertex   3.217817e+01 -1.709990e+02 2.000000e+00
    endloop
  endfacet
  facet normal 9.656000e-01 2.600319e-01 -0.000000e+00
    outer loop
      vertex   3.217817e+01 -1.709990e+02 1.000000e+00
      vertex   3.217817e+01 -1.709990e+02 2.000000e+00
      vertex   3.245725e+01 -1.720353e+02 1.000000e+00
    endloop
  endfacet
  facet normal 9.656000e-01 2.600319e-01 -0.000000e+00
    outer loop
      vertex   3.245725e+01 -1.720353e+02 1.000000e+00
      vertex   3.217817e+01 -1.709990e+02 2.000000e+00
      vertex   3.245725e+01 -1.720353e+02 2.000000e+00
    endloop
  endfacet
  facet normal 9.144997e-01 4.045866e-01 -0.000000e+00
    outer loop
      vertex   3.245725e+01 -1.720353e+02 1.000000e+00
      vertex   3.245725e+01 -1.720353e+02 2.000000e+00
      vertex   3.289147e+01 -1.730168e+02 1.000000e+00
    endloop
  endfacet
  facet normal 9.144997e-01 4.045866e-01 1.149904e-14
    outer loop
      vertex   3.289147e+01 -1.730168e+02 1.000000e+00
      vertex   3.245725e+01 -1.720353e+02 2.000000e+00
      vertex   3.289147e+01 -1.730168e+02 2.000000e+00
    endloop
  endfacet
  facet normal 8.419019e-01 5.396306e-01 1.533722e-14
    outer loop
      vertex   3.289147e+01 -1.730168e+02 1.000000e+00
      vertex   3.289147e+01 -1.730168e+02 2.000000e+00
      vertex   3.347063e+01 -1.739204e+02 1.000000e+00
    endloop
  endfacet
  facet normal 8.419019e-01 5.396306e-01 9.355152e-15
    outer loop
      vertex   3.347063e+01 -1.739204e+02 1.000000e+00
      vertex   3.289147e+01 -1.730168e+02 2.000000e+00
      vertex   3.347063e+01 -1.739204e+02 2.000000e+00
    endloop
  endfacet
  facet normal 7.495132e-01 6.619893e-01 1.348926e-14
    outer loop
      vertex   3.347063e+01 -1.739204e+02 1.000000e+00
      vertex   3.347063e+01 -1.739204e+02 2.000000e+00
      vertex   3.418111e+01 -1.747248e+02 1.000000e+00
    endloop
  endfacet
  facet normal 7.495132e-01 6.619893e-01 -5.325612e-15
    outer loop
      vertex   3.418111e+01 -1.747248e+02 1.000000e+00
      vertex   3.347063e+01 -1.739204e+02 2.000000e+00
      vertex   3.418111e+01 -1.747248e+02 2.000000e+00
    endloop
  endfacet
  facet normal 6.395055e-01 7.687865e-01 -4.543960e-15
    outer loop
      vertex   3.418111e+01 -1.747248e+02 1.000000e+00
      vertex   3.418111e+01 -1.747248e+02 2.000000e+00
      vertex   3.500620e+01 -1.754111e+02 1.000000e+00
    endloop
  endfacet
  facet normal 6.395055e-01 7.687865e-01 4.370045e-14
    outer loop
      vertex   3.500620e+01 -1.754111e+02 1.000000e+00
      vertex   3.418111e+01 -1.747248e+02 2.000000e+00
      vertex   3.500620e+01 -1.754111e+02 2.000000e+00
    endloop
  endfacet
  facet normal 5.144648e-01 8.575115e-01 4.874389e-14
    outer loop
      vertex   3.500620e+01 -1.754111e+02 1.000000e+00
      vertex   3.500620e+01 -1.754111e+02 2.000000e+00
      vertex   3.592653e+01 -1.759633e+02 1.000000e+00
    endloop
  endfacet
  facet normal 5.144648e-01 8.575115e-01 -0.000000e+00
    outer loop
      vertex   3.592653e+01 -1.759633e+02 1.000000e+00
      vertex   3.500620e+01 -1.754111e+02 2.000000e+00
      vertex   3.592653e+01 -1.759633e+02 2.000000e+00
    endloop
  endfacet
  facet normal 4.472136e-01 8.944272e-01 0.000000e+00
    outer loop
      vertex   3.592653e+01 -1.759633e+02 2.000000e+00
      vertex   3.613050e+01 -1.760653e+02 2.000000e+00
      vertex   3.592653e+01 -1.759633e+02 1.000000e+00
    endloop
  endfacet
  facet normal 4.472136e-01 8.944272e-01 0.000000e+00
    outer loop
      vertex   3.592653e+01 -1.759633e+02 1.000000e+00
      vertex   3.613050e+01 -1.760653e+02 2.000000e+00
      vertex   3.613050e+01 -1.760653e+02 1.000000e+00
    endloop
  endfacet
  facet normal 5.164753e-01 8.563021e-01 -0.000000e+00
    outer loop
      vertex   3.613050e+01 -1.760653e+02 1.000000e+00
      vertex   3.613050e+01 -1.760653e+02 2.000000e+00
      vertex   3.707756e+01 -1.766365e+02 1.000000e+00
    endloop
  endfacet
  facet normal 5.164753e-01 8.563021e-01 -0.000000e+00
    outer loop
      vertex   3.707756e+01 -1.766365e+02 1.000000e+00
      vertex   3.613050e+01 -1.760653e+02 2.000000e+00
      vertex   3.707756e+01 -1.766365e+02 2.000000e+00
    endloop
  endfacet
  facet normal 6.449010e-01 7.642661e-01 -0.000000e+00
    outer loop
      vertex   3.707756e+01 -1.766365e+02 1.000000e+00
      vertex   3.707756e+01 -1.766365e+02 2.000000e+00
      vertex   3.792284e+01 -1.773497e+02 1.000000e+00
    endloop
  endfacet
  facet normal 6.449010e-01 7.642661e-01 -0.000000e+00
    outer loop
      vertex   3.792284e+01 -1.773497e+02 1.000000e+00
      vertex   3.707756e+01 -1.766365e+02 2.000000e+00
      vertex   3.792284e+01 -1.773497e+02 2.000000e+00
    endloop
  endfacet
  facet normal 7.572275e-01 6.531512e-01 -0.000000e+00
    outer loop
      vertex   3.792284e+01 -1.773497e+02 1.000000e+00
      vertex   3.792284e+01 -1.773497e+02 2.000000e+00
      vertex   3.864522e+01 -1.781872e+02 1.000000e+00
    endloop
  endfacet
  facet normal 7.572275e-01 6.531512e-01 -0.000000e+00
    outer loop
      vertex   3.864522e+01 -1.781872e+02 1.000000e+00
      vertex   3.792284e+01 -1.773497e+02 2.000000e+00
      vertex   3.864522e+01 -1.781872e+02 2.000000e+00
    endloop
  endfacet
  facet normal 8.506508e-01 5.257311e-01 -0.000000e+00
    outer loop
      vertex   3.864522e+01 -1.781872e+02 1.000000e+00
      vertex   3.864522e+01 -1.781872e+02 2.000000e+00
      vertex   3.922667e+01 -1.791280e+02 1.000000e+00
    endloop
  endfacet
  facet normal 8.506508e-01 5.257311e-01 -0.000000e+00
    outer loop
      vertex   3.922667e+01 -1.791280e+02 1.000000e+00
      vertex   3.864522e+01 -1.781872e+02 2.000000e+00
      vertex   3.922667e+01 -1.791280e+02 2.000000e+00
    endloop
  endfacet
  facet normal 9.228386e-01 3.851868e-01 -0.000000e+00
    outer loop
      vertex   3.922667e+01 -1.791280e+02 1.000000e+00
      vertex   3.922667e+01 -1.791280e+02 2.000000e+00
      vertex   3.965269e+01 -1.801487e+02 1.000000e+00
    endloop
  endfacet
  facet normal 9.228386e-01 3.851868e-01 -0.000000e+00
    outer loop
      vertex   3.965269e+01 -1.801487e+02 1.000000e+00
      vertex   3.922667e+01 -1.791280e+02 2.000000e+00
      vertex   3.965269e+01 -1.801487e+02 2.000000e+00
    endloop
  endfacet
  facet normal 9.719889e-01 2.350268e-01 -0.000000e+00
    outer loop
      vertex   3.965269e+01 -1.801487e+02 1.000000e+00
      vertex   3.965269e+01 -1.801487e+02 2.000000e+00
      vertex   3.991263e+01 -1.812237e+02 1.000000e+00
    endloop
  endfacet
  facet normal 9.719889e-01 2.350268e-01 -0.000000e+00
    outer loop
      vertex   3.991263e+01 -1.812237e+02 1.000000e+00
      vertex   3.965269e+01 -1.801487e+02 2.000000e+00
      vertex   3.991263e+01 -1.812237e+02 2.000000e+00
    endloop
  endfacet
  facet normal 9.968746e-01 7.899965e-02 -0.000000e+00
    outer loop
      vertex   3.991263e+01 -1.812237e+02 1.000000e+00
      vertex   3.991263e+01 -1.812237e+02 2.000000e+00
      vertex   4.000000e+01 -1.823262e+02 1.000000e+00
    endloop
  endfacet
  facet normal 9.968746e-01 7.899965e-02 -0.000000e+00
    outer loop
      vertex   4.000000e+01 -1.823262e+02 1.000000e+00
      vertex   3.991263e+01 -1.812237e+02 2.000000e+00
      vertex   4.000000e+01 -1.823262e+02 2.000000e+00
    endloop
  endfacet
  facet normal 1.000000e+00 -1.650197e-15 0.000000e+00
    outer loop
      vertex   4.000000e+01 -1.823262e+02 2.000000e+00
      vertex   4.000000e+01 -1.952437e+02 2.000000e+00
      vertex   4.000000e+01 -1.823262e+02 1.000000e+00
    endloop
  endfacet
  facet normal 1.000000e+00 -1.650197e-15 0.000000e+00
    outer loop
      vertex   4.000000e+01 -1.823262e+02 1.000000e+00
      vertex   4.000000e+01 -1.952437e+02 2.000000e+00
      vertex   4.000000e+01 -1.952437e+02 1.000000e+00
    endloop
  endfacet
  facet normal 9.928920e-01 -1.190192e-01 0.000000e+00
    outer loop
      vertex   4.000000e+01 -1.952437e+02 1.000000e+00
      vertex   4.000000e+01 -1.952437e+02 2.000000e+00
      vertex   3.994334e+01 -1.957164e+02 1.000000e+00
    endloop
  endfacet
  facet normal 9.928920e-01 -1.190192e-01 0.000000e+00
    outer loop
      vertex   3.994334e+01 -1.957164e+02 1.000000e+00
      vertex   4.000000e+01 -1.952437e+02 2.000000e+00
      vertex   3.994334e+01 -1.957164e+02 2.000000e+00
    endloop
  endfacet
  facet normal 9.366324e-01 -3.503137e-01 0.000000e+00
    outer loop
      vertex   3.994334e+01 -1.957164e+02 1.000000e+00
      vertex   3.994334e+01 -1.957164e+02 2.000000e+00
      vertex   3.977656e+01 -1.961623e+02 1.000000e+00
    endloop
  endfacet
  facet normal 9.366324e-01 -3.503137e-01 0.000000e+00
    outer loop
      vertex   3.977656e+01 -1.961623e+02 1.000000e+00
      vertex   3.994334e+01 -1.957164e+02 2.000000e+00
      vertex   3.977656e+01 -1.961623e+02 2.000000e+00
    endloop
  endfacet
  facet normal 8.273012e-01 -5.617586e-01 0.000000e+00
    outer loop
      vertex   3.977656e+01 -1.961623e+02 1.000000e+00
      vertex   3.977656e+01 -1.961623e+02 2.000000e+00
      vertex   3.950912e+01 -1.965561e+02 1.000000e+00
    endloop
  endfacet
  facet normal 8.273012e-01 -5.617586e-01 0.000000e+00
    outer loop
      vertex   3.950912e+01 -1.965561e+02 1.000000e+00
      vertex   3.977656e+01 -1.961623e+02 2.000000e+00
      vertex   3.950912e+01 -1.965561e+02 2.000000e+00
    endloop
  endfacet
  facet normal 6.710932e-01 -7.413730e-01 0.000000e+00
    outer loop
      vertex   3.950912e+01 -1.965561e+02 1.000000e+00
      vertex   3.950912e+01 -1.965561e+02 2.000000e+00
      vertex   3.915617e+01 -1.968756e+02 1.000000e+00
    endloop
  endfacet
  facet normal 6.710932e-01 -7.413730e-01 0.000000e+00
    outer loop
      vertex   3.915617e+01 -1.968756e+02 1.000000e+00
      vertex   3.950912e+01 -1.965561e+02 2.000000e+00
      vertex   3.915617e+01 -1.968756e+02 2.000000e+00
    endloop
  endfacet
  facet normal 4.768595e-01 -8.789795e-01 0.000000e+00
    outer loop
      vertex   3.915617e+01 -1.968756e+02 1.000000e+00
      vertex   3.915617e+01 -1.968756e+02 2.000000e+00
      vertex   3.873771e+01 -1.971026e+02 1.000000e+00
    endloop
  endfacet
  facet normal 4.768595e-01 -8.789795e-01 0.000000e+00
    outer loop
      vertex   3.873771e+01 -1.971026e+02 1.000000e+00
      vertex   3.915617e+01 -1.968756e+02 2.000000e+00
      vertex   3.873771e+01 -1.971026e+02 2.000000e+00
    endloop
  endfacet
  facet normal 2.556059e-01 -9.667811e-01 0.000000e+00
    outer loop
      vertex   3.873771e+01 -1.971026e+02 1.000000e+00
      vertex   3.873771e+01 -1.971026e+02 2.000000e+00
      vertex   3.827745e+01 -1.972243e+02 1.000000e+00
    endloop
  endfacet
  facet normal 2.556059e-01 -9.667811e-01 0.000000e+00
    outer loop
      vertex   3.827745e+01 -1.972243e+02 1.000000e+00
      vertex   3.873771e+01 -1.971026e+02 2.000000e+00
      vertex   3.827745e+01 -1.972243e+02 2.000000e+00
    endloop
  endfacet
  facet normal 1.468867e-01 -9.891533e-01 0.000000e+00
    outer loop
      vertex   3.827745e+01 -1.972243e+02 2.000000e+00
      vertex   3.713520e+01 -1.973939e+02 2.000000e+00
      vertex   3.827745e+01 -1.972243e+02 1.000000e+00
    endloop
  endfacet
  facet normal 1.468867e-01 -9.891533e-01 0.000000e+00
    outer loop
      vertex   3.827745e+01 -1.972243e+02 1.000000e+00
      vertex   3.713520e+01 -1.973939e+02 2.000000e+00
      vertex   3.713520e+01 -1.973939e+02 1.000000e+00
    endloop
  endfacet
  facet normal 1.669003e-01 -9.859738e-01 0.000000e+00
    outer loop
      vertex   3.713520e+01 -1.973939e+02 1.000000e+00
      vertex   3.713520e+01 -1.973939e+02 2.000000e+00
      vertex   3.613614e+01 -1.975631e+02 2.000000e+00
    endloop
  endfacet
  facet normal 1.669003e-01 -9.859738e-01 0.000000e+00
    outer loop
      vertex   3.713520e+01 -1.973939e+02 1.000000e+00
      vertex   3.613614e+01 -1.975631e+02 2.000000e+00
      vertex   3.613614e+01 -1.975631e+02 1.000000e+00
    endloop
  endfacet
  facet normal 1.945719e-01 -9.808883e-01 0.000000e+00
    outer loop
      vertex   3.613614e+01 -1.975631e+02 1.000000e+00
      vertex   3.613614e+01 -1.975631e+02 2.000000e+00
      vertex   3.528496e+01 -1.977319e+02 2.000000e+00
    endloop
  endfacet
  facet normal 1.945719e-01 -9.808883e-01 0.000000e+00
    outer loop
      vertex   3.613614e+01 -1.975631e+02 1.000000e+00
      vertex   3.528496e+01 -1.977319e+02 2.000000e+00
      vertex   3.528496e+01 -1.977319e+02 1.000000e+00
    endloop
  endfacet
  facet normal 2.357700e-01 -9.718089e-01 0.000000e+00
    outer loop
      vertex   3.528496e+01 -1.977319e+02 1.000000e+00
      vertex   3.528496e+01 -1.977319e+02 2.000000e+00
      vertex   3.458878e+01 -1.979008e+02 2.000000e+00
    endloop
  endfacet
  facet normal 2.357700e-01 -9.718089e-01 0.000000e+00
    outer loop
      vertex   3.528496e+01 -1.977319e+02 1.000000e+00
      vertex   3.458878e+01 -1.979008e+02 2.000000e+00
      vertex   3.458878e+01 -1.979008e+02 1.000000e+00
    endloop
  endfacet
  facet normal 3.030569e-01 -9.529725e-01 0.000000e+00
    outer loop
      vertex   3.458878e+01 -1.979008e+02 1.000000e+00
      vertex   3.458878e+01 -1.979008e+02 2.000000e+00
      vertex   3.405632e+01 -1.980701e+02 2.000000e+00
    endloop
  endfacet
  facet normal 3.030569e-01 -9.529725e-01 0.000000e+00
    outer loop
      vertex   3.458878e+01 -1.979008e+02 1.000000e+00
      vertex   3.405632e+01 -1.980701e+02 2.000000e+00
      vertex   3.405632e+01 -1.980701e+02 1.000000e+00
    endloop
  endfacet
  facet normal 4.277979e-01 -9.038744e-01 0.000000e+00
    outer loop
      vertex   3.405632e+01 -1.980701e+02 1.000000e+00
      vertex   3.405632e+01 -1.980701e+02 2.000000e+00
      vertex   3.369686e+01 -1.982403e+02 2.000000e+00
    endloop
  endfacet
  facet normal 4.277979e-01 -9.038744e-01 0.000000e+00
    outer loop
      vertex   3.405632e+01 -1.980701e+02 1.000000e+00
      vertex   3.369686e+01 -1.982403e+02 2.000000e+00
      vertex   3.369686e+01 -1.982403e+02 1.000000e+00
    endloop
  endfacet
  facet normal 6.062144e-01 -7.953013e-01 0.000000e+00
    outer loop
      vertex   3.369686e+01 -1.982403e+02 1.000000e+00
      vertex   3.369686e+01 -1.982403e+02 2.000000e+00
      vertex   3.358474e+01 -1.983257e+02 2.000000e+00
    endloop
  endfacet
  facet normal 6.062144e-01 -7.953013e-01 0.000000e+00
    outer loop
      vertex   3.369686e+01 -1.982403e+02 1.000000e+00
      vertex   3.358474e+01 -1.983257e+02 2.000000e+00
      vertex   3.358474e+01 -1.983257e+02 1.000000e+00
    endloop
  endfacet
  facet normal 7.415800e-01 -6.708645e-01 0.000000e+00
    outer loop
      vertex   3.358474e+01 -1.983257e+02 1.000000e+00
      vertex   3.358474e+01 -1.983257e+02 2.000000e+00
      vertex   3.354598e+01 -1.983686e+02 2.000000e+00
    endloop
  endfacet
  facet normal 7.415800e-01 -6.708645e-01 0.000000e+00
    outer loop
      vertex   3.358474e+01 -1.983257e+02 1.000000e+00
      vertex   3.354598e+01 -1.983686e+02 2.000000e+00
      vertex   3.354598e+01 -1.983686e+02 1.000000e+00
    endloop
  endfacet
  facet normal 8.455034e-01 -5.339701e-01 0.000000e+00
    outer loop
      vertex   3.354598e+01 -1.983686e+02 1.000000e+00
      vertex   3.354598e+01 -1.983686e+02 2.000000e+00
      vertex   3.351887e+01 -1.984115e+02 2.000000e+00
    endloop
  endfacet
  facet normal 8.455034e-01 -5.339701e-01 0.000000e+00
    outer loop
      vertex   3.354598e+01 -1.983686e+02 1.000000e+00
      vertex   3.351887e+01 -1.984115e+02 2.000000e+00
      vertex   3.351887e+01 -1.984115e+02 1.000000e+00
    endloop
  endfacet
  facet normal 9.415304e-01 -3.369281e-01 0.000000e+00
    outer loop
      vertex   3.351887e+01 -1.984115e+02 1.000000e+00
      vertex   3.351887e+01 -1.984115e+02 2.000000e+00
      vertex   3.350348e+01 -1.984545e+02 2.000000e+00
    endloop
  endfacet
  facet normal 9.415304e-01 -3.369281e-01 0.000000e+00
    outer loop
      vertex   3.351887e+01 -1.984115e+02 1.000000e+00
      vertex   3.350348e+01 -1.984545e+02 2.000000e+00
      vertex   3.350348e+01 -1.984545e+02 1.000000e+00
    endloop
  endfacet
  facet normal 9.885721e-01 -1.507488e-01 0.000000e+00
    outer loop
      vertex   3.350348e+01 -1.984545e+02 1.000000e+00
      vertex   3.350348e+01 -1.984545e+02 2.000000e+00
      vertex   3.350019e+01 -1.984760e+02 2.000000e+00
    endloop
  endfacet
  facet normal 9.885721e-01 -1.507488e-01 0.000000e+00
    outer loop
      vertex   3.350348e+01 -1.984545e+02 1.000000e+00
      vertex   3.350019e+01 -1.984760e+02 2.000000e+00
      vertex   3.350019e+01 -1.984760e+02 1.000000e+00
    endloop
  endfacet
  facet normal 9.998782e-01 -1.560445e-02 0.000000e+00
    outer loop
      vertex   3.350019e+01 -1.984760e+02 1.000000e+00
      vertex   3.350019e+01 -1.984760e+02 2.000000e+00
      vertex   3.349986e+01 -1.984976e+02 2.000000e+00
    endloop
  endfacet
  facet normal 9.998782e-01 -1.560445e-02 0.000000e+00
    outer loop
      vertex   3.350019e+01 -1.984760e+02 1.000000e+00
      vertex   3.349986e+01 -1.984976e+02 2.000000e+00
      vertex   3.349986e+01 -1.984976e+02 1.000000e+00
    endloop
  endfacet
  facet normal 9.927381e-01 1.202959e-01 -0.000000e+00
    outer loop
      vertex   3.349986e+01 -1.984976e+02 1.000000e+00
      vertex   3.349986e+01 -1.984976e+02 2.000000e+00
      vertex   3.350247e+01 -1.985192e+02 2.000000e+00
    endloop
  endfacet
  facet normal 9.927381e-01 1.202959e-01 0.000000e+00
    outer loop
      vertex   3.349986e+01 -1.984976e+02 1.000000e+00
      vertex   3.350247e+01 -1.985192e+02 2.000000e+00
      vertex   3.350247e+01 -1.985192e+02 1.000000e+00
    endloop
  endfacet
  facet normal 9.683395e-01 2.496370e-01 -0.000000e+00
    outer loop
      vertex   3.350247e+01 -1.985192e+02 1.000000e+00
      vertex   3.350247e+01 -1.985192e+02 2.000000e+00
      vertex   3.350804e+01 -1.985408e+02 2.000000e+00
    endloop
  endfacet
  facet normal 9.683395e-01 2.496370e-01 0.000000e+00
    outer loop
      vertex   3.350247e+01 -1.985192e+02 1.000000e+00
      vertex   3.350804e+01 -1.985408e+02 2.000000e+00
      vertex   3.350804e+01 -1.985408e+02 1.000000e+00
    endloop
  endfacet
  facet normal 9.076935e-01 4.196339e-01 -0.000000e+00
    outer loop
      vertex   3.350804e+01 -1.985408e+02 1.000000e+00
      vertex   3.350804e+01 -1.985408e+02 2.000000e+00
      vertex   3.352804e+01 -1.985840e+02 2.000000e+00
    endloop
  endfacet
  facet normal 9.076935e-01 4.196339e-01 0.000000e+00
    outer loop
      vertex   3.350804e+01 -1.985408e+02 1.000000e+00
      vertex   3.352804e+01 -1.985840e+02 2.000000e+00
      vertex   3.352804e+01 -1.985840e+02 1.000000e+00
    endloop
  endfacet
  facet normal 8.061899e-01 5.916568e-01 -0.000000e+00
    outer loop
      vertex   3.352804e+01 -1.985840e+02 1.000000e+00
      vertex   3.352804e+01 -1.985840e+02 2.000000e+00
      vertex   3.355985e+01 -1.986274e+02 2.000000e+00
    endloop
  endfacet
  facet normal 8.061899e-01 5.916568e-01 0.000000e+00
    outer loop
      vertex   3.352804e+01 -1.985840e+02 1.000000e+00
      vertex   3.355985e+01 -1.986274e+02 2.000000e+00
      vertex   3.355985e+01 -1.986274e+02 1.000000e+00
    endloop
  endfacet
  facet normal 7.057508e-01 7.084601e-01 -0.000000e+00
    outer loop
      vertex   3.355985e+01 -1.986274e+02 1.000000e+00
      vertex   3.355985e+01 -1.986274e+02 2.000000e+00
      vertex   3.360345e+01 -1.986708e+02 2.000000e+00
    endloop
  endfacet
  facet normal 7.057508e-01 7.084601e-01 0.000000e+00
    outer loop
      vertex   3.355985e+01 -1.986274e+02 1.000000e+00
      vertex   3.360345e+01 -1.986708e+02 2.000000e+00
      vertex   3.360345e+01 -1.986708e+02 1.000000e+00
    endloop
  endfacet
  facet normal 5.799507e-01 8.146516e-01 -0.000000e+00
    outer loop
      vertex   3.360345e+01 -1.986708e+02 1.000000e+00
      vertex   3.360345e+01 -1.986708e+02 2.000000e+00
      vertex   3.372582e+01 -1.987579e+02 2.000000e+00
    endloop
  endfacet
  facet normal 5.799507e-01 8.146516e-01 0.000000e+00
    outer loop
      vertex   3.360345e+01 -1.986708e+02 1.000000e+00
      vertex   3.372582e+01 -1.987579e+02 2.000000e+00
      vertex   3.372582e+01 -1.987579e+02 1.000000e+00
    endloop
  endfacet
  facet normal 4.599223e-01 8.879592e-01 -0.000000e+00
    outer loop
      vertex   3.372582e+01 -1.987579e+02 1.000000e+00
      vertex   3.372582e+01 -1.987579e+02 2.000000e+00
      vertex   3.389460e+01 -1.988454e+02 2.000000e+00
    endloop
  endfacet
  facet normal 4.599223e-01 8.879592e-01 0.000000e+00
    outer loop
      vertex   3.372582e+01 -1.987579e+02 1.000000e+00
      vertex   3.389460e+01 -1.988454e+02 2.000000e+00
      vertex   3.389460e+01 -1.988454e+02 1.000000e+00
    endloop
  endfacet
  facet normal 3.784857e-01 9.256071e-01 -0.000000e+00
    outer loop
      vertex   3.389460e+01 -1.988454e+02 1.000000e+00
      vertex   3.389460e+01 -1.988454e+02 2.000000e+00
      vertex   3.410907e+01 -1.989331e+02 2.000000e+00
    endloop
  endfacet
  facet normal 3.784857e-01 9.256071e-01 0.000000e+00
    outer loop
      vertex   3.389460e+01 -1.988454e+02 1.000000e+00
      vertex   3.410907e+01 -1.989331e+02 2.000000e+00
      vertex   3.410907e+01 -1.989331e+02 1.000000e+00
    endloop
  endfacet
  facet normal 2.986912e-01 9.543498e-01 -0.000000e+00
    outer loop
      vertex   3.410907e+01 -1.989331e+02 1.000000e+00
      vertex   3.410907e+01 -1.989331e+02 2.000000e+00
      vertex   3.467171e+01 -1.991091e+02 2.000000e+00
    endloop
  endfacet
  facet normal 2.986912e-01 9.543498e-01 0.000000e+00
    outer loop
      vertex   3.410907e+01 -1.989331e+02 1.000000e+00
      vertex   3.467171e+01 -1.991091e+02 2.000000e+00
      vertex   3.467171e+01 -1.991091e+02 1.000000e+00
    endloop
  endfacet
  facet normal 2.338663e-01 9.722688e-01 -0.000000e+00
    outer loop
      vertex   3.467171e+01 -1.991091e+02 1.000000e+00
      vertex   3.467171e+01 -1.991091e+02 2.000000e+00
      vertex   3.540650e+01 -1.992859e+02 2.000000e+00
    endloop
  endfacet
  facet normal 2.338663e-01 9.722688e-01 0.000000e+00
    outer loop
      vertex   3.467171e+01 -1.991091e+02 1.000000e+00
      vertex   3.540650e+01 -1.992859e+02 2.000000e+00
      vertex   3.540650e+01 -1.992859e+02 1.000000e+00
    endloop
  endfacet
  facet normal 1.930721e-01 9.811846e-01 -0.000000e+00
    outer loop
      vertex   3.540650e+01 -1.992859e+02 1.000000e+00
      vertex   3.540650e+01 -1.992859e+02 2.000000e+00
      vertex   3.630621e+01 -1.994629e+02 2.000000e+00
    endloop
  endfacet
  facet normal 1.930721e-01 9.811846e-01 0.000000e+00
    outer loop
      vertex   3.540650e+01 -1.992859e+02 1.000000e+00
      vertex   3.630621e+01 -1.994629e+02 2.000000e+00
      vertex   3.630621e+01 -1.994629e+02 1.000000e+00
    endloop
  endfacet
  facet normal 1.649489e-01 9.863021e-01 -0.000000e+00
    outer loop
      vertex   3.630621e+01 -1.994629e+02 1.000000e+00
      vertex   3.630621e+01 -1.994629e+02 2.000000e+00
      vertex   3.736449e+01 -1.996399e+02 2.000000e+00
    endloop
  endfacet
  facet normal 1.649489e-01 9.863021e-01 0.000000e+00
    outer loop
      vertex   3.630621e+01 -1.994629e+02 1.000000e+00
      vertex   3.736449e+01 -1.996399e+02 2.000000e+00
      vertex   3.736449e+01 -1.996399e+02 1.000000e+00
    endloop
  endfacet
  facet normal 1.442064e-01 9.895476e-01 -0.000000e+00
    outer loop
      vertex   3.736449e+01 -1.996399e+02 1.000000e+00
      vertex   3.736449e+01 -1.996399e+02 2.000000e+00
      vertex   3.857654e+01 -1.998166e+02 2.000000e+00
    endloop
  endfacet
  facet normal 1.442064e-01 9.895476e-01 0.000000e+00
    outer loop
      vertex   3.736449e+01 -1.996399e+02 1.000000e+00
      vertex   3.857654e+01 -1.998166e+02 2.000000e+00
      vertex   3.857654e+01 -1.998166e+02 1.000000e+00
    endloop
  endfacet
  facet normal 1.281200e-01 9.917587e-01 -0.000000e+00
    outer loop
      vertex   3.857654e+01 -1.998166e+02 1.000000e+00
      vertex   3.857654e+01 -1.998166e+02 2.000000e+00
      vertex   3.993943e+01 -1.999926e+02 2.000000e+00
    endloop
  endfacet
  facet normal 1.281200e-01 9.917587e-01 0.000000e+00
    outer loop
      vertex   3.857654e+01 -1.998166e+02 1.000000e+00
      vertex   3.993943e+01 -1.999926e+02 2.000000e+00
      vertex   3.993943e+01 -1.999926e+02 1.000000e+00
    endloop
  endfacet
  facet normal 1.011798e-01 9.948682e-01 -0.000000e+00
    outer loop
      vertex   3.993943e+01 -1.999926e+02 1.000000e+00
      vertex   3.993943e+01 -1.999926e+02 2.000000e+00
      vertex   3.997976e+01 -1.999967e+02 1.000000e+00
    endloop
  endfacet
  facet normal 1.011798e-01 9.948682e-01 -0.000000e+00
    outer loop
      vertex   3.997976e+01 -1.999967e+02 1.000000e+00
      vertex   3.993943e+01 -1.999926e+02 2.000000e+00
      vertex   3.997976e+01 -1.999967e+02 2.000000e+00
    endloop
  endfacet
  facet normal 6.077448e-02 9.981515e-01 -0.000000e+00
    outer loop
      vertex   3.997976e+01 -1.999967e+02 1.000000e+00
      vertex   3.997976e+01 -1.999967e+02 2.000000e+00
      vertex   4.002023e+01 -1.999992e+02 1.000000e+00
    endloop
  endfacet
  facet normal 6.077448e-02 9.981515e-01 -0.000000e+00
    outer loop
      vertex   4.002023e+01 -1.999992e+02 1.000000e+00
      vertex   3.997976e+01 -1.999967e+02 2.000000e+00
      vertex   4.002023e+01 -1.999992e+02 2.000000e+00
    endloop
  endfacet
  facet normal 2.026926e-02 9.997946e-01 -0.000000e+00
    outer loop
      vertex   4.002023e+01 -1.999992e+02 1.000000e+00
      vertex   4.002023e+01 -1.999992e+02 2.000000e+00
      vertex   4.006076e+01 -2.000000e+02 1.000000e+00
    endloop
  endfacet
  facet normal 2.026926e-02 9.997946e-01 -0.000000e+00
    outer loop
      vertex   4.006076e+01 -2.000000e+02 1.000000e+00
      vertex   4.002023e+01 -1.999992e+02 2.000000e+00
      vertex   4.006076e+01 -2.000000e+02 2.000000e+00
    endloop
  endfacet
  facet normal -0.000000e+00 1.000000e+00 0.000000e+00
    outer loop
      vertex   4.006076e+01 -2.000000e+02 2.000000e+00
      vertex   4.193924e+01 -2.000000e+02 2.000000e+00
      vertex   4.006076e+01 -2.000000e+02 1.000000e+00
    endloop
  endfacet
  facet normal 0.000000e+00 1.000000e+00 0.000000e+00
    outer loop
      vertex   4.006076e+01 -2.000000e+02 1.000000e+00
      vertex   4.193924e+01 -2.000000e+02 2.000000e+00
      vertex   4.193924e+01 -2.000000e+02 1.000000e+00
    endloop
  endfacet
  facet normal -2.026926e-02 9.997946e-01 0.000000e+00
    outer loop
      vertex   4.193924e+01 -2.000000e+02 1.000000e+00
      vertex   4.193924e+01 -2.000000e+02 2.000000e+00
      vertex   4.197977e+01 -1.999992e+02 1.000000e+00
    endloop
  endfacet
  facet normal -2.026926e-02 9.997946e-01 0.000000e+00
    outer loop
      vertex   4.197977e+01 -1.999992e+02 1.000000e+00
      vertex   4.193924e+01 -2.000000e+02 2.000000e+00
      vertex   4.197977e+01 -1.999992e+02 2.000000e+00
    endloop
  endfacet
  facet normal -6.077448e-02 9.981515e-01 0.000000e+00
    outer loop
      vertex   4.197977e+01 -1.999992e+02 1.000000e+00
      vertex   4.197977e+01 -1.999992e+02 2.000000e+00
      vertex   4.202024e+01 -1.999967e+02 1.000000e+00
    endloop
  endfacet
  facet normal -6.077448e-02 9.981515e-01 0.000000e+00
    outer loop
      vertex   4.202024e+01 -1.999967e+02 1.000000e+00
      vertex   4.197977e+01 -1.999992e+02 2.000000e+00
      vertex   4.202024e+01 -1.999967e+02 2.000000e+00
    endloop
  endfacet
  facet normal -1.011798e-01 9.948682e-01 0.000000e+00
    outer loop
      vertex   4.202024e+01 -1.999967e+02 1.000000e+00
      vertex   4.202024e+01 -1.999967e+02 2.000000e+00
      vertex   4.206057e+01 -1.999926e+02 1.000000e+00
    endloop
  endfacet
  facet normal -1.011798e-01 9.948682e-01 0.000000e+00
    outer loop
      vertex   4.206057e+01 -1.999926e+02 1.000000e+00
      vertex   4.202024e+01 -1.999967e+02 2.000000e+00
      vertex   4.206057e+01 -1.999926e+02 2.000000e+00
    endloop
  endfacet
  facet normal -1.281200e-01 9.917587e-01 0.000000e+00
    outer loop
      vertex   4.206057e+01 -1.999926e+02 2.000000e+00
      vertex   4.342346e+01 -1.998166e+02 2.000000e+00
      vertex   4.206057e+01 -1.999926e+02 1.000000e+00
    endloop
  endfacet
  facet normal -1.281200e-01 9.917587e-01 0.000000e+00
    outer loop
      vertex   4.206057e+01 -1.999926e+02 1.000000e+00
      vertex   4.342346e+01 -1.998166e+02 2.000000e+00
      vertex   4.342346e+01 -1.998166e+02 1.000000e+00
    endloop
  endfacet
  facet normal -1.442064e-01 9.895476e-01 0.000000e+00
    outer loop
      vertex   4.342346e+01 -1.998166e+02 1.000000e+00
      vertex   4.342346e+01 -1.998166e+02 2.000000e+00
      vertex   4.463551e+01 -1.996399e+02 2.000000e+00
    endloop
  endfacet
  facet normal -1.442064e-01 9.895476e-01 0.000000e+00
    outer loop
      vertex   4.342346e+01 -1.998166e+02 1.000000e+00
      vertex   4.463551e+01 -1.996399e+02 2.000000e+00
      vertex   4.463551e+01 -1.996399e+02 1.000000e+00
    endloop
  endfacet
  facet normal -1.649489e-01 9.863021e-01 0.000000e+00
    outer loop
      vertex   4.463551e+01 -1.996399e+02 1.000000e+00
      vertex   4.463551e+01 -1.996399e+02 2.000000e+00
      vertex   4.569379e+01 -1.994629e+02 2.000000e+00
    endloop
  endfacet
  facet normal -1.649489e-01 9.863021e-01 0.000000e+00
    outer loop
      vertex   4.463551e+01 -1.996399e+02 1.000000e+00
      vertex   4.569379e+01 -1.994629e+02 2.000000e+00
      vertex   4.569379e+01 -1.994629e+02 1.000000e+00
    endloop
  endfacet
  facet normal -1.930721e-01 9.811846e-01 0.000000e+00
    outer loop
      vertex   4.569379e+01 -1.994629e+02 1.000000e+00
      vertex   4.569379e+01 -1.994629e+02 2.000000e+00
      vertex   4.659350e+01 -1.992859e+02 2.000000e+00
    endloop
  endfacet
  facet normal -1.930721e-01 9.811846e-01 0.000000e+00
    outer loop
      vertex   4.569379e+01 -1.994629e+02 1.000000e+00
      vertex   4.659350e+01 -1.992859e+02 2.000000e+00
      vertex   4.659350e+01 -1.992859e+02 1.000000e+00
    endloop
  endfacet
  facet normal -2.338663e-01 9.722688e-01 0.000000e+00
    outer loop
      vertex   4.659350e+01 -1.992859e+02 1.000000e+00
      vertex   4.659350e+01 -1.992859e+02 2.000000e+00
      vertex   4.732830e+01 -1.991091e+02 2.000000e+00
    endloop
  endfacet
  facet normal -2.338663e-01 9.722688e-01 0.000000e+00
    outer loop
      vertex   4.659350e+01 -1.992859e+02 1.000000e+00
      vertex   4.732830e+01 -1.991091e+02 2.000000e+00
      vertex   4.732830e+01 -1.991091e+02 1.000000e+00
    endloop
  endfacet
  facet normal -2.986912e-01 9.543498e-01 0.000000e+00
    outer loop
      vertex   4.732830e+01 -1.991091e+02 1.000000e+00
      vertex   4.732830e+01 -1.991091e+02 2.000000e+00
      vertex   4.789093e+01 -1.989331e+02 2.000000e+00
    endloop
  endfacet
  facet normal -2.986912e-01 9.543498e-01 0.000000e+00
    outer loop
      vertex   4.732830e+01 -1.991091e+02 1.000000e+00
      vertex   4.789093e+01 -1.989331e+02 2.000000e+00
      vertex   4.789093e+01 -1.989331e+02 1.000000e+00
    endloop
  endfacet
  facet normal -3.784857e-01 9.256071e-01 0.000000e+00
    outer loop
      vertex   4.789093e+01 -1.989331e+02 1.000000e+00
      vertex   4.789093e+01 -1.989331e+02 2.000000e+00
      vertex   4.810540e+01 -1.988454e+02 2.000000e+00
    endloop
  endfacet
  facet normal -3.784857e-01 9.256071e-01 0.000000e+00
    outer loop
      vertex   4.789093e+01 -1.989331e+02 1.000000e+00
      vertex   4.810540e+01 -1.988454e+02 2.000000e+00
      vertex   4.810540e+01 -1.988454e+02 1.000000e+00
    endloop
  endfacet
  facet normal -4.599223e-01 8.879592e-01 0.000000e+00
    outer loop
      vertex   4.810540e+01 -1.988454e+02 1.000000e+00
      vertex   4.810540e+01 -1.988454e+02 2.000000e+00
      vertex   4.827418e+01 -1.987579e+02 2.000000e+00
    endloop
  endfacet
  facet normal -4.599223e-01 8.879592e-01 0.000000e+00
    outer loop
      vertex   4.810540e+01 -1.988454e+02 1.000000e+00
      vertex   4.827418e+01 -1.987579e+02 2.000000e+00
      vertex   4.827418e+01 -1.987579e+02 1.000000e+00
    endloop
  endfacet
  facet normal -5.799507e-01 8.146516e-01 0.000000e+00
    outer loop
      vertex   4.827418e+01 -1.987579e+02 1.000000e+00
      vertex   4.827418e+01 -1.987579e+02 2.000000e+00
      vertex   4.839655e+01 -1.986708e+02 2.000000e+00
    endloop
  endfacet
  facet normal -5.799507e-01 8.146516e-01 0.000000e+00
    outer loop
      vertex   4.827418e+01 -1.987579e+02 1.000000e+00
      vertex   4.839655e+01 -1.986708e+02 2.000000e+00
      vertex   4.839655e+01 -1.986708e+02 1.000000e+00
    endloop
  endfacet
  facet normal -7.057508e-01 7.084601e-01 0.000000e+00
    outer loop
      vertex   4.839655e+01 -1.986708e+02 1.000000e+00
      vertex   4.839655e+01 -1.986708e+02 2.000000e+00
      vertex   4.844015e+01 -1.986274e+02 2.000000e+00
    endloop
  endfacet
  facet normal -7.057508e-01 7.084601e-01 0.000000e+00
    outer loop
      vertex   4.839655e+01 -1.986708e+02 1.000000e+00
      vertex   4.844015e+01 -1.986274e+02 2.000000e+00
      vertex   4.844015e+01 -1.986274e+02 1.000000e+00
    endloop
  endfacet
  facet normal -8.061899e-01 5.916568e-01 0.000000e+00
    outer loop
      vertex   4.844015e+01 -1.986274e+02 1.000000e+00
      vertex   4.844015e+01 -1.986274e+02 2.000000e+00
      vertex   4.847196e+01 -1.985840e+02 2.000000e+00
    endloop
  endfacet
  facet normal -8.061899e-01 5.916568e-01 0.000000e+00
    outer loop
      vertex   4.844015e+01 -1.986274e+02 1.000000e+00
      vertex   4.847196e+01 -1.985840e+02 2.000000e+00
      vertex   4.847196e+01 -1.985840e+02 1.000000e+00
    endloop
  endfacet
  facet normal -9.076935e-01 4.196339e-01 0.000000e+00
    outer loop
      vertex   4.847196e+01 -1.985840e+02 1.000000e+00
      vertex   4.847196e+01 -1.985840e+02 2.000000e+00
      vertex   4.849196e+01 -1.985408e+02 2.000000e+00
    endloop
  endfacet
  facet normal -9.076935e-01 4.196339e-01 0.000000e+00
    outer loop
      vertex   4.847196e+01 -1.985840e+02 1.000000e+00
      vertex   4.849196e+01 -1.985408e+02 2.000000e+00
      vertex   4.849196e+01 -1.985408e+02 1.000000e+00
    endloop
  endfacet
  facet normal -9.683395e-01 2.496370e-01 0.000000e+00
    outer loop
      vertex   4.849196e+01 -1.985408e+02 1.000000e+00
      vertex   4.849196e+01 -1.985408e+02 2.000000e+00
      vertex   4.849753e+01 -1.985192e+02 2.000000e+00
    endloop
  endfacet
  facet normal -9.683395e-01 2.496370e-01 0.000000e+00
    outer loop
      vertex   4.849196e+01 -1.985408e+02 1.000000e+00
      vertex   4.849753e+01 -1.985192e+02 2.000000e+00
      vertex   4.849753e+01 -1.985192e+02 1.000000e+00
    endloop
  endfacet
  facet normal -9.927381e-01 1.202959e-01 0.000000e+00
    outer loop
      vertex   4.849753e+01 -1.985192e+02 1.000000e+00
      vertex   4.849753e+01 -1.985192e+02 2.000000e+00
      vertex   4.850015e+01 -1.984976e+02 2.000000e+00
    endloop
  endfacet
  facet normal -9.927381e-01 1.202959e-01 0.000000e+00
    outer loop
      vertex   4.849753e+01 -1.985192e+02 1.000000e+00
      vertex   4.850015e+01 -1.984976e+02 2.000000e+00
      vertex   4.850015e+01 -1.984976e+02 1.000000e+00
    endloop
  endfacet
  facet normal -9.998782e-01 -1.560445e-02 0.000000e+00
    outer loop
      vertex   4.850015e+01 -1.984976e+02 1.000000e+00
      vertex   4.850015e+01 -1.984976e+02 2.000000e+00
      vertex   4.849981e+01 -1.984760e+02 2.000000e+00
    endloop
  endfacet
  facet normal -9.998782e-01 -1.560445e-02 0.000000e+00
    outer loop
      vertex   4.850015e+01 -1.984976e+02 1.000000e+00
      vertex   4.849981e+01 -1.984760e+02 2.000000e+00
      vertex   4.849981e+01 -1.984760e+02 1.000000e+00
    endloop
  endfacet
  facet normal -9.885721e-01 -1.507488e-01 0.000000e+00
    outer loop
      vertex   4.849981e+01 -1.984760e+02 1.000000e+00
      vertex   4.849981e+01 -1.984760e+02 2.000000e+00
      vertex   4.849653e+01 -1.984545e+02 2.000000e+00
    endloop
  endfacet
  facet normal -9.885721e-01 -1.507488e-01 0.000000e+00
    outer loop
      vertex   4.849981e+01 -1.984760e+02 1.000000e+00
      vertex   4.849653e+01 -1.984545e+02 2.000000e+00
      vertex   4.849653e+01 -1.984545e+02 1.000000e+00
    endloop
  endfacet
  facet normal -9.415304e-01 -3.369281e-01 0.000000e+00
    outer loop
      vertex   4.849653e+01 -1.984545e+02 1.000000e+00
      vertex   4.849653e+01 -1.984545e+02 2.000000e+00
      vertex   4.848113e+01 -1.984115e+02 2.000000e+00
    endloop
  endfacet
  facet normal -9.415304e-01 -3.369281e-01 0.000000e+00
    outer loop
      vertex   4.849653e+01 -1.984545e+02 1.000000e+00
      vertex   4.848113e+01 -1.984115e+02 2.000000e+00
      vertex   4.848113e+01 -1.984115e+02 1.000000e+00
    endloop
  endfacet
  facet normal -8.455034e-01 -5.339701e-01 0.000000e+00
    outer loop
      vertex   4.848113e+01 -1.984115e+02 1.000000e+00
      vertex   4.848113e+01 -1.984115e+02 2.000000e+00
      vertex   4.845402e+01 -1.983686e+02 2.000000e+00
    endloop
  endfacet
  facet normal -8.455034e-01 -5.339701e-01 0.000000e+00
    outer loop
      vertex   4.848113e+01 -1.984115e+02 1.000000e+00
      vertex   4.845402e+01 -1.983686e+02 2.000000e+00
      vertex   4.845402e+01 -1.983686e+02 1.000000e+00
    endloop
  endfacet
  facet normal -7.415800e-01 -6.708645e-01 0.000000e+00
    outer loop
      vertex   4.845402e+01 -1.983686e+02 1.000000e+00
      vertex   4.845402e+01 -1.983686e+02 2.000000e+00
      vertex   4.841526e+01 -1.983257e+02 2.000000e+00
    endloop
  endfacet
  facet normal -7.415800e-01 -6.708645e-01 0.000000e+00
    outer loop
      vertex   4.845402e+01 -1.983686e+02 1.000000e+00
      vertex   4.841526e+01 -1.983257e+02 2.000000e+00
      vertex   4.841526e+01 -1.983257e+02 1.000000e+00
    endloop
  endfacet
  facet normal -6.062144e-01 -7.953013e-01 0.000000e+00
    outer loop
      vertex   4.841526e+01 -1.983257e+02 1.000000e+00
      vertex   4.841526e+01 -1.983257e+02 2.000000e+00
      vertex   4.830314e+01 -1.982403e+02 2.000000e+00
    endloop
  endfacet
  facet normal -6.062144e-01 -7.953013e-01 0.000000e+00
    outer loop
      vertex   4.841526e+01 -1.983257e+02 1.000000e+00
      vertex   4.830314e+01 -1.982403e+02 2.000000e+00
      vertex   4.830314e+01 -1.982403e+02 1.000000e+00
    endloop
  endfacet
  facet normal -4.277979e-01 -9.038744e-01 0.000000e+00
    outer loop
      vertex   4.830314e+01 -1.982403e+02 1.000000e+00
      vertex   4.830314e+01 -1.982403e+02 2.000000e+00
      vertex   4.794368e+01 -1.980701e+02 2.000000e+00
    endloop
  endfacet
  facet normal -4.277979e-01 -9.038744e-01 0.000000e+00
    outer loop
      vertex   4.830314e+01 -1.982403e+02 1.000000e+00
      vertex   4.794368e+01 -1.980701e+02 2.000000e+00
      vertex   4.794368e+01 -1.980701e+02 1.000000e+00
    endloop
  endfacet
  facet normal -3.030569e-01 -9.529725e-01 0.000000e+00
    outer loop
      vertex   4.794368e+01 -1.980701e+02 1.000000e+00
      vertex   4.794368e+01 -1.980701e+02 2.000000e+00
      vertex   4.741122e+01 -1.979008e+02 2.000000e+00
    endloop
  endfacet
  facet normal -3.030569e-01 -9.529725e-01 0.000000e+00
    outer loop
      vertex   4.794368e+01 -1.980701e+02 1.000000e+00
      vertex   4.741122e+01 -1.979008e+02 2.000000e+00
      vertex   4.741122e+01 -1.979008e+02 1.000000e+00
    endloop
  endfacet
  facet normal -2.357700e-01 -9.718089e-01 0.000000e+00
    outer loop
      vertex   4.741122e+01 -1.979008e+02 1.000000e+00
      vertex   4.741122e+01 -1.979008e+02 2.000000e+00
      vertex   4.671504e+01 -1.977319e+02 2.000000e+00
    endloop
  endfacet
  facet normal -2.357700e-01 -9.718089e-01 0.000000e+00
    outer loop
      vertex   4.741122e+01 -1.979008e+02 1.000000e+00
      vertex   4.671504e+01 -1.977319e+02 2.000000e+00
      vertex   4.671504e+01 -1.977319e+02 1.000000e+00
    endloop
  endfacet
  facet normal -1.945719e-01 -9.808883e-01 0.000000e+00
    outer loop
      vertex   4.671504e+01 -1.977319e+02 1.000000e+00
      vertex   4.671504e+01 -1.977319e+02 2.000000e+00
      vertex   4.586386e+01 -1.975631e+02 2.000000e+00
    endloop
  endfacet
  facet normal -1.945719e-01 -9.808883e-01 0.000000e+00
    outer loop
      vertex   4.671504e+01 -1.977319e+02 1.000000e+00
      vertex   4.586386e+01 -1.975631e+02 2.000000e+00
      vertex   4.586386e+01 -1.975631e+02 1.000000e+00
    endloop
  endfacet
  facet normal -1.669003e-01 -9.859738e-01 0.000000e+00
    outer loop
      vertex   4.586386e+01 -1.975631e+02 1.000000e+00
      vertex   4.586386e+01 -1.975631e+02 2.000000e+00
      vertex   4.486480e+01 -1.973939e+02 2.000000e+00
    endloop
  endfacet
  facet normal -1.669003e-01 -9.859738e-01 0.000000e+00
    outer loop
      vertex   4.586386e+01 -1.975631e+02 1.000000e+00
      vertex   4.486480e+01 -1.973939e+02 2.000000e+00
      vertex   4.486480e+01 -1.973939e+02 1.000000e+00
    endloop
  endfacet
  facet normal -1.468867e-01 -9.891533e-01 0.000000e+00
    outer loop
      vertex   4.486480e+01 -1.973939e+02 1.000000e+00
      vertex   4.486480e+01 -1.973939e+02 2.000000e+00
      vertex   4.372255e+01 -1.972243e+02 2.000000e+00
    endloop
  endfacet
  facet normal -1.468867e-01 -9.891533e-01 0.000000e+00
    outer loop
      vertex   4.486480e+01 -1.973939e+02 1.000000e+00
      vertex   4.372255e+01 -1.972243e+02 2.000000e+00
      vertex   4.372255e+01 -1.972243e+02 1.000000e+00
    endloop
  endfacet
  facet normal -2.556059e-01 -9.667811e-01 0.000000e+00
    outer loop
      vertex   4.372255e+01 -1.972243e+02 1.000000e+00
      vertex   4.372255e+01 -1.972243e+02 2.000000e+00
      vertex   4.326229e+01 -1.971026e+02 1.000000e+00
    endloop
  endfacet
  facet normal -2.556059e-01 -9.667811e-01 0.000000e+00
    outer loop
      vertex   4.326229e+01 -1.971026e+02 1.000000e+00
      vertex   4.372255e+01 -1.972243e+02 2.000000e+00
      vertex   4.326229e+01 -1.971026e+02 2.000000e+00
    endloop
  endfacet
  facet normal -4.768595e-01 -8.789795e-01 0.000000e+00
    outer loop
      vertex   4.326229e+01 -1.971026e+02 1.000000e+00
      vertex   4.326229e+01 -1.971026e+02 2.000000e+00
      vertex   4.284383e+01 -1.968756e+02 1.000000e+00
    endloop
  endfacet
  facet normal -4.768595e-01 -8.789795e-01 0.000000e+00
    outer loop
      vertex   4.284383e+01 -1.968756e+02 1.000000e+00
      vertex   4.326229e+01 -1.971026e+02 2.000000e+00
      vertex   4.284383e+01 -1.968756e+02 2.000000e+00
    endloop
  endfacet
  facet normal -6.710932e-01 -7.413730e-01 0.000000e+00
    outer loop
      vertex   4.284383e+01 -1.968756e+02 1.000000e+00
      vertex   4.284383e+01 -1.968756e+02 2.000000e+00
      vertex   4.249088e+01 -1.965561e+02 1.000000e+00
    endloop
  endfacet
  facet normal -6.710932e-01 -7.413730e-01 0.000000e+00
    outer loop
      vertex   4.249088e+01 -1.965561e+02 1.000000e+00
      vertex   4.284383e+01 -1.968756e+02 2.000000e+00
      vertex   4.249088e+01 -1.965561e+02 2.000000e+00
    endloop
  endfacet
  facet normal -8.273012e-01 -5.617586e-01 0.000000e+00
    outer loop
      vertex   4.249088e+01 -1.965561e+02 1.000000e+00
      vertex   4.249088e+01 -1.965561e+02 2.000000e+00
      vertex   4.222344e+01 -1.961623e+02 1.000000e+00
    endloop
  endfacet
  facet normal -8.273012e-01 -5.617586e-01 0.000000e+00
    outer loop
      vertex   4.222344e+01 -1.961623e+02 1.000000e+00
      vertex   4.249088e+01 -1.965561e+02 2.000000e+00
      vertex   4.222344e+01 -1.961623e+02 2.000000e+00
    endloop
  endfacet
  facet normal -9.366324e-01 -3.503137e-01 0.000000e+00
    outer loop
      vertex   4.222344e+01 -1.961623e+02 1.000000e+00
      vertex   4.222344e+01 -1.961623e+02 2.000000e+00
      vertex   4.205666e+01 -1.957164e+02 1.000000e+00
    endloop
  endfacet
  facet normal -9.366324e-01 -3.503137e-01 0.000000e+00
    outer loop
      vertex   4.205666e+01 -1.957164e+02 1.000000e+00
      vertex   4.222344e+01 -1.961623e+02 2.000000e+00
      vertex   4.205666e+01 -1.957164e+02 2.000000e+00
    endloop
  endfacet
  facet normal -9.928920e-01 -1.190192e-01 0.000000e+00
    outer loop
      vertex   4.205666e+01 -1.957164e+02 1.000000e+00
      vertex   4.205666e+01 -1.957164e+02 2.000000e+00
      vertex   4.200000e+01 -1.952437e+02 1.000000e+00
    endloop
  endfacet
  facet normal -9.928920e-01 -1.190192e-01 0.000000e+00
    outer loop
      vertex   4.200000e+01 -1.952437e+02 1.000000e+00
      vertex   4.205666e+01 -1.957164e+02 2.000000e+00
      vertex   4.200000e+01 -1.952437e+02 2.000000e+00
    endloop
  endfacet
  facet normal -1.000000e+00 -1.980236e-14 -0.000000e+00
    outer loop
      vertex   4.200000e+01 -1.952437e+02 2.000000e+00
      vertex   4.200000e+01 -1.823262e+02 2.000000e+00
      vertex   4.200000e+01 -1.952437e+02 1.000000e+00
    endloop
  endfacet
  facet normal -1.000000e+00 -1.980236e-14 0.000000e+00
    outer loop
      vertex   4.200000e+01 -1.952437e+02 1.000000e+00
      vertex   4.200000e+01 -1.823262e+02 2.000000e+00
      vertex   4.200000e+01 -1.823262e+02 1.000000e+00
    endloop
  endfacet
  facet normal -9.968746e-01 7.899965e-02 0.000000e+00
    outer loop
      vertex   4.200000e+01 -1.823262e+02 1.000000e+00
      vertex   4.200000e+01 -1.823262e+02 2.000000e+00
      vertex   4.208737e+01 -1.812237e+02 1.000000e+00
    endloop
  endfacet
  facet normal -9.968746e-01 7.899965e-02 0.000000e+00
    outer loop
      vertex   4.208737e+01 -1.812237e+02 1.000000e+00
      vertex   4.200000e+01 -1.823262e+02 2.000000e+00
      vertex   4.208737e+01 -1.812237e+02 2.000000e+00
    endloop
  endfacet
  facet normal -9.719889e-01 2.350268e-01 0.000000e+00
    outer loop
      vertex   4.208737e+01 -1.812237e+02 1.000000e+00
      vertex   4.208737e+01 -1.812237e+02 2.000000e+00
      vertex   4.234731e+01 -1.801487e+02 1.000000e+00
    endloop
  endfacet
  facet normal -9.719889e-01 2.350268e-01 0.000000e+00
    outer loop
      vertex   4.234731e+01 -1.801487e+02 1.000000e+00
      vertex   4.208737e+01 -1.812237e+02 2.000000e+00
      vertex   4.234731e+01 -1.801487e+02 2.000000e+00
    endloop
  endfacet
  facet normal -9.228386e-01 3.851868e-01 0.000000e+00
    outer loop
      vertex   4.234731e+01 -1.801487e+02 1.000000e+00
      vertex   4.234731e+01 -1.801487e+02 2.000000e+00
      vertex   4.277333e+01 -1.791280e+02 1.000000e+00
    endloop
  endfacet
  facet normal -9.228386e-01 3.851868e-01 0.000000e+00
    outer loop
      vertex   4.277333e+01 -1.791280e+02 1.000000e+00
      vertex   4.234731e+01 -1.801487e+02 2.000000e+00
      vertex   4.277333e+01 -1.791280e+02 2.000000e+00
    endloop
  endfacet
  facet normal -8.506508e-01 5.257311e-01 0.000000e+00
    outer loop
      vertex   4.277333e+01 -1.791280e+02 1.000000e+00
      vertex   4.277333e+01 -1.791280e+02 2.000000e+00
      vertex   4.335478e+01 -1.781872e+02 1.000000e+00
    endloop
  endfacet
  facet normal -8.506508e-01 5.257311e-01 0.000000e+00
    outer loop
      vertex   4.335478e+01 -1.781872e+02 1.000000e+00
      vertex   4.277333e+01 -1.791280e+02 2.000000e+00
      vertex   4.335478e+01 -1.781872e+02 2.000000e+00
    endloop
  endfacet
  facet normal -7.572275e-01 6.531512e-01 0.000000e+00
    outer loop
      vertex   4.335478e+01 -1.781872e+02 1.000000e+00
      vertex   4.335478e+01 -1.781872e+02 2.000000e+00
      vertex   4.407717e+01 -1.773497e+02 1.000000e+00
    endloop
  endfacet
  facet normal -7.572275e-01 6.531512e-01 0.000000e+00
    outer loop
      vertex   4.407717e+01 -1.773497e+02 1.000000e+00
      vertex   4.335478e+01 -1.781872e+02 2.000000e+00
      vertex   4.407717e+01 -1.773497e+02 2.000000e+00
    endloop
  endfacet
  facet normal -6.449010e-01 7.642661e-01 0.000000e+00
    outer loop
      vertex   4.407717e+01 -1.773497e+02 1.000000e+00
      vertex   4.407717e+01 -1.773497e+02 2.000000e+00
      vertex   4.492244e+01 -1.766365e+02 1.000000e+00
    endloop
  endfacet
  facet normal -6.449010e-01 7.642661e-01 0.000000e+00
    outer loop
      vertex   4.492244e+01 -1.766365e+02 1.000000e+00
      vertex   4.407717e+01 -1.773497e+02 2.000000e+00
      vertex   4.492244e+01 -1.766365e+02 2.000000e+00
    endloop
  endfacet
  facet normal -5.164753e-01 8.563021e-01 0.000000e+00
    outer loop
      vertex   4.492244e+01 -1.766365e+02 1.000000e+00
      vertex   4.492244e+01 -1.766365e+02 2.000000e+00
      vertex   4.586951e+01 -1.760653e+02 1.000000e+00
    endloop
  endfacet
  facet normal -5.164753e-01 8.563021e-01 0.000000e+00
    outer loop
      vertex   4.586951e+01 -1.760653e+02 1.000000e+00
      vertex   4.492244e+01 -1.766365e+02 2.000000e+00
      vertex   4.586951e+01 -1.760653e+02 2.000000e+00
    endloop
  endfacet
  facet normal -4.472136e-01 8.944272e-01 0.000000e+00
    outer loop
      vertex   4.586951e+01 -1.760653e+02 2.000000e+00
      vertex   4.607348e+01 -1.759633e+02 2.000000e+00
      vertex   4.586951e+01 -1.760653e+02 1.000000e+00
    endloop
  endfacet
  facet normal -4.472136e-01 8.944272e-01 0.000000e+00
    outer loop
      vertex   4.586951e+01 -1.760653e+02 1.000000e+00
      vertex   4.607348e+01 -1.759633e+02 2.000000e+00
      vertex   4.607348e+01 -1.759633e+02 1.000000e+00
    endloop
  endfacet
  facet normal 0.000000e+00 -0.000000e+00 1.000000e+00
    outer loop
      vertex   4.797626e+01 -1.701917e+02 1.000000e+00
      vertex   4.993920e+01 -1.699322e+02 1.000000e+00
      vertex   4.794743e+01 -1.693163e+02 1.000000e+00
    endloop
  endfacet
  facet normal -0.000000e+00 0.000000e+00 1.000000e+00
    outer loop
      vertex   4.794743e+01 -1.693163e+02 1.000000e+00
      vertex   4.993920e+01 -1.699322e+02 1.000000e+00
      vertex   4.989212e+01 -1.688600e+02 1.000000e+00
    endloop
  endfacet
  facet normal 0.000000e+00 -0.000000e+00 1.000000e+00
    outer loop
      vertex   4.794743e+01 -1.693163e+02 1.000000e+00
      vertex   4.989212e+01 -1.688600e+02 1.000000e+00
      vertex   4.529574e+01 -1.474398e+02 1.000000e+00
    endloop
  endfacet
  facet normal -0.000000e+00 0.000000e+00 1.000000e+00
    outer loop
      vertex   4.529574e+01 -1.474398e+02 1.000000e+00
      vertex   4.989212e+01 -1.688600e+02 1.000000e+00
      vertex   4.710663e+01 -1.458797e+02 1.000000e+00
    endloop
  endfacet
  facet normal 0.000000e+00 -0.000000e+00 1.000000e+00
    outer loop
      vertex   4.529574e+01 -1.474398e+02 1.000000e+00
      vertex   4.710663e+01 -1.458797e+02 1.000000e+00
      vertex   4.526691e+01 -1.473228e+02 1.000000e+00
    endloop
  endfacet
  facet normal 0.000000e+00 -0.000000e+00 1.000000e+00
    outer loop
      vertex   4.526691e+01 -1.473228e+02 1.000000e+00
      vertex   4.710663e+01 -1.458797e+02 1.000000e+00
      vertex   4.521090e+01 -1.472160e+02 1.000000e+00
    endloop
  endfacet
  facet normal 0.000000e+00 -0.000000e+00 1.000000e+00
    outer loop
      vertex   4.521090e+01 -1.472160e+02 1.000000e+00
      vertex   4.710663e+01 -1.458797e+02 1.000000e+00
      vertex   4.513097e+01 -1.471258e+02 1.000000e+00
    endloop
  endfacet
  facet normal 0.000000e+00 -0.000000e+00 1.000000e+00
    outer loop
      vertex   4.513097e+01 -1.471258e+02 1.000000e+00
      vertex   4.710663e+01 -1.458797e+02 1.000000e+00
      vertex   4.503176e+01 -1.470573e+02 1.000000e+00
    endloop
  endfacet
  facet normal 0.000000e+00 -0.000000e+00 1.000000e+00
    outer loop
      vertex   4.503176e+01 -1.470573e+02 1.000000e+00
      vertex   4.710663e+01 -1.458797e+02 1.000000e+00
      vertex   4.491905e+01 -1.470145e+02 1.000000e+00
    endloop
  endfacet
  facet normal 0.000000e+00 -0.000000e+00 1.000000e+00
    outer loop
      vertex   4.491905e+01 -1.470145e+02 1.000000e+00
      vertex   4.710663e+01 -1.458797e+02 1.000000e+00
      vertex   4.479937e+01 -1.470000e+02 1.000000e+00
    endloop
  endfacet
  facet normal 0.000000e+00 0.000000e+00 1.000000e+00
    outer loop
      vertex   4.479937e+01 -1.470000e+02 1.000000e+00
      vertex   4.710663e+01 -1.458797e+02 1.000000e+00
      vertex   4.635324e+01 -1.450291e+02 1.000000e+00
    endloop
  endfacet
  facet normal 0.000000e+00 -0.000000e+00 1.000000e+00
    outer loop
      vertex   4.479937e+01 -1.470000e+02 1.000000e+00
      vertex   4.635324e+01 -1.450291e+02 1.000000e+00
      vertex   3.588611e+01 -1.450000e+02 1.000000e+00
    endloop
  endfacet
  facet normal -0.000000e+00 0.000000e+00 1.000000e+00
    outer loop
      vertex   3.588611e+01 -1.450000e+02 1.000000e+00
      vertex   4.635324e+01 -1.450291e+02 1.000000e+00
      vertex   4.611389e+01 -1.450000e+02 1.000000e+00
    endloop
  endfacet
  facet normal 0.000000e+00 0.000000e+00 1.000000e+00
    outer loop
      vertex   4.993920e+01 -1.699322e+02 1.000000e+00
      vertex   4.797626e+01 -1.701917e+02 1.000000e+00
      vertex   4.982183e+01 -1.709990e+02 1.000000e+00
    endloop
  endfacet
  facet normal 0.000000e+00 0.000000e+00 1.000000e+00
    outer loop
      vertex   4.982183e+01 -1.709990e+02 1.000000e+00
      vertex   4.797626e+01 -1.701917e+02 1.000000e+00
      vertex   4.785190e+01 -1.710587e+02 1.000000e+00
    endloop
  endfacet
  facet normal 0.000000e+00 0.000000e+00 1.000000e+00
    outer loop
      vertex   4.982183e+01 -1.709990e+02 1.000000e+00
      vertex   4.785190e+01 -1.710587e+02 1.000000e+00
      vertex   4.757816e+01 -1.718906e+02 1.000000e+00
    endloop
  endfacet
  facet normal 0.000000e+00 0.000000e+00 1.000000e+00
    outer loop
      vertex   4.982183e+01 -1.709990e+02 1.000000e+00
      vertex   4.757816e+01 -1.718906e+02 1.000000e+00
      vertex   4.954275e+01 -1.720353e+02 1.000000e+00
    endloop
  endfacet
  facet normal 0.000000e+00 0.000000e+00 1.000000e+00
    outer loop
      vertex   4.954275e+01 -1.720353e+02 1.000000e+00
      vertex   4.757816e+01 -1.718906e+02 1.000000e+00
      vertex   4.716344e+01 -1.726621e+02 1.000000e+00
    endloop
  endfacet
  facet normal 0.000000e+00 0.000000e+00 1.000000e+00
    outer loop
      vertex   4.954275e+01 -1.720353e+02 1.000000e+00
      vertex   4.716344e+01 -1.726621e+02 1.000000e+00
      vertex   4.910853e+01 -1.730168e+02 1.000000e+00
    endloop
  endfacet
  facet normal 0.000000e+00 0.000000e+00 1.000000e+00
    outer loop
      vertex   4.910853e+01 -1.730168e+02 1.000000e+00
      vertex   4.716344e+01 -1.726621e+02 1.000000e+00
      vertex   4.662047e+01 -1.733493e+02 1.000000e+00
    endloop
  endfacet
  facet normal 0.000000e+00 0.000000e+00 1.000000e+00
    outer loop
      vertex   4.910853e+01 -1.730168e+02 1.000000e+00
      vertex   4.662047e+01 -1.733493e+02 1.000000e+00
      vertex   4.852937e+01 -1.739204e+02 1.000000e+00
    endloop
  endfacet
  facet normal 0.000000e+00 0.000000e+00 1.000000e+00
    outer loop
      vertex   4.852937e+01 -1.739204e+02 1.000000e+00
      vertex   4.662047e+01 -1.733493e+02 1.000000e+00
      vertex   4.596590e+01 -1.739313e+02 1.000000e+00
    endloop
  endfacet
  facet normal 0.000000e+00 0.000000e+00 1.000000e+00
    outer loop
      vertex   4.852937e+01 -1.739204e+02 1.000000e+00
      vertex   4.596590e+01 -1.739313e+02 1.000000e+00
      vertex   4.521983e+01 -1.743901e+02 1.000000e+00
    endloop
  endfacet
  facet normal 0.000000e+00 0.000000e+00 1.000000e+00
    outer loop
      vertex   4.189484e+01 -1.760535e+02 1.000000e+00
      vertex   4.607348e+01 -1.759633e+02 1.000000e+00
      vertex   4.521983e+01 -1.743901e+02 1.000000e+00
    endloop
  endfacet
  facet normal 0.000000e+00 0.000000e+00 1.000000e+00
    outer loop
      vertex   4.521983e+01 -1.743901e+02 1.000000e+00
      vertex   4.607348e+01 -1.759633e+02 1.000000e+00
      vertex   4.699380e+01 -1.754111e+02 1.000000e+00
    endloop
  endfacet
  facet normal 0.000000e+00 0.000000e+00 1.000000e+00
    outer loop
      vertex   4.521983e+01 -1.743901e+02 1.000000e+00
      vertex   4.699380e+01 -1.754111e+02 1.000000e+00
      vertex   4.781889e+01 -1.747248e+02 1.000000e+00
    endloop
  endfacet
  facet normal 0.000000e+00 0.000000e+00 1.000000e+00
    outer loop
      vertex   4.607348e+01 -1.759633e+02 1.000000e+00
      vertex   4.189484e+01 -1.760535e+02 1.000000e+00
      vertex   4.586951e+01 -1.760653e+02 1.000000e+00
    endloop
  endfacet
  facet normal 0.000000e+00 0.000000e+00 1.000000e+00
    outer loop
      vertex   4.586951e+01 -1.760653e+02 1.000000e+00
      vertex   4.189484e+01 -1.760535e+02 1.000000e+00
      vertex   4.145973e+01 -1.762113e+02 1.000000e+00
    endloop
  endfacet
  facet normal 0.000000e+00 0.000000e+00 1.000000e+00
    outer loop
      vertex   4.586951e+01 -1.760653e+02 1.000000e+00
      vertex   4.145973e+01 -1.762113e+02 1.000000e+00
      vertex   4.100000e+01 -1.762649e+02 1.000000e+00
    endloop
  endfacet
  facet normal 0.000000e+00 0.000000e+00 1.000000e+00
    outer loop
      vertex   4.054027e+01 -1.762113e+02 1.000000e+00
      vertex   3.991263e+01 -1.812237e+02 1.000000e+00
      vertex   4.100000e+01 -1.762649e+02 1.000000e+00
    endloop
  endfacet
  facet normal 0.000000e+00 0.000000e+00 1.000000e+00
    outer loop
      vertex   4.100000e+01 -1.762649e+02 1.000000e+00
      vertex   3.991263e+01 -1.812237e+02 1.000000e+00
      vertex   4.208737e+01 -1.812237e+02 1.000000e+00
    endloop
  endfacet
  facet normal 0.000000e+00 0.000000e+00 1.000000e+00
    outer loop
      vertex   4.100000e+01 -1.762649e+02 1.000000e+00
      vertex   4.208737e+01 -1.812237e+02 1.000000e+00
      vertex   4.234731e+01 -1.801487e+02 1.000000e+00
    endloop
  endfacet
  facet normal 0.000000e+00 -0.000000e+00 1.000000e+00
    outer loop
      vertex   3.991263e+01 -1.812237e+02 1.000000e+00
      vertex   4.054027e+01 -1.762113e+02 1.000000e+00
      vertex   3.965269e+01 -1.801487e+02 1.000000e+00
    endloop
  endfacet
  facet normal 0.000000e+00 0.000000e+00 1.000000e+00
    outer loop
      vertex   3.965269e+01 -1.801487e+02 1.000000e+00
      vertex   4.054027e+01 -1.762113e+02 1.000000e+00
      vertex   4.010516e+01 -1.760535e+02 1.000000e+00
    endloop
  endfacet
  facet normal 0.000000e+00 -0.000000e+00 1.000000e+00
    outer loop
      vertex   3.965269e+01 -1.801487e+02 1.000000e+00
      vertex   4.010516e+01 -1.760535e+02 1.000000e+00
      vertex   3.922667e+01 -1.791280e+02 1.000000e+00
    endloop
  endfacet
  facet normal 0.000000e+00 -0.000000e+00 1.000000e+00
    outer loop
      vertex   3.922667e+01 -1.791280e+02 1.000000e+00
      vertex   4.010516e+01 -1.760535e+02 1.000000e+00
      vertex   3.864522e+01 -1.781872e+02 1.000000e+00
    endloop
  endfacet
  facet normal 0.000000e+00 -0.000000e+00 1.000000e+00
    outer loop
      vertex   3.864522e+01 -1.781872e+02 1.000000e+00
      vertex   4.010516e+01 -1.760535e+02 1.000000e+00
      vertex   3.792284e+01 -1.773497e+02 1.000000e+00
    endloop
  endfacet
  facet normal 0.000000e+00 -0.000000e+00 1.000000e+00
    outer loop
      vertex   3.792284e+01 -1.773497e+02 1.000000e+00
      vertex   4.010516e+01 -1.760535e+02 1.000000e+00
      vertex   3.678017e+01 -1.743901e+02 1.000000e+00
    endloop
  endfacet
  facet normal 0.000000e+00 0.000000e+00 1.000000e+00
    outer loop
      vertex   3.792284e+01 -1.773497e+02 1.000000e+00
      vertex   3.678017e+01 -1.743901e+02 1.000000e+00
      vertex   3.707756e+01 -1.766365e+02 1.000000e+00
    endloop
  endfacet
  facet normal 0.000000e+00 0.000000e+00 1.000000e+00
    outer loop
      vertex   3.707756e+01 -1.766365e+02 1.000000e+00
      vertex   3.678017e+01 -1.743901e+02 1.000000e+00
      vertex   3.613050e+01 -1.760653e+02 1.000000e+00
    endloop
  endfacet
  facet normal 0.000000e+00 -0.000000e+00 1.000000e+00
    outer loop
      vertex   3.613050e+01 -1.760653e+02 1.000000e+00
      vertex   3.678017e+01 -1.743901e+02 1.000000e+00
      vertex   3.603410e+01 -1.739313e+02 1.000000e+00
    endloop
  endfacet
  facet normal 0.000000e+00 0.000000e+00 1.000000e+00
    outer loop
      vertex   3.613050e+01 -1.760653e+02 1.000000e+00
      vertex   3.603410e+01 -1.739313e+02 1.000000e+00
      vertex   3.592653e+01 -1.759633e+02 1.000000e+00
    endloop
  endfacet
  facet normal 0.000000e+00 -0.000000e+00 1.000000e+00
    outer loop
      vertex   3.592653e+01 -1.759633e+02 1.000000e+00
      vertex   3.603410e+01 -1.739313e+02 1.000000e+00
      vertex   3.537953e+01 -1.733493e+02 1.000000e+00
    endloop
  endfacet
  facet normal 0.000000e+00 0.000000e+00 1.000000e+00
    outer loop
      vertex   3.592653e+01 -1.759633e+02 1.000000e+00
      vertex   3.537953e+01 -1.733493e+02 1.000000e+00
      vertex   3.500620e+01 -1.754111e+02 1.000000e+00
    endloop
  endfacet
  facet normal 0.000000e+00 -0.000000e+00 1.000000e+00
    outer loop
      vertex   3.500620e+01 -1.754111e+02 1.000000e+00
      vertex   3.537953e+01 -1.733493e+02 1.000000e+00
      vertex   3.483656e+01 -1.726621e+02 1.000000e+00
    endloop
  endfacet
  facet normal 0.000000e+00 0.000000e+00 1.000000e+00
    outer loop
      vertex   3.500620e+01 -1.754111e+02 1.000000e+00
      vertex   3.483656e+01 -1.726621e+02 1.000000e+00
      vertex   3.418111e+01 -1.747248e+02 1.000000e+00
    endloop
  endfacet
  facet normal 0.000000e+00 0.000000e+00 1.000000e+00
    outer loop
      vertex   3.418111e+01 -1.747248e+02 1.000000e+00
      vertex   3.483656e+01 -1.726621e+02 1.000000e+00
      vertex   3.442184e+01 -1.718906e+02 1.000000e+00
    endloop
  endfacet
  facet normal 0.000000e+00 -0.000000e+00 1.000000e+00
    outer loop
      vertex   3.418111e+01 -1.747248e+02 1.000000e+00
      vertex   3.442184e+01 -1.718906e+02 1.000000e+00
      vertex   3.347063e+01 -1.739204e+02 1.000000e+00
    endloop
  endfacet
  facet normal 0.000000e+00 0.000000e+00 1.000000e+00
    outer loop
      vertex   3.347063e+01 -1.739204e+02 1.000000e+00
      vertex   3.442184e+01 -1.718906e+02 1.000000e+00
      vertex   3.414810e+01 -1.710587e+02 1.000000e+00
    endloop
  endfacet
  facet normal 0.000000e+00 -0.000000e+00 1.000000e+00
    outer loop
      vertex   3.347063e+01 -1.739204e+02 1.000000e+00
      vertex   3.414810e+01 -1.710587e+02 1.000000e+00
      vertex   3.289147e+01 -1.730168e+02 1.000000e+00
    endloop
  endfacet
  facet normal 0.000000e+00 0.000000e+00 1.000000e+00
    outer loop
      vertex   3.289147e+01 -1.730168e+02 1.000000e+00
      vertex   3.414810e+01 -1.710587e+02 1.000000e+00
      vertex   3.402374e+01 -1.701917e+02 1.000000e+00
    endloop
  endfacet
  facet normal 0.000000e+00 -0.000000e+00 1.000000e+00
    outer loop
      vertex   3.289147e+01 -1.730168e+02 1.000000e+00
      vertex   3.402374e+01 -1.701917e+02 1.000000e+00
      vertex   3.245725e+01 -1.720353e+02 1.000000e+00
    endloop
  endfacet
  facet normal 0.000000e+00 -0.000000e+00 1.000000e+00
    outer loop
      vertex   3.245725e+01 -1.720353e+02 1.000000e+00
      vertex   3.402374e+01 -1.701917e+02 1.000000e+00
      vertex   3.217817e+01 -1.709990e+02 1.000000e+00
    endloop
  endfacet
  facet normal 0.000000e+00 -0.000000e+00 1.000000e+00
    outer loop
      vertex   3.217817e+01 -1.709990e+02 1.000000e+00
      vertex   3.402374e+01 -1.701917e+02 1.000000e+00
      vertex   3.206080e+01 -1.699322e+02 1.000000e+00
    endloop
  endfacet
  facet normal -0.000000e+00 0.000000e+00 1.000000e+00
    outer loop
      vertex   3.206080e+01 -1.699322e+02 1.000000e+00
      vertex   3.402374e+01 -1.701917e+02 1.000000e+00
      vertex   3.210789e+01 -1.688600e+02 1.000000e+00
    endloop
  endfacet
  facet normal 0.000000e+00 0.000000e+00 1.000000e+00
    outer loop
      vertex   3.210789e+01 -1.688600e+02 1.000000e+00
      vertex   3.402374e+01 -1.701917e+02 1.000000e+00
      vertex   3.405257e+01 -1.693163e+02 1.000000e+00
    endloop
  endfacet
  facet normal -0.000000e+00 0.000000e+00 1.000000e+00
    outer loop
      vertex   3.210789e+01 -1.688600e+02 1.000000e+00
      vertex   3.405257e+01 -1.693163e+02 1.000000e+00
      vertex   3.489337e+01 -1.458797e+02 1.000000e+00
    endloop
  endfacet
  facet normal 0.000000e+00 0.000000e+00 1.000000e+00
    outer loop
      vertex   3.489337e+01 -1.458797e+02 1.000000e+00
      vertex   3.405257e+01 -1.693163e+02 1.000000e+00
      vertex   3.670426e+01 -1.474398e+02 1.000000e+00
    endloop
  endfacet
  facet normal -0.000000e+00 0.000000e+00 1.000000e+00
    outer loop
      vertex   3.489337e+01 -1.458797e+02 1.000000e+00
      vertex   3.670426e+01 -1.474398e+02 1.000000e+00
      vertex   3.542132e+01 -1.451146e+02 1.000000e+00
    endloop
  endfacet
  facet normal -0.000000e+00 0.000000e+00 1.000000e+00
    outer loop
      vertex   3.542132e+01 -1.451146e+02 1.000000e+00
      vertex   3.670426e+01 -1.474398e+02 1.000000e+00
      vertex   3.564676e+01 -1.450291e+02 1.000000e+00
    endloop
  endfacet
  facet normal -0.000000e+00 0.000000e+00 1.000000e+00
    outer loop
      vertex   3.564676e+01 -1.450291e+02 1.000000e+00
      vertex   3.670426e+01 -1.474398e+02 1.000000e+00
      vertex   3.588611e+01 -1.450000e+02 1.000000e+00
    endloop
  endfacet
  facet normal 0.000000e+00 0.000000e+00 1.000000e+00
    outer loop
      vertex   3.588611e+01 -1.450000e+02 1.000000e+00
      vertex   3.670426e+01 -1.474398e+02 1.000000e+00
      vertex   3.673309e+01 -1.473228e+02 1.000000e+00
    endloop
  endfacet
  facet normal 0.000000e+00 0.000000e+00 1.000000e+00
    outer loop
      vertex   3.588611e+01 -1.450000e+02 1.000000e+00
      vertex   3.673309e+01 -1.473228e+02 1.000000e+00
      vertex   3.678910e+01 -1.472160e+02 1.000000e+00
    endloop
  endfacet
  facet normal 0.000000e+00 -0.000000e+00 1.000000e+00
    outer loop
      vertex   3.678910e+01 -1.472160e+02 1.000000e+00
      vertex   3.686903e+01 -1.471258e+02 1.000000e+00
      vertex   3.588611e+01 -1.450000e+02 1.000000e+00
    endloop
  endfacet
  facet normal 0.000000e+00 0.000000e+00 1.000000e+00
    outer loop
      vertex   3.588611e+01 -1.450000e+02 1.000000e+00
      vertex   3.686903e+01 -1.471258e+02 1.000000e+00
      vertex   3.696824e+01 -1.470573e+02 1.000000e+00
    endloop
  endfacet
  facet normal 0.000000e+00 0.000000e+00 1.000000e+00
    outer loop
      vertex   3.588611e+01 -1.450000e+02 1.000000e+00
      vertex   3.696824e+01 -1.470573e+02 1.000000e+00
      vertex   3.708096e+01 -1.470145e+02 1.000000e+00
    endloop
  endfacet
  facet normal 0.000000e+00 -0.000000e+00 1.000000e+00
    outer loop
      vertex   3.708096e+01 -1.470145e+02 1.000000e+00
      vertex   3.720063e+01 -1.470000e+02 1.000000e+00
      vertex   3.588611e+01 -1.450000e+02 1.000000e+00
    endloop
  endfacet
  facet normal 0.000000e+00 0.000000e+00 1.000000e+00
    outer loop
      vertex   3.588611e+01 -1.450000e+02 1.000000e+00
      vertex   3.720063e+01 -1.470000e+02 1.000000e+00
      vertex   4.479937e+01 -1.470000e+02 1.000000e+00
    endloop
  endfacet
  facet normal 0.000000e+00 -0.000000e+00 1.000000e+00
    outer loop
      vertex   4.781889e+01 -1.747248e+02 1.000000e+00
      vertex   4.852937e+01 -1.739204e+02 1.000000e+00
      vertex   4.521983e+01 -1.743901e+02 1.000000e+00
    endloop
  endfacet
  facet normal 0.000000e+00 0.000000e+00 1.000000e+00
    outer loop
      vertex   4.704897e+01 -1.456456e+02 1.000000e+00
      vertex   4.693696e+01 -1.454321e+02 1.000000e+00
      vertex   4.710663e+01 -1.458797e+02 1.000000e+00
    endloop
  endfacet
  facet normal 0.000000e+00 0.000000e+00 1.000000e+00
    outer loop
      vertex   4.710663e+01 -1.458797e+02 1.000000e+00
      vertex   4.693696e+01 -1.454321e+02 1.000000e+00
      vertex   4.677709e+01 -1.452516e+02 1.000000e+00
    endloop
  endfacet
  facet normal 0.000000e+00 0.000000e+00 1.000000e+00
    outer loop
      vertex   4.710663e+01 -1.458797e+02 1.000000e+00
      vertex   4.677709e+01 -1.452516e+02 1.000000e+00
      vertex   4.657868e+01 -1.451146e+02 1.000000e+00
    endloop
  endfacet
  facet normal 0.000000e+00 0.000000e+00 1.000000e+00
    outer loop
      vertex   4.657868e+01 -1.451146e+02 1.000000e+00
      vertex   4.635324e+01 -1.450291e+02 1.000000e+00
      vertex   4.710663e+01 -1.458797e+02 1.000000e+00
    endloop
  endfacet
  facet normal 0.000000e+00 0.000000e+00 1.000000e+00
    outer loop
      vertex   3.542132e+01 -1.451146e+02 1.000000e+00
      vertex   3.522291e+01 -1.452516e+02 1.000000e+00
      vertex   3.489337e+01 -1.458797e+02 1.000000e+00
    endloop
  endfacet
  facet normal 0.000000e+00 0.000000e+00 1.000000e+00
    outer loop
      vertex   3.489337e+01 -1.458797e+02 1.000000e+00
      vertex   3.522291e+01 -1.452516e+02 1.000000e+00
      vertex   3.506305e+01 -1.454321e+02 1.000000e+00
    endloop
  endfacet
  facet normal 0.000000e+00 0.000000e+00 1.000000e+00
    outer loop
      vertex   3.489337e+01 -1.458797e+02 1.000000e+00
      vertex   3.506305e+01 -1.454321e+02 1.000000e+00
      vertex   3.495103e+01 -1.456456e+02 1.000000e+00
    endloop
  endfacet
  facet normal 0.000000e+00 0.000000e+00 1.000000e+00
    outer loop
      vertex   4.208737e+01 -1.812237e+02 1.000000e+00
      vertex   3.991263e+01 -1.812237e+02 1.000000e+00
      vertex   4.200000e+01 -1.823262e+02 1.000000e+00
    endloop
  endfacet
  facet normal 0.000000e+00 0.000000e+00 1.000000e+00
    outer loop
      vertex   4.200000e+01 -1.823262e+02 1.000000e+00
      vertex   3.991263e+01 -1.812237e+02 1.000000e+00
      vertex   4.000000e+01 -1.823262e+02 1.000000e+00
    endloop
  endfacet
  facet normal 0.000000e+00 0.000000e+00 1.000000e+00
    outer loop
      vertex   4.200000e+01 -1.823262e+02 1.000000e+00
      vertex   4.000000e+01 -1.823262e+02 1.000000e+00
      vertex   4.200000e+01 -1.952437e+02 1.000000e+00
    endloop
  endfacet
  facet normal 0.000000e+00 0.000000e+00 1.000000e+00
    outer loop
      vertex   4.200000e+01 -1.952437e+02 1.000000e+00
      vertex   4.000000e+01 -1.823262e+02 1.000000e+00
      vertex   4.000000e+01 -1.952437e+02 1.000000e+00
    endloop
  endfacet
  facet normal 0.000000e+00 0.000000e+00 1.000000e+00
    outer loop
      vertex   4.200000e+01 -1.952437e+02 1.000000e+00
      vertex   4.000000e+01 -1.952437e+02 1.000000e+00
      vertex   4.205666e+01 -1.957164e+02 1.000000e+00
    endloop
  endfacet
  facet normal 0.000000e+00 0.000000e+00 1.000000e+00
    outer loop
      vertex   4.205666e+01 -1.957164e+02 1.000000e+00
      vertex   4.000000e+01 -1.952437e+02 1.000000e+00
      vertex   3.994334e+01 -1.957164e+02 1.000000e+00
    endloop
  endfacet
  facet normal 0.000000e+00 0.000000e+00 1.000000e+00
    outer loop
      vertex   4.205666e+01 -1.957164e+02 1.000000e+00
      vertex   3.994334e+01 -1.957164e+02 1.000000e+00
      vertex   4.193924e+01 -2.000000e+02 1.000000e+00
    endloop
  endfacet
  facet normal 0.000000e+00 0.000000e+00 1.000000e+00
    outer loop
      vertex   4.193924e+01 -2.000000e+02 1.000000e+00
      vertex   3.994334e+01 -1.957164e+02 1.000000e+00
      vertex   4.006076e+01 -2.000000e+02 1.000000e+00
    endloop
  endfacet
  facet normal 0.000000e+00 0.000000e+00 1.000000e+00
    outer loop
      vertex   4.006076e+01 -2.000000e+02 1.000000e+00
      vertex   3.994334e+01 -1.957164e+02 1.000000e+00
      vertex   3.977656e+01 -1.961623e+02 1.000000e+00
    endloop
  endfacet
  facet normal 0.000000e+00 0.000000e+00 1.000000e+00
    outer loop
      vertex   4.006076e+01 -2.000000e+02 1.000000e+00
      vertex   3.977656e+01 -1.961623e+02 1.000000e+00
      vertex   4.002023e+01 -1.999992e+02 1.000000e+00
    endloop
  endfacet
  facet normal 0.000000e+00 0.000000e+00 1.000000e+00
    outer loop
      vertex   4.002023e+01 -1.999992e+02 1.000000e+00
      vertex   3.977656e+01 -1.961623e+02 1.000000e+00
      vertex   3.997976e+01 -1.999967e+02 1.000000e+00
    endloop
  endfacet
  facet normal 0.000000e+00 0.000000e+00 1.000000e+00
    outer loop
      vertex   3.997976e+01 -1.999967e+02 1.000000e+00
      vertex   3.977656e+01 -1.961623e+02 1.000000e+00
      vertex   3.993943e+01 -1.999926e+02 1.000000e+00
    endloop
  endfacet
  facet normal 0.000000e+00 0.000000e+00 1.000000e+00
    outer loop
      vertex   3.993943e+01 -1.999926e+02 1.000000e+00
      vertex   3.977656e+01 -1.961623e+02 1.000000e+00
      vertex   3.950912e+01 -1.965561e+02 1.000000e+00
    endloop
  endfacet
  facet normal 0.000000e+00 0.000000e+00 1.000000e+00
    outer loop
      vertex   3.993943e+01 -1.999926e+02 1.000000e+00
      vertex   3.950912e+01 -1.965561e+02 1.000000e+00
      vertex   3.915617e+01 -1.968756e+02 1.000000e+00
    endloop
  endfacet
  facet normal 0.000000e+00 0.000000e+00 1.000000e+00
    outer loop
      vertex   3.993943e+01 -1.999926e+02 1.000000e+00
      vertex   3.915617e+01 -1.968756e+02 1.000000e+00
      vertex   3.857654e+01 -1.998166e+02 1.000000e+00
    endloop
  endfacet
  facet normal 0.000000e+00 0.000000e+00 1.000000e+00
    outer loop
      vertex   3.857654e+01 -1.998166e+02 1.000000e+00
      vertex   3.915617e+01 -1.968756e+02 1.000000e+00
      vertex   3.873771e+01 -1.971026e+02 1.000000e+00
    endloop
  endfacet
  facet normal 0.000000e+00 -0.000000e+00 1.000000e+00
    outer loop
      vertex   3.857654e+01 -1.998166e+02 1.000000e+00
      vertex   3.873771e+01 -1.971026e+02 1.000000e+00
      vertex   3.827745e+01 -1.972243e+02 1.000000e+00
    endloop
  endfacet
  facet normal 0.000000e+00 0.000000e+00 1.000000e+00
    outer loop
      vertex   3.857654e+01 -1.998166e+02 1.000000e+00
      vertex   3.827745e+01 -1.972243e+02 1.000000e+00
      vertex   3.736449e+01 -1.996399e+02 1.000000e+00
    endloop
  endfacet
  facet normal 0.000000e+00 -0.000000e+00 1.000000e+00
    outer loop
      vertex   3.736449e+01 -1.996399e+02 1.000000e+00
      vertex   3.827745e+01 -1.972243e+02 1.000000e+00
      vertex   3.713520e+01 -1.973939e+02 1.000000e+00
    endloop
  endfacet
  facet normal 0.000000e+00 0.000000e+00 1.000000e+00
    outer loop
      vertex   3.736449e+01 -1.996399e+02 1.000000e+00
      vertex   3.713520e+01 -1.973939e+02 1.000000e+00
      vertex   3.630621e+01 -1.994629e+02 1.000000e+00
    endloop
  endfacet
  facet normal 0.000000e+00 -0.000000e+00 1.000000e+00
    outer loop
      vertex   3.630621e+01 -1.994629e+02 1.000000e+00
      vertex   3.713520e+01 -1.973939e+02 1.000000e+00
      vertex   3.613614e+01 -1.975631e+02 1.000000e+00
    endloop
  endfacet
  facet normal 0.000000e+00 0.000000e+00 1.000000e+00
    outer loop
      vertex   3.630621e+01 -1.994629e+02 1.000000e+00
      vertex   3.613614e+01 -1.975631e+02 1.000000e+00
      vertex   3.540650e+01 -1.992859e+02 1.000000e+00
    endloop
  endfacet
  facet normal 0.000000e+00 -0.000000e+00 1.000000e+00
    outer loop
      vertex   3.540650e+01 -1.992859e+02 1.000000e+00
      vertex   3.613614e+01 -1.975631e+02 1.000000e+00
      vertex   3.528496e+01 -1.977319e+02 1.000000e+00
    endloop
  endfacet
  facet normal 0.000000e+00 0.000000e+00 1.000000e+00
    outer loop
      vertex   3.540650e+01 -1.992859e+02 1.000000e+00
      vertex   3.528496e+01 -1.977319e+02 1.000000e+00
      vertex   3.467171e+01 -1.991091e+02 1.000000e+00
    endloop
  endfacet
  facet normal 0.000000e+00 -0.000000e+00 1.000000e+00
    outer loop
      vertex   3.467171e+01 -1.991091e+02 1.000000e+00
      vertex   3.528496e+01 -1.977319e+02 1.000000e+00
      vertex   3.458878e+01 -1.979008e+02 1.000000e+00
    endloop
  endfacet
  facet normal 0.000000e+00 0.000000e+00 1.000000e+00
    outer loop
      vertex   3.467171e+01 -1.991091e+02 1.000000e+00
      vertex   3.458878e+01 -1.979008e+02 1.000000e+00
      vertex   3.410907e+01 -1.989331e+02 1.000000e+00
    endloop
  endfacet
  facet normal 0.000000e+00 -0.000000e+00 1.000000e+00
    outer loop
      vertex   3.410907e+01 -1.989331e+02 1.000000e+00
      vertex   3.458878e+01 -1.979008e+02 1.000000e+00
      vertex   3.405632e+01 -1.980701e+02 1.000000e+00
    endloop
  endfacet
  facet normal 0.000000e+00 0.000000e+00 1.000000e+00
    outer loop
      vertex   3.410907e+01 -1.989331e+02 1.000000e+00
      vertex   3.405632e+01 -1.980701e+02 1.000000e+00
      vertex   3.389460e+01 -1.988454e+02 1.000000e+00
    endloop
  endfacet
  facet normal 0.000000e+00 -0.000000e+00 1.000000e+00
    outer loop
      vertex   3.389460e+01 -1.988454e+02 1.000000e+00
      vertex   3.405632e+01 -1.980701e+02 1.000000e+00
      vertex   3.369686e+01 -1.982403e+02 1.000000e+00
    endloop
  endfacet
  facet normal 0.000000e+00 0.000000e+00 1.000000e+00
    outer loop
      vertex   3.389460e+01 -1.988454e+02 1.000000e+00
      vertex   3.369686e+01 -1.982403e+02 1.000000e+00
      vertex   3.372582e+01 -1.987579e+02 1.000000e+00
    endloop
  endfacet
  facet normal 0.000000e+00 0.000000e+00 1.000000e+00
    outer loop
      vertex   3.372582e+01 -1.987579e+02 1.000000e+00
      vertex   3.369686e+01 -1.982403e+02 1.000000e+00
      vertex   3.360345e+01 -1.986708e+02 1.000000e+00
    endloop
  endfacet
  facet normal 0.000000e+00 -0.000000e+00 1.000000e+00
    outer loop
      vertex   3.360345e+01 -1.986708e+02 1.000000e+00
      vertex   3.369686e+01 -1.982403e+02 1.000000e+00
      vertex   3.358474e+01 -1.983257e+02 1.000000e+00
    endloop
  endfacet
  facet normal 0.000000e+00 0.000000e+00 1.000000e+00
    outer loop
      vertex   3.360345e+01 -1.986708e+02 1.000000e+00
      vertex   3.358474e+01 -1.983257e+02 1.000000e+00
      vertex   3.355985e+01 -1.986274e+02 1.000000e+00
    endloop
  endfacet
  facet normal 0.000000e+00 -0.000000e+00 1.000000e+00
    outer loop
      vertex   3.355985e+01 -1.986274e+02 1.000000e+00
      vertex   3.358474e+01 -1.983257e+02 1.000000e+00
      vertex   3.354598e+01 -1.983686e+02 1.000000e+00
    endloop
  endfacet
  facet normal 0.000000e+00 0.000000e+00 1.000000e+00
    outer loop
      vertex   3.355985e+01 -1.986274e+02 1.000000e+00
      vertex   3.354598e+01 -1.983686e+02 1.000000e+00
      vertex   3.352804e+01 -1.985840e+02 1.000000e+00
    endloop
  endfacet
  facet normal 0.000000e+00 -0.000000e+00 1.000000e+00
    outer loop
      vertex   3.352804e+01 -1.985840e+02 1.000000e+00
      vertex   3.354598e+01 -1.983686e+02 1.000000e+00
      vertex   3.351887e+01 -1.984115e+02 1.000000e+00
    endloop
  endfacet
  facet normal 0.000000e+00 0.000000e+00 1.000000e+00
    outer loop
      vertex   3.352804e+01 -1.985840e+02 1.000000e+00
      vertex   3.351887e+01 -1.984115e+02 1.000000e+00
      vertex   3.350804e+01 -1.985408e+02 1.000000e+00
    endloop
  endfacet
  facet normal 0.000000e+00 -0.000000e+00 1.000000e+00
    outer loop
      vertex   3.350804e+01 -1.985408e+02 1.000000e+00
      vertex   3.351887e+01 -1.984115e+02 1.000000e+00
      vertex   3.350348e+01 -1.984545e+02 1.000000e+00
    endloop
  endfacet
  facet normal 0.000000e+00 0.000000e+00 1.000000e+00
    outer loop
      vertex   3.350804e+01 -1.985408e+02 1.000000e+00
      vertex   3.350348e+01 -1.984545e+02 1.000000e+00
      vertex   3.350247e+01 -1.985192e+02 1.000000e+00
    endloop
  endfacet
  facet normal 0.000000e+00 -0.000000e+00 1.000000e+00
    outer loop
      vertex   3.350247e+01 -1.985192e+02 1.000000e+00
      vertex   3.350348e+01 -1.984545e+02 1.000000e+00
      vertex   3.350019e+01 -1.984760e+02 1.000000e+00
    endloop
  endfacet
  facet normal 0.000000e+00 0.000000e+00 1.000000e+00
    outer loop
      vertex   3.350247e+01 -1.985192e+02 1.000000e+00
      vertex   3.350019e+01 -1.984760e+02 1.000000e+00
      vertex   3.349986e+01 -1.984976e+02 1.000000e+00
    endloop
  endfacet
  facet normal 0.000000e+00 0.000000e+00 1.000000e+00
    outer loop
      vertex   4.205666e+01 -1.957164e+02 1.000000e+00
      vertex   4.193924e+01 -2.000000e+02 1.000000e+00
      vertex   4.222344e+01 -1.961623e+02 1.000000e+00
    endloop
  endfacet
  facet normal 0.000000e+00 0.000000e+00 1.000000e+00
    outer loop
      vertex   4.222344e+01 -1.961623e+02 1.000000e+00
      vertex   4.193924e+01 -2.000000e+02 1.000000e+00
      vertex   4.197977e+01 -1.999992e+02 1.000000e+00
    endloop
  endfacet
  facet normal 0.000000e+00 0.000000e+00 1.000000e+00
    outer loop
      vertex   4.222344e+01 -1.961623e+02 1.000000e+00
      vertex   4.197977e+01 -1.999992e+02 1.000000e+00
      vertex   4.202024e+01 -1.999967e+02 1.000000e+00
    endloop
  endfacet
  facet normal 0.000000e+00 0.000000e+00 1.000000e+00
    outer loop
      vertex   4.202024e+01 -1.999967e+02 1.000000e+00
      vertex   4.206057e+01 -1.999926e+02 1.000000e+00
      vertex   4.222344e+01 -1.961623e+02 1.000000e+00
    endloop
  endfacet
  facet normal 0.000000e+00 0.000000e+00 1.000000e+00
    outer loop
      vertex   4.222344e+01 -1.961623e+02 1.000000e+00
      vertex   4.206057e+01 -1.999926e+02 1.000000e+00
      vertex   4.249088e+01 -1.965561e+02 1.000000e+00
    endloop
  endfacet
  facet normal 0.000000e+00 0.000000e+00 1.000000e+00
    outer loop
      vertex   4.249088e+01 -1.965561e+02 1.000000e+00
      vertex   4.206057e+01 -1.999926e+02 1.000000e+00
      vertex   4.284383e+01 -1.968756e+02 1.000000e+00
    endloop
  endfacet
  facet normal 0.000000e+00 0.000000e+00 1.000000e+00
    outer loop
      vertex   4.284383e+01 -1.968756e+02 1.000000e+00
      vertex   4.206057e+01 -1.999926e+02 1.000000e+00
      vertex   4.342346e+01 -1.998166e+02 1.000000e+00
    endloop
  endfacet
  facet normal 0.000000e+00 0.000000e+00 1.000000e+00
    outer loop
      vertex   4.284383e+01 -1.968756e+02 1.000000e+00
      vertex   4.342346e+01 -1.998166e+02 1.000000e+00
      vertex   4.326229e+01 -1.971026e+02 1.000000e+00
    endloop
  endfacet
  facet normal 0.000000e+00 0.000000e+00 1.000000e+00
    outer loop
      vertex   4.326229e+01 -1.971026e+02 1.000000e+00
      vertex   4.342346e+01 -1.998166e+02 1.000000e+00
      vertex   4.372255e+01 -1.972243e+02 1.000000e+00
    endloop
  endfacet
  facet normal 0.000000e+00 0.000000e+00 1.000000e+00
    outer loop
      vertex   4.372255e+01 -1.972243e+02 1.000000e+00
      vertex   4.342346e+01 -1.998166e+02 1.000000e+00
      vertex   4.463551e+01 -1.996399e+02 1.000000e+00
    endloop
  endfacet
  facet normal 0.000000e+00 0.000000e+00 1.000000e+00
    outer loop
      vertex   4.372255e+01 -1.972243e+02 1.000000e+00
      vertex   4.463551e+01 -1.996399e+02 1.000000e+00
      vertex   4.486480e+01 -1.973939e+02 1.000000e+00
    endloop
  endfacet
  facet normal 0.000000e+00 0.000000e+00 1.000000e+00
    outer loop
      vertex   4.486480e+01 -1.973939e+02 1.000000e+00
      vertex   4.463551e+01 -1.996399e+02 1.000000e+00
      vertex   4.569379e+01 -1.994629e+02 1.000000e+00
    endloop
  endfacet
  facet normal 0.000000e+00 0.000000e+00 1.000000e+00
    outer loop
      vertex   4.486480e+01 -1.973939e+02 1.000000e+00
      vertex   4.569379e+01 -1.994629e+02 1.000000e+00
      vertex   4.586386e+01 -1.975631e+02 1.000000e+00
    endloop
  endfacet
  facet normal 0.000000e+00 0.000000e+00 1.000000e+00
    outer loop
      vertex   4.586386e+01 -1.975631e+02 1.000000e+00
      vertex   4.569379e+01 -1.994629e+02 1.000000e+00
      vertex   4.659350e+01 -1.992859e+02 1.000000e+00
    endloop
  endfacet
  facet normal 0.000000e+00 0.000000e+00 1.000000e+00
    outer loop
      vertex   4.586386e+01 -1.975631e+02 1.000000e+00
      vertex   4.659350e+01 -1.992859e+02 1.000000e+00
      vertex   4.671504e+01 -1.977319e+02 1.000000e+00
    endloop
  endfacet
  facet normal 0.000000e+00 0.000000e+00 1.000000e+00
    outer loop
      vertex   4.671504e+01 -1.977319e+02 1.000000e+00
      vertex   4.659350e+01 -1.992859e+02 1.000000e+00
      vertex   4.732830e+01 -1.991091e+02 1.000000e+00
    endloop
  endfacet
  facet normal 0.000000e+00 0.000000e+00 1.000000e+00
    outer loop
      vertex   4.671504e+01 -1.977319e+02 1.000000e+00
      vertex   4.732830e+01 -1.991091e+02 1.000000e+00
      vertex   4.741122e+01 -1.979008e+02 1.000000e+00
    endloop
  endfacet
  facet normal 0.000000e+00 0.000000e+00 1.000000e+00
    outer loop
      vertex   4.741122e+01 -1.979008e+02 1.000000e+00
      vertex   4.732830e+01 -1.991091e+02 1.000000e+00
      vertex   4.789093e+01 -1.989331e+02 1.000000e+00
    endloop
  endfacet
  facet normal 0.000000e+00 0.000000e+00 1.000000e+00
    outer loop
      vertex   4.741122e+01 -1.979008e+02 1.000000e+00
      vertex   4.789093e+01 -1.989331e+02 1.000000e+00
      vertex   4.794368e+01 -1.980701e+02 1.000000e+00
    endloop
  endfacet
  facet normal 0.000000e+00 0.000000e+00 1.000000e+00
    outer loop
      vertex   4.794368e+01 -1.980701e+02 1.000000e+00
      vertex   4.789093e+01 -1.989331e+02 1.000000e+00
      vertex   4.810540e+01 -1.988454e+02 1.000000e+00
    endloop
  endfacet
  facet normal 0.000000e+00 0.000000e+00 1.000000e+00
    outer loop
      vertex   4.794368e+01 -1.980701e+02 1.000000e+00
      vertex   4.810540e+01 -1.988454e+02 1.000000e+00
      vertex   4.830314e+01 -1.982403e+02 1.000000e+00
    endloop
  endfacet
  facet normal 0.000000e+00 0.000000e+00 1.000000e+00
    outer loop
      vertex   4.830314e+01 -1.982403e+02 1.000000e+00
      vertex   4.810540e+01 -1.988454e+02 1.000000e+00
      vertex   4.827418e+01 -1.987579e+02 1.000000e+00
    endloop
  endfacet
  facet normal 0.000000e+00 0.000000e+00 1.000000e+00
    outer loop
      vertex   4.830314e+01 -1.982403e+02 1.000000e+00
      vertex   4.827418e+01 -1.987579e+02 1.000000e+00
      vertex   4.839655e+01 -1.986708e+02 1.000000e+00
    endloop
  endfacet
  facet normal 0.000000e+00 0.000000e+00 1.000000e+00
    outer loop
      vertex   4.830314e+01 -1.982403e+02 1.000000e+00
      vertex   4.839655e+01 -1.986708e+02 1.000000e+00
      vertex   4.841526e+01 -1.983257e+02 1.000000e+00
    endloop
  endfacet
  facet normal 0.000000e+00 0.000000e+00 1.000000e+00
    outer loop
      vertex   4.841526e+01 -1.983257e+02 1.000000e+00
      vertex   4.839655e+01 -1.986708e+02 1.000000e+00
      vertex   4.844015e+01 -1.986274e+02 1.000000e+00
    endloop
  endfacet
  facet normal 0.000000e+00 0.000000e+00 1.000000e+00
    outer loop
      vertex   4.841526e+01 -1.983257e+02 1.000000e+00
      vertex   4.844015e+01 -1.986274e+02 1.000000e+00
      vertex   4.845402e+01 -1.983686e+02 1.000000e+00
    endloop
  endfacet
  facet normal 0.000000e+00 0.000000e+00 1.000000e+00
    outer loop
      vertex   4.845402e+01 -1.983686e+02 1.000000e+00
      vertex   4.844015e+01 -1.986274e+02 1.000000e+00
      vertex   4.847196e+01 -1.985840e+02 1.000000e+00
    endloop
  endfacet
  facet normal 0.000000e+00 0.000000e+00 1.000000e+00
    outer loop
      vertex   4.845402e+01 -1.983686e+02 1.000000e+00
      vertex   4.847196e+01 -1.985840e+02 1.000000e+00
      vertex   4.848113e+01 -1.984115e+02 1.000000e+00
    endloop
  endfacet
  facet normal 0.000000e+00 0.000000e+00 1.000000e+00
    outer loop
      vertex   4.848113e+01 -1.984115e+02 1.000000e+00
      vertex   4.847196e+01 -1.985840e+02 1.000000e+00
      vertex   4.849196e+01 -1.985408e+02 1.000000e+00
    endloop
  endfacet
  facet normal 0.000000e+00 0.000000e+00 1.000000e+00
    outer loop
      vertex   4.848113e+01 -1.984115e+02 1.000000e+00
      vertex   4.849196e+01 -1.985408e+02 1.000000e+00
      vertex   4.849653e+01 -1.984545e+02 1.000000e+00
    endloop
  endfacet
  facet normal 0.000000e+00 0.000000e+00 1.000000e+00
    outer loop
      vertex   4.849653e+01 -1.984545e+02 1.000000e+00
      vertex   4.849196e+01 -1.985408e+02 1.000000e+00
      vertex   4.849753e+01 -1.985192e+02 1.000000e+00
    endloop
  endfacet
  facet normal 0.000000e+00 0.000000e+00 1.000000e+00
    outer loop
      vertex   4.849653e+01 -1.984545e+02 1.000000e+00
      vertex   4.849753e+01 -1.985192e+02 1.000000e+00
      vertex   4.849981e+01 -1.984760e+02 1.000000e+00
    endloop
  endfacet
  facet normal 0.000000e+00 0.000000e+00 1.000000e+00
    outer loop
      vertex   4.849981e+01 -1.984760e+02 1.000000e+00
      vertex   4.849753e+01 -1.985192e+02 1.000000e+00
      vertex   4.850015e+01 -1.984976e+02 1.000000e+00
    endloop
  endfacet
  facet normal 0.000000e+00 -0.000000e+00 1.000000e+00
    outer loop
      vertex   4.234731e+01 -1.801487e+02 1.000000e+00
      vertex   4.277333e+01 -1.791280e+02 1.000000e+00
      vertex   4.100000e+01 -1.762649e+02 1.000000e+00
    endloop
  endfacet
  facet normal 0.000000e+00 0.000000e+00 1.000000e+00
    outer loop
      vertex   4.100000e+01 -1.762649e+02 1.000000e+00
      vertex   4.277333e+01 -1.791280e+02 1.000000e+00
      vertex   4.335478e+01 -1.781872e+02 1.000000e+00
    endloop
  endfacet
  facet normal 0.000000e+00 0.000000e+00 1.000000e+00
    outer loop
      vertex   4.100000e+01 -1.762649e+02 1.000000e+00
      vertex   4.335478e+01 -1.781872e+02 1.000000e+00
      vertex   4.407717e+01 -1.773497e+02 1.000000e+00
    endloop
  endfacet
  facet normal 0.000000e+00 -0.000000e+00 1.000000e+00
    outer loop
      vertex   4.407717e+01 -1.773497e+02 1.000000e+00
      vertex   4.492244e+01 -1.766365e+02 1.000000e+00
      vertex   4.100000e+01 -1.762649e+02 1.000000e+00
    endloop
  endfacet
  facet normal -0.000000e+00 0.000000e+00 1.000000e+00
    outer loop
      vertex   4.100000e+01 -1.762649e+02 1.000000e+00
      vertex   4.492244e+01 -1.766365e+02 1.000000e+00
      vertex   4.586951e+01 -1.760653e+02 1.000000e+00
    endloop
  endfacet
  facet normal 9.844276e-01 1.757906e-01 0.000000e+00
    outer loop
      vertex   5.963644e+01 -1.791641e+02 2.000000e+00
      vertex   6.260606e+01 -1.957940e+02 2.000000e+00
      vertex   5.963644e+01 -1.791641e+02 1.000000e+00
    endloop
  endfacet
  facet normal 9.844276e-01 1.757906e-01 0.000000e+00
    outer loop
      vertex   5.963644e+01 -1.791641e+02 1.000000e+00
      vertex   6.260606e+01 -1.957940e+02 2.000000e+00
      vertex   6.260606e+01 -1.957940e+02 1.000000e+00
    endloop
  endfacet
  facet normal 9.574155e-01 2.887135e-01 -0.000000e+00
    outer loop
      vertex   6.260606e+01 -1.957940e+02 1.000000e+00
      vertex   6.260606e+01 -1.957940e+02 2.000000e+00
      vertex   6.262280e+01 -1.958494e+02 1.000000e+00
    endloop
  endfacet
  facet normal 9.574155e-01 2.887135e-01 -0.000000e+00
    outer loop
      vertex   6.262280e+01 -1.958494e+02 1.000000e+00
      vertex   6.260606e+01 -1.957940e+02 2.000000e+00
      vertex   6.262280e+01 -1.958494e+02 2.000000e+00
    endloop
  endfacet
  facet normal 8.652083e-01 5.014126e-01 -0.000000e+00
    outer loop
      vertex   6.262280e+01 -1.958494e+02 1.000000e+00
      vertex   6.262280e+01 -1.958494e+02 2.000000e+00
      vertex   6.265186e+01 -1.958996e+02 1.000000e+00
    endloop
  endfacet
  facet normal 8.652083e-01 5.014126e-01 -0.000000e+00
    outer loop
      vertex   6.265186e+01 -1.958996e+02 1.000000e+00
      vertex   6.262280e+01 -1.958494e+02 2.000000e+00
      vertex   6.265186e+01 -1.958996e+02 2.000000e+00
    endloop
  endfacet
  facet normal 7.265020e-01 6.871643e-01 -0.000000e+00
    outer loop
      vertex   6.265186e+01 -1.958996e+02 1.000000e+00
      vertex   6.265186e+01 -1.958996e+02 2.000000e+00
      vertex   6.269168e+01 -1.959417e+02 1.000000e+00
    endloop
  endfacet
  facet normal 7.265020e-01 6.871643e-01 -0.000000e+00
    outer loop
      vertex   6.269168e+01 -1.959417e+02 1.000000e+00
      vertex   6.265186e+01 -1.958996e+02 2.000000e+00
      vertex   6.269168e+01 -1.959417e+02 2.000000e+00
    endloop
  endfacet
  facet normal 5.487513e-01 8.359857e-01 -0.000000e+00
    outer loop
      vertex   6.269168e+01 -1.959417e+02 1.000000e+00
      vertex   6.269168e+01 -1.959417e+02 2.000000e+00
      vertex   6.274013e+01 -1.959735e+02 1.000000e+00
    endloop
  endfacet
  facet normal 5.487513e-01 8.359857e-01 -0.000000e+00
    outer loop
      vertex   6.274013e+01 -1.959735e+02 1.000000e+00
      vertex   6.269168e+01 -1.959417e+02 2.000000e+00
      vertex   6.274013e+01 -1.959735e+02 2.000000e+00
    endloop
  endfacet
  facet normal 3.415089e-01 9.398785e-01 -0.000000e+00
    outer loop
      vertex   6.274013e+01 -1.959735e+02 1.000000e+00
      vertex   6.274013e+01 -1.959735e+02 2.000000e+00
      vertex   6.279460e+01 -1.959933e+02 1.000000e+00
    endloop
  endfacet
  facet normal 3.415089e-01 9.398785e-01 -0.000000e+00
    outer loop
      vertex   6.279460e+01 -1.959933e+02 1.000000e+00
      vertex   6.274013e+01 -1.959735e+02 2.000000e+00
      vertex   6.279460e+01 -1.959933e+02 2.000000e+00
    endloop
  endfacet
  facet normal 1.159128e-01 9.932594e-01 -0.000000e+00
    outer loop
      vertex   6.279460e+01 -1.959933e+02 1.000000e+00
      vertex   6.279460e+01 -1.959933e+02 2.000000e+00
      vertex   6.285217e+01 -1.960000e+02 1.000000e+00
    endloop
  endfacet
  facet normal 1.159128e-01 9.932594e-01 -0.000000e+00
    outer loop
      vertex   6.285217e+01 -1.960000e+02 1.000000e+00
      vertex   6.279460e+01 -1.959933e+02 2.000000e+00
      vertex   6.285217e+01 -1.960000e+02 2.000000e+00
    endloop
  endfacet
  facet normal -0.000000e+00 1.000000e+00 0.000000e+00
    outer loop
      vertex   6.285217e+01 -1.960000e+02 2.000000e+00
      vertex   7.014783e+01 -1.960000e+02 2.000000e+00
      vertex   6.285217e+01 -1.960000e+02 1.000000e+00
    endloop
  endfacet
  facet normal 0.000000e+00 1.000000e+00 0.000000e+00
    outer loop
      vertex   6.285217e+01 -1.960000e+02 1.000000e+00
      vertex   7.014783e+01 -1.960000e+02 2.000000e+00
      vertex   7.014783e+01 -1.960000e+02 1.000000e+00
    endloop
  endfacet
  facet normal -1.159128e-01 9.932594e-01 0.000000e+00
    outer loop
      vertex   7.014783e+01 -1.960000e+02 1.000000e+00
      vertex   7.014783e+01 -1.960000e+02 2.000000e+00
      vertex   7.020540e+01 -1.959933e+02 1.000000e+00
    endloop
  endfacet
  facet normal -1.159128e-01 9.932594e-01 0.000000e+00
    outer loop
      vertex   7.020540e+01 -1.959933e+02 1.000000e+00
      vertex   7.014783e+01 -1.960000e+02 2.000000e+00
      vertex   7.020540e+01 -1.959933e+02 2.000000e+00
    endloop
  endfacet
  facet normal -3.415089e-01 9.398785e-01 0.000000e+00
    outer loop
      vertex   7.020540e+01 -1.959933e+02 1.000000e+00
      vertex   7.020540e+01 -1.959933e+02 2.000000e+00
      vertex   7.025987e+01 -1.959735e+02 1.000000e+00
    endloop
  endfacet
  facet normal -3.415089e-01 9.398785e-01 0.000000e+00
    outer loop
      vertex   7.025987e+01 -1.959735e+02 1.000000e+00
      vertex   7.020540e+01 -1.959933e+02 2.000000e+00
      vertex   7.025987e+01 -1.959735e+02 2.000000e+00
    endloop
  endfacet
  facet normal -5.487513e-01 8.359857e-01 0.000000e+00
    outer loop
      vertex   7.025987e+01 -1.959735e+02 1.000000e+00
      vertex   7.025987e+01 -1.959735e+02 2.000000e+00
      vertex   7.030832e+01 -1.959417e+02 1.000000e+00
    endloop
  endfacet
  facet normal -5.487513e-01 8.359857e-01 7.798225e-15
    outer loop
      vertex   7.030832e+01 -1.959417e+02 1.000000e+00
      vertex   7.025987e+01 -1.959735e+02 2.000000e+00
      vertex   7.030832e+01 -1.959417e+02 2.000000e+00
    endloop
  endfacet
  facet normal -7.265020e-01 6.871643e-01 1.032421e-14
    outer loop
      vertex   7.030832e+01 -1.959417e+02 1.000000e+00
      vertex   7.030832e+01 -1.959417e+02 2.000000e+00
      vertex   7.034815e+01 -1.958996e+02 1.000000e+00
    endloop
  endfacet
  facet normal -7.265020e-01 6.871643e-01 -9.206170e-15
    outer loop
      vertex   7.034815e+01 -1.958996e+02 1.000000e+00
      vertex   7.030832e+01 -1.959417e+02 2.000000e+00
      vertex   7.034815e+01 -1.958996e+02 2.000000e+00
    endloop
  endfacet
  facet normal -8.652083e-01 5.014126e-01 -1.955655e-15
    outer loop
      vertex   7.034815e+01 -1.958996e+02 1.000000e+00
      vertex   7.034815e+01 -1.958996e+02 2.000000e+00
      vertex   7.037721e+01 -1.958494e+02 1.000000e+00
    endloop
  endfacet
  facet normal -8.652083e-01 5.014126e-01 0.000000e+00
    outer loop
      vertex   7.037721e+01 -1.958494e+02 1.000000e+00
      vertex   7.034815e+01 -1.958996e+02 2.000000e+00
      vertex   7.037721e+01 -1.958494e+02 2.000000e+00
    endloop
  endfacet
  facet normal -9.574155e-01 2.887135e-01 0.000000e+00
    outer loop
      vertex   7.037721e+01 -1.958494e+02 1.000000e+00
      vertex   7.037721e+01 -1.958494e+02 2.000000e+00
      vertex   7.039394e+01 -1.957940e+02 1.000000e+00
    endloop
  endfacet
  facet normal -9.574155e-01 2.887135e-01 0.000000e+00
    outer loop
      vertex   7.039394e+01 -1.957940e+02 1.000000e+00
      vertex   7.037721e+01 -1.958494e+02 2.000000e+00
      vertex   7.039394e+01 -1.957940e+02 2.000000e+00
    endloop
  endfacet
  facet normal -9.844276e-01 1.757906e-01 0.000000e+00
    outer loop
      vertex   7.039394e+01 -1.957940e+02 2.000000e+00
      vertex   7.329552e+01 -1.795451e+02 2.000000e+00
      vertex   7.039394e+01 -1.957940e+02 1.000000e+00
    endloop
  endfacet
  facet normal -9.844276e-01 1.757906e-01 0.000000e+00
    outer loop
      vertex   7.039394e+01 -1.957940e+02 1.000000e+00
      vertex   7.329552e+01 -1.795451e+02 2.000000e+00
      vertex   7.329552e+01 -1.795451e+02 1.000000e+00
    endloop
  endfacet
  facet normal -9.986800e-01 5.136378e-02 0.000000e+00
    outer loop
      vertex   7.329552e+01 -1.795451e+02 1.000000e+00
      vertex   7.329552e+01 -1.795451e+02 2.000000e+00
      vertex   7.329873e+01 -1.794827e+02 1.000000e+00
    endloop
  endfacet
  facet normal -9.986800e-01 5.136378e-02 0.000000e+00
    outer loop
      vertex   7.329873e+01 -1.794827e+02 1.000000e+00
      vertex   7.329552e+01 -1.795451e+02 2.000000e+00
      vertex   7.329873e+01 -1.794827e+02 2.000000e+00
    endloop
  endfacet
  facet normal -9.802136e-01 -1.979426e-01 0.000000e+00
    outer loop
      vertex   7.329873e+01 -1.794827e+02 1.000000e+00
      vertex   7.329873e+01 -1.794827e+02 2.000000e+00
      vertex   7.328636e+01 -1.794214e+02 1.000000e+00
    endloop
  endfacet
  facet normal -9.802136e-01 -1.979426e-01 0.000000e+00
    outer loop
      vertex   7.328636e+01 -1.794214e+02 1.000000e+00
      vertex   7.329873e+01 -1.794827e+02 2.000000e+00
      vertex   7.328636e+01 -1.794214e+02 2.000000e+00
    endloop
  endfacet
  facet normal -9.004891e-01 -4.348786e-01 0.000000e+00
    outer loop
      vertex   7.328636e+01 -1.794214e+02 1.000000e+00
      vertex   7.328636e+01 -1.794214e+02 2.000000e+00
      vertex   7.325919e+01 -1.793651e+02 1.000000e+00
    endloop
  endfacet
  facet normal -9.004891e-01 -4.348786e-01 0.000000e+00
    outer loop
      vertex   7.325919e+01 -1.793651e+02 1.000000e+00
      vertex   7.328636e+01 -1.794214e+02 2.000000e+00
      vertex   7.325919e+01 -1.793651e+02 2.000000e+00
    endloop
  endfacet
  facet normal -7.644888e-01 -6.446370e-01 0.000000e+00
    outer loop
      vertex   7.325919e+01 -1.793651e+02 1.000000e+00
      vertex   7.325919e+01 -1.793651e+02 2.000000e+00
      vertex   7.321890e+01 -1.793173e+02 1.000000e+00
    endloop
  endfacet
  facet normal -7.644888e-01 -6.446370e-01 -1.086404e-14
    outer loop
      vertex   7.321890e+01 -1.793173e+02 1.000000e+00
      vertex   7.325919e+01 -1.793651e+02 2.000000e+00
      vertex   7.321890e+01 -1.793173e+02 2.000000e+00
    endloop
  endfacet
  facet normal -5.807120e-01 -8.141090e-01 -8.252414e-15
    outer loop
      vertex   7.321890e+01 -1.793173e+02 1.000000e+00
      vertex   7.321890e+01 -1.793173e+02 2.000000e+00
      vertex   7.316802e+01 -1.792810e+02 1.000000e+00
    endloop
  endfacet
  facet normal -5.807120e-01 -8.141090e-01 0.000000e+00
    outer loop
      vertex   7.316802e+01 -1.792810e+02 1.000000e+00
      vertex   7.321890e+01 -1.793173e+02 2.000000e+00
      vertex   7.316802e+01 -1.792810e+02 2.000000e+00
    endloop
  endfacet
  facet normal -3.606439e-01 -9.327036e-01 0.000000e+00
    outer loop
      vertex   7.316802e+01 -1.792810e+02 1.000000e+00
      vertex   7.316802e+01 -1.792810e+02 2.000000e+00
      vertex   7.310973e+01 -1.792585e+02 1.000000e+00
    endloop
  endfacet
  facet normal -3.606439e-01 -9.327036e-01 0.000000e+00
    outer loop
      vertex   7.310973e+01 -1.792585e+02 1.000000e+00
      vertex   7.316802e+01 -1.792810e+02 2.000000e+00
      vertex   7.310973e+01 -1.792585e+02 2.000000e+00
    endloop
  endfacet
  facet normal -1.180374e-01 -9.930092e-01 0.000000e+00
    outer loop
      vertex   7.310973e+01 -1.792585e+02 1.000000e+00
      vertex   7.310973e+01 -1.792585e+02 2.000000e+00
      vertex   7.304767e+01 -1.792511e+02 1.000000e+00
    endloop
  endfacet
  facet normal -1.180374e-01 -9.930092e-01 0.000000e+00
    outer loop
      vertex   7.304767e+01 -1.792511e+02 1.000000e+00
      vertex   7.310973e+01 -1.792585e+02 2.000000e+00
      vertex   7.304767e+01 -1.792511e+02 2.000000e+00
    endloop
  endfacet
  facet normal 1.319458e-01 -9.912569e-01 0.000000e+00
    outer loop
      vertex   7.304767e+01 -1.792511e+02 1.000000e+00
      vertex   7.304767e+01 -1.792511e+02 2.000000e+00
      vertex   7.298571e+01 -1.792594e+02 1.000000e+00
    endloop
  endfacet
  facet normal 1.319458e-01 -9.912569e-01 0.000000e+00
    outer loop
      vertex   7.298571e+01 -1.792594e+02 1.000000e+00
      vertex   7.304767e+01 -1.792511e+02 2.000000e+00
      vertex   7.298571e+01 -1.792594e+02 2.000000e+00
    endloop
  endfacet
  facet normal 3.736831e-01 -9.275564e-01 0.000000e+00
    outer loop
      vertex   7.298571e+01 -1.792594e+02 1.000000e+00
      vertex   7.298571e+01 -1.792594e+02 2.000000e+00
      vertex   7.292774e+01 -1.792827e+02 1.000000e+00
    endloop
  endfacet
  facet normal 3.736831e-01 -9.275564e-01 0.000000e+00
    outer loop
      vertex   7.292774e+01 -1.792827e+02 1.000000e+00
      vertex   7.298571e+01 -1.792594e+02 2.000000e+00
      vertex   7.292774e+01 -1.792827e+02 2.000000e+00
    endloop
  endfacet
  facet normal 4.323337e-01 -9.017137e-01 0.000000e+00
    outer loop
      vertex   7.292774e+01 -1.792827e+02 2.000000e+00
      vertex   7.216140e+01 -1.796502e+02 2.000000e+00
      vertex   7.292774e+01 -1.792827e+02 1.000000e+00
    endloop
  endfacet
  facet normal 4.323337e-01 -9.017137e-01 0.000000e+00
    outer loop
      vertex   7.292774e+01 -1.792827e+02 1.000000e+00
      vertex   7.216140e+01 -1.796502e+02 2.000000e+00
      vertex   7.216140e+01 -1.796502e+02 1.000000e+00
    endloop
  endfacet
  facet normal 3.015267e-01 -9.534577e-01 0.000000e+00
    outer loop
      vertex   7.216140e+01 -1.796502e+02 1.000000e+00
      vertex   7.216140e+01 -1.796502e+02 2.000000e+00
      vertex   7.139924e+01 -1.798912e+02 2.000000e+00
    endloop
  endfacet
  facet normal 3.015267e-01 -9.534577e-01 0.000000e+00
    outer loop
      vertex   7.216140e+01 -1.796502e+02 1.000000e+00
      vertex   7.139924e+01 -1.798912e+02 2.000000e+00
      vertex   7.139924e+01 -1.798912e+02 1.000000e+00
    endloop
  endfacet
  facet normal 1.434424e-01 -9.896587e-01 0.000000e+00
    outer loop
      vertex   7.139924e+01 -1.798912e+02 1.000000e+00
      vertex   7.139924e+01 -1.798912e+02 2.000000e+00
      vertex   7.062787e+01 -1.800030e+02 2.000000e+00
    endloop
  endfacet
  facet normal 1.434424e-01 -9.896587e-01 0.000000e+00
    outer loop
      vertex   7.139924e+01 -1.798912e+02 1.000000e+00
      vertex   7.062787e+01 -1.800030e+02 2.000000e+00
      vertex   7.062787e+01 -1.800030e+02 1.000000e+00
    endloop
  endfacet
  facet normal -2.098596e-02 -9.997798e-01 0.000000e+00
    outer loop
      vertex   7.062787e+01 -1.800030e+02 1.000000e+00
      vertex   7.062787e+01 -1.800030e+02 2.000000e+00
      vertex   6.983354e+01 -1.799863e+02 2.000000e+00
    endloop
  endfacet
  facet normal -2.098596e-02 -9.997798e-01 0.000000e+00
    outer loop
      vertex   7.062787e+01 -1.800030e+02 1.000000e+00
      vertex   6.983354e+01 -1.799863e+02 2.000000e+00
      vertex   6.983354e+01 -1.799863e+02 1.000000e+00
    endloop
  endfacet
  facet normal -1.627977e-01 -9.866595e-01 0.000000e+00
    outer loop
      vertex   6.983354e+01 -1.799863e+02 1.000000e+00
      vertex   6.983354e+01 -1.799863e+02 2.000000e+00
      vertex   6.900928e+01 -1.798503e+02 2.000000e+00
    endloop
  endfacet
  facet normal -1.627977e-01 -9.866595e-01 0.000000e+00
    outer loop
      vertex   6.983354e+01 -1.799863e+02 1.000000e+00
      vertex   6.900928e+01 -1.798503e+02 2.000000e+00
      vertex   6.900928e+01 -1.798503e+02 1.000000e+00
    endloop
  endfacet
  facet normal -2.665517e-01 -9.638206e-01 0.000000e+00
    outer loop
      vertex   6.900928e+01 -1.798503e+02 1.000000e+00
      vertex   6.900928e+01 -1.798503e+02 2.000000e+00
      vertex   6.815823e+01 -1.796150e+02 2.000000e+00
    endloop
  endfacet
  facet normal -2.665517e-01 -9.638206e-01 0.000000e+00
    outer loop
      vertex   6.900928e+01 -1.798503e+02 1.000000e+00
      vertex   6.815823e+01 -1.796150e+02 2.000000e+00
      vertex   6.815823e+01 -1.796150e+02 1.000000e+00
    endloop
  endfacet
  facet normal -3.487673e-01 -9.372094e-01 0.000000e+00
    outer loop
      vertex   6.815823e+01 -1.796150e+02 1.000000e+00
      vertex   6.815823e+01 -1.796150e+02 2.000000e+00
      vertex   6.641848e+01 -1.789675e+02 2.000000e+00
    endloop
  endfacet
  facet normal -3.487673e-01 -9.372094e-01 0.000000e+00
    outer loop
      vertex   6.815823e+01 -1.796150e+02 1.000000e+00
      vertex   6.641848e+01 -1.789675e+02 2.000000e+00
      vertex   6.641848e+01 -1.789675e+02 1.000000e+00
    endloop
  endfacet
  facet normal -3.465759e-01 -9.380219e-01 0.000000e+00
    outer loop
      vertex   6.641848e+01 -1.789675e+02 1.000000e+00
      vertex   6.641848e+01 -1.789675e+02 2.000000e+00
      vertex   6.469629e+01 -1.783312e+02 2.000000e+00
    endloop
  endfacet
  facet normal -3.465759e-01 -9.380219e-01 0.000000e+00
    outer loop
      vertex   6.641848e+01 -1.789675e+02 1.000000e+00
      vertex   6.469629e+01 -1.783312e+02 2.000000e+00
      vertex   6.469629e+01 -1.783312e+02 1.000000e+00
    endloop
  endfacet
  facet normal -2.513631e-01 -9.678929e-01 0.000000e+00
    outer loop
      vertex   6.469629e+01 -1.783312e+02 1.000000e+00
      vertex   6.469629e+01 -1.783312e+02 2.000000e+00
      vertex   6.385149e+01 -1.781118e+02 2.000000e+00
    endloop
  endfacet
  facet normal -2.513631e-01 -9.678929e-01 0.000000e+00
    outer loop
      vertex   6.469629e+01 -1.783312e+02 1.000000e+00
      vertex   6.385149e+01 -1.781118e+02 2.000000e+00
      vertex   6.385149e+01 -1.781118e+02 1.000000e+00
    endloop
  endfacet
  facet normal -1.316042e-01 -9.913023e-01 0.000000e+00
    outer loop
      vertex   6.385149e+01 -1.781118e+02 1.000000e+00
      vertex   6.385149e+01 -1.781118e+02 2.000000e+00
      vertex   6.301607e+01 -1.780009e+02 2.000000e+00
    endloop
  endfacet
  facet normal -1.316042e-01 -9.913023e-01 0.000000e+00
    outer loop
      vertex   6.385149e+01 -1.781118e+02 1.000000e+00
      vertex   6.301607e+01 -1.780009e+02 2.000000e+00
      vertex   6.301607e+01 -1.780009e+02 1.000000e+00
    endloop
  endfacet
  facet normal 2.236342e-02 -9.997499e-01 0.000000e+00
    outer loop
      vertex   6.301607e+01 -1.780009e+02 1.000000e+00
      vertex   6.301607e+01 -1.780009e+02 2.000000e+00
      vertex   6.218824e+01 -1.780194e+02 2.000000e+00
    endloop
  endfacet
  facet normal 2.236342e-02 -9.997499e-01 0.000000e+00
    outer loop
      vertex   6.301607e+01 -1.780009e+02 1.000000e+00
      vertex   6.218824e+01 -1.780194e+02 2.000000e+00
      vertex   6.218824e+01 -1.780194e+02 1.000000e+00
    endloop
  endfacet
  facet normal 1.883004e-01 -9.821115e-01 0.000000e+00
    outer loop
      vertex   6.218824e+01 -1.780194e+02 1.000000e+00
      vertex   6.218824e+01 -1.780194e+02 2.000000e+00
      vertex   6.136746e+01 -1.781768e+02 2.000000e+00
    endloop
  endfacet
  facet normal 1.883004e-01 -9.821115e-01 0.000000e+00
    outer loop
      vertex   6.218824e+01 -1.780194e+02 1.000000e+00
      vertex   6.136746e+01 -1.781768e+02 2.000000e+00
      vertex   6.136746e+01 -1.781768e+02 1.000000e+00
    endloop
  endfacet
  facet normal 3.432594e-01 -9.392407e-01 0.000000e+00
    outer loop
      vertex   6.136746e+01 -1.781768e+02 1.000000e+00
      vertex   6.136746e+01 -1.781768e+02 2.000000e+00
      vertex   6.055429e+01 -1.784740e+02 2.000000e+00
    endloop
  endfacet
  facet normal 3.432594e-01 -9.392407e-01 0.000000e+00
    outer loop
      vertex   6.136746e+01 -1.781768e+02 1.000000e+00
      vertex   6.055429e+01 -1.784740e+02 2.000000e+00
      vertex   6.055429e+01 -1.784740e+02 1.000000e+00
    endloop
  endfacet
  facet normal 4.750280e-01 -8.799707e-01 0.000000e+00
    outer loop
      vertex   6.055429e+01 -1.784740e+02 1.000000e+00
      vertex   6.055429e+01 -1.784740e+02 2.000000e+00
      vertex   5.974966e+01 -1.789083e+02 2.000000e+00
    endloop
  endfacet
  facet normal 4.750280e-01 -8.799707e-01 0.000000e+00
    outer loop
      vertex   6.055429e+01 -1.784740e+02 1.000000e+00
      vertex   5.974966e+01 -1.789083e+02 2.000000e+00
      vertex   5.974966e+01 -1.789083e+02 1.000000e+00
    endloop
  endfacet
  facet normal 6.281051e-01 -7.781285e-01 0.000000e+00
    outer loop
      vertex   5.974966e+01 -1.789083e+02 1.000000e+00
      vertex   5.974966e+01 -1.789083e+02 2.000000e+00
      vertex   5.970359e+01 -1.789455e+02 1.000000e+00
    endloop
  endfacet
  facet normal 6.281051e-01 -7.781285e-01 0.000000e+00
    outer loop
      vertex   5.970359e+01 -1.789455e+02 1.000000e+00
      vertex   5.974966e+01 -1.789083e+02 2.000000e+00
      vertex   5.970359e+01 -1.789455e+02 2.000000e+00
    endloop
  endfacet
  facet normal 7.934980e-01 -6.085728e-01 0.000000e+00
    outer loop
      vertex   5.970359e+01 -1.789455e+02 1.000000e+00
      vertex   5.970359e+01 -1.789455e+02 2.000000e+00
      vertex   5.966755e+01 -1.789925e+02 1.000000e+00
    endloop
  endfacet
  facet normal 7.934980e-01 -6.085728e-01 0.000000e+00
    outer loop
      vertex   5.966755e+01 -1.789925e+02 1.000000e+00
      vertex   5.970359e+01 -1.789455e+02 2.000000e+00
      vertex   5.966755e+01 -1.789925e+02 2.000000e+00
    endloop
  endfacet
  facet normal 9.143725e-01 -4.048739e-01 0.000000e+00
    outer loop
      vertex   5.966755e+01 -1.789925e+02 1.000000e+00
      vertex   5.966755e+01 -1.789925e+02 2.000000e+00
      vertex   5.964357e+01 -1.790467e+02 1.000000e+00
    endloop
  endfacet
  facet normal 9.143725e-01 -4.048739e-01 0.000000e+00
    outer loop
      vertex   5.964357e+01 -1.790467e+02 1.000000e+00
      vertex   5.966755e+01 -1.789925e+02 2.000000e+00
      vertex   5.964357e+01 -1.790467e+02 2.000000e+00
    endloop
  endfacet
  facet normal 9.839472e-01 -1.784599e-01 0.000000e+00
    outer loop
      vertex   5.964357e+01 -1.790467e+02 1.000000e+00
      vertex   5.964357e+01 -1.790467e+02 2.000000e+00
      vertex   5.963301e+01 -1.791049e+02 1.000000e+00
    endloop
  endfacet
  facet normal 9.839472e-01 -1.784599e-01 0.000000e+00
    outer loop
      vertex   5.963301e+01 -1.791049e+02 1.000000e+00
      vertex   5.964357e+01 -1.790467e+02 2.000000e+00
      vertex   5.963301e+01 -1.791049e+02 2.000000e+00
    endloop
  endfacet
  facet normal 9.983185e-01 5.796640e-02 -0.000000e+00
    outer loop
      vertex   5.963301e+01 -1.791049e+02 1.000000e+00
      vertex   5.963301e+01 -1.791049e+02 2.000000e+00
      vertex   5.963644e+01 -1.791641e+02 1.000000e+00
    endloop
  endfacet
  facet normal 9.983185e-01 5.796640e-02 -0.000000e+00
    outer loop
      vertex   5.963644e+01 -1.791641e+02 1.000000e+00
      vertex   5.963301e+01 -1.791049e+02 2.000000e+00
      vertex   5.963644e+01 -1.791641e+02 2.000000e+00
    endloop
  endfacet
  facet normal 0.000000e+00 0.000000e+00 1.000000e+00
    outer loop
      vertex   6.055429e+01 -1.784740e+02 1.000000e+00
      vertex   5.974966e+01 -1.789083e+02 1.000000e+00
      vertex   5.963644e+01 -1.791641e+02 1.000000e+00
    endloop
  endfacet
  facet normal 0.000000e+00 0.000000e+00 1.000000e+00
    outer loop
      vertex   5.963644e+01 -1.791641e+02 1.000000e+00
      vertex   5.974966e+01 -1.789083e+02 1.000000e+00
      vertex   5.970359e+01 -1.789455e+02 1.000000e+00
    endloop
  endfacet
  facet normal 0.000000e+00 0.000000e+00 1.000000e+00
    outer loop
      vertex   5.963644e+01 -1.791641e+02 1.000000e+00
      vertex   5.970359e+01 -1.789455e+02 1.000000e+00
      vertex   5.966755e+01 -1.789925e+02 1.000000e+00
    endloop
  endfacet
  facet normal 0.000000e+00 0.000000e+00 1.000000e+00
    outer loop
      vertex   5.966755e+01 -1.789925e+02 1.000000e+00
      vertex   5.964357e+01 -1.790467e+02 1.000000e+00
      vertex   5.963644e+01 -1.791641e+02 1.000000e+00
    endloop
  endfacet
  facet normal 0.000000e+00 -0.000000e+00 1.000000e+00
    outer loop
      vertex   5.963644e+01 -1.791641e+02 1.000000e+00
      vertex   5.964357e+01 -1.790467e+02 1.000000e+00
      vertex   5.963301e+01 -1.791049e+02 1.000000e+00
    endloop
  endfacet
  facet normal 0.000000e+00 -0.000000e+00 1.000000e+00
    outer loop
      vertex   6.260606e+01 -1.957940e+02 1.000000e+00
      vertex   6.385149e+01 -1.781118e+02 1.000000e+00
      vertex   5.963644e+01 -1.791641e+02 1.000000e+00
    endloop
  endfacet
  facet normal 0.000000e+00 0.000000e+00 1.000000e+00
    outer loop
      vertex   5.963644e+01 -1.791641e+02 1.000000e+00
      vertex   6.385149e+01 -1.781118e+02 1.000000e+00
      vertex   6.301607e+01 -1.780009e+02 1.000000e+00
    endloop
  endfacet
  facet normal 0.000000e+00 0.000000e+00 1.000000e+00
    outer loop
      vertex   5.963644e+01 -1.791641e+02 1.000000e+00
      vertex   6.301607e+01 -1.780009e+02 1.000000e+00
      vertex   6.218824e+01 -1.780194e+02 1.000000e+00
    endloop
  endfacet
  facet normal -0.000000e+00 -0.000000e+00 1.000000e+00
    outer loop
      vertex   6.262280e+01 -1.958494e+02 1.000000e+00
      vertex   6.265186e+01 -1.958996e+02 1.000000e+00
      vertex   6.260606e+01 -1.957940e+02 1.000000e+00
    endloop
  endfacet
  facet normal 0.000000e+00 0.000000e+00 1.000000e+00
    outer loop
      vertex   6.260606e+01 -1.957940e+02 1.000000e+00
      vertex   6.265186e+01 -1.958996e+02 1.000000e+00
      vertex   6.269168e+01 -1.959417e+02 1.000000e+00
    endloop
  endfacet
  facet normal 0.000000e+00 0.000000e+00 1.000000e+00
    outer loop
      vertex   6.260606e+01 -1.957940e+02 1.000000e+00
      vertex   6.269168e+01 -1.959417e+02 1.000000e+00
      vertex   6.274013e+01 -1.959735e+02 1.000000e+00
    endloop
  endfacet
  facet normal -0.000000e+00 -0.000000e+00 1.000000e+00
    outer loop
      vertex   6.274013e+01 -1.959735e+02 1.000000e+00
      vertex   6.279460e+01 -1.959933e+02 1.000000e+00
      vertex   6.260606e+01 -1.957940e+02 1.000000e+00
    endloop
  endfacet
  facet normal 0.000000e+00 0.000000e+00 1.000000e+00
    outer loop
      vertex   6.260606e+01 -1.957940e+02 1.000000e+00
      vertex   6.279460e+01 -1.959933e+02 1.000000e+00
      vertex   6.285217e+01 -1.960000e+02 1.000000e+00
    endloop
  endfacet
  facet normal -0.000000e+00 0.000000e+00 1.000000e+00
    outer loop
      vertex   6.260606e+01 -1.957940e+02 1.000000e+00
      vertex   6.285217e+01 -1.960000e+02 1.000000e+00
      vertex   6.815823e+01 -1.796150e+02 1.000000e+00
    endloop
  endfacet
  facet normal 0.000000e+00 0.000000e+00 1.000000e+00
    outer loop
      vertex   6.815823e+01 -1.796150e+02 1.000000e+00
      vertex   6.285217e+01 -1.960000e+02 1.000000e+00
      vertex   7.014783e+01 -1.960000e+02 1.000000e+00
    endloop
  endfacet
  facet normal 0.000000e+00 0.000000e+00 1.000000e+00
    outer loop
      vertex   6.815823e+01 -1.796150e+02 1.000000e+00
      vertex   7.014783e+01 -1.960000e+02 1.000000e+00
      vertex   7.039394e+01 -1.957940e+02 1.000000e+00
    endloop
  endfacet
  facet normal 0.000000e+00 0.000000e+00 1.000000e+00
    outer loop
      vertex   7.039394e+01 -1.957940e+02 1.000000e+00
      vertex   7.014783e+01 -1.960000e+02 1.000000e+00
      vertex   7.020540e+01 -1.959933e+02 1.000000e+00
    endloop
  endfacet
  facet normal 0.000000e+00 0.000000e+00 1.000000e+00
    outer loop
      vertex   7.039394e+01 -1.957940e+02 1.000000e+00
      vertex   7.020540e+01 -1.959933e+02 1.000000e+00
      vertex   7.025987e+01 -1.959735e+02 1.000000e+00
    endloop
  endfacet
  facet normal 0.000000e+00 0.000000e+00 1.000000e+00
    outer loop
      vertex   7.025987e+01 -1.959735e+02 1.000000e+00
      vertex   7.030832e+01 -1.959417e+02 1.000000e+00
      vertex   7.039394e+01 -1.957940e+02 1.000000e+00
    endloop
  endfacet
  facet normal 0.000000e+00 0.000000e+00 1.000000e+00
    outer loop
      vertex   7.039394e+01 -1.957940e+02 1.000000e+00
      vertex   7.030832e+01 -1.959417e+02 1.000000e+00
      vertex   7.034815e+01 -1.958996e+02 1.000000e+00
    endloop
  endfacet
  facet normal 0.000000e+00 0.000000e+00 1.000000e+00
    outer loop
      vertex   7.039394e+01 -1.957940e+02 1.000000e+00
      vertex   7.034815e+01 -1.958996e+02 1.000000e+00
      vertex   7.037721e+01 -1.958494e+02 1.000000e+00
    endloop
  endfacet
  facet normal 0.000000e+00 0.000000e+00 1.000000e+00
    outer loop
      vertex   7.329552e+01 -1.795451e+02 1.000000e+00
      vertex   7.216140e+01 -1.796502e+02 1.000000e+00
      vertex   7.039394e+01 -1.957940e+02 1.000000e+00
    endloop
  endfacet
  facet normal 0.000000e+00 0.000000e+00 1.000000e+00
    outer loop
      vertex   7.039394e+01 -1.957940e+02 1.000000e+00
      vertex   7.216140e+01 -1.796502e+02 1.000000e+00
      vertex   7.139924e+01 -1.798912e+02 1.000000e+00
    endloop
  endfacet
  facet normal 0.000000e+00 0.000000e+00 1.000000e+00
    outer loop
      vertex   7.039394e+01 -1.957940e+02 1.000000e+00
      vertex   7.139924e+01 -1.798912e+02 1.000000e+00
      vertex   7.062787e+01 -1.800030e+02 1.000000e+00
    endloop
  endfacet
  facet normal 0.000000e+00 0.000000e+00 1.000000e+00
    outer loop
      vertex   7.329873e+01 -1.794827e+02 1.000000e+00
      vertex   7.328636e+01 -1.794214e+02 1.000000e+00
      vertex   7.329552e+01 -1.795451e+02 1.000000e+00
    endloop
  endfacet
  facet normal 0.000000e+00 0.000000e+00 1.000000e+00
    outer loop
      vertex   7.329552e+01 -1.795451e+02 1.000000e+00
      vertex   7.328636e+01 -1.794214e+02 1.000000e+00
      vertex   7.325919e+01 -1.793651e+02 1.000000e+00
    endloop
  endfacet
  facet normal 0.000000e+00 0.000000e+00 1.000000e+00
    outer loop
      vertex   7.329552e+01 -1.795451e+02 1.000000e+00
      vertex   7.325919e+01 -1.793651e+02 1.000000e+00
      vertex   7.321890e+01 -1.793173e+02 1.000000e+00
    endloop
  endfacet
  facet normal 0.000000e+00 0.000000e+00 1.000000e+00
    outer loop
      vertex   7.321890e+01 -1.793173e+02 1.000000e+00
      vertex   7.316802e+01 -1.792810e+02 1.000000e+00
      vertex   7.329552e+01 -1.795451e+02 1.000000e+00
    endloop
  endfacet
  facet normal 0.000000e+00 0.000000e+00 1.000000e+00
    outer loop
      vertex   7.329552e+01 -1.795451e+02 1.000000e+00
      vertex   7.316802e+01 -1.792810e+02 1.000000e+00
      vertex   7.310973e+01 -1.792585e+02 1.000000e+00
    endloop
  endfacet
  facet normal 0.000000e+00 0.000000e+00 1.000000e+00
    outer loop
      vertex   7.329552e+01 -1.795451e+02 1.000000e+00
      vertex   7.310973e+01 -1.792585e+02 1.000000e+00
      vertex   7.304767e+01 -1.792511e+02 1.000000e+00
    endloop
  endfacet
  facet normal 0.000000e+00 0.000000e+00 1.000000e+00
    outer loop
      vertex   7.304767e+01 -1.792511e+02 1.000000e+00
      vertex   7.298571e+01 -1.792594e+02 1.000000e+00
      vertex   7.329552e+01 -1.795451e+02 1.000000e+00
    endloop
  endfacet
  facet normal 0.000000e+00 0.000000e+00 1.000000e+00
    outer loop
      vertex   7.329552e+01 -1.795451e+02 1.000000e+00
      vertex   7.298571e+01 -1.792594e+02 1.000000e+00
      vertex   7.292774e+01 -1.792827e+02 1.000000e+00
    endloop
  endfacet
  facet normal 0.000000e+00 0.000000e+00 1.000000e+00
    outer loop
      vertex   7.329552e+01 -1.795451e+02 1.000000e+00
      vertex   7.292774e+01 -1.792827e+02 1.000000e+00
      vertex   7.216140e+01 -1.796502e+02 1.000000e+00
    endloop
  endfacet
  facet normal 0.000000e+00 0.000000e+00 1.000000e+00
    outer loop
      vertex   7.062787e+01 -1.800030e+02 1.000000e+00
      vertex   6.983354e+01 -1.799863e+02 1.000000e+00
      vertex   7.039394e+01 -1.957940e+02 1.000000e+00
    endloop
  endfacet
  facet normal 0.000000e+00 0.000000e+00 1.000000e+00
    outer loop
      vertex   7.039394e+01 -1.957940e+02 1.000000e+00
      vertex   6.983354e+01 -1.799863e+02 1.000000e+00
      vertex   6.900928e+01 -1.798503e+02 1.000000e+00
    endloop
  endfacet
  facet normal 0.000000e+00 0.000000e+00 1.000000e+00
    outer loop
      vertex   7.039394e+01 -1.957940e+02 1.000000e+00
      vertex   6.900928e+01 -1.798503e+02 1.000000e+00
      vertex   6.815823e+01 -1.796150e+02 1.000000e+00
    endloop
  endfacet
  facet normal 0.000000e+00 0.000000e+00 1.000000e+00
    outer loop
      vertex   6.815823e+01 -1.796150e+02 1.000000e+00
      vertex   6.641848e+01 -1.789675e+02 1.000000e+00
      vertex   6.260606e+01 -1.957940e+02 1.000000e+00
    endloop
  endfacet
  facet normal 0.000000e+00 0.000000e+00 1.000000e+00
    outer loop
      vertex   6.260606e+01 -1.957940e+02 1.000000e+00
      vertex   6.641848e+01 -1.789675e+02 1.000000e+00
      vertex   6.469629e+01 -1.783312e+02 1.000000e+00
    endloop
  endfacet
  facet normal 0.000000e+00 0.000000e+00 1.000000e+00
    outer loop
      vertex   6.260606e+01 -1.957940e+02 1.000000e+00
      vertex   6.469629e+01 -1.783312e+02 1.000000e+00
      vertex   6.385149e+01 -1.781118e+02 1.000000e+00
    endloop
  endfacet
  facet normal 0.000000e+00 0.000000e+00 1.000000e+00
    outer loop
      vertex   6.218824e+01 -1.780194e+02 1.000000e+00
      vertex   6.136746e+01 -1.781768e+02 1.000000e+00
      vertex   5.963644e+01 -1.791641e+02 1.000000e+00
    endloop
  endfacet
  facet normal 0.000000e+00 0.000000e+00 1.000000e+00
    outer loop
      vertex   5.963644e+01 -1.791641e+02 1.000000e+00
      vertex   6.136746e+01 -1.781768e+02 1.000000e+00
      vertex   6.055429e+01 -1.784740e+02 1.000000e+00
    endloop
  endfacet
  facet normal 0.000000e+00 0.000000e+00 1.000000e+00
    outer loop
      vertex   7.338501e+01 -1.999727e+02 2.000000e+00
      vertex   7.315287e+01 -2.000000e+02 2.000000e+00
      vertex   9.000000e+01 -2.250000e+02 2.000000e+00
    endloop
  endfacet
  facet normal 0.000000e+00 0.000000e+00 1.000000e+00
    outer loop
      vertex   9.000000e+01 -2.250000e+02 2.000000e+00
      vertex   7.315287e+01 -2.000000e+02 2.000000e+00
      vertex   5.984713e+01 -2.000000e+02 2.000000e+00
    endloop
  endfacet
  facet normal 0.000000e+00 0.000000e+00 1.000000e+00
    outer loop
      vertex   9.000000e+01 -2.250000e+02 2.000000e+00
      vertex   5.984713e+01 -2.000000e+02 2.000000e+00
      vertex   5.961499e+01 -1.999727e+02 2.000000e+00
    endloop
  endfacet
  facet normal 0.000000e+00 0.000000e+00 1.000000e+00
    outer loop
      vertex   5.939554e+01 -1.998922e+02 2.000000e+00
      vertex   4.659350e+01 -1.992859e+02 2.000000e+00
      vertex   5.961499e+01 -1.999727e+02 2.000000e+00
    endloop
  endfacet
  facet normal 0.000000e+00 0.000000e+00 1.000000e+00
    outer loop
      vertex   5.961499e+01 -1.999727e+02 2.000000e+00
      vertex   4.659350e+01 -1.992859e+02 2.000000e+00
      vertex   4.569379e+01 -1.994629e+02 2.000000e+00
    endloop
  endfacet
  facet normal 0.000000e+00 0.000000e+00 1.000000e+00
    outer loop
      vertex   5.961499e+01 -1.999727e+02 2.000000e+00
      vertex   4.569379e+01 -1.994629e+02 2.000000e+00
      vertex   4.463551e+01 -1.996399e+02 2.000000e+00
    endloop
  endfacet
  facet normal 0.000000e+00 0.000000e+00 1.000000e+00
    outer loop
      vertex   5.920075e+01 -1.997630e+02 2.000000e+00
      vertex   4.810540e+01 -1.988454e+02 2.000000e+00
      vertex   5.939554e+01 -1.998922e+02 2.000000e+00
    endloop
  endfacet
  facet normal 0.000000e+00 0.000000e+00 1.000000e+00
    outer loop
      vertex   5.939554e+01 -1.998922e+02 2.000000e+00
      vertex   4.810540e+01 -1.988454e+02 2.000000e+00
      vertex   4.789093e+01 -1.989331e+02 2.000000e+00
    endloop
  endfacet
  facet normal 0.000000e+00 0.000000e+00 1.000000e+00
    outer loop
      vertex   5.939554e+01 -1.998922e+02 2.000000e+00
      vertex   4.789093e+01 -1.989331e+02 2.000000e+00
      vertex   4.732830e+01 -1.991091e+02 2.000000e+00
    endloop
  endfacet
  facet normal 0.000000e+00 0.000000e+00 1.000000e+00
    outer loop
      vertex   5.904128e+01 -1.995921e+02 2.000000e+00
      vertex   4.839655e+01 -1.986708e+02 2.000000e+00
      vertex   5.920075e+01 -1.997630e+02 2.000000e+00
    endloop
  endfacet
  facet normal 0.000000e+00 0.000000e+00 1.000000e+00
    outer loop
      vertex   5.920075e+01 -1.997630e+02 2.000000e+00
      vertex   4.839655e+01 -1.986708e+02 2.000000e+00
      vertex   4.827418e+01 -1.987579e+02 2.000000e+00
    endloop
  endfacet
  facet normal 0.000000e+00 0.000000e+00 1.000000e+00
    outer loop
      vertex   5.920075e+01 -1.997630e+02 2.000000e+00
      vertex   4.827418e+01 -1.987579e+02 2.000000e+00
      vertex   4.810540e+01 -1.988454e+02 2.000000e+00
    endloop
  endfacet
  facet normal -0.000000e+00 0.000000e+00 1.000000e+00
    outer loop
      vertex   4.839655e+01 -1.986708e+02 2.000000e+00
      vertex   5.904128e+01 -1.995921e+02 2.000000e+00
      vertex   4.844015e+01 -1.986274e+02 2.000000e+00
    endloop
  endfacet
  facet normal 0.000000e+00 0.000000e+00 1.000000e+00
    outer loop
      vertex   4.844015e+01 -1.986274e+02 2.000000e+00
      vertex   5.904128e+01 -1.995921e+02 2.000000e+00
      vertex   5.892584e+01 -1.993889e+02 2.000000e+00
    endloop
  endfacet
  facet normal -0.000000e+00 0.000000e+00 1.000000e+00
    outer loop
      vertex   4.844015e+01 -1.986274e+02 2.000000e+00
      vertex   5.892584e+01 -1.993889e+02 2.000000e+00
      vertex   4.847196e+01 -1.985840e+02 2.000000e+00
    endloop
  endfacet
  facet normal -0.000000e+00 0.000000e+00 1.000000e+00
    outer loop
      vertex   4.847196e+01 -1.985840e+02 2.000000e+00
      vertex   5.892584e+01 -1.993889e+02 2.000000e+00
      vertex   4.849196e+01 -1.985408e+02 2.000000e+00
    endloop
  endfacet
  facet normal 0.000000e+00 0.000000e+00 1.000000e+00
    outer loop
      vertex   4.849196e+01 -1.985408e+02 2.000000e+00
      vertex   5.892584e+01 -1.993889e+02 2.000000e+00
      vertex   5.886073e+01 -1.991644e+02 2.000000e+00
    endloop
  endfacet
  facet normal -0.000000e+00 0.000000e+00 1.000000e+00
    outer loop
      vertex   4.849196e+01 -1.985408e+02 2.000000e+00
      vertex   5.886073e+01 -1.991644e+02 2.000000e+00
      vertex   4.849753e+01 -1.985192e+02 2.000000e+00
    endloop
  endfacet
  facet normal -0.000000e+00 0.000000e+00 1.000000e+00
    outer loop
      vertex   4.849753e+01 -1.985192e+02 2.000000e+00
      vertex   5.886073e+01 -1.991644e+02 2.000000e+00
      vertex   4.850015e+01 -1.984976e+02 2.000000e+00
    endloop
  endfacet
  facet normal -0.000000e+00 -0.000000e+00 1.000000e+00
    outer loop
      vertex   4.850015e+01 -1.984976e+02 2.000000e+00
      vertex   5.886073e+01 -1.991644e+02 2.000000e+00
      vertex   4.849981e+01 -1.984760e+02 2.000000e+00
    endloop
  endfacet
  facet normal -0.000000e+00 -0.000000e+00 1.000000e+00
    outer loop
      vertex   4.849981e+01 -1.984760e+02 2.000000e+00
      vertex   5.886073e+01 -1.991644e+02 2.000000e+00
      vertex   4.849653e+01 -1.984545e+02 2.000000e+00
    endloop
  endfacet
  facet normal -0.000000e+00 -0.000000e+00 1.000000e+00
    outer loop
      vertex   4.849653e+01 -1.984545e+02 2.000000e+00
      vertex   5.886073e+01 -1.991644e+02 2.000000e+00
      vertex   4.848113e+01 -1.984115e+02 2.000000e+00
    endloop
  endfacet
  facet normal -0.000000e+00 -0.000000e+00 1.000000e+00
    outer loop
      vertex   4.848113e+01 -1.984115e+02 2.000000e+00
      vertex   5.886073e+01 -1.991644e+02 2.000000e+00
      vertex   4.845402e+01 -1.983686e+02 2.000000e+00
    endloop
  endfacet
  facet normal -0.000000e+00 -0.000000e+00 1.000000e+00
    outer loop
      vertex   4.845402e+01 -1.983686e+02 2.000000e+00
      vertex   5.886073e+01 -1.991644e+02 2.000000e+00
      vertex   4.841526e+01 -1.983257e+02 2.000000e+00
    endloop
  endfacet
  facet normal -0.000000e+00 -0.000000e+00 1.000000e+00
    outer loop
      vertex   4.841526e+01 -1.983257e+02 2.000000e+00
      vertex   5.886073e+01 -1.991644e+02 2.000000e+00
      vertex   4.830314e+01 -1.982403e+02 2.000000e+00
    endloop
  endfacet
  facet normal -0.000000e+00 -0.000000e+00 1.000000e+00
    outer loop
      vertex   4.830314e+01 -1.982403e+02 2.000000e+00
      vertex   5.886073e+01 -1.991644e+02 2.000000e+00
      vertex   4.200000e+01 -1.823262e+02 2.000000e+00
    endloop
  endfacet
  facet normal 0.000000e+00 0.000000e+00 1.000000e+00
    outer loop
      vertex   4.830314e+01 -1.982403e+02 2.000000e+00
      vertex   4.200000e+01 -1.823262e+02 2.000000e+00
      vertex   4.794368e+01 -1.980701e+02 2.000000e+00
    endloop
  endfacet
  facet normal 0.000000e+00 0.000000e+00 1.000000e+00
    outer loop
      vertex   4.794368e+01 -1.980701e+02 2.000000e+00
      vertex   4.200000e+01 -1.823262e+02 2.000000e+00
      vertex   4.741122e+01 -1.979008e+02 2.000000e+00
    endloop
  endfacet
  facet normal 0.000000e+00 0.000000e+00 1.000000e+00
    outer loop
      vertex   4.741122e+01 -1.979008e+02 2.000000e+00
      vertex   4.200000e+01 -1.823262e+02 2.000000e+00
      vertex   4.671504e+01 -1.977319e+02 2.000000e+00
    endloop
  endfacet
  facet normal 0.000000e+00 0.000000e+00 1.000000e+00
    outer loop
      vertex   4.671504e+01 -1.977319e+02 2.000000e+00
      vertex   4.200000e+01 -1.823262e+02 2.000000e+00
      vertex   4.200000e+01 -1.952437e+02 2.000000e+00
    endloop
  endfacet
  facet normal 0.000000e+00 0.000000e+00 1.000000e+00
    outer loop
      vertex   4.671504e+01 -1.977319e+02 2.000000e+00
      vertex   4.200000e+01 -1.952437e+02 2.000000e+00
      vertex   4.586386e+01 -1.975631e+02 2.000000e+00
    endloop
  endfacet
  facet normal 0.000000e+00 0.000000e+00 1.000000e+00
    outer loop
      vertex   4.586386e+01 -1.975631e+02 2.000000e+00
      vertex   4.200000e+01 -1.952437e+02 2.000000e+00
      vertex   4.486480e+01 -1.973939e+02 2.000000e+00
    endloop
  endfacet
  facet normal 0.000000e+00 0.000000e+00 1.000000e+00
    outer loop
      vertex   4.486480e+01 -1.973939e+02 2.000000e+00
      vertex   4.200000e+01 -1.952437e+02 2.000000e+00
      vertex   4.372255e+01 -1.972243e+02 2.000000e+00
    endloop
  endfacet
  facet normal 0.000000e+00 0.000000e+00 1.000000e+00
    outer loop
      vertex   4.372255e+01 -1.972243e+02 2.000000e+00
      vertex   4.200000e+01 -1.952437e+02 2.000000e+00
      vertex   4.326229e+01 -1.971026e+02 2.000000e+00
    endloop
  endfacet
  facet normal 0.000000e+00 0.000000e+00 1.000000e+00
    outer loop
      vertex   4.326229e+01 -1.971026e+02 2.000000e+00
      vertex   4.200000e+01 -1.952437e+02 2.000000e+00
      vertex   4.284383e+01 -1.968756e+02 2.000000e+00
    endloop
  endfacet
  facet normal 0.000000e+00 0.000000e+00 1.000000e+00
    outer loop
      vertex   4.284383e+01 -1.968756e+02 2.000000e+00
      vertex   4.200000e+01 -1.952437e+02 2.000000e+00
      vertex   4.249088e+01 -1.965561e+02 2.000000e+00
    endloop
  endfacet
  facet normal 0.000000e+00 0.000000e+00 1.000000e+00
    outer loop
      vertex   4.249088e+01 -1.965561e+02 2.000000e+00
      vertex   4.200000e+01 -1.952437e+02 2.000000e+00
      vertex   4.222344e+01 -1.961623e+02 2.000000e+00
    endloop
  endfacet
  facet normal 0.000000e+00 0.000000e+00 1.000000e+00
    outer loop
      vertex   4.222344e+01 -1.961623e+02 2.000000e+00
      vertex   4.200000e+01 -1.952437e+02 2.000000e+00
      vertex   4.205666e+01 -1.957164e+02 2.000000e+00
    endloop
  endfacet
  facet normal 0.000000e+00 0.000000e+00 1.000000e+00
    outer loop
      vertex   5.419407e+01 -1.711644e+02 2.000000e+00
      vertex   4.781889e+01 -1.747248e+02 2.000000e+00
      vertex   5.886073e+01 -1.991644e+02 2.000000e+00
    endloop
  endfacet
  facet normal 0.000000e+00 0.000000e+00 1.000000e+00
    outer loop
      vertex   5.886073e+01 -1.991644e+02 2.000000e+00
      vertex   4.781889e+01 -1.747248e+02 2.000000e+00
      vertex   4.699380e+01 -1.754111e+02 2.000000e+00
    endloop
  endfacet
  facet normal 0.000000e+00 0.000000e+00 1.000000e+00
    outer loop
      vertex   5.886073e+01 -1.991644e+02 2.000000e+00
      vertex   4.699380e+01 -1.754111e+02 2.000000e+00
      vertex   4.200000e+01 -1.823262e+02 2.000000e+00
    endloop
  endfacet
  facet normal 0.000000e+00 0.000000e+00 1.000000e+00
    outer loop
      vertex   4.200000e+01 -1.823262e+02 2.000000e+00
      vertex   4.699380e+01 -1.754111e+02 2.000000e+00
      vertex   4.607348e+01 -1.759633e+02 2.000000e+00
    endloop
  endfacet
  facet normal 0.000000e+00 0.000000e+00 1.000000e+00
    outer loop
      vertex   4.200000e+01 -1.823262e+02 2.000000e+00
      vertex   4.607348e+01 -1.759633e+02 2.000000e+00
      vertex   4.586951e+01 -1.760653e+02 2.000000e+00
    endloop
  endfacet
  facet normal 0.000000e+00 0.000000e+00 1.000000e+00
    outer loop
      vertex   5.418389e+01 -1.709173e+02 2.000000e+00
      vertex   4.982183e+01 -1.709990e+02 2.000000e+00
      vertex   5.419407e+01 -1.711644e+02 2.000000e+00
    endloop
  endfacet
  facet normal 0.000000e+00 0.000000e+00 1.000000e+00
    outer loop
      vertex   5.419407e+01 -1.711644e+02 2.000000e+00
      vertex   4.982183e+01 -1.709990e+02 2.000000e+00
      vertex   4.954275e+01 -1.720353e+02 2.000000e+00
    endloop
  endfacet
  facet normal 0.000000e+00 0.000000e+00 1.000000e+00
    outer loop
      vertex   5.419407e+01 -1.711644e+02 2.000000e+00
      vertex   4.954275e+01 -1.720353e+02 2.000000e+00
      vertex   4.910853e+01 -1.730168e+02 2.000000e+00
    endloop
  endfacet
  facet normal 0.000000e+00 0.000000e+00 1.000000e+00
    outer loop
      vertex   4.982183e+01 -1.709990e+02 2.000000e+00
      vertex   5.418389e+01 -1.709173e+02 2.000000e+00
      vertex   4.993920e+01 -1.699322e+02 2.000000e+00
    endloop
  endfacet
  facet normal 0.000000e+00 0.000000e+00 1.000000e+00
    outer loop
      vertex   4.993920e+01 -1.699322e+02 2.000000e+00
      vertex   5.418389e+01 -1.709173e+02 2.000000e+00
      vertex   5.423469e+01 -1.706752e+02 2.000000e+00
    endloop
  endfacet
  facet normal 0.000000e+00 0.000000e+00 1.000000e+00
    outer loop
      vertex   4.993920e+01 -1.699322e+02 2.000000e+00
      vertex   5.423469e+01 -1.706752e+02 2.000000e+00
      vertex   5.434336e+01 -1.704530e+02 2.000000e+00
    endloop
  endfacet
  facet normal -0.000000e+00 -0.000000e+00 1.000000e+00
    outer loop
      vertex   4.993920e+01 -1.699322e+02 2.000000e+00
      vertex   5.434336e+01 -1.704530e+02 2.000000e+00
      vertex   4.989212e+01 -1.688600e+02 2.000000e+00
    endloop
  endfacet
  facet normal 0.000000e+00 0.000000e+00 1.000000e+00
    outer loop
      vertex   4.989212e+01 -1.688600e+02 2.000000e+00
      vertex   5.434336e+01 -1.704530e+02 2.000000e+00
      vertex   5.450324e+01 -1.702642e+02 2.000000e+00
    endloop
  endfacet
  facet normal 0.000000e+00 0.000000e+00 1.000000e+00
    outer loop
      vertex   4.989212e+01 -1.688600e+02 2.000000e+00
      vertex   5.450324e+01 -1.702642e+02 2.000000e+00
      vertex   5.470456e+01 -1.701205e+02 2.000000e+00
    endloop
  endfacet
  facet normal 0.000000e+00 -0.000000e+00 1.000000e+00
    outer loop
      vertex   5.470456e+01 -1.701205e+02 2.000000e+00
      vertex   5.493500e+01 -1.700306e+02 2.000000e+00
      vertex   4.989212e+01 -1.688600e+02 2.000000e+00
    endloop
  endfacet
  facet normal 0.000000e+00 0.000000e+00 1.000000e+00
    outer loop
      vertex   4.989212e+01 -1.688600e+02 2.000000e+00
      vertex   5.493500e+01 -1.700306e+02 2.000000e+00
      vertex   5.518046e+01 -1.700000e+02 2.000000e+00
    endloop
  endfacet
  facet normal -0.000000e+00 -0.000000e+00 1.000000e+00
    outer loop
      vertex   4.989212e+01 -1.688600e+02 2.000000e+00
      vertex   5.518046e+01 -1.700000e+02 2.000000e+00
      vertex   4.710663e+01 -1.458797e+02 2.000000e+00
    endloop
  endfacet
  facet normal 0.000000e+00 0.000000e+00 1.000000e+00
    outer loop
      vertex   4.710663e+01 -1.458797e+02 2.000000e+00
      vertex   5.518046e+01 -1.700000e+02 2.000000e+00
      vertex   7.781954e+01 -1.700000e+02 2.000000e+00
    endloop
  endfacet
  facet normal -0.000000e+00 0.000000e+00 1.000000e+00
    outer loop
      vertex   4.710663e+01 -1.458797e+02 2.000000e+00
      vertex   7.781954e+01 -1.700000e+02 2.000000e+00
      vertex   9.000000e+01 -1.250000e+02 2.000000e+00
    endloop
  endfacet
  facet normal 0.000000e+00 0.000000e+00 1.000000e+00
    outer loop
      vertex   9.000000e+01 -1.250000e+02 2.000000e+00
      vertex   7.781954e+01 -1.700000e+02 2.000000e+00
      vertex   1.000000e+02 -1.350000e+02 2.000000e+00
    endloop
  endfacet
  facet normal 0.000000e+00 0.000000e+00 1.000000e+00
    outer loop
      vertex   9.000000e+01 -1.250000e+02 2.000000e+00
      vertex   1.000000e+02 -1.350000e+02 2.000000e+00
      vertex   9.991445e+01 -1.336947e+02 2.000000e+00
    endloop
  endfacet
  facet normal -0.000000e+00 0.000000e+00 1.000000e+00
    outer loop
      vertex   7.781954e+01 -1.700000e+02 2.000000e+00
      vertex   7.806500e+01 -1.700306e+02 2.000000e+00
      vertex   1.000000e+02 -1.350000e+02 2.000000e+00
    endloop
  endfacet
  facet normal 0.000000e+00 0.000000e+00 1.000000e+00
    outer loop
      vertex   1.000000e+02 -1.350000e+02 2.000000e+00
      vertex   7.806500e+01 -1.700306e+02 2.000000e+00
      vertex   7.829544e+01 -1.701205e+02 2.000000e+00
    endloop
  endfacet
  facet normal 0.000000e+00 0.000000e+00 1.000000e+00
    outer loop
      vertex   1.000000e+02 -1.350000e+02 2.000000e+00
      vertex   7.829544e+01 -1.701205e+02 2.000000e+00
      vertex   7.849676e+01 -1.702642e+02 2.000000e+00
    endloop
  endfacet
  facet normal -0.000000e+00 0.000000e+00 1.000000e+00
    outer loop
      vertex   7.849676e+01 -1.702642e+02 2.000000e+00
      vertex   7.865665e+01 -1.704530e+02 2.000000e+00
      vertex   1.000000e+02 -1.350000e+02 2.000000e+00
    endloop
  endfacet
  facet normal 0.000000e+00 0.000000e+00 1.000000e+00
    outer loop
      vertex   1.000000e+02 -1.350000e+02 2.000000e+00
      vertex   7.865665e+01 -1.704530e+02 2.000000e+00
      vertex   7.876531e+01 -1.706752e+02 2.000000e+00
    endloop
  endfacet
  facet normal 0.000000e+00 0.000000e+00 1.000000e+00
    outer loop
      vertex   1.000000e+02 -1.350000e+02 2.000000e+00
      vertex   7.876531e+01 -1.706752e+02 2.000000e+00
      vertex   7.881611e+01 -1.709173e+02 2.000000e+00
    endloop
  endfacet
  facet normal -0.000000e+00 0.000000e+00 1.000000e+00
    outer loop
      vertex   7.881611e+01 -1.709173e+02 2.000000e+00
      vertex   7.880593e+01 -1.711644e+02 2.000000e+00
      vertex   1.000000e+02 -1.350000e+02 2.000000e+00
    endloop
  endfacet
  facet normal 0.000000e+00 0.000000e+00 1.000000e+00
    outer loop
      vertex   1.000000e+02 -1.350000e+02 2.000000e+00
      vertex   7.880593e+01 -1.711644e+02 2.000000e+00
      vertex   1.000000e+02 -2.150000e+02 2.000000e+00
    endloop
  endfacet
  facet normal 0.000000e+00 0.000000e+00 1.000000e+00
    outer loop
      vertex   1.000000e+02 -2.150000e+02 2.000000e+00
      vertex   7.880593e+01 -1.711644e+02 2.000000e+00
      vertex   7.413927e+01 -1.991644e+02 2.000000e+00
    endloop
  endfacet
  facet normal 0.000000e+00 0.000000e+00 1.000000e+00
    outer loop
      vertex   1.000000e+02 -2.150000e+02 2.000000e+00
      vertex   7.413927e+01 -1.991644e+02 2.000000e+00
      vertex   7.407416e+01 -1.993889e+02 2.000000e+00
    endloop
  endfacet
  facet normal 0.000000e+00 0.000000e+00 1.000000e+00
    outer loop
      vertex   7.407416e+01 -1.993889e+02 2.000000e+00
      vertex   7.395872e+01 -1.995921e+02 2.000000e+00
      vertex   1.000000e+02 -2.150000e+02 2.000000e+00
    endloop
  endfacet
  facet normal 0.000000e+00 0.000000e+00 1.000000e+00
    outer loop
      vertex   1.000000e+02 -2.150000e+02 2.000000e+00
      vertex   7.395872e+01 -1.995921e+02 2.000000e+00
      vertex   9.000000e+01 -2.250000e+02 2.000000e+00
    endloop
  endfacet
  facet normal 0.000000e+00 0.000000e+00 1.000000e+00
    outer loop
      vertex   1.000000e+02 -2.150000e+02 2.000000e+00
      vertex   9.000000e+01 -2.250000e+02 2.000000e+00
      vertex   9.130526e+01 -2.249144e+02 2.000000e+00
    endloop
  endfacet
  facet normal 0.000000e+00 0.000000e+00 1.000000e+00
    outer loop
      vertex   7.395872e+01 -1.995921e+02 2.000000e+00
      vertex   7.379925e+01 -1.997630e+02 2.000000e+00
      vertex   9.000000e+01 -2.250000e+02 2.000000e+00
    endloop
  endfacet
  facet normal 0.000000e+00 0.000000e+00 1.000000e+00
    outer loop
      vertex   9.000000e+01 -2.250000e+02 2.000000e+00
      vertex   7.379925e+01 -1.997630e+02 2.000000e+00
      vertex   7.360447e+01 -1.998922e+02 2.000000e+00
    endloop
  endfacet
  facet normal 0.000000e+00 0.000000e+00 1.000000e+00
    outer loop
      vertex   9.000000e+01 -2.250000e+02 2.000000e+00
      vertex   7.360447e+01 -1.998922e+02 2.000000e+00
      vertex   7.338501e+01 -1.999727e+02 2.000000e+00
    endloop
  endfacet
  facet normal -0.000000e+00 0.000000e+00 1.000000e+00
    outer loop
      vertex   4.910853e+01 -1.730168e+02 2.000000e+00
      vertex   4.852937e+01 -1.739204e+02 2.000000e+00
      vertex   5.419407e+01 -1.711644e+02 2.000000e+00
    endloop
  endfacet
  facet normal 0.000000e+00 0.000000e+00 1.000000e+00
    outer loop
      vertex   5.419407e+01 -1.711644e+02 2.000000e+00
      vertex   4.852937e+01 -1.739204e+02 2.000000e+00
      vertex   4.781889e+01 -1.747248e+02 2.000000e+00
    endloop
  endfacet
  facet normal -0.000000e+00 0.000000e+00 1.000000e+00
    outer loop
      vertex   4.492244e+01 -1.766365e+02 2.000000e+00
      vertex   4.407717e+01 -1.773497e+02 2.000000e+00
      vertex   4.586951e+01 -1.760653e+02 2.000000e+00
    endloop
  endfacet
  facet normal 0.000000e+00 0.000000e+00 1.000000e+00
    outer loop
      vertex   4.586951e+01 -1.760653e+02 2.000000e+00
      vertex   4.407717e+01 -1.773497e+02 2.000000e+00
      vertex   4.335478e+01 -1.781872e+02 2.000000e+00
    endloop
  endfacet
  facet normal 0.000000e+00 0.000000e+00 1.000000e+00
    outer loop
      vertex   4.586951e+01 -1.760653e+02 2.000000e+00
      vertex   4.335478e+01 -1.781872e+02 2.000000e+00
      vertex   4.277333e+01 -1.791280e+02 2.000000e+00
    endloop
  endfacet
  facet normal -0.000000e+00 0.000000e+00 1.000000e+00
    outer loop
      vertex   4.277333e+01 -1.791280e+02 2.000000e+00
      vertex   4.234731e+01 -1.801487e+02 2.000000e+00
      vertex   4.586951e+01 -1.760653e+02 2.000000e+00
    endloop
  endfacet
  facet normal 0.000000e+00 0.000000e+00 1.000000e+00
    outer loop
      vertex   4.586951e+01 -1.760653e+02 2.000000e+00
      vertex   4.234731e+01 -1.801487e+02 2.000000e+00
      vertex   4.208737e+01 -1.812237e+02 2.000000e+00
    endloop
  endfacet
  facet normal 0.000000e+00 0.000000e+00 1.000000e+00
    outer loop
      vertex   4.586951e+01 -1.760653e+02 2.000000e+00
      vertex   4.208737e+01 -1.812237e+02 2.000000e+00
      vertex   4.200000e+01 -1.823262e+02 2.000000e+00
    endloop
  endfacet
  facet normal 0.000000e+00 0.000000e+00 1.000000e+00
    outer loop
      vertex   4.732830e+01 -1.991091e+02 2.000000e+00
      vertex   4.659350e+01 -1.992859e+02 2.000000e+00
      vertex   5.939554e+01 -1.998922e+02 2.000000e+00
    endloop
  endfacet
  facet normal 0.000000e+00 0.000000e+00 1.000000e+00
    outer loop
      vertex   5.961499e+01 -1.999727e+02 2.000000e+00
      vertex   4.463551e+01 -1.996399e+02 2.000000e+00
      vertex   9.000000e+01 -2.250000e+02 2.000000e+00
    endloop
  endfacet
  facet normal 0.000000e+00 0.000000e+00 1.000000e+00
    outer loop
      vertex   9.000000e+01 -2.250000e+02 2.000000e+00
      vertex   4.463551e+01 -1.996399e+02 2.000000e+00
      vertex   4.342346e+01 -1.998166e+02 2.000000e+00
    endloop
  endfacet
  facet normal 0.000000e+00 0.000000e+00 1.000000e+00
    outer loop
      vertex   9.000000e+01 -2.250000e+02 2.000000e+00
      vertex   4.342346e+01 -1.998166e+02 2.000000e+00
      vertex   1.000000e+01 -2.250000e+02 2.000000e+00
    endloop
  endfacet
  facet normal 0.000000e+00 0.000000e+00 1.000000e+00
    outer loop
      vertex   1.000000e+01 -2.250000e+02 2.000000e+00
      vertex   4.342346e+01 -1.998166e+02 2.000000e+00
      vertex   4.206057e+01 -1.999926e+02 2.000000e+00
    endloop
  endfacet
  facet normal 0.000000e+00 0.000000e+00 1.000000e+00
    outer loop
      vertex   1.000000e+01 -2.250000e+02 2.000000e+00
      vertex   4.206057e+01 -1.999926e+02 2.000000e+00
      vertex   4.202024e+01 -1.999967e+02 2.000000e+00
    endloop
  endfacet
  facet normal 0.000000e+00 0.000000e+00 1.000000e+00
    outer loop
      vertex   4.202024e+01 -1.999967e+02 2.000000e+00
      vertex   4.197977e+01 -1.999992e+02 2.000000e+00
      vertex   1.000000e+01 -2.250000e+02 2.000000e+00
    endloop
  endfacet
  facet normal 0.000000e+00 0.000000e+00 1.000000e+00
    outer loop
      vertex   1.000000e+01 -2.250000e+02 2.000000e+00
      vertex   4.197977e+01 -1.999992e+02 2.000000e+00
      vertex   4.193924e+01 -2.000000e+02 2.000000e+00
    endloop
  endfacet
  facet normal 0.000000e+00 0.000000e+00 1.000000e+00
    outer loop
      vertex   1.000000e+01 -2.250000e+02 2.000000e+00
      vertex   4.193924e+01 -2.000000e+02 2.000000e+00
      vertex   4.006076e+01 -2.000000e+02 2.000000e+00
    endloop
  endfacet
  facet normal 0.000000e+00 0.000000e+00 1.000000e+00
    outer loop
      vertex   4.006076e+01 -2.000000e+02 2.000000e+00
      vertex   4.002023e+01 -1.999992e+02 2.000000e+00
      vertex   1.000000e+01 -2.250000e+02 2.000000e+00
    endloop
  endfacet
  facet normal 0.000000e+00 0.000000e+00 1.000000e+00
    outer loop
      vertex   1.000000e+01 -2.250000e+02 2.000000e+00
      vertex   4.002023e+01 -1.999992e+02 2.000000e+00
      vertex   3.997976e+01 -1.999967e+02 2.000000e+00
    endloop
  endfacet
  facet normal 0.000000e+00 0.000000e+00 1.000000e+00
    outer loop
      vertex   1.000000e+01 -2.250000e+02 2.000000e+00
      vertex   3.997976e+01 -1.999967e+02 2.000000e+00
      vertex   3.993943e+01 -1.999926e+02 2.000000e+00
    endloop
  endfacet
  facet normal 0.000000e+00 0.000000e+00 1.000000e+00
    outer loop
      vertex   3.993943e+01 -1.999926e+02 2.000000e+00
      vertex   3.857654e+01 -1.998166e+02 2.000000e+00
      vertex   1.000000e+01 -2.250000e+02 2.000000e+00
    endloop
  endfacet
  facet normal 0.000000e+00 0.000000e+00 1.000000e+00
    outer loop
      vertex   1.000000e+01 -2.250000e+02 2.000000e+00
      vertex   3.857654e+01 -1.998166e+02 2.000000e+00
      vertex   3.736449e+01 -1.996399e+02 2.000000e+00
    endloop
  endfacet
  facet normal 0.000000e+00 0.000000e+00 1.000000e+00
    outer loop
      vertex   1.000000e+01 -2.250000e+02 2.000000e+00
      vertex   3.736449e+01 -1.996399e+02 2.000000e+00
      vertex   3.630621e+01 -1.994629e+02 2.000000e+00
    endloop
  endfacet
  facet normal 0.000000e+00 0.000000e+00 1.000000e+00
    outer loop
      vertex   3.630621e+01 -1.994629e+02 2.000000e+00
      vertex   3.540650e+01 -1.992859e+02 2.000000e+00
      vertex   1.000000e+01 -2.250000e+02 2.000000e+00
    endloop
  endfacet
  facet normal 0.000000e+00 0.000000e+00 1.000000e+00
    outer loop
      vertex   1.000000e+01 -2.250000e+02 2.000000e+00
      vertex   3.540650e+01 -1.992859e+02 2.000000e+00
      vertex   3.467171e+01 -1.991091e+02 2.000000e+00
    endloop
  endfacet
  facet normal 0.000000e+00 0.000000e+00 1.000000e+00
    outer loop
      vertex   1.000000e+01 -2.250000e+02 2.000000e+00
      vertex   3.467171e+01 -1.991091e+02 2.000000e+00
      vertex   3.410907e+01 -1.989331e+02 2.000000e+00
    endloop
  endfacet
  facet normal 0.000000e+00 0.000000e+00 1.000000e+00
    outer loop
      vertex   3.410907e+01 -1.989331e+02 2.000000e+00
      vertex   3.389460e+01 -1.988454e+02 2.000000e+00
      vertex   1.000000e+01 -2.250000e+02 2.000000e+00
    endloop
  endfacet
  facet normal 0.000000e+00 0.000000e+00 1.000000e+00
    outer loop
      vertex   1.000000e+01 -2.250000e+02 2.000000e+00
      vertex   3.389460e+01 -1.988454e+02 2.000000e+00
      vertex   3.372582e+01 -1.987579e+02 2.000000e+00
    endloop
  endfacet
  facet normal 0.000000e+00 0.000000e+00 1.000000e+00
    outer loop
      vertex   1.000000e+01 -2.250000e+02 2.000000e+00
      vertex   3.372582e+01 -1.987579e+02 2.000000e+00
      vertex   3.360345e+01 -1.986708e+02 2.000000e+00
    endloop
  endfacet
  facet normal 0.000000e+00 0.000000e+00 1.000000e+00
    outer loop
      vertex   3.360345e+01 -1.986708e+02 2.000000e+00
      vertex   3.355985e+01 -1.986274e+02 2.000000e+00
      vertex   1.000000e+01 -2.250000e+02 2.000000e+00
    endloop
  endfacet
  facet normal 0.000000e+00 0.000000e+00 1.000000e+00
    outer loop
      vertex   1.000000e+01 -2.250000e+02 2.000000e+00
      vertex   3.355985e+01 -1.986274e+02 2.000000e+00
      vertex   3.352804e+01 -1.985840e+02 2.000000e+00
    endloop
  endfacet
  facet normal 0.000000e+00 -0.000000e+00 1.000000e+00
    outer loop
      vertex   1.000000e+01 -2.250000e+02 2.000000e+00
      vertex   3.352804e+01 -1.985840e+02 2.000000e+00
      vertex   -6.661338e-15 -2.150000e+02 2.000000e+00
    endloop
  endfacet
  facet normal 0.000000e+00 0.000000e+00 1.000000e+00
    outer loop
      vertex   -6.661338e-15 -2.150000e+02 2.000000e+00
      vertex   3.352804e+01 -1.985840e+02 2.000000e+00
      vertex   3.350804e+01 -1.985408e+02 2.000000e+00
    endloop
  endfacet
  facet normal 0.000000e+00 0.000000e+00 1.000000e+00
    outer loop
      vertex   -6.661338e-15 -2.150000e+02 2.000000e+00
      vertex   3.350804e+01 -1.985408e+02 2.000000e+00
      vertex   3.350247e+01 -1.985192e+02 2.000000e+00
    endloop
  endfacet
  facet normal 0.000000e+00 0.000000e+00 1.000000e+00
    outer loop
      vertex   3.350247e+01 -1.985192e+02 2.000000e+00
      vertex   3.349986e+01 -1.984976e+02 2.000000e+00
      vertex   -6.661338e-15 -2.150000e+02 2.000000e+00
    endloop
  endfacet
  facet normal 0.000000e+00 0.000000e+00 1.000000e+00
    outer loop
      vertex   -6.661338e-15 -2.150000e+02 2.000000e+00
      vertex   3.349986e+01 -1.984976e+02 2.000000e+00
      vertex   3.350019e+01 -1.984760e+02 2.000000e+00
    endloop
  endfacet
  facet normal 0.000000e+00 0.000000e+00 1.000000e+00
    outer loop
      vertex   -6.661338e-15 -2.150000e+02 2.000000e+00
      vertex   3.350019e+01 -1.984760e+02 2.000000e+00
      vertex   3.350348e+01 -1.984545e+02 2.000000e+00
    endloop
  endfacet
  facet normal 0.000000e+00 -0.000000e+00 1.000000e+00
    outer loop
      vertex   3.350348e+01 -1.984545e+02 2.000000e+00
      vertex   3.351887e+01 -1.984115e+02 2.000000e+00
      vertex   -6.661338e-15 -2.150000e+02 2.000000e+00
    endloop
  endfacet
  facet normal 0.000000e+00 0.000000e+00 1.000000e+00
    outer loop
      vertex   -6.661338e-15 -2.150000e+02 2.000000e+00
      vertex   3.351887e+01 -1.984115e+02 2.000000e+00
      vertex   3.289147e+01 -1.730168e+02 2.000000e+00
    endloop
  endfacet
  facet normal 0.000000e+00 0.000000e+00 1.000000e+00
    outer loop
      vertex   -6.661338e-15 -2.150000e+02 2.000000e+00
      vertex   3.289147e+01 -1.730168e+02 2.000000e+00
      vertex   3.245725e+01 -1.720353e+02 2.000000e+00
    endloop
  endfacet
  facet normal 0.000000e+00 0.000000e+00 1.000000e+00
    outer loop
      vertex   3.289147e+01 -1.730168e+02 2.000000e+00
      vertex   3.351887e+01 -1.984115e+02 2.000000e+00
      vertex   3.347063e+01 -1.739204e+02 2.000000e+00
    endloop
  endfacet
  facet normal 0.000000e+00 0.000000e+00 1.000000e+00
    outer loop
      vertex   3.347063e+01 -1.739204e+02 2.000000e+00
      vertex   3.351887e+01 -1.984115e+02 2.000000e+00
      vertex   3.354598e+01 -1.983686e+02 2.000000e+00
    endloop
  endfacet
  facet normal 0.000000e+00 0.000000e+00 1.000000e+00
    outer loop
      vertex   3.347063e+01 -1.739204e+02 2.000000e+00
      vertex   3.354598e+01 -1.983686e+02 2.000000e+00
      vertex   3.358474e+01 -1.983257e+02 2.000000e+00
    endloop
  endfacet
  facet normal 0.000000e+00 0.000000e+00 1.000000e+00
    outer loop
      vertex   3.347063e+01 -1.739204e+02 2.000000e+00
      vertex   3.358474e+01 -1.983257e+02 2.000000e+00
      vertex   3.418111e+01 -1.747248e+02 2.000000e+00
    endloop
  endfacet
  facet normal 0.000000e+00 0.000000e+00 1.000000e+00
    outer loop
      vertex   3.418111e+01 -1.747248e+02 2.000000e+00
      vertex   3.358474e+01 -1.983257e+02 2.000000e+00
      vertex   3.369686e+01 -1.982403e+02 2.000000e+00
    endloop
  endfacet
  facet normal 0.000000e+00 0.000000e+00 1.000000e+00
    outer loop
      vertex   3.418111e+01 -1.747248e+02 2.000000e+00
      vertex   3.369686e+01 -1.982403e+02 2.000000e+00
      vertex   3.500620e+01 -1.754111e+02 2.000000e+00
    endloop
  endfacet
  facet normal 0.000000e+00 0.000000e+00 1.000000e+00
    outer loop
      vertex   3.500620e+01 -1.754111e+02 2.000000e+00
      vertex   3.369686e+01 -1.982403e+02 2.000000e+00
      vertex   4.000000e+01 -1.823262e+02 2.000000e+00
    endloop
  endfacet
  facet normal 0.000000e+00 0.000000e+00 1.000000e+00
    outer loop
      vertex   3.500620e+01 -1.754111e+02 2.000000e+00
      vertex   4.000000e+01 -1.823262e+02 2.000000e+00
      vertex   3.592653e+01 -1.759633e+02 2.000000e+00
    endloop
  endfacet
  facet normal 0.000000e+00 0.000000e+00 1.000000e+00
    outer loop
      vertex   3.592653e+01 -1.759633e+02 2.000000e+00
      vertex   4.000000e+01 -1.823262e+02 2.000000e+00
      vertex   3.613050e+01 -1.760653e+02 2.000000e+00
    endloop
  endfacet
  facet normal 0.000000e+00 0.000000e+00 1.000000e+00
    outer loop
      vertex   3.613050e+01 -1.760653e+02 2.000000e+00
      vertex   4.000000e+01 -1.823262e+02 2.000000e+00
      vertex   3.991263e+01 -1.812237e+02 2.000000e+00
    endloop
  endfacet
  facet normal 0.000000e+00 0.000000e+00 1.000000e+00
    outer loop
      vertex   3.613050e+01 -1.760653e+02 2.000000e+00
      vertex   3.991263e+01 -1.812237e+02 2.000000e+00
      vertex   3.965269e+01 -1.801487e+02 2.000000e+00
    endloop
  endfacet
  facet normal 0.000000e+00 0.000000e+00 1.000000e+00
    outer loop
      vertex   3.369686e+01 -1.982403e+02 2.000000e+00
      vertex   3.405632e+01 -1.980701e+02 2.000000e+00
      vertex   4.000000e+01 -1.823262e+02 2.000000e+00
    endloop
  endfacet
  facet normal 0.000000e+00 0.000000e+00 1.000000e+00
    outer loop
      vertex   4.000000e+01 -1.823262e+02 2.000000e+00
      vertex   3.405632e+01 -1.980701e+02 2.000000e+00
      vertex   3.458878e+01 -1.979008e+02 2.000000e+00
    endloop
  endfacet
  facet normal 0.000000e+00 0.000000e+00 1.000000e+00
    outer loop
      vertex   4.000000e+01 -1.823262e+02 2.000000e+00
      vertex   3.458878e+01 -1.979008e+02 2.000000e+00
      vertex   3.528496e+01 -1.977319e+02 2.000000e+00
    endloop
  endfacet
  facet normal 0.000000e+00 0.000000e+00 1.000000e+00
    outer loop
      vertex   4.000000e+01 -1.823262e+02 2.000000e+00
      vertex   3.528496e+01 -1.977319e+02 2.000000e+00
      vertex   4.000000e+01 -1.952437e+02 2.000000e+00
    endloop
  endfacet
  facet normal 0.000000e+00 0.000000e+00 1.000000e+00
    outer loop
      vertex   4.000000e+01 -1.952437e+02 2.000000e+00
      vertex   3.528496e+01 -1.977319e+02 2.000000e+00
      vertex   3.613614e+01 -1.975631e+02 2.000000e+00
    endloop
  endfacet
  facet normal 0.000000e+00 0.000000e+00 1.000000e+00
    outer loop
      vertex   4.000000e+01 -1.952437e+02 2.000000e+00
      vertex   3.613614e+01 -1.975631e+02 2.000000e+00
      vertex   3.713520e+01 -1.973939e+02 2.000000e+00
    endloop
  endfacet
  facet normal 0.000000e+00 0.000000e+00 1.000000e+00
    outer loop
      vertex   3.713520e+01 -1.973939e+02 2.000000e+00
      vertex   3.827745e+01 -1.972243e+02 2.000000e+00
      vertex   4.000000e+01 -1.952437e+02 2.000000e+00
    endloop
  endfacet
  facet normal 0.000000e+00 0.000000e+00 1.000000e+00
    outer loop
      vertex   4.000000e+01 -1.952437e+02 2.000000e+00
      vertex   3.827745e+01 -1.972243e+02 2.000000e+00
      vertex   3.873771e+01 -1.971026e+02 2.000000e+00
    endloop
  endfacet
  facet normal 0.000000e+00 0.000000e+00 1.000000e+00
    outer loop
      vertex   4.000000e+01 -1.952437e+02 2.000000e+00
      vertex   3.873771e+01 -1.971026e+02 2.000000e+00
      vertex   3.915617e+01 -1.968756e+02 2.000000e+00
    endloop
  endfacet
  facet normal 0.000000e+00 0.000000e+00 1.000000e+00
    outer loop
      vertex   3.915617e+01 -1.968756e+02 2.000000e+00
      vertex   3.950912e+01 -1.965561e+02 2.000000e+00
      vertex   4.000000e+01 -1.952437e+02 2.000000e+00
    endloop
  endfacet
  facet normal 0.000000e+00 0.000000e+00 1.000000e+00
    outer loop
      vertex   4.000000e+01 -1.952437e+02 2.000000e+00
      vertex   3.950912e+01 -1.965561e+02 2.000000e+00
      vertex   3.977656e+01 -1.961623e+02 2.000000e+00
    endloop
  endfacet
  facet normal 0.000000e+00 0.000000e+00 1.000000e+00
    outer loop
      vertex   4.000000e+01 -1.952437e+02 2.000000e+00
      vertex   3.977656e+01 -1.961623e+02 2.000000e+00
      vertex   3.994334e+01 -1.957164e+02 2.000000e+00
    endloop
  endfacet
  facet normal 0.000000e+00 0.000000e+00 1.000000e+00
    outer loop
      vertex   3.965269e+01 -1.801487e+02 2.000000e+00
      vertex   3.922667e+01 -1.791280e+02 2.000000e+00
      vertex   3.613050e+01 -1.760653e+02 2.000000e+00
    endloop
  endfacet
  facet normal 0.000000e+00 0.000000e+00 1.000000e+00
    outer loop
      vertex   3.613050e+01 -1.760653e+02 2.000000e+00
      vertex   3.922667e+01 -1.791280e+02 2.000000e+00
      vertex   3.864522e+01 -1.781872e+02 2.000000e+00
    endloop
  endfacet
  facet normal 0.000000e+00 0.000000e+00 1.000000e+00
    outer loop
      vertex   3.613050e+01 -1.760653e+02 2.000000e+00
      vertex   3.864522e+01 -1.781872e+02 2.000000e+00
      vertex   3.792284e+01 -1.773497e+02 2.000000e+00
    endloop
  endfacet
  facet normal 0.000000e+00 0.000000e+00 1.000000e+00
    outer loop
      vertex   3.792284e+01 -1.773497e+02 2.000000e+00
      vertex   3.707756e+01 -1.766365e+02 2.000000e+00
      vertex   3.613050e+01 -1.760653e+02 2.000000e+00
    endloop
  endfacet
  facet normal 0.000000e+00 0.000000e+00 1.000000e+00
    outer loop
      vertex   3.245725e+01 -1.720353e+02 2.000000e+00
      vertex   3.217817e+01 -1.709990e+02 2.000000e+00
      vertex   -6.661338e-15 -2.150000e+02 2.000000e+00
    endloop
  endfacet
  facet normal 0.000000e+00 0.000000e+00 1.000000e+00
    outer loop
      vertex   -6.661338e-15 -2.150000e+02 2.000000e+00
      vertex   3.217817e+01 -1.709990e+02 2.000000e+00
      vertex   0.000000e+00 -1.350000e+02 2.000000e+00
    endloop
  endfacet
  facet normal 0.000000e+00 0.000000e+00 1.000000e+00
    outer loop
      vertex   0.000000e+00 -1.350000e+02 2.000000e+00
      vertex   3.217817e+01 -1.709990e+02 2.000000e+00
      vertex   3.206080e+01 -1.699322e+02 2.000000e+00
    endloop
  endfacet
  facet normal 0.000000e+00 0.000000e+00 1.000000e+00
    outer loop
      vertex   0.000000e+00 -1.350000e+02 2.000000e+00
      vertex   3.206080e+01 -1.699322e+02 2.000000e+00
      vertex   3.210789e+01 -1.688600e+02 2.000000e+00
    endloop
  endfacet
  facet normal 0.000000e+00 -0.000000e+00 1.000000e+00
    outer loop
      vertex   3.210789e+01 -1.688600e+02 2.000000e+00
      vertex   3.489337e+01 -1.458797e+02 2.000000e+00
      vertex   0.000000e+00 -1.350000e+02 2.000000e+00
    endloop
  endfacet
  facet normal -0.000000e+00 0.000000e+00 1.000000e+00
    outer loop
      vertex   0.000000e+00 -1.350000e+02 2.000000e+00
      vertex   3.489337e+01 -1.458797e+02 2.000000e+00
      vertex   1.000000e+01 -1.250000e+02 2.000000e+00
    endloop
  endfacet
  facet normal 0.000000e+00 0.000000e+00 1.000000e+00
    outer loop
      vertex   0.000000e+00 -1.350000e+02 2.000000e+00
      vertex   1.000000e+01 -1.250000e+02 2.000000e+00
      vertex   8.555139e-02 -1.336947e+02 2.000000e+00
    endloop
  endfacet
  facet normal 0.000000e+00 0.000000e+00 1.000000e+00
    outer loop
      vertex   8.555139e-02 -1.336947e+02 2.000000e+00
      vertex   1.000000e+01 -1.250000e+02 2.000000e+00
      vertex   3.407417e-01 -1.324118e+02 2.000000e+00
    endloop
  endfacet
  facet normal 0.000000e+00 0.000000e+00 1.000000e+00
    outer loop
      vertex   3.407417e-01 -1.324118e+02 2.000000e+00
      vertex   1.000000e+01 -1.250000e+02 2.000000e+00
      vertex   7.612047e-01 -1.311732e+02 2.000000e+00
    endloop
  endfacet
  facet normal 0.000000e+00 0.000000e+00 1.000000e+00
    outer loop
      vertex   7.612047e-01 -1.311732e+02 2.000000e+00
      vertex   1.000000e+01 -1.250000e+02 2.000000e+00
      vertex   1.339746e+00 -1.300000e+02 2.000000e+00
    endloop
  endfacet
  facet normal 0.000000e+00 0.000000e+00 1.000000e+00
    outer loop
      vertex   1.339746e+00 -1.300000e+02 2.000000e+00
      vertex   1.000000e+01 -1.250000e+02 2.000000e+00
      vertex   2.066467e+00 -1.289124e+02 2.000000e+00
    endloop
  endfacet
  facet normal 0.000000e+00 0.000000e+00 1.000000e+00
    outer loop
      vertex   2.066467e+00 -1.289124e+02 2.000000e+00
      vertex   1.000000e+01 -1.250000e+02 2.000000e+00
      vertex   2.928932e+00 -1.279289e+02 2.000000e+00
    endloop
  endfacet
  facet normal 0.000000e+00 0.000000e+00 1.000000e+00
    outer loop
      vertex   2.928932e+00 -1.279289e+02 2.000000e+00
      vertex   1.000000e+01 -1.250000e+02 2.000000e+00
      vertex   3.912386e+00 -1.270665e+02 2.000000e+00
    endloop
  endfacet
  facet normal 0.000000e+00 0.000000e+00 1.000000e+00
    outer loop
      vertex   3.912386e+00 -1.270665e+02 2.000000e+00
      vertex   1.000000e+01 -1.250000e+02 2.000000e+00
      vertex   5.000000e+00 -1.263397e+02 2.000000e+00
    endloop
  endfacet
  facet normal 0.000000e+00 0.000000e+00 1.000000e+00
    outer loop
      vertex   5.000000e+00 -1.263397e+02 2.000000e+00
      vertex   1.000000e+01 -1.250000e+02 2.000000e+00
      vertex   6.173166e+00 -1.257612e+02 2.000000e+00
    endloop
  endfacet
  facet normal 0.000000e+00 0.000000e+00 1.000000e+00
    outer loop
      vertex   6.173166e+00 -1.257612e+02 2.000000e+00
      vertex   1.000000e+01 -1.250000e+02 2.000000e+00
      vertex   7.411810e+00 -1.253407e+02 2.000000e+00
    endloop
  endfacet
  facet normal 0.000000e+00 0.000000e+00 1.000000e+00
    outer loop
      vertex   7.411810e+00 -1.253407e+02 2.000000e+00
      vertex   1.000000e+01 -1.250000e+02 2.000000e+00
      vertex   8.694738e+00 -1.250856e+02 2.000000e+00
    endloop
  endfacet
  facet normal 0.000000e+00 -0.000000e+00 1.000000e+00
    outer loop
      vertex   3.489337e+01 -1.458797e+02 2.000000e+00
      vertex   3.495103e+01 -1.456456e+02 2.000000e+00
      vertex   1.000000e+01 -1.250000e+02 2.000000e+00
    endloop
  endfacet
  facet normal 0.000000e+00 0.000000e+00 1.000000e+00
    outer loop
      vertex   1.000000e+01 -1.250000e+02 2.000000e+00
      vertex   3.495103e+01 -1.456456e+02 2.000000e+00
      vertex   3.506305e+01 -1.454321e+02 2.000000e+00
    endloop
  endfacet
  facet normal 0.000000e+00 0.000000e+00 1.000000e+00
    outer loop
      vertex   1.000000e+01 -1.250000e+02 2.000000e+00
      vertex   3.506305e+01 -1.454321e+02 2.000000e+00
      vertex   3.522291e+01 -1.452516e+02 2.000000e+00
    endloop
  endfacet
  facet normal 0.000000e+00 -0.000000e+00 1.000000e+00
    outer loop
      vertex   3.522291e+01 -1.452516e+02 2.000000e+00
      vertex   3.542132e+01 -1.451146e+02 2.000000e+00
      vertex   1.000000e+01 -1.250000e+02 2.000000e+00
    endloop
  endfacet
  facet normal 0.000000e+00 0.000000e+00 1.000000e+00
    outer loop
      vertex   1.000000e+01 -1.250000e+02 2.000000e+00
      vertex   3.542132e+01 -1.451146e+02 2.000000e+00
      vertex   3.564676e+01 -1.450291e+02 2.000000e+00
    endloop
  endfacet
  facet normal 0.000000e+00 0.000000e+00 1.000000e+00
    outer loop
      vertex   1.000000e+01 -1.250000e+02 2.000000e+00
      vertex   3.564676e+01 -1.450291e+02 2.000000e+00
      vertex   3.588611e+01 -1.450000e+02 2.000000e+00
    endloop
  endfacet
  facet normal 0.000000e+00 -0.000000e+00 1.000000e+00
    outer loop
      vertex   3.588611e+01 -1.450000e+02 2.000000e+00
      vertex   4.611389e+01 -1.450000e+02 2.000000e+00
      vertex   1.000000e+01 -1.250000e+02 2.000000e+00
    endloop
  endfacet
  facet normal -0.000000e+00 0.000000e+00 1.000000e+00
    outer loop
      vertex   1.000000e+01 -1.250000e+02 2.000000e+00
      vertex   4.611389e+01 -1.450000e+02 2.000000e+00
      vertex   9.000000e+01 -1.250000e+02 2.000000e+00
    endloop
  endfacet
  facet normal 0.000000e+00 0.000000e+00 1.000000e+00
    outer loop
      vertex   9.000000e+01 -1.250000e+02 2.000000e+00
      vertex   4.611389e+01 -1.450000e+02 2.000000e+00
      vertex   4.635324e+01 -1.450291e+02 2.000000e+00
    endloop
  endfacet
  facet normal 0.000000e+00 0.000000e+00 1.000000e+00
    outer loop
      vertex   9.000000e+01 -1.250000e+02 2.000000e+00
      vertex   4.635324e+01 -1.450291e+02 2.000000e+00
      vertex   4.657868e+01 -1.451146e+02 2.000000e+00
    endloop
  endfacet
  facet normal -0.000000e+00 0.000000e+00 1.000000e+00
    outer loop
      vertex   4.657868e+01 -1.451146e+02 2.000000e+00
      vertex   4.677709e+01 -1.452516e+02 2.000000e+00
      vertex   9.000000e+01 -1.250000e+02 2.000000e+00
    endloop
  endfacet
  facet normal 0.000000e+00 0.000000e+00 1.000000e+00
    outer loop
      vertex   9.000000e+01 -1.250000e+02 2.000000e+00
      vertex   4.677709e+01 -1.452516e+02 2.000000e+00
      vertex   4.693696e+01 -1.454321e+02 2.000000e+00
    endloop
  endfacet
  facet normal 0.000000e+00 0.000000e+00 1.000000e+00
    outer loop
      vertex   9.000000e+01 -1.250000e+02 2.000000e+00
      vertex   4.693696e+01 -1.454321e+02 2.000000e+00
      vertex   4.704897e+01 -1.456456e+02 2.000000e+00
    endloop
  endfacet
  facet normal -0.000000e+00 0.000000e+00 1.000000e+00
    outer loop
      vertex   4.704897e+01 -1.456456e+02 2.000000e+00
      vertex   4.710663e+01 -1.458797e+02 2.000000e+00
      vertex   9.000000e+01 -1.250000e+02 2.000000e+00
    endloop
  endfacet
  facet normal -0.000000e+00 -0.000000e+00 1.000000e+00
    outer loop
      vertex   8.555139e-02 -2.163053e+02 2.000000e+00
      vertex   3.407417e-01 -2.175882e+02 2.000000e+00
      vertex   -6.661338e-15 -2.150000e+02 2.000000e+00
    endloop
  endfacet
  facet normal 0.000000e+00 0.000000e+00 1.000000e+00
    outer loop
      vertex   -6.661338e-15 -2.150000e+02 2.000000e+00
      vertex   3.407417e-01 -2.175882e+02 2.000000e+00
      vertex   7.612047e-01 -2.188268e+02 2.000000e+00
    endloop
  endfacet
  facet normal 0.000000e+00 0.000000e+00 1.000000e+00
    outer loop
      vertex   -6.661338e-15 -2.150000e+02 2.000000e+00
      vertex   7.612047e-01 -2.188268e+02 2.000000e+00
      vertex   1.339746e+00 -2.200000e+02 2.000000e+00
    endloop
  endfacet
  facet normal -0.000000e+00 -0.000000e+00 1.000000e+00
    outer loop
      vertex   1.339746e+00 -2.200000e+02 2.000000e+00
      vertex   2.066467e+00 -2.210876e+02 2.000000e+00
      vertex   -6.661338e-15 -2.150000e+02 2.000000e+00
    endloop
  endfacet
  facet normal 0.000000e+00 0.000000e+00 1.000000e+00
    outer loop
      vertex   -6.661338e-15 -2.150000e+02 2.000000e+00
      vertex   2.066467e+00 -2.210876e+02 2.000000e+00
      vertex   2.928932e+00 -2.220711e+02 2.000000e+00
    endloop
  endfacet
  facet normal 0.000000e+00 0.000000e+00 1.000000e+00
    outer loop
      vertex   -6.661338e-15 -2.150000e+02 2.000000e+00
      vertex   2.928932e+00 -2.220711e+02 2.000000e+00
      vertex   3.912386e+00 -2.229335e+02 2.000000e+00
    endloop
  endfacet
  facet normal -0.000000e+00 -0.000000e+00 1.000000e+00
    outer loop
      vertex   3.912386e+00 -2.229335e+02 2.000000e+00
      vertex   5.000000e+00 -2.236603e+02 2.000000e+00
      vertex   -6.661338e-15 -2.150000e+02 2.000000e+00
    endloop
  endfacet
  facet normal 0.000000e+00 0.000000e+00 1.000000e+00
    outer loop
      vertex   -6.661338e-15 -2.150000e+02 2.000000e+00
      vertex   5.000000e+00 -2.236603e+02 2.000000e+00
      vertex   6.173166e+00 -2.242388e+02 2.000000e+00
    endloop
  endfacet
  facet normal 0.000000e+00 0.000000e+00 1.000000e+00
    outer loop
      vertex   -6.661338e-15 -2.150000e+02 2.000000e+00
      vertex   6.173166e+00 -2.242388e+02 2.000000e+00
      vertex   7.411810e+00 -2.246593e+02 2.000000e+00
    endloop
  endfacet
  facet normal -0.000000e+00 -0.000000e+00 1.000000e+00
    outer loop
      vertex   7.411810e+00 -2.246593e+02 2.000000e+00
      vertex   8.694738e+00 -2.249144e+02 2.000000e+00
      vertex   -6.661338e-15 -2.150000e+02 2.000000e+00
    endloop
  endfacet
  facet normal 0.000000e+00 0.000000e+00 1.000000e+00
    outer loop
      vertex   -6.661338e-15 -2.150000e+02 2.000000e+00
      vertex   8.694738e+00 -2.249144e+02 2.000000e+00
      vertex   1.000000e+01 -2.250000e+02 2.000000e+00
    endloop
  endfacet
  facet normal 0.000000e+00 0.000000e+00 1.000000e+00
    outer loop
      vertex   9.130526e+01 -2.249144e+02 2.000000e+00
      vertex   9.258819e+01 -2.246593e+02 2.000000e+00
      vertex   1.000000e+02 -2.150000e+02 2.000000e+00
    endloop
  endfacet
  facet normal 0.000000e+00 0.000000e+00 1.000000e+00
    outer loop
      vertex   1.000000e+02 -2.150000e+02 2.000000e+00
      vertex   9.258819e+01 -2.246593e+02 2.000000e+00
      vertex   9.382683e+01 -2.242388e+02 2.000000e+00
    endloop
  endfacet
  facet normal 0.000000e+00 0.000000e+00 1.000000e+00
    outer loop
      vertex   1.000000e+02 -2.150000e+02 2.000000e+00
      vertex   9.382683e+01 -2.242388e+02 2.000000e+00
      vertex   9.500000e+01 -2.236603e+02 2.000000e+00
    endloop
  endfacet
  facet normal 0.000000e+00 0.000000e+00 1.000000e+00
    outer loop
      vertex   9.500000e+01 -2.236603e+02 2.000000e+00
      vertex   9.608761e+01 -2.229335e+02 2.000000e+00
      vertex   1.000000e+02 -2.150000e+02 2.000000e+00
    endloop
  endfacet
  facet normal 0.000000e+00 0.000000e+00 1.000000e+00
    outer loop
      vertex   1.000000e+02 -2.150000e+02 2.000000e+00
      vertex   9.608761e+01 -2.229335e+02 2.000000e+00
      vertex   9.707107e+01 -2.220711e+02 2.000000e+00
    endloop
  endfacet
  facet normal 0.000000e+00 0.000000e+00 1.000000e+00
    outer loop
      vertex   1.000000e+02 -2.150000e+02 2.000000e+00
      vertex   9.707107e+01 -2.220711e+02 2.000000e+00
      vertex   9.793353e+01 -2.210876e+02 2.000000e+00
    endloop
  endfacet
  facet normal 0.000000e+00 0.000000e+00 1.000000e+00
    outer loop
      vertex   9.793353e+01 -2.210876e+02 2.000000e+00
      vertex   9.866025e+01 -2.200000e+02 2.000000e+00
      vertex   1.000000e+02 -2.150000e+02 2.000000e+00
    endloop
  endfacet
  facet normal 0.000000e+00 0.000000e+00 1.000000e+00
    outer loop
      vertex   1.000000e+02 -2.150000e+02 2.000000e+00
      vertex   9.866025e+01 -2.200000e+02 2.000000e+00
      vertex   9.923880e+01 -2.188268e+02 2.000000e+00
    endloop
  endfacet
  facet normal 0.000000e+00 0.000000e+00 1.000000e+00
    outer loop
      vertex   1.000000e+02 -2.150000e+02 2.000000e+00
      vertex   9.923880e+01 -2.188268e+02 2.000000e+00
      vertex   9.965926e+01 -2.175882e+02 2.000000e+00
    endloop
  endfacet
  facet normal 0.000000e+00 0.000000e+00 1.000000e+00
    outer loop
      vertex   9.965926e+01 -2.175882e+02 2.000000e+00
      vertex   9.991445e+01 -2.163053e+02 2.000000e+00
      vertex   1.000000e+02 -2.150000e+02 2.000000e+00
    endloop
  endfacet
  facet normal 0.000000e+00 0.000000e+00 1.000000e+00
    outer loop
      vertex   9.991445e+01 -1.336947e+02 2.000000e+00
      vertex   9.965926e+01 -1.324118e+02 2.000000e+00
      vertex   9.000000e+01 -1.250000e+02 2.000000e+00
    endloop
  endfacet
  facet normal 0.000000e+00 0.000000e+00 1.000000e+00
    outer loop
      vertex   9.000000e+01 -1.250000e+02 2.000000e+00
      vertex   9.965926e+01 -1.324118e+02 2.000000e+00
      vertex   9.923880e+01 -1.311732e+02 2.000000e+00
    endloop
  endfacet
  facet normal 0.000000e+00 0.000000e+00 1.000000e+00
    outer loop
      vertex   9.000000e+01 -1.250000e+02 2.000000e+00
      vertex   9.923880e+01 -1.311732e+02 2.000000e+00
      vertex   9.866025e+01 -1.300000e+02 2.000000e+00
    endloop
  endfacet
  facet normal 0.000000e+00 0.000000e+00 1.000000e+00
    outer loop
      vertex   9.866025e+01 -1.300000e+02 2.000000e+00
      vertex   9.793353e+01 -1.289124e+02 2.000000e+00
      vertex   9.000000e+01 -1.250000e+02 2.000000e+00
    endloop
  endfacet
  facet normal 0.000000e+00 0.000000e+00 1.000000e+00
    outer loop
      vertex   9.000000e+01 -1.250000e+02 2.000000e+00
      vertex   9.793353e+01 -1.289124e+02 2.000000e+00
      vertex   9.707107e+01 -1.279289e+02 2.000000e+00
    endloop
  endfacet
  facet normal 0.000000e+00 0.000000e+00 1.000000e+00
    outer loop
      vertex   9.000000e+01 -1.250000e+02 2.000000e+00
      vertex   9.707107e+01 -1.279289e+02 2.000000e+00
      vertex   9.608761e+01 -1.270665e+02 2.000000e+00
    endloop
  endfacet
  facet normal 0.000000e+00 0.000000e+00 1.000000e+00
    outer loop
      vertex   9.608761e+01 -1.270665e+02 2.000000e+00
      vertex   9.500000e+01 -1.263397e+02 2.000000e+00
      vertex   9.000000e+01 -1.250000e+02 2.000000e+00
    endloop
  endfacet
  facet normal 0.000000e+00 0.000000e+00 1.000000e+00
    outer loop
      vertex   9.000000e+01 -1.250000e+02 2.000000e+00
      vertex   9.500000e+01 -1.263397e+02 2.000000e+00
      vertex   9.382683e+01 -1.257612e+02 2.000000e+00
    endloop
  endfacet
  facet normal 0.000000e+00 0.000000e+00 1.000000e+00
    outer loop
      vertex   9.000000e+01 -1.250000e+02 2.000000e+00
      vertex   9.382683e+01 -1.257612e+02 2.000000e+00
      vertex   9.258819e+01 -1.253407e+02 2.000000e+00
    endloop
  endfacet
  facet normal 0.000000e+00 0.000000e+00 1.000000e+00
    outer loop
      vertex   9.258819e+01 -1.253407e+02 2.000000e+00
      vertex   9.130526e+01 -1.250856e+02 2.000000e+00
      vertex   9.000000e+01 -1.250000e+02 2.000000e+00
    endloop
  endfacet
  facet normal 0.000000e+00 0.000000e+00 1.000000e+00
    outer loop
      vertex   4.521983e+01 -1.743901e+02 2.000000e+00
      vertex   4.436634e+01 -1.728165e+02 2.000000e+00
      vertex   4.189484e+01 -1.760535e+02 2.000000e+00
    endloop
  endfacet
  facet normal 0.000000e+00 -0.000000e+00 1.000000e+00
    outer loop
      vertex   4.189484e+01 -1.760535e+02 2.000000e+00
      vertex   4.436634e+01 -1.728165e+02 2.000000e+00
      vertex   4.144728e+01 -1.742763e+02 2.000000e+00
    endloop
  endfacet
  facet normal 0.000000e+00 0.000000e+00 1.000000e+00
    outer loop
      vertex   4.189484e+01 -1.760535e+02 2.000000e+00
      vertex   4.144728e+01 -1.742763e+02 2.000000e+00
      vertex   4.145973e+01 -1.762113e+02 2.000000e+00
    endloop
  endfacet
  facet normal 0.000000e+00 0.000000e+00 1.000000e+00
    outer loop
      vertex   4.145973e+01 -1.762113e+02 2.000000e+00
      vertex   4.144728e+01 -1.742763e+02 2.000000e+00
      vertex   4.122979e+01 -1.743552e+02 2.000000e+00
    endloop
  endfacet
  facet normal 0.000000e+00 0.000000e+00 1.000000e+00
    outer loop
      vertex   4.145973e+01 -1.762113e+02 2.000000e+00
      vertex   4.122979e+01 -1.743552e+02 2.000000e+00
      vertex   4.100000e+01 -1.762649e+02 2.000000e+00
    endloop
  endfacet
  facet normal 0.000000e+00 0.000000e+00 1.000000e+00
    outer loop
      vertex   4.100000e+01 -1.762649e+02 2.000000e+00
      vertex   4.122979e+01 -1.743552e+02 2.000000e+00
      vertex   4.100000e+01 -1.743819e+02 2.000000e+00
    endloop
  endfacet
  facet normal 0.000000e+00 -0.000000e+00 1.000000e+00
    outer loop
      vertex   4.100000e+01 -1.762649e+02 2.000000e+00
      vertex   4.100000e+01 -1.743819e+02 2.000000e+00
      vertex   4.077021e+01 -1.743552e+02 2.000000e+00
    endloop
  endfacet
  facet normal 0.000000e+00 0.000000e+00 1.000000e+00
    outer loop
      vertex   4.596590e+01 -1.739313e+02 2.000000e+00
      vertex   4.532320e+01 -1.720611e+02 2.000000e+00
      vertex   4.521983e+01 -1.743901e+02 2.000000e+00
    endloop
  endfacet
  facet normal 0.000000e+00 -0.000000e+00 1.000000e+00
    outer loop
      vertex   4.521983e+01 -1.743901e+02 2.000000e+00
      vertex   4.532320e+01 -1.720611e+02 2.000000e+00
      vertex   4.488355e+01 -1.724879e+02 2.000000e+00
    endloop
  endfacet
  facet normal 0.000000e+00 0.000000e+00 1.000000e+00
    outer loop
      vertex   4.521983e+01 -1.743901e+02 2.000000e+00
      vertex   4.488355e+01 -1.724879e+02 2.000000e+00
      vertex   4.436634e+01 -1.728165e+02 2.000000e+00
    endloop
  endfacet
  facet normal -0.000000e+00 0.000000e+00 1.000000e+00
    outer loop
      vertex   4.532320e+01 -1.720611e+02 2.000000e+00
      vertex   4.596590e+01 -1.739313e+02 2.000000e+00
      vertex   4.566694e+01 -1.715538e+02 2.000000e+00
    endloop
  endfacet
  facet normal 0.000000e+00 0.000000e+00 1.000000e+00
    outer loop
      vertex   4.566694e+01 -1.715538e+02 2.000000e+00
      vertex   4.596590e+01 -1.739313e+02 2.000000e+00
      vertex   4.662047e+01 -1.733493e+02 2.000000e+00
    endloop
  endfacet
  facet normal -0.000000e+00 0.000000e+00 1.000000e+00
    outer loop
      vertex   4.566694e+01 -1.715538e+02 2.000000e+00
      vertex   4.662047e+01 -1.733493e+02 2.000000e+00
      vertex   4.590043e+01 -1.709872e+02 2.000000e+00
    endloop
  endfacet
  facet normal 0.000000e+00 0.000000e+00 1.000000e+00
    outer loop
      vertex   4.590043e+01 -1.709872e+02 2.000000e+00
      vertex   4.662047e+01 -1.733493e+02 2.000000e+00
      vertex   4.716344e+01 -1.726621e+02 2.000000e+00
    endloop
  endfacet
  facet normal -0.000000e+00 0.000000e+00 1.000000e+00
    outer loop
      vertex   4.590043e+01 -1.709872e+02 2.000000e+00
      vertex   4.716344e+01 -1.726621e+02 2.000000e+00
      vertex   4.601393e+01 -1.703850e+02 2.000000e+00
    endloop
  endfacet
  facet normal 0.000000e+00 0.000000e+00 1.000000e+00
    outer loop
      vertex   4.601393e+01 -1.703850e+02 2.000000e+00
      vertex   4.716344e+01 -1.726621e+02 2.000000e+00
      vertex   4.757816e+01 -1.718906e+02 2.000000e+00
    endloop
  endfacet
  facet normal 0.000000e+00 0.000000e+00 1.000000e+00
    outer loop
      vertex   4.601393e+01 -1.703850e+02 2.000000e+00
      vertex   4.757816e+01 -1.718906e+02 2.000000e+00
      vertex   4.785190e+01 -1.710587e+02 2.000000e+00
    endloop
  endfacet
  facet normal 0.000000e+00 -0.000000e+00 1.000000e+00
    outer loop
      vertex   4.785190e+01 -1.710587e+02 2.000000e+00
      vertex   4.797626e+01 -1.701917e+02 2.000000e+00
      vertex   4.601393e+01 -1.703850e+02 2.000000e+00
    endloop
  endfacet
  facet normal 0.000000e+00 -0.000000e+00 1.000000e+00
    outer loop
      vertex   4.601393e+01 -1.703850e+02 2.000000e+00
      vertex   4.797626e+01 -1.701917e+02 2.000000e+00
      vertex   4.600271e+01 -1.697724e+02 2.000000e+00
    endloop
  endfacet
  facet normal -0.000000e+00 0.000000e+00 1.000000e+00
    outer loop
      vertex   4.600271e+01 -1.697724e+02 2.000000e+00
      vertex   4.797626e+01 -1.701917e+02 2.000000e+00
      vertex   4.794743e+01 -1.693163e+02 2.000000e+00
    endloop
  endfacet
  facet normal 0.000000e+00 -0.000000e+00 1.000000e+00
    outer loop
      vertex   4.600271e+01 -1.697724e+02 2.000000e+00
      vertex   4.794743e+01 -1.693163e+02 2.000000e+00
      vertex   4.495470e+01 -1.611263e+02 2.000000e+00
    endloop
  endfacet
  facet normal -0.000000e+00 0.000000e+00 1.000000e+00
    outer loop
      vertex   4.495470e+01 -1.611263e+02 2.000000e+00
      vertex   4.794743e+01 -1.693163e+02 2.000000e+00
      vertex   4.529574e+01 -1.474398e+02 2.000000e+00
    endloop
  endfacet
  facet normal 0.000000e+00 -0.000000e+00 1.000000e+00
    outer loop
      vertex   4.495470e+01 -1.611263e+02 2.000000e+00
      vertex   4.529574e+01 -1.474398e+02 2.000000e+00
      vertex   4.494052e+01 -1.610684e+02 2.000000e+00
    endloop
  endfacet
  facet normal 0.000000e+00 -0.000000e+00 1.000000e+00
    outer loop
      vertex   4.494052e+01 -1.610684e+02 2.000000e+00
      vertex   4.529574e+01 -1.474398e+02 2.000000e+00
      vertex   4.491303e+01 -1.610155e+02 2.000000e+00
    endloop
  endfacet
  facet normal 0.000000e+00 -0.000000e+00 1.000000e+00
    outer loop
      vertex   4.491303e+01 -1.610155e+02 2.000000e+00
      vertex   4.529574e+01 -1.474398e+02 2.000000e+00
      vertex   4.487379e+01 -1.609706e+02 2.000000e+00
    endloop
  endfacet
  facet normal 0.000000e+00 -0.000000e+00 1.000000e+00
    outer loop
      vertex   4.487379e+01 -1.609706e+02 2.000000e+00
      vertex   4.529574e+01 -1.474398e+02 2.000000e+00
      vertex   4.482503e+01 -1.609362e+02 2.000000e+00
    endloop
  endfacet
  facet normal 0.000000e+00 -0.000000e+00 1.000000e+00
    outer loop
      vertex   4.482503e+01 -1.609362e+02 2.000000e+00
      vertex   4.529574e+01 -1.474398e+02 2.000000e+00
      vertex   4.437204e+01 -1.607263e+02 2.000000e+00
    endloop
  endfacet
  facet normal 0.000000e+00 -0.000000e+00 1.000000e+00
    outer loop
      vertex   4.437204e+01 -1.607263e+02 2.000000e+00
      vertex   4.529574e+01 -1.474398e+02 2.000000e+00
      vertex   4.391484e+01 -1.605830e+02 2.000000e+00
    endloop
  endfacet
  facet normal 0.000000e+00 -0.000000e+00 1.000000e+00
    outer loop
      vertex   4.391484e+01 -1.605830e+02 2.000000e+00
      vertex   4.529574e+01 -1.474398e+02 2.000000e+00
      vertex   4.345310e+01 -1.605079e+02 2.000000e+00
    endloop
  endfacet
  facet normal 0.000000e+00 0.000000e+00 1.000000e+00
    outer loop
      vertex   4.345310e+01 -1.605079e+02 2.000000e+00
      vertex   4.529574e+01 -1.474398e+02 2.000000e+00
      vertex   4.479937e+01 -1.470000e+02 2.000000e+00
    endloop
  endfacet
  facet normal 0.000000e+00 -0.000000e+00 1.000000e+00
    outer loop
      vertex   4.345310e+01 -1.605079e+02 2.000000e+00
      vertex   4.479937e+01 -1.470000e+02 2.000000e+00
      vertex   4.298612e+01 -1.605007e+02 2.000000e+00
    endloop
  endfacet
  facet normal 0.000000e+00 -0.000000e+00 1.000000e+00
    outer loop
      vertex   4.298612e+01 -1.605007e+02 2.000000e+00
      vertex   4.479937e+01 -1.470000e+02 2.000000e+00
      vertex   4.251277e+01 -1.605572e+02 2.000000e+00
    endloop
  endfacet
  facet normal 0.000000e+00 -0.000000e+00 1.000000e+00
    outer loop
      vertex   4.251277e+01 -1.605572e+02 2.000000e+00
      vertex   4.479937e+01 -1.470000e+02 2.000000e+00
      vertex   4.203166e+01 -1.606672e+02 2.000000e+00
    endloop
  endfacet
  facet normal 0.000000e+00 -0.000000e+00 1.000000e+00
    outer loop
      vertex   4.203166e+01 -1.606672e+02 2.000000e+00
      vertex   4.479937e+01 -1.470000e+02 2.000000e+00
      vertex   3.720063e+01 -1.470000e+02 2.000000e+00
    endloop
  endfacet
  facet normal 0.000000e+00 0.000000e+00 1.000000e+00
    outer loop
      vertex   4.203166e+01 -1.606672e+02 2.000000e+00
      vertex   3.720063e+01 -1.470000e+02 2.000000e+00
      vertex   4.104481e+01 -1.609845e+02 2.000000e+00
    endloop
  endfacet
  facet normal 0.000000e+00 0.000000e+00 1.000000e+00
    outer loop
      vertex   4.104481e+01 -1.609845e+02 2.000000e+00
      vertex   3.720063e+01 -1.470000e+02 2.000000e+00
      vertex   4.004646e+01 -1.613070e+02 2.000000e+00
    endloop
  endfacet
  facet normal 0.000000e+00 0.000000e+00 1.000000e+00
    outer loop
      vertex   4.004646e+01 -1.613070e+02 2.000000e+00
      vertex   3.720063e+01 -1.470000e+02 2.000000e+00
      vertex   3.956108e+01 -1.614245e+02 2.000000e+00
    endloop
  endfacet
  facet normal 0.000000e+00 0.000000e+00 1.000000e+00
    outer loop
      vertex   3.956108e+01 -1.614245e+02 2.000000e+00
      vertex   3.720063e+01 -1.470000e+02 2.000000e+00
      vertex   3.909464e+01 -1.614929e+02 2.000000e+00
    endloop
  endfacet
  facet normal 0.000000e+00 0.000000e+00 1.000000e+00
    outer loop
      vertex   3.909464e+01 -1.614929e+02 2.000000e+00
      vertex   3.720063e+01 -1.470000e+02 2.000000e+00
      vertex   3.864920e+01 -1.615028e+02 2.000000e+00
    endloop
  endfacet
  facet normal 0.000000e+00 0.000000e+00 1.000000e+00
    outer loop
      vertex   3.864920e+01 -1.615028e+02 2.000000e+00
      vertex   3.720063e+01 -1.470000e+02 2.000000e+00
      vertex   3.821990e+01 -1.614506e+02 2.000000e+00
    endloop
  endfacet
  facet normal 0.000000e+00 0.000000e+00 1.000000e+00
    outer loop
      vertex   3.821990e+01 -1.614506e+02 2.000000e+00
      vertex   3.720063e+01 -1.470000e+02 2.000000e+00
      vertex   3.779725e+01 -1.613367e+02 2.000000e+00
    endloop
  endfacet
  facet normal 0.000000e+00 0.000000e+00 1.000000e+00
    outer loop
      vertex   3.779725e+01 -1.613367e+02 2.000000e+00
      vertex   3.720063e+01 -1.470000e+02 2.000000e+00
      vertex   3.670426e+01 -1.474398e+02 2.000000e+00
    endloop
  endfacet
  facet normal 0.000000e+00 0.000000e+00 1.000000e+00
    outer loop
      vertex   3.779725e+01 -1.613367e+02 2.000000e+00
      vertex   3.670426e+01 -1.474398e+02 2.000000e+00
      vertex   3.737204e+01 -1.611634e+02 2.000000e+00
    endloop
  endfacet
  facet normal 0.000000e+00 0.000000e+00 1.000000e+00
    outer loop
      vertex   3.737204e+01 -1.611634e+02 2.000000e+00
      vertex   3.670426e+01 -1.474398e+02 2.000000e+00
      vertex   3.731612e+01 -1.611446e+02 2.000000e+00
    endloop
  endfacet
  facet normal 0.000000e+00 0.000000e+00 1.000000e+00
    outer loop
      vertex   3.731612e+01 -1.611446e+02 2.000000e+00
      vertex   3.670426e+01 -1.474398e+02 2.000000e+00
      vertex   3.725736e+01 -1.611395e+02 2.000000e+00
    endloop
  endfacet
  facet normal 0.000000e+00 0.000000e+00 1.000000e+00
    outer loop
      vertex   3.725736e+01 -1.611395e+02 2.000000e+00
      vertex   3.670426e+01 -1.474398e+02 2.000000e+00
      vertex   3.719905e+01 -1.611483e+02 2.000000e+00
    endloop
  endfacet
  facet normal 0.000000e+00 0.000000e+00 1.000000e+00
    outer loop
      vertex   3.719905e+01 -1.611483e+02 2.000000e+00
      vertex   3.670426e+01 -1.474398e+02 2.000000e+00
      vertex   3.714442e+01 -1.611705e+02 2.000000e+00
    endloop
  endfacet
  facet normal 0.000000e+00 0.000000e+00 1.000000e+00
    outer loop
      vertex   3.714442e+01 -1.611705e+02 2.000000e+00
      vertex   3.670426e+01 -1.474398e+02 2.000000e+00
      vertex   3.709651e+01 -1.612049e+02 2.000000e+00
    endloop
  endfacet
  facet normal 0.000000e+00 0.000000e+00 1.000000e+00
    outer loop
      vertex   3.709651e+01 -1.612049e+02 2.000000e+00
      vertex   3.670426e+01 -1.474398e+02 2.000000e+00
      vertex   3.705799e+01 -1.612496e+02 2.000000e+00
    endloop
  endfacet
  facet normal 0.000000e+00 0.000000e+00 1.000000e+00
    outer loop
      vertex   3.705799e+01 -1.612496e+02 2.000000e+00
      vertex   3.670426e+01 -1.474398e+02 2.000000e+00
      vertex   3.703100e+01 -1.613020e+02 2.000000e+00
    endloop
  endfacet
  facet normal 0.000000e+00 0.000000e+00 1.000000e+00
    outer loop
      vertex   3.703100e+01 -1.613020e+02 2.000000e+00
      vertex   3.670426e+01 -1.474398e+02 2.000000e+00
      vertex   3.701705e+01 -1.613593e+02 2.000000e+00
    endloop
  endfacet
  facet normal 0.000000e+00 0.000000e+00 1.000000e+00
    outer loop
      vertex   3.701705e+01 -1.613593e+02 2.000000e+00
      vertex   3.670426e+01 -1.474398e+02 2.000000e+00
      vertex   3.405257e+01 -1.693163e+02 2.000000e+00
    endloop
  endfacet
  facet normal 0.000000e+00 0.000000e+00 1.000000e+00
    outer loop
      vertex   3.701705e+01 -1.613593e+02 2.000000e+00
      vertex   3.405257e+01 -1.693163e+02 2.000000e+00
      vertex   3.599729e+01 -1.697724e+02 2.000000e+00
    endloop
  endfacet
  facet normal 0.000000e+00 0.000000e+00 1.000000e+00
    outer loop
      vertex   3.599729e+01 -1.697724e+02 2.000000e+00
      vertex   3.405257e+01 -1.693163e+02 2.000000e+00
      vertex   3.402374e+01 -1.701917e+02 2.000000e+00
    endloop
  endfacet
  facet normal 0.000000e+00 0.000000e+00 1.000000e+00
    outer loop
      vertex   3.599729e+01 -1.697724e+02 2.000000e+00
      vertex   3.402374e+01 -1.701917e+02 2.000000e+00
      vertex   3.598607e+01 -1.703850e+02 2.000000e+00
    endloop
  endfacet
  facet normal 0.000000e+00 0.000000e+00 1.000000e+00
    outer loop
      vertex   3.598607e+01 -1.703850e+02 2.000000e+00
      vertex   3.402374e+01 -1.701917e+02 2.000000e+00
      vertex   3.414810e+01 -1.710587e+02 2.000000e+00
    endloop
  endfacet
  facet normal 0.000000e+00 0.000000e+00 1.000000e+00
    outer loop
      vertex   3.598607e+01 -1.703850e+02 2.000000e+00
      vertex   3.414810e+01 -1.710587e+02 2.000000e+00
      vertex   3.442184e+01 -1.718906e+02 2.000000e+00
    endloop
  endfacet
  facet normal 0.000000e+00 0.000000e+00 1.000000e+00
    outer loop
      vertex   4.526691e+01 -1.473228e+02 2.000000e+00
      vertex   4.521090e+01 -1.472160e+02 2.000000e+00
      vertex   4.529574e+01 -1.474398e+02 2.000000e+00
    endloop
  endfacet
  facet normal 0.000000e+00 0.000000e+00 1.000000e+00
    outer loop
      vertex   4.529574e+01 -1.474398e+02 2.000000e+00
      vertex   4.521090e+01 -1.472160e+02 2.000000e+00
      vertex   4.513097e+01 -1.471258e+02 2.000000e+00
    endloop
  endfacet
  facet normal 0.000000e+00 0.000000e+00 1.000000e+00
    outer loop
      vertex   4.529574e+01 -1.474398e+02 2.000000e+00
      vertex   4.513097e+01 -1.471258e+02 2.000000e+00
      vertex   4.503176e+01 -1.470573e+02 2.000000e+00
    endloop
  endfacet
  facet normal 0.000000e+00 0.000000e+00 1.000000e+00
    outer loop
      vertex   4.503176e+01 -1.470573e+02 2.000000e+00
      vertex   4.491905e+01 -1.470145e+02 2.000000e+00
      vertex   4.529574e+01 -1.474398e+02 2.000000e+00
    endloop
  endfacet
  facet normal 0.000000e+00 0.000000e+00 1.000000e+00
    outer loop
      vertex   4.529574e+01 -1.474398e+02 2.000000e+00
      vertex   4.491905e+01 -1.470145e+02 2.000000e+00
      vertex   4.479937e+01 -1.470000e+02 2.000000e+00
    endloop
  endfacet
  facet normal 0.000000e+00 0.000000e+00 1.000000e+00
    outer loop
      vertex   3.720063e+01 -1.470000e+02 2.000000e+00
      vertex   3.708096e+01 -1.470145e+02 2.000000e+00
      vertex   3.670426e+01 -1.474398e+02 2.000000e+00
    endloop
  endfacet
  facet normal 0.000000e+00 0.000000e+00 1.000000e+00
    outer loop
      vertex   3.670426e+01 -1.474398e+02 2.000000e+00
      vertex   3.708096e+01 -1.470145e+02 2.000000e+00
      vertex   3.696824e+01 -1.470573e+02 2.000000e+00
    endloop
  endfacet
  facet normal 0.000000e+00 0.000000e+00 1.000000e+00
    outer loop
      vertex   3.670426e+01 -1.474398e+02 2.000000e+00
      vertex   3.696824e+01 -1.470573e+02 2.000000e+00
      vertex   3.686903e+01 -1.471258e+02 2.000000e+00
    endloop
  endfacet
  facet normal 0.000000e+00 0.000000e+00 1.000000e+00
    outer loop
      vertex   3.686903e+01 -1.471258e+02 2.000000e+00
      vertex   3.678910e+01 -1.472160e+02 2.000000e+00
      vertex   3.670426e+01 -1.474398e+02 2.000000e+00
    endloop
  endfacet
  facet normal 0.000000e+00 0.000000e+00 1.000000e+00
    outer loop
      vertex   3.670426e+01 -1.474398e+02 2.000000e+00
      vertex   3.678910e+01 -1.472160e+02 2.000000e+00
      vertex   3.673309e+01 -1.473228e+02 2.000000e+00
    endloop
  endfacet
  facet normal -0.000000e+00 0.000000e+00 1.000000e+00
    outer loop
      vertex   3.442184e+01 -1.718906e+02 2.000000e+00
      vertex   3.483656e+01 -1.726621e+02 2.000000e+00
      vertex   3.598607e+01 -1.703850e+02 2.000000e+00
    endloop
  endfacet
  facet normal 0.000000e+00 0.000000e+00 1.000000e+00
    outer loop
      vertex   3.598607e+01 -1.703850e+02 2.000000e+00
      vertex   3.483656e+01 -1.726621e+02 2.000000e+00
      vertex   3.609957e+01 -1.709872e+02 2.000000e+00
    endloop
  endfacet
  facet normal 0.000000e+00 0.000000e+00 1.000000e+00
    outer loop
      vertex   3.609957e+01 -1.709872e+02 2.000000e+00
      vertex   3.483656e+01 -1.726621e+02 2.000000e+00
      vertex   3.537953e+01 -1.733493e+02 2.000000e+00
    endloop
  endfacet
  facet normal 0.000000e+00 0.000000e+00 1.000000e+00
    outer loop
      vertex   3.609957e+01 -1.709872e+02 2.000000e+00
      vertex   3.537953e+01 -1.733493e+02 2.000000e+00
      vertex   3.633306e+01 -1.715538e+02 2.000000e+00
    endloop
  endfacet
  facet normal 0.000000e+00 0.000000e+00 1.000000e+00
    outer loop
      vertex   3.633306e+01 -1.715538e+02 2.000000e+00
      vertex   3.537953e+01 -1.733493e+02 2.000000e+00
      vertex   3.603410e+01 -1.739313e+02 2.000000e+00
    endloop
  endfacet
  facet normal 0.000000e+00 0.000000e+00 1.000000e+00
    outer loop
      vertex   3.633306e+01 -1.715538e+02 2.000000e+00
      vertex   3.603410e+01 -1.739313e+02 2.000000e+00
      vertex   3.667681e+01 -1.720611e+02 2.000000e+00
    endloop
  endfacet
  facet normal 0.000000e+00 0.000000e+00 1.000000e+00
    outer loop
      vertex   3.667681e+01 -1.720611e+02 2.000000e+00
      vertex   3.603410e+01 -1.739313e+02 2.000000e+00
      vertex   3.678017e+01 -1.743901e+02 2.000000e+00
    endloop
  endfacet
  facet normal 0.000000e+00 0.000000e+00 1.000000e+00
    outer loop
      vertex   3.667681e+01 -1.720611e+02 2.000000e+00
      vertex   3.678017e+01 -1.743901e+02 2.000000e+00
      vertex   3.711645e+01 -1.724879e+02 2.000000e+00
    endloop
  endfacet
  facet normal 0.000000e+00 0.000000e+00 1.000000e+00
    outer loop
      vertex   3.711645e+01 -1.724879e+02 2.000000e+00
      vertex   3.678017e+01 -1.743901e+02 2.000000e+00
      vertex   3.763366e+01 -1.728165e+02 2.000000e+00
    endloop
  endfacet
  facet normal 0.000000e+00 0.000000e+00 1.000000e+00
    outer loop
      vertex   3.763366e+01 -1.728165e+02 2.000000e+00
      vertex   3.678017e+01 -1.743901e+02 2.000000e+00
      vertex   4.010516e+01 -1.760535e+02 2.000000e+00
    endloop
  endfacet
  facet normal 0.000000e+00 0.000000e+00 1.000000e+00
    outer loop
      vertex   3.763366e+01 -1.728165e+02 2.000000e+00
      vertex   4.010516e+01 -1.760535e+02 2.000000e+00
      vertex   4.055272e+01 -1.742763e+02 2.000000e+00
    endloop
  endfacet
  facet normal 0.000000e+00 0.000000e+00 1.000000e+00
    outer loop
      vertex   4.055272e+01 -1.742763e+02 2.000000e+00
      vertex   4.010516e+01 -1.760535e+02 2.000000e+00
      vertex   4.054027e+01 -1.762113e+02 2.000000e+00
    endloop
  endfacet
  facet normal 0.000000e+00 0.000000e+00 1.000000e+00
    outer loop
      vertex   4.055272e+01 -1.742763e+02 2.000000e+00
      vertex   4.054027e+01 -1.762113e+02 2.000000e+00
      vertex   4.077021e+01 -1.743552e+02 2.000000e+00
    endloop
  endfacet
  facet normal 0.000000e+00 0.000000e+00 1.000000e+00
    outer loop
      vertex   4.077021e+01 -1.743552e+02 2.000000e+00
      vertex   4.054027e+01 -1.762113e+02 2.000000e+00
      vertex   4.100000e+01 -1.762649e+02 2.000000e+00
    endloop
  endfacet
  facet normal 0.000000e+00 1.000000e+00 -0.000000e+00
    outer loop
      vertex   9.000000e+01 -1.250000e+02 0.000000e+00
      vertex   1.000000e+01 -1.250000e+02 0.000000e+00
      vertex   9.000000e+01 -1.250000e+02 2.000000e+00
    endloop
  endfacet
  facet normal 0.000000e+00 1.000000e+00 0.000000e+00
    outer loop
      vertex   9.000000e+01 -1.250000e+02 2.000000e+00
      vertex   1.000000e+01 -1.250000e+02 0.000000e+00
      vertex   1.000000e+01 -1.250000e+02 2.000000e+00
    endloop
  endfacet
  facet normal 9.978589e-01 6.540313e-02 0.000000e+00
    outer loop
      vertex   1.000000e+02 -1.350000e+02 2.000000e+00
      vertex   1.000000e+02 -1.350000e+02 0.000000e+00
      vertex   9.991445e+01 -1.336947e+02 2.000000e+00
    endloop
  endfacet
  facet normal 9.978589e-01 6.540313e-02 0.000000e+00
    outer loop
      vertex   9.991445e+01 -1.336947e+02 2.000000e+00
      vertex   1.000000e+02 -1.350000e+02 0.000000e+00
      vertex   9.991445e+01 -1.336947e+02 0.000000e+00
    endloop
  endfacet
  facet normal 9.807853e-01 1.950903e-01 0.000000e+00
    outer loop
      vertex   9.991445e+01 -1.336947e+02 2.000000e+00
      vertex   9.991445e+01 -1.336947e+02 0.000000e+00
      vertex   9.965926e+01 -1.324118e+02 2.000000e+00
    endloop
  endfacet
  facet normal 9.807853e-01 1.950903e-01 0.000000e+00
    outer loop
      vertex   9.965926e+01 -1.324118e+02 2.000000e+00
      vertex   9.991445e+01 -1.336947e+02 0.000000e+00
      vertex   9.965926e+01 -1.324118e+02 0.000000e+00
    endloop
  endfacet
  facet normal 9.469301e-01 3.214395e-01 0.000000e+00
    outer loop
      vertex   9.965926e+01 -1.324118e+02 2.000000e+00
      vertex   9.965926e+01 -1.324118e+02 0.000000e+00
      vertex   9.923880e+01 -1.311732e+02 2.000000e+00
    endloop
  endfacet
  facet normal 9.469301e-01 3.214395e-01 0.000000e+00
    outer loop
      vertex   9.923880e+01 -1.311732e+02 2.000000e+00
      vertex   9.965926e+01 -1.324118e+02 0.000000e+00
      vertex   9.923880e+01 -1.311732e+02 0.000000e+00
    endloop
  endfacet
  facet normal 8.968727e-01 4.422887e-01 0.000000e+00
    outer loop
      vertex   9.923880e+01 -1.311732e+02 2.000000e+00
      vertex   9.923880e+01 -1.311732e+02 0.000000e+00
      vertex   9.866025e+01 -1.300000e+02 2.000000e+00
    endloop
  endfacet
  facet normal 8.968727e-01 4.422887e-01 0.000000e+00
    outer loop
      vertex   9.866025e+01 -1.300000e+02 2.000000e+00
      vertex   9.923880e+01 -1.311732e+02 0.000000e+00
      vertex   9.866025e+01 -1.300000e+02 0.000000e+00
    endloop
  endfacet
  facet normal 8.314696e-01 5.555702e-01 0.000000e+00
    outer loop
      vertex   9.866025e+01 -1.300000e+02 2.000000e+00
      vertex   9.866025e+01 -1.300000e+02 0.000000e+00
      vertex   9.793353e+01 -1.289124e+02 2.000000e+00
    endloop
  endfacet
  facet normal 8.314696e-01 5.555702e-01 0.000000e+00
    outer loop
      vertex   9.793353e+01 -1.289124e+02 2.000000e+00
      vertex   9.866025e+01 -1.300000e+02 0.000000e+00
      vertex   9.793353e+01 -1.289124e+02 0.000000e+00
    endloop
  endfacet
  facet normal 7.518398e-01 6.593458e-01 0.000000e+00
    outer loop
      vertex   9.793353e+01 -1.289124e+02 2.000000e+00
      vertex   9.793353e+01 -1.289124e+02 0.000000e+00
      vertex   9.707107e+01 -1.279289e+02 2.000000e+00
    endloop
  endfacet
  facet normal 7.518398e-01 6.593458e-01 0.000000e+00
    outer loop
      vertex   9.707107e+01 -1.279289e+02 2.000000e+00
      vertex   9.793353e+01 -1.289124e+02 0.000000e+00
      vertex   9.707107e+01 -1.279289e+02 0.000000e+00
    endloop
  endfacet
  facet normal 6.593458e-01 7.518398e-01 0.000000e+00
    outer loop
      vertex   9.707107e+01 -1.279289e+02 2.000000e+00
      vertex   9.707107e+01 -1.279289e+02 0.000000e+00
      vertex   9.608761e+01 -1.270665e+02 2.000000e+00
    endloop
  endfacet
  facet normal 6.593458e-01 7.518398e-01 0.000000e+00
    outer loop
      vertex   9.608761e+01 -1.270665e+02 2.000000e+00
      vertex   9.707107e+01 -1.279289e+02 0.000000e+00
      vertex   9.608761e+01 -1.270665e+02 0.000000e+00
    endloop
  endfacet
  facet normal 5.555702e-01 8.314696e-01 0.000000e+00
    outer loop
      vertex   9.608761e+01 -1.270665e+02 2.000000e+00
      vertex   9.608761e+01 -1.270665e+02 0.000000e+00
      vertex   9.500000e+01 -1.263397e+02 2.000000e+00
    endloop
  endfacet
  facet normal 5.555702e-01 8.314696e-01 0.000000e+00
    outer loop
      vertex   9.500000e+01 -1.263397e+02 2.000000e+00
      vertex   9.608761e+01 -1.270665e+02 0.000000e+00
      vertex   9.500000e+01 -1.263397e+02 0.000000e+00
    endloop
  endfacet
  facet normal 4.422887e-01 8.968727e-01 0.000000e+00
    outer loop
      vertex   9.500000e+01 -1.263397e+02 2.000000e+00
      vertex   9.500000e+01 -1.263397e+02 0.000000e+00
      vertex   9.382683e+01 -1.257612e+02 2.000000e+00
    endloop
  endfacet
  facet normal 4.422887e-01 8.968727e-01 0.000000e+00
    outer loop
      vertex   9.382683e+01 -1.257612e+02 2.000000e+00
      vertex   9.500000e+01 -1.263397e+02 0.000000e+00
      vertex   9.382683e+01 -1.257612e+02 0.000000e+00
    endloop
  endfacet
  facet normal 3.214395e-01 9.469301e-01 0.000000e+00
    outer loop
      vertex   9.382683e+01 -1.257612e+02 2.000000e+00
      vertex   9.382683e+01 -1.257612e+02 0.000000e+00
      vertex   9.258819e+01 -1.253407e+02 2.000000e+00
    endloop
  endfacet
  facet normal 3.214395e-01 9.469301e-01 0.000000e+00
    outer loop
      vertex   9.258819e+01 -1.253407e+02 2.000000e+00
      vertex   9.382683e+01 -1.257612e+02 0.000000e+00
      vertex   9.258819e+01 -1.253407e+02 0.000000e+00
    endloop
  endfacet
  facet normal 1.950903e-01 9.807853e-01 0.000000e+00
    outer loop
      vertex   9.258819e+01 -1.253407e+02 2.000000e+00
      vertex   9.258819e+01 -1.253407e+02 0.000000e+00
      vertex   9.130526e+01 -1.250856e+02 2.000000e+00
    endloop
  endfacet
  facet normal 1.950903e-01 9.807853e-01 0.000000e+00
    outer loop
      vertex   9.130526e+01 -1.250856e+02 2.000000e+00
      vertex   9.258819e+01 -1.253407e+02 0.000000e+00
      vertex   9.130526e+01 -1.250856e+02 0.000000e+00
    endloop
  endfacet
  facet normal 6.540313e-02 9.978589e-01 0.000000e+00
    outer loop
      vertex   9.130526e+01 -1.250856e+02 2.000000e+00
      vertex   9.130526e+01 -1.250856e+02 0.000000e+00
      vertex   9.000000e+01 -1.250000e+02 2.000000e+00
    endloop
  endfacet
  facet normal 6.540313e-02 9.978589e-01 0.000000e+00
    outer loop
      vertex   9.000000e+01 -1.250000e+02 2.000000e+00
      vertex   9.130526e+01 -1.250856e+02 0.000000e+00
      vertex   9.000000e+01 -1.250000e+02 0.000000e+00
    endloop
  endfacet
  facet normal 1.000000e+00 0.000000e+00 0.000000e+00
    outer loop
      vertex   1.000000e+02 -2.150000e+02 0.000000e+00
      vertex   1.000000e+02 -1.350000e+02 0.000000e+00
      vertex   1.000000e+02 -2.150000e+02 2.000000e+00
    endloop
  endfacet
  facet normal 1.000000e+00 -0.000000e+00 0.000000e+00
    outer loop
      vertex   1.000000e+02 -2.150000e+02 2.000000e+00
      vertex   1.000000e+02 -1.350000e+02 0.000000e+00
      vertex   1.000000e+02 -1.350000e+02 2.000000e+00
    endloop
  endfacet
  facet normal 6.540313e-02 -9.978589e-01 0.000000e+00
    outer loop
      vertex   9.000000e+01 -2.250000e+02 2.000000e+00
      vertex   9.000000e+01 -2.250000e+02 0.000000e+00
      vertex   9.130526e+01 -2.249144e+02 2.000000e+00
    endloop
  endfacet
  facet normal 6.540313e-02 -9.978589e-01 0.000000e+00
    outer loop
      vertex   9.130526e+01 -2.249144e+02 2.000000e+00
      vertex   9.000000e+01 -2.250000e+02 0.000000e+00
      vertex   9.130526e+01 -2.249144e+02 0.000000e+00
    endloop
  endfacet
  facet normal 1.950903e-01 -9.807853e-01 0.000000e+00
    outer loop
      vertex   9.130526e+01 -2.249144e+02 2.000000e+00
      vertex   9.130526e+01 -2.249144e+02 0.000000e+00
      vertex   9.258819e+01 -2.246593e+02 2.000000e+00
    endloop
  endfacet
  facet normal 1.950903e-01 -9.807853e-01 0.000000e+00
    outer loop
      vertex   9.258819e+01 -2.246593e+02 2.000000e+00
      vertex   9.130526e+01 -2.249144e+02 0.000000e+00
      vertex   9.258819e+01 -2.246593e+02 0.000000e+00
    endloop
  endfacet
  facet normal 3.214395e-01 -9.469301e-01 0.000000e+00
    outer loop
      vertex   9.258819e+01 -2.246593e+02 2.000000e+00
      vertex   9.258819e+01 -2.246593e+02 0.000000e+00
      vertex   9.382683e+01 -2.242388e+02 2.000000e+00
    endloop
  endfacet
  facet normal 3.214395e-01 -9.469301e-01 0.000000e+00
    outer loop
      vertex   9.382683e+01 -2.242388e+02 2.000000e+00
      vertex   9.258819e+01 -2.246593e+02 0.000000e+00
      vertex   9.382683e+01 -2.242388e+02 0.000000e+00
    endloop
  endfacet
  facet normal 4.422887e-01 -8.968727e-01 0.000000e+00
    outer loop
      vertex   9.382683e+01 -2.242388e+02 2.000000e+00
      vertex   9.382683e+01 -2.242388e+02 0.000000e+00
      vertex   9.500000e+01 -2.236603e+02 2.000000e+00
    endloop
  endfacet
  facet normal 4.422887e-01 -8.968727e-01 0.000000e+00
    outer loop
      vertex   9.500000e+01 -2.236603e+02 2.000000e+00
      vertex   9.382683e+01 -2.242388e+02 0.000000e+00
      vertex   9.500000e+01 -2.236603e+02 0.000000e+00
    endloop
  endfacet
  facet normal 5.555702e-01 -8.314696e-01 0.000000e+00
    outer loop
      vertex   9.500000e+01 -2.236603e+02 2.000000e+00
      vertex   9.500000e+01 -2.236603e+02 0.000000e+00
      vertex   9.608761e+01 -2.229335e+02 2.000000e+00
    endloop
  endfacet
  facet normal 5.555702e-01 -8.314696e-01 0.000000e+00
    outer loop
      vertex   9.608761e+01 -2.229335e+02 2.000000e+00
      vertex   9.500000e+01 -2.236603e+02 0.000000e+00
      vertex   9.608761e+01 -2.229335e+02 0.000000e+00
    endloop
  endfacet
  facet normal 6.593458e-01 -7.518398e-01 0.000000e+00
    outer loop
      vertex   9.608761e+01 -2.229335e+02 2.000000e+00
      vertex   9.608761e+01 -2.229335e+02 0.000000e+00
      vertex   9.707107e+01 -2.220711e+02 2.000000e+00
    endloop
  endfacet
  facet normal 6.593458e-01 -7.518398e-01 0.000000e+00
    outer loop
      vertex   9.707107e+01 -2.220711e+02 2.000000e+00
      vertex   9.608761e+01 -2.229335e+02 0.000000e+00
      vertex   9.707107e+01 -2.220711e+02 0.000000e+00
    endloop
  endfacet
  facet normal 7.518398e-01 -6.593458e-01 0.000000e+00
    outer loop
      vertex   9.707107e+01 -2.220711e+02 2.000000e+00
      vertex   9.707107e+01 -2.220711e+02 0.000000e+00
      vertex   9.793353e+01 -2.210876e+02 2.000000e+00
    endloop
  endfacet
  facet normal 7.518398e-01 -6.593458e-01 0.000000e+00
    outer loop
      vertex   9.793353e+01 -2.210876e+02 2.000000e+00
      vertex   9.707107e+01 -2.220711e+02 0.000000e+00
      vertex   9.793353e+01 -2.210876e+02 0.000000e+00
    endloop
  endfacet
  facet normal 8.314696e-01 -5.555702e-01 0.000000e+00
    outer loop
      vertex   9.793353e+01 -2.210876e+02 2.000000e+00
      vertex   9.793353e+01 -2.210876e+02 0.000000e+00
      vertex   9.866025e+01 -2.200000e+02 2.000000e+00
    endloop
  endfacet
  facet normal 8.314696e-01 -5.555702e-01 0.000000e+00
    outer loop
      vertex   9.866025e+01 -2.200000e+02 2.000000e+00
      vertex   9.793353e+01 -2.210876e+02 0.000000e+00
      vertex   9.866025e+01 -2.200000e+02 0.000000e+00
    endloop
  endfacet
  facet normal 8.968727e-01 -4.422887e-01 0.000000e+00
    outer loop
      vertex   9.866025e+01 -2.200000e+02 2.000000e+00
      vertex   9.866025e+01 -2.200000e+02 0.000000e+00
      vertex   9.923880e+01 -2.188268e+02 2.000000e+00
    endloop
  endfacet
  facet normal 8.968727e-01 -4.422887e-01 0.000000e+00
    outer loop
      vertex   9.923880e+01 -2.188268e+02 2.000000e+00
      vertex   9.866025e+01 -2.200000e+02 0.000000e+00
      vertex   9.923880e+01 -2.188268e+02 0.000000e+00
    endloop
  endfacet
  facet normal 9.469301e-01 -3.214395e-01 0.000000e+00
    outer loop
      vertex   9.923880e+01 -2.188268e+02 2.000000e+00
      vertex   9.923880e+01 -2.188268e+02 0.000000e+00
      vertex   9.965926e+01 -2.175882e+02 2.000000e+00
    endloop
  endfacet
  facet normal 9.469301e-01 -3.214395e-01 0.000000e+00
    outer loop
      vertex   9.965926e+01 -2.175882e+02 2.000000e+00
      vertex   9.923880e+01 -2.188268e+02 0.000000e+00
      vertex   9.965926e+01 -2.175882e+02 0.000000e+00
    endloop
  endfacet
  facet normal 9.807853e-01 -1.950903e-01 0.000000e+00
    outer loop
      vertex   9.965926e+01 -2.175882e+02 2.000000e+00
      vertex   9.965926e+01 -2.175882e+02 0.000000e+00
      vertex   9.991445e+01 -2.163053e+02 2.000000e+00
    endloop
  endfacet
  facet normal 9.807853e-01 -1.950903e-01 0.000000e+00
    outer loop
      vertex   9.991445e+01 -2.163053e+02 2.000000e+00
      vertex   9.965926e+01 -2.175882e+02 0.000000e+00
      vertex   9.991445e+01 -2.163053e+02 0.000000e+00
    endloop
  endfacet
  facet normal 9.978589e-01 -6.540313e-02 0.000000e+00
    outer loop
      vertex   9.991445e+01 -2.163053e+02 2.000000e+00
      vertex   9.991445e+01 -2.163053e+02 0.000000e+00
      vertex   1.000000e+02 -2.150000e+02 2.000000e+00
    endloop
  endfacet
  facet normal 9.978589e-01 -6.540313e-02 0.000000e+00
    outer loop
      vertex   1.000000e+02 -2.150000e+02 2.000000e+00
      vertex   9.991445e+01 -2.163053e+02 0.000000e+00
      vertex   1.000000e+02 -2.150000e+02 0.000000e+00
    endloop
  endfacet
  facet normal 0.000000e+00 -1.000000e+00 0.000000e+00
    outer loop
      vertex   1.000000e+01 -2.250000e+02 0.000000e+00
      vertex   9.000000e+01 -2.250000e+02 0.000000e+00
      vertex   1.000000e+01 -2.250000e+02 2.000000e+00
    endloop
  endfacet
  facet normal 0.000000e+00 -1.000000e+00 0.000000e+00
    outer loop
      vertex   1.000000e+01 -2.250000e+02 2.000000e+00
      vertex   9.000000e+01 -2.250000e+02 0.000000e+00
      vertex   9.000000e+01 -2.250000e+02 2.000000e+00
    endloop
  endfacet
  facet normal -9.978589e-01 -6.540313e-02 5.539230e-16
    outer loop
      vertex   -6.661338e-15 -2.150000e+02 2.000000e+00
      vertex   -7.771561e-15 -2.150000e+02 0.000000e+00
      vertex   8.555139e-02 -2.163053e+02 2.000000e+00
    endloop
  endfacet
  facet normal -9.978589e-01 -6.540313e-02 -0.000000e+00
    outer loop
      vertex   8.555139e-02 -2.163053e+02 2.000000e+00
      vertex   -7.771561e-15 -2.150000e+02 0.000000e+00
      vertex   8.555139e-02 -2.163053e+02 0.000000e+00
    endloop
  endfacet
  facet normal -9.807853e-01 -1.950903e-01 -0.000000e+00
    outer loop
      vertex   8.555139e-02 -2.163053e+02 2.000000e+00
      vertex   8.555139e-02 -2.163053e+02 0.000000e+00
      vertex   3.407417e-01 -2.175882e+02 2.000000e+00
    endloop
  endfacet
  facet normal -9.807853e-01 -1.950903e-01 -0.000000e+00
    outer loop
      vertex   3.407417e-01 -2.175882e+02 2.000000e+00
      vertex   8.555139e-02 -2.163053e+02 0.000000e+00
      vertex   3.407417e-01 -2.175882e+02 0.000000e+00
    endloop
  endfacet
  facet normal -9.469301e-01 -3.214395e-01 -0.000000e+00
    outer loop
      vertex   3.407417e-01 -2.175882e+02 2.000000e+00
      vertex   3.407417e-01 -2.175882e+02 0.000000e+00
      vertex   7.612047e-01 -2.188268e+02 2.000000e+00
    endloop
  endfacet
  facet normal -9.469301e-01 -3.214395e-01 -0.000000e+00
    outer loop
      vertex   7.612047e-01 -2.188268e+02 2.000000e+00
      vertex   3.407417e-01 -2.175882e+02 0.000000e+00
      vertex   7.612047e-01 -2.188268e+02 0.000000e+00
    endloop
  endfacet
  facet normal -8.968727e-01 -4.422887e-01 -0.000000e+00
    outer loop
      vertex   7.612047e-01 -2.188268e+02 2.000000e+00
      vertex   7.612047e-01 -2.188268e+02 0.000000e+00
      vertex   1.339746e+00 -2.200000e+02 2.000000e+00
    endloop
  endfacet
  facet normal -8.968727e-01 -4.422887e-01 -0.000000e+00
    outer loop
      vertex   1.339746e+00 -2.200000e+02 2.000000e+00
      vertex   7.612047e-01 -2.188268e+02 0.000000e+00
      vertex   1.339746e+00 -2.200000e+02 0.000000e+00
    endloop
  endfacet
  facet normal -8.314696e-01 -5.555702e-01 -0.000000e+00
    outer loop
      vertex   1.339746e+00 -2.200000e+02 2.000000e+00
      vertex   1.339746e+00 -2.200000e+02 0.000000e+00
      vertex   2.066467e+00 -2.210876e+02 2.000000e+00
    endloop
  endfacet
  facet normal -8.314696e-01 -5.555702e-01 -0.000000e+00
    outer loop
      vertex   2.066467e+00 -2.210876e+02 2.000000e+00
      vertex   1.339746e+00 -2.200000e+02 0.000000e+00
      vertex   2.066467e+00 -2.210876e+02 0.000000e+00
    endloop
  endfacet
  facet normal -7.518398e-01 -6.593458e-01 -0.000000e+00
    outer loop
      vertex   2.066467e+00 -2.210876e+02 2.000000e+00
      vertex   2.066467e+00 -2.210876e+02 0.000000e+00
      vertex   2.928932e+00 -2.220711e+02 2.000000e+00
    endloop
  endfacet
  facet normal -7.518398e-01 -6.593458e-01 -0.000000e+00
    outer loop
      vertex   2.928932e+00 -2.220711e+02 2.000000e+00
      vertex   2.066467e+00 -2.210876e+02 0.000000e+00
      vertex   2.928932e+00 -2.220711e+02 0.000000e+00
    endloop
  endfacet
  facet normal -6.593458e-01 -7.518398e-01 -0.000000e+00
    outer loop
      vertex   2.928932e+00 -2.220711e+02 2.000000e+00
      vertex   2.928932e+00 -2.220711e+02 0.000000e+00
      vertex   3.912386e+00 -2.229335e+02 2.000000e+00
    endloop
  endfacet
  facet normal -6.593458e-01 -7.518398e-01 -0.000000e+00
    outer loop
      vertex   3.912386e+00 -2.229335e+02 2.000000e+00
      vertex   2.928932e+00 -2.220711e+02 0.000000e+00
      vertex   3.912386e+00 -2.229335e+02 0.000000e+00
    endloop
  endfacet
  facet normal -5.555702e-01 -8.314696e-01 -0.000000e+00
    outer loop
      vertex   3.912386e+00 -2.229335e+02 2.000000e+00
      vertex   3.912386e+00 -2.229335e+02 0.000000e+00
      vertex   5.000000e+00 -2.236603e+02 2.000000e+00
    endloop
  endfacet
  facet normal -5.555702e-01 -8.314696e-01 -0.000000e+00
    outer loop
      vertex   5.000000e+00 -2.236603e+02 2.000000e+00
      vertex   3.912386e+00 -2.229335e+02 0.000000e+00
      vertex   5.000000e+00 -2.236603e+02 0.000000e+00
    endloop
  endfacet
  facet normal -4.422887e-01 -8.968727e-01 -0.000000e+00
    outer loop
      vertex   5.000000e+00 -2.236603e+02 2.000000e+00
      vertex   5.000000e+00 -2.236603e+02 0.000000e+00
      vertex   6.173166e+00 -2.242388e+02 2.000000e+00
    endloop
  endfacet
  facet normal -4.422887e-01 -8.968727e-01 -0.000000e+00
    outer loop
      vertex   6.173166e+00 -2.242388e+02 2.000000e+00
      vertex   5.000000e+00 -2.236603e+02 0.000000e+00
      vertex   6.173166e+00 -2.242388e+02 0.000000e+00
    endloop
  endfacet
  facet normal -3.214395e-01 -9.469301e-01 -0.000000e+00
    outer loop
      vertex   6.173166e+00 -2.242388e+02 2.000000e+00
      vertex   6.173166e+00 -2.242388e+02 0.000000e+00
      vertex   7.411810e+00 -2.246593e+02 2.000000e+00
    endloop
  endfacet
  facet normal -3.214395e-01 -9.469301e-01 -0.000000e+00
    outer loop
      vertex   7.411810e+00 -2.246593e+02 2.000000e+00
      vertex   6.173166e+00 -2.242388e+02 0.000000e+00
      vertex   7.411810e+00 -2.246593e+02 0.000000e+00
    endloop
  endfacet
  facet normal -1.950903e-01 -9.807853e-01 -0.000000e+00
    outer loop
      vertex   7.411810e+00 -2.246593e+02 2.000000e+00
      vertex   7.411810e+00 -2.246593e+02 0.000000e+00
      vertex   8.694738e+00 -2.249144e+02 2.000000e+00
    endloop
  endfacet
  facet normal -1.950903e-01 -9.807853e-01 -0.000000e+00
    outer loop
      vertex   8.694738e+00 -2.249144e+02 2.000000e+00
      vertex   7.411810e+00 -2.246593e+02 0.000000e+00
      vertex   8.694738e+00 -2.249144e+02 0.000000e+00
    endloop
  endfacet
  facet normal -6.540313e-02 -9.978589e-01 -0.000000e+00
    outer loop
      vertex   8.694738e+00 -2.249144e+02 2.000000e+00
      vertex   8.694738e+00 -2.249144e+02 0.000000e+00
      vertex   1.000000e+01 -2.250000e+02 2.000000e+00
    endloop
  endfacet
  facet normal -6.540313e-02 -9.978589e-01 -0.000000e+00
    outer loop
      vertex   1.000000e+01 -2.250000e+02 2.000000e+00
      vertex   8.694738e+00 -2.249144e+02 0.000000e+00
      vertex   1.000000e+01 -2.250000e+02 0.000000e+00
    endloop
  endfacet
  facet normal -1.000000e+00 9.714451e-17 0.000000e+00
    outer loop
      vertex   0.000000e+00 -1.350000e+02 0.000000e+00
      vertex   -7.771561e-15 -2.150000e+02 0.000000e+00
      vertex   0.000000e+00 -1.350000e+02 2.000000e+00
    endloop
  endfacet
  facet normal -1.000000e+00 8.326673e-17 5.551115e-16
    outer loop
      vertex   0.000000e+00 -1.350000e+02 2.000000e+00
      vertex   -7.771561e-15 -2.150000e+02 0.000000e+00
      vertex   -6.661338e-15 -2.150000e+02 2.000000e+00
    endloop
  endfacet
  facet normal -6.540313e-02 9.978589e-01 0.000000e+00
    outer loop
      vertex   1.000000e+01 -1.250000e+02 2.000000e+00
      vertex   1.000000e+01 -1.250000e+02 0.000000e+00
      vertex   8.694738e+00 -1.250856e+02 2.000000e+00
    endloop
  endfacet
  facet normal -6.540313e-02 9.978589e-01 0.000000e+00
    outer loop
      vertex   8.694738e+00 -1.250856e+02 2.000000e+00
      vertex   1.000000e+01 -1.250000e+02 0.000000e+00
      vertex   8.694738e+00 -1.250856e+02 0.000000e+00
    endloop
  endfacet
  facet normal -1.950903e-01 9.807853e-01 0.000000e+00
    outer loop
      vertex   8.694738e+00 -1.250856e+02 2.000000e+00
      vertex   8.694738e+00 -1.250856e+02 0.000000e+00
      vertex   7.411810e+00 -1.253407e+02 2.000000e+00
    endloop
  endfacet
  facet normal -1.950903e-01 9.807853e-01 0.000000e+00
    outer loop
      vertex   7.411810e+00 -1.253407e+02 2.000000e+00
      vertex   8.694738e+00 -1.250856e+02 0.000000e+00
      vertex   7.411810e+00 -1.253407e+02 0.000000e+00
    endloop
  endfacet
  facet normal -3.214395e-01 9.469301e-01 0.000000e+00
    outer loop
      vertex   7.411810e+00 -1.253407e+02 2.000000e+00
      vertex   7.411810e+00 -1.253407e+02 0.000000e+00
      vertex   6.173166e+00 -1.257612e+02 2.000000e+00
    endloop
  endfacet
  facet normal -3.214395e-01 9.469301e-01 0.000000e+00
    outer loop
      vertex   6.173166e+00 -1.257612e+02 2.000000e+00
      vertex   7.411810e+00 -1.253407e+02 0.000000e+00
      vertex   6.173166e+00 -1.257612e+02 0.000000e+00
    endloop
  endfacet
  facet normal -4.422887e-01 8.968727e-01 0.000000e+00
    outer loop
      vertex   6.173166e+00 -1.257612e+02 2.000000e+00
      vertex   6.173166e+00 -1.257612e+02 0.000000e+00
      vertex   5.000000e+00 -1.263397e+02 2.000000e+00
    endloop
  endfacet
  facet normal -4.422887e-01 8.968727e-01 0.000000e+00
    outer loop
      vertex   5.000000e+00 -1.263397e+02 2.000000e+00
      vertex   6.173166e+00 -1.257612e+02 0.000000e+00
      vertex   5.000000e+00 -1.263397e+02 0.000000e+00
    endloop
  endfacet
  facet normal -5.555702e-01 8.314696e-01 0.000000e+00
    outer loop
      vertex   5.000000e+00 -1.263397e+02 2.000000e+00
      vertex   5.000000e+00 -1.263397e+02 0.000000e+00
      vertex   3.912386e+00 -1.270665e+02 2.000000e+00
    endloop
  endfacet
  facet normal -5.555702e-01 8.314696e-01 0.000000e+00
    outer loop
      vertex   3.912386e+00 -1.270665e+02 2.000000e+00
      vertex   5.000000e+00 -1.263397e+02 0.000000e+00
      vertex   3.912386e+00 -1.270665e+02 0.000000e+00
    endloop
  endfacet
  facet normal -6.593458e-01 7.518398e-01 0.000000e+00
    outer loop
      vertex   3.912386e+00 -1.270665e+02 2.000000e+00
      vertex   3.912386e+00 -1.270665e+02 0.000000e+00
      vertex   2.928932e+00 -1.279289e+02 2.000000e+00
    endloop
  endfacet
  facet normal -6.593458e-01 7.518398e-01 0.000000e+00
    outer loop
      vertex   2.928932e+00 -1.279289e+02 2.000000e+00
      vertex   3.912386e+00 -1.270665e+02 0.000000e+00
      vertex   2.928932e+00 -1.279289e+02 0.000000e+00
    endloop
  endfacet
  facet normal -7.518398e-01 6.593458e-01 0.000000e+00
    outer loop
      vertex   2.928932e+00 -1.279289e+02 2.000000e+00
      vertex   2.928932e+00 -1.279289e+02 0.000000e+00
      vertex   2.066467e+00 -1.289124e+02 2.000000e+00
    endloop
  endfacet
  facet normal -7.518398e-01 6.593458e-01 0.000000e+00
    outer loop
      vertex   2.066467e+00 -1.289124e+02 2.000000e+00
      vertex   2.928932e+00 -1.279289e+02 0.000000e+00
      vertex   2.066467e+00 -1.289124e+02 0.000000e+00
    endloop
  endfacet
  facet normal -8.314696e-01 5.555702e-01 0.000000e+00
    outer loop
      vertex   2.066467e+00 -1.289124e+02 2.000000e+00
      vertex   2.066467e+00 -1.289124e+02 0.000000e+00
      vertex   1.339746e+00 -1.300000e+02 2.000000e+00
    endloop
  endfacet
  facet normal -8.314696e-01 5.555702e-01 0.000000e+00
    outer loop
      vertex   1.339746e+00 -1.300000e+02 2.000000e+00
      vertex   2.066467e+00 -1.289124e+02 0.000000e+00
      vertex   1.339746e+00 -1.300000e+02 0.000000e+00
    endloop
  endfacet
  facet normal -8.968727e-01 4.422887e-01 0.000000e+00
    outer loop
      vertex   1.339746e+00 -1.300000e+02 2.000000e+00
      vertex   1.339746e+00 -1.300000e+02 0.000000e+00
      vertex   7.612047e-01 -1.311732e+02 2.000000e+00
    endloop
  endfacet
  facet normal -8.968727e-01 4.422887e-01 0.000000e+00
    outer loop
      vertex   7.612047e-01 -1.311732e+02 2.000000e+00
      vertex   1.339746e+00 -1.300000e+02 0.000000e+00
      vertex   7.612047e-01 -1.311732e+02 0.000000e+00
    endloop
  endfacet
  facet normal -9.469301e-01 3.214395e-01 0.000000e+00
    outer loop
      vertex   7.612047e-01 -1.311732e+02 2.000000e+00
      vertex   7.612047e-01 -1.311732e+02 0.000000e+00
      vertex   3.407417e-01 -1.324118e+02 2.000000e+00
    endloop
  endfacet
  facet normal -9.469301e-01 3.214395e-01 0.000000e+00
    outer loop
      vertex   3.407417e-01 -1.324118e+02 2.000000e+00
      vertex   7.612047e-01 -1.311732e+02 0.000000e+00
      vertex   3.407417e-01 -1.324118e+02 0.000000e+00
    endloop
  endfacet
  facet normal -9.807853e-01 1.950903e-01 0.000000e+00
    outer loop
      vertex   3.407417e-01 -1.324118e+02 2.000000e+00
      vertex   3.407417e-01 -1.324118e+02 0.000000e+00
      vertex   8.555139e-02 -1.336947e+02 2.000000e+00
    endloop
  endfacet
  facet normal -9.807853e-01 1.950903e-01 0.000000e+00
    outer loop
      vertex   8.555139e-02 -1.336947e+02 2.000000e+00
      vertex   3.407417e-01 -1.324118e+02 0.000000e+00
      vertex   8.555139e-02 -1.336947e+02 0.000000e+00
    endloop
  endfacet
  facet normal -9.978589e-01 6.540313e-02 0.000000e+00
    outer loop
      vertex   8.555139e-02 -1.336947e+02 2.000000e+00
      vertex   8.555139e-02 -1.336947e+02 0.000000e+00
      vertex   0.000000e+00 -1.350000e+02 2.000000e+00
    endloop
  endfacet
  facet normal -9.978589e-01 6.540313e-02 0.000000e+00
    outer loop
      vertex   0.000000e+00 -1.350000e+02 2.000000e+00
      vertex   8.555139e-02 -1.336947e+02 0.000000e+00
      vertex   0.000000e+00 -1.350000e+02 0.000000e+00
    endloop
  endfacet
  facet normal -0.000000e+00 0.000000e+00 1.000000e+00
    outer loop
      vertex   5.695434e+01 -1.720000e+02 2.000000e+00
      vertex   6.385149e+01 -1.781118e+02 2.000000e+00
      vertex   7.604566e+01 -1.720000e+02 2.000000e+00
    endloop
  endfacet
  facet normal 0.000000e+00 0.000000e+00 1.000000e+00
    outer loop
      vertex   7.604566e+01 -1.720000e+02 2.000000e+00
      vertex   6.385149e+01 -1.781118e+02 2.000000e+00
      vertex   6.469629e+01 -1.783312e+02 2.000000e+00
    endloop
  endfacet
  facet normal 0.000000e+00 0.000000e+00 1.000000e+00
    outer loop
      vertex   7.604566e+01 -1.720000e+02 2.000000e+00
      vertex   6.469629e+01 -1.783312e+02 2.000000e+00
      vertex   6.641848e+01 -1.789675e+02 2.000000e+00
    endloop
  endfacet
  facet normal -0.000000e+00 0.000000e+00 1.000000e+00
    outer loop
      vertex   5.683081e+01 -1.720155e+02 2.000000e+00
      vertex   5.646213e+01 -1.725879e+02 2.000000e+00
      vertex   5.695434e+01 -1.720000e+02 2.000000e+00
    endloop
  endfacet
  facet normal 0.000000e+00 0.000000e+00 1.000000e+00
    outer loop
      vertex   5.695434e+01 -1.720000e+02 2.000000e+00
      vertex   5.646213e+01 -1.725879e+02 2.000000e+00
      vertex   5.974966e+01 -1.789083e+02 2.000000e+00
    endloop
  endfacet
  facet normal 0.000000e+00 0.000000e+00 1.000000e+00
    outer loop
      vertex   5.695434e+01 -1.720000e+02 2.000000e+00
      vertex   5.974966e+01 -1.789083e+02 2.000000e+00
      vertex   6.055429e+01 -1.784740e+02 2.000000e+00
    endloop
  endfacet
  facet normal 0.000000e+00 0.000000e+00 1.000000e+00
    outer loop
      vertex   5.683081e+01 -1.720155e+02 2.000000e+00
      vertex   5.671494e+01 -1.720610e+02 2.000000e+00
      vertex   5.646213e+01 -1.725879e+02 2.000000e+00
    endloop
  endfacet
  facet normal 0.000000e+00 0.000000e+00 1.000000e+00
    outer loop
      vertex   5.646213e+01 -1.725879e+02 2.000000e+00
      vertex   5.671494e+01 -1.720610e+02 2.000000e+00
      vertex   5.661391e+01 -1.721338e+02 2.000000e+00
    endloop
  endfacet
  facet normal 0.000000e+00 0.000000e+00 1.000000e+00
    outer loop
      vertex   5.646213e+01 -1.725879e+02 2.000000e+00
      vertex   5.661391e+01 -1.721338e+02 2.000000e+00
      vertex   5.653399e+01 -1.722293e+02 2.000000e+00
    endloop
  endfacet
  facet normal 0.000000e+00 0.000000e+00 1.000000e+00
    outer loop
      vertex   5.653399e+01 -1.722293e+02 2.000000e+00
      vertex   5.648013e+01 -1.723415e+02 2.000000e+00
      vertex   5.646213e+01 -1.725879e+02 2.000000e+00
    endloop
  endfacet
  facet normal 0.000000e+00 -0.000000e+00 1.000000e+00
    outer loop
      vertex   5.646213e+01 -1.725879e+02 2.000000e+00
      vertex   5.648013e+01 -1.723415e+02 2.000000e+00
      vertex   5.645567e+01 -1.724636e+02 2.000000e+00
    endloop
  endfacet
  facet normal 0.000000e+00 0.000000e+00 1.000000e+00
    outer loop
      vertex   6.092641e+01 -1.975879e+02 2.000000e+00
      vertex   5.963644e+01 -1.791641e+02 2.000000e+00
      vertex   5.646213e+01 -1.725879e+02 2.000000e+00
    endloop
  endfacet
  facet normal 0.000000e+00 0.000000e+00 1.000000e+00
    outer loop
      vertex   5.646213e+01 -1.725879e+02 2.000000e+00
      vertex   5.963644e+01 -1.791641e+02 2.000000e+00
      vertex   5.963301e+01 -1.791049e+02 2.000000e+00
    endloop
  endfacet
  facet normal 0.000000e+00 0.000000e+00 1.000000e+00
    outer loop
      vertex   5.646213e+01 -1.725879e+02 2.000000e+00
      vertex   5.963301e+01 -1.791049e+02 2.000000e+00
      vertex   5.964357e+01 -1.790467e+02 2.000000e+00
    endloop
  endfacet
  facet normal -0.000000e+00 -0.000000e+00 1.000000e+00
    outer loop
      vertex   6.095988e+01 -1.976989e+02 2.000000e+00
      vertex   6.101800e+01 -1.977992e+02 2.000000e+00
      vertex   6.092641e+01 -1.975879e+02 2.000000e+00
    endloop
  endfacet
  facet normal 0.000000e+00 0.000000e+00 1.000000e+00
    outer loop
      vertex   6.092641e+01 -1.975879e+02 2.000000e+00
      vertex   6.101800e+01 -1.977992e+02 2.000000e+00
      vertex   6.109765e+01 -1.978834e+02 2.000000e+00
    endloop
  endfacet
  facet normal 0.000000e+00 0.000000e+00 1.000000e+00
    outer loop
      vertex   6.092641e+01 -1.975879e+02 2.000000e+00
      vertex   6.109765e+01 -1.978834e+02 2.000000e+00
      vertex   6.119455e+01 -1.979470e+02 2.000000e+00
    endloop
  endfacet
  facet normal -0.000000e+00 -0.000000e+00 1.000000e+00
    outer loop
      vertex   6.119455e+01 -1.979470e+02 2.000000e+00
      vertex   6.130349e+01 -1.979866e+02 2.000000e+00
      vertex   6.092641e+01 -1.975879e+02 2.000000e+00
    endloop
  endfacet
  facet normal 0.000000e+00 0.000000e+00 1.000000e+00
    outer loop
      vertex   6.092641e+01 -1.975879e+02 2.000000e+00
      vertex   6.130349e+01 -1.979866e+02 2.000000e+00
      vertex   6.141862e+01 -1.980000e+02 2.000000e+00
    endloop
  endfacet
  facet normal -0.000000e+00 0.000000e+00 1.000000e+00
    outer loop
      vertex   6.092641e+01 -1.975879e+02 2.000000e+00
      vertex   6.141862e+01 -1.980000e+02 2.000000e+00
      vertex   6.262280e+01 -1.958494e+02 2.000000e+00
    endloop
  endfacet
  facet normal 0.000000e+00 0.000000e+00 1.000000e+00
    outer loop
      vertex   6.262280e+01 -1.958494e+02 2.000000e+00
      vertex   6.141862e+01 -1.980000e+02 2.000000e+00
      vertex   6.265186e+01 -1.958996e+02 2.000000e+00
    endloop
  endfacet
  facet normal 0.000000e+00 0.000000e+00 1.000000e+00
    outer loop
      vertex   6.265186e+01 -1.958996e+02 2.000000e+00
      vertex   6.141862e+01 -1.980000e+02 2.000000e+00
      vertex   6.269168e+01 -1.959417e+02 2.000000e+00
    endloop
  endfacet
  facet normal 0.000000e+00 0.000000e+00 1.000000e+00
    outer loop
      vertex   6.269168e+01 -1.959417e+02 2.000000e+00
      vertex   6.141862e+01 -1.980000e+02 2.000000e+00
      vertex   6.274013e+01 -1.959735e+02 2.000000e+00
    endloop
  endfacet
  facet normal 0.000000e+00 0.000000e+00 1.000000e+00
    outer loop
      vertex   6.274013e+01 -1.959735e+02 2.000000e+00
      vertex   6.141862e+01 -1.980000e+02 2.000000e+00
      vertex   6.279460e+01 -1.959933e+02 2.000000e+00
    endloop
  endfacet
  facet normal 0.000000e+00 0.000000e+00 1.000000e+00
    outer loop
      vertex   6.279460e+01 -1.959933e+02 2.000000e+00
      vertex   6.141862e+01 -1.980000e+02 2.000000e+00
      vertex   6.285217e+01 -1.960000e+02 2.000000e+00
    endloop
  endfacet
  facet normal 0.000000e+00 0.000000e+00 1.000000e+00
    outer loop
      vertex   6.285217e+01 -1.960000e+02 2.000000e+00
      vertex   6.141862e+01 -1.980000e+02 2.000000e+00
      vertex   7.158138e+01 -1.980000e+02 2.000000e+00
    endloop
  endfacet
  facet normal -0.000000e+00 0.000000e+00 1.000000e+00
    outer loop
      vertex   6.285217e+01 -1.960000e+02 2.000000e+00
      vertex   7.158138e+01 -1.980000e+02 2.000000e+00
      vertex   7.014783e+01 -1.960000e+02 2.000000e+00
    endloop
  endfacet
  facet normal -0.000000e+00 0.000000e+00 1.000000e+00
    outer loop
      vertex   7.014783e+01 -1.960000e+02 2.000000e+00
      vertex   7.158138e+01 -1.980000e+02 2.000000e+00
      vertex   7.020540e+01 -1.959933e+02 2.000000e+00
    endloop
  endfacet
  facet normal -0.000000e+00 0.000000e+00 1.000000e+00
    outer loop
      vertex   7.020540e+01 -1.959933e+02 2.000000e+00
      vertex   7.158138e+01 -1.980000e+02 2.000000e+00
      vertex   7.025987e+01 -1.959735e+02 2.000000e+00
    endloop
  endfacet
  facet normal -0.000000e+00 0.000000e+00 1.000000e+00
    outer loop
      vertex   7.025987e+01 -1.959735e+02 2.000000e+00
      vertex   7.158138e+01 -1.980000e+02 2.000000e+00
      vertex   7.030832e+01 -1.959417e+02 2.000000e+00
    endloop
  endfacet
  facet normal -0.000000e+00 0.000000e+00 1.000000e+00
    outer loop
      vertex   7.030832e+01 -1.959417e+02 2.000000e+00
      vertex   7.158138e+01 -1.980000e+02 2.000000e+00
      vertex   7.034815e+01 -1.958996e+02 2.000000e+00
    endloop
  endfacet
  facet normal -0.000000e+00 0.000000e+00 1.000000e+00
    outer loop
      vertex   7.034815e+01 -1.958996e+02 2.000000e+00
      vertex   7.158138e+01 -1.980000e+02 2.000000e+00
      vertex   7.037721e+01 -1.958494e+02 2.000000e+00
    endloop
  endfacet
  facet normal 0.000000e+00 0.000000e+00 1.000000e+00
    outer loop
      vertex   7.037721e+01 -1.958494e+02 2.000000e+00
      vertex   7.158138e+01 -1.980000e+02 2.000000e+00
      vertex   7.207359e+01 -1.975879e+02 2.000000e+00
    endloop
  endfacet
  facet normal -0.000000e+00 0.000000e+00 1.000000e+00
    outer loop
      vertex   7.037721e+01 -1.958494e+02 2.000000e+00
      vertex   7.207359e+01 -1.975879e+02 2.000000e+00
      vertex   7.039394e+01 -1.957940e+02 2.000000e+00
    endloop
  endfacet
  facet normal -0.000000e+00 0.000000e+00 1.000000e+00
    outer loop
      vertex   7.039394e+01 -1.957940e+02 2.000000e+00
      vertex   7.207359e+01 -1.975879e+02 2.000000e+00
      vertex   7.329552e+01 -1.795451e+02 2.000000e+00
    endloop
  endfacet
  facet normal -0.000000e+00 0.000000e+00 1.000000e+00
    outer loop
      vertex   7.329552e+01 -1.795451e+02 2.000000e+00
      vertex   7.207359e+01 -1.975879e+02 2.000000e+00
      vertex   7.653788e+01 -1.725879e+02 2.000000e+00
    endloop
  endfacet
  facet normal 0.000000e+00 0.000000e+00 1.000000e+00
    outer loop
      vertex   7.329552e+01 -1.795451e+02 2.000000e+00
      vertex   7.653788e+01 -1.725879e+02 2.000000e+00
      vertex   7.329873e+01 -1.794827e+02 2.000000e+00
    endloop
  endfacet
  facet normal 0.000000e+00 -0.000000e+00 1.000000e+00
    outer loop
      vertex   7.329873e+01 -1.794827e+02 2.000000e+00
      vertex   7.653788e+01 -1.725879e+02 2.000000e+00
      vertex   7.328636e+01 -1.794214e+02 2.000000e+00
    endloop
  endfacet
  facet normal 0.000000e+00 -0.000000e+00 1.000000e+00
    outer loop
      vertex   7.328636e+01 -1.794214e+02 2.000000e+00
      vertex   7.653788e+01 -1.725879e+02 2.000000e+00
      vertex   7.325919e+01 -1.793651e+02 2.000000e+00
    endloop
  endfacet
  facet normal 0.000000e+00 -0.000000e+00 1.000000e+00
    outer loop
      vertex   7.325919e+01 -1.793651e+02 2.000000e+00
      vertex   7.653788e+01 -1.725879e+02 2.000000e+00
      vertex   7.321890e+01 -1.793173e+02 2.000000e+00
    endloop
  endfacet
  facet normal 0.000000e+00 -0.000000e+00 1.000000e+00
    outer loop
      vertex   7.321890e+01 -1.793173e+02 2.000000e+00
      vertex   7.653788e+01 -1.725879e+02 2.000000e+00
      vertex   7.316802e+01 -1.792810e+02 2.000000e+00
    endloop
  endfacet
  facet normal 0.000000e+00 0.000000e+00 1.000000e+00
    outer loop
      vertex   7.316802e+01 -1.792810e+02 2.000000e+00
      vertex   7.653788e+01 -1.725879e+02 2.000000e+00
      vertex   7.604566e+01 -1.720000e+02 2.000000e+00
    endloop
  endfacet
  facet normal 0.000000e+00 -0.000000e+00 1.000000e+00
    outer loop
      vertex   7.316802e+01 -1.792810e+02 2.000000e+00
      vertex   7.604566e+01 -1.720000e+02 2.000000e+00
      vertex   7.310973e+01 -1.792585e+02 2.000000e+00
    endloop
  endfacet
  facet normal 0.000000e+00 -0.000000e+00 1.000000e+00
    outer loop
      vertex   7.310973e+01 -1.792585e+02 2.000000e+00
      vertex   7.604566e+01 -1.720000e+02 2.000000e+00
      vertex   7.304767e+01 -1.792511e+02 2.000000e+00
    endloop
  endfacet
  facet normal 0.000000e+00 -0.000000e+00 1.000000e+00
    outer loop
      vertex   7.304767e+01 -1.792511e+02 2.000000e+00
      vertex   7.604566e+01 -1.720000e+02 2.000000e+00
      vertex   7.298571e+01 -1.792594e+02 2.000000e+00
    endloop
  endfacet
  facet normal 0.000000e+00 -0.000000e+00 1.000000e+00
    outer loop
      vertex   7.298571e+01 -1.792594e+02 2.000000e+00
      vertex   7.604566e+01 -1.720000e+02 2.000000e+00
      vertex   7.292774e+01 -1.792827e+02 2.000000e+00
    endloop
  endfacet
  facet normal 0.000000e+00 -0.000000e+00 1.000000e+00
    outer loop
      vertex   7.292774e+01 -1.792827e+02 2.000000e+00
      vertex   7.604566e+01 -1.720000e+02 2.000000e+00
      vertex   7.216140e+01 -1.796502e+02 2.000000e+00
    endloop
  endfacet
  facet normal 0.000000e+00 -0.000000e+00 1.000000e+00
    outer loop
      vertex   7.216140e+01 -1.796502e+02 2.000000e+00
      vertex   7.604566e+01 -1.720000e+02 2.000000e+00
      vertex   7.139924e+01 -1.798912e+02 2.000000e+00
    endloop
  endfacet
  facet normal 0.000000e+00 -0.000000e+00 1.000000e+00
    outer loop
      vertex   7.139924e+01 -1.798912e+02 2.000000e+00
      vertex   7.604566e+01 -1.720000e+02 2.000000e+00
      vertex   7.062787e+01 -1.800030e+02 2.000000e+00
    endloop
  endfacet
  facet normal 0.000000e+00 -0.000000e+00 1.000000e+00
    outer loop
      vertex   7.062787e+01 -1.800030e+02 2.000000e+00
      vertex   7.604566e+01 -1.720000e+02 2.000000e+00
      vertex   6.983354e+01 -1.799863e+02 2.000000e+00
    endloop
  endfacet
  facet normal 0.000000e+00 -0.000000e+00 1.000000e+00
    outer loop
      vertex   6.983354e+01 -1.799863e+02 2.000000e+00
      vertex   7.604566e+01 -1.720000e+02 2.000000e+00
      vertex   6.900928e+01 -1.798503e+02 2.000000e+00
    endloop
  endfacet
  facet normal 0.000000e+00 -0.000000e+00 1.000000e+00
    outer loop
      vertex   6.900928e+01 -1.798503e+02 2.000000e+00
      vertex   7.604566e+01 -1.720000e+02 2.000000e+00
      vertex   6.815823e+01 -1.796150e+02 2.000000e+00
    endloop
  endfacet
  facet normal 0.000000e+00 -0.000000e+00 1.000000e+00
    outer loop
      vertex   6.815823e+01 -1.796150e+02 2.000000e+00
      vertex   7.604566e+01 -1.720000e+02 2.000000e+00
      vertex   6.641848e+01 -1.789675e+02 2.000000e+00
    endloop
  endfacet
  facet normal 0.000000e+00 0.000000e+00 1.000000e+00
    outer loop
      vertex   7.158138e+01 -1.980000e+02 2.000000e+00
      vertex   7.169651e+01 -1.979866e+02 2.000000e+00
      vertex   7.207359e+01 -1.975879e+02 2.000000e+00
    endloop
  endfacet
  facet normal 0.000000e+00 0.000000e+00 1.000000e+00
    outer loop
      vertex   7.207359e+01 -1.975879e+02 2.000000e+00
      vertex   7.169651e+01 -1.979866e+02 2.000000e+00
      vertex   7.180545e+01 -1.979470e+02 2.000000e+00
    endloop
  endfacet
  facet normal 0.000000e+00 0.000000e+00 1.000000e+00
    outer loop
      vertex   7.207359e+01 -1.975879e+02 2.000000e+00
      vertex   7.180545e+01 -1.979470e+02 2.000000e+00
      vertex   7.190235e+01 -1.978834e+02 2.000000e+00
    endloop
  endfacet
  facet normal 0.000000e+00 0.000000e+00 1.000000e+00
    outer loop
      vertex   7.190235e+01 -1.978834e+02 2.000000e+00
      vertex   7.198201e+01 -1.977992e+02 2.000000e+00
      vertex   7.207359e+01 -1.975879e+02 2.000000e+00
    endloop
  endfacet
  facet normal 0.000000e+00 0.000000e+00 1.000000e+00
    outer loop
      vertex   7.207359e+01 -1.975879e+02 2.000000e+00
      vertex   7.198201e+01 -1.977992e+02 2.000000e+00
      vertex   7.204013e+01 -1.976989e+02 2.000000e+00
    endloop
  endfacet
  facet normal 0.000000e+00 0.000000e+00 1.000000e+00
    outer loop
      vertex   7.654433e+01 -1.724636e+02 2.000000e+00
      vertex   7.651987e+01 -1.723415e+02 2.000000e+00
      vertex   7.653788e+01 -1.725879e+02 2.000000e+00
    endloop
  endfacet
  facet normal 0.000000e+00 0.000000e+00 1.000000e+00
    outer loop
      vertex   7.653788e+01 -1.725879e+02 2.000000e+00
      vertex   7.651987e+01 -1.723415e+02 2.000000e+00
      vertex   7.646601e+01 -1.722293e+02 2.000000e+00
    endloop
  endfacet
  facet normal 0.000000e+00 0.000000e+00 1.000000e+00
    outer loop
      vertex   7.653788e+01 -1.725879e+02 2.000000e+00
      vertex   7.646601e+01 -1.722293e+02 2.000000e+00
      vertex   7.638609e+01 -1.721338e+02 2.000000e+00
    endloop
  endfacet
  facet normal 0.000000e+00 0.000000e+00 1.000000e+00
    outer loop
      vertex   7.638609e+01 -1.721338e+02 2.000000e+00
      vertex   7.628506e+01 -1.720610e+02 2.000000e+00
      vertex   7.653788e+01 -1.725879e+02 2.000000e+00
    endloop
  endfacet
  facet normal 0.000000e+00 0.000000e+00 1.000000e+00
    outer loop
      vertex   7.653788e+01 -1.725879e+02 2.000000e+00
      vertex   7.628506e+01 -1.720610e+02 2.000000e+00
      vertex   7.616919e+01 -1.720155e+02 2.000000e+00
    endloop
  endfacet
  facet normal 0.000000e+00 0.000000e+00 1.000000e+00
    outer loop
      vertex   7.653788e+01 -1.725879e+02 2.000000e+00
      vertex   7.616919e+01 -1.720155e+02 2.000000e+00
      vertex   7.604566e+01 -1.720000e+02 2.000000e+00
    endloop
  endfacet
  facet normal 0.000000e+00 0.000000e+00 1.000000e+00
    outer loop
      vertex   6.262280e+01 -1.958494e+02 2.000000e+00
      vertex   6.260606e+01 -1.957940e+02 2.000000e+00
      vertex   6.092641e+01 -1.975879e+02 2.000000e+00
    endloop
  endfacet
  facet normal 0.000000e+00 -0.000000e+00 1.000000e+00
    outer loop
      vertex   6.092641e+01 -1.975879e+02 2.000000e+00
      vertex   6.260606e+01 -1.957940e+02 2.000000e+00
      vertex   5.963644e+01 -1.791641e+02 2.000000e+00
    endloop
  endfacet
  facet normal 0.000000e+00 -0.000000e+00 1.000000e+00
    outer loop
      vertex   5.964357e+01 -1.790467e+02 2.000000e+00
      vertex   5.966755e+01 -1.789925e+02 2.000000e+00
      vertex   5.646213e+01 -1.725879e+02 2.000000e+00
    endloop
  endfacet
  facet normal 0.000000e+00 0.000000e+00 1.000000e+00
    outer loop
      vertex   5.646213e+01 -1.725879e+02 2.000000e+00
      vertex   5.966755e+01 -1.789925e+02 2.000000e+00
      vertex   5.970359e+01 -1.789455e+02 2.000000e+00
    endloop
  endfacet
  facet normal 0.000000e+00 0.000000e+00 1.000000e+00
    outer loop
      vertex   5.646213e+01 -1.725879e+02 2.000000e+00
      vertex   5.970359e+01 -1.789455e+02 2.000000e+00
      vertex   5.974966e+01 -1.789083e+02 2.000000e+00
    endloop
  endfacet
  facet normal 0.000000e+00 -0.000000e+00 1.000000e+00
    outer loop
      vertex   6.055429e+01 -1.784740e+02 2.000000e+00
      vertex   6.136746e+01 -1.781768e+02 2.000000e+00
      vertex   5.695434e+01 -1.720000e+02 2.000000e+00
    endloop
  endfacet
  facet normal 0.000000e+00 0.000000e+00 1.000000e+00
    outer loop
      vertex   5.695434e+01 -1.720000e+02 2.000000e+00
      vertex   6.136746e+01 -1.781768e+02 2.000000e+00
      vertex   6.218824e+01 -1.780194e+02 2.000000e+00
    endloop
  endfacet
  facet normal 0.000000e+00 0.000000e+00 1.000000e+00
    outer loop
      vertex   5.695434e+01 -1.720000e+02 2.000000e+00
      vertex   6.218824e+01 -1.780194e+02 2.000000e+00
      vertex   6.301607e+01 -1.780009e+02 2.000000e+00
    endloop
  endfacet
  facet normal -0.000000e+00 -0.000000e+00 1.000000e+00
    outer loop
      vertex   6.301607e+01 -1.780009e+02 2.000000e+00
      vertex   6.385149e+01 -1.781118e+02 2.000000e+00
      vertex   5.695434e+01 -1.720000e+02 2.000000e+00
    endloop
  endfacet
  facet normal 0.000000e+00 -0.000000e+00 -1.000000e+00
    outer loop
      vertex   8.555139e-02 -1.336947e+02 0.000000e+00
      vertex   1.000000e+01 -1.250000e+02 0.000000e+00
      vertex   0.000000e+00 -1.350000e+02 0.000000e+00
    endloop
  endfacet
  facet normal 0.000000e+00 0.000000e+00 -1.000000e+00
    outer loop
      vertex   0.000000e+00 -1.350000e+02 0.000000e+00
      vertex   1.000000e+01 -1.250000e+02 0.000000e+00
      vertex   9.000000e+01 -1.250000e+02 0.000000e+00
    endloop
  endfacet
  facet normal 0.000000e+00 -0.000000e+00 -1.000000e+00
    outer loop
      vertex   0.000000e+00 -1.350000e+02 0.000000e+00
      vertex   9.000000e+01 -1.250000e+02 0.000000e+00
      vertex   -7.771561e-15 -2.150000e+02 0.000000e+00
    endloop
  endfacet
  facet normal 0.000000e+00 0.000000e+00 -1.000000e+00
    outer loop
      vertex   -7.771561e-15 -2.150000e+02 0.000000e+00
      vertex   9.000000e+01 -1.250000e+02 0.000000e+00
      vertex   1.000000e+02 -1.350000e+02 0.000000e+00
    endloop
  endfacet
  facet normal 0.000000e+00 0.000000e+00 -1.000000e+00
    outer loop
      vertex   -7.771561e-15 -2.150000e+02 0.000000e+00
      vertex   1.000000e+02 -1.350000e+02 0.000000e+00
      vertex   1.000000e+01 -2.250000e+02 0.000000e+00
    endloop
  endfacet
  facet normal 0.000000e+00 0.000000e+00 -1.000000e+00
    outer loop
      vertex   1.000000e+01 -2.250000e+02 0.000000e+00
      vertex   1.000000e+02 -1.350000e+02 0.000000e+00
      vertex   1.000000e+02 -2.150000e+02 0.000000e+00
    endloop
  endfacet
  facet normal 0.000000e+00 0.000000e+00 -1.000000e+00
    outer loop
      vertex   1.000000e+01 -2.250000e+02 0.000000e+00
      vertex   1.000000e+02 -2.150000e+02 0.000000e+00
      vertex   9.000000e+01 -2.250000e+02 0.000000e+00
    endloop
  endfacet
  facet normal 0.000000e+00 0.000000e+00 -1.000000e+00
    outer loop
      vertex   9.000000e+01 -2.250000e+02 0.000000e+00
      vertex   1.000000e+02 -2.150000e+02 0.000000e+00
      vertex   9.130526e+01 -2.249144e+02 0.000000e+00
    endloop
  endfacet
  facet normal 0.000000e+00 0.000000e+00 -1.000000e+00
    outer loop
      vertex   9.130526e+01 -2.249144e+02 0.000000e+00
      vertex   1.000000e+02 -2.150000e+02 0.000000e+00
      vertex   9.258819e+01 -2.246593e+02 0.000000e+00
    endloop
  endfacet
  facet normal 0.000000e+00 0.000000e+00 -1.000000e+00
    outer loop
      vertex   9.258819e+01 -2.246593e+02 0.000000e+00
      vertex   1.000000e+02 -2.150000e+02 0.000000e+00
      vertex   9.382683e+01 -2.242388e+02 0.000000e+00
    endloop
  endfacet
  facet normal 0.000000e+00 0.000000e+00 -1.000000e+00
    outer loop
      vertex   9.382683e+01 -2.242388e+02 0.000000e+00
      vertex   1.000000e+02 -2.150000e+02 0.000000e+00
      vertex   9.500000e+01 -2.236603e+02 0.000000e+00
    endloop
  endfacet
  facet normal 0.000000e+00 0.000000e+00 -1.000000e+00
    outer loop
      vertex   9.500000e+01 -2.236603e+02 0.000000e+00
      vertex   1.000000e+02 -2.150000e+02 0.000000e+00
      vertex   9.608761e+01 -2.229335e+02 0.000000e+00
    endloop
  endfacet
  facet normal 0.000000e+00 0.000000e+00 -1.000000e+00
    outer loop
      vertex   9.608761e+01 -2.229335e+02 0.000000e+00
      vertex   1.000000e+02 -2.150000e+02 0.000000e+00
      vertex   9.707107e+01 -2.220711e+02 0.000000e+00
    endloop
  endfacet
  facet normal 0.000000e+00 0.000000e+00 -1.000000e+00
    outer loop
      vertex   9.707107e+01 -2.220711e+02 0.000000e+00
      vertex   1.000000e+02 -2.150000e+02 0.000000e+00
      vertex   9.793353e+01 -2.210876e+02 0.000000e+00
    endloop
  endfacet
  facet normal 0.000000e+00 0.000000e+00 -1.000000e+00
    outer loop
      vertex   9.793353e+01 -2.210876e+02 0.000000e+00
      vertex   1.000000e+02 -2.150000e+02 0.000000e+00
      vertex   9.866025e+01 -2.200000e+02 0.000000e+00
    endloop
  endfacet
  facet normal 0.000000e+00 0.000000e+00 -1.000000e+00
    outer loop
      vertex   9.866025e+01 -2.200000e+02 0.000000e+00
      vertex   1.000000e+02 -2.150000e+02 0.000000e+00
      vertex   9.923880e+01 -2.188268e+02 0.000000e+00
    endloop
  endfacet
  facet normal 0.000000e+00 0.000000e+00 -1.000000e+00
    outer loop
      vertex   9.923880e+01 -2.188268e+02 0.000000e+00
      vertex   1.000000e+02 -2.150000e+02 0.000000e+00
      vertex   9.965926e+01 -2.175882e+02 0.000000e+00
    endloop
  endfacet
  facet normal 0.000000e+00 0.000000e+00 -1.000000e+00
    outer loop
      vertex   9.965926e+01 -2.175882e+02 0.000000e+00
      vertex   1.000000e+02 -2.150000e+02 0.000000e+00
      vertex   9.991445e+01 -2.163053e+02 0.000000e+00
    endloop
  endfacet
  facet normal 0.000000e+00 0.000000e+00 -1.000000e+00
    outer loop
      vertex   8.555139e-02 -1.336947e+02 0.000000e+00
      vertex   3.407417e-01 -1.324118e+02 0.000000e+00
      vertex   1.000000e+01 -1.250000e+02 0.000000e+00
    endloop
  endfacet
  facet normal 0.000000e+00 0.000000e+00 -1.000000e+00
    outer loop
      vertex   1.000000e+01 -1.250000e+02 0.000000e+00
      vertex   3.407417e-01 -1.324118e+02 0.000000e+00
      vertex   7.612047e-01 -1.311732e+02 0.000000e+00
    endloop
  endfacet
  facet normal 0.000000e+00 0.000000e+00 -1.000000e+00
    outer loop
      vertex   1.000000e+01 -1.250000e+02 0.000000e+00
      vertex   7.612047e-01 -1.311732e+02 0.000000e+00
      vertex   1.339746e+00 -1.300000e+02 0.000000e+00
    endloop
  endfacet
  facet normal 0.000000e+00 0.000000e+00 -1.000000e+00
    outer loop
      vertex   1.339746e+00 -1.300000e+02 0.000000e+00
      vertex   2.066467e+00 -1.289124e+02 0.000000e+00
      vertex   1.000000e+01 -1.250000e+02 0.000000e+00
    endloop
  endfacet
  facet normal 0.000000e+00 0.000000e+00 -1.000000e+00
    outer loop
      vertex   1.000000e+01 -1.250000e+02 0.000000e+00
      vertex   2.066467e+00 -1.289124e+02 0.000000e+00
      vertex   2.928932e+00 -1.279289e+02 0.000000e+00
    endloop
  endfacet
  facet normal 0.000000e+00 0.000000e+00 -1.000000e+00
    outer loop
      vertex   1.000000e+01 -1.250000e+02 0.000000e+00
      vertex   2.928932e+00 -1.279289e+02 0.000000e+00
      vertex   3.912386e+00 -1.270665e+02 0.000000e+00
    endloop
  endfacet
  facet normal 0.000000e+00 0.000000e+00 -1.000000e+00
    outer loop
      vertex   3.912386e+00 -1.270665e+02 0.000000e+00
      vertex   5.000000e+00 -1.263397e+02 0.000000e+00
      vertex   1.000000e+01 -1.250000e+02 0.000000e+00
    endloop
  endfacet
  facet normal 0.000000e+00 0.000000e+00 -1.000000e+00
    outer loop
      vertex   1.000000e+01 -1.250000e+02 0.000000e+00
      vertex   5.000000e+00 -1.263397e+02 0.000000e+00
      vertex   6.173166e+00 -1.257612e+02 0.000000e+00
    endloop
  endfacet
  facet normal 0.000000e+00 0.000000e+00 -1.000000e+00
    outer loop
      vertex   1.000000e+01 -1.250000e+02 0.000000e+00
      vertex   6.173166e+00 -1.257612e+02 0.000000e+00
      vertex   7.411810e+00 -1.253407e+02 0.000000e+00
    endloop
  endfacet
  facet normal 0.000000e+00 0.000000e+00 -1.000000e+00
    outer loop
      vertex   7.411810e+00 -1.253407e+02 0.000000e+00
      vertex   8.694738e+00 -1.250856e+02 0.000000e+00
      vertex   1.000000e+01 -1.250000e+02 0.000000e+00
    endloop
  endfacet
  facet normal -0.000000e+00 -0.000000e+00 -1.000000e+00
    outer loop
      vertex   9.130526e+01 -1.250856e+02 0.000000e+00
      vertex   9.258819e+01 -1.253407e+02 0.000000e+00
      vertex   9.000000e+01 -1.250000e+02 0.000000e+00
    endloop
  endfacet
  facet normal 0.000000e+00 0.000000e+00 -1.000000e+00
    outer loop
      vertex   9.000000e+01 -1.250000e+02 0.000000e+00
      vertex   9.258819e+01 -1.253407e+02 0.000000e+00
      vertex   9.382683e+01 -1.257612e+02 0.000000e+00
    endloop
  endfacet
  facet normal 0.000000e+00 0.000000e+00 -1.000000e+00
    outer loop
      vertex   9.000000e+01 -1.250000e+02 0.000000e+00
      vertex   9.382683e+01 -1.257612e+02 0.000000e+00
      vertex   9.500000e+01 -1.263397e+02 0.000000e+00
    endloop
  endfacet
  facet normal -0.000000e+00 -0.000000e+00 -1.000000e+00
    outer loop
      vertex   9.500000e+01 -1.263397e+02 0.000000e+00
      vertex   9.608761e+01 -1.270665e+02 0.000000e+00
      vertex   9.000000e+01 -1.250000e+02 0.000000e+00
    endloop
  endfacet
  facet normal 0.000000e+00 0.000000e+00 -1.000000e+00
    outer loop
      vertex   9.000000e+01 -1.250000e+02 0.000000e+00
      vertex   9.608761e+01 -1.270665e+02 0.000000e+00
      vertex   9.707107e+01 -1.279289e+02 0.000000e+00
    endloop
  endfacet
  facet normal 0.000000e+00 0.000000e+00 -1.000000e+00
    outer loop
      vertex   9.000000e+01 -1.250000e+02 0.000000e+00
      vertex   9.707107e+01 -1.279289e+02 0.000000e+00
      vertex   9.793353e+01 -1.289124e+02 0.000000e+00
    endloop
  endfacet
  facet normal -0.000000e+00 -0.000000e+00 -1.000000e+00
    outer loop
      vertex   9.793353e+01 -1.289124e+02 0.000000e+00
      vertex   9.866025e+01 -1.300000e+02 0.000000e+00
      vertex   9.000000e+01 -1.250000e+02 0.000000e+00
    endloop
  endfacet
  facet normal 0.000000e+00 0.000000e+00 -1.000000e+00
    outer loop
      vertex   9.000000e+01 -1.250000e+02 0.000000e+00
      vertex   9.866025e+01 -1.300000e+02 0.000000e+00
      vertex   9.923880e+01 -1.311732e+02 0.000000e+00
    endloop
  endfacet
  facet normal 0.000000e+00 0.000000e+00 -1.000000e+00
    outer loop
      vertex   9.000000e+01 -1.250000e+02 0.000000e+00
      vertex   9.923880e+01 -1.311732e+02 0.000000e+00
      vertex   9.965926e+01 -1.324118e+02 0.000000e+00
    endloop
  endfacet
  facet normal -0.000000e+00 -0.000000e+00 -1.000000e+00
    outer loop
      vertex   9.965926e+01 -1.324118e+02 0.000000e+00
      vertex   9.991445e+01 -1.336947e+02 0.000000e+00
      vertex   9.000000e+01 -1.250000e+02 0.000000e+00
    endloop
  endfacet
  facet normal 0.000000e+00 0.000000e+00 -1.000000e+00
    outer loop
      vertex   9.000000e+01 -1.250000e+02 0.000000e+00
      vertex   9.991445e+01 -1.336947e+02 0.000000e+00
      vertex   1.000000e+02 -1.350000e+02 0.000000e+00
    endloop
  endfacet
  facet normal 0.000000e+00 0.000000e+00 -1.000000e+00
    outer loop
      vertex   1.000000e+01 -2.250000e+02 0.000000e+00
      vertex   8.694738e+00 -2.249144e+02 0.000000e+00
      vertex   -7.771561e-15 -2.150000e+02 0.000000e+00
    endloop
  endfacet
  facet normal 0.000000e+00 0.000000e+00 -1.000000e+00
    outer loop
      vertex   -7.771561e-15 -2.150000e+02 0.000000e+00
      vertex   8.694738e+00 -2.249144e+02 0.000000e+00
      vertex   7.411810e+00 -2.246593e+02 0.000000e+00
    endloop
  endfacet
  facet normal 0.000000e+00 0.000000e+00 -1.000000e+00
    outer loop
      vertex   -7.771561e-15 -2.150000e+02 0.000000e+00
      vertex   7.411810e+00 -2.246593e+02 0.000000e+00
      vertex   6.173166e+00 -2.242388e+02 0.000000e+00
    endloop
  endfacet
  facet normal 0.000000e+00 0.000000e+00 -1.000000e+00
    outer loop
      vertex   6.173166e+00 -2.242388e+02 0.000000e+00
      vertex   5.000000e+00 -2.236603e+02 0.000000e+00
      vertex   -7.771561e-15 -2.150000e+02 0.000000e+00
    endloop
  endfacet
  facet normal 0.000000e+00 0.000000e+00 -1.000000e+00
    outer loop
      vertex   -7.771561e-15 -2.150000e+02 0.000000e+00
      vertex   5.000000e+00 -2.236603e+02 0.000000e+00
      vertex   3.912386e+00 -2.229335e+02 0.000000e+00
    endloop
  endfacet
  facet normal 0.000000e+00 0.000000e+00 -1.000000e+00
    outer loop
      vertex   -7.771561e-15 -2.150000e+02 0.000000e+00
      vertex   3.912386e+00 -2.229335e+02 0.000000e+00
      vertex   2.928932e+00 -2.220711e+02 0.000000e+00
    endloop
  endfacet
  facet normal 0.000000e+00 0.000000e+00 -1.000000e+00
    outer loop
      vertex   2.928932e+00 -2.220711e+02 0.000000e+00
      vertex   2.066467e+00 -2.210876e+02 0.000000e+00
      vertex   -7.771561e-15 -2.150000e+02 0.000000e+00
    endloop
  endfacet
  facet normal 0.000000e+00 0.000000e+00 -1.000000e+00
    outer loop
      vertex   -7.771561e-15 -2.150000e+02 0.000000e+00
      vertex   2.066467e+00 -2.210876e+02 0.000000e+00
      vertex   1.339746e+00 -2.200000e+02 0.000000e+00
    endloop
  endfacet
  facet normal 0.000000e+00 0.000000e+00 -1.000000e+00
    outer loop
      vertex   -7.771561e-15 -2.150000e+02 0.000000e+00
      vertex   1.339746e+00 -2.200000e+02 0.000000e+00
      vertex   7.612047e-01 -2.188268e+02 0.000000e+00
    endloop
  endfacet
  facet normal 0.000000e+00 0.000000e+00 -1.000000e+00
    outer loop
      vertex   7.612047e-01 -2.188268e+02 0.000000e+00
      vertex   3.407417e-01 -2.175882e+02 0.000000e+00
      vertex   -7.771561e-15 -2.150000e+02 0.000000e+00
    endloop
  endfacet
  facet normal 0.000000e+00 0.000000e+00 -1.000000e+00
    outer loop
      vertex   -7.771561e-15 -2.150000e+02 0.000000e+00
      vertex   3.407417e-01 -2.175882e+02 0.000000e+00
      vertex   8.555139e-02 -2.163053e+02 0.000000e+00
    endloop
  endfacet
endsolid
