solid ASCII
  facet normal -2.128740e-09 1.000000e+00 0.000000e+00
    outer loop
      vertex   -2.183812e+02 -1.820000e+02 2.000000e+00
      vertex   -2.126077e+02 -1.820000e+02 2.000000e+00
      vertex   -2.183812e+02 -1.820000e+02 1.000000e+00
    endloop
  endfacet
  facet normal -2.128740e-09 1.000000e+00 0.000000e+00
    outer loop
      vertex   -2.183812e+02 -1.820000e+02 1.000000e+00
      vertex   -2.126077e+02 -1.820000e+02 2.000000e+00
      vertex   -2.126077e+02 -1.820000e+02 1.000000e+00
    endloop
  endfacet
  facet normal -1.305262e-01 9.914449e-01 0.000000e+00
    outer loop
      vertex   -2.126077e+02 -1.820000e+02 1.000000e+00
      vertex   -2.126077e+02 -1.820000e+02 2.000000e+00
      vertex   -2.123489e+02 -1.819659e+02 1.000000e+00
    endloop
  endfacet
  facet normal -1.305262e-01 9.914449e-01 0.000000e+00
    outer loop
      vertex   -2.123489e+02 -1.819659e+02 1.000000e+00
      vertex   -2.126077e+02 -1.820000e+02 2.000000e+00
      vertex   -2.123489e+02 -1.819659e+02 2.000000e+00
    endloop
  endfacet
  facet normal -3.826834e-01 9.238795e-01 0.000000e+00
    outer loop
      vertex   -2.123489e+02 -1.819659e+02 1.000000e+00
      vertex   -2.123489e+02 -1.819659e+02 2.000000e+00
      vertex   -2.121077e+02 -1.818660e+02 1.000000e+00
    endloop
  endfacet
  facet normal -3.826834e-01 9.238795e-01 0.000000e+00
    outer loop
      vertex   -2.121077e+02 -1.818660e+02 1.000000e+00
      vertex   -2.123489e+02 -1.819659e+02 2.000000e+00
      vertex   -2.121077e+02 -1.818660e+02 2.000000e+00
    endloop
  endfacet
  facet normal -6.087614e-01 7.933533e-01 0.000000e+00
    outer loop
      vertex   -2.121077e+02 -1.818660e+02 1.000000e+00
      vertex   -2.121077e+02 -1.818660e+02 2.000000e+00
      vertex   -2.119006e+02 -1.817071e+02 1.000000e+00
    endloop
  endfacet
  facet normal -6.087614e-01 7.933533e-01 0.000000e+00
    outer loop
      vertex   -2.119006e+02 -1.817071e+02 1.000000e+00
      vertex   -2.121077e+02 -1.818660e+02 2.000000e+00
      vertex   -2.119006e+02 -1.817071e+02 2.000000e+00
    endloop
  endfacet
  facet normal -7.933533e-01 6.087614e-01 0.000000e+00
    outer loop
      vertex   -2.119006e+02 -1.817071e+02 1.000000e+00
      vertex   -2.119006e+02 -1.817071e+02 2.000000e+00
      vertex   -2.117417e+02 -1.815000e+02 1.000000e+00
    endloop
  endfacet
  facet normal -7.933533e-01 6.087614e-01 0.000000e+00
    outer loop
      vertex   -2.117417e+02 -1.815000e+02 1.000000e+00
      vertex   -2.119006e+02 -1.817071e+02 2.000000e+00
      vertex   -2.117417e+02 -1.815000e+02 2.000000e+00
    endloop
  endfacet
  facet normal -9.238795e-01 3.826834e-01 0.000000e+00
    outer loop
      vertex   -2.117417e+02 -1.815000e+02 1.000000e+00
      vertex   -2.117417e+02 -1.815000e+02 2.000000e+00
      vertex   -2.116418e+02 -1.812588e+02 1.000000e+00
    endloop
  endfacet
  facet normal -9.238795e-01 3.826834e-01 0.000000e+00
    outer loop
      vertex   -2.116418e+02 -1.812588e+02 1.000000e+00
      vertex   -2.117417e+02 -1.815000e+02 2.000000e+00
      vertex   -2.116418e+02 -1.812588e+02 2.000000e+00
    endloop
  endfacet
  facet normal -9.914449e-01 1.305262e-01 0.000000e+00
    outer loop
      vertex   -2.116418e+02 -1.812588e+02 1.000000e+00
      vertex   -2.116418e+02 -1.812588e+02 2.000000e+00
      vertex   -2.116077e+02 -1.810000e+02 1.000000e+00
    endloop
  endfacet
  facet normal -9.914449e-01 1.305262e-01 0.000000e+00
    outer loop
      vertex   -2.116077e+02 -1.810000e+02 1.000000e+00
      vertex   -2.116418e+02 -1.812588e+02 2.000000e+00
      vertex   -2.116077e+02 -1.810000e+02 2.000000e+00
    endloop
  endfacet
  facet normal -9.914449e-01 -1.305262e-01 0.000000e+00
    outer loop
      vertex   -2.116077e+02 -1.810000e+02 1.000000e+00
      vertex   -2.116077e+02 -1.810000e+02 2.000000e+00
      vertex   -2.116418e+02 -1.807412e+02 1.000000e+00
    endloop
  endfacet
  facet normal -9.914449e-01 -1.305262e-01 0.000000e+00
    outer loop
      vertex   -2.116418e+02 -1.807412e+02 1.000000e+00
      vertex   -2.116077e+02 -1.810000e+02 2.000000e+00
      vertex   -2.116418e+02 -1.807412e+02 2.000000e+00
    endloop
  endfacet
  facet normal -9.238795e-01 -3.826834e-01 0.000000e+00
    outer loop
      vertex   -2.116418e+02 -1.807412e+02 1.000000e+00
      vertex   -2.116418e+02 -1.807412e+02 2.000000e+00
      vertex   -2.117417e+02 -1.805000e+02 1.000000e+00
    endloop
  endfacet
  facet normal -9.238795e-01 -3.826834e-01 0.000000e+00
    outer loop
      vertex   -2.117417e+02 -1.805000e+02 1.000000e+00
      vertex   -2.116418e+02 -1.807412e+02 2.000000e+00
      vertex   -2.117417e+02 -1.805000e+02 2.000000e+00
    endloop
  endfacet
  facet normal -8.660254e-01 -5.000000e-01 -0.000000e+00
    outer loop
      vertex   -2.117417e+02 -1.805000e+02 2.000000e+00
      vertex   -2.146284e+02 -1.755000e+02 2.000000e+00
      vertex   -2.117417e+02 -1.805000e+02 1.000000e+00
    endloop
  endfacet
  facet normal -8.660254e-01 -5.000000e-01 0.000000e+00
    outer loop
      vertex   -2.117417e+02 -1.805000e+02 1.000000e+00
      vertex   -2.146284e+02 -1.755000e+02 2.000000e+00
      vertex   -2.146284e+02 -1.755000e+02 1.000000e+00
    endloop
  endfacet
  facet normal -7.933533e-01 -6.087614e-01 0.000000e+00
    outer loop
      vertex   -2.146284e+02 -1.755000e+02 1.000000e+00
      vertex   -2.146284e+02 -1.755000e+02 2.000000e+00
      vertex   -2.147873e+02 -1.752929e+02 1.000000e+00
    endloop
  endfacet
  facet normal -7.933533e-01 -6.087614e-01 -1.623929e-10
    outer loop
      vertex   -2.147873e+02 -1.752929e+02 1.000000e+00
      vertex   -2.146284e+02 -1.755000e+02 2.000000e+00
      vertex   -2.147873e+02 -1.752929e+02 2.000000e+00
    endloop
  endfacet
  facet normal -6.087614e-01 -7.933533e-01 1.625125e-10
    outer loop
      vertex   -2.147873e+02 -1.752929e+02 1.000000e+00
      vertex   -2.147873e+02 -1.752929e+02 2.000000e+00
      vertex   -2.149944e+02 -1.751340e+02 1.000000e+00
    endloop
  endfacet
  facet normal -6.087614e-01 -7.933533e-01 -3.248726e-10
    outer loop
      vertex   -2.149944e+02 -1.751340e+02 1.000000e+00
      vertex   -2.147873e+02 -1.752929e+02 2.000000e+00
      vertex   -2.149944e+02 -1.751340e+02 2.000000e+00
    endloop
  endfacet
  facet normal -3.826834e-01 -9.238795e-01 3.249693e-10
    outer loop
      vertex   -2.149944e+02 -1.751340e+02 1.000000e+00
      vertex   -2.149944e+02 -1.751340e+02 2.000000e+00
      vertex   -2.152356e+02 -1.750341e+02 1.000000e+00
    endloop
  endfacet
  facet normal -3.826834e-01 -9.238795e-01 -4.873712e-10
    outer loop
      vertex   -2.152356e+02 -1.750341e+02 1.000000e+00
      vertex   -2.149944e+02 -1.751340e+02 2.000000e+00
      vertex   -2.152356e+02 -1.750341e+02 2.000000e+00
    endloop
  endfacet
  facet normal -1.305262e-01 -9.914449e-01 4.873847e-10
    outer loop
      vertex   -2.152356e+02 -1.750341e+02 1.000000e+00
      vertex   -2.152356e+02 -1.750341e+02 2.000000e+00
      vertex   -2.154944e+02 -1.750000e+02 1.000000e+00
    endloop
  endfacet
  facet normal -1.305262e-01 -9.914449e-01 -6.498380e-10
    outer loop
      vertex   -2.154944e+02 -1.750000e+02 1.000000e+00
      vertex   -2.152356e+02 -1.750341e+02 2.000000e+00
      vertex   -2.154944e+02 -1.750000e+02 2.000000e+00
    endloop
  endfacet
  facet normal 1.305262e-01 -9.914449e-01 6.498380e-10
    outer loop
      vertex   -2.154944e+02 -1.750000e+02 1.000000e+00
      vertex   -2.154944e+02 -1.750000e+02 2.000000e+00
      vertex   -2.157533e+02 -1.750341e+02 1.000000e+00
    endloop
  endfacet
  facet normal 1.305262e-01 -9.914449e-01 -8.122609e-10
    outer loop
      vertex   -2.157533e+02 -1.750341e+02 1.000000e+00
      vertex   -2.154944e+02 -1.750000e+02 2.000000e+00
      vertex   -2.157533e+02 -1.750341e+02 2.000000e+00
    endloop
  endfacet
  facet normal 3.826834e-01 -9.238795e-01 8.123292e-10
    outer loop
      vertex   -2.157533e+02 -1.750341e+02 1.000000e+00
      vertex   -2.157533e+02 -1.750341e+02 2.000000e+00
      vertex   -2.159944e+02 -1.751340e+02 1.000000e+00
    endloop
  endfacet
  facet normal 3.826834e-01 -9.238795e-01 -9.747459e-10
    outer loop
      vertex   -2.159944e+02 -1.751340e+02 1.000000e+00
      vertex   -2.157533e+02 -1.750341e+02 2.000000e+00
      vertex   -2.159944e+02 -1.751340e+02 2.000000e+00
    endloop
  endfacet
  facet normal 6.087614e-01 -7.933533e-01 9.747410e-10
    outer loop
      vertex   -2.159944e+02 -1.751340e+02 1.000000e+00
      vertex   -2.159944e+02 -1.751340e+02 2.000000e+00
      vertex   -2.162016e+02 -1.752929e+02 1.000000e+00
    endloop
  endfacet
  facet normal 6.087614e-01 -7.933533e-01 -1.137180e-09
    outer loop
      vertex   -2.162016e+02 -1.752929e+02 1.000000e+00
      vertex   -2.159944e+02 -1.751340e+02 2.000000e+00
      vertex   -2.162016e+02 -1.752929e+02 2.000000e+00
    endloop
  endfacet
  facet normal 7.933533e-01 -6.087614e-01 1.137220e-09
    outer loop
      vertex   -2.162016e+02 -1.752929e+02 1.000000e+00
      vertex   -2.162016e+02 -1.752929e+02 2.000000e+00
      vertex   -2.163605e+02 -1.755000e+02 1.000000e+00
    endloop
  endfacet
  facet normal 7.933533e-01 -6.087614e-01 -1.299659e-09
    outer loop
      vertex   -2.163605e+02 -1.755000e+02 1.000000e+00
      vertex   -2.162016e+02 -1.752929e+02 2.000000e+00
      vertex   -2.163605e+02 -1.755000e+02 2.000000e+00
    endloop
  endfacet
  facet normal 9.238795e-01 -3.826834e-01 1.299663e-09
    outer loop
      vertex   -2.163605e+02 -1.755000e+02 1.000000e+00
      vertex   -2.163605e+02 -1.755000e+02 2.000000e+00
      vertex   -2.164604e+02 -1.757412e+02 1.000000e+00
    endloop
  endfacet
  facet normal 9.238795e-01 -3.826834e-01 -1.462118e-09
    outer loop
      vertex   -2.164604e+02 -1.757412e+02 1.000000e+00
      vertex   -2.163605e+02 -1.755000e+02 2.000000e+00
      vertex   -2.164604e+02 -1.757412e+02 2.000000e+00
    endloop
  endfacet
  facet normal 9.914449e-01 -1.305262e-01 1.462133e-09
    outer loop
      vertex   -2.164604e+02 -1.757412e+02 1.000000e+00
      vertex   -2.164604e+02 -1.757412e+02 2.000000e+00
      vertex   -2.164944e+02 -1.760000e+02 1.000000e+00
    endloop
  endfacet
  facet normal 9.914449e-01 -1.305262e-01 -1.624522e-09
    outer loop
      vertex   -2.164944e+02 -1.760000e+02 1.000000e+00
      vertex   -2.164604e+02 -1.757412e+02 2.000000e+00
      vertex   -2.164944e+02 -1.760000e+02 2.000000e+00
    endloop
  endfacet
  facet normal 9.914449e-01 1.305262e-01 1.624635e-09
    outer loop
      vertex   -2.164944e+02 -1.760000e+02 1.000000e+00
      vertex   -2.164944e+02 -1.760000e+02 2.000000e+00
      vertex   -2.164604e+02 -1.762588e+02 1.000000e+00
    endloop
  endfacet
  facet normal 9.914449e-01 1.305262e-01 -1.787073e-09
    outer loop
      vertex   -2.164604e+02 -1.762588e+02 1.000000e+00
      vertex   -2.164944e+02 -1.760000e+02 2.000000e+00
      vertex   -2.164604e+02 -1.762588e+02 2.000000e+00
    endloop
  endfacet
  facet normal 9.238796e-01 3.826834e-01 1.787001e-09
    outer loop
      vertex   -2.164604e+02 -1.762588e+02 1.000000e+00
      vertex   -2.164604e+02 -1.762588e+02 2.000000e+00
      vertex   -2.163605e+02 -1.765000e+02 1.000000e+00
    endloop
  endfacet
  facet normal 9.238796e-01 3.826834e-01 -0.000000e+00
    outer loop
      vertex   -2.163605e+02 -1.765000e+02 1.000000e+00
      vertex   -2.164604e+02 -1.762588e+02 2.000000e+00
      vertex   -2.163605e+02 -1.765000e+02 2.000000e+00
    endloop
  endfacet
  facet normal 8.660254e-01 5.000000e-01 0.000000e+00
    outer loop
      vertex   -2.163605e+02 -1.765000e+02 2.000000e+00
      vertex   -2.152058e+02 -1.785000e+02 2.000000e+00
      vertex   -2.163605e+02 -1.765000e+02 1.000000e+00
    endloop
  endfacet
  facet normal 8.660254e-01 5.000000e-01 0.000000e+00
    outer loop
      vertex   -2.163605e+02 -1.765000e+02 1.000000e+00
      vertex   -2.152058e+02 -1.785000e+02 2.000000e+00
      vertex   -2.152058e+02 -1.785000e+02 1.000000e+00
    endloop
  endfacet
  facet normal 9.238795e-01 3.826834e-01 -0.000000e+00
    outer loop
      vertex   -2.152058e+02 -1.785000e+02 1.000000e+00
      vertex   -2.152058e+02 -1.785000e+02 2.000000e+00
      vertex   -2.151059e+02 -1.787412e+02 1.000000e+00
    endloop
  endfacet
  facet normal 9.238795e-01 3.826834e-01 -0.000000e+00
    outer loop
      vertex   -2.151059e+02 -1.787412e+02 1.000000e+00
      vertex   -2.152058e+02 -1.785000e+02 2.000000e+00
      vertex   -2.151059e+02 -1.787412e+02 2.000000e+00
    endloop
  endfacet
  facet normal 9.914449e-01 1.305262e-01 -0.000000e+00
    outer loop
      vertex   -2.151059e+02 -1.787412e+02 1.000000e+00
      vertex   -2.151059e+02 -1.787412e+02 2.000000e+00
      vertex   -2.150718e+02 -1.790000e+02 1.000000e+00
    endloop
  endfacet
  facet normal 9.914449e-01 1.305262e-01 -0.000000e+00
    outer loop
      vertex   -2.150718e+02 -1.790000e+02 1.000000e+00
      vertex   -2.151059e+02 -1.787412e+02 2.000000e+00
      vertex   -2.150718e+02 -1.790000e+02 2.000000e+00
    endloop
  endfacet
  facet normal 9.914449e-01 -1.305262e-01 0.000000e+00
    outer loop
      vertex   -2.150718e+02 -1.790000e+02 1.000000e+00
      vertex   -2.150718e+02 -1.790000e+02 2.000000e+00
      vertex   -2.151059e+02 -1.792588e+02 1.000000e+00
    endloop
  endfacet
  facet normal 9.914449e-01 -1.305262e-01 0.000000e+00
    outer loop
      vertex   -2.151059e+02 -1.792588e+02 1.000000e+00
      vertex   -2.150718e+02 -1.790000e+02 2.000000e+00
      vertex   -2.151059e+02 -1.792588e+02 2.000000e+00
    endloop
  endfacet
  facet normal 9.238795e-01 -3.826834e-01 0.000000e+00
    outer loop
      vertex   -2.151059e+02 -1.792588e+02 1.000000e+00
      vertex   -2.151059e+02 -1.792588e+02 2.000000e+00
      vertex   -2.152058e+02 -1.795000e+02 1.000000e+00
    endloop
  endfacet
  facet normal 9.238795e-01 -3.826834e-01 0.000000e+00
    outer loop
      vertex   -2.152058e+02 -1.795000e+02 1.000000e+00
      vertex   -2.151059e+02 -1.792588e+02 2.000000e+00
      vertex   -2.152058e+02 -1.795000e+02 2.000000e+00
    endloop
  endfacet
  facet normal 7.933533e-01 -6.087614e-01 0.000000e+00
    outer loop
      vertex   -2.152058e+02 -1.795000e+02 1.000000e+00
      vertex   -2.152058e+02 -1.795000e+02 2.000000e+00
      vertex   -2.153647e+02 -1.797071e+02 1.000000e+00
    endloop
  endfacet
  facet normal 7.933533e-01 -6.087614e-01 0.000000e+00
    outer loop
      vertex   -2.153647e+02 -1.797071e+02 1.000000e+00
      vertex   -2.152058e+02 -1.795000e+02 2.000000e+00
      vertex   -2.153647e+02 -1.797071e+02 2.000000e+00
    endloop
  endfacet
  facet normal 6.087614e-01 -7.933533e-01 0.000000e+00
    outer loop
      vertex   -2.153647e+02 -1.797071e+02 1.000000e+00
      vertex   -2.153647e+02 -1.797071e+02 2.000000e+00
      vertex   -2.155718e+02 -1.798660e+02 1.000000e+00
    endloop
  endfacet
  facet normal 6.087614e-01 -7.933533e-01 0.000000e+00
    outer loop
      vertex   -2.155718e+02 -1.798660e+02 1.000000e+00
      vertex   -2.153647e+02 -1.797071e+02 2.000000e+00
      vertex   -2.155718e+02 -1.798660e+02 2.000000e+00
    endloop
  endfacet
  facet normal 3.826834e-01 -9.238795e-01 0.000000e+00
    outer loop
      vertex   -2.155718e+02 -1.798660e+02 1.000000e+00
      vertex   -2.155718e+02 -1.798660e+02 2.000000e+00
      vertex   -2.158130e+02 -1.799659e+02 1.000000e+00
    endloop
  endfacet
  facet normal 3.826834e-01 -9.238795e-01 0.000000e+00
    outer loop
      vertex   -2.158130e+02 -1.799659e+02 1.000000e+00
      vertex   -2.155718e+02 -1.798660e+02 2.000000e+00
      vertex   -2.158130e+02 -1.799659e+02 2.000000e+00
    endloop
  endfacet
  facet normal 1.305262e-01 -9.914449e-01 0.000000e+00
    outer loop
      vertex   -2.158130e+02 -1.799659e+02 1.000000e+00
      vertex   -2.158130e+02 -1.799659e+02 2.000000e+00
      vertex   -2.160718e+02 -1.800000e+02 1.000000e+00
    endloop
  endfacet
  facet normal 1.305262e-01 -9.914449e-01 0.000000e+00
    outer loop
      vertex   -2.160718e+02 -1.800000e+02 1.000000e+00
      vertex   -2.158130e+02 -1.799659e+02 2.000000e+00
      vertex   -2.160718e+02 -1.800000e+02 2.000000e+00
    endloop
  endfacet
  facet normal 2.980229e-09 -1.000000e+00 0.000000e+00
    outer loop
      vertex   -2.160718e+02 -1.800000e+02 2.000000e+00
      vertex   -2.183812e+02 -1.800000e+02 2.000000e+00
      vertex   -2.160718e+02 -1.800000e+02 1.000000e+00
    endloop
  endfacet
  facet normal 2.980229e-09 -1.000000e+00 0.000000e+00
    outer loop
      vertex   -2.160718e+02 -1.800000e+02 1.000000e+00
      vertex   -2.183812e+02 -1.800000e+02 2.000000e+00
      vertex   -2.183812e+02 -1.800000e+02 1.000000e+00
    endloop
  endfacet
  facet normal 1.305262e-01 -9.914449e-01 0.000000e+00
    outer loop
      vertex   -2.183812e+02 -1.800000e+02 2.000000e+00
      vertex   -2.186400e+02 -1.800341e+02 2.000000e+00
      vertex   -2.183812e+02 -1.800000e+02 1.000000e+00
    endloop
  endfacet
  facet normal 1.305262e-01 -9.914449e-01 2.118403e-10
    outer loop
      vertex   -2.183812e+02 -1.800000e+02 1.000000e+00
      vertex   -2.186400e+02 -1.800341e+02 2.000000e+00
      vertex   -2.186400e+02 -1.800341e+02 1.000000e+00
    endloop
  endfacet
  facet normal 3.826834e-01 -9.238795e-01 -2.118737e-10
    outer loop
      vertex   -2.186400e+02 -1.800341e+02 1.000000e+00
      vertex   -2.186400e+02 -1.800341e+02 2.000000e+00
      vertex   -2.188812e+02 -1.801340e+02 2.000000e+00
    endloop
  endfacet
  facet normal 3.826834e-01 -9.238795e-01 4.237110e-10
    outer loop
      vertex   -2.186400e+02 -1.800341e+02 1.000000e+00
      vertex   -2.188812e+02 -1.801340e+02 2.000000e+00
      vertex   -2.188812e+02 -1.801340e+02 1.000000e+00
    endloop
  endfacet
  facet normal 6.087614e-01 -7.933533e-01 -4.237046e-10
    outer loop
      vertex   -2.188812e+02 -1.801340e+02 1.000000e+00
      vertex   -2.188812e+02 -1.801340e+02 2.000000e+00
      vertex   -2.190883e+02 -1.802929e+02 2.000000e+00
    endloop
  endfacet
  facet normal 6.087614e-01 -7.933533e-01 6.355495e-10
    outer loop
      vertex   -2.188812e+02 -1.801340e+02 1.000000e+00
      vertex   -2.190883e+02 -1.802929e+02 2.000000e+00
      vertex   -2.190883e+02 -1.802929e+02 1.000000e+00
    endloop
  endfacet
  facet normal 7.933533e-01 -6.087614e-01 -6.355893e-10
    outer loop
      vertex   -2.190883e+02 -1.802929e+02 1.000000e+00
      vertex   -2.190883e+02 -1.802929e+02 2.000000e+00
      vertex   -2.192472e+02 -1.805000e+02 2.000000e+00
    endloop
  endfacet
  facet normal 7.933533e-01 -6.087614e-01 8.474438e-10
    outer loop
      vertex   -2.190883e+02 -1.802929e+02 1.000000e+00
      vertex   -2.192472e+02 -1.805000e+02 2.000000e+00
      vertex   -2.192472e+02 -1.805000e+02 1.000000e+00
    endloop
  endfacet
  facet normal 9.238795e-01 -3.826834e-01 -8.474002e-10
    outer loop
      vertex   -2.192472e+02 -1.805000e+02 1.000000e+00
      vertex   -2.192472e+02 -1.805000e+02 2.000000e+00
      vertex   -2.193471e+02 -1.807412e+02 2.000000e+00
    endloop
  endfacet
  facet normal 9.238795e-01 -3.826834e-01 1.059294e-09
    outer loop
      vertex   -2.192472e+02 -1.805000e+02 1.000000e+00
      vertex   -2.193471e+02 -1.807412e+02 2.000000e+00
      vertex   -2.193471e+02 -1.807412e+02 1.000000e+00
    endloop
  endfacet
  facet normal 9.914449e-01 -1.305262e-01 -1.059265e-09
    outer loop
      vertex   -2.193471e+02 -1.807412e+02 1.000000e+00
      vertex   -2.193471e+02 -1.807412e+02 2.000000e+00
      vertex   -2.193812e+02 -1.810000e+02 2.000000e+00
    endloop
  endfacet
  facet normal 9.914449e-01 -1.305262e-01 1.271137e-09
    outer loop
      vertex   -2.193471e+02 -1.807412e+02 1.000000e+00
      vertex   -2.193812e+02 -1.810000e+02 2.000000e+00
      vertex   -2.193812e+02 -1.810000e+02 1.000000e+00
    endloop
  endfacet
  facet normal 9.914449e-01 1.305262e-01 -1.271137e-09
    outer loop
      vertex   -2.193812e+02 -1.810000e+02 1.000000e+00
      vertex   -2.193812e+02 -1.810000e+02 2.000000e+00
      vertex   -2.193471e+02 -1.812588e+02 2.000000e+00
    endloop
  endfacet
  facet normal 9.914449e-01 1.305262e-01 1.482978e-09
    outer loop
      vertex   -2.193812e+02 -1.810000e+02 1.000000e+00
      vertex   -2.193471e+02 -1.812588e+02 2.000000e+00
      vertex   -2.193471e+02 -1.812588e+02 1.000000e+00
    endloop
  endfacet
  facet normal 9.238795e-01 3.826834e-01 -1.483005e-09
    outer loop
      vertex   -2.193471e+02 -1.812588e+02 1.000000e+00
      vertex   -2.193471e+02 -1.812588e+02 2.000000e+00
      vertex   -2.192472e+02 -1.815000e+02 2.000000e+00
    endloop
  endfacet
  facet normal 9.238795e-01 3.826834e-01 1.694853e-09
    outer loop
      vertex   -2.193471e+02 -1.812588e+02 1.000000e+00
      vertex   -2.192472e+02 -1.815000e+02 2.000000e+00
      vertex   -2.192472e+02 -1.815000e+02 1.000000e+00
    endloop
  endfacet
  facet normal 7.933533e-01 6.087614e-01 -1.694842e-09
    outer loop
      vertex   -2.192472e+02 -1.815000e+02 1.000000e+00
      vertex   -2.192472e+02 -1.815000e+02 2.000000e+00
      vertex   -2.190883e+02 -1.817071e+02 2.000000e+00
    endloop
  endfacet
  facet normal 7.933533e-01 6.087614e-01 1.906740e-09
    outer loop
      vertex   -2.192472e+02 -1.815000e+02 1.000000e+00
      vertex   -2.190883e+02 -1.817071e+02 2.000000e+00
      vertex   -2.190883e+02 -1.817071e+02 1.000000e+00
    endloop
  endfacet
  facet normal 6.087614e-01 7.933533e-01 -1.906660e-09
    outer loop
      vertex   -2.190883e+02 -1.817071e+02 1.000000e+00
      vertex   -2.190883e+02 -1.817071e+02 2.000000e+00
      vertex   -2.188812e+02 -1.818660e+02 2.000000e+00
    endloop
  endfacet
  facet normal 6.087614e-01 7.933533e-01 2.118587e-09
    outer loop
      vertex   -2.190883e+02 -1.817071e+02 1.000000e+00
      vertex   -2.188812e+02 -1.818660e+02 2.000000e+00
      vertex   -2.188812e+02 -1.818660e+02 1.000000e+00
    endloop
  endfacet
  facet normal 3.826834e-01 9.238795e-01 -2.118527e-09
    outer loop
      vertex   -2.188812e+02 -1.818660e+02 1.000000e+00
      vertex   -2.188812e+02 -1.818660e+02 2.000000e+00
      vertex   -2.186400e+02 -1.819659e+02 2.000000e+00
    endloop
  endfacet
  facet normal 3.826834e-01 9.238795e-01 2.330425e-09
    outer loop
      vertex   -2.188812e+02 -1.818660e+02 1.000000e+00
      vertex   -2.186400e+02 -1.819659e+02 2.000000e+00
      vertex   -2.186400e+02 -1.819659e+02 1.000000e+00
    endloop
  endfacet
  facet normal 1.305263e-01 9.914448e-01 -2.330401e-09
    outer loop
      vertex   -2.186400e+02 -1.819659e+02 1.000000e+00
      vertex   -2.186400e+02 -1.819659e+02 2.000000e+00
      vertex   -2.183812e+02 -1.820000e+02 2.000000e+00
    endloop
  endfacet
  facet normal 1.305263e-01 9.914448e-01 0.000000e+00
    outer loop
      vertex   -2.186400e+02 -1.819659e+02 1.000000e+00
      vertex   -2.183812e+02 -1.820000e+02 2.000000e+00
      vertex   -2.183812e+02 -1.820000e+02 1.000000e+00
    endloop
  endfacet
  facet normal 0.000000e+00 0.000000e+00 1.000000e+00
    outer loop
      vertex   -2.160718e+02 -1.800000e+02 1.000000e+00
      vertex   -2.183812e+02 -1.800000e+02 1.000000e+00
      vertex   -2.183812e+02 -1.820000e+02 1.000000e+00
    endloop
  endfacet
  facet normal 0.000000e+00 -0.000000e+00 1.000000e+00
    outer loop
      vertex   -2.183812e+02 -1.820000e+02 1.000000e+00
      vertex   -2.183812e+02 -1.800000e+02 1.000000e+00
      vertex   -2.186400e+02 -1.800341e+02 1.000000e+00
    endloop
  endfacet
  facet normal 0.000000e+00 0.000000e+00 1.000000e+00
    outer loop
      vertex   -2.183812e+02 -1.820000e+02 1.000000e+00
      vertex   -2.186400e+02 -1.800341e+02 1.000000e+00
      vertex   -2.188812e+02 -1.801340e+02 1.000000e+00
    endloop
  endfacet
  facet normal 0.000000e+00 0.000000e+00 1.000000e+00
    outer loop
      vertex   -2.188812e+02 -1.801340e+02 1.000000e+00
      vertex   -2.190883e+02 -1.802929e+02 1.000000e+00
      vertex   -2.183812e+02 -1.820000e+02 1.000000e+00
    endloop
  endfacet
  facet normal 0.000000e+00 0.000000e+00 1.000000e+00
    outer loop
      vertex   -2.183812e+02 -1.820000e+02 1.000000e+00
      vertex   -2.190883e+02 -1.802929e+02 1.000000e+00
      vertex   -2.192472e+02 -1.805000e+02 1.000000e+00
    endloop
  endfacet
  facet normal 0.000000e+00 0.000000e+00 1.000000e+00
    outer loop
      vertex   -2.183812e+02 -1.820000e+02 1.000000e+00
      vertex   -2.192472e+02 -1.805000e+02 1.000000e+00
      vertex   -2.193471e+02 -1.807412e+02 1.000000e+00
    endloop
  endfacet
  facet normal 0.000000e+00 0.000000e+00 1.000000e+00
    outer loop
      vertex   -2.193471e+02 -1.807412e+02 1.000000e+00
      vertex   -2.193812e+02 -1.810000e+02 1.000000e+00
      vertex   -2.183812e+02 -1.820000e+02 1.000000e+00
    endloop
  endfacet
  facet normal 0.000000e+00 0.000000e+00 1.000000e+00
    outer loop
      vertex   -2.183812e+02 -1.820000e+02 1.000000e+00
      vertex   -2.193812e+02 -1.810000e+02 1.000000e+00
      vertex   -2.193471e+02 -1.812588e+02 1.000000e+00
    endloop
  endfacet
  facet normal 0.000000e+00 0.000000e+00 1.000000e+00
    outer loop
      vertex   -2.183812e+02 -1.820000e+02 1.000000e+00
      vertex   -2.193471e+02 -1.812588e+02 1.000000e+00
      vertex   -2.192472e+02 -1.815000e+02 1.000000e+00
    endloop
  endfacet
  facet normal 0.000000e+00 0.000000e+00 1.000000e+00
    outer loop
      vertex   -2.192472e+02 -1.815000e+02 1.000000e+00
      vertex   -2.190883e+02 -1.817071e+02 1.000000e+00
      vertex   -2.183812e+02 -1.820000e+02 1.000000e+00
    endloop
  endfacet
  facet normal 0.000000e+00 0.000000e+00 1.000000e+00
    outer loop
      vertex   -2.183812e+02 -1.820000e+02 1.000000e+00
      vertex   -2.190883e+02 -1.817071e+02 1.000000e+00
      vertex   -2.188812e+02 -1.818660e+02 1.000000e+00
    endloop
  endfacet
  facet normal 0.000000e+00 0.000000e+00 1.000000e+00
    outer loop
      vertex   -2.183812e+02 -1.820000e+02 1.000000e+00
      vertex   -2.188812e+02 -1.818660e+02 1.000000e+00
      vertex   -2.186400e+02 -1.819659e+02 1.000000e+00
    endloop
  endfacet
  facet normal -0.000000e+00 0.000000e+00 1.000000e+00
    outer loop
      vertex   -2.160718e+02 -1.800000e+02 1.000000e+00
      vertex   -2.183812e+02 -1.820000e+02 1.000000e+00
      vertex   -2.158130e+02 -1.799659e+02 1.000000e+00
    endloop
  endfacet
  facet normal 0.000000e+00 0.000000e+00 1.000000e+00
    outer loop
      vertex   -2.158130e+02 -1.799659e+02 1.000000e+00
      vertex   -2.183812e+02 -1.820000e+02 1.000000e+00
      vertex   -2.126077e+02 -1.820000e+02 1.000000e+00
    endloop
  endfacet
  facet normal -0.000000e+00 0.000000e+00 1.000000e+00
    outer loop
      vertex   -2.158130e+02 -1.799659e+02 1.000000e+00
      vertex   -2.126077e+02 -1.820000e+02 1.000000e+00
      vertex   -2.155718e+02 -1.798660e+02 1.000000e+00
    endloop
  endfacet
  facet normal -0.000000e+00 0.000000e+00 1.000000e+00
    outer loop
      vertex   -2.155718e+02 -1.798660e+02 1.000000e+00
      vertex   -2.126077e+02 -1.820000e+02 1.000000e+00
      vertex   -2.153647e+02 -1.797071e+02 1.000000e+00
    endloop
  endfacet
  facet normal -0.000000e+00 0.000000e+00 1.000000e+00
    outer loop
      vertex   -2.153647e+02 -1.797071e+02 1.000000e+00
      vertex   -2.126077e+02 -1.820000e+02 1.000000e+00
      vertex   -2.152058e+02 -1.795000e+02 1.000000e+00
    endloop
  endfacet
  facet normal 0.000000e+00 0.000000e+00 1.000000e+00
    outer loop
      vertex   -2.152058e+02 -1.795000e+02 1.000000e+00
      vertex   -2.126077e+02 -1.820000e+02 1.000000e+00
      vertex   -2.117417e+02 -1.805000e+02 1.000000e+00
    endloop
  endfacet
  facet normal -0.000000e+00 0.000000e+00 1.000000e+00
    outer loop
      vertex   -2.152058e+02 -1.795000e+02 1.000000e+00
      vertex   -2.117417e+02 -1.805000e+02 1.000000e+00
      vertex   -2.151059e+02 -1.792588e+02 1.000000e+00
    endloop
  endfacet
  facet normal -0.000000e+00 0.000000e+00 1.000000e+00
    outer loop
      vertex   -2.151059e+02 -1.792588e+02 1.000000e+00
      vertex   -2.117417e+02 -1.805000e+02 1.000000e+00
      vertex   -2.150718e+02 -1.790000e+02 1.000000e+00
    endloop
  endfacet
  facet normal -0.000000e+00 -0.000000e+00 1.000000e+00
    outer loop
      vertex   -2.150718e+02 -1.790000e+02 1.000000e+00
      vertex   -2.117417e+02 -1.805000e+02 1.000000e+00
      vertex   -2.151059e+02 -1.787412e+02 1.000000e+00
    endloop
  endfacet
  facet normal -0.000000e+00 -0.000000e+00 1.000000e+00
    outer loop
      vertex   -2.151059e+02 -1.787412e+02 1.000000e+00
      vertex   -2.117417e+02 -1.805000e+02 1.000000e+00
      vertex   -2.152058e+02 -1.785000e+02 1.000000e+00
    endloop
  endfacet
  facet normal -0.000000e+00 0.000000e+00 1.000000e+00
    outer loop
      vertex   -2.152058e+02 -1.785000e+02 1.000000e+00
      vertex   -2.117417e+02 -1.805000e+02 1.000000e+00
      vertex   -2.146284e+02 -1.755000e+02 1.000000e+00
    endloop
  endfacet
  facet normal 0.000000e+00 -0.000000e+00 1.000000e+00
    outer loop
      vertex   -2.152058e+02 -1.785000e+02 1.000000e+00
      vertex   -2.146284e+02 -1.755000e+02 1.000000e+00
      vertex   -2.163605e+02 -1.765000e+02 1.000000e+00
    endloop
  endfacet
  facet normal 0.000000e+00 -0.000000e+00 1.000000e+00
    outer loop
      vertex   -2.163605e+02 -1.765000e+02 1.000000e+00
      vertex   -2.146284e+02 -1.755000e+02 1.000000e+00
      vertex   -2.164604e+02 -1.762588e+02 1.000000e+00
    endloop
  endfacet
  facet normal 0.000000e+00 -0.000000e+00 1.000000e+00
    outer loop
      vertex   -2.164604e+02 -1.762588e+02 1.000000e+00
      vertex   -2.146284e+02 -1.755000e+02 1.000000e+00
      vertex   -2.164944e+02 -1.760000e+02 1.000000e+00
    endloop
  endfacet
  facet normal 0.000000e+00 0.000000e+00 1.000000e+00
    outer loop
      vertex   -2.164944e+02 -1.760000e+02 1.000000e+00
      vertex   -2.146284e+02 -1.755000e+02 1.000000e+00
      vertex   -2.164604e+02 -1.757412e+02 1.000000e+00
    endloop
  endfacet
  facet normal 0.000000e+00 0.000000e+00 1.000000e+00
    outer loop
      vertex   -2.164604e+02 -1.757412e+02 1.000000e+00
      vertex   -2.146284e+02 -1.755000e+02 1.000000e+00
      vertex   -2.163605e+02 -1.755000e+02 1.000000e+00
    endloop
  endfacet
  facet normal 0.000000e+00 0.000000e+00 1.000000e+00
    outer loop
      vertex   -2.163605e+02 -1.755000e+02 1.000000e+00
      vertex   -2.146284e+02 -1.755000e+02 1.000000e+00
      vertex   -2.162016e+02 -1.752929e+02 1.000000e+00
    endloop
  endfacet
  facet normal -0.000000e+00 0.000000e+00 1.000000e+00
    outer loop
      vertex   -2.162016e+02 -1.752929e+02 1.000000e+00
      vertex   -2.146284e+02 -1.755000e+02 1.000000e+00
      vertex   -2.147873e+02 -1.752929e+02 1.000000e+00
    endloop
  endfacet
  facet normal 0.000000e+00 0.000000e+00 1.000000e+00
    outer loop
      vertex   -2.162016e+02 -1.752929e+02 1.000000e+00
      vertex   -2.147873e+02 -1.752929e+02 1.000000e+00
      vertex   -2.159944e+02 -1.751340e+02 1.000000e+00
    endloop
  endfacet
  facet normal -0.000000e+00 0.000000e+00 1.000000e+00
    outer loop
      vertex   -2.159944e+02 -1.751340e+02 1.000000e+00
      vertex   -2.147873e+02 -1.752929e+02 1.000000e+00
      vertex   -2.149944e+02 -1.751340e+02 1.000000e+00
    endloop
  endfacet
  facet normal 0.000000e+00 0.000000e+00 1.000000e+00
    outer loop
      vertex   -2.159944e+02 -1.751340e+02 1.000000e+00
      vertex   -2.149944e+02 -1.751340e+02 1.000000e+00
      vertex   -2.157533e+02 -1.750341e+02 1.000000e+00
    endloop
  endfacet
  facet normal -0.000000e+00 0.000000e+00 1.000000e+00
    outer loop
      vertex   -2.157533e+02 -1.750341e+02 1.000000e+00
      vertex   -2.149944e+02 -1.751340e+02 1.000000e+00
      vertex   -2.152356e+02 -1.750341e+02 1.000000e+00
    endloop
  endfacet
  facet normal 0.000000e+00 0.000000e+00 1.000000e+00
    outer loop
      vertex   -2.157533e+02 -1.750341e+02 1.000000e+00
      vertex   -2.152356e+02 -1.750341e+02 1.000000e+00
      vertex   -2.154944e+02 -1.750000e+02 1.000000e+00
    endloop
  endfacet
  facet normal 0.000000e+00 -0.000000e+00 1.000000e+00
    outer loop
      vertex   -2.123489e+02 -1.819659e+02 1.000000e+00
      vertex   -2.121077e+02 -1.818660e+02 1.000000e+00
      vertex   -2.126077e+02 -1.820000e+02 1.000000e+00
    endloop
  endfacet
  facet normal 0.000000e+00 0.000000e+00 1.000000e+00
    outer loop
      vertex   -2.126077e+02 -1.820000e+02 1.000000e+00
      vertex   -2.121077e+02 -1.818660e+02 1.000000e+00
      vertex   -2.119006e+02 -1.817071e+02 1.000000e+00
    endloop
  endfacet
  facet normal 0.000000e+00 0.000000e+00 1.000000e+00
    outer loop
      vertex   -2.126077e+02 -1.820000e+02 1.000000e+00
      vertex   -2.119006e+02 -1.817071e+02 1.000000e+00
      vertex   -2.117417e+02 -1.815000e+02 1.000000e+00
    endloop
  endfacet
  facet normal 0.000000e+00 -0.000000e+00 1.000000e+00
    outer loop
      vertex   -2.117417e+02 -1.815000e+02 1.000000e+00
      vertex   -2.116418e+02 -1.812588e+02 1.000000e+00
      vertex   -2.126077e+02 -1.820000e+02 1.000000e+00
    endloop
  endfacet
  facet normal 0.000000e+00 0.000000e+00 1.000000e+00
    outer loop
      vertex   -2.126077e+02 -1.820000e+02 1.000000e+00
      vertex   -2.116418e+02 -1.812588e+02 1.000000e+00
      vertex   -2.116077e+02 -1.810000e+02 1.000000e+00
    endloop
  endfacet
  facet normal 0.000000e+00 0.000000e+00 1.000000e+00
    outer loop
      vertex   -2.126077e+02 -1.820000e+02 1.000000e+00
      vertex   -2.116077e+02 -1.810000e+02 1.000000e+00
      vertex   -2.116418e+02 -1.807412e+02 1.000000e+00
    endloop
  endfacet
  facet normal 0.000000e+00 0.000000e+00 1.000000e+00
    outer loop
      vertex   -2.116418e+02 -1.807412e+02 1.000000e+00
      vertex   -2.117417e+02 -1.805000e+02 1.000000e+00
      vertex   -2.126077e+02 -1.820000e+02 1.000000e+00
    endloop
  endfacet
  facet normal 9.994170e-01 3.414111e-02 -0.000000e+00
    outer loop
      vertex   -1.620886e+02 -1.724068e+02 1.000000e+00
      vertex   -1.620886e+02 -1.724068e+02 2.000000e+00
      vertex   -1.620000e+02 -1.750000e+02 1.000000e+00
    endloop
  endfacet
  facet normal 9.994170e-01 3.414111e-02 -0.000000e+00
    outer loop
      vertex   -1.620000e+02 -1.750000e+02 1.000000e+00
      vertex   -1.620886e+02 -1.724068e+02 2.000000e+00
      vertex   -1.620000e+02 -1.750000e+02 2.000000e+00
    endloop
  endfacet
  facet normal 9.994170e-01 -3.414111e-02 0.000000e+00
    outer loop
      vertex   -1.620000e+02 -1.750000e+02 1.000000e+00
      vertex   -1.620000e+02 -1.750000e+02 2.000000e+00
      vertex   -1.620886e+02 -1.775932e+02 1.000000e+00
    endloop
  endfacet
  facet normal 9.994170e-01 -3.414111e-02 0.000000e+00
    outer loop
      vertex   -1.620886e+02 -1.775932e+02 1.000000e+00
      vertex   -1.620000e+02 -1.750000e+02 2.000000e+00
      vertex   -1.620886e+02 -1.775932e+02 2.000000e+00
    endloop
  endfacet
  facet normal 9.947573e-01 -1.022641e-01 0.000000e+00
    outer loop
      vertex   -1.620886e+02 -1.775932e+02 1.000000e+00
      vertex   -1.620886e+02 -1.775932e+02 2.000000e+00
      vertex   -1.623539e+02 -1.801743e+02 1.000000e+00
    endloop
  endfacet
  facet normal 9.947573e-01 -1.022641e-01 0.000000e+00
    outer loop
      vertex   -1.623539e+02 -1.801743e+02 1.000000e+00
      vertex   -1.620886e+02 -1.775932e+02 2.000000e+00
      vertex   -1.623539e+02 -1.801743e+02 2.000000e+00
    endloop
  endfacet
  facet normal 9.854595e-01 -1.699104e-01 0.000000e+00
    outer loop
      vertex   -1.623539e+02 -1.801743e+02 1.000000e+00
      vertex   -1.623539e+02 -1.801743e+02 2.000000e+00
      vertex   -1.627948e+02 -1.827313e+02 1.000000e+00
    endloop
  endfacet
  facet normal 9.854595e-01 -1.699104e-01 0.000000e+00
    outer loop
      vertex   -1.627948e+02 -1.827313e+02 1.000000e+00
      vertex   -1.623539e+02 -1.801743e+02 2.000000e+00
      vertex   -1.627948e+02 -1.827313e+02 2.000000e+00
    endloop
  endfacet
  facet normal 9.715671e-01 -2.367644e-01 0.000000e+00
    outer loop
      vertex   -1.627948e+02 -1.827313e+02 1.000000e+00
      vertex   -1.627948e+02 -1.827313e+02 2.000000e+00
      vertex   -1.634091e+02 -1.852523e+02 1.000000e+00
    endloop
  endfacet
  facet normal 9.715671e-01 -2.367644e-01 0.000000e+00
    outer loop
      vertex   -1.634091e+02 -1.852523e+02 1.000000e+00
      vertex   -1.627948e+02 -1.827313e+02 2.000000e+00
      vertex   -1.634091e+02 -1.852523e+02 2.000000e+00
    endloop
  endfacet
  facet normal 9.531448e-01 -3.025146e-01 0.000000e+00
    outer loop
      vertex   -1.634091e+02 -1.852523e+02 1.000000e+00
      vertex   -1.634091e+02 -1.852523e+02 2.000000e+00
      vertex   -1.641941e+02 -1.877254e+02 1.000000e+00
    endloop
  endfacet
  facet normal 9.531448e-01 -3.025146e-01 0.000000e+00
    outer loop
      vertex   -1.641941e+02 -1.877254e+02 1.000000e+00
      vertex   -1.634091e+02 -1.852523e+02 2.000000e+00
      vertex   -1.641941e+02 -1.877254e+02 2.000000e+00
    endloop
  endfacet
  facet normal 9.302784e-01 -3.668542e-01 0.000000e+00
    outer loop
      vertex   -1.641941e+02 -1.877254e+02 1.000000e+00
      vertex   -1.641941e+02 -1.877254e+02 2.000000e+00
      vertex   -1.651460e+02 -1.901392e+02 1.000000e+00
    endloop
  endfacet
  facet normal 9.302784e-01 -3.668542e-01 0.000000e+00
    outer loop
      vertex   -1.651460e+02 -1.901392e+02 1.000000e+00
      vertex   -1.641941e+02 -1.877254e+02 2.000000e+00
      vertex   -1.651460e+02 -1.901392e+02 2.000000e+00
    endloop
  endfacet
  facet normal 9.030747e-01 -4.294834e-01 0.000000e+00
    outer loop
      vertex   -1.651460e+02 -1.901392e+02 1.000000e+00
      vertex   -1.651460e+02 -1.901392e+02 2.000000e+00
      vertex   -1.662604e+02 -1.924825e+02 1.000000e+00
    endloop
  endfacet
  facet normal 9.030747e-01 -4.294834e-01 0.000000e+00
    outer loop
      vertex   -1.662604e+02 -1.924825e+02 1.000000e+00
      vertex   -1.651460e+02 -1.901392e+02 2.000000e+00
      vertex   -1.662604e+02 -1.924825e+02 2.000000e+00
    endloop
  endfacet
  facet normal 8.716605e-01 -4.901102e-01 0.000000e+00
    outer loop
      vertex   -1.662604e+02 -1.924825e+02 1.000000e+00
      vertex   -1.662604e+02 -1.924825e+02 2.000000e+00
      vertex   -1.675321e+02 -1.947442e+02 1.000000e+00
    endloop
  endfacet
  facet normal 8.716605e-01 -4.901102e-01 0.000000e+00
    outer loop
      vertex   -1.675321e+02 -1.947442e+02 1.000000e+00
      vertex   -1.662604e+02 -1.924825e+02 2.000000e+00
      vertex   -1.675321e+02 -1.947442e+02 2.000000e+00
    endloop
  endfacet
  facet normal 8.361821e-01 -5.484519e-01 0.000000e+00
    outer loop
      vertex   -1.675321e+02 -1.947442e+02 1.000000e+00
      vertex   -1.675321e+02 -1.947442e+02 2.000000e+00
      vertex   -1.689551e+02 -1.969139e+02 1.000000e+00
    endloop
  endfacet
  facet normal 8.361821e-01 -5.484519e-01 0.000000e+00
    outer loop
      vertex   -1.689551e+02 -1.969139e+02 1.000000e+00
      vertex   -1.675321e+02 -1.947442e+02 2.000000e+00
      vertex   -1.689551e+02 -1.969139e+02 2.000000e+00
    endloop
  endfacet
  facet normal 7.968051e-01 -6.042364e-01 0.000000e+00
    outer loop
      vertex   -1.689551e+02 -1.969139e+02 1.000000e+00
      vertex   -1.689551e+02 -1.969139e+02 2.000000e+00
      vertex   -1.705230e+02 -1.989813e+02 1.000000e+00
    endloop
  endfacet
  facet normal 7.968051e-01 -6.042364e-01 0.000000e+00
    outer loop
      vertex   -1.705230e+02 -1.989813e+02 1.000000e+00
      vertex   -1.689551e+02 -1.969139e+02 2.000000e+00
      vertex   -1.705230e+02 -1.989813e+02 2.000000e+00
    endloop
  endfacet
  facet normal 7.537130e-01 -6.572037e-01 0.000000e+00
    outer loop
      vertex   -1.705230e+02 -1.989813e+02 1.000000e+00
      vertex   -1.705230e+02 -1.989813e+02 2.000000e+00
      vertex   -1.722282e+02 -2.009370e+02 1.000000e+00
    endloop
  endfacet
  facet normal 7.537130e-01 -6.572037e-01 0.000000e+00
    outer loop
      vertex   -1.722282e+02 -2.009370e+02 1.000000e+00
      vertex   -1.705230e+02 -1.989813e+02 2.000000e+00
      vertex   -1.722282e+02 -2.009370e+02 2.000000e+00
    endloop
  endfacet
  facet normal 7.071068e-01 -7.071068e-01 0.000000e+00
    outer loop
      vertex   -1.722282e+02 -2.009370e+02 1.000000e+00
      vertex   -1.722282e+02 -2.009370e+02 2.000000e+00
      vertex   -1.740630e+02 -2.027718e+02 1.000000e+00
    endloop
  endfacet
  facet normal 7.071068e-01 -7.071068e-01 0.000000e+00
    outer loop
      vertex   -1.740630e+02 -2.027718e+02 1.000000e+00
      vertex   -1.722282e+02 -2.009370e+02 2.000000e+00
      vertex   -1.740630e+02 -2.027718e+02 2.000000e+00
    endloop
  endfacet
  facet normal 6.572037e-01 -7.537130e-01 0.000000e+00
    outer loop
      vertex   -1.740630e+02 -2.027718e+02 1.000000e+00
      vertex   -1.740630e+02 -2.027718e+02 2.000000e+00
      vertex   -1.760187e+02 -2.044770e+02 1.000000e+00
    endloop
  endfacet
  facet normal 6.572037e-01 -7.537130e-01 0.000000e+00
    outer loop
      vertex   -1.760187e+02 -2.044770e+02 1.000000e+00
      vertex   -1.740630e+02 -2.027718e+02 2.000000e+00
      vertex   -1.760187e+02 -2.044770e+02 2.000000e+00
    endloop
  endfacet
  facet normal 6.042364e-01 -7.968051e-01 0.000000e+00
    outer loop
      vertex   -1.760187e+02 -2.044770e+02 1.000000e+00
      vertex   -1.760187e+02 -2.044770e+02 2.000000e+00
      vertex   -1.780862e+02 -2.060449e+02 1.000000e+00
    endloop
  endfacet
  facet normal 6.042364e-01 -7.968051e-01 0.000000e+00
    outer loop
      vertex   -1.780862e+02 -2.060449e+02 1.000000e+00
      vertex   -1.760187e+02 -2.044770e+02 2.000000e+00
      vertex   -1.780862e+02 -2.060449e+02 2.000000e+00
    endloop
  endfacet
  facet normal 5.484519e-01 -8.361821e-01 0.000000e+00
    outer loop
      vertex   -1.780862e+02 -2.060449e+02 1.000000e+00
      vertex   -1.780862e+02 -2.060449e+02 2.000000e+00
      vertex   -1.802558e+02 -2.074679e+02 1.000000e+00
    endloop
  endfacet
  facet normal 5.484519e-01 -8.361821e-01 0.000000e+00
    outer loop
      vertex   -1.802558e+02 -2.074679e+02 1.000000e+00
      vertex   -1.780862e+02 -2.060449e+02 2.000000e+00
      vertex   -1.802558e+02 -2.074679e+02 2.000000e+00
    endloop
  endfacet
  facet normal 4.901102e-01 -8.716605e-01 0.000000e+00
    outer loop
      vertex   -1.802558e+02 -2.074679e+02 1.000000e+00
      vertex   -1.802558e+02 -2.074679e+02 2.000000e+00
      vertex   -1.825175e+02 -2.087396e+02 1.000000e+00
    endloop
  endfacet
  facet normal 4.901102e-01 -8.716605e-01 0.000000e+00
    outer loop
      vertex   -1.825175e+02 -2.087396e+02 1.000000e+00
      vertex   -1.802558e+02 -2.074679e+02 2.000000e+00
      vertex   -1.825175e+02 -2.087396e+02 2.000000e+00
    endloop
  endfacet
  facet normal 4.294834e-01 -9.030747e-01 0.000000e+00
    outer loop
      vertex   -1.825175e+02 -2.087396e+02 1.000000e+00
      vertex   -1.825175e+02 -2.087396e+02 2.000000e+00
      vertex   -1.848608e+02 -2.098540e+02 1.000000e+00
    endloop
  endfacet
  facet normal 4.294834e-01 -9.030747e-01 0.000000e+00
    outer loop
      vertex   -1.848608e+02 -2.098540e+02 1.000000e+00
      vertex   -1.825175e+02 -2.087396e+02 2.000000e+00
      vertex   -1.848608e+02 -2.098540e+02 2.000000e+00
    endloop
  endfacet
  facet normal 3.668542e-01 -9.302784e-01 0.000000e+00
    outer loop
      vertex   -1.848608e+02 -2.098540e+02 1.000000e+00
      vertex   -1.848608e+02 -2.098540e+02 2.000000e+00
      vertex   -1.872746e+02 -2.108059e+02 1.000000e+00
    endloop
  endfacet
  facet normal 3.668542e-01 -9.302784e-01 0.000000e+00
    outer loop
      vertex   -1.872746e+02 -2.108059e+02 1.000000e+00
      vertex   -1.848608e+02 -2.098540e+02 2.000000e+00
      vertex   -1.872746e+02 -2.108059e+02 2.000000e+00
    endloop
  endfacet
  facet normal 3.025146e-01 -9.531448e-01 0.000000e+00
    outer loop
      vertex   -1.872746e+02 -2.108059e+02 1.000000e+00
      vertex   -1.872746e+02 -2.108059e+02 2.000000e+00
      vertex   -1.897477e+02 -2.115909e+02 1.000000e+00
    endloop
  endfacet
  facet normal 3.025146e-01 -9.531448e-01 0.000000e+00
    outer loop
      vertex   -1.897477e+02 -2.115909e+02 1.000000e+00
      vertex   -1.872746e+02 -2.108059e+02 2.000000e+00
      vertex   -1.897477e+02 -2.115909e+02 2.000000e+00
    endloop
  endfacet
  facet normal 2.367644e-01 -9.715671e-01 0.000000e+00
    outer loop
      vertex   -1.897477e+02 -2.115909e+02 1.000000e+00
      vertex   -1.897477e+02 -2.115909e+02 2.000000e+00
      vertex   -1.922687e+02 -2.122052e+02 1.000000e+00
    endloop
  endfacet
  facet normal 2.367644e-01 -9.715671e-01 0.000000e+00
    outer loop
      vertex   -1.922687e+02 -2.122052e+02 1.000000e+00
      vertex   -1.897477e+02 -2.115909e+02 2.000000e+00
      vertex   -1.922687e+02 -2.122052e+02 2.000000e+00
    endloop
  endfacet
  facet normal 1.699104e-01 -9.854595e-01 0.000000e+00
    outer loop
      vertex   -1.922687e+02 -2.122052e+02 1.000000e+00
      vertex   -1.922687e+02 -2.122052e+02 2.000000e+00
      vertex   -1.948257e+02 -2.126461e+02 1.000000e+00
    endloop
  endfacet
  facet normal 1.699104e-01 -9.854595e-01 0.000000e+00
    outer loop
      vertex   -1.948257e+02 -2.126461e+02 1.000000e+00
      vertex   -1.922687e+02 -2.122052e+02 2.000000e+00
      vertex   -1.948257e+02 -2.126461e+02 2.000000e+00
    endloop
  endfacet
  facet normal 1.022641e-01 -9.947573e-01 0.000000e+00
    outer loop
      vertex   -1.948257e+02 -2.126461e+02 1.000000e+00
      vertex   -1.948257e+02 -2.126461e+02 2.000000e+00
      vertex   -1.974068e+02 -2.129114e+02 1.000000e+00
    endloop
  endfacet
  facet normal 1.022641e-01 -9.947573e-01 0.000000e+00
    outer loop
      vertex   -1.974068e+02 -2.129114e+02 1.000000e+00
      vertex   -1.948257e+02 -2.126461e+02 2.000000e+00
      vertex   -1.974068e+02 -2.129114e+02 2.000000e+00
    endloop
  endfacet
  facet normal 3.414111e-02 -9.994170e-01 0.000000e+00
    outer loop
      vertex   -1.974068e+02 -2.129114e+02 1.000000e+00
      vertex   -1.974068e+02 -2.129114e+02 2.000000e+00
      vertex   -2.000000e+02 -2.130000e+02 1.000000e+00
    endloop
  endfacet
  facet normal 3.414111e-02 -9.994170e-01 0.000000e+00
    outer loop
      vertex   -2.000000e+02 -2.130000e+02 1.000000e+00
      vertex   -1.974068e+02 -2.129114e+02 2.000000e+00
      vertex   -2.000000e+02 -2.130000e+02 2.000000e+00
    endloop
  endfacet
  facet normal -3.414111e-02 -9.994170e-01 0.000000e+00
    outer loop
      vertex   -2.000000e+02 -2.130000e+02 1.000000e+00
      vertex   -2.000000e+02 -2.130000e+02 2.000000e+00
      vertex   -2.025932e+02 -2.129114e+02 1.000000e+00
    endloop
  endfacet
  facet normal -3.414111e-02 -9.994170e-01 0.000000e+00
    outer loop
      vertex   -2.025932e+02 -2.129114e+02 1.000000e+00
      vertex   -2.000000e+02 -2.130000e+02 2.000000e+00
      vertex   -2.025932e+02 -2.129114e+02 2.000000e+00
    endloop
  endfacet
  facet normal -1.022641e-01 -9.947573e-01 0.000000e+00
    outer loop
      vertex   -2.025932e+02 -2.129114e+02 1.000000e+00
      vertex   -2.025932e+02 -2.129114e+02 2.000000e+00
      vertex   -2.051743e+02 -2.126461e+02 1.000000e+00
    endloop
  endfacet
  facet normal -1.022641e-01 -9.947573e-01 0.000000e+00
    outer loop
      vertex   -2.051743e+02 -2.126461e+02 1.000000e+00
      vertex   -2.025932e+02 -2.129114e+02 2.000000e+00
      vertex   -2.051743e+02 -2.126461e+02 2.000000e+00
    endloop
  endfacet
  facet normal -1.699104e-01 -9.854595e-01 0.000000e+00
    outer loop
      vertex   -2.051743e+02 -2.126461e+02 1.000000e+00
      vertex   -2.051743e+02 -2.126461e+02 2.000000e+00
      vertex   -2.077313e+02 -2.122052e+02 1.000000e+00
    endloop
  endfacet
  facet normal -1.699104e-01 -9.854595e-01 0.000000e+00
    outer loop
      vertex   -2.077313e+02 -2.122052e+02 1.000000e+00
      vertex   -2.051743e+02 -2.126461e+02 2.000000e+00
      vertex   -2.077313e+02 -2.122052e+02 2.000000e+00
    endloop
  endfacet
  facet normal -2.367644e-01 -9.715671e-01 0.000000e+00
    outer loop
      vertex   -2.077313e+02 -2.122052e+02 1.000000e+00
      vertex   -2.077313e+02 -2.122052e+02 2.000000e+00
      vertex   -2.102523e+02 -2.115909e+02 1.000000e+00
    endloop
  endfacet
  facet normal -2.367644e-01 -9.715671e-01 0.000000e+00
    outer loop
      vertex   -2.102523e+02 -2.115909e+02 1.000000e+00
      vertex   -2.077313e+02 -2.122052e+02 2.000000e+00
      vertex   -2.102523e+02 -2.115909e+02 2.000000e+00
    endloop
  endfacet
  facet normal -3.025146e-01 -9.531448e-01 0.000000e+00
    outer loop
      vertex   -2.102523e+02 -2.115909e+02 1.000000e+00
      vertex   -2.102523e+02 -2.115909e+02 2.000000e+00
      vertex   -2.127254e+02 -2.108059e+02 1.000000e+00
    endloop
  endfacet
  facet normal -3.025146e-01 -9.531448e-01 0.000000e+00
    outer loop
      vertex   -2.127254e+02 -2.108059e+02 1.000000e+00
      vertex   -2.102523e+02 -2.115909e+02 2.000000e+00
      vertex   -2.127254e+02 -2.108059e+02 2.000000e+00
    endloop
  endfacet
  facet normal -3.668542e-01 -9.302784e-01 0.000000e+00
    outer loop
      vertex   -2.127254e+02 -2.108059e+02 1.000000e+00
      vertex   -2.127254e+02 -2.108059e+02 2.000000e+00
      vertex   -2.151392e+02 -2.098540e+02 1.000000e+00
    endloop
  endfacet
  facet normal -3.668542e-01 -9.302784e-01 0.000000e+00
    outer loop
      vertex   -2.151392e+02 -2.098540e+02 1.000000e+00
      vertex   -2.127254e+02 -2.108059e+02 2.000000e+00
      vertex   -2.151392e+02 -2.098540e+02 2.000000e+00
    endloop
  endfacet
  facet normal -4.294834e-01 -9.030747e-01 0.000000e+00
    outer loop
      vertex   -2.151392e+02 -2.098540e+02 1.000000e+00
      vertex   -2.151392e+02 -2.098540e+02 2.000000e+00
      vertex   -2.174825e+02 -2.087396e+02 1.000000e+00
    endloop
  endfacet
  facet normal -4.294834e-01 -9.030747e-01 0.000000e+00
    outer loop
      vertex   -2.174825e+02 -2.087396e+02 1.000000e+00
      vertex   -2.151392e+02 -2.098540e+02 2.000000e+00
      vertex   -2.174825e+02 -2.087396e+02 2.000000e+00
    endloop
  endfacet
  facet normal -4.901102e-01 -8.716605e-01 0.000000e+00
    outer loop
      vertex   -2.174825e+02 -2.087396e+02 1.000000e+00
      vertex   -2.174825e+02 -2.087396e+02 2.000000e+00
      vertex   -2.197442e+02 -2.074679e+02 1.000000e+00
    endloop
  endfacet
  facet normal -4.901102e-01 -8.716605e-01 0.000000e+00
    outer loop
      vertex   -2.197442e+02 -2.074679e+02 1.000000e+00
      vertex   -2.174825e+02 -2.087396e+02 2.000000e+00
      vertex   -2.197442e+02 -2.074679e+02 2.000000e+00
    endloop
  endfacet
  facet normal -5.484519e-01 -8.361821e-01 0.000000e+00
    outer loop
      vertex   -2.197442e+02 -2.074679e+02 1.000000e+00
      vertex   -2.197442e+02 -2.074679e+02 2.000000e+00
      vertex   -2.219139e+02 -2.060449e+02 1.000000e+00
    endloop
  endfacet
  facet normal -5.484519e-01 -8.361821e-01 0.000000e+00
    outer loop
      vertex   -2.219139e+02 -2.060449e+02 1.000000e+00
      vertex   -2.197442e+02 -2.074679e+02 2.000000e+00
      vertex   -2.219139e+02 -2.060449e+02 2.000000e+00
    endloop
  endfacet
  facet normal -6.042364e-01 -7.968051e-01 0.000000e+00
    outer loop
      vertex   -2.219139e+02 -2.060449e+02 1.000000e+00
      vertex   -2.219139e+02 -2.060449e+02 2.000000e+00
      vertex   -2.239813e+02 -2.044770e+02 1.000000e+00
    endloop
  endfacet
  facet normal -6.042364e-01 -7.968051e-01 0.000000e+00
    outer loop
      vertex   -2.239813e+02 -2.044770e+02 1.000000e+00
      vertex   -2.219139e+02 -2.060449e+02 2.000000e+00
      vertex   -2.239813e+02 -2.044770e+02 2.000000e+00
    endloop
  endfacet
  facet normal -6.572037e-01 -7.537130e-01 0.000000e+00
    outer loop
      vertex   -2.239813e+02 -2.044770e+02 1.000000e+00
      vertex   -2.239813e+02 -2.044770e+02 2.000000e+00
      vertex   -2.259370e+02 -2.027718e+02 1.000000e+00
    endloop
  endfacet
  facet normal -6.572037e-01 -7.537130e-01 0.000000e+00
    outer loop
      vertex   -2.259370e+02 -2.027718e+02 1.000000e+00
      vertex   -2.239813e+02 -2.044770e+02 2.000000e+00
      vertex   -2.259370e+02 -2.027718e+02 2.000000e+00
    endloop
  endfacet
  facet normal -7.071068e-01 -7.071068e-01 0.000000e+00
    outer loop
      vertex   -2.259370e+02 -2.027718e+02 1.000000e+00
      vertex   -2.259370e+02 -2.027718e+02 2.000000e+00
      vertex   -2.277718e+02 -2.009370e+02 1.000000e+00
    endloop
  endfacet
  facet normal -7.071068e-01 -7.071068e-01 0.000000e+00
    outer loop
      vertex   -2.277718e+02 -2.009370e+02 1.000000e+00
      vertex   -2.259370e+02 -2.027718e+02 2.000000e+00
      vertex   -2.277718e+02 -2.009370e+02 2.000000e+00
    endloop
  endfacet
  facet normal -7.537130e-01 -6.572037e-01 0.000000e+00
    outer loop
      vertex   -2.277718e+02 -2.009370e+02 1.000000e+00
      vertex   -2.277718e+02 -2.009370e+02 2.000000e+00
      vertex   -2.294770e+02 -1.989813e+02 1.000000e+00
    endloop
  endfacet
  facet normal -7.537130e-01 -6.572037e-01 0.000000e+00
    outer loop
      vertex   -2.294770e+02 -1.989813e+02 1.000000e+00
      vertex   -2.277718e+02 -2.009370e+02 2.000000e+00
      vertex   -2.294770e+02 -1.989813e+02 2.000000e+00
    endloop
  endfacet
  facet normal -7.968051e-01 -6.042364e-01 0.000000e+00
    outer loop
      vertex   -2.294770e+02 -1.989813e+02 1.000000e+00
      vertex   -2.294770e+02 -1.989813e+02 2.000000e+00
      vertex   -2.310449e+02 -1.969139e+02 1.000000e+00
    endloop
  endfacet
  facet normal -7.968051e-01 -6.042364e-01 0.000000e+00
    outer loop
      vertex   -2.310449e+02 -1.969139e+02 1.000000e+00
      vertex   -2.294770e+02 -1.989813e+02 2.000000e+00
      vertex   -2.310449e+02 -1.969139e+02 2.000000e+00
    endloop
  endfacet
  facet normal -8.361821e-01 -5.484519e-01 0.000000e+00
    outer loop
      vertex   -2.310449e+02 -1.969139e+02 1.000000e+00
      vertex   -2.310449e+02 -1.969139e+02 2.000000e+00
      vertex   -2.324679e+02 -1.947442e+02 1.000000e+00
    endloop
  endfacet
  facet normal -8.361821e-01 -5.484519e-01 0.000000e+00
    outer loop
      vertex   -2.324679e+02 -1.947442e+02 1.000000e+00
      vertex   -2.310449e+02 -1.969139e+02 2.000000e+00
      vertex   -2.324679e+02 -1.947442e+02 2.000000e+00
    endloop
  endfacet
  facet normal -8.716605e-01 -4.901102e-01 0.000000e+00
    outer loop
      vertex   -2.324679e+02 -1.947442e+02 1.000000e+00
      vertex   -2.324679e+02 -1.947442e+02 2.000000e+00
      vertex   -2.337396e+02 -1.924825e+02 1.000000e+00
    endloop
  endfacet
  facet normal -8.716605e-01 -4.901102e-01 0.000000e+00
    outer loop
      vertex   -2.337396e+02 -1.924825e+02 1.000000e+00
      vertex   -2.324679e+02 -1.947442e+02 2.000000e+00
      vertex   -2.337396e+02 -1.924825e+02 2.000000e+00
    endloop
  endfacet
  facet normal -9.030747e-01 -4.294834e-01 0.000000e+00
    outer loop
      vertex   -2.337396e+02 -1.924825e+02 1.000000e+00
      vertex   -2.337396e+02 -1.924825e+02 2.000000e+00
      vertex   -2.348540e+02 -1.901392e+02 1.000000e+00
    endloop
  endfacet
  facet normal -9.030747e-01 -4.294834e-01 0.000000e+00
    outer loop
      vertex   -2.348540e+02 -1.901392e+02 1.000000e+00
      vertex   -2.337396e+02 -1.924825e+02 2.000000e+00
      vertex   -2.348540e+02 -1.901392e+02 2.000000e+00
    endloop
  endfacet
  facet normal -9.302784e-01 -3.668542e-01 0.000000e+00
    outer loop
      vertex   -2.348540e+02 -1.901392e+02 1.000000e+00
      vertex   -2.348540e+02 -1.901392e+02 2.000000e+00
      vertex   -2.358059e+02 -1.877254e+02 1.000000e+00
    endloop
  endfacet
  facet normal -9.302784e-01 -3.668542e-01 0.000000e+00
    outer loop
      vertex   -2.358059e+02 -1.877254e+02 1.000000e+00
      vertex   -2.348540e+02 -1.901392e+02 2.000000e+00
      vertex   -2.358059e+02 -1.877254e+02 2.000000e+00
    endloop
  endfacet
  facet normal -9.531448e-01 -3.025146e-01 0.000000e+00
    outer loop
      vertex   -2.358059e+02 -1.877254e+02 1.000000e+00
      vertex   -2.358059e+02 -1.877254e+02 2.000000e+00
      vertex   -2.365909e+02 -1.852523e+02 1.000000e+00
    endloop
  endfacet
  facet normal -9.531448e-01 -3.025146e-01 0.000000e+00
    outer loop
      vertex   -2.365909e+02 -1.852523e+02 1.000000e+00
      vertex   -2.358059e+02 -1.877254e+02 2.000000e+00
      vertex   -2.365909e+02 -1.852523e+02 2.000000e+00
    endloop
  endfacet
  facet normal -9.715671e-01 -2.367644e-01 0.000000e+00
    outer loop
      vertex   -2.365909e+02 -1.852523e+02 1.000000e+00
      vertex   -2.365909e+02 -1.852523e+02 2.000000e+00
      vertex   -2.372052e+02 -1.827313e+02 1.000000e+00
    endloop
  endfacet
  facet normal -9.715671e-01 -2.367644e-01 0.000000e+00
    outer loop
      vertex   -2.372052e+02 -1.827313e+02 1.000000e+00
      vertex   -2.365909e+02 -1.852523e+02 2.000000e+00
      vertex   -2.372052e+02 -1.827313e+02 2.000000e+00
    endloop
  endfacet
  facet normal -9.854595e-01 -1.699104e-01 0.000000e+00
    outer loop
      vertex   -2.372052e+02 -1.827313e+02 1.000000e+00
      vertex   -2.372052e+02 -1.827313e+02 2.000000e+00
      vertex   -2.376461e+02 -1.801743e+02 1.000000e+00
    endloop
  endfacet
  facet normal -9.854595e-01 -1.699104e-01 0.000000e+00
    outer loop
      vertex   -2.376461e+02 -1.801743e+02 1.000000e+00
      vertex   -2.372052e+02 -1.827313e+02 2.000000e+00
      vertex   -2.376461e+02 -1.801743e+02 2.000000e+00
    endloop
  endfacet
  facet normal -9.947573e-01 -1.022641e-01 0.000000e+00
    outer loop
      vertex   -2.376461e+02 -1.801743e+02 1.000000e+00
      vertex   -2.376461e+02 -1.801743e+02 2.000000e+00
      vertex   -2.379114e+02 -1.775932e+02 1.000000e+00
    endloop
  endfacet
  facet normal -9.947573e-01 -1.022641e-01 0.000000e+00
    outer loop
      vertex   -2.379114e+02 -1.775932e+02 1.000000e+00
      vertex   -2.376461e+02 -1.801743e+02 2.000000e+00
      vertex   -2.379114e+02 -1.775932e+02 2.000000e+00
    endloop
  endfacet
  facet normal -9.994170e-01 -3.414111e-02 0.000000e+00
    outer loop
      vertex   -2.379114e+02 -1.775932e+02 1.000000e+00
      vertex   -2.379114e+02 -1.775932e+02 2.000000e+00
      vertex   -2.380000e+02 -1.750000e+02 1.000000e+00
    endloop
  endfacet
  facet normal -9.994170e-01 -3.414111e-02 0.000000e+00
    outer loop
      vertex   -2.380000e+02 -1.750000e+02 1.000000e+00
      vertex   -2.379114e+02 -1.775932e+02 2.000000e+00
      vertex   -2.380000e+02 -1.750000e+02 2.000000e+00
    endloop
  endfacet
  facet normal -9.994170e-01 3.414111e-02 0.000000e+00
    outer loop
      vertex   -2.380000e+02 -1.750000e+02 1.000000e+00
      vertex   -2.380000e+02 -1.750000e+02 2.000000e+00
      vertex   -2.379114e+02 -1.724068e+02 1.000000e+00
    endloop
  endfacet
  facet normal -9.994170e-01 3.414111e-02 0.000000e+00
    outer loop
      vertex   -2.379114e+02 -1.724068e+02 1.000000e+00
      vertex   -2.380000e+02 -1.750000e+02 2.000000e+00
      vertex   -2.379114e+02 -1.724068e+02 2.000000e+00
    endloop
  endfacet
  facet normal -9.947573e-01 1.022641e-01 0.000000e+00
    outer loop
      vertex   -2.379114e+02 -1.724068e+02 1.000000e+00
      vertex   -2.379114e+02 -1.724068e+02 2.000000e+00
      vertex   -2.376461e+02 -1.698257e+02 1.000000e+00
    endloop
  endfacet
  facet normal -9.947573e-01 1.022641e-01 0.000000e+00
    outer loop
      vertex   -2.376461e+02 -1.698257e+02 1.000000e+00
      vertex   -2.379114e+02 -1.724068e+02 2.000000e+00
      vertex   -2.376461e+02 -1.698257e+02 2.000000e+00
    endloop
  endfacet
  facet normal -9.854595e-01 1.699104e-01 0.000000e+00
    outer loop
      vertex   -2.376461e+02 -1.698257e+02 1.000000e+00
      vertex   -2.376461e+02 -1.698257e+02 2.000000e+00
      vertex   -2.372052e+02 -1.672687e+02 1.000000e+00
    endloop
  endfacet
  facet normal -9.854595e-01 1.699104e-01 0.000000e+00
    outer loop
      vertex   -2.372052e+02 -1.672687e+02 1.000000e+00
      vertex   -2.376461e+02 -1.698257e+02 2.000000e+00
      vertex   -2.372052e+02 -1.672687e+02 2.000000e+00
    endloop
  endfacet
  facet normal -9.715671e-01 2.367644e-01 0.000000e+00
    outer loop
      vertex   -2.372052e+02 -1.672687e+02 1.000000e+00
      vertex   -2.372052e+02 -1.672687e+02 2.000000e+00
      vertex   -2.365909e+02 -1.647477e+02 1.000000e+00
    endloop
  endfacet
  facet normal -9.715671e-01 2.367644e-01 0.000000e+00
    outer loop
      vertex   -2.365909e+02 -1.647477e+02 1.000000e+00
      vertex   -2.372052e+02 -1.672687e+02 2.000000e+00
      vertex   -2.365909e+02 -1.647477e+02 2.000000e+00
    endloop
  endfacet
  facet normal -9.531448e-01 3.025146e-01 0.000000e+00
    outer loop
      vertex   -2.365909e+02 -1.647477e+02 1.000000e+00
      vertex   -2.365909e+02 -1.647477e+02 2.000000e+00
      vertex   -2.358059e+02 -1.622746e+02 1.000000e+00
    endloop
  endfacet
  facet normal -9.531448e-01 3.025146e-01 0.000000e+00
    outer loop
      vertex   -2.358059e+02 -1.622746e+02 1.000000e+00
      vertex   -2.365909e+02 -1.647477e+02 2.000000e+00
      vertex   -2.358059e+02 -1.622746e+02 2.000000e+00
    endloop
  endfacet
  facet normal -9.302784e-01 3.668542e-01 0.000000e+00
    outer loop
      vertex   -2.358059e+02 -1.622746e+02 1.000000e+00
      vertex   -2.358059e+02 -1.622746e+02 2.000000e+00
      vertex   -2.348540e+02 -1.598608e+02 1.000000e+00
    endloop
  endfacet
  facet normal -9.302784e-01 3.668542e-01 0.000000e+00
    outer loop
      vertex   -2.348540e+02 -1.598608e+02 1.000000e+00
      vertex   -2.358059e+02 -1.622746e+02 2.000000e+00
      vertex   -2.348540e+02 -1.598608e+02 2.000000e+00
    endloop
  endfacet
  facet normal -9.030747e-01 4.294834e-01 0.000000e+00
    outer loop
      vertex   -2.348540e+02 -1.598608e+02 1.000000e+00
      vertex   -2.348540e+02 -1.598608e+02 2.000000e+00
      vertex   -2.337396e+02 -1.575175e+02 1.000000e+00
    endloop
  endfacet
  facet normal -9.030747e-01 4.294834e-01 0.000000e+00
    outer loop
      vertex   -2.337396e+02 -1.575175e+02 1.000000e+00
      vertex   -2.348540e+02 -1.598608e+02 2.000000e+00
      vertex   -2.337396e+02 -1.575175e+02 2.000000e+00
    endloop
  endfacet
  facet normal -8.716605e-01 4.901102e-01 0.000000e+00
    outer loop
      vertex   -2.337396e+02 -1.575175e+02 1.000000e+00
      vertex   -2.337396e+02 -1.575175e+02 2.000000e+00
      vertex   -2.324679e+02 -1.552558e+02 1.000000e+00
    endloop
  endfacet
  facet normal -8.716605e-01 4.901102e-01 0.000000e+00
    outer loop
      vertex   -2.324679e+02 -1.552558e+02 1.000000e+00
      vertex   -2.337396e+02 -1.575175e+02 2.000000e+00
      vertex   -2.324679e+02 -1.552558e+02 2.000000e+00
    endloop
  endfacet
  facet normal -8.361821e-01 5.484519e-01 0.000000e+00
    outer loop
      vertex   -2.324679e+02 -1.552558e+02 1.000000e+00
      vertex   -2.324679e+02 -1.552558e+02 2.000000e+00
      vertex   -2.310449e+02 -1.530862e+02 1.000000e+00
    endloop
  endfacet
  facet normal -8.361821e-01 5.484519e-01 0.000000e+00
    outer loop
      vertex   -2.310449e+02 -1.530862e+02 1.000000e+00
      vertex   -2.324679e+02 -1.552558e+02 2.000000e+00
      vertex   -2.310449e+02 -1.530862e+02 2.000000e+00
    endloop
  endfacet
  facet normal -7.968051e-01 6.042364e-01 0.000000e+00
    outer loop
      vertex   -2.310449e+02 -1.530862e+02 1.000000e+00
      vertex   -2.310449e+02 -1.530862e+02 2.000000e+00
      vertex   -2.294770e+02 -1.510187e+02 1.000000e+00
    endloop
  endfacet
  facet normal -7.968051e-01 6.042364e-01 0.000000e+00
    outer loop
      vertex   -2.294770e+02 -1.510187e+02 1.000000e+00
      vertex   -2.310449e+02 -1.530862e+02 2.000000e+00
      vertex   -2.294770e+02 -1.510187e+02 2.000000e+00
    endloop
  endfacet
  facet normal -7.537130e-01 6.572037e-01 0.000000e+00
    outer loop
      vertex   -2.294770e+02 -1.510187e+02 1.000000e+00
      vertex   -2.294770e+02 -1.510187e+02 2.000000e+00
      vertex   -2.277718e+02 -1.490630e+02 1.000000e+00
    endloop
  endfacet
  facet normal -7.537130e-01 6.572037e-01 0.000000e+00
    outer loop
      vertex   -2.277718e+02 -1.490630e+02 1.000000e+00
      vertex   -2.294770e+02 -1.510187e+02 2.000000e+00
      vertex   -2.277718e+02 -1.490630e+02 2.000000e+00
    endloop
  endfacet
  facet normal -7.071068e-01 7.071068e-01 0.000000e+00
    outer loop
      vertex   -2.277718e+02 -1.490630e+02 1.000000e+00
      vertex   -2.277718e+02 -1.490630e+02 2.000000e+00
      vertex   -2.259370e+02 -1.472282e+02 1.000000e+00
    endloop
  endfacet
  facet normal -7.071068e-01 7.071068e-01 0.000000e+00
    outer loop
      vertex   -2.259370e+02 -1.472282e+02 1.000000e+00
      vertex   -2.277718e+02 -1.490630e+02 2.000000e+00
      vertex   -2.259370e+02 -1.472282e+02 2.000000e+00
    endloop
  endfacet
  facet normal -6.572037e-01 7.537130e-01 0.000000e+00
    outer loop
      vertex   -2.259370e+02 -1.472282e+02 1.000000e+00
      vertex   -2.259370e+02 -1.472282e+02 2.000000e+00
      vertex   -2.239813e+02 -1.455230e+02 1.000000e+00
    endloop
  endfacet
  facet normal -6.572037e-01 7.537130e-01 0.000000e+00
    outer loop
      vertex   -2.239813e+02 -1.455230e+02 1.000000e+00
      vertex   -2.259370e+02 -1.472282e+02 2.000000e+00
      vertex   -2.239813e+02 -1.455230e+02 2.000000e+00
    endloop
  endfacet
  facet normal -6.042364e-01 7.968051e-01 0.000000e+00
    outer loop
      vertex   -2.239813e+02 -1.455230e+02 1.000000e+00
      vertex   -2.239813e+02 -1.455230e+02 2.000000e+00
      vertex   -2.219139e+02 -1.439551e+02 1.000000e+00
    endloop
  endfacet
  facet normal -6.042364e-01 7.968051e-01 0.000000e+00
    outer loop
      vertex   -2.219139e+02 -1.439551e+02 1.000000e+00
      vertex   -2.239813e+02 -1.455230e+02 2.000000e+00
      vertex   -2.219139e+02 -1.439551e+02 2.000000e+00
    endloop
  endfacet
  facet normal -5.484519e-01 8.361821e-01 0.000000e+00
    outer loop
      vertex   -2.219139e+02 -1.439551e+02 1.000000e+00
      vertex   -2.219139e+02 -1.439551e+02 2.000000e+00
      vertex   -2.197442e+02 -1.425321e+02 1.000000e+00
    endloop
  endfacet
  facet normal -5.484519e-01 8.361821e-01 0.000000e+00
    outer loop
      vertex   -2.197442e+02 -1.425321e+02 1.000000e+00
      vertex   -2.219139e+02 -1.439551e+02 2.000000e+00
      vertex   -2.197442e+02 -1.425321e+02 2.000000e+00
    endloop
  endfacet
  facet normal -4.901102e-01 8.716605e-01 0.000000e+00
    outer loop
      vertex   -2.197442e+02 -1.425321e+02 1.000000e+00
      vertex   -2.197442e+02 -1.425321e+02 2.000000e+00
      vertex   -2.174825e+02 -1.412604e+02 1.000000e+00
    endloop
  endfacet
  facet normal -4.901102e-01 8.716605e-01 0.000000e+00
    outer loop
      vertex   -2.174825e+02 -1.412604e+02 1.000000e+00
      vertex   -2.197442e+02 -1.425321e+02 2.000000e+00
      vertex   -2.174825e+02 -1.412604e+02 2.000000e+00
    endloop
  endfacet
  facet normal -4.294834e-01 9.030747e-01 0.000000e+00
    outer loop
      vertex   -2.174825e+02 -1.412604e+02 1.000000e+00
      vertex   -2.174825e+02 -1.412604e+02 2.000000e+00
      vertex   -2.151392e+02 -1.401460e+02 1.000000e+00
    endloop
  endfacet
  facet normal -4.294834e-01 9.030747e-01 0.000000e+00
    outer loop
      vertex   -2.151392e+02 -1.401460e+02 1.000000e+00
      vertex   -2.174825e+02 -1.412604e+02 2.000000e+00
      vertex   -2.151392e+02 -1.401460e+02 2.000000e+00
    endloop
  endfacet
  facet normal -3.668542e-01 9.302784e-01 0.000000e+00
    outer loop
      vertex   -2.151392e+02 -1.401460e+02 1.000000e+00
      vertex   -2.151392e+02 -1.401460e+02 2.000000e+00
      vertex   -2.127254e+02 -1.391941e+02 1.000000e+00
    endloop
  endfacet
  facet normal -3.668542e-01 9.302784e-01 0.000000e+00
    outer loop
      vertex   -2.127254e+02 -1.391941e+02 1.000000e+00
      vertex   -2.151392e+02 -1.401460e+02 2.000000e+00
      vertex   -2.127254e+02 -1.391941e+02 2.000000e+00
    endloop
  endfacet
  facet normal -3.025146e-01 9.531448e-01 0.000000e+00
    outer loop
      vertex   -2.127254e+02 -1.391941e+02 1.000000e+00
      vertex   -2.127254e+02 -1.391941e+02 2.000000e+00
      vertex   -2.102523e+02 -1.384091e+02 1.000000e+00
    endloop
  endfacet
  facet normal -3.025146e-01 9.531448e-01 0.000000e+00
    outer loop
      vertex   -2.102523e+02 -1.384091e+02 1.000000e+00
      vertex   -2.127254e+02 -1.391941e+02 2.000000e+00
      vertex   -2.102523e+02 -1.384091e+02 2.000000e+00
    endloop
  endfacet
  facet normal -2.367644e-01 9.715671e-01 0.000000e+00
    outer loop
      vertex   -2.102523e+02 -1.384091e+02 1.000000e+00
      vertex   -2.102523e+02 -1.384091e+02 2.000000e+00
      vertex   -2.077313e+02 -1.377948e+02 1.000000e+00
    endloop
  endfacet
  facet normal -2.367644e-01 9.715671e-01 0.000000e+00
    outer loop
      vertex   -2.077313e+02 -1.377948e+02 1.000000e+00
      vertex   -2.102523e+02 -1.384091e+02 2.000000e+00
      vertex   -2.077313e+02 -1.377948e+02 2.000000e+00
    endloop
  endfacet
  facet normal -1.699104e-01 9.854595e-01 0.000000e+00
    outer loop
      vertex   -2.077313e+02 -1.377948e+02 1.000000e+00
      vertex   -2.077313e+02 -1.377948e+02 2.000000e+00
      vertex   -2.051743e+02 -1.373539e+02 1.000000e+00
    endloop
  endfacet
  facet normal -1.699104e-01 9.854595e-01 0.000000e+00
    outer loop
      vertex   -2.051743e+02 -1.373539e+02 1.000000e+00
      vertex   -2.077313e+02 -1.377948e+02 2.000000e+00
      vertex   -2.051743e+02 -1.373539e+02 2.000000e+00
    endloop
  endfacet
  facet normal -1.022641e-01 9.947573e-01 0.000000e+00
    outer loop
      vertex   -2.051743e+02 -1.373539e+02 1.000000e+00
      vertex   -2.051743e+02 -1.373539e+02 2.000000e+00
      vertex   -2.025932e+02 -1.370886e+02 1.000000e+00
    endloop
  endfacet
  facet normal -1.022641e-01 9.947573e-01 0.000000e+00
    outer loop
      vertex   -2.025932e+02 -1.370886e+02 1.000000e+00
      vertex   -2.051743e+02 -1.373539e+02 2.000000e+00
      vertex   -2.025932e+02 -1.370886e+02 2.000000e+00
    endloop
  endfacet
  facet normal -3.414111e-02 9.994170e-01 0.000000e+00
    outer loop
      vertex   -2.025932e+02 -1.370886e+02 1.000000e+00
      vertex   -2.025932e+02 -1.370886e+02 2.000000e+00
      vertex   -2.000000e+02 -1.370000e+02 1.000000e+00
    endloop
  endfacet
  facet normal -3.414111e-02 9.994170e-01 0.000000e+00
    outer loop
      vertex   -2.000000e+02 -1.370000e+02 1.000000e+00
      vertex   -2.025932e+02 -1.370886e+02 2.000000e+00
      vertex   -2.000000e+02 -1.370000e+02 2.000000e+00
    endloop
  endfacet
  facet normal 3.414111e-02 9.994170e-01 -0.000000e+00
    outer loop
      vertex   -2.000000e+02 -1.370000e+02 1.000000e+00
      vertex   -2.000000e+02 -1.370000e+02 2.000000e+00
      vertex   -1.974068e+02 -1.370886e+02 1.000000e+00
    endloop
  endfacet
  facet normal 3.414111e-02 9.994170e-01 -0.000000e+00
    outer loop
      vertex   -1.974068e+02 -1.370886e+02 1.000000e+00
      vertex   -2.000000e+02 -1.370000e+02 2.000000e+00
      vertex   -1.974068e+02 -1.370886e+02 2.000000e+00
    endloop
  endfacet
  facet normal 1.022641e-01 9.947573e-01 -0.000000e+00
    outer loop
      vertex   -1.974068e+02 -1.370886e+02 1.000000e+00
      vertex   -1.974068e+02 -1.370886e+02 2.000000e+00
      vertex   -1.948257e+02 -1.373539e+02 1.000000e+00
    endloop
  endfacet
  facet normal 1.022641e-01 9.947573e-01 -0.000000e+00
    outer loop
      vertex   -1.948257e+02 -1.373539e+02 1.000000e+00
      vertex   -1.974068e+02 -1.370886e+02 2.000000e+00
      vertex   -1.948257e+02 -1.373539e+02 2.000000e+00
    endloop
  endfacet
  facet normal 1.699104e-01 9.854595e-01 -0.000000e+00
    outer loop
      vertex   -1.948257e+02 -1.373539e+02 1.000000e+00
      vertex   -1.948257e+02 -1.373539e+02 2.000000e+00
      vertex   -1.922687e+02 -1.377948e+02 1.000000e+00
    endloop
  endfacet
  facet normal 1.699104e-01 9.854595e-01 -0.000000e+00
    outer loop
      vertex   -1.922687e+02 -1.377948e+02 1.000000e+00
      vertex   -1.948257e+02 -1.373539e+02 2.000000e+00
      vertex   -1.922687e+02 -1.377948e+02 2.000000e+00
    endloop
  endfacet
  facet normal 2.367644e-01 9.715671e-01 -0.000000e+00
    outer loop
      vertex   -1.922687e+02 -1.377948e+02 1.000000e+00
      vertex   -1.922687e+02 -1.377948e+02 2.000000e+00
      vertex   -1.897477e+02 -1.384091e+02 1.000000e+00
    endloop
  endfacet
  facet normal 2.367644e-01 9.715671e-01 -0.000000e+00
    outer loop
      vertex   -1.897477e+02 -1.384091e+02 1.000000e+00
      vertex   -1.922687e+02 -1.377948e+02 2.000000e+00
      vertex   -1.897477e+02 -1.384091e+02 2.000000e+00
    endloop
  endfacet
  facet normal 3.025146e-01 9.531448e-01 -0.000000e+00
    outer loop
      vertex   -1.897477e+02 -1.384091e+02 1.000000e+00
      vertex   -1.897477e+02 -1.384091e+02 2.000000e+00
      vertex   -1.872746e+02 -1.391941e+02 1.000000e+00
    endloop
  endfacet
  facet normal 3.025146e-01 9.531448e-01 -0.000000e+00
    outer loop
      vertex   -1.872746e+02 -1.391941e+02 1.000000e+00
      vertex   -1.897477e+02 -1.384091e+02 2.000000e+00
      vertex   -1.872746e+02 -1.391941e+02 2.000000e+00
    endloop
  endfacet
  facet normal 3.668542e-01 9.302784e-01 -0.000000e+00
    outer loop
      vertex   -1.872746e+02 -1.391941e+02 1.000000e+00
      vertex   -1.872746e+02 -1.391941e+02 2.000000e+00
      vertex   -1.848608e+02 -1.401460e+02 1.000000e+00
    endloop
  endfacet
  facet normal 3.668542e-01 9.302784e-01 -0.000000e+00
    outer loop
      vertex   -1.848608e+02 -1.401460e+02 1.000000e+00
      vertex   -1.872746e+02 -1.391941e+02 2.000000e+00
      vertex   -1.848608e+02 -1.401460e+02 2.000000e+00
    endloop
  endfacet
  facet normal 4.294834e-01 9.030747e-01 -0.000000e+00
    outer loop
      vertex   -1.848608e+02 -1.401460e+02 1.000000e+00
      vertex   -1.848608e+02 -1.401460e+02 2.000000e+00
      vertex   -1.825175e+02 -1.412604e+02 1.000000e+00
    endloop
  endfacet
  facet normal 4.294834e-01 9.030747e-01 -0.000000e+00
    outer loop
      vertex   -1.825175e+02 -1.412604e+02 1.000000e+00
      vertex   -1.848608e+02 -1.401460e+02 2.000000e+00
      vertex   -1.825175e+02 -1.412604e+02 2.000000e+00
    endloop
  endfacet
  facet normal 4.901102e-01 8.716605e-01 -0.000000e+00
    outer loop
      vertex   -1.825175e+02 -1.412604e+02 1.000000e+00
      vertex   -1.825175e+02 -1.412604e+02 2.000000e+00
      vertex   -1.802558e+02 -1.425321e+02 1.000000e+00
    endloop
  endfacet
  facet normal 4.901102e-01 8.716605e-01 -0.000000e+00
    outer loop
      vertex   -1.802558e+02 -1.425321e+02 1.000000e+00
      vertex   -1.825175e+02 -1.412604e+02 2.000000e+00
      vertex   -1.802558e+02 -1.425321e+02 2.000000e+00
    endloop
  endfacet
  facet normal 5.484519e-01 8.361821e-01 -0.000000e+00
    outer loop
      vertex   -1.802558e+02 -1.425321e+02 1.000000e+00
      vertex   -1.802558e+02 -1.425321e+02 2.000000e+00
      vertex   -1.780862e+02 -1.439551e+02 1.000000e+00
    endloop
  endfacet
  facet normal 5.484519e-01 8.361821e-01 -0.000000e+00
    outer loop
      vertex   -1.780862e+02 -1.439551e+02 1.000000e+00
      vertex   -1.802558e+02 -1.425321e+02 2.000000e+00
      vertex   -1.780862e+02 -1.439551e+02 2.000000e+00
    endloop
  endfacet
  facet normal 6.042364e-01 7.968051e-01 -0.000000e+00
    outer loop
      vertex   -1.780862e+02 -1.439551e+02 1.000000e+00
      vertex   -1.780862e+02 -1.439551e+02 2.000000e+00
      vertex   -1.760187e+02 -1.455230e+02 1.000000e+00
    endloop
  endfacet
  facet normal 6.042364e-01 7.968051e-01 -0.000000e+00
    outer loop
      vertex   -1.760187e+02 -1.455230e+02 1.000000e+00
      vertex   -1.780862e+02 -1.439551e+02 2.000000e+00
      vertex   -1.760187e+02 -1.455230e+02 2.000000e+00
    endloop
  endfacet
  facet normal 6.572037e-01 7.537130e-01 -0.000000e+00
    outer loop
      vertex   -1.760187e+02 -1.455230e+02 1.000000e+00
      vertex   -1.760187e+02 -1.455230e+02 2.000000e+00
      vertex   -1.740630e+02 -1.472282e+02 1.000000e+00
    endloop
  endfacet
  facet normal 6.572037e-01 7.537130e-01 -0.000000e+00
    outer loop
      vertex   -1.740630e+02 -1.472282e+02 1.000000e+00
      vertex   -1.760187e+02 -1.455230e+02 2.000000e+00
      vertex   -1.740630e+02 -1.472282e+02 2.000000e+00
    endloop
  endfacet
  facet normal 7.071068e-01 7.071068e-01 -0.000000e+00
    outer loop
      vertex   -1.740630e+02 -1.472282e+02 1.000000e+00
      vertex   -1.740630e+02 -1.472282e+02 2.000000e+00
      vertex   -1.722282e+02 -1.490630e+02 1.000000e+00
    endloop
  endfacet
  facet normal 7.071068e-01 7.071068e-01 -0.000000e+00
    outer loop
      vertex   -1.722282e+02 -1.490630e+02 1.000000e+00
      vertex   -1.740630e+02 -1.472282e+02 2.000000e+00
      vertex   -1.722282e+02 -1.490630e+02 2.000000e+00
    endloop
  endfacet
  facet normal 7.537130e-01 6.572037e-01 -0.000000e+00
    outer loop
      vertex   -1.722282e+02 -1.490630e+02 1.000000e+00
      vertex   -1.722282e+02 -1.490630e+02 2.000000e+00
      vertex   -1.705230e+02 -1.510187e+02 1.000000e+00
    endloop
  endfacet
  facet normal 7.537130e-01 6.572037e-01 -0.000000e+00
    outer loop
      vertex   -1.705230e+02 -1.510187e+02 1.000000e+00
      vertex   -1.722282e+02 -1.490630e+02 2.000000e+00
      vertex   -1.705230e+02 -1.510187e+02 2.000000e+00
    endloop
  endfacet
  facet normal 7.968051e-01 6.042364e-01 -0.000000e+00
    outer loop
      vertex   -1.705230e+02 -1.510187e+02 1.000000e+00
      vertex   -1.705230e+02 -1.510187e+02 2.000000e+00
      vertex   -1.689551e+02 -1.530862e+02 1.000000e+00
    endloop
  endfacet
  facet normal 7.968051e-01 6.042364e-01 -0.000000e+00
    outer loop
      vertex   -1.689551e+02 -1.530862e+02 1.000000e+00
      vertex   -1.705230e+02 -1.510187e+02 2.000000e+00
      vertex   -1.689551e+02 -1.530862e+02 2.000000e+00
    endloop
  endfacet
  facet normal 8.361821e-01 5.484519e-01 -0.000000e+00
    outer loop
      vertex   -1.689551e+02 -1.530862e+02 1.000000e+00
      vertex   -1.689551e+02 -1.530862e+02 2.000000e+00
      vertex   -1.675321e+02 -1.552558e+02 1.000000e+00
    endloop
  endfacet
  facet normal 8.361821e-01 5.484519e-01 -0.000000e+00
    outer loop
      vertex   -1.675321e+02 -1.552558e+02 1.000000e+00
      vertex   -1.689551e+02 -1.530862e+02 2.000000e+00
      vertex   -1.675321e+02 -1.552558e+02 2.000000e+00
    endloop
  endfacet
  facet normal 8.716605e-01 4.901102e-01 -0.000000e+00
    outer loop
      vertex   -1.675321e+02 -1.552558e+02 1.000000e+00
      vertex   -1.675321e+02 -1.552558e+02 2.000000e+00
      vertex   -1.662604e+02 -1.575175e+02 1.000000e+00
    endloop
  endfacet
  facet normal 8.716605e-01 4.901102e-01 -0.000000e+00
    outer loop
      vertex   -1.662604e+02 -1.575175e+02 1.000000e+00
      vertex   -1.675321e+02 -1.552558e+02 2.000000e+00
      vertex   -1.662604e+02 -1.575175e+02 2.000000e+00
    endloop
  endfacet
  facet normal 9.030747e-01 4.294834e-01 -0.000000e+00
    outer loop
      vertex   -1.662604e+02 -1.575175e+02 1.000000e+00
      vertex   -1.662604e+02 -1.575175e+02 2.000000e+00
      vertex   -1.651460e+02 -1.598608e+02 1.000000e+00
    endloop
  endfacet
  facet normal 9.030747e-01 4.294834e-01 -0.000000e+00
    outer loop
      vertex   -1.651460e+02 -1.598608e+02 1.000000e+00
      vertex   -1.662604e+02 -1.575175e+02 2.000000e+00
      vertex   -1.651460e+02 -1.598608e+02 2.000000e+00
    endloop
  endfacet
  facet normal 9.302784e-01 3.668542e-01 -0.000000e+00
    outer loop
      vertex   -1.651460e+02 -1.598608e+02 1.000000e+00
      vertex   -1.651460e+02 -1.598608e+02 2.000000e+00
      vertex   -1.641941e+02 -1.622746e+02 1.000000e+00
    endloop
  endfacet
  facet normal 9.302784e-01 3.668542e-01 -0.000000e+00
    outer loop
      vertex   -1.641941e+02 -1.622746e+02 1.000000e+00
      vertex   -1.651460e+02 -1.598608e+02 2.000000e+00
      vertex   -1.641941e+02 -1.622746e+02 2.000000e+00
    endloop
  endfacet
  facet normal 9.531448e-01 3.025146e-01 -0.000000e+00
    outer loop
      vertex   -1.641941e+02 -1.622746e+02 1.000000e+00
      vertex   -1.641941e+02 -1.622746e+02 2.000000e+00
      vertex   -1.634091e+02 -1.647477e+02 1.000000e+00
    endloop
  endfacet
  facet normal 9.531448e-01 3.025146e-01 -0.000000e+00
    outer loop
      vertex   -1.634091e+02 -1.647477e+02 1.000000e+00
      vertex   -1.641941e+02 -1.622746e+02 2.000000e+00
      vertex   -1.634091e+02 -1.647477e+02 2.000000e+00
    endloop
  endfacet
  facet normal 9.715671e-01 2.367644e-01 -0.000000e+00
    outer loop
      vertex   -1.634091e+02 -1.647477e+02 1.000000e+00
      vertex   -1.634091e+02 -1.647477e+02 2.000000e+00
      vertex   -1.627948e+02 -1.672687e+02 1.000000e+00
    endloop
  endfacet
  facet normal 9.715671e-01 2.367644e-01 -0.000000e+00
    outer loop
      vertex   -1.627948e+02 -1.672687e+02 1.000000e+00
      vertex   -1.634091e+02 -1.647477e+02 2.000000e+00
      vertex   -1.627948e+02 -1.672687e+02 2.000000e+00
    endloop
  endfacet
  facet normal 9.854595e-01 1.699104e-01 -0.000000e+00
    outer loop
      vertex   -1.627948e+02 -1.672687e+02 1.000000e+00
      vertex   -1.627948e+02 -1.672687e+02 2.000000e+00
      vertex   -1.623539e+02 -1.698257e+02 1.000000e+00
    endloop
  endfacet
  facet normal 9.854595e-01 1.699104e-01 -0.000000e+00
    outer loop
      vertex   -1.623539e+02 -1.698257e+02 1.000000e+00
      vertex   -1.627948e+02 -1.672687e+02 2.000000e+00
      vertex   -1.623539e+02 -1.698257e+02 2.000000e+00
    endloop
  endfacet
  facet normal 9.947573e-01 1.022641e-01 -0.000000e+00
    outer loop
      vertex   -1.623539e+02 -1.698257e+02 1.000000e+00
      vertex   -1.623539e+02 -1.698257e+02 2.000000e+00
      vertex   -1.620886e+02 -1.724068e+02 1.000000e+00
    endloop
  endfacet
  facet normal 9.947573e-01 1.022641e-01 -0.000000e+00
    outer loop
      vertex   -1.620886e+02 -1.724068e+02 1.000000e+00
      vertex   -1.623539e+02 -1.698257e+02 2.000000e+00
      vertex   -1.620886e+02 -1.724068e+02 2.000000e+00
    endloop
  endfacet
  facet normal -9.994416e-01 3.341498e-02 0.000000e+00
    outer loop
      vertex   -1.600893e+02 -1.776717e+02 1.000000e+00
      vertex   -1.600893e+02 -1.776717e+02 2.000000e+00
      vertex   -1.600000e+02 -1.750000e+02 1.000000e+00
    endloop
  endfacet
  facet normal -9.994416e-01 3.341498e-02 0.000000e+00
    outer loop
      vertex   -1.600000e+02 -1.750000e+02 1.000000e+00
      vertex   -1.600893e+02 -1.776717e+02 2.000000e+00
      vertex   -1.600000e+02 -1.750000e+02 2.000000e+00
    endloop
  endfacet
  facet normal -9.994416e-01 -3.341498e-02 0.000000e+00
    outer loop
      vertex   -1.600000e+02 -1.750000e+02 1.000000e+00
      vertex   -1.600000e+02 -1.750000e+02 2.000000e+00
      vertex   -1.600893e+02 -1.723283e+02 1.000000e+00
    endloop
  endfacet
  facet normal -9.994416e-01 -3.341498e-02 0.000000e+00
    outer loop
      vertex   -1.600893e+02 -1.723283e+02 1.000000e+00
      vertex   -1.600000e+02 -1.750000e+02 2.000000e+00
      vertex   -1.600893e+02 -1.723283e+02 2.000000e+00
    endloop
  endfacet
  facet normal -9.949778e-01 -1.000957e-01 0.000000e+00
    outer loop
      vertex   -1.600893e+02 -1.723283e+02 1.000000e+00
      vertex   -1.600893e+02 -1.723283e+02 2.000000e+00
      vertex   -1.603569e+02 -1.696685e+02 1.000000e+00
    endloop
  endfacet
  facet normal -9.949778e-01 -1.000957e-01 0.000000e+00
    outer loop
      vertex   -1.603569e+02 -1.696685e+02 1.000000e+00
      vertex   -1.600893e+02 -1.723283e+02 2.000000e+00
      vertex   -1.603569e+02 -1.696685e+02 2.000000e+00
    endloop
  endfacet
  facet normal -9.860703e-01 -1.663294e-01 0.000000e+00
    outer loop
      vertex   -1.603569e+02 -1.696685e+02 1.000000e+00
      vertex   -1.603569e+02 -1.696685e+02 2.000000e+00
      vertex   -1.608015e+02 -1.670326e+02 1.000000e+00
    endloop
  endfacet
  facet normal -9.860703e-01 -1.663294e-01 0.000000e+00
    outer loop
      vertex   -1.608015e+02 -1.670326e+02 1.000000e+00
      vertex   -1.603569e+02 -1.696685e+02 2.000000e+00
      vertex   -1.608015e+02 -1.670326e+02 2.000000e+00
    endloop
  endfacet
  facet normal -9.727587e-01 -2.318202e-01 0.000000e+00
    outer loop
      vertex   -1.608015e+02 -1.670326e+02 1.000000e+00
      vertex   -1.608015e+02 -1.670326e+02 2.000000e+00
      vertex   -1.614212e+02 -1.644322e+02 1.000000e+00
    endloop
  endfacet
  facet normal -9.727587e-01 -2.318202e-01 0.000000e+00
    outer loop
      vertex   -1.614212e+02 -1.644322e+02 1.000000e+00
      vertex   -1.608015e+02 -1.670326e+02 2.000000e+00
      vertex   -1.614212e+02 -1.644322e+02 2.000000e+00
    endloop
  endfacet
  facet normal -9.551025e-01 -2.962756e-01 0.000000e+00
    outer loop
      vertex   -1.614212e+02 -1.644322e+02 1.000000e+00
      vertex   -1.614212e+02 -1.644322e+02 2.000000e+00
      vertex   -1.622132e+02 -1.618790e+02 1.000000e+00
    endloop
  endfacet
  facet normal -9.551025e-01 -2.962756e-01 0.000000e+00
    outer loop
      vertex   -1.622132e+02 -1.618790e+02 1.000000e+00
      vertex   -1.614212e+02 -1.644322e+02 2.000000e+00
      vertex   -1.622132e+02 -1.618790e+02 2.000000e+00
    endloop
  endfacet
  facet normal -9.331806e-01 -3.594078e-01 0.000000e+00
    outer loop
      vertex   -1.622132e+02 -1.618790e+02 1.000000e+00
      vertex   -1.622132e+02 -1.618790e+02 2.000000e+00
      vertex   -1.631740e+02 -1.593844e+02 1.000000e+00
    endloop
  endfacet
  facet normal -9.331806e-01 -3.594078e-01 0.000000e+00
    outer loop
      vertex   -1.631740e+02 -1.593844e+02 1.000000e+00
      vertex   -1.622132e+02 -1.618790e+02 2.000000e+00
      vertex   -1.631740e+02 -1.593844e+02 2.000000e+00
    endloop
  endfacet
  facet normal -9.070909e-01 -4.209348e-01 0.000000e+00
    outer loop
      vertex   -1.631740e+02 -1.593844e+02 1.000000e+00
      vertex   -1.631740e+02 -1.593844e+02 2.000000e+00
      vertex   -1.642992e+02 -1.569596e+02 1.000000e+00
    endloop
  endfacet
  facet normal -9.070909e-01 -4.209348e-01 0.000000e+00
    outer loop
      vertex   -1.642992e+02 -1.569596e+02 1.000000e+00
      vertex   -1.631740e+02 -1.593844e+02 2.000000e+00
      vertex   -1.642992e+02 -1.569596e+02 2.000000e+00
    endloop
  endfacet
  facet normal -8.769499e-01 -4.805818e-01 0.000000e+00
    outer loop
      vertex   -1.642992e+02 -1.569596e+02 1.000000e+00
      vertex   -1.642992e+02 -1.569596e+02 2.000000e+00
      vertex   -1.655839e+02 -1.546153e+02 1.000000e+00
    endloop
  endfacet
  facet normal -8.769499e-01 -4.805818e-01 0.000000e+00
    outer loop
      vertex   -1.655839e+02 -1.546153e+02 1.000000e+00
      vertex   -1.642992e+02 -1.569596e+02 2.000000e+00
      vertex   -1.655839e+02 -1.546153e+02 2.000000e+00
    endloop
  endfacet
  facet normal -8.428923e-01 -5.380824e-01 0.000000e+00
    outer loop
      vertex   -1.655839e+02 -1.546153e+02 1.000000e+00
      vertex   -1.655839e+02 -1.546153e+02 2.000000e+00
      vertex   -1.670223e+02 -1.523621e+02 1.000000e+00
    endloop
  endfacet
  facet normal -8.428923e-01 -5.380824e-01 0.000000e+00
    outer loop
      vertex   -1.670223e+02 -1.523621e+02 1.000000e+00
      vertex   -1.655839e+02 -1.546153e+02 2.000000e+00
      vertex   -1.670223e+02 -1.523621e+02 2.000000e+00
    endloop
  endfacet
  facet normal -8.050701e-01 -5.931797e-01 0.000000e+00
    outer loop
      vertex   -1.670223e+02 -1.523621e+02 1.000000e+00
      vertex   -1.670223e+02 -1.523621e+02 2.000000e+00
      vertex   -1.686080e+02 -1.502100e+02 1.000000e+00
    endloop
  endfacet
  facet normal -8.050701e-01 -5.931797e-01 0.000000e+00
    outer loop
      vertex   -1.686080e+02 -1.502100e+02 1.000000e+00
      vertex   -1.670223e+02 -1.523621e+02 2.000000e+00
      vertex   -1.686080e+02 -1.502100e+02 2.000000e+00
    endloop
  endfacet
  facet normal -7.636522e-01 -6.456279e-01 0.000000e+00
    outer loop
      vertex   -1.686080e+02 -1.502100e+02 1.000000e+00
      vertex   -1.686080e+02 -1.502100e+02 2.000000e+00
      vertex   -1.703339e+02 -1.481686e+02 1.000000e+00
    endloop
  endfacet
  facet normal -7.636522e-01 -6.456279e-01 0.000000e+00
    outer loop
      vertex   -1.703339e+02 -1.481686e+02 1.000000e+00
      vertex   -1.686080e+02 -1.502100e+02 2.000000e+00
      vertex   -1.703339e+02 -1.481686e+02 2.000000e+00
    endloop
  endfacet
  facet normal -7.188237e-01 -6.951924e-01 0.000000e+00
    outer loop
      vertex   -1.703339e+02 -1.481686e+02 1.000000e+00
      vertex   -1.703339e+02 -1.481686e+02 2.000000e+00
      vertex   -1.721923e+02 -1.462471e+02 1.000000e+00
    endloop
  endfacet
  facet normal -7.188237e-01 -6.951924e-01 0.000000e+00
    outer loop
      vertex   -1.721923e+02 -1.462471e+02 1.000000e+00
      vertex   -1.703339e+02 -1.481686e+02 2.000000e+00
      vertex   -1.721923e+02 -1.462471e+02 2.000000e+00
    endloop
  endfacet
  facet normal -6.707847e-01 -7.416521e-01 0.000000e+00
    outer loop
      vertex   -1.721923e+02 -1.462471e+02 1.000000e+00
      vertex   -1.721923e+02 -1.462471e+02 2.000000e+00
      vertex   -1.741749e+02 -1.444539e+02 1.000000e+00
    endloop
  endfacet
  facet normal -6.707847e-01 -7.416521e-01 0.000000e+00
    outer loop
      vertex   -1.741749e+02 -1.444539e+02 1.000000e+00
      vertex   -1.721923e+02 -1.462471e+02 2.000000e+00
      vertex   -1.741749e+02 -1.444539e+02 2.000000e+00
    endloop
  endfacet
  facet normal -6.197499e-01 -7.847994e-01 0.000000e+00
    outer loop
      vertex   -1.741749e+02 -1.444539e+02 1.000000e+00
      vertex   -1.741749e+02 -1.444539e+02 2.000000e+00
      vertex   -1.762728e+02 -1.427972e+02 1.000000e+00
    endloop
  endfacet
  facet normal -6.197499e-01 -7.847994e-01 0.000000e+00
    outer loop
      vertex   -1.762728e+02 -1.427972e+02 1.000000e+00
      vertex   -1.741749e+02 -1.444539e+02 2.000000e+00
      vertex   -1.762728e+02 -1.427972e+02 2.000000e+00
    endloop
  endfacet
  facet normal -5.659471e-01 -8.244416e-01 0.000000e+00
    outer loop
      vertex   -1.762728e+02 -1.427972e+02 1.000000e+00
      vertex   -1.762728e+02 -1.427972e+02 2.000000e+00
      vertex   -1.784767e+02 -1.412843e+02 1.000000e+00
    endloop
  endfacet
  facet normal -5.659471e-01 -8.244416e-01 0.000000e+00
    outer loop
      vertex   -1.784767e+02 -1.412843e+02 1.000000e+00
      vertex   -1.762728e+02 -1.427972e+02 2.000000e+00
      vertex   -1.784767e+02 -1.412843e+02 2.000000e+00
    endloop
  endfacet
  facet normal -5.096166e-01 -8.604016e-01 0.000000e+00
    outer loop
      vertex   -1.784767e+02 -1.412843e+02 1.000000e+00
      vertex   -1.784767e+02 -1.412843e+02 2.000000e+00
      vertex   -1.807767e+02 -1.399220e+02 1.000000e+00
    endloop
  endfacet
  facet normal -5.096166e-01 -8.604016e-01 0.000000e+00
    outer loop
      vertex   -1.807767e+02 -1.399220e+02 1.000000e+00
      vertex   -1.784767e+02 -1.412843e+02 2.000000e+00
      vertex   -1.807767e+02 -1.399220e+02 2.000000e+00
    endloop
  endfacet
  facet normal -4.510101e-01 -8.925188e-01 0.000000e+00
    outer loop
      vertex   -1.807767e+02 -1.399220e+02 1.000000e+00
      vertex   -1.807767e+02 -1.399220e+02 2.000000e+00
      vertex   -1.831626e+02 -1.387164e+02 1.000000e+00
    endloop
  endfacet
  facet normal -4.510101e-01 -8.925188e-01 0.000000e+00
    outer loop
      vertex   -1.831626e+02 -1.387164e+02 1.000000e+00
      vertex   -1.807767e+02 -1.399220e+02 2.000000e+00
      vertex   -1.831626e+02 -1.387164e+02 2.000000e+00
    endloop
  endfacet
  facet normal -3.903893e-01 -9.206499e-01 0.000000e+00
    outer loop
      vertex   -1.831626e+02 -1.387164e+02 1.000000e+00
      vertex   -1.831626e+02 -1.387164e+02 2.000000e+00
      vertex   -1.856237e+02 -1.376728e+02 1.000000e+00
    endloop
  endfacet
  facet normal -3.903893e-01 -9.206499e-01 0.000000e+00
    outer loop
      vertex   -1.856237e+02 -1.376728e+02 1.000000e+00
      vertex   -1.831626e+02 -1.387164e+02 2.000000e+00
      vertex   -1.856237e+02 -1.376728e+02 2.000000e+00
    endloop
  endfacet
  facet normal -3.280249e-01 -9.446691e-01 0.000000e+00
    outer loop
      vertex   -1.856237e+02 -1.376728e+02 1.000000e+00
      vertex   -1.856237e+02 -1.376728e+02 2.000000e+00
      vertex   -1.881490e+02 -1.367959e+02 1.000000e+00
    endloop
  endfacet
  facet normal -3.280249e-01 -9.446691e-01 0.000000e+00
    outer loop
      vertex   -1.881490e+02 -1.367959e+02 1.000000e+00
      vertex   -1.856237e+02 -1.376728e+02 2.000000e+00
      vertex   -1.881490e+02 -1.367959e+02 2.000000e+00
    endloop
  endfacet
  facet normal -2.641954e-01 -9.644692e-01 0.000000e+00
    outer loop
      vertex   -1.881490e+02 -1.367959e+02 1.000000e+00
      vertex   -1.881490e+02 -1.367959e+02 2.000000e+00
      vertex   -1.907272e+02 -1.360897e+02 1.000000e+00
    endloop
  endfacet
  facet normal -2.641954e-01 -9.644692e-01 0.000000e+00
    outer loop
      vertex   -1.907272e+02 -1.360897e+02 1.000000e+00
      vertex   -1.881490e+02 -1.367959e+02 2.000000e+00
      vertex   -1.907272e+02 -1.360897e+02 2.000000e+00
    endloop
  endfacet
  facet normal -1.991860e-01 -9.799617e-01 0.000000e+00
    outer loop
      vertex   -1.907272e+02 -1.360897e+02 1.000000e+00
      vertex   -1.907272e+02 -1.360897e+02 2.000000e+00
      vertex   -1.933468e+02 -1.355572e+02 1.000000e+00
    endloop
  endfacet
  facet normal -1.991860e-01 -9.799617e-01 0.000000e+00
    outer loop
      vertex   -1.933468e+02 -1.355572e+02 1.000000e+00
      vertex   -1.907272e+02 -1.360897e+02 2.000000e+00
      vertex   -1.933468e+02 -1.355572e+02 2.000000e+00
    endloop
  endfacet
  facet normal -1.332870e-01 -9.910775e-01 0.000000e+00
    outer loop
      vertex   -1.933468e+02 -1.355572e+02 1.000000e+00
      vertex   -1.933468e+02 -1.355572e+02 2.000000e+00
      vertex   -1.959962e+02 -1.352009e+02 1.000000e+00
    endloop
  endfacet
  facet normal -1.332870e-01 -9.910775e-01 0.000000e+00
    outer loop
      vertex   -1.959962e+02 -1.352009e+02 1.000000e+00
      vertex   -1.933468e+02 -1.355572e+02 2.000000e+00
      vertex   -1.959962e+02 -1.352009e+02 2.000000e+00
    endloop
  endfacet
  facet normal -6.679263e-02 -9.977669e-01 0.000000e+00
    outer loop
      vertex   -1.959962e+02 -1.352009e+02 1.000000e+00
      vertex   -1.959962e+02 -1.352009e+02 2.000000e+00
      vertex   -1.986634e+02 -1.350223e+02 1.000000e+00
    endloop
  endfacet
  facet normal -6.679263e-02 -9.977669e-01 0.000000e+00
    outer loop
      vertex   -1.986634e+02 -1.350223e+02 1.000000e+00
      vertex   -1.959962e+02 -1.352009e+02 2.000000e+00
      vertex   -1.986634e+02 -1.350223e+02 2.000000e+00
    endloop
  endfacet
  facet normal 0.000000e+00 -1.000000e+00 0.000000e+00
    outer loop
      vertex   -1.986634e+02 -1.350223e+02 1.000000e+00
      vertex   -1.986634e+02 -1.350223e+02 2.000000e+00
      vertex   -2.013366e+02 -1.350223e+02 1.000000e+00
    endloop
  endfacet
  facet normal 0.000000e+00 -1.000000e+00 0.000000e+00
    outer loop
      vertex   -2.013366e+02 -1.350223e+02 1.000000e+00
      vertex   -1.986634e+02 -1.350223e+02 2.000000e+00
      vertex   -2.013366e+02 -1.350223e+02 2.000000e+00
    endloop
  endfacet
  facet normal 6.679263e-02 -9.977669e-01 0.000000e+00
    outer loop
      vertex   -2.013366e+02 -1.350223e+02 1.000000e+00
      vertex   -2.013366e+02 -1.350223e+02 2.000000e+00
      vertex   -2.040038e+02 -1.352009e+02 1.000000e+00
    endloop
  endfacet
  facet normal 6.679263e-02 -9.977669e-01 0.000000e+00
    outer loop
      vertex   -2.040038e+02 -1.352009e+02 1.000000e+00
      vertex   -2.013366e+02 -1.350223e+02 2.000000e+00
      vertex   -2.040038e+02 -1.352009e+02 2.000000e+00
    endloop
  endfacet
  facet normal 1.332870e-01 -9.910775e-01 0.000000e+00
    outer loop
      vertex   -2.040038e+02 -1.352009e+02 1.000000e+00
      vertex   -2.040038e+02 -1.352009e+02 2.000000e+00
      vertex   -2.066532e+02 -1.355572e+02 1.000000e+00
    endloop
  endfacet
  facet normal 1.332870e-01 -9.910775e-01 0.000000e+00
    outer loop
      vertex   -2.066532e+02 -1.355572e+02 1.000000e+00
      vertex   -2.040038e+02 -1.352009e+02 2.000000e+00
      vertex   -2.066532e+02 -1.355572e+02 2.000000e+00
    endloop
  endfacet
  facet normal 1.991860e-01 -9.799617e-01 0.000000e+00
    outer loop
      vertex   -2.066532e+02 -1.355572e+02 1.000000e+00
      vertex   -2.066532e+02 -1.355572e+02 2.000000e+00
      vertex   -2.092728e+02 -1.360897e+02 1.000000e+00
    endloop
  endfacet
  facet normal 1.991860e-01 -9.799617e-01 0.000000e+00
    outer loop
      vertex   -2.092728e+02 -1.360897e+02 1.000000e+00
      vertex   -2.066532e+02 -1.355572e+02 2.000000e+00
      vertex   -2.092728e+02 -1.360897e+02 2.000000e+00
    endloop
  endfacet
  facet normal 2.641954e-01 -9.644692e-01 0.000000e+00
    outer loop
      vertex   -2.092728e+02 -1.360897e+02 1.000000e+00
      vertex   -2.092728e+02 -1.360897e+02 2.000000e+00
      vertex   -2.118510e+02 -1.367959e+02 1.000000e+00
    endloop
  endfacet
  facet normal 2.641954e-01 -9.644692e-01 0.000000e+00
    outer loop
      vertex   -2.118510e+02 -1.367959e+02 1.000000e+00
      vertex   -2.092728e+02 -1.360897e+02 2.000000e+00
      vertex   -2.118510e+02 -1.367959e+02 2.000000e+00
    endloop
  endfacet
  facet normal 3.280249e-01 -9.446691e-01 0.000000e+00
    outer loop
      vertex   -2.118510e+02 -1.367959e+02 1.000000e+00
      vertex   -2.118510e+02 -1.367959e+02 2.000000e+00
      vertex   -2.143763e+02 -1.376728e+02 1.000000e+00
    endloop
  endfacet
  facet normal 3.280249e-01 -9.446691e-01 0.000000e+00
    outer loop
      vertex   -2.143763e+02 -1.376728e+02 1.000000e+00
      vertex   -2.118510e+02 -1.367959e+02 2.000000e+00
      vertex   -2.143763e+02 -1.376728e+02 2.000000e+00
    endloop
  endfacet
  facet normal 3.903893e-01 -9.206499e-01 0.000000e+00
    outer loop
      vertex   -2.143763e+02 -1.376728e+02 1.000000e+00
      vertex   -2.143763e+02 -1.376728e+02 2.000000e+00
      vertex   -2.168374e+02 -1.387164e+02 1.000000e+00
    endloop
  endfacet
  facet normal 3.903893e-01 -9.206499e-01 0.000000e+00
    outer loop
      vertex   -2.168374e+02 -1.387164e+02 1.000000e+00
      vertex   -2.143763e+02 -1.376728e+02 2.000000e+00
      vertex   -2.168374e+02 -1.387164e+02 2.000000e+00
    endloop
  endfacet
  facet normal 4.510101e-01 -8.925188e-01 0.000000e+00
    outer loop
      vertex   -2.168374e+02 -1.387164e+02 1.000000e+00
      vertex   -2.168374e+02 -1.387164e+02 2.000000e+00
      vertex   -2.192233e+02 -1.399220e+02 1.000000e+00
    endloop
  endfacet
  facet normal 4.510101e-01 -8.925188e-01 0.000000e+00
    outer loop
      vertex   -2.192233e+02 -1.399220e+02 1.000000e+00
      vertex   -2.168374e+02 -1.387164e+02 2.000000e+00
      vertex   -2.192233e+02 -1.399220e+02 2.000000e+00
    endloop
  endfacet
  facet normal 5.096166e-01 -8.604016e-01 0.000000e+00
    outer loop
      vertex   -2.192233e+02 -1.399220e+02 1.000000e+00
      vertex   -2.192233e+02 -1.399220e+02 2.000000e+00
      vertex   -2.215233e+02 -1.412843e+02 1.000000e+00
    endloop
  endfacet
  facet normal 5.096166e-01 -8.604016e-01 0.000000e+00
    outer loop
      vertex   -2.215233e+02 -1.412843e+02 1.000000e+00
      vertex   -2.192233e+02 -1.399220e+02 2.000000e+00
      vertex   -2.215233e+02 -1.412843e+02 2.000000e+00
    endloop
  endfacet
  facet normal 5.659471e-01 -8.244416e-01 0.000000e+00
    outer loop
      vertex   -2.215233e+02 -1.412843e+02 1.000000e+00
      vertex   -2.215233e+02 -1.412843e+02 2.000000e+00
      vertex   -2.237272e+02 -1.427972e+02 1.000000e+00
    endloop
  endfacet
  facet normal 5.659471e-01 -8.244416e-01 0.000000e+00
    outer loop
      vertex   -2.237272e+02 -1.427972e+02 1.000000e+00
      vertex   -2.215233e+02 -1.412843e+02 2.000000e+00
      vertex   -2.237272e+02 -1.427972e+02 2.000000e+00
    endloop
  endfacet
  facet normal 6.197499e-01 -7.847994e-01 0.000000e+00
    outer loop
      vertex   -2.237272e+02 -1.427972e+02 1.000000e+00
      vertex   -2.237272e+02 -1.427972e+02 2.000000e+00
      vertex   -2.258251e+02 -1.444539e+02 1.000000e+00
    endloop
  endfacet
  facet normal 6.197499e-01 -7.847994e-01 0.000000e+00
    outer loop
      vertex   -2.258251e+02 -1.444539e+02 1.000000e+00
      vertex   -2.237272e+02 -1.427972e+02 2.000000e+00
      vertex   -2.258251e+02 -1.444539e+02 2.000000e+00
    endloop
  endfacet
  facet normal 6.707847e-01 -7.416521e-01 0.000000e+00
    outer loop
      vertex   -2.258251e+02 -1.444539e+02 1.000000e+00
      vertex   -2.258251e+02 -1.444539e+02 2.000000e+00
      vertex   -2.278077e+02 -1.462471e+02 1.000000e+00
    endloop
  endfacet
  facet normal 6.707847e-01 -7.416521e-01 0.000000e+00
    outer loop
      vertex   -2.278077e+02 -1.462471e+02 1.000000e+00
      vertex   -2.258251e+02 -1.444539e+02 2.000000e+00
      vertex   -2.278077e+02 -1.462471e+02 2.000000e+00
    endloop
  endfacet
  facet normal 7.188237e-01 -6.951924e-01 0.000000e+00
    outer loop
      vertex   -2.278077e+02 -1.462471e+02 1.000000e+00
      vertex   -2.278077e+02 -1.462471e+02 2.000000e+00
      vertex   -2.296661e+02 -1.481686e+02 1.000000e+00
    endloop
  endfacet
  facet normal 7.188237e-01 -6.951924e-01 0.000000e+00
    outer loop
      vertex   -2.296661e+02 -1.481686e+02 1.000000e+00
      vertex   -2.278077e+02 -1.462471e+02 2.000000e+00
      vertex   -2.296661e+02 -1.481686e+02 2.000000e+00
    endloop
  endfacet
  facet normal 7.636522e-01 -6.456279e-01 0.000000e+00
    outer loop
      vertex   -2.296661e+02 -1.481686e+02 1.000000e+00
      vertex   -2.296661e+02 -1.481686e+02 2.000000e+00
      vertex   -2.313920e+02 -1.502100e+02 1.000000e+00
    endloop
  endfacet
  facet normal 7.636522e-01 -6.456279e-01 0.000000e+00
    outer loop
      vertex   -2.313920e+02 -1.502100e+02 1.000000e+00
      vertex   -2.296661e+02 -1.481686e+02 2.000000e+00
      vertex   -2.313920e+02 -1.502100e+02 2.000000e+00
    endloop
  endfacet
  facet normal 8.050701e-01 -5.931797e-01 0.000000e+00
    outer loop
      vertex   -2.313920e+02 -1.502100e+02 1.000000e+00
      vertex   -2.313920e+02 -1.502100e+02 2.000000e+00
      vertex   -2.329777e+02 -1.523621e+02 1.000000e+00
    endloop
  endfacet
  facet normal 8.050701e-01 -5.931797e-01 0.000000e+00
    outer loop
      vertex   -2.329777e+02 -1.523621e+02 1.000000e+00
      vertex   -2.313920e+02 -1.502100e+02 2.000000e+00
      vertex   -2.329777e+02 -1.523621e+02 2.000000e+00
    endloop
  endfacet
  facet normal 8.428923e-01 -5.380824e-01 0.000000e+00
    outer loop
      vertex   -2.329777e+02 -1.523621e+02 1.000000e+00
      vertex   -2.329777e+02 -1.523621e+02 2.000000e+00
      vertex   -2.344161e+02 -1.546153e+02 1.000000e+00
    endloop
  endfacet
  facet normal 8.428923e-01 -5.380824e-01 0.000000e+00
    outer loop
      vertex   -2.344161e+02 -1.546153e+02 1.000000e+00
      vertex   -2.329777e+02 -1.523621e+02 2.000000e+00
      vertex   -2.344161e+02 -1.546153e+02 2.000000e+00
    endloop
  endfacet
  facet normal 8.769499e-01 -4.805818e-01 0.000000e+00
    outer loop
      vertex   -2.344161e+02 -1.546153e+02 1.000000e+00
      vertex   -2.344161e+02 -1.546153e+02 2.000000e+00
      vertex   -2.357008e+02 -1.569596e+02 1.000000e+00
    endloop
  endfacet
  facet normal 8.769499e-01 -4.805818e-01 0.000000e+00
    outer loop
      vertex   -2.357008e+02 -1.569596e+02 1.000000e+00
      vertex   -2.344161e+02 -1.546153e+02 2.000000e+00
      vertex   -2.357008e+02 -1.569596e+02 2.000000e+00
    endloop
  endfacet
  facet normal 9.070909e-01 -4.209348e-01 0.000000e+00
    outer loop
      vertex   -2.357008e+02 -1.569596e+02 1.000000e+00
      vertex   -2.357008e+02 -1.569596e+02 2.000000e+00
      vertex   -2.368260e+02 -1.593844e+02 1.000000e+00
    endloop
  endfacet
  facet normal 9.070909e-01 -4.209348e-01 0.000000e+00
    outer loop
      vertex   -2.368260e+02 -1.593844e+02 1.000000e+00
      vertex   -2.357008e+02 -1.569596e+02 2.000000e+00
      vertex   -2.368260e+02 -1.593844e+02 2.000000e+00
    endloop
  endfacet
  facet normal 9.331806e-01 -3.594078e-01 0.000000e+00
    outer loop
      vertex   -2.368260e+02 -1.593844e+02 1.000000e+00
      vertex   -2.368260e+02 -1.593844e+02 2.000000e+00
      vertex   -2.377868e+02 -1.618790e+02 1.000000e+00
    endloop
  endfacet
  facet normal 9.331806e-01 -3.594078e-01 0.000000e+00
    outer loop
      vertex   -2.377868e+02 -1.618790e+02 1.000000e+00
      vertex   -2.368260e+02 -1.593844e+02 2.000000e+00
      vertex   -2.377868e+02 -1.618790e+02 2.000000e+00
    endloop
  endfacet
  facet normal 9.551025e-01 -2.962756e-01 0.000000e+00
    outer loop
      vertex   -2.377868e+02 -1.618790e+02 1.000000e+00
      vertex   -2.377868e+02 -1.618790e+02 2.000000e+00
      vertex   -2.385788e+02 -1.644322e+02 1.000000e+00
    endloop
  endfacet
  facet normal 9.551025e-01 -2.962756e-01 0.000000e+00
    outer loop
      vertex   -2.385788e+02 -1.644322e+02 1.000000e+00
      vertex   -2.377868e+02 -1.618790e+02 2.000000e+00
      vertex   -2.385788e+02 -1.644322e+02 2.000000e+00
    endloop
  endfacet
  facet normal 9.727587e-01 -2.318202e-01 0.000000e+00
    outer loop
      vertex   -2.385788e+02 -1.644322e+02 1.000000e+00
      vertex   -2.385788e+02 -1.644322e+02 2.000000e+00
      vertex   -2.391985e+02 -1.670326e+02 1.000000e+00
    endloop
  endfacet
  facet normal 9.727587e-01 -2.318202e-01 0.000000e+00
    outer loop
      vertex   -2.391985e+02 -1.670326e+02 1.000000e+00
      vertex   -2.385788e+02 -1.644322e+02 2.000000e+00
      vertex   -2.391985e+02 -1.670326e+02 2.000000e+00
    endloop
  endfacet
  facet normal 9.860703e-01 -1.663294e-01 0.000000e+00
    outer loop
      vertex   -2.391985e+02 -1.670326e+02 1.000000e+00
      vertex   -2.391985e+02 -1.670326e+02 2.000000e+00
      vertex   -2.396431e+02 -1.696685e+02 1.000000e+00
    endloop
  endfacet
  facet normal 9.860703e-01 -1.663294e-01 0.000000e+00
    outer loop
      vertex   -2.396431e+02 -1.696685e+02 1.000000e+00
      vertex   -2.391985e+02 -1.670326e+02 2.000000e+00
      vertex   -2.396431e+02 -1.696685e+02 2.000000e+00
    endloop
  endfacet
  facet normal 9.949778e-01 -1.000957e-01 0.000000e+00
    outer loop
      vertex   -2.396431e+02 -1.696685e+02 1.000000e+00
      vertex   -2.396431e+02 -1.696685e+02 2.000000e+00
      vertex   -2.399107e+02 -1.723283e+02 1.000000e+00
    endloop
  endfacet
  facet normal 9.949778e-01 -1.000957e-01 0.000000e+00
    outer loop
      vertex   -2.399107e+02 -1.723283e+02 1.000000e+00
      vertex   -2.396431e+02 -1.696685e+02 2.000000e+00
      vertex   -2.399107e+02 -1.723283e+02 2.000000e+00
    endloop
  endfacet
  facet normal 9.994416e-01 -3.341498e-02 0.000000e+00
    outer loop
      vertex   -2.399107e+02 -1.723283e+02 1.000000e+00
      vertex   -2.399107e+02 -1.723283e+02 2.000000e+00
      vertex   -2.400000e+02 -1.750000e+02 1.000000e+00
    endloop
  endfacet
  facet normal 9.994416e-01 -3.341498e-02 0.000000e+00
    outer loop
      vertex   -2.400000e+02 -1.750000e+02 1.000000e+00
      vertex   -2.399107e+02 -1.723283e+02 2.000000e+00
      vertex   -2.400000e+02 -1.750000e+02 2.000000e+00
    endloop
  endfacet
  facet normal 9.994416e-01 3.341498e-02 -0.000000e+00
    outer loop
      vertex   -2.400000e+02 -1.750000e+02 1.000000e+00
      vertex   -2.400000e+02 -1.750000e+02 2.000000e+00
      vertex   -2.399107e+02 -1.776717e+02 1.000000e+00
    endloop
  endfacet
  facet normal 9.994416e-01 3.341498e-02 -0.000000e+00
    outer loop
      vertex   -2.399107e+02 -1.776717e+02 1.000000e+00
      vertex   -2.400000e+02 -1.750000e+02 2.000000e+00
      vertex   -2.399107e+02 -1.776717e+02 2.000000e+00
    endloop
  endfacet
  facet normal 9.949778e-01 1.000957e-01 -0.000000e+00
    outer loop
      vertex   -2.399107e+02 -1.776717e+02 1.000000e+00
      vertex   -2.399107e+02 -1.776717e+02 2.000000e+00
      vertex   -2.396431e+02 -1.803315e+02 1.000000e+00
    endloop
  endfacet
  facet normal 9.949778e-01 1.000957e-01 -0.000000e+00
    outer loop
      vertex   -2.396431e+02 -1.803315e+02 1.000000e+00
      vertex   -2.399107e+02 -1.776717e+02 2.000000e+00
      vertex   -2.396431e+02 -1.803315e+02 2.000000e+00
    endloop
  endfacet
  facet normal 9.860703e-01 1.663294e-01 -0.000000e+00
    outer loop
      vertex   -2.396431e+02 -1.803315e+02 1.000000e+00
      vertex   -2.396431e+02 -1.803315e+02 2.000000e+00
      vertex   -2.391985e+02 -1.829674e+02 1.000000e+00
    endloop
  endfacet
  facet normal 9.860703e-01 1.663294e-01 -0.000000e+00
    outer loop
      vertex   -2.391985e+02 -1.829674e+02 1.000000e+00
      vertex   -2.396431e+02 -1.803315e+02 2.000000e+00
      vertex   -2.391985e+02 -1.829674e+02 2.000000e+00
    endloop
  endfacet
  facet normal 9.727587e-01 2.318202e-01 -0.000000e+00
    outer loop
      vertex   -2.391985e+02 -1.829674e+02 1.000000e+00
      vertex   -2.391985e+02 -1.829674e+02 2.000000e+00
      vertex   -2.385788e+02 -1.855678e+02 1.000000e+00
    endloop
  endfacet
  facet normal 9.727587e-01 2.318202e-01 -0.000000e+00
    outer loop
      vertex   -2.385788e+02 -1.855678e+02 1.000000e+00
      vertex   -2.391985e+02 -1.829674e+02 2.000000e+00
      vertex   -2.385788e+02 -1.855678e+02 2.000000e+00
    endloop
  endfacet
  facet normal 9.551025e-01 2.962756e-01 -0.000000e+00
    outer loop
      vertex   -2.385788e+02 -1.855678e+02 1.000000e+00
      vertex   -2.385788e+02 -1.855678e+02 2.000000e+00
      vertex   -2.377868e+02 -1.881210e+02 1.000000e+00
    endloop
  endfacet
  facet normal 9.551025e-01 2.962756e-01 -0.000000e+00
    outer loop
      vertex   -2.377868e+02 -1.881210e+02 1.000000e+00
      vertex   -2.385788e+02 -1.855678e+02 2.000000e+00
      vertex   -2.377868e+02 -1.881210e+02 2.000000e+00
    endloop
  endfacet
  facet normal 9.331806e-01 3.594078e-01 -0.000000e+00
    outer loop
      vertex   -2.377868e+02 -1.881210e+02 1.000000e+00
      vertex   -2.377868e+02 -1.881210e+02 2.000000e+00
      vertex   -2.368260e+02 -1.906156e+02 1.000000e+00
    endloop
  endfacet
  facet normal 9.331806e-01 3.594078e-01 -0.000000e+00
    outer loop
      vertex   -2.368260e+02 -1.906156e+02 1.000000e+00
      vertex   -2.377868e+02 -1.881210e+02 2.000000e+00
      vertex   -2.368260e+02 -1.906156e+02 2.000000e+00
    endloop
  endfacet
  facet normal 9.070909e-01 4.209348e-01 -0.000000e+00
    outer loop
      vertex   -2.368260e+02 -1.906156e+02 1.000000e+00
      vertex   -2.368260e+02 -1.906156e+02 2.000000e+00
      vertex   -2.357008e+02 -1.930404e+02 1.000000e+00
    endloop
  endfacet
  facet normal 9.070909e-01 4.209348e-01 -0.000000e+00
    outer loop
      vertex   -2.357008e+02 -1.930404e+02 1.000000e+00
      vertex   -2.368260e+02 -1.906156e+02 2.000000e+00
      vertex   -2.357008e+02 -1.930404e+02 2.000000e+00
    endloop
  endfacet
  facet normal 8.769499e-01 4.805818e-01 -0.000000e+00
    outer loop
      vertex   -2.357008e+02 -1.930404e+02 1.000000e+00
      vertex   -2.357008e+02 -1.930404e+02 2.000000e+00
      vertex   -2.344161e+02 -1.953847e+02 1.000000e+00
    endloop
  endfacet
  facet normal 8.769499e-01 4.805818e-01 -0.000000e+00
    outer loop
      vertex   -2.344161e+02 -1.953847e+02 1.000000e+00
      vertex   -2.357008e+02 -1.930404e+02 2.000000e+00
      vertex   -2.344161e+02 -1.953847e+02 2.000000e+00
    endloop
  endfacet
  facet normal 8.428923e-01 5.380824e-01 -0.000000e+00
    outer loop
      vertex   -2.344161e+02 -1.953847e+02 1.000000e+00
      vertex   -2.344161e+02 -1.953847e+02 2.000000e+00
      vertex   -2.329777e+02 -1.976379e+02 1.000000e+00
    endloop
  endfacet
  facet normal 8.428923e-01 5.380824e-01 -0.000000e+00
    outer loop
      vertex   -2.329777e+02 -1.976379e+02 1.000000e+00
      vertex   -2.344161e+02 -1.953847e+02 2.000000e+00
      vertex   -2.329777e+02 -1.976379e+02 2.000000e+00
    endloop
  endfacet
  facet normal 8.050701e-01 5.931797e-01 -0.000000e+00
    outer loop
      vertex   -2.329777e+02 -1.976379e+02 1.000000e+00
      vertex   -2.329777e+02 -1.976379e+02 2.000000e+00
      vertex   -2.313920e+02 -1.997900e+02 1.000000e+00
    endloop
  endfacet
  facet normal 8.050701e-01 5.931797e-01 -0.000000e+00
    outer loop
      vertex   -2.313920e+02 -1.997900e+02 1.000000e+00
      vertex   -2.329777e+02 -1.976379e+02 2.000000e+00
      vertex   -2.313920e+02 -1.997900e+02 2.000000e+00
    endloop
  endfacet
  facet normal 7.636522e-01 6.456279e-01 -0.000000e+00
    outer loop
      vertex   -2.313920e+02 -1.997900e+02 1.000000e+00
      vertex   -2.313920e+02 -1.997900e+02 2.000000e+00
      vertex   -2.296661e+02 -2.018314e+02 1.000000e+00
    endloop
  endfacet
  facet normal 7.636522e-01 6.456279e-01 -0.000000e+00
    outer loop
      vertex   -2.296661e+02 -2.018314e+02 1.000000e+00
      vertex   -2.313920e+02 -1.997900e+02 2.000000e+00
      vertex   -2.296661e+02 -2.018314e+02 2.000000e+00
    endloop
  endfacet
  facet normal 7.188237e-01 6.951924e-01 -0.000000e+00
    outer loop
      vertex   -2.296661e+02 -2.018314e+02 1.000000e+00
      vertex   -2.296661e+02 -2.018314e+02 2.000000e+00
      vertex   -2.278077e+02 -2.037530e+02 1.000000e+00
    endloop
  endfacet
  facet normal 7.188237e-01 6.951924e-01 -0.000000e+00
    outer loop
      vertex   -2.278077e+02 -2.037530e+02 1.000000e+00
      vertex   -2.296661e+02 -2.018314e+02 2.000000e+00
      vertex   -2.278077e+02 -2.037530e+02 2.000000e+00
    endloop
  endfacet
  facet normal 6.707847e-01 7.416521e-01 -0.000000e+00
    outer loop
      vertex   -2.278077e+02 -2.037530e+02 1.000000e+00
      vertex   -2.278077e+02 -2.037530e+02 2.000000e+00
      vertex   -2.258251e+02 -2.055461e+02 1.000000e+00
    endloop
  endfacet
  facet normal 6.707847e-01 7.416521e-01 -0.000000e+00
    outer loop
      vertex   -2.258251e+02 -2.055461e+02 1.000000e+00
      vertex   -2.278077e+02 -2.037530e+02 2.000000e+00
      vertex   -2.258251e+02 -2.055461e+02 2.000000e+00
    endloop
  endfacet
  facet normal 6.197499e-01 7.847994e-01 -0.000000e+00
    outer loop
      vertex   -2.258251e+02 -2.055461e+02 1.000000e+00
      vertex   -2.258251e+02 -2.055461e+02 2.000000e+00
      vertex   -2.237272e+02 -2.072028e+02 1.000000e+00
    endloop
  endfacet
  facet normal 6.197499e-01 7.847994e-01 -0.000000e+00
    outer loop
      vertex   -2.237272e+02 -2.072028e+02 1.000000e+00
      vertex   -2.258251e+02 -2.055461e+02 2.000000e+00
      vertex   -2.237272e+02 -2.072028e+02 2.000000e+00
    endloop
  endfacet
  facet normal 5.659471e-01 8.244416e-01 -0.000000e+00
    outer loop
      vertex   -2.237272e+02 -2.072028e+02 1.000000e+00
      vertex   -2.237272e+02 -2.072028e+02 2.000000e+00
      vertex   -2.215233e+02 -2.087157e+02 1.000000e+00
    endloop
  endfacet
  facet normal 5.659471e-01 8.244416e-01 -0.000000e+00
    outer loop
      vertex   -2.215233e+02 -2.087157e+02 1.000000e+00
      vertex   -2.237272e+02 -2.072028e+02 2.000000e+00
      vertex   -2.215233e+02 -2.087157e+02 2.000000e+00
    endloop
  endfacet
  facet normal 5.096166e-01 8.604016e-01 -0.000000e+00
    outer loop
      vertex   -2.215233e+02 -2.087157e+02 1.000000e+00
      vertex   -2.215233e+02 -2.087157e+02 2.000000e+00
      vertex   -2.192233e+02 -2.100780e+02 1.000000e+00
    endloop
  endfacet
  facet normal 5.096166e-01 8.604016e-01 -0.000000e+00
    outer loop
      vertex   -2.192233e+02 -2.100780e+02 1.000000e+00
      vertex   -2.215233e+02 -2.087157e+02 2.000000e+00
      vertex   -2.192233e+02 -2.100780e+02 2.000000e+00
    endloop
  endfacet
  facet normal 4.510101e-01 8.925188e-01 -0.000000e+00
    outer loop
      vertex   -2.192233e+02 -2.100780e+02 1.000000e+00
      vertex   -2.192233e+02 -2.100780e+02 2.000000e+00
      vertex   -2.168374e+02 -2.112836e+02 1.000000e+00
    endloop
  endfacet
  facet normal 4.510101e-01 8.925188e-01 -0.000000e+00
    outer loop
      vertex   -2.168374e+02 -2.112836e+02 1.000000e+00
      vertex   -2.192233e+02 -2.100780e+02 2.000000e+00
      vertex   -2.168374e+02 -2.112836e+02 2.000000e+00
    endloop
  endfacet
  facet normal 3.903893e-01 9.206499e-01 -0.000000e+00
    outer loop
      vertex   -2.168374e+02 -2.112836e+02 1.000000e+00
      vertex   -2.168374e+02 -2.112836e+02 2.000000e+00
      vertex   -2.143763e+02 -2.123272e+02 1.000000e+00
    endloop
  endfacet
  facet normal 3.903893e-01 9.206499e-01 -0.000000e+00
    outer loop
      vertex   -2.143763e+02 -2.123272e+02 1.000000e+00
      vertex   -2.168374e+02 -2.112836e+02 2.000000e+00
      vertex   -2.143763e+02 -2.123272e+02 2.000000e+00
    endloop
  endfacet
  facet normal 3.280249e-01 9.446691e-01 -0.000000e+00
    outer loop
      vertex   -2.143763e+02 -2.123272e+02 1.000000e+00
      vertex   -2.143763e+02 -2.123272e+02 2.000000e+00
      vertex   -2.118510e+02 -2.132041e+02 1.000000e+00
    endloop
  endfacet
  facet normal 3.280249e-01 9.446691e-01 -0.000000e+00
    outer loop
      vertex   -2.118510e+02 -2.132041e+02 1.000000e+00
      vertex   -2.143763e+02 -2.123272e+02 2.000000e+00
      vertex   -2.118510e+02 -2.132041e+02 2.000000e+00
    endloop
  endfacet
  facet normal 2.641954e-01 9.644692e-01 -0.000000e+00
    outer loop
      vertex   -2.118510e+02 -2.132041e+02 1.000000e+00
      vertex   -2.118510e+02 -2.132041e+02 2.000000e+00
      vertex   -2.092728e+02 -2.139103e+02 1.000000e+00
    endloop
  endfacet
  facet normal 2.641954e-01 9.644692e-01 -0.000000e+00
    outer loop
      vertex   -2.092728e+02 -2.139103e+02 1.000000e+00
      vertex   -2.118510e+02 -2.132041e+02 2.000000e+00
      vertex   -2.092728e+02 -2.139103e+02 2.000000e+00
    endloop
  endfacet
  facet normal 1.991860e-01 9.799617e-01 -0.000000e+00
    outer loop
      vertex   -2.092728e+02 -2.139103e+02 1.000000e+00
      vertex   -2.092728e+02 -2.139103e+02 2.000000e+00
      vertex   -2.066532e+02 -2.144428e+02 1.000000e+00
    endloop
  endfacet
  facet normal 1.991860e-01 9.799617e-01 -0.000000e+00
    outer loop
      vertex   -2.066532e+02 -2.144428e+02 1.000000e+00
      vertex   -2.092728e+02 -2.139103e+02 2.000000e+00
      vertex   -2.066532e+02 -2.144428e+02 2.000000e+00
    endloop
  endfacet
  facet normal 1.332870e-01 9.910775e-01 -0.000000e+00
    outer loop
      vertex   -2.066532e+02 -2.144428e+02 1.000000e+00
      vertex   -2.066532e+02 -2.144428e+02 2.000000e+00
      vertex   -2.040038e+02 -2.147991e+02 1.000000e+00
    endloop
  endfacet
  facet normal 1.332870e-01 9.910775e-01 -0.000000e+00
    outer loop
      vertex   -2.040038e+02 -2.147991e+02 1.000000e+00
      vertex   -2.066532e+02 -2.144428e+02 2.000000e+00
      vertex   -2.040038e+02 -2.147991e+02 2.000000e+00
    endloop
  endfacet
  facet normal 6.679263e-02 9.977669e-01 -0.000000e+00
    outer loop
      vertex   -2.040038e+02 -2.147991e+02 1.000000e+00
      vertex   -2.040038e+02 -2.147991e+02 2.000000e+00
      vertex   -2.013366e+02 -2.149777e+02 1.000000e+00
    endloop
  endfacet
  facet normal 6.679263e-02 9.977669e-01 -0.000000e+00
    outer loop
      vertex   -2.013366e+02 -2.149777e+02 1.000000e+00
      vertex   -2.040038e+02 -2.147991e+02 2.000000e+00
      vertex   -2.013366e+02 -2.149777e+02 2.000000e+00
    endloop
  endfacet
  facet normal 0.000000e+00 1.000000e+00 0.000000e+00
    outer loop
      vertex   -2.013366e+02 -2.149777e+02 1.000000e+00
      vertex   -2.013366e+02 -2.149777e+02 2.000000e+00
      vertex   -1.986634e+02 -2.149777e+02 1.000000e+00
    endloop
  endfacet
  facet normal 0.000000e+00 1.000000e+00 -0.000000e+00
    outer loop
      vertex   -1.986634e+02 -2.149777e+02 1.000000e+00
      vertex   -2.013366e+02 -2.149777e+02 2.000000e+00
      vertex   -1.986634e+02 -2.149777e+02 2.000000e+00
    endloop
  endfacet
  facet normal -6.679263e-02 9.977669e-01 0.000000e+00
    outer loop
      vertex   -1.986634e+02 -2.149777e+02 1.000000e+00
      vertex   -1.986634e+02 -2.149777e+02 2.000000e+00
      vertex   -1.959962e+02 -2.147991e+02 1.000000e+00
    endloop
  endfacet
  facet normal -6.679263e-02 9.977669e-01 0.000000e+00
    outer loop
      vertex   -1.959962e+02 -2.147991e+02 1.000000e+00
      vertex   -1.986634e+02 -2.149777e+02 2.000000e+00
      vertex   -1.959962e+02 -2.147991e+02 2.000000e+00
    endloop
  endfacet
  facet normal -1.332870e-01 9.910775e-01 0.000000e+00
    outer loop
      vertex   -1.959962e+02 -2.147991e+02 1.000000e+00
      vertex   -1.959962e+02 -2.147991e+02 2.000000e+00
      vertex   -1.933468e+02 -2.144428e+02 1.000000e+00
    endloop
  endfacet
  facet normal -1.332870e-01 9.910775e-01 0.000000e+00
    outer loop
      vertex   -1.933468e+02 -2.144428e+02 1.000000e+00
      vertex   -1.959962e+02 -2.147991e+02 2.000000e+00
      vertex   -1.933468e+02 -2.144428e+02 2.000000e+00
    endloop
  endfacet
  facet normal -1.991860e-01 9.799617e-01 0.000000e+00
    outer loop
      vertex   -1.933468e+02 -2.144428e+02 1.000000e+00
      vertex   -1.933468e+02 -2.144428e+02 2.000000e+00
      vertex   -1.907272e+02 -2.139103e+02 1.000000e+00
    endloop
  endfacet
  facet normal -1.991860e-01 9.799617e-01 0.000000e+00
    outer loop
      vertex   -1.907272e+02 -2.139103e+02 1.000000e+00
      vertex   -1.933468e+02 -2.144428e+02 2.000000e+00
      vertex   -1.907272e+02 -2.139103e+02 2.000000e+00
    endloop
  endfacet
  facet normal -2.641954e-01 9.644692e-01 0.000000e+00
    outer loop
      vertex   -1.907272e+02 -2.139103e+02 1.000000e+00
      vertex   -1.907272e+02 -2.139103e+02 2.000000e+00
      vertex   -1.881490e+02 -2.132041e+02 1.000000e+00
    endloop
  endfacet
  facet normal -2.641954e-01 9.644692e-01 0.000000e+00
    outer loop
      vertex   -1.881490e+02 -2.132041e+02 1.000000e+00
      vertex   -1.907272e+02 -2.139103e+02 2.000000e+00
      vertex   -1.881490e+02 -2.132041e+02 2.000000e+00
    endloop
  endfacet
  facet normal -3.280249e-01 9.446691e-01 0.000000e+00
    outer loop
      vertex   -1.881490e+02 -2.132041e+02 1.000000e+00
      vertex   -1.881490e+02 -2.132041e+02 2.000000e+00
      vertex   -1.856237e+02 -2.123272e+02 1.000000e+00
    endloop
  endfacet
  facet normal -3.280249e-01 9.446691e-01 0.000000e+00
    outer loop
      vertex   -1.856237e+02 -2.123272e+02 1.000000e+00
      vertex   -1.881490e+02 -2.132041e+02 2.000000e+00
      vertex   -1.856237e+02 -2.123272e+02 2.000000e+00
    endloop
  endfacet
  facet normal -3.903893e-01 9.206499e-01 0.000000e+00
    outer loop
      vertex   -1.856237e+02 -2.123272e+02 1.000000e+00
      vertex   -1.856237e+02 -2.123272e+02 2.000000e+00
      vertex   -1.831626e+02 -2.112836e+02 1.000000e+00
    endloop
  endfacet
  facet normal -3.903893e-01 9.206499e-01 0.000000e+00
    outer loop
      vertex   -1.831626e+02 -2.112836e+02 1.000000e+00
      vertex   -1.856237e+02 -2.123272e+02 2.000000e+00
      vertex   -1.831626e+02 -2.112836e+02 2.000000e+00
    endloop
  endfacet
  facet normal -4.510101e-01 8.925188e-01 0.000000e+00
    outer loop
      vertex   -1.831626e+02 -2.112836e+02 1.000000e+00
      vertex   -1.831626e+02 -2.112836e+02 2.000000e+00
      vertex   -1.807767e+02 -2.100780e+02 1.000000e+00
    endloop
  endfacet
  facet normal -4.510101e-01 8.925188e-01 0.000000e+00
    outer loop
      vertex   -1.807767e+02 -2.100780e+02 1.000000e+00
      vertex   -1.831626e+02 -2.112836e+02 2.000000e+00
      vertex   -1.807767e+02 -2.100780e+02 2.000000e+00
    endloop
  endfacet
  facet normal -5.096166e-01 8.604016e-01 0.000000e+00
    outer loop
      vertex   -1.807767e+02 -2.100780e+02 1.000000e+00
      vertex   -1.807767e+02 -2.100780e+02 2.000000e+00
      vertex   -1.784767e+02 -2.087157e+02 1.000000e+00
    endloop
  endfacet
  facet normal -5.096166e-01 8.604016e-01 0.000000e+00
    outer loop
      vertex   -1.784767e+02 -2.087157e+02 1.000000e+00
      vertex   -1.807767e+02 -2.100780e+02 2.000000e+00
      vertex   -1.784767e+02 -2.087157e+02 2.000000e+00
    endloop
  endfacet
  facet normal -5.659471e-01 8.244416e-01 0.000000e+00
    outer loop
      vertex   -1.784767e+02 -2.087157e+02 1.000000e+00
      vertex   -1.784767e+02 -2.087157e+02 2.000000e+00
      vertex   -1.762728e+02 -2.072028e+02 1.000000e+00
    endloop
  endfacet
  facet normal -5.659471e-01 8.244416e-01 0.000000e+00
    outer loop
      vertex   -1.762728e+02 -2.072028e+02 1.000000e+00
      vertex   -1.784767e+02 -2.087157e+02 2.000000e+00
      vertex   -1.762728e+02 -2.072028e+02 2.000000e+00
    endloop
  endfacet
  facet normal -6.197499e-01 7.847994e-01 0.000000e+00
    outer loop
      vertex   -1.762728e+02 -2.072028e+02 1.000000e+00
      vertex   -1.762728e+02 -2.072028e+02 2.000000e+00
      vertex   -1.741749e+02 -2.055461e+02 1.000000e+00
    endloop
  endfacet
  facet normal -6.197499e-01 7.847994e-01 0.000000e+00
    outer loop
      vertex   -1.741749e+02 -2.055461e+02 1.000000e+00
      vertex   -1.762728e+02 -2.072028e+02 2.000000e+00
      vertex   -1.741749e+02 -2.055461e+02 2.000000e+00
    endloop
  endfacet
  facet normal -6.707847e-01 7.416521e-01 0.000000e+00
    outer loop
      vertex   -1.741749e+02 -2.055461e+02 1.000000e+00
      vertex   -1.741749e+02 -2.055461e+02 2.000000e+00
      vertex   -1.721923e+02 -2.037530e+02 1.000000e+00
    endloop
  endfacet
  facet normal -6.707847e-01 7.416521e-01 0.000000e+00
    outer loop
      vertex   -1.721923e+02 -2.037530e+02 1.000000e+00
      vertex   -1.741749e+02 -2.055461e+02 2.000000e+00
      vertex   -1.721923e+02 -2.037530e+02 2.000000e+00
    endloop
  endfacet
  facet normal -7.188237e-01 6.951924e-01 0.000000e+00
    outer loop
      vertex   -1.721923e+02 -2.037530e+02 1.000000e+00
      vertex   -1.721923e+02 -2.037530e+02 2.000000e+00
      vertex   -1.703339e+02 -2.018314e+02 1.000000e+00
    endloop
  endfacet
  facet normal -7.188237e-01 6.951924e-01 0.000000e+00
    outer loop
      vertex   -1.703339e+02 -2.018314e+02 1.000000e+00
      vertex   -1.721923e+02 -2.037530e+02 2.000000e+00
      vertex   -1.703339e+02 -2.018314e+02 2.000000e+00
    endloop
  endfacet
  facet normal -7.636522e-01 6.456279e-01 0.000000e+00
    outer loop
      vertex   -1.703339e+02 -2.018314e+02 1.000000e+00
      vertex   -1.703339e+02 -2.018314e+02 2.000000e+00
      vertex   -1.686080e+02 -1.997900e+02 1.000000e+00
    endloop
  endfacet
  facet normal -7.636522e-01 6.456279e-01 0.000000e+00
    outer loop
      vertex   -1.686080e+02 -1.997900e+02 1.000000e+00
      vertex   -1.703339e+02 -2.018314e+02 2.000000e+00
      vertex   -1.686080e+02 -1.997900e+02 2.000000e+00
    endloop
  endfacet
  facet normal -8.050701e-01 5.931797e-01 0.000000e+00
    outer loop
      vertex   -1.686080e+02 -1.997900e+02 1.000000e+00
      vertex   -1.686080e+02 -1.997900e+02 2.000000e+00
      vertex   -1.670223e+02 -1.976379e+02 1.000000e+00
    endloop
  endfacet
  facet normal -8.050701e-01 5.931797e-01 0.000000e+00
    outer loop
      vertex   -1.670223e+02 -1.976379e+02 1.000000e+00
      vertex   -1.686080e+02 -1.997900e+02 2.000000e+00
      vertex   -1.670223e+02 -1.976379e+02 2.000000e+00
    endloop
  endfacet
  facet normal -8.428923e-01 5.380824e-01 0.000000e+00
    outer loop
      vertex   -1.670223e+02 -1.976379e+02 1.000000e+00
      vertex   -1.670223e+02 -1.976379e+02 2.000000e+00
      vertex   -1.655839e+02 -1.953847e+02 1.000000e+00
    endloop
  endfacet
  facet normal -8.428923e-01 5.380824e-01 0.000000e+00
    outer loop
      vertex   -1.655839e+02 -1.953847e+02 1.000000e+00
      vertex   -1.670223e+02 -1.976379e+02 2.000000e+00
      vertex   -1.655839e+02 -1.953847e+02 2.000000e+00
    endloop
  endfacet
  facet normal -8.769499e-01 4.805818e-01 0.000000e+00
    outer loop
      vertex   -1.655839e+02 -1.953847e+02 1.000000e+00
      vertex   -1.655839e+02 -1.953847e+02 2.000000e+00
      vertex   -1.642992e+02 -1.930404e+02 1.000000e+00
    endloop
  endfacet
  facet normal -8.769499e-01 4.805818e-01 0.000000e+00
    outer loop
      vertex   -1.642992e+02 -1.930404e+02 1.000000e+00
      vertex   -1.655839e+02 -1.953847e+02 2.000000e+00
      vertex   -1.642992e+02 -1.930404e+02 2.000000e+00
    endloop
  endfacet
  facet normal -9.070909e-01 4.209348e-01 0.000000e+00
    outer loop
      vertex   -1.642992e+02 -1.930404e+02 1.000000e+00
      vertex   -1.642992e+02 -1.930404e+02 2.000000e+00
      vertex   -1.631740e+02 -1.906156e+02 1.000000e+00
    endloop
  endfacet
  facet normal -9.070909e-01 4.209348e-01 0.000000e+00
    outer loop
      vertex   -1.631740e+02 -1.906156e+02 1.000000e+00
      vertex   -1.642992e+02 -1.930404e+02 2.000000e+00
      vertex   -1.631740e+02 -1.906156e+02 2.000000e+00
    endloop
  endfacet
  facet normal -9.331806e-01 3.594078e-01 0.000000e+00
    outer loop
      vertex   -1.631740e+02 -1.906156e+02 1.000000e+00
      vertex   -1.631740e+02 -1.906156e+02 2.000000e+00
      vertex   -1.622132e+02 -1.881210e+02 1.000000e+00
    endloop
  endfacet
  facet normal -9.331806e-01 3.594078e-01 0.000000e+00
    outer loop
      vertex   -1.622132e+02 -1.881210e+02 1.000000e+00
      vertex   -1.631740e+02 -1.906156e+02 2.000000e+00
      vertex   -1.622132e+02 -1.881210e+02 2.000000e+00
    endloop
  endfacet
  facet normal -9.551025e-01 2.962756e-01 0.000000e+00
    outer loop
      vertex   -1.622132e+02 -1.881210e+02 1.000000e+00
      vertex   -1.622132e+02 -1.881210e+02 2.000000e+00
      vertex   -1.614212e+02 -1.855678e+02 1.000000e+00
    endloop
  endfacet
  facet normal -9.551025e-01 2.962756e-01 0.000000e+00
    outer loop
      vertex   -1.614212e+02 -1.855678e+02 1.000000e+00
      vertex   -1.622132e+02 -1.881210e+02 2.000000e+00
      vertex   -1.614212e+02 -1.855678e+02 2.000000e+00
    endloop
  endfacet
  facet normal -9.727587e-01 2.318202e-01 0.000000e+00
    outer loop
      vertex   -1.614212e+02 -1.855678e+02 1.000000e+00
      vertex   -1.614212e+02 -1.855678e+02 2.000000e+00
      vertex   -1.608015e+02 -1.829674e+02 1.000000e+00
    endloop
  endfacet
  facet normal -9.727587e-01 2.318202e-01 0.000000e+00
    outer loop
      vertex   -1.608015e+02 -1.829674e+02 1.000000e+00
      vertex   -1.614212e+02 -1.855678e+02 2.000000e+00
      vertex   -1.608015e+02 -1.829674e+02 2.000000e+00
    endloop
  endfacet
  facet normal -9.860703e-01 1.663294e-01 0.000000e+00
    outer loop
      vertex   -1.608015e+02 -1.829674e+02 1.000000e+00
      vertex   -1.608015e+02 -1.829674e+02 2.000000e+00
      vertex   -1.603569e+02 -1.803315e+02 1.000000e+00
    endloop
  endfacet
  facet normal -9.860703e-01 1.663294e-01 0.000000e+00
    outer loop
      vertex   -1.603569e+02 -1.803315e+02 1.000000e+00
      vertex   -1.608015e+02 -1.829674e+02 2.000000e+00
      vertex   -1.603569e+02 -1.803315e+02 2.000000e+00
    endloop
  endfacet
  facet normal -9.949778e-01 1.000957e-01 0.000000e+00
    outer loop
      vertex   -1.603569e+02 -1.803315e+02 1.000000e+00
      vertex   -1.603569e+02 -1.803315e+02 2.000000e+00
      vertex   -1.600893e+02 -1.776717e+02 1.000000e+00
    endloop
  endfacet
  facet normal -9.949778e-01 1.000957e-01 0.000000e+00
    outer loop
      vertex   -1.600893e+02 -1.776717e+02 1.000000e+00
      vertex   -1.603569e+02 -1.803315e+02 2.000000e+00
      vertex   -1.600893e+02 -1.776717e+02 2.000000e+00
    endloop
  endfacet
  facet normal -0.000000e+00 0.000000e+00 1.000000e+00
    outer loop
      vertex   -1.620886e+02 -1.775932e+02 1.000000e+00
      vertex   -1.600893e+02 -1.776717e+02 1.000000e+00
      vertex   -1.620000e+02 -1.750000e+02 1.000000e+00
    endloop
  endfacet
  facet normal -0.000000e+00 0.000000e+00 1.000000e+00
    outer loop
      vertex   -1.620000e+02 -1.750000e+02 1.000000e+00
      vertex   -1.600893e+02 -1.776717e+02 1.000000e+00
      vertex   -1.600000e+02 -1.750000e+02 1.000000e+00
    endloop
  endfacet
  facet normal 0.000000e+00 0.000000e+00 1.000000e+00
    outer loop
      vertex   -1.620000e+02 -1.750000e+02 1.000000e+00
      vertex   -1.600000e+02 -1.750000e+02 1.000000e+00
      vertex   -1.600893e+02 -1.723283e+02 1.000000e+00
    endloop
  endfacet
  facet normal 0.000000e+00 0.000000e+00 1.000000e+00
    outer loop
      vertex   -1.600893e+02 -1.776717e+02 1.000000e+00
      vertex   -1.620886e+02 -1.775932e+02 1.000000e+00
      vertex   -1.603569e+02 -1.803315e+02 1.000000e+00
    endloop
  endfacet
  facet normal 0.000000e+00 0.000000e+00 1.000000e+00
    outer loop
      vertex   -1.603569e+02 -1.803315e+02 1.000000e+00
      vertex   -1.620886e+02 -1.775932e+02 1.000000e+00
      vertex   -1.623539e+02 -1.801743e+02 1.000000e+00
    endloop
  endfacet
  facet normal 0.000000e+00 0.000000e+00 1.000000e+00
    outer loop
      vertex   -1.603569e+02 -1.803315e+02 1.000000e+00
      vertex   -1.623539e+02 -1.801743e+02 1.000000e+00
      vertex   -1.608015e+02 -1.829674e+02 1.000000e+00
    endloop
  endfacet
  facet normal 0.000000e+00 0.000000e+00 1.000000e+00
    outer loop
      vertex   -1.608015e+02 -1.829674e+02 1.000000e+00
      vertex   -1.623539e+02 -1.801743e+02 1.000000e+00
      vertex   -1.627948e+02 -1.827313e+02 1.000000e+00
    endloop
  endfacet
  facet normal 0.000000e+00 0.000000e+00 1.000000e+00
    outer loop
      vertex   -1.608015e+02 -1.829674e+02 1.000000e+00
      vertex   -1.627948e+02 -1.827313e+02 1.000000e+00
      vertex   -1.614212e+02 -1.855678e+02 1.000000e+00
    endloop
  endfacet
  facet normal 0.000000e+00 0.000000e+00 1.000000e+00
    outer loop
      vertex   -1.614212e+02 -1.855678e+02 1.000000e+00
      vertex   -1.627948e+02 -1.827313e+02 1.000000e+00
      vertex   -1.634091e+02 -1.852523e+02 1.000000e+00
    endloop
  endfacet
  facet normal 0.000000e+00 0.000000e+00 1.000000e+00
    outer loop
      vertex   -1.614212e+02 -1.855678e+02 1.000000e+00
      vertex   -1.634091e+02 -1.852523e+02 1.000000e+00
      vertex   -1.622132e+02 -1.881210e+02 1.000000e+00
    endloop
  endfacet
  facet normal 0.000000e+00 0.000000e+00 1.000000e+00
    outer loop
      vertex   -1.622132e+02 -1.881210e+02 1.000000e+00
      vertex   -1.634091e+02 -1.852523e+02 1.000000e+00
      vertex   -1.641941e+02 -1.877254e+02 1.000000e+00
    endloop
  endfacet
  facet normal 0.000000e+00 0.000000e+00 1.000000e+00
    outer loop
      vertex   -1.622132e+02 -1.881210e+02 1.000000e+00
      vertex   -1.641941e+02 -1.877254e+02 1.000000e+00
      vertex   -1.631740e+02 -1.906156e+02 1.000000e+00
    endloop
  endfacet
  facet normal 0.000000e+00 0.000000e+00 1.000000e+00
    outer loop
      vertex   -1.631740e+02 -1.906156e+02 1.000000e+00
      vertex   -1.641941e+02 -1.877254e+02 1.000000e+00
      vertex   -1.651460e+02 -1.901392e+02 1.000000e+00
    endloop
  endfacet
  facet normal 0.000000e+00 0.000000e+00 1.000000e+00
    outer loop
      vertex   -1.631740e+02 -1.906156e+02 1.000000e+00
      vertex   -1.651460e+02 -1.901392e+02 1.000000e+00
      vertex   -1.642992e+02 -1.930404e+02 1.000000e+00
    endloop
  endfacet
  facet normal 0.000000e+00 0.000000e+00 1.000000e+00
    outer loop
      vertex   -1.642992e+02 -1.930404e+02 1.000000e+00
      vertex   -1.651460e+02 -1.901392e+02 1.000000e+00
      vertex   -1.662604e+02 -1.924825e+02 1.000000e+00
    endloop
  endfacet
  facet normal 0.000000e+00 0.000000e+00 1.000000e+00
    outer loop
      vertex   -1.642992e+02 -1.930404e+02 1.000000e+00
      vertex   -1.662604e+02 -1.924825e+02 1.000000e+00
      vertex   -1.655839e+02 -1.953847e+02 1.000000e+00
    endloop
  endfacet
  facet normal 0.000000e+00 0.000000e+00 1.000000e+00
    outer loop
      vertex   -1.655839e+02 -1.953847e+02 1.000000e+00
      vertex   -1.662604e+02 -1.924825e+02 1.000000e+00
      vertex   -1.675321e+02 -1.947442e+02 1.000000e+00
    endloop
  endfacet
  facet normal 0.000000e+00 0.000000e+00 1.000000e+00
    outer loop
      vertex   -1.655839e+02 -1.953847e+02 1.000000e+00
      vertex   -1.675321e+02 -1.947442e+02 1.000000e+00
      vertex   -1.670223e+02 -1.976379e+02 1.000000e+00
    endloop
  endfacet
  facet normal 0.000000e+00 0.000000e+00 1.000000e+00
    outer loop
      vertex   -1.670223e+02 -1.976379e+02 1.000000e+00
      vertex   -1.675321e+02 -1.947442e+02 1.000000e+00
      vertex   -1.689551e+02 -1.969139e+02 1.000000e+00
    endloop
  endfacet
  facet normal 0.000000e+00 0.000000e+00 1.000000e+00
    outer loop
      vertex   -1.670223e+02 -1.976379e+02 1.000000e+00
      vertex   -1.689551e+02 -1.969139e+02 1.000000e+00
      vertex   -1.686080e+02 -1.997900e+02 1.000000e+00
    endloop
  endfacet
  facet normal 0.000000e+00 0.000000e+00 1.000000e+00
    outer loop
      vertex   -1.686080e+02 -1.997900e+02 1.000000e+00
      vertex   -1.689551e+02 -1.969139e+02 1.000000e+00
      vertex   -1.705230e+02 -1.989813e+02 1.000000e+00
    endloop
  endfacet
  facet normal 0.000000e+00 0.000000e+00 1.000000e+00
    outer loop
      vertex   -1.686080e+02 -1.997900e+02 1.000000e+00
      vertex   -1.705230e+02 -1.989813e+02 1.000000e+00
      vertex   -1.703339e+02 -2.018314e+02 1.000000e+00
    endloop
  endfacet
  facet normal 0.000000e+00 0.000000e+00 1.000000e+00
    outer loop
      vertex   -1.703339e+02 -2.018314e+02 1.000000e+00
      vertex   -1.705230e+02 -1.989813e+02 1.000000e+00
      vertex   -1.722282e+02 -2.009370e+02 1.000000e+00
    endloop
  endfacet
  facet normal 0.000000e+00 0.000000e+00 1.000000e+00
    outer loop
      vertex   -1.703339e+02 -2.018314e+02 1.000000e+00
      vertex   -1.722282e+02 -2.009370e+02 1.000000e+00
      vertex   -1.721923e+02 -2.037530e+02 1.000000e+00
    endloop
  endfacet
  facet normal 0.000000e+00 0.000000e+00 1.000000e+00
    outer loop
      vertex   -1.721923e+02 -2.037530e+02 1.000000e+00
      vertex   -1.722282e+02 -2.009370e+02 1.000000e+00
      vertex   -1.740630e+02 -2.027718e+02 1.000000e+00
    endloop
  endfacet
  facet normal 0.000000e+00 0.000000e+00 1.000000e+00
    outer loop
      vertex   -1.721923e+02 -2.037530e+02 1.000000e+00
      vertex   -1.740630e+02 -2.027718e+02 1.000000e+00
      vertex   -1.741749e+02 -2.055461e+02 1.000000e+00
    endloop
  endfacet
  facet normal 0.000000e+00 -0.000000e+00 1.000000e+00
    outer loop
      vertex   -1.741749e+02 -2.055461e+02 1.000000e+00
      vertex   -1.740630e+02 -2.027718e+02 1.000000e+00
      vertex   -1.760187e+02 -2.044770e+02 1.000000e+00
    endloop
  endfacet
  facet normal 0.000000e+00 0.000000e+00 1.000000e+00
    outer loop
      vertex   -1.741749e+02 -2.055461e+02 1.000000e+00
      vertex   -1.760187e+02 -2.044770e+02 1.000000e+00
      vertex   -1.762728e+02 -2.072028e+02 1.000000e+00
    endloop
  endfacet
  facet normal 0.000000e+00 -0.000000e+00 1.000000e+00
    outer loop
      vertex   -1.762728e+02 -2.072028e+02 1.000000e+00
      vertex   -1.760187e+02 -2.044770e+02 1.000000e+00
      vertex   -1.780862e+02 -2.060449e+02 1.000000e+00
    endloop
  endfacet
  facet normal 0.000000e+00 0.000000e+00 1.000000e+00
    outer loop
      vertex   -1.762728e+02 -2.072028e+02 1.000000e+00
      vertex   -1.780862e+02 -2.060449e+02 1.000000e+00
      vertex   -1.784767e+02 -2.087157e+02 1.000000e+00
    endloop
  endfacet
  facet normal 0.000000e+00 -0.000000e+00 1.000000e+00
    outer loop
      vertex   -1.784767e+02 -2.087157e+02 1.000000e+00
      vertex   -1.780862e+02 -2.060449e+02 1.000000e+00
      vertex   -1.802558e+02 -2.074679e+02 1.000000e+00
    endloop
  endfacet
  facet normal 0.000000e+00 0.000000e+00 1.000000e+00
    outer loop
      vertex   -1.784767e+02 -2.087157e+02 1.000000e+00
      vertex   -1.802558e+02 -2.074679e+02 1.000000e+00
      vertex   -1.807767e+02 -2.100780e+02 1.000000e+00
    endloop
  endfacet
  facet normal 0.000000e+00 -0.000000e+00 1.000000e+00
    outer loop
      vertex   -1.807767e+02 -2.100780e+02 1.000000e+00
      vertex   -1.802558e+02 -2.074679e+02 1.000000e+00
      vertex   -1.825175e+02 -2.087396e+02 1.000000e+00
    endloop
  endfacet
  facet normal 0.000000e+00 0.000000e+00 1.000000e+00
    outer loop
      vertex   -1.807767e+02 -2.100780e+02 1.000000e+00
      vertex   -1.825175e+02 -2.087396e+02 1.000000e+00
      vertex   -1.831626e+02 -2.112836e+02 1.000000e+00
    endloop
  endfacet
  facet normal 0.000000e+00 -0.000000e+00 1.000000e+00
    outer loop
      vertex   -1.831626e+02 -2.112836e+02 1.000000e+00
      vertex   -1.825175e+02 -2.087396e+02 1.000000e+00
      vertex   -1.848608e+02 -2.098540e+02 1.000000e+00
    endloop
  endfacet
  facet normal 0.000000e+00 0.000000e+00 1.000000e+00
    outer loop
      vertex   -1.831626e+02 -2.112836e+02 1.000000e+00
      vertex   -1.848608e+02 -2.098540e+02 1.000000e+00
      vertex   -1.856237e+02 -2.123272e+02 1.000000e+00
    endloop
  endfacet
  facet normal 0.000000e+00 -0.000000e+00 1.000000e+00
    outer loop
      vertex   -1.856237e+02 -2.123272e+02 1.000000e+00
      vertex   -1.848608e+02 -2.098540e+02 1.000000e+00
      vertex   -1.872746e+02 -2.108059e+02 1.000000e+00
    endloop
  endfacet
  facet normal 0.000000e+00 0.000000e+00 1.000000e+00
    outer loop
      vertex   -1.856237e+02 -2.123272e+02 1.000000e+00
      vertex   -1.872746e+02 -2.108059e+02 1.000000e+00
      vertex   -1.881490e+02 -2.132041e+02 1.000000e+00
    endloop
  endfacet
  facet normal 0.000000e+00 -0.000000e+00 1.000000e+00
    outer loop
      vertex   -1.881490e+02 -2.132041e+02 1.000000e+00
      vertex   -1.872746e+02 -2.108059e+02 1.000000e+00
      vertex   -1.897477e+02 -2.115909e+02 1.000000e+00
    endloop
  endfacet
  facet normal 0.000000e+00 0.000000e+00 1.000000e+00
    outer loop
      vertex   -1.881490e+02 -2.132041e+02 1.000000e+00
      vertex   -1.897477e+02 -2.115909e+02 1.000000e+00
      vertex   -1.907272e+02 -2.139103e+02 1.000000e+00
    endloop
  endfacet
  facet normal 0.000000e+00 -0.000000e+00 1.000000e+00
    outer loop
      vertex   -1.907272e+02 -2.139103e+02 1.000000e+00
      vertex   -1.897477e+02 -2.115909e+02 1.000000e+00
      vertex   -1.922687e+02 -2.122052e+02 1.000000e+00
    endloop
  endfacet
  facet normal 0.000000e+00 0.000000e+00 1.000000e+00
    outer loop
      vertex   -1.907272e+02 -2.139103e+02 1.000000e+00
      vertex   -1.922687e+02 -2.122052e+02 1.000000e+00
      vertex   -1.933468e+02 -2.144428e+02 1.000000e+00
    endloop
  endfacet
  facet normal 0.000000e+00 -0.000000e+00 1.000000e+00
    outer loop
      vertex   -1.933468e+02 -2.144428e+02 1.000000e+00
      vertex   -1.922687e+02 -2.122052e+02 1.000000e+00
      vertex   -1.948257e+02 -2.126461e+02 1.000000e+00
    endloop
  endfacet
  facet normal 0.000000e+00 0.000000e+00 1.000000e+00
    outer loop
      vertex   -1.933468e+02 -2.144428e+02 1.000000e+00
      vertex   -1.948257e+02 -2.126461e+02 1.000000e+00
      vertex   -1.959962e+02 -2.147991e+02 1.000000e+00
    endloop
  endfacet
  facet normal 0.000000e+00 -0.000000e+00 1.000000e+00
    outer loop
      vertex   -1.959962e+02 -2.147991e+02 1.000000e+00
      vertex   -1.948257e+02 -2.126461e+02 1.000000e+00
      vertex   -1.974068e+02 -2.129114e+02 1.000000e+00
    endloop
  endfacet
  facet normal 0.000000e+00 0.000000e+00 1.000000e+00
    outer loop
      vertex   -1.959962e+02 -2.147991e+02 1.000000e+00
      vertex   -1.974068e+02 -2.129114e+02 1.000000e+00
      vertex   -1.986634e+02 -2.149777e+02 1.000000e+00
    endloop
  endfacet
  facet normal 0.000000e+00 -0.000000e+00 1.000000e+00
    outer loop
      vertex   -1.986634e+02 -2.149777e+02 1.000000e+00
      vertex   -1.974068e+02 -2.129114e+02 1.000000e+00
      vertex   -2.000000e+02 -2.130000e+02 1.000000e+00
    endloop
  endfacet
  facet normal 0.000000e+00 0.000000e+00 1.000000e+00
    outer loop
      vertex   -1.986634e+02 -2.149777e+02 1.000000e+00
      vertex   -2.000000e+02 -2.130000e+02 1.000000e+00
      vertex   -2.013366e+02 -2.149777e+02 1.000000e+00
    endloop
  endfacet
  facet normal 0.000000e+00 -0.000000e+00 1.000000e+00
    outer loop
      vertex   -2.013366e+02 -2.149777e+02 1.000000e+00
      vertex   -2.000000e+02 -2.130000e+02 1.000000e+00
      vertex   -2.025932e+02 -2.129114e+02 1.000000e+00
    endloop
  endfacet
  facet normal 0.000000e+00 0.000000e+00 1.000000e+00
    outer loop
      vertex   -2.013366e+02 -2.149777e+02 1.000000e+00
      vertex   -2.025932e+02 -2.129114e+02 1.000000e+00
      vertex   -2.040038e+02 -2.147991e+02 1.000000e+00
    endloop
  endfacet
  facet normal 0.000000e+00 -0.000000e+00 1.000000e+00
    outer loop
      vertex   -2.040038e+02 -2.147991e+02 1.000000e+00
      vertex   -2.025932e+02 -2.129114e+02 1.000000e+00
      vertex   -2.051743e+02 -2.126461e+02 1.000000e+00
    endloop
  endfacet
  facet normal 0.000000e+00 0.000000e+00 1.000000e+00
    outer loop
      vertex   -2.040038e+02 -2.147991e+02 1.000000e+00
      vertex   -2.051743e+02 -2.126461e+02 1.000000e+00
      vertex   -2.066532e+02 -2.144428e+02 1.000000e+00
    endloop
  endfacet
  facet normal 0.000000e+00 -0.000000e+00 1.000000e+00
    outer loop
      vertex   -2.066532e+02 -2.144428e+02 1.000000e+00
      vertex   -2.051743e+02 -2.126461e+02 1.000000e+00
      vertex   -2.077313e+02 -2.122052e+02 1.000000e+00
    endloop
  endfacet
  facet normal 0.000000e+00 0.000000e+00 1.000000e+00
    outer loop
      vertex   -2.066532e+02 -2.144428e+02 1.000000e+00
      vertex   -2.077313e+02 -2.122052e+02 1.000000e+00
      vertex   -2.092728e+02 -2.139103e+02 1.000000e+00
    endloop
  endfacet
  facet normal 0.000000e+00 -0.000000e+00 1.000000e+00
    outer loop
      vertex   -2.092728e+02 -2.139103e+02 1.000000e+00
      vertex   -2.077313e+02 -2.122052e+02 1.000000e+00
      vertex   -2.102523e+02 -2.115909e+02 1.000000e+00
    endloop
  endfacet
  facet normal 0.000000e+00 0.000000e+00 1.000000e+00
    outer loop
      vertex   -2.092728e+02 -2.139103e+02 1.000000e+00
      vertex   -2.102523e+02 -2.115909e+02 1.000000e+00
      vertex   -2.118510e+02 -2.132041e+02 1.000000e+00
    endloop
  endfacet
  facet normal 0.000000e+00 -0.000000e+00 1.000000e+00
    outer loop
      vertex   -2.118510e+02 -2.132041e+02 1.000000e+00
      vertex   -2.102523e+02 -2.115909e+02 1.000000e+00
      vertex   -2.127254e+02 -2.108059e+02 1.000000e+00
    endloop
  endfacet
  facet normal 0.000000e+00 0.000000e+00 1.000000e+00
    outer loop
      vertex   -2.118510e+02 -2.132041e+02 1.000000e+00
      vertex   -2.127254e+02 -2.108059e+02 1.000000e+00
      vertex   -2.143763e+02 -2.123272e+02 1.000000e+00
    endloop
  endfacet
  facet normal 0.000000e+00 -0.000000e+00 1.000000e+00
    outer loop
      vertex   -2.143763e+02 -2.123272e+02 1.000000e+00
      vertex   -2.127254e+02 -2.108059e+02 1.000000e+00
      vertex   -2.151392e+02 -2.098540e+02 1.000000e+00
    endloop
  endfacet
  facet normal 0.000000e+00 0.000000e+00 1.000000e+00
    outer loop
      vertex   -2.143763e+02 -2.123272e+02 1.000000e+00
      vertex   -2.151392e+02 -2.098540e+02 1.000000e+00
      vertex   -2.168374e+02 -2.112836e+02 1.000000e+00
    endloop
  endfacet
  facet normal 0.000000e+00 -0.000000e+00 1.000000e+00
    outer loop
      vertex   -2.168374e+02 -2.112836e+02 1.000000e+00
      vertex   -2.151392e+02 -2.098540e+02 1.000000e+00
      vertex   -2.174825e+02 -2.087396e+02 1.000000e+00
    endloop
  endfacet
  facet normal 0.000000e+00 0.000000e+00 1.000000e+00
    outer loop
      vertex   -2.168374e+02 -2.112836e+02 1.000000e+00
      vertex   -2.174825e+02 -2.087396e+02 1.000000e+00
      vertex   -2.192233e+02 -2.100780e+02 1.000000e+00
    endloop
  endfacet
  facet normal 0.000000e+00 -0.000000e+00 1.000000e+00
    outer loop
      vertex   -2.192233e+02 -2.100780e+02 1.000000e+00
      vertex   -2.174825e+02 -2.087396e+02 1.000000e+00
      vertex   -2.197442e+02 -2.074679e+02 1.000000e+00
    endloop
  endfacet
  facet normal 0.000000e+00 0.000000e+00 1.000000e+00
    outer loop
      vertex   -2.192233e+02 -2.100780e+02 1.000000e+00
      vertex   -2.197442e+02 -2.074679e+02 1.000000e+00
      vertex   -2.215233e+02 -2.087157e+02 1.000000e+00
    endloop
  endfacet
  facet normal 0.000000e+00 -0.000000e+00 1.000000e+00
    outer loop
      vertex   -2.215233e+02 -2.087157e+02 1.000000e+00
      vertex   -2.197442e+02 -2.074679e+02 1.000000e+00
      vertex   -2.219139e+02 -2.060449e+02 1.000000e+00
    endloop
  endfacet
  facet normal 0.000000e+00 0.000000e+00 1.000000e+00
    outer loop
      vertex   -2.215233e+02 -2.087157e+02 1.000000e+00
      vertex   -2.219139e+02 -2.060449e+02 1.000000e+00
      vertex   -2.237272e+02 -2.072028e+02 1.000000e+00
    endloop
  endfacet
  facet normal 0.000000e+00 -0.000000e+00 1.000000e+00
    outer loop
      vertex   -2.237272e+02 -2.072028e+02 1.000000e+00
      vertex   -2.219139e+02 -2.060449e+02 1.000000e+00
      vertex   -2.239813e+02 -2.044770e+02 1.000000e+00
    endloop
  endfacet
  facet normal 0.000000e+00 0.000000e+00 1.000000e+00
    outer loop
      vertex   -2.237272e+02 -2.072028e+02 1.000000e+00
      vertex   -2.239813e+02 -2.044770e+02 1.000000e+00
      vertex   -2.258251e+02 -2.055461e+02 1.000000e+00
    endloop
  endfacet
  facet normal 0.000000e+00 -0.000000e+00 1.000000e+00
    outer loop
      vertex   -2.258251e+02 -2.055461e+02 1.000000e+00
      vertex   -2.239813e+02 -2.044770e+02 1.000000e+00
      vertex   -2.259370e+02 -2.027718e+02 1.000000e+00
    endloop
  endfacet
  facet normal 0.000000e+00 0.000000e+00 1.000000e+00
    outer loop
      vertex   -2.258251e+02 -2.055461e+02 1.000000e+00
      vertex   -2.259370e+02 -2.027718e+02 1.000000e+00
      vertex   -2.278077e+02 -2.037530e+02 1.000000e+00
    endloop
  endfacet
  facet normal 0.000000e+00 0.000000e+00 1.000000e+00
    outer loop
      vertex   -2.278077e+02 -2.037530e+02 1.000000e+00
      vertex   -2.259370e+02 -2.027718e+02 1.000000e+00
      vertex   -2.277718e+02 -2.009370e+02 1.000000e+00
    endloop
  endfacet
  facet normal 0.000000e+00 -0.000000e+00 1.000000e+00
    outer loop
      vertex   -2.278077e+02 -2.037530e+02 1.000000e+00
      vertex   -2.277718e+02 -2.009370e+02 1.000000e+00
      vertex   -2.296661e+02 -2.018314e+02 1.000000e+00
    endloop
  endfacet
  facet normal 0.000000e+00 0.000000e+00 1.000000e+00
    outer loop
      vertex   -2.296661e+02 -2.018314e+02 1.000000e+00
      vertex   -2.277718e+02 -2.009370e+02 1.000000e+00
      vertex   -2.294770e+02 -1.989813e+02 1.000000e+00
    endloop
  endfacet
  facet normal 0.000000e+00 -0.000000e+00 1.000000e+00
    outer loop
      vertex   -2.296661e+02 -2.018314e+02 1.000000e+00
      vertex   -2.294770e+02 -1.989813e+02 1.000000e+00
      vertex   -2.313920e+02 -1.997900e+02 1.000000e+00
    endloop
  endfacet
  facet normal 0.000000e+00 0.000000e+00 1.000000e+00
    outer loop
      vertex   -2.313920e+02 -1.997900e+02 1.000000e+00
      vertex   -2.294770e+02 -1.989813e+02 1.000000e+00
      vertex   -2.310449e+02 -1.969139e+02 1.000000e+00
    endloop
  endfacet
  facet normal 0.000000e+00 -0.000000e+00 1.000000e+00
    outer loop
      vertex   -2.313920e+02 -1.997900e+02 1.000000e+00
      vertex   -2.310449e+02 -1.969139e+02 1.000000e+00
      vertex   -2.329777e+02 -1.976379e+02 1.000000e+00
    endloop
  endfacet
  facet normal 0.000000e+00 0.000000e+00 1.000000e+00
    outer loop
      vertex   -2.329777e+02 -1.976379e+02 1.000000e+00
      vertex   -2.310449e+02 -1.969139e+02 1.000000e+00
      vertex   -2.324679e+02 -1.947442e+02 1.000000e+00
    endloop
  endfacet
  facet normal 0.000000e+00 -0.000000e+00 1.000000e+00
    outer loop
      vertex   -2.329777e+02 -1.976379e+02 1.000000e+00
      vertex   -2.324679e+02 -1.947442e+02 1.000000e+00
      vertex   -2.344161e+02 -1.953847e+02 1.000000e+00
    endloop
  endfacet
  facet normal 0.000000e+00 0.000000e+00 1.000000e+00
    outer loop
      vertex   -2.344161e+02 -1.953847e+02 1.000000e+00
      vertex   -2.324679e+02 -1.947442e+02 1.000000e+00
      vertex   -2.337396e+02 -1.924825e+02 1.000000e+00
    endloop
  endfacet
  facet normal 0.000000e+00 -0.000000e+00 1.000000e+00
    outer loop
      vertex   -2.344161e+02 -1.953847e+02 1.000000e+00
      vertex   -2.337396e+02 -1.924825e+02 1.000000e+00
      vertex   -2.357008e+02 -1.930404e+02 1.000000e+00
    endloop
  endfacet
  facet normal 0.000000e+00 0.000000e+00 1.000000e+00
    outer loop
      vertex   -2.357008e+02 -1.930404e+02 1.000000e+00
      vertex   -2.337396e+02 -1.924825e+02 1.000000e+00
      vertex   -2.348540e+02 -1.901392e+02 1.000000e+00
    endloop
  endfacet
  facet normal 0.000000e+00 -0.000000e+00 1.000000e+00
    outer loop
      vertex   -2.357008e+02 -1.930404e+02 1.000000e+00
      vertex   -2.348540e+02 -1.901392e+02 1.000000e+00
      vertex   -2.368260e+02 -1.906156e+02 1.000000e+00
    endloop
  endfacet
  facet normal 0.000000e+00 0.000000e+00 1.000000e+00
    outer loop
      vertex   -2.368260e+02 -1.906156e+02 1.000000e+00
      vertex   -2.348540e+02 -1.901392e+02 1.000000e+00
      vertex   -2.358059e+02 -1.877254e+02 1.000000e+00
    endloop
  endfacet
  facet normal 0.000000e+00 -0.000000e+00 1.000000e+00
    outer loop
      vertex   -2.368260e+02 -1.906156e+02 1.000000e+00
      vertex   -2.358059e+02 -1.877254e+02 1.000000e+00
      vertex   -2.377868e+02 -1.881210e+02 1.000000e+00
    endloop
  endfacet
  facet normal 0.000000e+00 0.000000e+00 1.000000e+00
    outer loop
      vertex   -2.377868e+02 -1.881210e+02 1.000000e+00
      vertex   -2.358059e+02 -1.877254e+02 1.000000e+00
      vertex   -2.365909e+02 -1.852523e+02 1.000000e+00
    endloop
  endfacet
  facet normal 0.000000e+00 -0.000000e+00 1.000000e+00
    outer loop
      vertex   -2.377868e+02 -1.881210e+02 1.000000e+00
      vertex   -2.365909e+02 -1.852523e+02 1.000000e+00
      vertex   -2.385788e+02 -1.855678e+02 1.000000e+00
    endloop
  endfacet
  facet normal 0.000000e+00 0.000000e+00 1.000000e+00
    outer loop
      vertex   -2.385788e+02 -1.855678e+02 1.000000e+00
      vertex   -2.365909e+02 -1.852523e+02 1.000000e+00
      vertex   -2.372052e+02 -1.827313e+02 1.000000e+00
    endloop
  endfacet
  facet normal 0.000000e+00 -0.000000e+00 1.000000e+00
    outer loop
      vertex   -2.385788e+02 -1.855678e+02 1.000000e+00
      vertex   -2.372052e+02 -1.827313e+02 1.000000e+00
      vertex   -2.391985e+02 -1.829674e+02 1.000000e+00
    endloop
  endfacet
  facet normal 0.000000e+00 0.000000e+00 1.000000e+00
    outer loop
      vertex   -2.391985e+02 -1.829674e+02 1.000000e+00
      vertex   -2.372052e+02 -1.827313e+02 1.000000e+00
      vertex   -2.376461e+02 -1.801743e+02 1.000000e+00
    endloop
  endfacet
  facet normal 0.000000e+00 -0.000000e+00 1.000000e+00
    outer loop
      vertex   -2.391985e+02 -1.829674e+02 1.000000e+00
      vertex   -2.376461e+02 -1.801743e+02 1.000000e+00
      vertex   -2.396431e+02 -1.803315e+02 1.000000e+00
    endloop
  endfacet
  facet normal 0.000000e+00 0.000000e+00 1.000000e+00
    outer loop
      vertex   -2.396431e+02 -1.803315e+02 1.000000e+00
      vertex   -2.376461e+02 -1.801743e+02 1.000000e+00
      vertex   -2.379114e+02 -1.775932e+02 1.000000e+00
    endloop
  endfacet
  facet normal 0.000000e+00 -0.000000e+00 1.000000e+00
    outer loop
      vertex   -2.396431e+02 -1.803315e+02 1.000000e+00
      vertex   -2.379114e+02 -1.775932e+02 1.000000e+00
      vertex   -2.399107e+02 -1.776717e+02 1.000000e+00
    endloop
  endfacet
  facet normal 0.000000e+00 0.000000e+00 1.000000e+00
    outer loop
      vertex   -2.399107e+02 -1.776717e+02 1.000000e+00
      vertex   -2.379114e+02 -1.775932e+02 1.000000e+00
      vertex   -2.380000e+02 -1.750000e+02 1.000000e+00
    endloop
  endfacet
  facet normal 0.000000e+00 -0.000000e+00 1.000000e+00
    outer loop
      vertex   -2.399107e+02 -1.776717e+02 1.000000e+00
      vertex   -2.380000e+02 -1.750000e+02 1.000000e+00
      vertex   -2.400000e+02 -1.750000e+02 1.000000e+00
    endloop
  endfacet
  facet normal 0.000000e+00 0.000000e+00 1.000000e+00
    outer loop
      vertex   -2.400000e+02 -1.750000e+02 1.000000e+00
      vertex   -2.380000e+02 -1.750000e+02 1.000000e+00
      vertex   -2.399107e+02 -1.723283e+02 1.000000e+00
    endloop
  endfacet
  facet normal 0.000000e+00 0.000000e+00 1.000000e+00
    outer loop
      vertex   -2.399107e+02 -1.723283e+02 1.000000e+00
      vertex   -2.380000e+02 -1.750000e+02 1.000000e+00
      vertex   -2.379114e+02 -1.724068e+02 1.000000e+00
    endloop
  endfacet
  facet normal -0.000000e+00 0.000000e+00 1.000000e+00
    outer loop
      vertex   -2.399107e+02 -1.723283e+02 1.000000e+00
      vertex   -2.379114e+02 -1.724068e+02 1.000000e+00
      vertex   -2.396431e+02 -1.696685e+02 1.000000e+00
    endloop
  endfacet
  facet normal 0.000000e+00 0.000000e+00 1.000000e+00
    outer loop
      vertex   -2.396431e+02 -1.696685e+02 1.000000e+00
      vertex   -2.379114e+02 -1.724068e+02 1.000000e+00
      vertex   -2.376461e+02 -1.698257e+02 1.000000e+00
    endloop
  endfacet
  facet normal -0.000000e+00 0.000000e+00 1.000000e+00
    outer loop
      vertex   -2.396431e+02 -1.696685e+02 1.000000e+00
      vertex   -2.376461e+02 -1.698257e+02 1.000000e+00
      vertex   -2.391985e+02 -1.670326e+02 1.000000e+00
    endloop
  endfacet
  facet normal 0.000000e+00 0.000000e+00 1.000000e+00
    outer loop
      vertex   -2.391985e+02 -1.670326e+02 1.000000e+00
      vertex   -2.376461e+02 -1.698257e+02 1.000000e+00
      vertex   -2.372052e+02 -1.672687e+02 1.000000e+00
    endloop
  endfacet
  facet normal -0.000000e+00 0.000000e+00 1.000000e+00
    outer loop
      vertex   -2.391985e+02 -1.670326e+02 1.000000e+00
      vertex   -2.372052e+02 -1.672687e+02 1.000000e+00
      vertex   -2.385788e+02 -1.644322e+02 1.000000e+00
    endloop
  endfacet
  facet normal 0.000000e+00 0.000000e+00 1.000000e+00
    outer loop
      vertex   -2.385788e+02 -1.644322e+02 1.000000e+00
      vertex   -2.372052e+02 -1.672687e+02 1.000000e+00
      vertex   -2.365909e+02 -1.647477e+02 1.000000e+00
    endloop
  endfacet
  facet normal -0.000000e+00 0.000000e+00 1.000000e+00
    outer loop
      vertex   -2.385788e+02 -1.644322e+02 1.000000e+00
      vertex   -2.365909e+02 -1.647477e+02 1.000000e+00
      vertex   -2.377868e+02 -1.618790e+02 1.000000e+00
    endloop
  endfacet
  facet normal 0.000000e+00 0.000000e+00 1.000000e+00
    outer loop
      vertex   -2.377868e+02 -1.618790e+02 1.000000e+00
      vertex   -2.365909e+02 -1.647477e+02 1.000000e+00
      vertex   -2.358059e+02 -1.622746e+02 1.000000e+00
    endloop
  endfacet
  facet normal -0.000000e+00 0.000000e+00 1.000000e+00
    outer loop
      vertex   -2.377868e+02 -1.618790e+02 1.000000e+00
      vertex   -2.358059e+02 -1.622746e+02 1.000000e+00
      vertex   -2.368260e+02 -1.593844e+02 1.000000e+00
    endloop
  endfacet
  facet normal 0.000000e+00 0.000000e+00 1.000000e+00
    outer loop
      vertex   -2.368260e+02 -1.593844e+02 1.000000e+00
      vertex   -2.358059e+02 -1.622746e+02 1.000000e+00
      vertex   -2.348540e+02 -1.598608e+02 1.000000e+00
    endloop
  endfacet
  facet normal -0.000000e+00 0.000000e+00 1.000000e+00
    outer loop
      vertex   -2.368260e+02 -1.593844e+02 1.000000e+00
      vertex   -2.348540e+02 -1.598608e+02 1.000000e+00
      vertex   -2.357008e+02 -1.569596e+02 1.000000e+00
    endloop
  endfacet
  facet normal 0.000000e+00 0.000000e+00 1.000000e+00
    outer loop
      vertex   -2.357008e+02 -1.569596e+02 1.000000e+00
      vertex   -2.348540e+02 -1.598608e+02 1.000000e+00
      vertex   -2.337396e+02 -1.575175e+02 1.000000e+00
    endloop
  endfacet
  facet normal -0.000000e+00 0.000000e+00 1.000000e+00
    outer loop
      vertex   -2.357008e+02 -1.569596e+02 1.000000e+00
      vertex   -2.337396e+02 -1.575175e+02 1.000000e+00
      vertex   -2.344161e+02 -1.546153e+02 1.000000e+00
    endloop
  endfacet
  facet normal 0.000000e+00 0.000000e+00 1.000000e+00
    outer loop
      vertex   -2.344161e+02 -1.546153e+02 1.000000e+00
      vertex   -2.337396e+02 -1.575175e+02 1.000000e+00
      vertex   -2.324679e+02 -1.552558e+02 1.000000e+00
    endloop
  endfacet
  facet normal -0.000000e+00 0.000000e+00 1.000000e+00
    outer loop
      vertex   -2.344161e+02 -1.546153e+02 1.000000e+00
      vertex   -2.324679e+02 -1.552558e+02 1.000000e+00
      vertex   -2.329777e+02 -1.523621e+02 1.000000e+00
    endloop
  endfacet
  facet normal 0.000000e+00 0.000000e+00 1.000000e+00
    outer loop
      vertex   -2.329777e+02 -1.523621e+02 1.000000e+00
      vertex   -2.324679e+02 -1.552558e+02 1.000000e+00
      vertex   -2.310449e+02 -1.530862e+02 1.000000e+00
    endloop
  endfacet
  facet normal -0.000000e+00 0.000000e+00 1.000000e+00
    outer loop
      vertex   -2.329777e+02 -1.523621e+02 1.000000e+00
      vertex   -2.310449e+02 -1.530862e+02 1.000000e+00
      vertex   -2.313920e+02 -1.502100e+02 1.000000e+00
    endloop
  endfacet
  facet normal 0.000000e+00 0.000000e+00 1.000000e+00
    outer loop
      vertex   -2.313920e+02 -1.502100e+02 1.000000e+00
      vertex   -2.310449e+02 -1.530862e+02 1.000000e+00
      vertex   -2.294770e+02 -1.510187e+02 1.000000e+00
    endloop
  endfacet
  facet normal -0.000000e+00 0.000000e+00 1.000000e+00
    outer loop
      vertex   -2.313920e+02 -1.502100e+02 1.000000e+00
      vertex   -2.294770e+02 -1.510187e+02 1.000000e+00
      vertex   -2.296661e+02 -1.481686e+02 1.000000e+00
    endloop
  endfacet
  facet normal 0.000000e+00 0.000000e+00 1.000000e+00
    outer loop
      vertex   -2.296661e+02 -1.481686e+02 1.000000e+00
      vertex   -2.294770e+02 -1.510187e+02 1.000000e+00
      vertex   -2.277718e+02 -1.490630e+02 1.000000e+00
    endloop
  endfacet
  facet normal -0.000000e+00 0.000000e+00 1.000000e+00
    outer loop
      vertex   -2.296661e+02 -1.481686e+02 1.000000e+00
      vertex   -2.277718e+02 -1.490630e+02 1.000000e+00
      vertex   -2.278077e+02 -1.462471e+02 1.000000e+00
    endloop
  endfacet
  facet normal 0.000000e+00 0.000000e+00 1.000000e+00
    outer loop
      vertex   -2.278077e+02 -1.462471e+02 1.000000e+00
      vertex   -2.277718e+02 -1.490630e+02 1.000000e+00
      vertex   -2.259370e+02 -1.472282e+02 1.000000e+00
    endloop
  endfacet
  facet normal -0.000000e+00 0.000000e+00 1.000000e+00
    outer loop
      vertex   -2.278077e+02 -1.462471e+02 1.000000e+00
      vertex   -2.259370e+02 -1.472282e+02 1.000000e+00
      vertex   -2.258251e+02 -1.444539e+02 1.000000e+00
    endloop
  endfacet
  facet normal 0.000000e+00 0.000000e+00 1.000000e+00
    outer loop
      vertex   -2.258251e+02 -1.444539e+02 1.000000e+00
      vertex   -2.259370e+02 -1.472282e+02 1.000000e+00
      vertex   -2.239813e+02 -1.455230e+02 1.000000e+00
    endloop
  endfacet
  facet normal -0.000000e+00 0.000000e+00 1.000000e+00
    outer loop
      vertex   -2.258251e+02 -1.444539e+02 1.000000e+00
      vertex   -2.239813e+02 -1.455230e+02 1.000000e+00
      vertex   -2.237272e+02 -1.427972e+02 1.000000e+00
    endloop
  endfacet
  facet normal 0.000000e+00 0.000000e+00 1.000000e+00
    outer loop
      vertex   -2.237272e+02 -1.427972e+02 1.000000e+00
      vertex   -2.239813e+02 -1.455230e+02 1.000000e+00
      vertex   -2.219139e+02 -1.439551e+02 1.000000e+00
    endloop
  endfacet
  facet normal -0.000000e+00 0.000000e+00 1.000000e+00
    outer loop
      vertex   -2.237272e+02 -1.427972e+02 1.000000e+00
      vertex   -2.219139e+02 -1.439551e+02 1.000000e+00
      vertex   -2.215233e+02 -1.412843e+02 1.000000e+00
    endloop
  endfacet
  facet normal 0.000000e+00 0.000000e+00 1.000000e+00
    outer loop
      vertex   -2.215233e+02 -1.412843e+02 1.000000e+00
      vertex   -2.219139e+02 -1.439551e+02 1.000000e+00
      vertex   -2.197442e+02 -1.425321e+02 1.000000e+00
    endloop
  endfacet
  facet normal -0.000000e+00 0.000000e+00 1.000000e+00
    outer loop
      vertex   -2.215233e+02 -1.412843e+02 1.000000e+00
      vertex   -2.197442e+02 -1.425321e+02 1.000000e+00
      vertex   -2.192233e+02 -1.399220e+02 1.000000e+00
    endloop
  endfacet
  facet normal 0.000000e+00 0.000000e+00 1.000000e+00
    outer loop
      vertex   -2.192233e+02 -1.399220e+02 1.000000e+00
      vertex   -2.197442e+02 -1.425321e+02 1.000000e+00
      vertex   -2.174825e+02 -1.412604e+02 1.000000e+00
    endloop
  endfacet
  facet normal -0.000000e+00 0.000000e+00 1.000000e+00
    outer loop
      vertex   -2.192233e+02 -1.399220e+02 1.000000e+00
      vertex   -2.174825e+02 -1.412604e+02 1.000000e+00
      vertex   -2.168374e+02 -1.387164e+02 1.000000e+00
    endloop
  endfacet
  facet normal 0.000000e+00 0.000000e+00 1.000000e+00
    outer loop
      vertex   -2.168374e+02 -1.387164e+02 1.000000e+00
      vertex   -2.174825e+02 -1.412604e+02 1.000000e+00
      vertex   -2.151392e+02 -1.401460e+02 1.000000e+00
    endloop
  endfacet
  facet normal -0.000000e+00 0.000000e+00 1.000000e+00
    outer loop
      vertex   -2.168374e+02 -1.387164e+02 1.000000e+00
      vertex   -2.151392e+02 -1.401460e+02 1.000000e+00
      vertex   -2.143763e+02 -1.376728e+02 1.000000e+00
    endloop
  endfacet
  facet normal 0.000000e+00 0.000000e+00 1.000000e+00
    outer loop
      vertex   -2.143763e+02 -1.376728e+02 1.000000e+00
      vertex   -2.151392e+02 -1.401460e+02 1.000000e+00
      vertex   -2.127254e+02 -1.391941e+02 1.000000e+00
    endloop
  endfacet
  facet normal -0.000000e+00 0.000000e+00 1.000000e+00
    outer loop
      vertex   -2.143763e+02 -1.376728e+02 1.000000e+00
      vertex   -2.127254e+02 -1.391941e+02 1.000000e+00
      vertex   -2.118510e+02 -1.367959e+02 1.000000e+00
    endloop
  endfacet
  facet normal 0.000000e+00 0.000000e+00 1.000000e+00
    outer loop
      vertex   -2.118510e+02 -1.367959e+02 1.000000e+00
      vertex   -2.127254e+02 -1.391941e+02 1.000000e+00
      vertex   -2.102523e+02 -1.384091e+02 1.000000e+00
    endloop
  endfacet
  facet normal -0.000000e+00 0.000000e+00 1.000000e+00
    outer loop
      vertex   -2.118510e+02 -1.367959e+02 1.000000e+00
      vertex   -2.102523e+02 -1.384091e+02 1.000000e+00
      vertex   -2.092728e+02 -1.360897e+02 1.000000e+00
    endloop
  endfacet
  facet normal 0.000000e+00 0.000000e+00 1.000000e+00
    outer loop
      vertex   -2.092728e+02 -1.360897e+02 1.000000e+00
      vertex   -2.102523e+02 -1.384091e+02 1.000000e+00
      vertex   -2.077313e+02 -1.377948e+02 1.000000e+00
    endloop
  endfacet
  facet normal -0.000000e+00 0.000000e+00 1.000000e+00
    outer loop
      vertex   -2.092728e+02 -1.360897e+02 1.000000e+00
      vertex   -2.077313e+02 -1.377948e+02 1.000000e+00
      vertex   -2.066532e+02 -1.355572e+02 1.000000e+00
    endloop
  endfacet
  facet normal 0.000000e+00 0.000000e+00 1.000000e+00
    outer loop
      vertex   -2.066532e+02 -1.355572e+02 1.000000e+00
      vertex   -2.077313e+02 -1.377948e+02 1.000000e+00
      vertex   -2.051743e+02 -1.373539e+02 1.000000e+00
    endloop
  endfacet
  facet normal -0.000000e+00 0.000000e+00 1.000000e+00
    outer loop
      vertex   -2.066532e+02 -1.355572e+02 1.000000e+00
      vertex   -2.051743e+02 -1.373539e+02 1.000000e+00
      vertex   -2.040038e+02 -1.352009e+02 1.000000e+00
    endloop
  endfacet
  facet normal 0.000000e+00 0.000000e+00 1.000000e+00
    outer loop
      vertex   -2.040038e+02 -1.352009e+02 1.000000e+00
      vertex   -2.051743e+02 -1.373539e+02 1.000000e+00
      vertex   -2.025932e+02 -1.370886e+02 1.000000e+00
    endloop
  endfacet
  facet normal -0.000000e+00 0.000000e+00 1.000000e+00
    outer loop
      vertex   -2.040038e+02 -1.352009e+02 1.000000e+00
      vertex   -2.025932e+02 -1.370886e+02 1.000000e+00
      vertex   -2.013366e+02 -1.350223e+02 1.000000e+00
    endloop
  endfacet
  facet normal 0.000000e+00 0.000000e+00 1.000000e+00
    outer loop
      vertex   -2.013366e+02 -1.350223e+02 1.000000e+00
      vertex   -2.025932e+02 -1.370886e+02 1.000000e+00
      vertex   -2.000000e+02 -1.370000e+02 1.000000e+00
    endloop
  endfacet
  facet normal -0.000000e+00 0.000000e+00 1.000000e+00
    outer loop
      vertex   -2.013366e+02 -1.350223e+02 1.000000e+00
      vertex   -2.000000e+02 -1.370000e+02 1.000000e+00
      vertex   -1.986634e+02 -1.350223e+02 1.000000e+00
    endloop
  endfacet
  facet normal 0.000000e+00 0.000000e+00 1.000000e+00
    outer loop
      vertex   -1.986634e+02 -1.350223e+02 1.000000e+00
      vertex   -2.000000e+02 -1.370000e+02 1.000000e+00
      vertex   -1.974068e+02 -1.370886e+02 1.000000e+00
    endloop
  endfacet
  facet normal 0.000000e+00 0.000000e+00 1.000000e+00
    outer loop
      vertex   -1.986634e+02 -1.350223e+02 1.000000e+00
      vertex   -1.974068e+02 -1.370886e+02 1.000000e+00
      vertex   -1.959962e+02 -1.352009e+02 1.000000e+00
    endloop
  endfacet
  facet normal 0.000000e+00 0.000000e+00 1.000000e+00
    outer loop
      vertex   -1.959962e+02 -1.352009e+02 1.000000e+00
      vertex   -1.974068e+02 -1.370886e+02 1.000000e+00
      vertex   -1.948257e+02 -1.373539e+02 1.000000e+00
    endloop
  endfacet
  facet normal 0.000000e+00 0.000000e+00 1.000000e+00
    outer loop
      vertex   -1.959962e+02 -1.352009e+02 1.000000e+00
      vertex   -1.948257e+02 -1.373539e+02 1.000000e+00
      vertex   -1.933468e+02 -1.355572e+02 1.000000e+00
    endloop
  endfacet
  facet normal 0.000000e+00 0.000000e+00 1.000000e+00
    outer loop
      vertex   -1.933468e+02 -1.355572e+02 1.000000e+00
      vertex   -1.948257e+02 -1.373539e+02 1.000000e+00
      vertex   -1.922687e+02 -1.377948e+02 1.000000e+00
    endloop
  endfacet
  facet normal 0.000000e+00 0.000000e+00 1.000000e+00
    outer loop
      vertex   -1.933468e+02 -1.355572e+02 1.000000e+00
      vertex   -1.922687e+02 -1.377948e+02 1.000000e+00
      vertex   -1.907272e+02 -1.360897e+02 1.000000e+00
    endloop
  endfacet
  facet normal 0.000000e+00 0.000000e+00 1.000000e+00
    outer loop
      vertex   -1.907272e+02 -1.360897e+02 1.000000e+00
      vertex   -1.922687e+02 -1.377948e+02 1.000000e+00
      vertex   -1.897477e+02 -1.384091e+02 1.000000e+00
    endloop
  endfacet
  facet normal 0.000000e+00 0.000000e+00 1.000000e+00
    outer loop
      vertex   -1.907272e+02 -1.360897e+02 1.000000e+00
      vertex   -1.897477e+02 -1.384091e+02 1.000000e+00
      vertex   -1.881490e+02 -1.367959e+02 1.000000e+00
    endloop
  endfacet
  facet normal 0.000000e+00 0.000000e+00 1.000000e+00
    outer loop
      vertex   -1.881490e+02 -1.367959e+02 1.000000e+00
      vertex   -1.897477e+02 -1.384091e+02 1.000000e+00
      vertex   -1.872746e+02 -1.391941e+02 1.000000e+00
    endloop
  endfacet
  facet normal 0.000000e+00 0.000000e+00 1.000000e+00
    outer loop
      vertex   -1.881490e+02 -1.367959e+02 1.000000e+00
      vertex   -1.872746e+02 -1.391941e+02 1.000000e+00
      vertex   -1.856237e+02 -1.376728e+02 1.000000e+00
    endloop
  endfacet
  facet normal 0.000000e+00 0.000000e+00 1.000000e+00
    outer loop
      vertex   -1.856237e+02 -1.376728e+02 1.000000e+00
      vertex   -1.872746e+02 -1.391941e+02 1.000000e+00
      vertex   -1.848608e+02 -1.401460e+02 1.000000e+00
    endloop
  endfacet
  facet normal 0.000000e+00 0.000000e+00 1.000000e+00
    outer loop
      vertex   -1.856237e+02 -1.376728e+02 1.000000e+00
      vertex   -1.848608e+02 -1.401460e+02 1.000000e+00
      vertex   -1.831626e+02 -1.387164e+02 1.000000e+00
    endloop
  endfacet
  facet normal 0.000000e+00 0.000000e+00 1.000000e+00
    outer loop
      vertex   -1.831626e+02 -1.387164e+02 1.000000e+00
      vertex   -1.848608e+02 -1.401460e+02 1.000000e+00
      vertex   -1.825175e+02 -1.412604e+02 1.000000e+00
    endloop
  endfacet
  facet normal 0.000000e+00 0.000000e+00 1.000000e+00
    outer loop
      vertex   -1.831626e+02 -1.387164e+02 1.000000e+00
      vertex   -1.825175e+02 -1.412604e+02 1.000000e+00
      vertex   -1.807767e+02 -1.399220e+02 1.000000e+00
    endloop
  endfacet
  facet normal 0.000000e+00 0.000000e+00 1.000000e+00
    outer loop
      vertex   -1.807767e+02 -1.399220e+02 1.000000e+00
      vertex   -1.825175e+02 -1.412604e+02 1.000000e+00
      vertex   -1.802558e+02 -1.425321e+02 1.000000e+00
    endloop
  endfacet
  facet normal 0.000000e+00 0.000000e+00 1.000000e+00
    outer loop
      vertex   -1.807767e+02 -1.399220e+02 1.000000e+00
      vertex   -1.802558e+02 -1.425321e+02 1.000000e+00
      vertex   -1.784767e+02 -1.412843e+02 1.000000e+00
    endloop
  endfacet
  facet normal 0.000000e+00 0.000000e+00 1.000000e+00
    outer loop
      vertex   -1.784767e+02 -1.412843e+02 1.000000e+00
      vertex   -1.802558e+02 -1.425321e+02 1.000000e+00
      vertex   -1.780862e+02 -1.439551e+02 1.000000e+00
    endloop
  endfacet
  facet normal 0.000000e+00 0.000000e+00 1.000000e+00
    outer loop
      vertex   -1.784767e+02 -1.412843e+02 1.000000e+00
      vertex   -1.780862e+02 -1.439551e+02 1.000000e+00
      vertex   -1.762728e+02 -1.427972e+02 1.000000e+00
    endloop
  endfacet
  facet normal 0.000000e+00 0.000000e+00 1.000000e+00
    outer loop
      vertex   -1.762728e+02 -1.427972e+02 1.000000e+00
      vertex   -1.780862e+02 -1.439551e+02 1.000000e+00
      vertex   -1.760187e+02 -1.455230e+02 1.000000e+00
    endloop
  endfacet
  facet normal 0.000000e+00 0.000000e+00 1.000000e+00
    outer loop
      vertex   -1.762728e+02 -1.427972e+02 1.000000e+00
      vertex   -1.760187e+02 -1.455230e+02 1.000000e+00
      vertex   -1.741749e+02 -1.444539e+02 1.000000e+00
    endloop
  endfacet
  facet normal 0.000000e+00 0.000000e+00 1.000000e+00
    outer loop
      vertex   -1.741749e+02 -1.444539e+02 1.000000e+00
      vertex   -1.760187e+02 -1.455230e+02 1.000000e+00
      vertex   -1.740630e+02 -1.472282e+02 1.000000e+00
    endloop
  endfacet
  facet normal 0.000000e+00 0.000000e+00 1.000000e+00
    outer loop
      vertex   -1.741749e+02 -1.444539e+02 1.000000e+00
      vertex   -1.740630e+02 -1.472282e+02 1.000000e+00
      vertex   -1.721923e+02 -1.462471e+02 1.000000e+00
    endloop
  endfacet
  facet normal 0.000000e+00 0.000000e+00 1.000000e+00
    outer loop
      vertex   -1.721923e+02 -1.462471e+02 1.000000e+00
      vertex   -1.740630e+02 -1.472282e+02 1.000000e+00
      vertex   -1.722282e+02 -1.490630e+02 1.000000e+00
    endloop
  endfacet
  facet normal 0.000000e+00 0.000000e+00 1.000000e+00
    outer loop
      vertex   -1.721923e+02 -1.462471e+02 1.000000e+00
      vertex   -1.722282e+02 -1.490630e+02 1.000000e+00
      vertex   -1.703339e+02 -1.481686e+02 1.000000e+00
    endloop
  endfacet
  facet normal 0.000000e+00 0.000000e+00 1.000000e+00
    outer loop
      vertex   -1.703339e+02 -1.481686e+02 1.000000e+00
      vertex   -1.722282e+02 -1.490630e+02 1.000000e+00
      vertex   -1.705230e+02 -1.510187e+02 1.000000e+00
    endloop
  endfacet
  facet normal 0.000000e+00 0.000000e+00 1.000000e+00
    outer loop
      vertex   -1.703339e+02 -1.481686e+02 1.000000e+00
      vertex   -1.705230e+02 -1.510187e+02 1.000000e+00
      vertex   -1.686080e+02 -1.502100e+02 1.000000e+00
    endloop
  endfacet
  facet normal 0.000000e+00 0.000000e+00 1.000000e+00
    outer loop
      vertex   -1.686080e+02 -1.502100e+02 1.000000e+00
      vertex   -1.705230e+02 -1.510187e+02 1.000000e+00
      vertex   -1.689551e+02 -1.530862e+02 1.000000e+00
    endloop
  endfacet
  facet normal 0.000000e+00 0.000000e+00 1.000000e+00
    outer loop
      vertex   -1.686080e+02 -1.502100e+02 1.000000e+00
      vertex   -1.689551e+02 -1.530862e+02 1.000000e+00
      vertex   -1.670223e+02 -1.523621e+02 1.000000e+00
    endloop
  endfacet
  facet normal 0.000000e+00 0.000000e+00 1.000000e+00
    outer loop
      vertex   -1.670223e+02 -1.523621e+02 1.000000e+00
      vertex   -1.689551e+02 -1.530862e+02 1.000000e+00
      vertex   -1.675321e+02 -1.552558e+02 1.000000e+00
    endloop
  endfacet
  facet normal 0.000000e+00 0.000000e+00 1.000000e+00
    outer loop
      vertex   -1.670223e+02 -1.523621e+02 1.000000e+00
      vertex   -1.675321e+02 -1.552558e+02 1.000000e+00
      vertex   -1.655839e+02 -1.546153e+02 1.000000e+00
    endloop
  endfacet
  facet normal 0.000000e+00 0.000000e+00 1.000000e+00
    outer loop
      vertex   -1.655839e+02 -1.546153e+02 1.000000e+00
      vertex   -1.675321e+02 -1.552558e+02 1.000000e+00
      vertex   -1.662604e+02 -1.575175e+02 1.000000e+00
    endloop
  endfacet
  facet normal 0.000000e+00 0.000000e+00 1.000000e+00
    outer loop
      vertex   -1.655839e+02 -1.546153e+02 1.000000e+00
      vertex   -1.662604e+02 -1.575175e+02 1.000000e+00
      vertex   -1.642992e+02 -1.569596e+02 1.000000e+00
    endloop
  endfacet
  facet normal 0.000000e+00 0.000000e+00 1.000000e+00
    outer loop
      vertex   -1.642992e+02 -1.569596e+02 1.000000e+00
      vertex   -1.662604e+02 -1.575175e+02 1.000000e+00
      vertex   -1.651460e+02 -1.598608e+02 1.000000e+00
    endloop
  endfacet
  facet normal 0.000000e+00 0.000000e+00 1.000000e+00
    outer loop
      vertex   -1.642992e+02 -1.569596e+02 1.000000e+00
      vertex   -1.651460e+02 -1.598608e+02 1.000000e+00
      vertex   -1.631740e+02 -1.593844e+02 1.000000e+00
    endloop
  endfacet
  facet normal 0.000000e+00 0.000000e+00 1.000000e+00
    outer loop
      vertex   -1.631740e+02 -1.593844e+02 1.000000e+00
      vertex   -1.651460e+02 -1.598608e+02 1.000000e+00
      vertex   -1.641941e+02 -1.622746e+02 1.000000e+00
    endloop
  endfacet
  facet normal 0.000000e+00 0.000000e+00 1.000000e+00
    outer loop
      vertex   -1.631740e+02 -1.593844e+02 1.000000e+00
      vertex   -1.641941e+02 -1.622746e+02 1.000000e+00
      vertex   -1.622132e+02 -1.618790e+02 1.000000e+00
    endloop
  endfacet
  facet normal 0.000000e+00 0.000000e+00 1.000000e+00
    outer loop
      vertex   -1.622132e+02 -1.618790e+02 1.000000e+00
      vertex   -1.641941e+02 -1.622746e+02 1.000000e+00
      vertex   -1.634091e+02 -1.647477e+02 1.000000e+00
    endloop
  endfacet
  facet normal 0.000000e+00 0.000000e+00 1.000000e+00
    outer loop
      vertex   -1.622132e+02 -1.618790e+02 1.000000e+00
      vertex   -1.634091e+02 -1.647477e+02 1.000000e+00
      vertex   -1.614212e+02 -1.644322e+02 1.000000e+00
    endloop
  endfacet
  facet normal 0.000000e+00 0.000000e+00 1.000000e+00
    outer loop
      vertex   -1.614212e+02 -1.644322e+02 1.000000e+00
      vertex   -1.634091e+02 -1.647477e+02 1.000000e+00
      vertex   -1.627948e+02 -1.672687e+02 1.000000e+00
    endloop
  endfacet
  facet normal 0.000000e+00 0.000000e+00 1.000000e+00
    outer loop
      vertex   -1.614212e+02 -1.644322e+02 1.000000e+00
      vertex   -1.627948e+02 -1.672687e+02 1.000000e+00
      vertex   -1.608015e+02 -1.670326e+02 1.000000e+00
    endloop
  endfacet
  facet normal 0.000000e+00 0.000000e+00 1.000000e+00
    outer loop
      vertex   -1.608015e+02 -1.670326e+02 1.000000e+00
      vertex   -1.627948e+02 -1.672687e+02 1.000000e+00
      vertex   -1.623539e+02 -1.698257e+02 1.000000e+00
    endloop
  endfacet
  facet normal 0.000000e+00 0.000000e+00 1.000000e+00
    outer loop
      vertex   -1.608015e+02 -1.670326e+02 1.000000e+00
      vertex   -1.623539e+02 -1.698257e+02 1.000000e+00
      vertex   -1.603569e+02 -1.696685e+02 1.000000e+00
    endloop
  endfacet
  facet normal 0.000000e+00 0.000000e+00 1.000000e+00
    outer loop
      vertex   -1.603569e+02 -1.696685e+02 1.000000e+00
      vertex   -1.623539e+02 -1.698257e+02 1.000000e+00
      vertex   -1.620886e+02 -1.724068e+02 1.000000e+00
    endloop
  endfacet
  facet normal 0.000000e+00 0.000000e+00 1.000000e+00
    outer loop
      vertex   -1.603569e+02 -1.696685e+02 1.000000e+00
      vertex   -1.620886e+02 -1.724068e+02 1.000000e+00
      vertex   -1.600893e+02 -1.723283e+02 1.000000e+00
    endloop
  endfacet
  facet normal 0.000000e+00 0.000000e+00 1.000000e+00
    outer loop
      vertex   -1.600893e+02 -1.723283e+02 1.000000e+00
      vertex   -1.620886e+02 -1.724068e+02 1.000000e+00
      vertex   -1.620000e+02 -1.750000e+02 1.000000e+00
    endloop
  endfacet
  facet normal 8.660254e-01 -5.000000e-01 0.000000e+00
    outer loop
      vertex   -2.313716e+02 -1.755000e+02 2.000000e+00
      vertex   -2.342583e+02 -1.805000e+02 2.000000e+00
      vertex   -2.313716e+02 -1.755000e+02 1.000000e+00
    endloop
  endfacet
  facet normal 8.660254e-01 -5.000000e-01 0.000000e+00
    outer loop
      vertex   -2.313716e+02 -1.755000e+02 1.000000e+00
      vertex   -2.342583e+02 -1.805000e+02 2.000000e+00
      vertex   -2.342583e+02 -1.805000e+02 1.000000e+00
    endloop
  endfacet
  facet normal 9.238795e-01 -3.826834e-01 0.000000e+00
    outer loop
      vertex   -2.342583e+02 -1.805000e+02 1.000000e+00
      vertex   -2.342583e+02 -1.805000e+02 2.000000e+00
      vertex   -2.343582e+02 -1.807412e+02 1.000000e+00
    endloop
  endfacet
  facet normal 9.238795e-01 -3.826834e-01 0.000000e+00
    outer loop
      vertex   -2.343582e+02 -1.807412e+02 1.000000e+00
      vertex   -2.342583e+02 -1.805000e+02 2.000000e+00
      vertex   -2.343582e+02 -1.807412e+02 2.000000e+00
    endloop
  endfacet
  facet normal 9.914449e-01 -1.305262e-01 0.000000e+00
    outer loop
      vertex   -2.343582e+02 -1.807412e+02 1.000000e+00
      vertex   -2.343582e+02 -1.807412e+02 2.000000e+00
      vertex   -2.343923e+02 -1.810000e+02 1.000000e+00
    endloop
  endfacet
  facet normal 9.914449e-01 -1.305262e-01 0.000000e+00
    outer loop
      vertex   -2.343923e+02 -1.810000e+02 1.000000e+00
      vertex   -2.343582e+02 -1.807412e+02 2.000000e+00
      vertex   -2.343923e+02 -1.810000e+02 2.000000e+00
    endloop
  endfacet
  facet normal 9.914449e-01 1.305262e-01 -0.000000e+00
    outer loop
      vertex   -2.343923e+02 -1.810000e+02 1.000000e+00
      vertex   -2.343923e+02 -1.810000e+02 2.000000e+00
      vertex   -2.343582e+02 -1.812588e+02 1.000000e+00
    endloop
  endfacet
  facet normal 9.914449e-01 1.305262e-01 -0.000000e+00
    outer loop
      vertex   -2.343582e+02 -1.812588e+02 1.000000e+00
      vertex   -2.343923e+02 -1.810000e+02 2.000000e+00
      vertex   -2.343582e+02 -1.812588e+02 2.000000e+00
    endloop
  endfacet
  facet normal 9.238795e-01 3.826834e-01 -0.000000e+00
    outer loop
      vertex   -2.343582e+02 -1.812588e+02 1.000000e+00
      vertex   -2.343582e+02 -1.812588e+02 2.000000e+00
      vertex   -2.342583e+02 -1.815000e+02 1.000000e+00
    endloop
  endfacet
  facet normal 9.238795e-01 3.826834e-01 -0.000000e+00
    outer loop
      vertex   -2.342583e+02 -1.815000e+02 1.000000e+00
      vertex   -2.343582e+02 -1.812588e+02 2.000000e+00
      vertex   -2.342583e+02 -1.815000e+02 2.000000e+00
    endloop
  endfacet
  facet normal 7.933533e-01 6.087614e-01 -0.000000e+00
    outer loop
      vertex   -2.342583e+02 -1.815000e+02 1.000000e+00
      vertex   -2.342583e+02 -1.815000e+02 2.000000e+00
      vertex   -2.340994e+02 -1.817071e+02 1.000000e+00
    endloop
  endfacet
  facet normal 7.933533e-01 6.087614e-01 -0.000000e+00
    outer loop
      vertex   -2.340994e+02 -1.817071e+02 1.000000e+00
      vertex   -2.342583e+02 -1.815000e+02 2.000000e+00
      vertex   -2.340994e+02 -1.817071e+02 2.000000e+00
    endloop
  endfacet
  facet normal 6.087614e-01 7.933533e-01 -0.000000e+00
    outer loop
      vertex   -2.340994e+02 -1.817071e+02 1.000000e+00
      vertex   -2.340994e+02 -1.817071e+02 2.000000e+00
      vertex   -2.338923e+02 -1.818660e+02 1.000000e+00
    endloop
  endfacet
  facet normal 6.087614e-01 7.933533e-01 -0.000000e+00
    outer loop
      vertex   -2.338923e+02 -1.818660e+02 1.000000e+00
      vertex   -2.340994e+02 -1.817071e+02 2.000000e+00
      vertex   -2.338923e+02 -1.818660e+02 2.000000e+00
    endloop
  endfacet
  facet normal 3.826834e-01 9.238795e-01 -0.000000e+00
    outer loop
      vertex   -2.338923e+02 -1.818660e+02 1.000000e+00
      vertex   -2.338923e+02 -1.818660e+02 2.000000e+00
      vertex   -2.336511e+02 -1.819659e+02 1.000000e+00
    endloop
  endfacet
  facet normal 3.826834e-01 9.238795e-01 -0.000000e+00
    outer loop
      vertex   -2.336511e+02 -1.819659e+02 1.000000e+00
      vertex   -2.338923e+02 -1.818660e+02 2.000000e+00
      vertex   -2.336511e+02 -1.819659e+02 2.000000e+00
    endloop
  endfacet
  facet normal 1.305262e-01 9.914449e-01 -0.000000e+00
    outer loop
      vertex   -2.336511e+02 -1.819659e+02 1.000000e+00
      vertex   -2.336511e+02 -1.819659e+02 2.000000e+00
      vertex   -2.333923e+02 -1.820000e+02 1.000000e+00
    endloop
  endfacet
  facet normal 1.305262e-01 9.914449e-01 -0.000000e+00
    outer loop
      vertex   -2.333923e+02 -1.820000e+02 1.000000e+00
      vertex   -2.336511e+02 -1.819659e+02 2.000000e+00
      vertex   -2.333923e+02 -1.820000e+02 2.000000e+00
    endloop
  endfacet
  facet normal -2.128730e-09 1.000000e+00 0.000000e+00
    outer loop
      vertex   -2.333923e+02 -1.820000e+02 2.000000e+00
      vertex   -2.276188e+02 -1.820000e+02 2.000000e+00
      vertex   -2.333923e+02 -1.820000e+02 1.000000e+00
    endloop
  endfacet
  facet normal -2.128730e-09 1.000000e+00 0.000000e+00
    outer loop
      vertex   -2.333923e+02 -1.820000e+02 1.000000e+00
      vertex   -2.276188e+02 -1.820000e+02 2.000000e+00
      vertex   -2.276188e+02 -1.820000e+02 1.000000e+00
    endloop
  endfacet
  facet normal -1.305262e-01 9.914449e-01 0.000000e+00
    outer loop
      vertex   -2.276188e+02 -1.820000e+02 1.000000e+00
      vertex   -2.276188e+02 -1.820000e+02 2.000000e+00
      vertex   -2.273600e+02 -1.819659e+02 1.000000e+00
    endloop
  endfacet
  facet normal -1.305262e-01 9.914449e-01 -1.624485e-10
    outer loop
      vertex   -2.273600e+02 -1.819659e+02 1.000000e+00
      vertex   -2.276188e+02 -1.820000e+02 2.000000e+00
      vertex   -2.273600e+02 -1.819659e+02 2.000000e+00
    endloop
  endfacet
  facet normal -3.826834e-01 9.238795e-01 1.624767e-10
    outer loop
      vertex   -2.273600e+02 -1.819659e+02 1.000000e+00
      vertex   -2.273600e+02 -1.819659e+02 2.000000e+00
      vertex   -2.271188e+02 -1.818660e+02 1.000000e+00
    endloop
  endfacet
  facet normal -3.826834e-01 9.238795e-01 -3.248797e-10
    outer loop
      vertex   -2.271188e+02 -1.818660e+02 1.000000e+00
      vertex   -2.273600e+02 -1.819659e+02 2.000000e+00
      vertex   -2.271188e+02 -1.818660e+02 2.000000e+00
    endloop
  endfacet
  facet normal -6.087614e-01 7.933533e-01 3.249575e-10
    outer loop
      vertex   -2.271188e+02 -1.818660e+02 1.000000e+00
      vertex   -2.271188e+02 -1.818660e+02 2.000000e+00
      vertex   -2.269117e+02 -1.817071e+02 1.000000e+00
    endloop
  endfacet
  facet normal -6.087614e-01 7.933533e-01 -4.873764e-10
    outer loop
      vertex   -2.269117e+02 -1.817071e+02 1.000000e+00
      vertex   -2.271188e+02 -1.818660e+02 2.000000e+00
      vertex   -2.269117e+02 -1.817071e+02 2.000000e+00
    endloop
  endfacet
  facet normal -7.933533e-01 6.087614e-01 4.873765e-10
    outer loop
      vertex   -2.269117e+02 -1.817071e+02 1.000000e+00
      vertex   -2.269117e+02 -1.817071e+02 2.000000e+00
      vertex   -2.267528e+02 -1.815000e+02 1.000000e+00
    endloop
  endfacet
  facet normal -7.933533e-01 6.087614e-01 -6.498301e-10
    outer loop
      vertex   -2.267528e+02 -1.815000e+02 1.000000e+00
      vertex   -2.269117e+02 -1.817071e+02 2.000000e+00
      vertex   -2.267528e+02 -1.815000e+02 2.000000e+00
    endloop
  endfacet
  facet normal -9.238795e-01 3.826834e-01 6.498490e-10
    outer loop
      vertex   -2.267528e+02 -1.815000e+02 1.000000e+00
      vertex   -2.267528e+02 -1.815000e+02 2.000000e+00
      vertex   -2.266529e+02 -1.812588e+02 1.000000e+00
    endloop
  endfacet
  facet normal -9.238795e-01 3.826834e-01 -8.123138e-10
    outer loop
      vertex   -2.266529e+02 -1.812588e+02 1.000000e+00
      vertex   -2.267528e+02 -1.815000e+02 2.000000e+00
      vertex   -2.266529e+02 -1.812588e+02 2.000000e+00
    endloop
  endfacet
  facet normal -9.914449e-01 1.305262e-01 8.122854e-10
    outer loop
      vertex   -2.266529e+02 -1.812588e+02 1.000000e+00
      vertex   -2.266529e+02 -1.812588e+02 2.000000e+00
      vertex   -2.266188e+02 -1.810000e+02 1.000000e+00
    endloop
  endfacet
  facet normal -9.914449e-01 1.305262e-01 -9.747551e-10
    outer loop
      vertex   -2.266188e+02 -1.810000e+02 1.000000e+00
      vertex   -2.266529e+02 -1.812588e+02 2.000000e+00
      vertex   -2.266188e+02 -1.810000e+02 2.000000e+00
    endloop
  endfacet
  facet normal -9.914449e-01 -1.305262e-01 9.747552e-10
    outer loop
      vertex   -2.266188e+02 -1.810000e+02 1.000000e+00
      vertex   -2.266188e+02 -1.810000e+02 2.000000e+00
      vertex   -2.266529e+02 -1.807412e+02 1.000000e+00
    endloop
  endfacet
  facet normal -9.914449e-01 -1.305262e-01 -1.137274e-09
    outer loop
      vertex   -2.266529e+02 -1.807412e+02 1.000000e+00
      vertex   -2.266188e+02 -1.810000e+02 2.000000e+00
      vertex   -2.266529e+02 -1.807412e+02 2.000000e+00
    endloop
  endfacet
  facet normal -9.238795e-01 -3.826834e-01 1.137167e-09
    outer loop
      vertex   -2.266529e+02 -1.807412e+02 1.000000e+00
      vertex   -2.266529e+02 -1.807412e+02 2.000000e+00
      vertex   -2.267528e+02 -1.805000e+02 1.000000e+00
    endloop
  endfacet
  facet normal -9.238795e-01 -3.826834e-01 -1.299661e-09
    outer loop
      vertex   -2.267528e+02 -1.805000e+02 1.000000e+00
      vertex   -2.266529e+02 -1.807412e+02 2.000000e+00
      vertex   -2.267528e+02 -1.805000e+02 2.000000e+00
    endloop
  endfacet
  facet normal -7.933533e-01 -6.087614e-01 1.299700e-09
    outer loop
      vertex   -2.267528e+02 -1.805000e+02 1.000000e+00
      vertex   -2.267528e+02 -1.805000e+02 2.000000e+00
      vertex   -2.269117e+02 -1.802929e+02 1.000000e+00
    endloop
  endfacet
  facet normal -7.933533e-01 -6.087614e-01 -1.462162e-09
    outer loop
      vertex   -2.269117e+02 -1.802929e+02 1.000000e+00
      vertex   -2.267528e+02 -1.805000e+02 2.000000e+00
      vertex   -2.269117e+02 -1.802929e+02 2.000000e+00
    endloop
  endfacet
  facet normal -6.087614e-01 -7.933533e-01 1.462123e-09
    outer loop
      vertex   -2.269117e+02 -1.802929e+02 1.000000e+00
      vertex   -2.269117e+02 -1.802929e+02 2.000000e+00
      vertex   -2.271188e+02 -1.801340e+02 1.000000e+00
    endloop
  endfacet
  facet normal -6.087614e-01 -7.933533e-01 -1.624590e-09
    outer loop
      vertex   -2.271188e+02 -1.801340e+02 1.000000e+00
      vertex   -2.269117e+02 -1.802929e+02 2.000000e+00
      vertex   -2.271188e+02 -1.801340e+02 2.000000e+00
    endloop
  endfacet
  facet normal -3.826834e-01 -9.238795e-01 1.624619e-09
    outer loop
      vertex   -2.271188e+02 -1.801340e+02 1.000000e+00
      vertex   -2.271188e+02 -1.801340e+02 2.000000e+00
      vertex   -2.273600e+02 -1.800341e+02 1.000000e+00
    endloop
  endfacet
  facet normal -3.826834e-01 -9.238795e-01 -1.787067e-09
    outer loop
      vertex   -2.273600e+02 -1.800341e+02 1.000000e+00
      vertex   -2.271188e+02 -1.801340e+02 2.000000e+00
      vertex   -2.273600e+02 -1.800341e+02 2.000000e+00
    endloop
  endfacet
  facet normal -1.305263e-01 -9.914448e-01 1.787050e-09
    outer loop
      vertex   -2.273600e+02 -1.800341e+02 1.000000e+00
      vertex   -2.273600e+02 -1.800341e+02 2.000000e+00
      vertex   -2.276188e+02 -1.800000e+02 1.000000e+00
    endloop
  endfacet
  facet normal -1.305263e-01 -9.914449e-01 0.000000e+00
    outer loop
      vertex   -2.276188e+02 -1.800000e+02 1.000000e+00
      vertex   -2.273600e+02 -1.800341e+02 2.000000e+00
      vertex   -2.276188e+02 -1.800000e+02 2.000000e+00
    endloop
  endfacet
  facet normal 2.980217e-09 -1.000000e+00 0.000000e+00
    outer loop
      vertex   -2.276188e+02 -1.800000e+02 2.000000e+00
      vertex   -2.299282e+02 -1.800000e+02 2.000000e+00
      vertex   -2.276188e+02 -1.800000e+02 1.000000e+00
    endloop
  endfacet
  facet normal 2.980217e-09 -1.000000e+00 0.000000e+00
    outer loop
      vertex   -2.276188e+02 -1.800000e+02 1.000000e+00
      vertex   -2.299282e+02 -1.800000e+02 2.000000e+00
      vertex   -2.299282e+02 -1.800000e+02 1.000000e+00
    endloop
  endfacet
  facet normal -1.305262e-01 -9.914449e-01 0.000000e+00
    outer loop
      vertex   -2.299282e+02 -1.800000e+02 1.000000e+00
      vertex   -2.299282e+02 -1.800000e+02 2.000000e+00
      vertex   -2.301870e+02 -1.799659e+02 1.000000e+00
    endloop
  endfacet
  facet normal -1.305262e-01 -9.914449e-01 0.000000e+00
    outer loop
      vertex   -2.301870e+02 -1.799659e+02 1.000000e+00
      vertex   -2.299282e+02 -1.800000e+02 2.000000e+00
      vertex   -2.301870e+02 -1.799659e+02 2.000000e+00
    endloop
  endfacet
  facet normal -3.826834e-01 -9.238795e-01 0.000000e+00
    outer loop
      vertex   -2.301870e+02 -1.799659e+02 1.000000e+00
      vertex   -2.301870e+02 -1.799659e+02 2.000000e+00
      vertex   -2.304282e+02 -1.798660e+02 1.000000e+00
    endloop
  endfacet
  facet normal -3.826834e-01 -9.238795e-01 0.000000e+00
    outer loop
      vertex   -2.304282e+02 -1.798660e+02 1.000000e+00
      vertex   -2.301870e+02 -1.799659e+02 2.000000e+00
      vertex   -2.304282e+02 -1.798660e+02 2.000000e+00
    endloop
  endfacet
  facet normal -6.087614e-01 -7.933533e-01 0.000000e+00
    outer loop
      vertex   -2.304282e+02 -1.798660e+02 1.000000e+00
      vertex   -2.304282e+02 -1.798660e+02 2.000000e+00
      vertex   -2.306353e+02 -1.797071e+02 1.000000e+00
    endloop
  endfacet
  facet normal -6.087614e-01 -7.933533e-01 0.000000e+00
    outer loop
      vertex   -2.306353e+02 -1.797071e+02 1.000000e+00
      vertex   -2.304282e+02 -1.798660e+02 2.000000e+00
      vertex   -2.306353e+02 -1.797071e+02 2.000000e+00
    endloop
  endfacet
  facet normal -7.933533e-01 -6.087614e-01 0.000000e+00
    outer loop
      vertex   -2.306353e+02 -1.797071e+02 1.000000e+00
      vertex   -2.306353e+02 -1.797071e+02 2.000000e+00
      vertex   -2.307942e+02 -1.795000e+02 1.000000e+00
    endloop
  endfacet
  facet normal -7.933533e-01 -6.087614e-01 0.000000e+00
    outer loop
      vertex   -2.307942e+02 -1.795000e+02 1.000000e+00
      vertex   -2.306353e+02 -1.797071e+02 2.000000e+00
      vertex   -2.307942e+02 -1.795000e+02 2.000000e+00
    endloop
  endfacet
  facet normal -9.238795e-01 -3.826834e-01 0.000000e+00
    outer loop
      vertex   -2.307942e+02 -1.795000e+02 1.000000e+00
      vertex   -2.307942e+02 -1.795000e+02 2.000000e+00
      vertex   -2.308941e+02 -1.792588e+02 1.000000e+00
    endloop
  endfacet
  facet normal -9.238795e-01 -3.826834e-01 0.000000e+00
    outer loop
      vertex   -2.308941e+02 -1.792588e+02 1.000000e+00
      vertex   -2.307942e+02 -1.795000e+02 2.000000e+00
      vertex   -2.308941e+02 -1.792588e+02 2.000000e+00
    endloop
  endfacet
  facet normal -9.914449e-01 -1.305262e-01 0.000000e+00
    outer loop
      vertex   -2.308941e+02 -1.792588e+02 1.000000e+00
      vertex   -2.308941e+02 -1.792588e+02 2.000000e+00
      vertex   -2.309282e+02 -1.790000e+02 1.000000e+00
    endloop
  endfacet
  facet normal -9.914449e-01 -1.305262e-01 0.000000e+00
    outer loop
      vertex   -2.309282e+02 -1.790000e+02 1.000000e+00
      vertex   -2.308941e+02 -1.792588e+02 2.000000e+00
      vertex   -2.309282e+02 -1.790000e+02 2.000000e+00
    endloop
  endfacet
  facet normal -9.914449e-01 1.305262e-01 0.000000e+00
    outer loop
      vertex   -2.309282e+02 -1.790000e+02 1.000000e+00
      vertex   -2.309282e+02 -1.790000e+02 2.000000e+00
      vertex   -2.308941e+02 -1.787412e+02 1.000000e+00
    endloop
  endfacet
  facet normal -9.914449e-01 1.305262e-01 0.000000e+00
    outer loop
      vertex   -2.308941e+02 -1.787412e+02 1.000000e+00
      vertex   -2.309282e+02 -1.790000e+02 2.000000e+00
      vertex   -2.308941e+02 -1.787412e+02 2.000000e+00
    endloop
  endfacet
  facet normal -9.238795e-01 3.826834e-01 0.000000e+00
    outer loop
      vertex   -2.308941e+02 -1.787412e+02 1.000000e+00
      vertex   -2.308941e+02 -1.787412e+02 2.000000e+00
      vertex   -2.307942e+02 -1.785000e+02 1.000000e+00
    endloop
  endfacet
  facet normal -9.238795e-01 3.826834e-01 0.000000e+00
    outer loop
      vertex   -2.307942e+02 -1.785000e+02 1.000000e+00
      vertex   -2.308941e+02 -1.787412e+02 2.000000e+00
      vertex   -2.307942e+02 -1.785000e+02 2.000000e+00
    endloop
  endfacet
  facet normal -8.660254e-01 5.000000e-01 0.000000e+00
    outer loop
      vertex   -2.307942e+02 -1.785000e+02 2.000000e+00
      vertex   -2.296395e+02 -1.765000e+02 2.000000e+00
      vertex   -2.307942e+02 -1.785000e+02 1.000000e+00
    endloop
  endfacet
  facet normal -8.660254e-01 5.000000e-01 0.000000e+00
    outer loop
      vertex   -2.307942e+02 -1.785000e+02 1.000000e+00
      vertex   -2.296395e+02 -1.765000e+02 2.000000e+00
      vertex   -2.296395e+02 -1.765000e+02 1.000000e+00
    endloop
  endfacet
  facet normal -9.238795e-01 3.826834e-01 0.000000e+00
    outer loop
      vertex   -2.296395e+02 -1.765000e+02 2.000000e+00
      vertex   -2.295396e+02 -1.762588e+02 2.000000e+00
      vertex   -2.296395e+02 -1.765000e+02 1.000000e+00
    endloop
  endfacet
  facet normal -9.238795e-01 3.826834e-01 2.118366e-10
    outer loop
      vertex   -2.296395e+02 -1.765000e+02 1.000000e+00
      vertex   -2.295396e+02 -1.762588e+02 2.000000e+00
      vertex   -2.295396e+02 -1.762588e+02 1.000000e+00
    endloop
  endfacet
  facet normal -9.914449e-01 1.305262e-01 -2.118722e-10
    outer loop
      vertex   -2.295396e+02 -1.762588e+02 1.000000e+00
      vertex   -2.295396e+02 -1.762588e+02 2.000000e+00
      vertex   -2.295056e+02 -1.760000e+02 2.000000e+00
    endloop
  endfacet
  facet normal -9.914449e-01 1.305262e-01 4.237159e-10
    outer loop
      vertex   -2.295396e+02 -1.762588e+02 1.000000e+00
      vertex   -2.295056e+02 -1.760000e+02 2.000000e+00
      vertex   -2.295056e+02 -1.760000e+02 1.000000e+00
    endloop
  endfacet
  facet normal -9.914449e-01 -1.305262e-01 -4.237159e-10
    outer loop
      vertex   -2.295056e+02 -1.760000e+02 1.000000e+00
      vertex   -2.295056e+02 -1.760000e+02 2.000000e+00
      vertex   -2.295396e+02 -1.757412e+02 2.000000e+00
    endloop
  endfacet
  facet normal -9.914449e-01 -1.305262e-01 6.355492e-10
    outer loop
      vertex   -2.295056e+02 -1.760000e+02 1.000000e+00
      vertex   -2.295396e+02 -1.757412e+02 2.000000e+00
      vertex   -2.295396e+02 -1.757412e+02 1.000000e+00
    endloop
  endfacet
  facet normal -9.238795e-01 -3.826834e-01 -6.355949e-10
    outer loop
      vertex   -2.295396e+02 -1.757412e+02 1.000000e+00
      vertex   -2.295396e+02 -1.757412e+02 2.000000e+00
      vertex   -2.296395e+02 -1.755000e+02 2.000000e+00
    endloop
  endfacet
  facet normal -9.238795e-01 -3.826834e-01 8.474309e-10
    outer loop
      vertex   -2.295396e+02 -1.757412e+02 1.000000e+00
      vertex   -2.296395e+02 -1.755000e+02 2.000000e+00
      vertex   -2.296395e+02 -1.755000e+02 1.000000e+00
    endloop
  endfacet
  facet normal -7.933533e-01 -6.087614e-01 -8.474333e-10
    outer loop
      vertex   -2.296395e+02 -1.755000e+02 1.000000e+00
      vertex   -2.296395e+02 -1.755000e+02 2.000000e+00
      vertex   -2.297985e+02 -1.752929e+02 2.000000e+00
    endloop
  endfacet
  facet normal -7.933533e-01 -6.087614e-01 1.059226e-09
    outer loop
      vertex   -2.296395e+02 -1.755000e+02 1.000000e+00
      vertex   -2.297985e+02 -1.752929e+02 2.000000e+00
      vertex   -2.297985e+02 -1.752929e+02 1.000000e+00
    endloop
  endfacet
  facet normal -6.087614e-01 -7.933533e-01 -1.059346e-09
    outer loop
      vertex   -2.297985e+02 -1.752929e+02 1.000000e+00
      vertex   -2.297985e+02 -1.752929e+02 2.000000e+00
      vertex   -2.300056e+02 -1.751340e+02 2.000000e+00
    endloop
  endfacet
  facet normal -6.087614e-01 -7.933533e-01 1.271138e-09
    outer loop
      vertex   -2.297985e+02 -1.752929e+02 1.000000e+00
      vertex   -2.300056e+02 -1.751340e+02 2.000000e+00
      vertex   -2.300056e+02 -1.751340e+02 1.000000e+00
    endloop
  endfacet
  facet normal -3.826834e-01 -9.238795e-01 -1.271142e-09
    outer loop
      vertex   -2.300056e+02 -1.751340e+02 1.000000e+00
      vertex   -2.300056e+02 -1.751340e+02 2.000000e+00
      vertex   -2.302467e+02 -1.750341e+02 2.000000e+00
    endloop
  endfacet
  facet normal -3.826834e-01 -9.238795e-01 1.483037e-09
    outer loop
      vertex   -2.300056e+02 -1.751340e+02 1.000000e+00
      vertex   -2.302467e+02 -1.750341e+02 2.000000e+00
      vertex   -2.302467e+02 -1.750341e+02 1.000000e+00
    endloop
  endfacet
  facet normal -1.305262e-01 -9.914449e-01 -1.482967e-09
    outer loop
      vertex   -2.302467e+02 -1.750341e+02 1.000000e+00
      vertex   -2.302467e+02 -1.750341e+02 2.000000e+00
      vertex   -2.305056e+02 -1.750000e+02 2.000000e+00
    endloop
  endfacet
  facet normal -1.305262e-01 -9.914449e-01 1.694832e-09
    outer loop
      vertex   -2.302467e+02 -1.750341e+02 1.000000e+00
      vertex   -2.305056e+02 -1.750000e+02 2.000000e+00
      vertex   -2.305056e+02 -1.750000e+02 1.000000e+00
    endloop
  endfacet
  facet normal 1.305262e-01 -9.914449e-01 -1.694888e-09
    outer loop
      vertex   -2.305056e+02 -1.750000e+02 1.000000e+00
      vertex   -2.305056e+02 -1.750000e+02 2.000000e+00
      vertex   -2.307644e+02 -1.750341e+02 2.000000e+00
    endloop
  endfacet
  facet normal 1.305262e-01 -9.914449e-01 1.906739e-09
    outer loop
      vertex   -2.305056e+02 -1.750000e+02 1.000000e+00
      vertex   -2.307644e+02 -1.750341e+02 2.000000e+00
      vertex   -2.307644e+02 -1.750341e+02 1.000000e+00
    endloop
  endfacet
  facet normal 3.826834e-01 -9.238795e-01 -1.906684e-09
    outer loop
      vertex   -2.307644e+02 -1.750341e+02 1.000000e+00
      vertex   -2.307644e+02 -1.750341e+02 2.000000e+00
      vertex   -2.310056e+02 -1.751340e+02 2.000000e+00
    endloop
  endfacet
  facet normal 3.826834e-01 -9.238795e-01 2.118520e-09
    outer loop
      vertex   -2.307644e+02 -1.750341e+02 1.000000e+00
      vertex   -2.310056e+02 -1.751340e+02 2.000000e+00
      vertex   -2.310056e+02 -1.751340e+02 1.000000e+00
    endloop
  endfacet
  facet normal 6.087614e-01 -7.933533e-01 -2.118616e-09
    outer loop
      vertex   -2.310056e+02 -1.751340e+02 1.000000e+00
      vertex   -2.310056e+02 -1.751340e+02 2.000000e+00
      vertex   -2.312127e+02 -1.752929e+02 2.000000e+00
    endloop
  endfacet
  facet normal 6.087614e-01 -7.933533e-01 2.330467e-09
    outer loop
      vertex   -2.310056e+02 -1.751340e+02 1.000000e+00
      vertex   -2.312127e+02 -1.752929e+02 2.000000e+00
      vertex   -2.312127e+02 -1.752929e+02 1.000000e+00
    endloop
  endfacet
  facet normal 7.933533e-01 -6.087615e-01 -2.330385e-09
    outer loop
      vertex   -2.312127e+02 -1.752929e+02 1.000000e+00
      vertex   -2.312127e+02 -1.752929e+02 2.000000e+00
      vertex   -2.313716e+02 -1.755000e+02 2.000000e+00
    endloop
  endfacet
  facet normal 7.933533e-01 -6.087615e-01 0.000000e+00
    outer loop
      vertex   -2.312127e+02 -1.752929e+02 1.000000e+00
      vertex   -2.313716e+02 -1.755000e+02 2.000000e+00
      vertex   -2.313716e+02 -1.755000e+02 1.000000e+00
    endloop
  endfacet
  facet normal 0.000000e+00 -0.000000e+00 1.000000e+00
    outer loop
      vertex   -2.307942e+02 -1.785000e+02 1.000000e+00
      vertex   -2.296395e+02 -1.765000e+02 1.000000e+00
      vertex   -2.313716e+02 -1.755000e+02 1.000000e+00
    endloop
  endfacet
  facet normal 0.000000e+00 0.000000e+00 1.000000e+00
    outer loop
      vertex   -2.313716e+02 -1.755000e+02 1.000000e+00
      vertex   -2.296395e+02 -1.765000e+02 1.000000e+00
      vertex   -2.295396e+02 -1.762588e+02 1.000000e+00
    endloop
  endfacet
  facet normal 0.000000e+00 0.000000e+00 1.000000e+00
    outer loop
      vertex   -2.313716e+02 -1.755000e+02 1.000000e+00
      vertex   -2.295396e+02 -1.762588e+02 1.000000e+00
      vertex   -2.295056e+02 -1.760000e+02 1.000000e+00
    endloop
  endfacet
  facet normal 0.000000e+00 0.000000e+00 1.000000e+00
    outer loop
      vertex   -2.295056e+02 -1.760000e+02 1.000000e+00
      vertex   -2.295396e+02 -1.757412e+02 1.000000e+00
      vertex   -2.313716e+02 -1.755000e+02 1.000000e+00
    endloop
  endfacet
  facet normal 0.000000e+00 0.000000e+00 1.000000e+00
    outer loop
      vertex   -2.313716e+02 -1.755000e+02 1.000000e+00
      vertex   -2.295396e+02 -1.757412e+02 1.000000e+00
      vertex   -2.296395e+02 -1.755000e+02 1.000000e+00
    endloop
  endfacet
  facet normal -0.000000e+00 0.000000e+00 1.000000e+00
    outer loop
      vertex   -2.313716e+02 -1.755000e+02 1.000000e+00
      vertex   -2.296395e+02 -1.755000e+02 1.000000e+00
      vertex   -2.312127e+02 -1.752929e+02 1.000000e+00
    endloop
  endfacet
  facet normal -0.000000e+00 0.000000e+00 1.000000e+00
    outer loop
      vertex   -2.312127e+02 -1.752929e+02 1.000000e+00
      vertex   -2.296395e+02 -1.755000e+02 1.000000e+00
      vertex   -2.297985e+02 -1.752929e+02 1.000000e+00
    endloop
  endfacet
  facet normal 0.000000e+00 0.000000e+00 1.000000e+00
    outer loop
      vertex   -2.312127e+02 -1.752929e+02 1.000000e+00
      vertex   -2.297985e+02 -1.752929e+02 1.000000e+00
      vertex   -2.310056e+02 -1.751340e+02 1.000000e+00
    endloop
  endfacet
  facet normal -0.000000e+00 0.000000e+00 1.000000e+00
    outer loop
      vertex   -2.310056e+02 -1.751340e+02 1.000000e+00
      vertex   -2.297985e+02 -1.752929e+02 1.000000e+00
      vertex   -2.300056e+02 -1.751340e+02 1.000000e+00
    endloop
  endfacet
  facet normal 0.000000e+00 0.000000e+00 1.000000e+00
    outer loop
      vertex   -2.310056e+02 -1.751340e+02 1.000000e+00
      vertex   -2.300056e+02 -1.751340e+02 1.000000e+00
      vertex   -2.307644e+02 -1.750341e+02 1.000000e+00
    endloop
  endfacet
  facet normal -0.000000e+00 0.000000e+00 1.000000e+00
    outer loop
      vertex   -2.307644e+02 -1.750341e+02 1.000000e+00
      vertex   -2.300056e+02 -1.751340e+02 1.000000e+00
      vertex   -2.302467e+02 -1.750341e+02 1.000000e+00
    endloop
  endfacet
  facet normal 0.000000e+00 0.000000e+00 1.000000e+00
    outer loop
      vertex   -2.307644e+02 -1.750341e+02 1.000000e+00
      vertex   -2.302467e+02 -1.750341e+02 1.000000e+00
      vertex   -2.305056e+02 -1.750000e+02 1.000000e+00
    endloop
  endfacet
  facet normal 0.000000e+00 0.000000e+00 1.000000e+00
    outer loop
      vertex   -2.313716e+02 -1.755000e+02 1.000000e+00
      vertex   -2.342583e+02 -1.805000e+02 1.000000e+00
      vertex   -2.307942e+02 -1.785000e+02 1.000000e+00
    endloop
  endfacet
  facet normal 0.000000e+00 0.000000e+00 1.000000e+00
    outer loop
      vertex   -2.307942e+02 -1.785000e+02 1.000000e+00
      vertex   -2.342583e+02 -1.805000e+02 1.000000e+00
      vertex   -2.308941e+02 -1.787412e+02 1.000000e+00
    endloop
  endfacet
  facet normal 0.000000e+00 0.000000e+00 1.000000e+00
    outer loop
      vertex   -2.308941e+02 -1.787412e+02 1.000000e+00
      vertex   -2.342583e+02 -1.805000e+02 1.000000e+00
      vertex   -2.309282e+02 -1.790000e+02 1.000000e+00
    endloop
  endfacet
  facet normal 0.000000e+00 0.000000e+00 1.000000e+00
    outer loop
      vertex   -2.309282e+02 -1.790000e+02 1.000000e+00
      vertex   -2.342583e+02 -1.805000e+02 1.000000e+00
      vertex   -2.308941e+02 -1.792588e+02 1.000000e+00
    endloop
  endfacet
  facet normal 0.000000e+00 0.000000e+00 1.000000e+00
    outer loop
      vertex   -2.308941e+02 -1.792588e+02 1.000000e+00
      vertex   -2.342583e+02 -1.805000e+02 1.000000e+00
      vertex   -2.307942e+02 -1.795000e+02 1.000000e+00
    endloop
  endfacet
  facet normal 0.000000e+00 0.000000e+00 1.000000e+00
    outer loop
      vertex   -2.307942e+02 -1.795000e+02 1.000000e+00
      vertex   -2.342583e+02 -1.805000e+02 1.000000e+00
      vertex   -2.333923e+02 -1.820000e+02 1.000000e+00
    endloop
  endfacet
  facet normal 0.000000e+00 0.000000e+00 1.000000e+00
    outer loop
      vertex   -2.307942e+02 -1.795000e+02 1.000000e+00
      vertex   -2.333923e+02 -1.820000e+02 1.000000e+00
      vertex   -2.306353e+02 -1.797071e+02 1.000000e+00
    endloop
  endfacet
  facet normal 0.000000e+00 0.000000e+00 1.000000e+00
    outer loop
      vertex   -2.306353e+02 -1.797071e+02 1.000000e+00
      vertex   -2.333923e+02 -1.820000e+02 1.000000e+00
      vertex   -2.304282e+02 -1.798660e+02 1.000000e+00
    endloop
  endfacet
  facet normal 0.000000e+00 0.000000e+00 1.000000e+00
    outer loop
      vertex   -2.304282e+02 -1.798660e+02 1.000000e+00
      vertex   -2.333923e+02 -1.820000e+02 1.000000e+00
      vertex   -2.301870e+02 -1.799659e+02 1.000000e+00
    endloop
  endfacet
  facet normal 0.000000e+00 0.000000e+00 1.000000e+00
    outer loop
      vertex   -2.301870e+02 -1.799659e+02 1.000000e+00
      vertex   -2.333923e+02 -1.820000e+02 1.000000e+00
      vertex   -2.276188e+02 -1.820000e+02 1.000000e+00
    endloop
  endfacet
  facet normal 0.000000e+00 0.000000e+00 1.000000e+00
    outer loop
      vertex   -2.301870e+02 -1.799659e+02 1.000000e+00
      vertex   -2.276188e+02 -1.820000e+02 1.000000e+00
      vertex   -2.299282e+02 -1.800000e+02 1.000000e+00
    endloop
  endfacet
  facet normal -0.000000e+00 0.000000e+00 1.000000e+00
    outer loop
      vertex   -2.299282e+02 -1.800000e+02 1.000000e+00
      vertex   -2.276188e+02 -1.820000e+02 1.000000e+00
      vertex   -2.276188e+02 -1.800000e+02 1.000000e+00
    endloop
  endfacet
  facet normal 0.000000e+00 0.000000e+00 1.000000e+00
    outer loop
      vertex   -2.276188e+02 -1.800000e+02 1.000000e+00
      vertex   -2.276188e+02 -1.820000e+02 1.000000e+00
      vertex   -2.273600e+02 -1.800341e+02 1.000000e+00
    endloop
  endfacet
  facet normal 0.000000e+00 0.000000e+00 1.000000e+00
    outer loop
      vertex   -2.273600e+02 -1.800341e+02 1.000000e+00
      vertex   -2.276188e+02 -1.820000e+02 1.000000e+00
      vertex   -2.271188e+02 -1.801340e+02 1.000000e+00
    endloop
  endfacet
  facet normal 0.000000e+00 0.000000e+00 1.000000e+00
    outer loop
      vertex   -2.271188e+02 -1.801340e+02 1.000000e+00
      vertex   -2.276188e+02 -1.820000e+02 1.000000e+00
      vertex   -2.269117e+02 -1.802929e+02 1.000000e+00
    endloop
  endfacet
  facet normal 0.000000e+00 0.000000e+00 1.000000e+00
    outer loop
      vertex   -2.269117e+02 -1.802929e+02 1.000000e+00
      vertex   -2.276188e+02 -1.820000e+02 1.000000e+00
      vertex   -2.267528e+02 -1.805000e+02 1.000000e+00
    endloop
  endfacet
  facet normal 0.000000e+00 0.000000e+00 1.000000e+00
    outer loop
      vertex   -2.267528e+02 -1.805000e+02 1.000000e+00
      vertex   -2.276188e+02 -1.820000e+02 1.000000e+00
      vertex   -2.266529e+02 -1.807412e+02 1.000000e+00
    endloop
  endfacet
  facet normal 0.000000e+00 0.000000e+00 1.000000e+00
    outer loop
      vertex   -2.266529e+02 -1.807412e+02 1.000000e+00
      vertex   -2.276188e+02 -1.820000e+02 1.000000e+00
      vertex   -2.266188e+02 -1.810000e+02 1.000000e+00
    endloop
  endfacet
  facet normal 0.000000e+00 0.000000e+00 1.000000e+00
    outer loop
      vertex   -2.266188e+02 -1.810000e+02 1.000000e+00
      vertex   -2.276188e+02 -1.820000e+02 1.000000e+00
      vertex   -2.266529e+02 -1.812588e+02 1.000000e+00
    endloop
  endfacet
  facet normal 0.000000e+00 0.000000e+00 1.000000e+00
    outer loop
      vertex   -2.266529e+02 -1.812588e+02 1.000000e+00
      vertex   -2.276188e+02 -1.820000e+02 1.000000e+00
      vertex   -2.267528e+02 -1.815000e+02 1.000000e+00
    endloop
  endfacet
  facet normal 0.000000e+00 0.000000e+00 1.000000e+00
    outer loop
      vertex   -2.267528e+02 -1.815000e+02 1.000000e+00
      vertex   -2.276188e+02 -1.820000e+02 1.000000e+00
      vertex   -2.269117e+02 -1.817071e+02 1.000000e+00
    endloop
  endfacet
  facet normal 0.000000e+00 0.000000e+00 1.000000e+00
    outer loop
      vertex   -2.269117e+02 -1.817071e+02 1.000000e+00
      vertex   -2.276188e+02 -1.820000e+02 1.000000e+00
      vertex   -2.271188e+02 -1.818660e+02 1.000000e+00
    endloop
  endfacet
  facet normal 0.000000e+00 0.000000e+00 1.000000e+00
    outer loop
      vertex   -2.271188e+02 -1.818660e+02 1.000000e+00
      vertex   -2.276188e+02 -1.820000e+02 1.000000e+00
      vertex   -2.273600e+02 -1.819659e+02 1.000000e+00
    endloop
  endfacet
  facet normal 0.000000e+00 0.000000e+00 1.000000e+00
    outer loop
      vertex   -2.342583e+02 -1.805000e+02 1.000000e+00
      vertex   -2.343582e+02 -1.807412e+02 1.000000e+00
      vertex   -2.333923e+02 -1.820000e+02 1.000000e+00
    endloop
  endfacet
  facet normal 0.000000e+00 0.000000e+00 1.000000e+00
    outer loop
      vertex   -2.333923e+02 -1.820000e+02 1.000000e+00
      vertex   -2.343582e+02 -1.807412e+02 1.000000e+00
      vertex   -2.343923e+02 -1.810000e+02 1.000000e+00
    endloop
  endfacet
  facet normal 0.000000e+00 0.000000e+00 1.000000e+00
    outer loop
      vertex   -2.333923e+02 -1.820000e+02 1.000000e+00
      vertex   -2.343923e+02 -1.810000e+02 1.000000e+00
      vertex   -2.343582e+02 -1.812588e+02 1.000000e+00
    endloop
  endfacet
  facet normal 0.000000e+00 0.000000e+00 1.000000e+00
    outer loop
      vertex   -2.343582e+02 -1.812588e+02 1.000000e+00
      vertex   -2.342583e+02 -1.815000e+02 1.000000e+00
      vertex   -2.333923e+02 -1.820000e+02 1.000000e+00
    endloop
  endfacet
  facet normal 0.000000e+00 0.000000e+00 1.000000e+00
    outer loop
      vertex   -2.333923e+02 -1.820000e+02 1.000000e+00
      vertex   -2.342583e+02 -1.815000e+02 1.000000e+00
      vertex   -2.340994e+02 -1.817071e+02 1.000000e+00
    endloop
  endfacet
  facet normal 0.000000e+00 0.000000e+00 1.000000e+00
    outer loop
      vertex   -2.333923e+02 -1.820000e+02 1.000000e+00
      vertex   -2.340994e+02 -1.817071e+02 1.000000e+00
      vertex   -2.338923e+02 -1.818660e+02 1.000000e+00
    endloop
  endfacet
  facet normal 0.000000e+00 0.000000e+00 1.000000e+00
    outer loop
      vertex   -2.338923e+02 -1.818660e+02 1.000000e+00
      vertex   -2.336511e+02 -1.819659e+02 1.000000e+00
      vertex   -2.333923e+02 -1.820000e+02 1.000000e+00
    endloop
  endfacet
  facet normal 8.320503e-01 5.547002e-01 0.000000e+00
    outer loop
      vertex   -1.892467e+02 -1.791299e+02 2.000000e+00
      vertex   -1.889032e+02 -1.796452e+02 2.000000e+00
      vertex   -1.892467e+02 -1.791299e+02 1.000000e+00
    endloop
  endfacet
  facet normal 8.320503e-01 5.547002e-01 0.000000e+00
    outer loop
      vertex   -1.892467e+02 -1.791299e+02 1.000000e+00
      vertex   -1.889032e+02 -1.796452e+02 2.000000e+00
      vertex   -1.889032e+02 -1.796452e+02 1.000000e+00
    endloop
  endfacet
  facet normal 8.730875e-01 4.875635e-01 -0.000000e+00
    outer loop
      vertex   -1.889032e+02 -1.796452e+02 1.000000e+00
      vertex   -1.889032e+02 -1.796452e+02 2.000000e+00
      vertex   -1.885199e+02 -1.803317e+02 1.000000e+00
    endloop
  endfacet
  facet normal 8.730875e-01 4.875635e-01 -0.000000e+00
    outer loop
      vertex   -1.885199e+02 -1.803317e+02 1.000000e+00
      vertex   -1.889032e+02 -1.796452e+02 2.000000e+00
      vertex   -1.885199e+02 -1.803317e+02 2.000000e+00
    endloop
  endfacet
  facet normal 9.387245e-01 3.446685e-01 -0.000000e+00
    outer loop
      vertex   -1.885199e+02 -1.803317e+02 1.000000e+00
      vertex   -1.885199e+02 -1.803317e+02 2.000000e+00
      vertex   -1.882489e+02 -1.810697e+02 1.000000e+00
    endloop
  endfacet
  facet normal 9.387245e-01 3.446685e-01 -0.000000e+00
    outer loop
      vertex   -1.882489e+02 -1.810697e+02 1.000000e+00
      vertex   -1.885199e+02 -1.803317e+02 2.000000e+00
      vertex   -1.882489e+02 -1.810697e+02 2.000000e+00
    endloop
  endfacet
  facet normal 9.811494e-01 1.932508e-01 -0.000000e+00
    outer loop
      vertex   -1.882489e+02 -1.810697e+02 1.000000e+00
      vertex   -1.882489e+02 -1.810697e+02 2.000000e+00
      vertex   -1.880969e+02 -1.818412e+02 1.000000e+00
    endloop
  endfacet
  facet normal 9.811494e-01 1.932508e-01 -0.000000e+00
    outer loop
      vertex   -1.880969e+02 -1.818412e+02 1.000000e+00
      vertex   -1.882489e+02 -1.810697e+02 2.000000e+00
      vertex   -1.880969e+02 -1.818412e+02 2.000000e+00
    endloop
  endfacet
  facet normal 9.993132e-01 3.705458e-02 -0.000000e+00
    outer loop
      vertex   -1.880969e+02 -1.818412e+02 1.000000e+00
      vertex   -1.880969e+02 -1.818412e+02 2.000000e+00
      vertex   -1.880678e+02 -1.826269e+02 1.000000e+00
    endloop
  endfacet
  facet normal 9.993132e-01 3.705458e-02 -0.000000e+00
    outer loop
      vertex   -1.880678e+02 -1.826269e+02 1.000000e+00
      vertex   -1.880969e+02 -1.818412e+02 2.000000e+00
      vertex   -1.880678e+02 -1.826269e+02 2.000000e+00
    endloop
  endfacet
  facet normal 9.991331e-01 -4.163054e-02 0.000000e+00
    outer loop
      vertex   -1.880678e+02 -1.826269e+02 2.000000e+00
      vertex   -1.889132e+02 -2.029167e+02 2.000000e+00
      vertex   -1.880678e+02 -1.826269e+02 1.000000e+00
    endloop
  endfacet
  facet normal 9.991331e-01 -4.163054e-02 0.000000e+00
    outer loop
      vertex   -1.880678e+02 -1.826269e+02 1.000000e+00
      vertex   -1.889132e+02 -2.029167e+02 2.000000e+00
      vertex   -1.889132e+02 -2.029167e+02 1.000000e+00
    endloop
  endfacet
  facet normal 9.972978e-01 7.346538e-02 -0.000000e+00
    outer loop
      vertex   -1.889132e+02 -2.029167e+02 1.000000e+00
      vertex   -1.889132e+02 -2.029167e+02 2.000000e+00
      vertex   -1.888794e+02 -2.033752e+02 1.000000e+00
    endloop
  endfacet
  facet normal 9.972978e-01 7.346538e-02 -0.000000e+00
    outer loop
      vertex   -1.888794e+02 -2.033752e+02 1.000000e+00
      vertex   -1.889132e+02 -2.029167e+02 2.000000e+00
      vertex   -1.888794e+02 -2.033752e+02 2.000000e+00
    endloop
  endfacet
  facet normal 9.541827e-01 2.992247e-01 -0.000000e+00
    outer loop
      vertex   -1.888794e+02 -2.033752e+02 1.000000e+00
      vertex   -1.888794e+02 -2.033752e+02 2.000000e+00
      vertex   -1.887419e+02 -2.038138e+02 1.000000e+00
    endloop
  endfacet
  facet normal 9.541827e-01 2.992247e-01 -0.000000e+00
    outer loop
      vertex   -1.887419e+02 -2.038138e+02 1.000000e+00
      vertex   -1.888794e+02 -2.033752e+02 2.000000e+00
      vertex   -1.887419e+02 -2.038138e+02 2.000000e+00
    endloop
  endfacet
  facet normal 8.606617e-01 5.091772e-01 -0.000000e+00
    outer loop
      vertex   -1.887419e+02 -2.038138e+02 1.000000e+00
      vertex   -1.887419e+02 -2.038138e+02 2.000000e+00
      vertex   -1.885078e+02 -2.042094e+02 1.000000e+00
    endloop
  endfacet
  facet normal 8.606617e-01 5.091772e-01 -0.000000e+00
    outer loop
      vertex   -1.885078e+02 -2.042094e+02 1.000000e+00
      vertex   -1.887419e+02 -2.038138e+02 2.000000e+00
      vertex   -1.885078e+02 -2.042094e+02 2.000000e+00
    endloop
  endfacet
  facet normal 7.216753e-01 6.922317e-01 -0.000000e+00
    outer loop
      vertex   -1.885078e+02 -2.042094e+02 1.000000e+00
      vertex   -1.885078e+02 -2.042094e+02 2.000000e+00
      vertex   -1.881896e+02 -2.045412e+02 1.000000e+00
    endloop
  endfacet
  facet normal 7.216753e-01 6.922317e-01 -0.000000e+00
    outer loop
      vertex   -1.881896e+02 -2.045412e+02 1.000000e+00
      vertex   -1.885078e+02 -2.042094e+02 2.000000e+00
      vertex   -1.881896e+02 -2.045412e+02 2.000000e+00
    endloop
  endfacet
  facet normal 5.445656e-01 8.387183e-01 -0.000000e+00
    outer loop
      vertex   -1.881896e+02 -2.045412e+02 1.000000e+00
      vertex   -1.881896e+02 -2.045412e+02 2.000000e+00
      vertex   -1.878041e+02 -2.047915e+02 1.000000e+00
    endloop
  endfacet
  facet normal 5.445656e-01 8.387183e-01 -0.000000e+00
    outer loop
      vertex   -1.878041e+02 -2.047915e+02 1.000000e+00
      vertex   -1.881896e+02 -2.045412e+02 2.000000e+00
      vertex   -1.878041e+02 -2.047915e+02 2.000000e+00
    endloop
  endfacet
  facet normal 3.386885e-01 9.408986e-01 -0.000000e+00
    outer loop
      vertex   -1.878041e+02 -2.047915e+02 1.000000e+00
      vertex   -1.878041e+02 -2.047915e+02 2.000000e+00
      vertex   -1.873716e+02 -2.049472e+02 1.000000e+00
    endloop
  endfacet
  facet normal 3.386885e-01 9.408986e-01 -0.000000e+00
    outer loop
      vertex   -1.873716e+02 -2.049472e+02 1.000000e+00
      vertex   -1.878041e+02 -2.047915e+02 2.000000e+00
      vertex   -1.873716e+02 -2.049472e+02 2.000000e+00
    endloop
  endfacet
  facet normal 1.149197e-01 9.933748e-01 -0.000000e+00
    outer loop
      vertex   -1.873716e+02 -2.049472e+02 1.000000e+00
      vertex   -1.873716e+02 -2.049472e+02 2.000000e+00
      vertex   -1.869149e+02 -2.050000e+02 1.000000e+00
    endloop
  endfacet
  facet normal 1.149197e-01 9.933748e-01 -0.000000e+00
    outer loop
      vertex   -1.869149e+02 -2.050000e+02 1.000000e+00
      vertex   -1.873716e+02 -2.049472e+02 2.000000e+00
      vertex   -1.869149e+02 -2.050000e+02 2.000000e+00
    endloop
  endfacet
  facet normal -0.000000e+00 1.000000e+00 0.000000e+00
    outer loop
      vertex   -1.869149e+02 -2.050000e+02 2.000000e+00
      vertex   -1.860851e+02 -2.050000e+02 2.000000e+00
      vertex   -1.869149e+02 -2.050000e+02 1.000000e+00
    endloop
  endfacet
  facet normal 0.000000e+00 1.000000e+00 0.000000e+00
    outer loop
      vertex   -1.869149e+02 -2.050000e+02 1.000000e+00
      vertex   -1.860851e+02 -2.050000e+02 2.000000e+00
      vertex   -1.860851e+02 -2.050000e+02 1.000000e+00
    endloop
  endfacet
  facet normal -1.149197e-01 9.933748e-01 0.000000e+00
    outer loop
      vertex   -1.860851e+02 -2.050000e+02 1.000000e+00
      vertex   -1.860851e+02 -2.050000e+02 2.000000e+00
      vertex   -1.856284e+02 -2.049472e+02 1.000000e+00
    endloop
  endfacet
  facet normal -1.149197e-01 9.933748e-01 0.000000e+00
    outer loop
      vertex   -1.856284e+02 -2.049472e+02 1.000000e+00
      vertex   -1.860851e+02 -2.050000e+02 2.000000e+00
      vertex   -1.856284e+02 -2.049472e+02 2.000000e+00
    endloop
  endfacet
  facet normal -3.386885e-01 9.408986e-01 0.000000e+00
    outer loop
      vertex   -1.856284e+02 -2.049472e+02 1.000000e+00
      vertex   -1.856284e+02 -2.049472e+02 2.000000e+00
      vertex   -1.851959e+02 -2.047915e+02 1.000000e+00
    endloop
  endfacet
  facet normal -3.386885e-01 9.408986e-01 0.000000e+00
    outer loop
      vertex   -1.851959e+02 -2.047915e+02 1.000000e+00
      vertex   -1.856284e+02 -2.049472e+02 2.000000e+00
      vertex   -1.851959e+02 -2.047915e+02 2.000000e+00
    endloop
  endfacet
  facet normal -5.445656e-01 8.387183e-01 0.000000e+00
    outer loop
      vertex   -1.851959e+02 -2.047915e+02 1.000000e+00
      vertex   -1.851959e+02 -2.047915e+02 2.000000e+00
      vertex   -1.848104e+02 -2.045412e+02 1.000000e+00
    endloop
  endfacet
  facet normal -5.445656e-01 8.387183e-01 0.000000e+00
    outer loop
      vertex   -1.848104e+02 -2.045412e+02 1.000000e+00
      vertex   -1.851959e+02 -2.047915e+02 2.000000e+00
      vertex   -1.848104e+02 -2.045412e+02 2.000000e+00
    endloop
  endfacet
  facet normal -7.216753e-01 6.922317e-01 0.000000e+00
    outer loop
      vertex   -1.848104e+02 -2.045412e+02 1.000000e+00
      vertex   -1.848104e+02 -2.045412e+02 2.000000e+00
      vertex   -1.844922e+02 -2.042094e+02 1.000000e+00
    endloop
  endfacet
  facet normal -7.216753e-01 6.922317e-01 0.000000e+00
    outer loop
      vertex   -1.844922e+02 -2.042094e+02 1.000000e+00
      vertex   -1.848104e+02 -2.045412e+02 2.000000e+00
      vertex   -1.844922e+02 -2.042094e+02 2.000000e+00
    endloop
  endfacet
  facet normal -8.606617e-01 5.091772e-01 0.000000e+00
    outer loop
      vertex   -1.844922e+02 -2.042094e+02 1.000000e+00
      vertex   -1.844922e+02 -2.042094e+02 2.000000e+00
      vertex   -1.842581e+02 -2.038138e+02 1.000000e+00
    endloop
  endfacet
  facet normal -8.606617e-01 5.091772e-01 0.000000e+00
    outer loop
      vertex   -1.842581e+02 -2.038138e+02 1.000000e+00
      vertex   -1.844922e+02 -2.042094e+02 2.000000e+00
      vertex   -1.842581e+02 -2.038138e+02 2.000000e+00
    endloop
  endfacet
  facet normal -9.541827e-01 2.992247e-01 0.000000e+00
    outer loop
      vertex   -1.842581e+02 -2.038138e+02 1.000000e+00
      vertex   -1.842581e+02 -2.038138e+02 2.000000e+00
      vertex   -1.841206e+02 -2.033752e+02 1.000000e+00
    endloop
  endfacet
  facet normal -9.541827e-01 2.992247e-01 0.000000e+00
    outer loop
      vertex   -1.841206e+02 -2.033752e+02 1.000000e+00
      vertex   -1.842581e+02 -2.038138e+02 2.000000e+00
      vertex   -1.841206e+02 -2.033752e+02 2.000000e+00
    endloop
  endfacet
  facet normal -9.972978e-01 7.346538e-02 0.000000e+00
    outer loop
      vertex   -1.841206e+02 -2.033752e+02 1.000000e+00
      vertex   -1.841206e+02 -2.033752e+02 2.000000e+00
      vertex   -1.840868e+02 -2.029167e+02 1.000000e+00
    endloop
  endfacet
  facet normal -9.972978e-01 7.346538e-02 0.000000e+00
    outer loop
      vertex   -1.840868e+02 -2.029167e+02 1.000000e+00
      vertex   -1.841206e+02 -2.033752e+02 2.000000e+00
      vertex   -1.840868e+02 -2.029167e+02 2.000000e+00
    endloop
  endfacet
  facet normal -9.991331e-01 -4.163054e-02 -0.000000e+00
    outer loop
      vertex   -1.840868e+02 -2.029167e+02 2.000000e+00
      vertex   -1.849726e+02 -1.816577e+02 2.000000e+00
      vertex   -1.840868e+02 -2.029167e+02 1.000000e+00
    endloop
  endfacet
  facet normal -9.991331e-01 -4.163054e-02 0.000000e+00
    outer loop
      vertex   -1.840868e+02 -2.029167e+02 1.000000e+00
      vertex   -1.849726e+02 -1.816577e+02 2.000000e+00
      vertex   -1.849726e+02 -1.816577e+02 1.000000e+00
    endloop
  endfacet
  facet normal -9.980948e-01 6.169830e-02 0.000000e+00
    outer loop
      vertex   -1.849726e+02 -1.816577e+02 1.000000e+00
      vertex   -1.849726e+02 -1.816577e+02 2.000000e+00
      vertex   -1.849535e+02 -1.813487e+02 1.000000e+00
    endloop
  endfacet
  facet normal -9.980948e-01 6.169830e-02 0.000000e+00
    outer loop
      vertex   -1.849535e+02 -1.813487e+02 1.000000e+00
      vertex   -1.849726e+02 -1.816577e+02 2.000000e+00
      vertex   -1.849535e+02 -1.813487e+02 2.000000e+00
    endloop
  endfacet
  facet normal -9.641705e-01 2.652833e-01 0.000000e+00
    outer loop
      vertex   -1.849535e+02 -1.813487e+02 1.000000e+00
      vertex   -1.849535e+02 -1.813487e+02 2.000000e+00
      vertex   -1.848714e+02 -1.810502e+02 1.000000e+00
    endloop
  endfacet
  facet normal -9.641705e-01 2.652833e-01 0.000000e+00
    outer loop
      vertex   -1.848714e+02 -1.810502e+02 1.000000e+00
      vertex   -1.849535e+02 -1.813487e+02 2.000000e+00
      vertex   -1.848714e+02 -1.810502e+02 2.000000e+00
    endloop
  endfacet
  facet normal -8.891748e-01 4.575678e-01 0.000000e+00
    outer loop
      vertex   -1.848714e+02 -1.810502e+02 1.000000e+00
      vertex   -1.848714e+02 -1.810502e+02 2.000000e+00
      vertex   -1.847297e+02 -1.807749e+02 1.000000e+00
    endloop
  endfacet
  facet normal -8.891748e-01 4.575678e-01 0.000000e+00
    outer loop
      vertex   -1.847297e+02 -1.807749e+02 1.000000e+00
      vertex   -1.848714e+02 -1.810502e+02 2.000000e+00
      vertex   -1.847297e+02 -1.807749e+02 2.000000e+00
    endloop
  endfacet
  facet normal -7.763022e-01 6.303609e-01 0.000000e+00
    outer loop
      vertex   -1.847297e+02 -1.807749e+02 1.000000e+00
      vertex   -1.847297e+02 -1.807749e+02 2.000000e+00
      vertex   -1.845346e+02 -1.805346e+02 1.000000e+00
    endloop
  endfacet
  facet normal -7.763022e-01 6.303609e-01 0.000000e+00
    outer loop
      vertex   -1.845346e+02 -1.805346e+02 1.000000e+00
      vertex   -1.847297e+02 -1.807749e+02 2.000000e+00
      vertex   -1.845346e+02 -1.805346e+02 2.000000e+00
    endloop
  endfacet
  facet normal -7.071068e-01 7.071068e-01 0.000000e+00
    outer loop
      vertex   -1.845346e+02 -1.805346e+02 2.000000e+00
      vertex   -1.844393e+02 -1.804393e+02 2.000000e+00
      vertex   -1.845346e+02 -1.805346e+02 1.000000e+00
    endloop
  endfacet
  facet normal -7.071068e-01 7.071068e-01 0.000000e+00
    outer loop
      vertex   -1.845346e+02 -1.805346e+02 1.000000e+00
      vertex   -1.844393e+02 -1.804393e+02 2.000000e+00
      vertex   -1.844393e+02 -1.804393e+02 1.000000e+00
    endloop
  endfacet
  facet normal -7.933533e-01 6.087614e-01 0.000000e+00
    outer loop
      vertex   -1.844393e+02 -1.804393e+02 1.000000e+00
      vertex   -1.844393e+02 -1.804393e+02 2.000000e+00
      vertex   -1.842010e+02 -1.801287e+02 1.000000e+00
    endloop
  endfacet
  facet normal -7.933533e-01 6.087614e-01 0.000000e+00
    outer loop
      vertex   -1.842010e+02 -1.801287e+02 1.000000e+00
      vertex   -1.844393e+02 -1.804393e+02 2.000000e+00
      vertex   -1.842010e+02 -1.801287e+02 2.000000e+00
    endloop
  endfacet
  facet normal -9.238795e-01 3.826834e-01 0.000000e+00
    outer loop
      vertex   -1.842010e+02 -1.801287e+02 1.000000e+00
      vertex   -1.842010e+02 -1.801287e+02 2.000000e+00
      vertex   -1.840511e+02 -1.797669e+02 1.000000e+00
    endloop
  endfacet
  facet normal -9.238795e-01 3.826834e-01 0.000000e+00
    outer loop
      vertex   -1.840511e+02 -1.797669e+02 1.000000e+00
      vertex   -1.842010e+02 -1.801287e+02 2.000000e+00
      vertex   -1.840511e+02 -1.797669e+02 2.000000e+00
    endloop
  endfacet
  facet normal -9.914449e-01 1.305262e-01 0.000000e+00
    outer loop
      vertex   -1.840511e+02 -1.797669e+02 1.000000e+00
      vertex   -1.840511e+02 -1.797669e+02 2.000000e+00
      vertex   -1.840000e+02 -1.793787e+02 1.000000e+00
    endloop
  endfacet
  facet normal -9.914449e-01 1.305262e-01 0.000000e+00
    outer loop
      vertex   -1.840000e+02 -1.793787e+02 1.000000e+00
      vertex   -1.840511e+02 -1.797669e+02 2.000000e+00
      vertex   -1.840000e+02 -1.793787e+02 2.000000e+00
    endloop
  endfacet
  facet normal -1.000000e+00 0.000000e+00 0.000000e+00
    outer loop
      vertex   -1.840000e+02 -1.793787e+02 2.000000e+00
      vertex   -1.840000e+02 -1.458107e+02 2.000000e+00
      vertex   -1.840000e+02 -1.793787e+02 1.000000e+00
    endloop
  endfacet
  facet normal -1.000000e+00 0.000000e+00 0.000000e+00
    outer loop
      vertex   -1.840000e+02 -1.793787e+02 1.000000e+00
      vertex   -1.840000e+02 -1.458107e+02 2.000000e+00
      vertex   -1.840000e+02 -1.458107e+02 1.000000e+00
    endloop
  endfacet
  facet normal -9.914449e-01 -1.305262e-01 0.000000e+00
    outer loop
      vertex   -1.840000e+02 -1.458107e+02 1.000000e+00
      vertex   -1.840000e+02 -1.458107e+02 2.000000e+00
      vertex   -1.840256e+02 -1.456165e+02 1.000000e+00
    endloop
  endfacet
  facet normal -9.914449e-01 -1.305262e-01 0.000000e+00
    outer loop
      vertex   -1.840256e+02 -1.456165e+02 1.000000e+00
      vertex   -1.840000e+02 -1.458107e+02 2.000000e+00
      vertex   -1.840256e+02 -1.456165e+02 2.000000e+00
    endloop
  endfacet
  facet normal -9.238795e-01 -3.826834e-01 0.000000e+00
    outer loop
      vertex   -1.840256e+02 -1.456165e+02 1.000000e+00
      vertex   -1.840256e+02 -1.456165e+02 2.000000e+00
      vertex   -1.841005e+02 -1.454357e+02 1.000000e+00
    endloop
  endfacet
  facet normal -9.238795e-01 -3.826834e-01 0.000000e+00
    outer loop
      vertex   -1.841005e+02 -1.454357e+02 1.000000e+00
      vertex   -1.840256e+02 -1.456165e+02 2.000000e+00
      vertex   -1.841005e+02 -1.454357e+02 2.000000e+00
    endloop
  endfacet
  facet normal -7.933533e-01 -6.087614e-01 0.000000e+00
    outer loop
      vertex   -1.841005e+02 -1.454357e+02 1.000000e+00
      vertex   -1.841005e+02 -1.454357e+02 2.000000e+00
      vertex   -1.842197e+02 -1.452803e+02 1.000000e+00
    endloop
  endfacet
  facet normal -7.933533e-01 -6.087614e-01 0.000000e+00
    outer loop
      vertex   -1.842197e+02 -1.452803e+02 1.000000e+00
      vertex   -1.841005e+02 -1.454357e+02 2.000000e+00
      vertex   -1.842197e+02 -1.452803e+02 2.000000e+00
    endloop
  endfacet
  facet normal -6.087614e-01 -7.933533e-01 0.000000e+00
    outer loop
      vertex   -1.842197e+02 -1.452803e+02 1.000000e+00
      vertex   -1.842197e+02 -1.452803e+02 2.000000e+00
      vertex   -1.843750e+02 -1.451611e+02 1.000000e+00
    endloop
  endfacet
  facet normal -6.087614e-01 -7.933533e-01 0.000000e+00
    outer loop
      vertex   -1.843750e+02 -1.451611e+02 1.000000e+00
      vertex   -1.842197e+02 -1.452803e+02 2.000000e+00
      vertex   -1.843750e+02 -1.451611e+02 2.000000e+00
    endloop
  endfacet
  facet normal -3.826834e-01 -9.238795e-01 0.000000e+00
    outer loop
      vertex   -1.843750e+02 -1.451611e+02 1.000000e+00
      vertex   -1.843750e+02 -1.451611e+02 2.000000e+00
      vertex   -1.845559e+02 -1.450862e+02 1.000000e+00
    endloop
  endfacet
  facet normal -3.826834e-01 -9.238795e-01 0.000000e+00
    outer loop
      vertex   -1.845559e+02 -1.450862e+02 1.000000e+00
      vertex   -1.843750e+02 -1.451611e+02 2.000000e+00
      vertex   -1.845559e+02 -1.450862e+02 2.000000e+00
    endloop
  endfacet
  facet normal -1.305262e-01 -9.914449e-01 0.000000e+00
    outer loop
      vertex   -1.845559e+02 -1.450862e+02 1.000000e+00
      vertex   -1.845559e+02 -1.450862e+02 2.000000e+00
      vertex   -1.847500e+02 -1.450607e+02 1.000000e+00
    endloop
  endfacet
  facet normal -1.305262e-01 -9.914449e-01 0.000000e+00
    outer loop
      vertex   -1.847500e+02 -1.450607e+02 1.000000e+00
      vertex   -1.845559e+02 -1.450862e+02 2.000000e+00
      vertex   -1.847500e+02 -1.450607e+02 2.000000e+00
    endloop
  endfacet
  facet normal 1.305262e-01 -9.914449e-01 0.000000e+00
    outer loop
      vertex   -1.847500e+02 -1.450607e+02 1.000000e+00
      vertex   -1.847500e+02 -1.450607e+02 2.000000e+00
      vertex   -1.849441e+02 -1.450862e+02 1.000000e+00
    endloop
  endfacet
  facet normal 1.305262e-01 -9.914449e-01 0.000000e+00
    outer loop
      vertex   -1.849441e+02 -1.450862e+02 1.000000e+00
      vertex   -1.847500e+02 -1.450607e+02 2.000000e+00
      vertex   -1.849441e+02 -1.450862e+02 2.000000e+00
    endloop
  endfacet
  facet normal 3.826834e-01 -9.238795e-01 0.000000e+00
    outer loop
      vertex   -1.849441e+02 -1.450862e+02 1.000000e+00
      vertex   -1.849441e+02 -1.450862e+02 2.000000e+00
      vertex   -1.851250e+02 -1.451611e+02 1.000000e+00
    endloop
  endfacet
  facet normal 3.826834e-01 -9.238795e-01 0.000000e+00
    outer loop
      vertex   -1.851250e+02 -1.451611e+02 1.000000e+00
      vertex   -1.849441e+02 -1.450862e+02 2.000000e+00
      vertex   -1.851250e+02 -1.451611e+02 2.000000e+00
    endloop
  endfacet
  facet normal 6.087614e-01 -7.933533e-01 0.000000e+00
    outer loop
      vertex   -1.851250e+02 -1.451611e+02 1.000000e+00
      vertex   -1.851250e+02 -1.451611e+02 2.000000e+00
      vertex   -1.852803e+02 -1.452803e+02 1.000000e+00
    endloop
  endfacet
  facet normal 6.087614e-01 -7.933533e-01 0.000000e+00
    outer loop
      vertex   -1.852803e+02 -1.452803e+02 1.000000e+00
      vertex   -1.851250e+02 -1.451611e+02 2.000000e+00
      vertex   -1.852803e+02 -1.452803e+02 2.000000e+00
    endloop
  endfacet
  facet normal 7.071068e-01 -7.071068e-01 0.000000e+00
    outer loop
      vertex   -1.852803e+02 -1.452803e+02 2.000000e+00
      vertex   -1.853432e+02 -1.453432e+02 2.000000e+00
      vertex   -1.852803e+02 -1.452803e+02 1.000000e+00
    endloop
  endfacet
  facet normal 7.071068e-01 -7.071068e-01 0.000000e+00
    outer loop
      vertex   -1.852803e+02 -1.452803e+02 1.000000e+00
      vertex   -1.853432e+02 -1.453432e+02 2.000000e+00
      vertex   -1.853432e+02 -1.453432e+02 1.000000e+00
    endloop
  endfacet
  facet normal 7.481706e-01 -6.635064e-01 0.000000e+00
    outer loop
      vertex   -1.853432e+02 -1.453432e+02 1.000000e+00
      vertex   -1.853432e+02 -1.453432e+02 2.000000e+00
      vertex   -1.861376e+02 -1.462390e+02 1.000000e+00
    endloop
  endfacet
  facet normal 7.481706e-01 -6.635064e-01 0.000000e+00
    outer loop
      vertex   -1.861376e+02 -1.462390e+02 1.000000e+00
      vertex   -1.853432e+02 -1.453432e+02 2.000000e+00
      vertex   -1.861376e+02 -1.462390e+02 2.000000e+00
    endloop
  endfacet
  facet normal 8.221091e-01 -5.693300e-01 0.000000e+00
    outer loop
      vertex   -1.861376e+02 -1.462390e+02 1.000000e+00
      vertex   -1.861376e+02 -1.462390e+02 2.000000e+00
      vertex   -1.868193e+02 -1.472233e+02 1.000000e+00
    endloop
  endfacet
  facet normal 8.221091e-01 -5.693300e-01 0.000000e+00
    outer loop
      vertex   -1.868193e+02 -1.472233e+02 1.000000e+00
      vertex   -1.861376e+02 -1.462390e+02 2.000000e+00
      vertex   -1.868193e+02 -1.472233e+02 2.000000e+00
    endloop
  endfacet
  facet normal 8.842617e-01 -4.669917e-01 0.000000e+00
    outer loop
      vertex   -1.868193e+02 -1.472233e+02 1.000000e+00
      vertex   -1.868193e+02 -1.472233e+02 2.000000e+00
      vertex   -1.873784e+02 -1.482821e+02 1.000000e+00
    endloop
  endfacet
  facet normal 8.842617e-01 -4.669917e-01 0.000000e+00
    outer loop
      vertex   -1.873784e+02 -1.482821e+02 1.000000e+00
      vertex   -1.868193e+02 -1.472233e+02 2.000000e+00
      vertex   -1.873784e+02 -1.482821e+02 2.000000e+00
    endloop
  endfacet
  facet normal 9.337375e-01 -3.579586e-01 0.000000e+00
    outer loop
      vertex   -1.873784e+02 -1.482821e+02 1.000000e+00
      vertex   -1.873784e+02 -1.482821e+02 2.000000e+00
      vertex   -1.878070e+02 -1.494001e+02 1.000000e+00
    endloop
  endfacet
  facet normal 9.337375e-01 -3.579586e-01 0.000000e+00
    outer loop
      vertex   -1.878070e+02 -1.494001e+02 1.000000e+00
      vertex   -1.873784e+02 -1.482821e+02 2.000000e+00
      vertex   -1.878070e+02 -1.494001e+02 2.000000e+00
    endloop
  endfacet
  facet normal 9.698271e-01 -2.437937e-01 0.000000e+00
    outer loop
      vertex   -1.878070e+02 -1.494001e+02 1.000000e+00
      vertex   -1.878070e+02 -1.494001e+02 2.000000e+00
      vertex   -1.880989e+02 -1.505613e+02 1.000000e+00
    endloop
  endfacet
  facet normal 9.698271e-01 -2.437937e-01 0.000000e+00
    outer loop
      vertex   -1.880989e+02 -1.505613e+02 1.000000e+00
      vertex   -1.878070e+02 -1.494001e+02 2.000000e+00
      vertex   -1.880989e+02 -1.505613e+02 2.000000e+00
    endloop
  endfacet
  facet normal 9.920132e-01 -1.261338e-01 0.000000e+00
    outer loop
      vertex   -1.880989e+02 -1.505613e+02 1.000000e+00
      vertex   -1.880989e+02 -1.505613e+02 2.000000e+00
      vertex   -1.882499e+02 -1.517490e+02 1.000000e+00
    endloop
  endfacet
  facet normal 9.920132e-01 -1.261338e-01 0.000000e+00
    outer loop
      vertex   -1.882499e+02 -1.517490e+02 1.000000e+00
      vertex   -1.880989e+02 -1.505613e+02 2.000000e+00
      vertex   -1.882499e+02 -1.517490e+02 2.000000e+00
    endloop
  endfacet
  facet normal 9.977852e-01 -6.651901e-02 0.000000e+00
    outer loop
      vertex   -1.882499e+02 -1.517490e+02 2.000000e+00
      vertex   -1.899097e+02 -1.766450e+02 2.000000e+00
      vertex   -1.882499e+02 -1.517490e+02 1.000000e+00
    endloop
  endfacet
  facet normal 9.977852e-01 -6.651901e-02 0.000000e+00
    outer loop
      vertex   -1.882499e+02 -1.517490e+02 1.000000e+00
      vertex   -1.899097e+02 -1.766450e+02 2.000000e+00
      vertex   -1.899097e+02 -1.766450e+02 1.000000e+00
    endloop
  endfacet
  facet normal 9.998837e-01 1.525259e-02 -0.000000e+00
    outer loop
      vertex   -1.899097e+02 -1.766450e+02 1.000000e+00
      vertex   -1.899097e+02 -1.766450e+02 2.000000e+00
      vertex   -1.898997e+02 -1.772988e+02 1.000000e+00
    endloop
  endfacet
  facet normal 9.998837e-01 1.525259e-02 -0.000000e+00
    outer loop
      vertex   -1.898997e+02 -1.772988e+02 1.000000e+00
      vertex   -1.899097e+02 -1.766450e+02 2.000000e+00
      vertex   -1.898997e+02 -1.772988e+02 2.000000e+00
    endloop
  endfacet
  facet normal 9.840408e-01 1.779432e-01 -0.000000e+00
    outer loop
      vertex   -1.898997e+02 -1.772988e+02 1.000000e+00
      vertex   -1.898997e+02 -1.772988e+02 2.000000e+00
      vertex   -1.897834e+02 -1.779422e+02 2.000000e+00
    endloop
  endfacet
  facet normal 9.840408e-01 1.779432e-01 0.000000e+00
    outer loop
      vertex   -1.898997e+02 -1.772988e+02 1.000000e+00
      vertex   -1.897834e+02 -1.779422e+02 2.000000e+00
      vertex   -1.897834e+02 -1.779422e+02 1.000000e+00
    endloop
  endfacet
  facet normal 9.419050e-01 3.358793e-01 -0.000000e+00
    outer loop
      vertex   -1.897834e+02 -1.779422e+02 1.000000e+00
      vertex   -1.897834e+02 -1.779422e+02 2.000000e+00
      vertex   -1.895637e+02 -1.785581e+02 2.000000e+00
    endloop
  endfacet
  facet normal 9.419050e-01 3.358793e-01 0.000000e+00
    outer loop
      vertex   -1.897834e+02 -1.779422e+02 1.000000e+00
      vertex   -1.895637e+02 -1.785581e+02 2.000000e+00
      vertex   -1.895637e+02 -1.785581e+02 1.000000e+00
    endloop
  endfacet
  facet normal 8.746024e-01 4.848409e-01 -0.000000e+00
    outer loop
      vertex   -1.895637e+02 -1.785581e+02 1.000000e+00
      vertex   -1.895637e+02 -1.785581e+02 2.000000e+00
      vertex   -1.892467e+02 -1.791299e+02 1.000000e+00
    endloop
  endfacet
  facet normal 8.746024e-01 4.848409e-01 -0.000000e+00
    outer loop
      vertex   -1.892467e+02 -1.791299e+02 1.000000e+00
      vertex   -1.895637e+02 -1.785581e+02 2.000000e+00
      vertex   -1.892467e+02 -1.791299e+02 2.000000e+00
    endloop
  endfacet
  facet normal -0.000000e+00 -0.000000e+00 1.000000e+00
    outer loop
      vertex   -1.898997e+02 -1.772988e+02 1.000000e+00
      vertex   -1.897834e+02 -1.779422e+02 1.000000e+00
      vertex   -1.899097e+02 -1.766450e+02 1.000000e+00
    endloop
  endfacet
  facet normal 0.000000e+00 0.000000e+00 1.000000e+00
    outer loop
      vertex   -1.899097e+02 -1.766450e+02 1.000000e+00
      vertex   -1.897834e+02 -1.779422e+02 1.000000e+00
      vertex   -1.895637e+02 -1.785581e+02 1.000000e+00
    endloop
  endfacet
  facet normal -0.000000e+00 0.000000e+00 1.000000e+00
    outer loop
      vertex   -1.899097e+02 -1.766450e+02 1.000000e+00
      vertex   -1.895637e+02 -1.785581e+02 1.000000e+00
      vertex   -1.882499e+02 -1.517490e+02 1.000000e+00
    endloop
  endfacet
  facet normal 0.000000e+00 0.000000e+00 1.000000e+00
    outer loop
      vertex   -1.882499e+02 -1.517490e+02 1.000000e+00
      vertex   -1.895637e+02 -1.785581e+02 1.000000e+00
      vertex   -1.892467e+02 -1.791299e+02 1.000000e+00
    endloop
  endfacet
  facet normal 0.000000e+00 0.000000e+00 1.000000e+00
    outer loop
      vertex   -1.882499e+02 -1.517490e+02 1.000000e+00
      vertex   -1.892467e+02 -1.791299e+02 1.000000e+00
      vertex   -1.889032e+02 -1.796452e+02 1.000000e+00
    endloop
  endfacet
  facet normal -0.000000e+00 0.000000e+00 1.000000e+00
    outer loop
      vertex   -1.889032e+02 -1.796452e+02 1.000000e+00
      vertex   -1.885199e+02 -1.803317e+02 1.000000e+00
      vertex   -1.882499e+02 -1.517490e+02 1.000000e+00
    endloop
  endfacet
  facet normal 0.000000e+00 0.000000e+00 1.000000e+00
    outer loop
      vertex   -1.882499e+02 -1.517490e+02 1.000000e+00
      vertex   -1.885199e+02 -1.803317e+02 1.000000e+00
      vertex   -1.882489e+02 -1.810697e+02 1.000000e+00
    endloop
  endfacet
  facet normal 0.000000e+00 0.000000e+00 1.000000e+00
    outer loop
      vertex   -1.882499e+02 -1.517490e+02 1.000000e+00
      vertex   -1.882489e+02 -1.810697e+02 1.000000e+00
      vertex   -1.880969e+02 -1.818412e+02 1.000000e+00
    endloop
  endfacet
  facet normal 0.000000e+00 -0.000000e+00 1.000000e+00
    outer loop
      vertex   -1.880678e+02 -1.826269e+02 1.000000e+00
      vertex   -1.849726e+02 -1.816577e+02 1.000000e+00
      vertex   -1.880969e+02 -1.818412e+02 1.000000e+00
    endloop
  endfacet
  facet normal 0.000000e+00 0.000000e+00 1.000000e+00
    outer loop
      vertex   -1.880969e+02 -1.818412e+02 1.000000e+00
      vertex   -1.849726e+02 -1.816577e+02 1.000000e+00
      vertex   -1.849535e+02 -1.813487e+02 1.000000e+00
    endloop
  endfacet
  facet normal 0.000000e+00 0.000000e+00 1.000000e+00
    outer loop
      vertex   -1.880969e+02 -1.818412e+02 1.000000e+00
      vertex   -1.849535e+02 -1.813487e+02 1.000000e+00
      vertex   -1.868193e+02 -1.472233e+02 1.000000e+00
    endloop
  endfacet
  facet normal -0.000000e+00 0.000000e+00 1.000000e+00
    outer loop
      vertex   -1.868193e+02 -1.472233e+02 1.000000e+00
      vertex   -1.849535e+02 -1.813487e+02 1.000000e+00
      vertex   -1.861376e+02 -1.462390e+02 1.000000e+00
    endloop
  endfacet
  facet normal -0.000000e+00 0.000000e+00 1.000000e+00
    outer loop
      vertex   -1.861376e+02 -1.462390e+02 1.000000e+00
      vertex   -1.849535e+02 -1.813487e+02 1.000000e+00
      vertex   -1.853432e+02 -1.453432e+02 1.000000e+00
    endloop
  endfacet
  facet normal 0.000000e+00 0.000000e+00 1.000000e+00
    outer loop
      vertex   -1.853432e+02 -1.453432e+02 1.000000e+00
      vertex   -1.849535e+02 -1.813487e+02 1.000000e+00
      vertex   -1.848714e+02 -1.810502e+02 1.000000e+00
    endloop
  endfacet
  facet normal -0.000000e+00 0.000000e+00 1.000000e+00
    outer loop
      vertex   -1.853432e+02 -1.453432e+02 1.000000e+00
      vertex   -1.848714e+02 -1.810502e+02 1.000000e+00
      vertex   -1.852803e+02 -1.452803e+02 1.000000e+00
    endloop
  endfacet
  facet normal 0.000000e+00 0.000000e+00 1.000000e+00
    outer loop
      vertex   -1.852803e+02 -1.452803e+02 1.000000e+00
      vertex   -1.848714e+02 -1.810502e+02 1.000000e+00
      vertex   -1.847297e+02 -1.807749e+02 1.000000e+00
    endloop
  endfacet
  facet normal -0.000000e+00 0.000000e+00 1.000000e+00
    outer loop
      vertex   -1.852803e+02 -1.452803e+02 1.000000e+00
      vertex   -1.847297e+02 -1.807749e+02 1.000000e+00
      vertex   -1.851250e+02 -1.451611e+02 1.000000e+00
    endloop
  endfacet
  facet normal -0.000000e+00 0.000000e+00 1.000000e+00
    outer loop
      vertex   -1.851250e+02 -1.451611e+02 1.000000e+00
      vertex   -1.847297e+02 -1.807749e+02 1.000000e+00
      vertex   -1.849441e+02 -1.450862e+02 1.000000e+00
    endloop
  endfacet
  facet normal 0.000000e+00 0.000000e+00 1.000000e+00
    outer loop
      vertex   -1.849441e+02 -1.450862e+02 1.000000e+00
      vertex   -1.847297e+02 -1.807749e+02 1.000000e+00
      vertex   -1.845346e+02 -1.805346e+02 1.000000e+00
    endloop
  endfacet
  facet normal -0.000000e+00 0.000000e+00 1.000000e+00
    outer loop
      vertex   -1.849441e+02 -1.450862e+02 1.000000e+00
      vertex   -1.845346e+02 -1.805346e+02 1.000000e+00
      vertex   -1.847500e+02 -1.450607e+02 1.000000e+00
    endloop
  endfacet
  facet normal 0.000000e+00 0.000000e+00 1.000000e+00
    outer loop
      vertex   -1.847500e+02 -1.450607e+02 1.000000e+00
      vertex   -1.845346e+02 -1.805346e+02 1.000000e+00
      vertex   -1.845559e+02 -1.450862e+02 1.000000e+00
    endloop
  endfacet
  facet normal 0.000000e+00 0.000000e+00 1.000000e+00
    outer loop
      vertex   -1.845559e+02 -1.450862e+02 1.000000e+00
      vertex   -1.845346e+02 -1.805346e+02 1.000000e+00
      vertex   -1.844393e+02 -1.804393e+02 1.000000e+00
    endloop
  endfacet
  facet normal 0.000000e+00 0.000000e+00 1.000000e+00
    outer loop
      vertex   -1.845559e+02 -1.450862e+02 1.000000e+00
      vertex   -1.844393e+02 -1.804393e+02 1.000000e+00
      vertex   -1.840000e+02 -1.793787e+02 1.000000e+00
    endloop
  endfacet
  facet normal 0.000000e+00 0.000000e+00 1.000000e+00
    outer loop
      vertex   -1.840000e+02 -1.793787e+02 1.000000e+00
      vertex   -1.844393e+02 -1.804393e+02 1.000000e+00
      vertex   -1.842010e+02 -1.801287e+02 1.000000e+00
    endloop
  endfacet
  facet normal 0.000000e+00 0.000000e+00 1.000000e+00
    outer loop
      vertex   -1.840000e+02 -1.793787e+02 1.000000e+00
      vertex   -1.842010e+02 -1.801287e+02 1.000000e+00
      vertex   -1.840511e+02 -1.797669e+02 1.000000e+00
    endloop
  endfacet
  facet normal -0.000000e+00 0.000000e+00 1.000000e+00
    outer loop
      vertex   -1.889132e+02 -2.029167e+02 1.000000e+00
      vertex   -1.885078e+02 -2.042094e+02 1.000000e+00
      vertex   -1.880678e+02 -1.826269e+02 1.000000e+00
    endloop
  endfacet
  facet normal 0.000000e+00 0.000000e+00 1.000000e+00
    outer loop
      vertex   -1.880678e+02 -1.826269e+02 1.000000e+00
      vertex   -1.885078e+02 -2.042094e+02 1.000000e+00
      vertex   -1.881896e+02 -2.045412e+02 1.000000e+00
    endloop
  endfacet
  facet normal 0.000000e+00 0.000000e+00 1.000000e+00
    outer loop
      vertex   -1.880678e+02 -1.826269e+02 1.000000e+00
      vertex   -1.881896e+02 -2.045412e+02 1.000000e+00
      vertex   -1.878041e+02 -2.047915e+02 1.000000e+00
    endloop
  endfacet
  facet normal -0.000000e+00 -0.000000e+00 1.000000e+00
    outer loop
      vertex   -1.888794e+02 -2.033752e+02 1.000000e+00
      vertex   -1.887419e+02 -2.038138e+02 1.000000e+00
      vertex   -1.889132e+02 -2.029167e+02 1.000000e+00
    endloop
  endfacet
  facet normal 0.000000e+00 0.000000e+00 1.000000e+00
    outer loop
      vertex   -1.889132e+02 -2.029167e+02 1.000000e+00
      vertex   -1.887419e+02 -2.038138e+02 1.000000e+00
      vertex   -1.885078e+02 -2.042094e+02 1.000000e+00
    endloop
  endfacet
  facet normal -0.000000e+00 -0.000000e+00 1.000000e+00
    outer loop
      vertex   -1.878041e+02 -2.047915e+02 1.000000e+00
      vertex   -1.873716e+02 -2.049472e+02 1.000000e+00
      vertex   -1.880678e+02 -1.826269e+02 1.000000e+00
    endloop
  endfacet
  facet normal 0.000000e+00 0.000000e+00 1.000000e+00
    outer loop
      vertex   -1.880678e+02 -1.826269e+02 1.000000e+00
      vertex   -1.873716e+02 -2.049472e+02 1.000000e+00
      vertex   -1.869149e+02 -2.050000e+02 1.000000e+00
    endloop
  endfacet
  facet normal -0.000000e+00 0.000000e+00 1.000000e+00
    outer loop
      vertex   -1.880678e+02 -1.826269e+02 1.000000e+00
      vertex   -1.869149e+02 -2.050000e+02 1.000000e+00
      vertex   -1.849726e+02 -1.816577e+02 1.000000e+00
    endloop
  endfacet
  facet normal 0.000000e+00 0.000000e+00 1.000000e+00
    outer loop
      vertex   -1.849726e+02 -1.816577e+02 1.000000e+00
      vertex   -1.869149e+02 -2.050000e+02 1.000000e+00
      vertex   -1.860851e+02 -2.050000e+02 1.000000e+00
    endloop
  endfacet
  facet normal 0.000000e+00 0.000000e+00 1.000000e+00
    outer loop
      vertex   -1.849726e+02 -1.816577e+02 1.000000e+00
      vertex   -1.860851e+02 -2.050000e+02 1.000000e+00
      vertex   -1.856284e+02 -2.049472e+02 1.000000e+00
    endloop
  endfacet
  facet normal 0.000000e+00 0.000000e+00 1.000000e+00
    outer loop
      vertex   -1.856284e+02 -2.049472e+02 1.000000e+00
      vertex   -1.851959e+02 -2.047915e+02 1.000000e+00
      vertex   -1.849726e+02 -1.816577e+02 1.000000e+00
    endloop
  endfacet
  facet normal 0.000000e+00 0.000000e+00 1.000000e+00
    outer loop
      vertex   -1.849726e+02 -1.816577e+02 1.000000e+00
      vertex   -1.851959e+02 -2.047915e+02 1.000000e+00
      vertex   -1.848104e+02 -2.045412e+02 1.000000e+00
    endloop
  endfacet
  facet normal 0.000000e+00 0.000000e+00 1.000000e+00
    outer loop
      vertex   -1.849726e+02 -1.816577e+02 1.000000e+00
      vertex   -1.848104e+02 -2.045412e+02 1.000000e+00
      vertex   -1.844922e+02 -2.042094e+02 1.000000e+00
    endloop
  endfacet
  facet normal 0.000000e+00 0.000000e+00 1.000000e+00
    outer loop
      vertex   -1.849726e+02 -1.816577e+02 1.000000e+00
      vertex   -1.844922e+02 -2.042094e+02 1.000000e+00
      vertex   -1.840868e+02 -2.029167e+02 1.000000e+00
    endloop
  endfacet
  facet normal 0.000000e+00 0.000000e+00 1.000000e+00
    outer loop
      vertex   -1.840868e+02 -2.029167e+02 1.000000e+00
      vertex   -1.844922e+02 -2.042094e+02 1.000000e+00
      vertex   -1.842581e+02 -2.038138e+02 1.000000e+00
    endloop
  endfacet
  facet normal 0.000000e+00 0.000000e+00 1.000000e+00
    outer loop
      vertex   -1.840868e+02 -2.029167e+02 1.000000e+00
      vertex   -1.842581e+02 -2.038138e+02 1.000000e+00
      vertex   -1.841206e+02 -2.033752e+02 1.000000e+00
    endloop
  endfacet
  facet normal 0.000000e+00 0.000000e+00 1.000000e+00
    outer loop
      vertex   -1.845559e+02 -1.450862e+02 1.000000e+00
      vertex   -1.840000e+02 -1.793787e+02 1.000000e+00
      vertex   -1.843750e+02 -1.451611e+02 1.000000e+00
    endloop
  endfacet
  facet normal 0.000000e+00 0.000000e+00 1.000000e+00
    outer loop
      vertex   -1.843750e+02 -1.451611e+02 1.000000e+00
      vertex   -1.840000e+02 -1.793787e+02 1.000000e+00
      vertex   -1.840000e+02 -1.458107e+02 1.000000e+00
    endloop
  endfacet
  facet normal 0.000000e+00 0.000000e+00 1.000000e+00
    outer loop
      vertex   -1.843750e+02 -1.451611e+02 1.000000e+00
      vertex   -1.840000e+02 -1.458107e+02 1.000000e+00
      vertex   -1.842197e+02 -1.452803e+02 1.000000e+00
    endloop
  endfacet
  facet normal 0.000000e+00 0.000000e+00 1.000000e+00
    outer loop
      vertex   -1.842197e+02 -1.452803e+02 1.000000e+00
      vertex   -1.840000e+02 -1.458107e+02 1.000000e+00
      vertex   -1.841005e+02 -1.454357e+02 1.000000e+00
    endloop
  endfacet
  facet normal 0.000000e+00 0.000000e+00 1.000000e+00
    outer loop
      vertex   -1.841005e+02 -1.454357e+02 1.000000e+00
      vertex   -1.840000e+02 -1.458107e+02 1.000000e+00
      vertex   -1.840256e+02 -1.456165e+02 1.000000e+00
    endloop
  endfacet
  facet normal 0.000000e+00 0.000000e+00 1.000000e+00
    outer loop
      vertex   -1.868193e+02 -1.472233e+02 1.000000e+00
      vertex   -1.873784e+02 -1.482821e+02 1.000000e+00
      vertex   -1.880969e+02 -1.818412e+02 1.000000e+00
    endloop
  endfacet
  facet normal 0.000000e+00 0.000000e+00 1.000000e+00
    outer loop
      vertex   -1.880969e+02 -1.818412e+02 1.000000e+00
      vertex   -1.873784e+02 -1.482821e+02 1.000000e+00
      vertex   -1.878070e+02 -1.494001e+02 1.000000e+00
    endloop
  endfacet
  facet normal 0.000000e+00 -0.000000e+00 1.000000e+00
    outer loop
      vertex   -1.880969e+02 -1.818412e+02 1.000000e+00
      vertex   -1.878070e+02 -1.494001e+02 1.000000e+00
      vertex   -1.882499e+02 -1.517490e+02 1.000000e+00
    endloop
  endfacet
  facet normal 0.000000e+00 0.000000e+00 1.000000e+00
    outer loop
      vertex   -1.882499e+02 -1.517490e+02 1.000000e+00
      vertex   -1.878070e+02 -1.494001e+02 1.000000e+00
      vertex   -1.880989e+02 -1.505613e+02 1.000000e+00
    endloop
  endfacet
  facet normal 9.914449e-01 -1.305262e-01 0.000000e+00
    outer loop
      vertex   -2.010000e+02 -1.642500e+02 1.000000e+00
      vertex   -2.010000e+02 -1.642500e+02 2.000000e+00
      vertex   -2.010256e+02 -1.644441e+02 1.000000e+00
    endloop
  endfacet
  facet normal 9.914449e-01 -1.305262e-01 0.000000e+00
    outer loop
      vertex   -2.010256e+02 -1.644441e+02 1.000000e+00
      vertex   -2.010000e+02 -1.642500e+02 2.000000e+00
      vertex   -2.010256e+02 -1.644441e+02 2.000000e+00
    endloop
  endfacet
  facet normal 9.238795e-01 -3.826834e-01 0.000000e+00
    outer loop
      vertex   -2.010256e+02 -1.644441e+02 1.000000e+00
      vertex   -2.010256e+02 -1.644441e+02 2.000000e+00
      vertex   -2.011005e+02 -1.646250e+02 1.000000e+00
    endloop
  endfacet
  facet normal 9.238795e-01 -3.826834e-01 0.000000e+00
    outer loop
      vertex   -2.011005e+02 -1.646250e+02 1.000000e+00
      vertex   -2.010256e+02 -1.644441e+02 2.000000e+00
      vertex   -2.011005e+02 -1.646250e+02 2.000000e+00
    endloop
  endfacet
  facet normal 7.933533e-01 -6.087614e-01 0.000000e+00
    outer loop
      vertex   -2.011005e+02 -1.646250e+02 1.000000e+00
      vertex   -2.011005e+02 -1.646250e+02 2.000000e+00
      vertex   -2.012197e+02 -1.647803e+02 1.000000e+00
    endloop
  endfacet
  facet normal 7.933533e-01 -6.087614e-01 0.000000e+00
    outer loop
      vertex   -2.012197e+02 -1.647803e+02 1.000000e+00
      vertex   -2.011005e+02 -1.646250e+02 2.000000e+00
      vertex   -2.012197e+02 -1.647803e+02 2.000000e+00
    endloop
  endfacet
  facet normal 6.087614e-01 -7.933533e-01 0.000000e+00
    outer loop
      vertex   -2.012197e+02 -1.647803e+02 1.000000e+00
      vertex   -2.012197e+02 -1.647803e+02 2.000000e+00
      vertex   -2.013750e+02 -1.648995e+02 1.000000e+00
    endloop
  endfacet
  facet normal 6.087614e-01 -7.933533e-01 0.000000e+00
    outer loop
      vertex   -2.013750e+02 -1.648995e+02 1.000000e+00
      vertex   -2.012197e+02 -1.647803e+02 2.000000e+00
      vertex   -2.013750e+02 -1.648995e+02 2.000000e+00
    endloop
  endfacet
  facet normal 3.826834e-01 -9.238795e-01 0.000000e+00
    outer loop
      vertex   -2.013750e+02 -1.648995e+02 1.000000e+00
      vertex   -2.013750e+02 -1.648995e+02 2.000000e+00
      vertex   -2.015559e+02 -1.649744e+02 1.000000e+00
    endloop
  endfacet
  facet normal 3.826834e-01 -9.238795e-01 0.000000e+00
    outer loop
      vertex   -2.015559e+02 -1.649744e+02 1.000000e+00
      vertex   -2.013750e+02 -1.648995e+02 2.000000e+00
      vertex   -2.015559e+02 -1.649744e+02 2.000000e+00
    endloop
  endfacet
  facet normal 1.305262e-01 -9.914449e-01 0.000000e+00
    outer loop
      vertex   -2.015559e+02 -1.649744e+02 1.000000e+00
      vertex   -2.015559e+02 -1.649744e+02 2.000000e+00
      vertex   -2.017500e+02 -1.650000e+02 1.000000e+00
    endloop
  endfacet
  facet normal 1.305262e-01 -9.914449e-01 0.000000e+00
    outer loop
      vertex   -2.017500e+02 -1.650000e+02 1.000000e+00
      vertex   -2.015559e+02 -1.649744e+02 2.000000e+00
      vertex   -2.017500e+02 -1.650000e+02 2.000000e+00
    endloop
  endfacet
  facet normal -0.000000e+00 -1.000000e+00 -0.000000e+00
    outer loop
      vertex   -2.017500e+02 -1.650000e+02 2.000000e+00
      vertex   -2.022500e+02 -1.650000e+02 2.000000e+00
      vertex   -2.017500e+02 -1.650000e+02 1.000000e+00
    endloop
  endfacet
  facet normal 0.000000e+00 -1.000000e+00 0.000000e+00
    outer loop
      vertex   -2.017500e+02 -1.650000e+02 1.000000e+00
      vertex   -2.022500e+02 -1.650000e+02 2.000000e+00
      vertex   -2.022500e+02 -1.650000e+02 1.000000e+00
    endloop
  endfacet
  facet normal -1.305262e-01 -9.914449e-01 0.000000e+00
    outer loop
      vertex   -2.022500e+02 -1.650000e+02 1.000000e+00
      vertex   -2.022500e+02 -1.650000e+02 2.000000e+00
      vertex   -2.024441e+02 -1.649744e+02 1.000000e+00
    endloop
  endfacet
  facet normal -1.305262e-01 -9.914449e-01 0.000000e+00
    outer loop
      vertex   -2.024441e+02 -1.649744e+02 1.000000e+00
      vertex   -2.022500e+02 -1.650000e+02 2.000000e+00
      vertex   -2.024441e+02 -1.649744e+02 2.000000e+00
    endloop
  endfacet
  facet normal -3.826834e-01 -9.238795e-01 0.000000e+00
    outer loop
      vertex   -2.024441e+02 -1.649744e+02 1.000000e+00
      vertex   -2.024441e+02 -1.649744e+02 2.000000e+00
      vertex   -2.026250e+02 -1.648995e+02 1.000000e+00
    endloop
  endfacet
  facet normal -3.826834e-01 -9.238795e-01 0.000000e+00
    outer loop
      vertex   -2.026250e+02 -1.648995e+02 1.000000e+00
      vertex   -2.024441e+02 -1.649744e+02 2.000000e+00
      vertex   -2.026250e+02 -1.648995e+02 2.000000e+00
    endloop
  endfacet
  facet normal -6.087614e-01 -7.933533e-01 0.000000e+00
    outer loop
      vertex   -2.026250e+02 -1.648995e+02 1.000000e+00
      vertex   -2.026250e+02 -1.648995e+02 2.000000e+00
      vertex   -2.027803e+02 -1.647803e+02 1.000000e+00
    endloop
  endfacet
  facet normal -6.087614e-01 -7.933533e-01 0.000000e+00
    outer loop
      vertex   -2.027803e+02 -1.647803e+02 1.000000e+00
      vertex   -2.026250e+02 -1.648995e+02 2.000000e+00
      vertex   -2.027803e+02 -1.647803e+02 2.000000e+00
    endloop
  endfacet
  facet normal -7.933533e-01 -6.087614e-01 0.000000e+00
    outer loop
      vertex   -2.027803e+02 -1.647803e+02 1.000000e+00
      vertex   -2.027803e+02 -1.647803e+02 2.000000e+00
      vertex   -2.028995e+02 -1.646250e+02 1.000000e+00
    endloop
  endfacet
  facet normal -7.933533e-01 -6.087614e-01 0.000000e+00
    outer loop
      vertex   -2.028995e+02 -1.646250e+02 1.000000e+00
      vertex   -2.027803e+02 -1.647803e+02 2.000000e+00
      vertex   -2.028995e+02 -1.646250e+02 2.000000e+00
    endloop
  endfacet
  facet normal -9.238795e-01 -3.826834e-01 0.000000e+00
    outer loop
      vertex   -2.028995e+02 -1.646250e+02 1.000000e+00
      vertex   -2.028995e+02 -1.646250e+02 2.000000e+00
      vertex   -2.029744e+02 -1.644441e+02 1.000000e+00
    endloop
  endfacet
  facet normal -9.238795e-01 -3.826834e-01 0.000000e+00
    outer loop
      vertex   -2.029744e+02 -1.644441e+02 1.000000e+00
      vertex   -2.028995e+02 -1.646250e+02 2.000000e+00
      vertex   -2.029744e+02 -1.644441e+02 2.000000e+00
    endloop
  endfacet
  facet normal -9.914449e-01 -1.305262e-01 0.000000e+00
    outer loop
      vertex   -2.029744e+02 -1.644441e+02 1.000000e+00
      vertex   -2.029744e+02 -1.644441e+02 2.000000e+00
      vertex   -2.030000e+02 -1.642500e+02 1.000000e+00
    endloop
  endfacet
  facet normal -9.914449e-01 -1.305262e-01 0.000000e+00
    outer loop
      vertex   -2.030000e+02 -1.642500e+02 1.000000e+00
      vertex   -2.029744e+02 -1.644441e+02 2.000000e+00
      vertex   -2.030000e+02 -1.642500e+02 2.000000e+00
    endloop
  endfacet
  facet normal -1.000000e+00 0.000000e+00 0.000000e+00
    outer loop
      vertex   -2.030000e+02 -1.642500e+02 2.000000e+00
      vertex   -2.030000e+02 -1.457500e+02 2.000000e+00
      vertex   -2.030000e+02 -1.642500e+02 1.000000e+00
    endloop
  endfacet
  facet normal -1.000000e+00 0.000000e+00 0.000000e+00
    outer loop
      vertex   -2.030000e+02 -1.642500e+02 1.000000e+00
      vertex   -2.030000e+02 -1.457500e+02 2.000000e+00
      vertex   -2.030000e+02 -1.457500e+02 1.000000e+00
    endloop
  endfacet
  facet normal -9.914449e-01 -1.305262e-01 0.000000e+00
    outer loop
      vertex   -2.030000e+02 -1.457500e+02 1.000000e+00
      vertex   -2.030000e+02 -1.457500e+02 2.000000e+00
      vertex   -2.030256e+02 -1.455559e+02 1.000000e+00
    endloop
  endfacet
  facet normal -9.914449e-01 -1.305262e-01 0.000000e+00
    outer loop
      vertex   -2.030256e+02 -1.455559e+02 1.000000e+00
      vertex   -2.030000e+02 -1.457500e+02 2.000000e+00
      vertex   -2.030256e+02 -1.455559e+02 2.000000e+00
    endloop
  endfacet
  facet normal -9.238795e-01 -3.826834e-01 0.000000e+00
    outer loop
      vertex   -2.030256e+02 -1.455559e+02 1.000000e+00
      vertex   -2.030256e+02 -1.455559e+02 2.000000e+00
      vertex   -2.031005e+02 -1.453750e+02 1.000000e+00
    endloop
  endfacet
  facet normal -9.238795e-01 -3.826834e-01 0.000000e+00
    outer loop
      vertex   -2.031005e+02 -1.453750e+02 1.000000e+00
      vertex   -2.030256e+02 -1.455559e+02 2.000000e+00
      vertex   -2.031005e+02 -1.453750e+02 2.000000e+00
    endloop
  endfacet
  facet normal -7.933533e-01 -6.087614e-01 0.000000e+00
    outer loop
      vertex   -2.031005e+02 -1.453750e+02 1.000000e+00
      vertex   -2.031005e+02 -1.453750e+02 2.000000e+00
      vertex   -2.032197e+02 -1.452197e+02 1.000000e+00
    endloop
  endfacet
  facet normal -7.933533e-01 -6.087614e-01 0.000000e+00
    outer loop
      vertex   -2.032197e+02 -1.452197e+02 1.000000e+00
      vertex   -2.031005e+02 -1.453750e+02 2.000000e+00
      vertex   -2.032197e+02 -1.452197e+02 2.000000e+00
    endloop
  endfacet
  facet normal -6.087614e-01 -7.933533e-01 0.000000e+00
    outer loop
      vertex   -2.032197e+02 -1.452197e+02 1.000000e+00
      vertex   -2.032197e+02 -1.452197e+02 2.000000e+00
      vertex   -2.033750e+02 -1.451005e+02 1.000000e+00
    endloop
  endfacet
  facet normal -6.087614e-01 -7.933533e-01 0.000000e+00
    outer loop
      vertex   -2.033750e+02 -1.451005e+02 1.000000e+00
      vertex   -2.032197e+02 -1.452197e+02 2.000000e+00
      vertex   -2.033750e+02 -1.451005e+02 2.000000e+00
    endloop
  endfacet
  facet normal -3.826834e-01 -9.238795e-01 0.000000e+00
    outer loop
      vertex   -2.033750e+02 -1.451005e+02 1.000000e+00
      vertex   -2.033750e+02 -1.451005e+02 2.000000e+00
      vertex   -2.035559e+02 -1.450256e+02 1.000000e+00
    endloop
  endfacet
  facet normal -3.826834e-01 -9.238795e-01 0.000000e+00
    outer loop
      vertex   -2.035559e+02 -1.450256e+02 1.000000e+00
      vertex   -2.033750e+02 -1.451005e+02 2.000000e+00
      vertex   -2.035559e+02 -1.450256e+02 2.000000e+00
    endloop
  endfacet
  facet normal -1.305262e-01 -9.914449e-01 0.000000e+00
    outer loop
      vertex   -2.035559e+02 -1.450256e+02 1.000000e+00
      vertex   -2.035559e+02 -1.450256e+02 2.000000e+00
      vertex   -2.037500e+02 -1.450000e+02 1.000000e+00
    endloop
  endfacet
  facet normal -1.305262e-01 -9.914449e-01 0.000000e+00
    outer loop
      vertex   -2.037500e+02 -1.450000e+02 1.000000e+00
      vertex   -2.035559e+02 -1.450256e+02 2.000000e+00
      vertex   -2.037500e+02 -1.450000e+02 2.000000e+00
    endloop
  endfacet
  facet normal -0.000000e+00 -1.000000e+00 -0.000000e+00
    outer loop
      vertex   -2.037500e+02 -1.450000e+02 2.000000e+00
      vertex   -2.042500e+02 -1.450000e+02 2.000000e+00
      vertex   -2.037500e+02 -1.450000e+02 1.000000e+00
    endloop
  endfacet
  facet normal 0.000000e+00 -1.000000e+00 0.000000e+00
    outer loop
      vertex   -2.037500e+02 -1.450000e+02 1.000000e+00
      vertex   -2.042500e+02 -1.450000e+02 2.000000e+00
      vertex   -2.042500e+02 -1.450000e+02 1.000000e+00
    endloop
  endfacet
  facet normal 1.305262e-01 -9.914449e-01 0.000000e+00
    outer loop
      vertex   -2.042500e+02 -1.450000e+02 1.000000e+00
      vertex   -2.042500e+02 -1.450000e+02 2.000000e+00
      vertex   -2.044441e+02 -1.450256e+02 1.000000e+00
    endloop
  endfacet
  facet normal 1.305262e-01 -9.914449e-01 0.000000e+00
    outer loop
      vertex   -2.044441e+02 -1.450256e+02 1.000000e+00
      vertex   -2.042500e+02 -1.450000e+02 2.000000e+00
      vertex   -2.044441e+02 -1.450256e+02 2.000000e+00
    endloop
  endfacet
  facet normal 3.826834e-01 -9.238795e-01 0.000000e+00
    outer loop
      vertex   -2.044441e+02 -1.450256e+02 1.000000e+00
      vertex   -2.044441e+02 -1.450256e+02 2.000000e+00
      vertex   -2.046250e+02 -1.451005e+02 1.000000e+00
    endloop
  endfacet
  facet normal 3.826834e-01 -9.238795e-01 0.000000e+00
    outer loop
      vertex   -2.046250e+02 -1.451005e+02 1.000000e+00
      vertex   -2.044441e+02 -1.450256e+02 2.000000e+00
      vertex   -2.046250e+02 -1.451005e+02 2.000000e+00
    endloop
  endfacet
  facet normal 6.087614e-01 -7.933533e-01 0.000000e+00
    outer loop
      vertex   -2.046250e+02 -1.451005e+02 1.000000e+00
      vertex   -2.046250e+02 -1.451005e+02 2.000000e+00
      vertex   -2.047803e+02 -1.452197e+02 1.000000e+00
    endloop
  endfacet
  facet normal 6.087614e-01 -7.933533e-01 0.000000e+00
    outer loop
      vertex   -2.047803e+02 -1.452197e+02 1.000000e+00
      vertex   -2.046250e+02 -1.451005e+02 2.000000e+00
      vertex   -2.047803e+02 -1.452197e+02 2.000000e+00
    endloop
  endfacet
  facet normal 7.933533e-01 -6.087614e-01 0.000000e+00
    outer loop
      vertex   -2.047803e+02 -1.452197e+02 1.000000e+00
      vertex   -2.047803e+02 -1.452197e+02 2.000000e+00
      vertex   -2.048995e+02 -1.453750e+02 1.000000e+00
    endloop
  endfacet
  facet normal 7.933533e-01 -6.087614e-01 0.000000e+00
    outer loop
      vertex   -2.048995e+02 -1.453750e+02 1.000000e+00
      vertex   -2.047803e+02 -1.452197e+02 2.000000e+00
      vertex   -2.048995e+02 -1.453750e+02 2.000000e+00
    endloop
  endfacet
  facet normal 9.238795e-01 -3.826834e-01 0.000000e+00
    outer loop
      vertex   -2.048995e+02 -1.453750e+02 1.000000e+00
      vertex   -2.048995e+02 -1.453750e+02 2.000000e+00
      vertex   -2.049744e+02 -1.455559e+02 1.000000e+00
    endloop
  endfacet
  facet normal 9.238795e-01 -3.826834e-01 0.000000e+00
    outer loop
      vertex   -2.049744e+02 -1.455559e+02 1.000000e+00
      vertex   -2.048995e+02 -1.453750e+02 2.000000e+00
      vertex   -2.049744e+02 -1.455559e+02 2.000000e+00
    endloop
  endfacet
  facet normal 9.914449e-01 -1.305262e-01 0.000000e+00
    outer loop
      vertex   -2.049744e+02 -1.455559e+02 1.000000e+00
      vertex   -2.049744e+02 -1.455559e+02 2.000000e+00
      vertex   -2.050000e+02 -1.457500e+02 1.000000e+00
    endloop
  endfacet
  facet normal 9.914449e-01 -1.305262e-01 0.000000e+00
    outer loop
      vertex   -2.050000e+02 -1.457500e+02 1.000000e+00
      vertex   -2.049744e+02 -1.455559e+02 2.000000e+00
      vertex   -2.050000e+02 -1.457500e+02 2.000000e+00
    endloop
  endfacet
  facet normal 1.000000e+00 0.000000e+00 0.000000e+00
    outer loop
      vertex   -2.050000e+02 -1.457500e+02 2.000000e+00
      vertex   -2.050000e+02 -1.642500e+02 2.000000e+00
      vertex   -2.050000e+02 -1.457500e+02 1.000000e+00
    endloop
  endfacet
  facet normal 1.000000e+00 0.000000e+00 0.000000e+00
    outer loop
      vertex   -2.050000e+02 -1.457500e+02 1.000000e+00
      vertex   -2.050000e+02 -1.642500e+02 2.000000e+00
      vertex   -2.050000e+02 -1.642500e+02 1.000000e+00
    endloop
  endfacet
  facet normal 9.914449e-01 -1.305262e-01 0.000000e+00
    outer loop
      vertex   -2.050000e+02 -1.642500e+02 1.000000e+00
      vertex   -2.050000e+02 -1.642500e+02 2.000000e+00
      vertex   -2.050256e+02 -1.644441e+02 1.000000e+00
    endloop
  endfacet
  facet normal 9.914449e-01 -1.305262e-01 0.000000e+00
    outer loop
      vertex   -2.050256e+02 -1.644441e+02 1.000000e+00
      vertex   -2.050000e+02 -1.642500e+02 2.000000e+00
      vertex   -2.050256e+02 -1.644441e+02 2.000000e+00
    endloop
  endfacet
  facet normal 9.238795e-01 -3.826834e-01 0.000000e+00
    outer loop
      vertex   -2.050256e+02 -1.644441e+02 1.000000e+00
      vertex   -2.050256e+02 -1.644441e+02 2.000000e+00
      vertex   -2.051005e+02 -1.646250e+02 1.000000e+00
    endloop
  endfacet
  facet normal 9.238795e-01 -3.826834e-01 0.000000e+00
    outer loop
      vertex   -2.051005e+02 -1.646250e+02 1.000000e+00
      vertex   -2.050256e+02 -1.644441e+02 2.000000e+00
      vertex   -2.051005e+02 -1.646250e+02 2.000000e+00
    endloop
  endfacet
  facet normal 7.933533e-01 -6.087614e-01 0.000000e+00
    outer loop
      vertex   -2.051005e+02 -1.646250e+02 1.000000e+00
      vertex   -2.051005e+02 -1.646250e+02 2.000000e+00
      vertex   -2.052197e+02 -1.647803e+02 1.000000e+00
    endloop
  endfacet
  facet normal 7.933533e-01 -6.087614e-01 0.000000e+00
    outer loop
      vertex   -2.052197e+02 -1.647803e+02 1.000000e+00
      vertex   -2.051005e+02 -1.646250e+02 2.000000e+00
      vertex   -2.052197e+02 -1.647803e+02 2.000000e+00
    endloop
  endfacet
  facet normal 6.087614e-01 -7.933533e-01 0.000000e+00
    outer loop
      vertex   -2.052197e+02 -1.647803e+02 1.000000e+00
      vertex   -2.052197e+02 -1.647803e+02 2.000000e+00
      vertex   -2.053750e+02 -1.648995e+02 1.000000e+00
    endloop
  endfacet
  facet normal 6.087614e-01 -7.933533e-01 0.000000e+00
    outer loop
      vertex   -2.053750e+02 -1.648995e+02 1.000000e+00
      vertex   -2.052197e+02 -1.647803e+02 2.000000e+00
      vertex   -2.053750e+02 -1.648995e+02 2.000000e+00
    endloop
  endfacet
  facet normal 3.826834e-01 -9.238795e-01 0.000000e+00
    outer loop
      vertex   -2.053750e+02 -1.648995e+02 1.000000e+00
      vertex   -2.053750e+02 -1.648995e+02 2.000000e+00
      vertex   -2.055559e+02 -1.649744e+02 1.000000e+00
    endloop
  endfacet
  facet normal 3.826834e-01 -9.238795e-01 0.000000e+00
    outer loop
      vertex   -2.055559e+02 -1.649744e+02 1.000000e+00
      vertex   -2.053750e+02 -1.648995e+02 2.000000e+00
      vertex   -2.055559e+02 -1.649744e+02 2.000000e+00
    endloop
  endfacet
  facet normal 1.305262e-01 -9.914449e-01 0.000000e+00
    outer loop
      vertex   -2.055559e+02 -1.649744e+02 1.000000e+00
      vertex   -2.055559e+02 -1.649744e+02 2.000000e+00
      vertex   -2.057500e+02 -1.650000e+02 1.000000e+00
    endloop
  endfacet
  facet normal 1.305262e-01 -9.914449e-01 0.000000e+00
    outer loop
      vertex   -2.057500e+02 -1.650000e+02 1.000000e+00
      vertex   -2.055559e+02 -1.649744e+02 2.000000e+00
      vertex   -2.057500e+02 -1.650000e+02 2.000000e+00
    endloop
  endfacet
  facet normal -0.000000e+00 -1.000000e+00 -0.000000e+00
    outer loop
      vertex   -2.057500e+02 -1.650000e+02 2.000000e+00
      vertex   -2.062500e+02 -1.650000e+02 2.000000e+00
      vertex   -2.057500e+02 -1.650000e+02 1.000000e+00
    endloop
  endfacet
  facet normal 0.000000e+00 -1.000000e+00 0.000000e+00
    outer loop
      vertex   -2.057500e+02 -1.650000e+02 1.000000e+00
      vertex   -2.062500e+02 -1.650000e+02 2.000000e+00
      vertex   -2.062500e+02 -1.650000e+02 1.000000e+00
    endloop
  endfacet
  facet normal -1.305262e-01 -9.914449e-01 0.000000e+00
    outer loop
      vertex   -2.062500e+02 -1.650000e+02 1.000000e+00
      vertex   -2.062500e+02 -1.650000e+02 2.000000e+00
      vertex   -2.064441e+02 -1.649744e+02 1.000000e+00
    endloop
  endfacet
  facet normal -1.305262e-01 -9.914449e-01 0.000000e+00
    outer loop
      vertex   -2.064441e+02 -1.649744e+02 1.000000e+00
      vertex   -2.062500e+02 -1.650000e+02 2.000000e+00
      vertex   -2.064441e+02 -1.649744e+02 2.000000e+00
    endloop
  endfacet
  facet normal -3.826834e-01 -9.238795e-01 0.000000e+00
    outer loop
      vertex   -2.064441e+02 -1.649744e+02 1.000000e+00
      vertex   -2.064441e+02 -1.649744e+02 2.000000e+00
      vertex   -2.066250e+02 -1.648995e+02 1.000000e+00
    endloop
  endfacet
  facet normal -3.826834e-01 -9.238795e-01 0.000000e+00
    outer loop
      vertex   -2.066250e+02 -1.648995e+02 1.000000e+00
      vertex   -2.064441e+02 -1.649744e+02 2.000000e+00
      vertex   -2.066250e+02 -1.648995e+02 2.000000e+00
    endloop
  endfacet
  facet normal -6.087614e-01 -7.933533e-01 0.000000e+00
    outer loop
      vertex   -2.066250e+02 -1.648995e+02 1.000000e+00
      vertex   -2.066250e+02 -1.648995e+02 2.000000e+00
      vertex   -2.067803e+02 -1.647803e+02 1.000000e+00
    endloop
  endfacet
  facet normal -6.087614e-01 -7.933533e-01 0.000000e+00
    outer loop
      vertex   -2.067803e+02 -1.647803e+02 1.000000e+00
      vertex   -2.066250e+02 -1.648995e+02 2.000000e+00
      vertex   -2.067803e+02 -1.647803e+02 2.000000e+00
    endloop
  endfacet
  facet normal -7.933533e-01 -6.087614e-01 0.000000e+00
    outer loop
      vertex   -2.067803e+02 -1.647803e+02 1.000000e+00
      vertex   -2.067803e+02 -1.647803e+02 2.000000e+00
      vertex   -2.068995e+02 -1.646250e+02 1.000000e+00
    endloop
  endfacet
  facet normal -7.933533e-01 -6.087614e-01 0.000000e+00
    outer loop
      vertex   -2.068995e+02 -1.646250e+02 1.000000e+00
      vertex   -2.067803e+02 -1.647803e+02 2.000000e+00
      vertex   -2.068995e+02 -1.646250e+02 2.000000e+00
    endloop
  endfacet
  facet normal -9.238795e-01 -3.826834e-01 0.000000e+00
    outer loop
      vertex   -2.068995e+02 -1.646250e+02 1.000000e+00
      vertex   -2.068995e+02 -1.646250e+02 2.000000e+00
      vertex   -2.069744e+02 -1.644441e+02 1.000000e+00
    endloop
  endfacet
  facet normal -9.238795e-01 -3.826834e-01 0.000000e+00
    outer loop
      vertex   -2.069744e+02 -1.644441e+02 1.000000e+00
      vertex   -2.068995e+02 -1.646250e+02 2.000000e+00
      vertex   -2.069744e+02 -1.644441e+02 2.000000e+00
    endloop
  endfacet
  facet normal -9.914449e-01 -1.305262e-01 0.000000e+00
    outer loop
      vertex   -2.069744e+02 -1.644441e+02 1.000000e+00
      vertex   -2.069744e+02 -1.644441e+02 2.000000e+00
      vertex   -2.070000e+02 -1.642500e+02 1.000000e+00
    endloop
  endfacet
  facet normal -9.914449e-01 -1.305262e-01 0.000000e+00
    outer loop
      vertex   -2.070000e+02 -1.642500e+02 1.000000e+00
      vertex   -2.069744e+02 -1.644441e+02 2.000000e+00
      vertex   -2.070000e+02 -1.642500e+02 2.000000e+00
    endloop
  endfacet
  facet normal -1.000000e+00 0.000000e+00 0.000000e+00
    outer loop
      vertex   -2.070000e+02 -1.642500e+02 2.000000e+00
      vertex   -2.070000e+02 -1.457500e+02 2.000000e+00
      vertex   -2.070000e+02 -1.642500e+02 1.000000e+00
    endloop
  endfacet
  facet normal -1.000000e+00 0.000000e+00 0.000000e+00
    outer loop
      vertex   -2.070000e+02 -1.642500e+02 1.000000e+00
      vertex   -2.070000e+02 -1.457500e+02 2.000000e+00
      vertex   -2.070000e+02 -1.457500e+02 1.000000e+00
    endloop
  endfacet
  facet normal -9.914449e-01 -1.305262e-01 0.000000e+00
    outer loop
      vertex   -2.070000e+02 -1.457500e+02 1.000000e+00
      vertex   -2.070000e+02 -1.457500e+02 2.000000e+00
      vertex   -2.070256e+02 -1.455559e+02 1.000000e+00
    endloop
  endfacet
  facet normal -9.914449e-01 -1.305262e-01 0.000000e+00
    outer loop
      vertex   -2.070256e+02 -1.455559e+02 1.000000e+00
      vertex   -2.070000e+02 -1.457500e+02 2.000000e+00
      vertex   -2.070256e+02 -1.455559e+02 2.000000e+00
    endloop
  endfacet
  facet normal -9.238795e-01 -3.826834e-01 0.000000e+00
    outer loop
      vertex   -2.070256e+02 -1.455559e+02 1.000000e+00
      vertex   -2.070256e+02 -1.455559e+02 2.000000e+00
      vertex   -2.071005e+02 -1.453750e+02 1.000000e+00
    endloop
  endfacet
  facet normal -9.238795e-01 -3.826834e-01 0.000000e+00
    outer loop
      vertex   -2.071005e+02 -1.453750e+02 1.000000e+00
      vertex   -2.070256e+02 -1.455559e+02 2.000000e+00
      vertex   -2.071005e+02 -1.453750e+02 2.000000e+00
    endloop
  endfacet
  facet normal -7.933533e-01 -6.087614e-01 0.000000e+00
    outer loop
      vertex   -2.071005e+02 -1.453750e+02 1.000000e+00
      vertex   -2.071005e+02 -1.453750e+02 2.000000e+00
      vertex   -2.072197e+02 -1.452197e+02 1.000000e+00
    endloop
  endfacet
  facet normal -7.933533e-01 -6.087614e-01 0.000000e+00
    outer loop
      vertex   -2.072197e+02 -1.452197e+02 1.000000e+00
      vertex   -2.071005e+02 -1.453750e+02 2.000000e+00
      vertex   -2.072197e+02 -1.452197e+02 2.000000e+00
    endloop
  endfacet
  facet normal -6.087614e-01 -7.933533e-01 0.000000e+00
    outer loop
      vertex   -2.072197e+02 -1.452197e+02 1.000000e+00
      vertex   -2.072197e+02 -1.452197e+02 2.000000e+00
      vertex   -2.073750e+02 -1.451005e+02 1.000000e+00
    endloop
  endfacet
  facet normal -6.087614e-01 -7.933533e-01 0.000000e+00
    outer loop
      vertex   -2.073750e+02 -1.451005e+02 1.000000e+00
      vertex   -2.072197e+02 -1.452197e+02 2.000000e+00
      vertex   -2.073750e+02 -1.451005e+02 2.000000e+00
    endloop
  endfacet
  facet normal -3.826834e-01 -9.238795e-01 0.000000e+00
    outer loop
      vertex   -2.073750e+02 -1.451005e+02 1.000000e+00
      vertex   -2.073750e+02 -1.451005e+02 2.000000e+00
      vertex   -2.075559e+02 -1.450256e+02 1.000000e+00
    endloop
  endfacet
  facet normal -3.826834e-01 -9.238795e-01 0.000000e+00
    outer loop
      vertex   -2.075559e+02 -1.450256e+02 1.000000e+00
      vertex   -2.073750e+02 -1.451005e+02 2.000000e+00
      vertex   -2.075559e+02 -1.450256e+02 2.000000e+00
    endloop
  endfacet
  facet normal -1.305262e-01 -9.914449e-01 0.000000e+00
    outer loop
      vertex   -2.075559e+02 -1.450256e+02 1.000000e+00
      vertex   -2.075559e+02 -1.450256e+02 2.000000e+00
      vertex   -2.077500e+02 -1.450000e+02 1.000000e+00
    endloop
  endfacet
  facet normal -1.305262e-01 -9.914449e-01 0.000000e+00
    outer loop
      vertex   -2.077500e+02 -1.450000e+02 1.000000e+00
      vertex   -2.075559e+02 -1.450256e+02 2.000000e+00
      vertex   -2.077500e+02 -1.450000e+02 2.000000e+00
    endloop
  endfacet
  facet normal -0.000000e+00 -1.000000e+00 -0.000000e+00
    outer loop
      vertex   -2.077500e+02 -1.450000e+02 2.000000e+00
      vertex   -2.082500e+02 -1.450000e+02 2.000000e+00
      vertex   -2.077500e+02 -1.450000e+02 1.000000e+00
    endloop
  endfacet
  facet normal 0.000000e+00 -1.000000e+00 0.000000e+00
    outer loop
      vertex   -2.077500e+02 -1.450000e+02 1.000000e+00
      vertex   -2.082500e+02 -1.450000e+02 2.000000e+00
      vertex   -2.082500e+02 -1.450000e+02 1.000000e+00
    endloop
  endfacet
  facet normal 1.305262e-01 -9.914449e-01 0.000000e+00
    outer loop
      vertex   -2.082500e+02 -1.450000e+02 1.000000e+00
      vertex   -2.082500e+02 -1.450000e+02 2.000000e+00
      vertex   -2.084441e+02 -1.450256e+02 1.000000e+00
    endloop
  endfacet
  facet normal 1.305262e-01 -9.914449e-01 0.000000e+00
    outer loop
      vertex   -2.084441e+02 -1.450256e+02 1.000000e+00
      vertex   -2.082500e+02 -1.450000e+02 2.000000e+00
      vertex   -2.084441e+02 -1.450256e+02 2.000000e+00
    endloop
  endfacet
  facet normal 3.826834e-01 -9.238795e-01 0.000000e+00
    outer loop
      vertex   -2.084441e+02 -1.450256e+02 1.000000e+00
      vertex   -2.084441e+02 -1.450256e+02 2.000000e+00
      vertex   -2.086250e+02 -1.451005e+02 1.000000e+00
    endloop
  endfacet
  facet normal 3.826834e-01 -9.238795e-01 0.000000e+00
    outer loop
      vertex   -2.086250e+02 -1.451005e+02 1.000000e+00
      vertex   -2.084441e+02 -1.450256e+02 2.000000e+00
      vertex   -2.086250e+02 -1.451005e+02 2.000000e+00
    endloop
  endfacet
  facet normal 6.087614e-01 -7.933533e-01 0.000000e+00
    outer loop
      vertex   -2.086250e+02 -1.451005e+02 1.000000e+00
      vertex   -2.086250e+02 -1.451005e+02 2.000000e+00
      vertex   -2.087803e+02 -1.452197e+02 1.000000e+00
    endloop
  endfacet
  facet normal 6.087614e-01 -7.933533e-01 0.000000e+00
    outer loop
      vertex   -2.087803e+02 -1.452197e+02 1.000000e+00
      vertex   -2.086250e+02 -1.451005e+02 2.000000e+00
      vertex   -2.087803e+02 -1.452197e+02 2.000000e+00
    endloop
  endfacet
  facet normal 7.933533e-01 -6.087614e-01 0.000000e+00
    outer loop
      vertex   -2.087803e+02 -1.452197e+02 1.000000e+00
      vertex   -2.087803e+02 -1.452197e+02 2.000000e+00
      vertex   -2.088995e+02 -1.453750e+02 1.000000e+00
    endloop
  endfacet
  facet normal 7.933533e-01 -6.087614e-01 0.000000e+00
    outer loop
      vertex   -2.088995e+02 -1.453750e+02 1.000000e+00
      vertex   -2.087803e+02 -1.452197e+02 2.000000e+00
      vertex   -2.088995e+02 -1.453750e+02 2.000000e+00
    endloop
  endfacet
  facet normal 9.238795e-01 -3.826834e-01 0.000000e+00
    outer loop
      vertex   -2.088995e+02 -1.453750e+02 1.000000e+00
      vertex   -2.088995e+02 -1.453750e+02 2.000000e+00
      vertex   -2.089744e+02 -1.455559e+02 1.000000e+00
    endloop
  endfacet
  facet normal 9.238795e-01 -3.826834e-01 0.000000e+00
    outer loop
      vertex   -2.089744e+02 -1.455559e+02 1.000000e+00
      vertex   -2.088995e+02 -1.453750e+02 2.000000e+00
      vertex   -2.089744e+02 -1.455559e+02 2.000000e+00
    endloop
  endfacet
  facet normal 9.914449e-01 -1.305262e-01 0.000000e+00
    outer loop
      vertex   -2.089744e+02 -1.455559e+02 1.000000e+00
      vertex   -2.089744e+02 -1.455559e+02 2.000000e+00
      vertex   -2.090000e+02 -1.457500e+02 1.000000e+00
    endloop
  endfacet
  facet normal 9.914449e-01 -1.305262e-01 0.000000e+00
    outer loop
      vertex   -2.090000e+02 -1.457500e+02 1.000000e+00
      vertex   -2.089744e+02 -1.455559e+02 2.000000e+00
      vertex   -2.090000e+02 -1.457500e+02 2.000000e+00
    endloop
  endfacet
  facet normal 1.000000e+00 0.000000e+00 0.000000e+00
    outer loop
      vertex   -2.090000e+02 -1.457500e+02 2.000000e+00
      vertex   -2.090000e+02 -1.669098e+02 2.000000e+00
      vertex   -2.090000e+02 -1.457500e+02 1.000000e+00
    endloop
  endfacet
  facet normal 1.000000e+00 0.000000e+00 0.000000e+00
    outer loop
      vertex   -2.090000e+02 -1.457500e+02 1.000000e+00
      vertex   -2.090000e+02 -1.669098e+02 2.000000e+00
      vertex   -2.090000e+02 -1.669098e+02 1.000000e+00
    endloop
  endfacet
  facet normal 9.957468e-01 9.213155e-02 -0.000000e+00
    outer loop
      vertex   -2.090000e+02 -1.669098e+02 1.000000e+00
      vertex   -2.090000e+02 -1.669098e+02 2.000000e+00
      vertex   -2.089151e+02 -1.678272e+02 1.000000e+00
    endloop
  endfacet
  facet normal 9.957468e-01 9.213155e-02 -2.830083e-14
    outer loop
      vertex   -2.089151e+02 -1.678272e+02 1.000000e+00
      vertex   -2.090000e+02 -1.669098e+02 2.000000e+00
      vertex   -2.089151e+02 -1.678272e+02 2.000000e+00
    endloop
  endfacet
  facet normal 9.619384e-01 2.732665e-01 -2.733993e-14
    outer loop
      vertex   -2.089151e+02 -1.678272e+02 1.000000e+00
      vertex   -2.089151e+02 -1.678272e+02 2.000000e+00
      vertex   -2.086634e+02 -1.687135e+02 1.000000e+00
    endloop
  endfacet
  facet normal 9.619384e-01 2.732665e-01 1.553340e-14
    outer loop
      vertex   -2.086634e+02 -1.687135e+02 1.000000e+00
      vertex   -2.089151e+02 -1.678272e+02 2.000000e+00
      vertex   -2.086634e+02 -1.687135e+02 2.000000e+00
    endloop
  endfacet
  facet normal 8.954693e-01 4.451233e-01 2.530233e-14
    outer loop
      vertex   -2.086634e+02 -1.687135e+02 1.000000e+00
      vertex   -2.086634e+02 -1.687135e+02 2.000000e+00
      vertex   -2.082533e+02 -1.695385e+02 1.000000e+00
    endloop
  endfacet
  facet normal 8.954693e-01 4.451233e-01 -0.000000e+00
    outer loop
      vertex   -2.082533e+02 -1.695385e+02 1.000000e+00
      vertex   -2.086634e+02 -1.687135e+02 2.000000e+00
      vertex   -2.082533e+02 -1.695385e+02 2.000000e+00
    endloop
  endfacet
  facet normal 7.985964e-01 6.018669e-01 -0.000000e+00
    outer loop
      vertex   -2.082533e+02 -1.695385e+02 1.000000e+00
      vertex   -2.082533e+02 -1.695385e+02 2.000000e+00
      vertex   -2.076987e+02 -1.702742e+02 1.000000e+00
    endloop
  endfacet
  facet normal 7.985964e-01 6.018669e-01 -2.269748e-14
    outer loop
      vertex   -2.076987e+02 -1.702742e+02 1.000000e+00
      vertex   -2.082533e+02 -1.695385e+02 2.000000e+00
      vertex   -2.076987e+02 -1.702742e+02 2.000000e+00
    endloop
  endfacet
  facet normal 6.746089e-01 7.381753e-01 -1.917354e-14
    outer loop
      vertex   -2.076987e+02 -1.702742e+02 1.000000e+00
      vertex   -2.076987e+02 -1.702742e+02 2.000000e+00
      vertex   -2.070187e+02 -1.708958e+02 1.000000e+00
    endloop
  endfacet
  facet normal 6.746089e-01 7.381753e-01 -3.834708e-14
    outer loop
      vertex   -2.070187e+02 -1.708958e+02 1.000000e+00
      vertex   -2.076987e+02 -1.702742e+02 2.000000e+00
      vertex   -2.070187e+02 -1.708958e+02 2.000000e+00
    endloop
  endfacet
  facet normal 5.277165e-01 8.494206e-01 -2.999721e-14
    outer loop
      vertex   -2.070187e+02 -1.708958e+02 1.000000e+00
      vertex   -2.070187e+02 -1.708958e+02 2.000000e+00
      vertex   -2.062361e+02 -1.713820e+02 1.000000e+00
    endloop
  endfacet
  facet normal 5.277165e-01 8.494206e-01 -0.000000e+00
    outer loop
      vertex   -2.062361e+02 -1.713820e+02 1.000000e+00
      vertex   -2.070187e+02 -1.708958e+02 2.000000e+00
      vertex   -2.062361e+02 -1.713820e+02 2.000000e+00
    endloop
  endfacet
  facet normal 4.472136e-01 8.944272e-01 0.000000e+00
    outer loop
      vertex   -2.062361e+02 -1.713820e+02 2.000000e+00
      vertex   -2.058614e+02 -1.715693e+02 2.000000e+00
      vertex   -2.062361e+02 -1.713820e+02 1.000000e+00
    endloop
  endfacet
  facet normal 4.472136e-01 8.944272e-01 0.000000e+00
    outer loop
      vertex   -2.062361e+02 -1.713820e+02 1.000000e+00
      vertex   -2.058614e+02 -1.715693e+02 2.000000e+00
      vertex   -2.058614e+02 -1.715693e+02 1.000000e+00
    endloop
  endfacet
  facet normal 5.183848e-01 8.551475e-01 -0.000000e+00
    outer loop
      vertex   -2.058614e+02 -1.715693e+02 1.000000e+00
      vertex   -2.058614e+02 -1.715693e+02 2.000000e+00
      vertex   -2.051668e+02 -1.719903e+02 1.000000e+00
    endloop
  endfacet
  facet normal 5.183848e-01 8.551475e-01 -0.000000e+00
    outer loop
      vertex   -2.051668e+02 -1.719903e+02 1.000000e+00
      vertex   -2.058614e+02 -1.715693e+02 2.000000e+00
      vertex   -2.051668e+02 -1.719903e+02 2.000000e+00
    endloop
  endfacet
  facet normal 6.500027e-01 7.599319e-01 -0.000000e+00
    outer loop
      vertex   -2.051668e+02 -1.719903e+02 1.000000e+00
      vertex   -2.051668e+02 -1.719903e+02 2.000000e+00
      vertex   -2.045496e+02 -1.725183e+02 2.000000e+00
    endloop
  endfacet
  facet normal 6.500027e-01 7.599319e-01 0.000000e+00
    outer loop
      vertex   -2.051668e+02 -1.719903e+02 1.000000e+00
      vertex   -2.045496e+02 -1.725183e+02 2.000000e+00
      vertex   -2.045496e+02 -1.725183e+02 1.000000e+00
    endloop
  endfacet
  facet normal 7.644675e-01 6.446622e-01 -0.000000e+00
    outer loop
      vertex   -2.045496e+02 -1.725183e+02 1.000000e+00
      vertex   -2.045496e+02 -1.725183e+02 2.000000e+00
      vertex   -2.040260e+02 -1.731392e+02 2.000000e+00
    endloop
  endfacet
  facet normal 7.644675e-01 6.446622e-01 0.000000e+00
    outer loop
      vertex   -2.045496e+02 -1.725183e+02 1.000000e+00
      vertex   -2.040260e+02 -1.731392e+02 2.000000e+00
      vertex   -2.040260e+02 -1.731392e+02 1.000000e+00
    endloop
  endfacet
  facet normal 8.587586e-01 5.123804e-01 -0.000000e+00
    outer loop
      vertex   -2.040260e+02 -1.731392e+02 1.000000e+00
      vertex   -2.040260e+02 -1.731392e+02 2.000000e+00
      vertex   -2.036098e+02 -1.738368e+02 2.000000e+00
    endloop
  endfacet
  facet normal 8.587586e-01 5.123804e-01 0.000000e+00
    outer loop
      vertex   -2.040260e+02 -1.731392e+02 1.000000e+00
      vertex   -2.036098e+02 -1.738368e+02 2.000000e+00
      vertex   -2.036098e+02 -1.738368e+02 1.000000e+00
    endloop
  endfacet
  facet normal 9.303876e-01 3.665773e-01 -0.000000e+00
    outer loop
      vertex   -2.036098e+02 -1.738368e+02 1.000000e+00
      vertex   -2.036098e+02 -1.738368e+02 2.000000e+00
      vertex   -2.033120e+02 -1.745924e+02 2.000000e+00
    endloop
  endfacet
  facet normal 9.303876e-01 3.665773e-01 0.000000e+00
    outer loop
      vertex   -2.036098e+02 -1.738368e+02 1.000000e+00
      vertex   -2.033120e+02 -1.745924e+02 2.000000e+00
      vertex   -2.033120e+02 -1.745924e+02 1.000000e+00
    endloop
  endfacet
  facet normal 9.774644e-01 2.111004e-01 -0.000000e+00
    outer loop
      vertex   -2.033120e+02 -1.745924e+02 1.000000e+00
      vertex   -2.033120e+02 -1.745924e+02 2.000000e+00
      vertex   -2.031406e+02 -1.753864e+02 2.000000e+00
    endloop
  endfacet
  facet normal 9.774644e-01 2.111004e-01 0.000000e+00
    outer loop
      vertex   -2.033120e+02 -1.745924e+02 1.000000e+00
      vertex   -2.031406e+02 -1.753864e+02 2.000000e+00
      vertex   -2.031406e+02 -1.753864e+02 1.000000e+00
    endloop
  endfacet
  facet normal 9.987466e-01 5.005271e-02 -0.000000e+00
    outer loop
      vertex   -2.031406e+02 -1.753864e+02 1.000000e+00
      vertex   -2.031406e+02 -1.753864e+02 2.000000e+00
      vertex   -2.030999e+02 -1.761976e+02 1.000000e+00
    endloop
  endfacet
  facet normal 9.987466e-01 5.005271e-02 -0.000000e+00
    outer loop
      vertex   -2.030999e+02 -1.761976e+02 1.000000e+00
      vertex   -2.031406e+02 -1.753864e+02 2.000000e+00
      vertex   -2.030999e+02 -1.761976e+02 2.000000e+00
    endloop
  endfacet
  facet normal 9.995121e-01 -3.123475e-02 0.000000e+00
    outer loop
      vertex   -2.030999e+02 -1.761976e+02 2.000000e+00
      vertex   -2.039355e+02 -2.029375e+02 2.000000e+00
      vertex   -2.030999e+02 -1.761976e+02 1.000000e+00
    endloop
  endfacet
  facet normal 9.995121e-01 -3.123475e-02 0.000000e+00
    outer loop
      vertex   -2.030999e+02 -1.761976e+02 1.000000e+00
      vertex   -2.039355e+02 -2.029375e+02 2.000000e+00
      vertex   -2.039355e+02 -2.029375e+02 1.000000e+00
    endloop
  endfacet
  facet normal 9.965416e-01 8.309540e-02 -0.000000e+00
    outer loop
      vertex   -2.039355e+02 -2.029375e+02 1.000000e+00
      vertex   -2.039355e+02 -2.029375e+02 2.000000e+00
      vertex   -2.038976e+02 -2.033927e+02 1.000000e+00
    endloop
  endfacet
  facet normal 9.965416e-01 8.309540e-02 -0.000000e+00
    outer loop
      vertex   -2.038976e+02 -2.033927e+02 1.000000e+00
      vertex   -2.039355e+02 -2.029375e+02 2.000000e+00
      vertex   -2.038976e+02 -2.033927e+02 2.000000e+00
    endloop
  endfacet
  facet normal 9.517051e-01 3.070137e-01 -0.000000e+00
    outer loop
      vertex   -2.038976e+02 -2.033927e+02 1.000000e+00
      vertex   -2.038976e+02 -2.033927e+02 2.000000e+00
      vertex   -2.037574e+02 -2.038273e+02 1.000000e+00
    endloop
  endfacet
  facet normal 9.517051e-01 3.070137e-01 -0.000000e+00
    outer loop
      vertex   -2.037574e+02 -2.038273e+02 1.000000e+00
      vertex   -2.038976e+02 -2.033927e+02 2.000000e+00
      vertex   -2.037574e+02 -2.038273e+02 2.000000e+00
    endloop
  endfacet
  facet normal 8.572374e-01 5.149214e-01 -0.000000e+00
    outer loop
      vertex   -2.037574e+02 -2.038273e+02 1.000000e+00
      vertex   -2.037574e+02 -2.038273e+02 2.000000e+00
      vertex   -2.035222e+02 -2.042189e+02 1.000000e+00
    endloop
  endfacet
  facet normal 8.572374e-01 5.149214e-01 -0.000000e+00
    outer loop
      vertex   -2.035222e+02 -2.042189e+02 1.000000e+00
      vertex   -2.037574e+02 -2.038273e+02 2.000000e+00
      vertex   -2.035222e+02 -2.042189e+02 2.000000e+00
    endloop
  endfacet
  facet normal 7.180650e-01 6.959760e-01 -0.000000e+00
    outer loop
      vertex   -2.035222e+02 -2.042189e+02 1.000000e+00
      vertex   -2.035222e+02 -2.042189e+02 2.000000e+00
      vertex   -2.032043e+02 -2.045468e+02 1.000000e+00
    endloop
  endfacet
  facet normal 7.180650e-01 6.959760e-01 -0.000000e+00
    outer loop
      vertex   -2.032043e+02 -2.045468e+02 1.000000e+00
      vertex   -2.035222e+02 -2.042189e+02 2.000000e+00
      vertex   -2.032043e+02 -2.045468e+02 2.000000e+00
    endloop
  endfacet
  facet normal 5.414457e-01 8.407357e-01 -0.000000e+00
    outer loop
      vertex   -2.032043e+02 -2.045468e+02 1.000000e+00
      vertex   -2.032043e+02 -2.045468e+02 2.000000e+00
      vertex   -2.028203e+02 -2.047941e+02 1.000000e+00
    endloop
  endfacet
  facet normal 5.414457e-01 8.407357e-01 -0.000000e+00
    outer loop
      vertex   -2.028203e+02 -2.047941e+02 1.000000e+00
      vertex   -2.032043e+02 -2.045468e+02 2.000000e+00
      vertex   -2.028203e+02 -2.047941e+02 2.000000e+00
    endloop
  endfacet
  facet normal 3.365902e-01 9.416512e-01 -0.000000e+00
    outer loop
      vertex   -2.028203e+02 -2.047941e+02 1.000000e+00
      vertex   -2.028203e+02 -2.047941e+02 2.000000e+00
      vertex   -2.023903e+02 -2.049479e+02 1.000000e+00
    endloop
  endfacet
  facet normal 3.365902e-01 9.416512e-01 -0.000000e+00
    outer loop
      vertex   -2.023903e+02 -2.049479e+02 1.000000e+00
      vertex   -2.028203e+02 -2.047941e+02 2.000000e+00
      vertex   -2.023903e+02 -2.049479e+02 2.000000e+00
    endloop
  endfacet
  facet normal 1.141816e-01 9.934599e-01 -0.000000e+00
    outer loop
      vertex   -2.023903e+02 -2.049479e+02 1.000000e+00
      vertex   -2.023903e+02 -2.049479e+02 2.000000e+00
      vertex   -2.019365e+02 -2.050000e+02 1.000000e+00
    endloop
  endfacet
  facet normal 1.141816e-01 9.934599e-01 -0.000000e+00
    outer loop
      vertex   -2.019365e+02 -2.050000e+02 1.000000e+00
      vertex   -2.023903e+02 -2.049479e+02 2.000000e+00
      vertex   -2.019365e+02 -2.050000e+02 2.000000e+00
    endloop
  endfacet
  facet normal -0.000000e+00 1.000000e+00 0.000000e+00
    outer loop
      vertex   -2.019365e+02 -2.050000e+02 2.000000e+00
      vertex   -2.010635e+02 -2.050000e+02 2.000000e+00
      vertex   -2.019365e+02 -2.050000e+02 1.000000e+00
    endloop
  endfacet
  facet normal 0.000000e+00 1.000000e+00 0.000000e+00
    outer loop
      vertex   -2.019365e+02 -2.050000e+02 1.000000e+00
      vertex   -2.010635e+02 -2.050000e+02 2.000000e+00
      vertex   -2.010635e+02 -2.050000e+02 1.000000e+00
    endloop
  endfacet
  facet normal -1.141816e-01 9.934599e-01 0.000000e+00
    outer loop
      vertex   -2.010635e+02 -2.050000e+02 1.000000e+00
      vertex   -2.010635e+02 -2.050000e+02 2.000000e+00
      vertex   -2.006097e+02 -2.049479e+02 1.000000e+00
    endloop
  endfacet
  facet normal -1.141816e-01 9.934599e-01 0.000000e+00
    outer loop
      vertex   -2.006097e+02 -2.049479e+02 1.000000e+00
      vertex   -2.010635e+02 -2.050000e+02 2.000000e+00
      vertex   -2.006097e+02 -2.049479e+02 2.000000e+00
    endloop
  endfacet
  facet normal -3.365902e-01 9.416512e-01 0.000000e+00
    outer loop
      vertex   -2.006097e+02 -2.049479e+02 1.000000e+00
      vertex   -2.006097e+02 -2.049479e+02 2.000000e+00
      vertex   -2.001797e+02 -2.047941e+02 1.000000e+00
    endloop
  endfacet
  facet normal -3.365902e-01 9.416512e-01 0.000000e+00
    outer loop
      vertex   -2.001797e+02 -2.047941e+02 1.000000e+00
      vertex   -2.006097e+02 -2.049479e+02 2.000000e+00
      vertex   -2.001797e+02 -2.047941e+02 2.000000e+00
    endloop
  endfacet
  facet normal -5.414457e-01 8.407357e-01 0.000000e+00
    outer loop
      vertex   -2.001797e+02 -2.047941e+02 1.000000e+00
      vertex   -2.001797e+02 -2.047941e+02 2.000000e+00
      vertex   -1.997957e+02 -2.045468e+02 1.000000e+00
    endloop
  endfacet
  facet normal -5.414457e-01 8.407357e-01 0.000000e+00
    outer loop
      vertex   -1.997957e+02 -2.045468e+02 1.000000e+00
      vertex   -2.001797e+02 -2.047941e+02 2.000000e+00
      vertex   -1.997957e+02 -2.045468e+02 2.000000e+00
    endloop
  endfacet
  facet normal -7.180650e-01 6.959760e-01 0.000000e+00
    outer loop
      vertex   -1.997957e+02 -2.045468e+02 1.000000e+00
      vertex   -1.997957e+02 -2.045468e+02 2.000000e+00
      vertex   -1.994778e+02 -2.042189e+02 1.000000e+00
    endloop
  endfacet
  facet normal -7.180650e-01 6.959760e-01 0.000000e+00
    outer loop
      vertex   -1.994778e+02 -2.042189e+02 1.000000e+00
      vertex   -1.997957e+02 -2.045468e+02 2.000000e+00
      vertex   -1.994778e+02 -2.042189e+02 2.000000e+00
    endloop
  endfacet
  facet normal -8.572374e-01 5.149214e-01 0.000000e+00
    outer loop
      vertex   -1.994778e+02 -2.042189e+02 1.000000e+00
      vertex   -1.994778e+02 -2.042189e+02 2.000000e+00
      vertex   -1.992426e+02 -2.038273e+02 1.000000e+00
    endloop
  endfacet
  facet normal -8.572374e-01 5.149214e-01 0.000000e+00
    outer loop
      vertex   -1.992426e+02 -2.038273e+02 1.000000e+00
      vertex   -1.994778e+02 -2.042189e+02 2.000000e+00
      vertex   -1.992426e+02 -2.038273e+02 2.000000e+00
    endloop
  endfacet
  facet normal -9.517051e-01 3.070137e-01 0.000000e+00
    outer loop
      vertex   -1.992426e+02 -2.038273e+02 1.000000e+00
      vertex   -1.992426e+02 -2.038273e+02 2.000000e+00
      vertex   -1.991024e+02 -2.033927e+02 1.000000e+00
    endloop
  endfacet
  facet normal -9.517051e-01 3.070137e-01 0.000000e+00
    outer loop
      vertex   -1.991024e+02 -2.033927e+02 1.000000e+00
      vertex   -1.992426e+02 -2.038273e+02 2.000000e+00
      vertex   -1.991024e+02 -2.033927e+02 2.000000e+00
    endloop
  endfacet
  facet normal -9.965416e-01 8.309540e-02 0.000000e+00
    outer loop
      vertex   -1.991024e+02 -2.033927e+02 1.000000e+00
      vertex   -1.991024e+02 -2.033927e+02 2.000000e+00
      vertex   -1.990645e+02 -2.029375e+02 1.000000e+00
    endloop
  endfacet
  facet normal -9.965416e-01 8.309540e-02 0.000000e+00
    outer loop
      vertex   -1.990645e+02 -2.029375e+02 1.000000e+00
      vertex   -1.991024e+02 -2.033927e+02 2.000000e+00
      vertex   -1.990645e+02 -2.029375e+02 2.000000e+00
    endloop
  endfacet
  facet normal -9.995121e-01 -3.123475e-02 -0.000000e+00
    outer loop
      vertex   -1.990645e+02 -2.029375e+02 2.000000e+00
      vertex   -1.999083e+02 -1.759336e+02 2.000000e+00
      vertex   -1.990645e+02 -2.029375e+02 1.000000e+00
    endloop
  endfacet
  facet normal -9.995121e-01 -3.123475e-02 0.000000e+00
    outer loop
      vertex   -1.990645e+02 -2.029375e+02 1.000000e+00
      vertex   -1.999083e+02 -1.759336e+02 2.000000e+00
      vertex   -1.999083e+02 -1.759336e+02 1.000000e+00
    endloop
  endfacet
  facet normal -9.983629e-01 5.719699e-02 0.000000e+00
    outer loop
      vertex   -1.999083e+02 -1.759336e+02 1.000000e+00
      vertex   -1.999083e+02 -1.759336e+02 2.000000e+00
      vertex   -1.998578e+02 -1.750515e+02 1.000000e+00
    endloop
  endfacet
  facet normal -9.983629e-01 5.719699e-02 0.000000e+00
    outer loop
      vertex   -1.998578e+02 -1.750515e+02 1.000000e+00
      vertex   -1.999083e+02 -1.759336e+02 2.000000e+00
      vertex   -1.998578e+02 -1.750515e+02 2.000000e+00
    endloop
  endfacet
  facet normal -9.727086e-01 2.320302e-01 0.000000e+00
    outer loop
      vertex   -1.998578e+02 -1.750515e+02 1.000000e+00
      vertex   -1.998578e+02 -1.750515e+02 2.000000e+00
      vertex   -1.996528e+02 -1.741921e+02 1.000000e+00
    endloop
  endfacet
  facet normal -9.727086e-01 2.320302e-01 0.000000e+00
    outer loop
      vertex   -1.996528e+02 -1.741921e+02 1.000000e+00
      vertex   -1.998578e+02 -1.750515e+02 2.000000e+00
      vertex   -1.996528e+02 -1.741921e+02 2.000000e+00
    endloop
  endfacet
  facet normal -9.166816e-01 3.996183e-01 0.000000e+00
    outer loop
      vertex   -1.996528e+02 -1.741921e+02 1.000000e+00
      vertex   -1.996528e+02 -1.741921e+02 2.000000e+00
      vertex   -1.992997e+02 -1.733822e+02 1.000000e+00
    endloop
  endfacet
  facet normal -9.166816e-01 3.996183e-01 0.000000e+00
    outer loop
      vertex   -1.992997e+02 -1.733822e+02 1.000000e+00
      vertex   -1.996528e+02 -1.741921e+02 2.000000e+00
      vertex   -1.992997e+02 -1.733822e+02 2.000000e+00
    endloop
  endfacet
  facet normal -8.320315e-01 5.547284e-01 0.000000e+00
    outer loop
      vertex   -1.992997e+02 -1.733822e+02 1.000000e+00
      vertex   -1.992997e+02 -1.733822e+02 2.000000e+00
      vertex   -1.988096e+02 -1.726471e+02 1.000000e+00
    endloop
  endfacet
  facet normal -8.320315e-01 5.547284e-01 0.000000e+00
    outer loop
      vertex   -1.988096e+02 -1.726471e+02 1.000000e+00
      vertex   -1.992997e+02 -1.733822e+02 2.000000e+00
      vertex   -1.988096e+02 -1.726471e+02 2.000000e+00
    endloop
  endfacet
  facet normal -7.214013e-01 6.925173e-01 0.000000e+00
    outer loop
      vertex   -1.988096e+02 -1.726471e+02 1.000000e+00
      vertex   -1.988096e+02 -1.726471e+02 2.000000e+00
      vertex   -1.981977e+02 -1.720097e+02 1.000000e+00
    endloop
  endfacet
  facet normal -7.214013e-01 6.925173e-01 0.000000e+00
    outer loop
      vertex   -1.981977e+02 -1.720097e+02 1.000000e+00
      vertex   -1.988096e+02 -1.726471e+02 2.000000e+00
      vertex   -1.981977e+02 -1.720097e+02 2.000000e+00
    endloop
  endfacet
  facet normal -5.882455e-01 8.086824e-01 0.000000e+00
    outer loop
      vertex   -1.981977e+02 -1.720097e+02 1.000000e+00
      vertex   -1.981977e+02 -1.720097e+02 2.000000e+00
      vertex   -1.974832e+02 -1.714899e+02 1.000000e+00
    endloop
  endfacet
  facet normal -5.882455e-01 8.086824e-01 0.000000e+00
    outer loop
      vertex   -1.974832e+02 -1.714899e+02 1.000000e+00
      vertex   -1.981977e+02 -1.720097e+02 2.000000e+00
      vertex   -1.974832e+02 -1.714899e+02 2.000000e+00
    endloop
  endfacet
  facet normal -5.144958e-01 8.574929e-01 0.000000e+00
    outer loop
      vertex   -1.974832e+02 -1.714899e+02 2.000000e+00
      vertex   -1.974275e+02 -1.714565e+02 2.000000e+00
      vertex   -1.974832e+02 -1.714899e+02 1.000000e+00
    endloop
  endfacet
  facet normal -5.144958e-01 8.574929e-01 0.000000e+00
    outer loop
      vertex   -1.974832e+02 -1.714899e+02 1.000000e+00
      vertex   -1.974275e+02 -1.714565e+02 2.000000e+00
      vertex   -1.974275e+02 -1.714565e+02 1.000000e+00
    endloop
  endfacet
  facet normal -5.861383e-01 8.102110e-01 0.000000e+00
    outer loop
      vertex   -1.974275e+02 -1.714565e+02 1.000000e+00
      vertex   -1.974275e+02 -1.714565e+02 2.000000e+00
      vertex   -1.967327e+02 -1.709538e+02 1.000000e+00
    endloop
  endfacet
  facet normal -5.861383e-01 8.102110e-01 0.000000e+00
    outer loop
      vertex   -1.967327e+02 -1.709538e+02 1.000000e+00
      vertex   -1.974275e+02 -1.714565e+02 2.000000e+00
      vertex   -1.967327e+02 -1.709538e+02 2.000000e+00
    endloop
  endfacet
  facet normal -7.159708e-01 6.981302e-01 0.000000e+00
    outer loop
      vertex   -1.967327e+02 -1.709538e+02 1.000000e+00
      vertex   -1.967327e+02 -1.709538e+02 2.000000e+00
      vertex   -1.961340e+02 -1.703398e+02 1.000000e+00
    endloop
  endfacet
  facet normal -7.159708e-01 6.981302e-01 0.000000e+00
    outer loop
      vertex   -1.961340e+02 -1.703398e+02 1.000000e+00
      vertex   -1.967327e+02 -1.709538e+02 2.000000e+00
      vertex   -1.961340e+02 -1.703398e+02 2.000000e+00
    endloop
  endfacet
  facet normal -8.247405e-01 5.655113e-01 0.000000e+00
    outer loop
      vertex   -1.961340e+02 -1.703398e+02 1.000000e+00
      vertex   -1.961340e+02 -1.703398e+02 2.000000e+00
      vertex   -1.956490e+02 -1.696325e+02 1.000000e+00
    endloop
  endfacet
  facet normal -8.247405e-01 5.655113e-01 0.000000e+00
    outer loop
      vertex   -1.956490e+02 -1.696325e+02 1.000000e+00
      vertex   -1.961340e+02 -1.703398e+02 2.000000e+00
      vertex   -1.956490e+02 -1.696325e+02 2.000000e+00
    endloop
  endfacet
  facet normal -9.092475e-01 4.162559e-01 0.000000e+00
    outer loop
      vertex   -1.956490e+02 -1.696325e+02 1.000000e+00
      vertex   -1.956490e+02 -1.696325e+02 2.000000e+00
      vertex   -1.952920e+02 -1.688528e+02 1.000000e+00
    endloop
  endfacet
  facet normal -9.092475e-01 4.162559e-01 0.000000e+00
    outer loop
      vertex   -1.952920e+02 -1.688528e+02 1.000000e+00
      vertex   -1.956490e+02 -1.696325e+02 2.000000e+00
      vertex   -1.952920e+02 -1.688528e+02 2.000000e+00
    endloop
  endfacet
  facet normal -9.670057e-01 2.547548e-01 0.000000e+00
    outer loop
      vertex   -1.952920e+02 -1.688528e+02 1.000000e+00
      vertex   -1.952920e+02 -1.688528e+02 2.000000e+00
      vertex   -1.950735e+02 -1.680235e+02 1.000000e+00
    endloop
  endfacet
  facet normal -9.670057e-01 2.547548e-01 0.000000e+00
    outer loop
      vertex   -1.950735e+02 -1.680235e+02 1.000000e+00
      vertex   -1.952920e+02 -1.688528e+02 2.000000e+00
      vertex   -1.950735e+02 -1.680235e+02 2.000000e+00
    endloop
  endfacet
  facet normal -9.963159e-01 8.575923e-02 0.000000e+00
    outer loop
      vertex   -1.950735e+02 -1.680235e+02 1.000000e+00
      vertex   -1.950735e+02 -1.680235e+02 2.000000e+00
      vertex   -1.950000e+02 -1.671691e+02 1.000000e+00
    endloop
  endfacet
  facet normal -9.963159e-01 8.575923e-02 0.000000e+00
    outer loop
      vertex   -1.950000e+02 -1.671691e+02 1.000000e+00
      vertex   -1.950735e+02 -1.680235e+02 2.000000e+00
      vertex   -1.950000e+02 -1.671691e+02 2.000000e+00
    endloop
  endfacet
  facet normal -1.000000e+00 -3.576279e-08 -0.000000e+00
    outer loop
      vertex   -1.950000e+02 -1.671691e+02 2.000000e+00
      vertex   -1.950000e+02 -1.650000e+02 2.000000e+00
      vertex   -1.950000e+02 -1.671691e+02 1.000000e+00
    endloop
  endfacet
  facet normal -1.000000e+00 -3.576279e-08 0.000000e+00
    outer loop
      vertex   -1.950000e+02 -1.671691e+02 1.000000e+00
      vertex   -1.950000e+02 -1.650000e+02 2.000000e+00
      vertex   -1.950000e+02 -1.650000e+02 1.000000e+00
    endloop
  endfacet
  facet normal -1.000000e+00 0.000000e+00 0.000000e+00
    outer loop
      vertex   -1.950000e+02 -1.650000e+02 2.000000e+00
      vertex   -1.950000e+02 -1.457500e+02 2.000000e+00
      vertex   -1.950000e+02 -1.650000e+02 1.000000e+00
    endloop
  endfacet
  facet normal -1.000000e+00 0.000000e+00 0.000000e+00
    outer loop
      vertex   -1.950000e+02 -1.650000e+02 1.000000e+00
      vertex   -1.950000e+02 -1.457500e+02 2.000000e+00
      vertex   -1.950000e+02 -1.457500e+02 1.000000e+00
    endloop
  endfacet
  facet normal -9.914449e-01 -1.305262e-01 0.000000e+00
    outer loop
      vertex   -1.950000e+02 -1.457500e+02 1.000000e+00
      vertex   -1.950000e+02 -1.457500e+02 2.000000e+00
      vertex   -1.950256e+02 -1.455559e+02 1.000000e+00
    endloop
  endfacet
  facet normal -9.914449e-01 -1.305262e-01 0.000000e+00
    outer loop
      vertex   -1.950256e+02 -1.455559e+02 1.000000e+00
      vertex   -1.950000e+02 -1.457500e+02 2.000000e+00
      vertex   -1.950256e+02 -1.455559e+02 2.000000e+00
    endloop
  endfacet
  facet normal -9.238795e-01 -3.826834e-01 0.000000e+00
    outer loop
      vertex   -1.950256e+02 -1.455559e+02 1.000000e+00
      vertex   -1.950256e+02 -1.455559e+02 2.000000e+00
      vertex   -1.951005e+02 -1.453750e+02 1.000000e+00
    endloop
  endfacet
  facet normal -9.238795e-01 -3.826834e-01 0.000000e+00
    outer loop
      vertex   -1.951005e+02 -1.453750e+02 1.000000e+00
      vertex   -1.950256e+02 -1.455559e+02 2.000000e+00
      vertex   -1.951005e+02 -1.453750e+02 2.000000e+00
    endloop
  endfacet
  facet normal -7.933533e-01 -6.087614e-01 0.000000e+00
    outer loop
      vertex   -1.951005e+02 -1.453750e+02 1.000000e+00
      vertex   -1.951005e+02 -1.453750e+02 2.000000e+00
      vertex   -1.952197e+02 -1.452197e+02 1.000000e+00
    endloop
  endfacet
  facet normal -7.933533e-01 -6.087614e-01 0.000000e+00
    outer loop
      vertex   -1.952197e+02 -1.452197e+02 1.000000e+00
      vertex   -1.951005e+02 -1.453750e+02 2.000000e+00
      vertex   -1.952197e+02 -1.452197e+02 2.000000e+00
    endloop
  endfacet
  facet normal -6.087614e-01 -7.933533e-01 0.000000e+00
    outer loop
      vertex   -1.952197e+02 -1.452197e+02 1.000000e+00
      vertex   -1.952197e+02 -1.452197e+02 2.000000e+00
      vertex   -1.953750e+02 -1.451005e+02 1.000000e+00
    endloop
  endfacet
  facet normal -6.087614e-01 -7.933533e-01 0.000000e+00
    outer loop
      vertex   -1.953750e+02 -1.451005e+02 1.000000e+00
      vertex   -1.952197e+02 -1.452197e+02 2.000000e+00
      vertex   -1.953750e+02 -1.451005e+02 2.000000e+00
    endloop
  endfacet
  facet normal -3.826834e-01 -9.238795e-01 0.000000e+00
    outer loop
      vertex   -1.953750e+02 -1.451005e+02 1.000000e+00
      vertex   -1.953750e+02 -1.451005e+02 2.000000e+00
      vertex   -1.955559e+02 -1.450256e+02 1.000000e+00
    endloop
  endfacet
  facet normal -3.826834e-01 -9.238795e-01 0.000000e+00
    outer loop
      vertex   -1.955559e+02 -1.450256e+02 1.000000e+00
      vertex   -1.953750e+02 -1.451005e+02 2.000000e+00
      vertex   -1.955559e+02 -1.450256e+02 2.000000e+00
    endloop
  endfacet
  facet normal -1.305262e-01 -9.914449e-01 0.000000e+00
    outer loop
      vertex   -1.955559e+02 -1.450256e+02 1.000000e+00
      vertex   -1.955559e+02 -1.450256e+02 2.000000e+00
      vertex   -1.957500e+02 -1.450000e+02 1.000000e+00
    endloop
  endfacet
  facet normal -1.305262e-01 -9.914449e-01 0.000000e+00
    outer loop
      vertex   -1.957500e+02 -1.450000e+02 1.000000e+00
      vertex   -1.955559e+02 -1.450256e+02 2.000000e+00
      vertex   -1.957500e+02 -1.450000e+02 2.000000e+00
    endloop
  endfacet
  facet normal -0.000000e+00 -1.000000e+00 -0.000000e+00
    outer loop
      vertex   -1.957500e+02 -1.450000e+02 2.000000e+00
      vertex   -1.962500e+02 -1.450000e+02 2.000000e+00
      vertex   -1.957500e+02 -1.450000e+02 1.000000e+00
    endloop
  endfacet
  facet normal 0.000000e+00 -1.000000e+00 0.000000e+00
    outer loop
      vertex   -1.957500e+02 -1.450000e+02 1.000000e+00
      vertex   -1.962500e+02 -1.450000e+02 2.000000e+00
      vertex   -1.962500e+02 -1.450000e+02 1.000000e+00
    endloop
  endfacet
  facet normal 1.305262e-01 -9.914449e-01 0.000000e+00
    outer loop
      vertex   -1.962500e+02 -1.450000e+02 1.000000e+00
      vertex   -1.962500e+02 -1.450000e+02 2.000000e+00
      vertex   -1.964441e+02 -1.450256e+02 1.000000e+00
    endloop
  endfacet
  facet normal 1.305262e-01 -9.914449e-01 0.000000e+00
    outer loop
      vertex   -1.964441e+02 -1.450256e+02 1.000000e+00
      vertex   -1.962500e+02 -1.450000e+02 2.000000e+00
      vertex   -1.964441e+02 -1.450256e+02 2.000000e+00
    endloop
  endfacet
  facet normal 3.826834e-01 -9.238795e-01 0.000000e+00
    outer loop
      vertex   -1.964441e+02 -1.450256e+02 1.000000e+00
      vertex   -1.964441e+02 -1.450256e+02 2.000000e+00
      vertex   -1.966250e+02 -1.451005e+02 1.000000e+00
    endloop
  endfacet
  facet normal 3.826834e-01 -9.238795e-01 0.000000e+00
    outer loop
      vertex   -1.966250e+02 -1.451005e+02 1.000000e+00
      vertex   -1.964441e+02 -1.450256e+02 2.000000e+00
      vertex   -1.966250e+02 -1.451005e+02 2.000000e+00
    endloop
  endfacet
  facet normal 6.087614e-01 -7.933533e-01 0.000000e+00
    outer loop
      vertex   -1.966250e+02 -1.451005e+02 1.000000e+00
      vertex   -1.966250e+02 -1.451005e+02 2.000000e+00
      vertex   -1.967803e+02 -1.452197e+02 1.000000e+00
    endloop
  endfacet
  facet normal 6.087614e-01 -7.933533e-01 0.000000e+00
    outer loop
      vertex   -1.967803e+02 -1.452197e+02 1.000000e+00
      vertex   -1.966250e+02 -1.451005e+02 2.000000e+00
      vertex   -1.967803e+02 -1.452197e+02 2.000000e+00
    endloop
  endfacet
  facet normal 7.933533e-01 -6.087614e-01 0.000000e+00
    outer loop
      vertex   -1.967803e+02 -1.452197e+02 1.000000e+00
      vertex   -1.967803e+02 -1.452197e+02 2.000000e+00
      vertex   -1.968995e+02 -1.453750e+02 1.000000e+00
    endloop
  endfacet
  facet normal 7.933533e-01 -6.087614e-01 0.000000e+00
    outer loop
      vertex   -1.968995e+02 -1.453750e+02 1.000000e+00
      vertex   -1.967803e+02 -1.452197e+02 2.000000e+00
      vertex   -1.968995e+02 -1.453750e+02 2.000000e+00
    endloop
  endfacet
  facet normal 9.238795e-01 -3.826834e-01 0.000000e+00
    outer loop
      vertex   -1.968995e+02 -1.453750e+02 1.000000e+00
      vertex   -1.968995e+02 -1.453750e+02 2.000000e+00
      vertex   -1.969744e+02 -1.455559e+02 1.000000e+00
    endloop
  endfacet
  facet normal 9.238795e-01 -3.826834e-01 0.000000e+00
    outer loop
      vertex   -1.969744e+02 -1.455559e+02 1.000000e+00
      vertex   -1.968995e+02 -1.453750e+02 2.000000e+00
      vertex   -1.969744e+02 -1.455559e+02 2.000000e+00
    endloop
  endfacet
  facet normal 9.914449e-01 -1.305262e-01 0.000000e+00
    outer loop
      vertex   -1.969744e+02 -1.455559e+02 1.000000e+00
      vertex   -1.969744e+02 -1.455559e+02 2.000000e+00
      vertex   -1.970000e+02 -1.457500e+02 1.000000e+00
    endloop
  endfacet
  facet normal 9.914449e-01 -1.305262e-01 0.000000e+00
    outer loop
      vertex   -1.970000e+02 -1.457500e+02 1.000000e+00
      vertex   -1.969744e+02 -1.455559e+02 2.000000e+00
      vertex   -1.970000e+02 -1.457500e+02 2.000000e+00
    endloop
  endfacet
  facet normal 1.000000e+00 0.000000e+00 0.000000e+00
    outer loop
      vertex   -1.970000e+02 -1.457500e+02 2.000000e+00
      vertex   -1.970000e+02 -1.642500e+02 2.000000e+00
      vertex   -1.970000e+02 -1.457500e+02 1.000000e+00
    endloop
  endfacet
  facet normal 1.000000e+00 0.000000e+00 0.000000e+00
    outer loop
      vertex   -1.970000e+02 -1.457500e+02 1.000000e+00
      vertex   -1.970000e+02 -1.642500e+02 2.000000e+00
      vertex   -1.970000e+02 -1.642500e+02 1.000000e+00
    endloop
  endfacet
  facet normal 9.914449e-01 -1.305262e-01 0.000000e+00
    outer loop
      vertex   -1.970000e+02 -1.642500e+02 1.000000e+00
      vertex   -1.970000e+02 -1.642500e+02 2.000000e+00
      vertex   -1.970256e+02 -1.644441e+02 1.000000e+00
    endloop
  endfacet
  facet normal 9.914449e-01 -1.305262e-01 0.000000e+00
    outer loop
      vertex   -1.970256e+02 -1.644441e+02 1.000000e+00
      vertex   -1.970000e+02 -1.642500e+02 2.000000e+00
      vertex   -1.970256e+02 -1.644441e+02 2.000000e+00
    endloop
  endfacet
  facet normal 9.238795e-01 -3.826834e-01 0.000000e+00
    outer loop
      vertex   -1.970256e+02 -1.644441e+02 1.000000e+00
      vertex   -1.970256e+02 -1.644441e+02 2.000000e+00
      vertex   -1.971005e+02 -1.646250e+02 1.000000e+00
    endloop
  endfacet
  facet normal 9.238795e-01 -3.826834e-01 0.000000e+00
    outer loop
      vertex   -1.971005e+02 -1.646250e+02 1.000000e+00
      vertex   -1.970256e+02 -1.644441e+02 2.000000e+00
      vertex   -1.971005e+02 -1.646250e+02 2.000000e+00
    endloop
  endfacet
  facet normal 7.933533e-01 -6.087614e-01 0.000000e+00
    outer loop
      vertex   -1.971005e+02 -1.646250e+02 1.000000e+00
      vertex   -1.971005e+02 -1.646250e+02 2.000000e+00
      vertex   -1.972197e+02 -1.647803e+02 1.000000e+00
    endloop
  endfacet
  facet normal 7.933533e-01 -6.087614e-01 0.000000e+00
    outer loop
      vertex   -1.972197e+02 -1.647803e+02 1.000000e+00
      vertex   -1.971005e+02 -1.646250e+02 2.000000e+00
      vertex   -1.972197e+02 -1.647803e+02 2.000000e+00
    endloop
  endfacet
  facet normal 6.087614e-01 -7.933533e-01 0.000000e+00
    outer loop
      vertex   -1.972197e+02 -1.647803e+02 1.000000e+00
      vertex   -1.972197e+02 -1.647803e+02 2.000000e+00
      vertex   -1.973750e+02 -1.648995e+02 1.000000e+00
    endloop
  endfacet
  facet normal 6.087614e-01 -7.933533e-01 0.000000e+00
    outer loop
      vertex   -1.973750e+02 -1.648995e+02 1.000000e+00
      vertex   -1.972197e+02 -1.647803e+02 2.000000e+00
      vertex   -1.973750e+02 -1.648995e+02 2.000000e+00
    endloop
  endfacet
  facet normal 3.826834e-01 -9.238795e-01 0.000000e+00
    outer loop
      vertex   -1.973750e+02 -1.648995e+02 1.000000e+00
      vertex   -1.973750e+02 -1.648995e+02 2.000000e+00
      vertex   -1.975559e+02 -1.649744e+02 1.000000e+00
    endloop
  endfacet
  facet normal 3.826834e-01 -9.238795e-01 0.000000e+00
    outer loop
      vertex   -1.975559e+02 -1.649744e+02 1.000000e+00
      vertex   -1.973750e+02 -1.648995e+02 2.000000e+00
      vertex   -1.975559e+02 -1.649744e+02 2.000000e+00
    endloop
  endfacet
  facet normal 1.305262e-01 -9.914449e-01 0.000000e+00
    outer loop
      vertex   -1.975559e+02 -1.649744e+02 1.000000e+00
      vertex   -1.975559e+02 -1.649744e+02 2.000000e+00
      vertex   -1.977500e+02 -1.650000e+02 1.000000e+00
    endloop
  endfacet
  facet normal 1.305262e-01 -9.914449e-01 0.000000e+00
    outer loop
      vertex   -1.977500e+02 -1.650000e+02 1.000000e+00
      vertex   -1.975559e+02 -1.649744e+02 2.000000e+00
      vertex   -1.977500e+02 -1.650000e+02 2.000000e+00
    endloop
  endfacet
  facet normal -0.000000e+00 -1.000000e+00 -0.000000e+00
    outer loop
      vertex   -1.977500e+02 -1.650000e+02 2.000000e+00
      vertex   -1.982500e+02 -1.650000e+02 2.000000e+00
      vertex   -1.977500e+02 -1.650000e+02 1.000000e+00
    endloop
  endfacet
  facet normal 0.000000e+00 -1.000000e+00 0.000000e+00
    outer loop
      vertex   -1.977500e+02 -1.650000e+02 1.000000e+00
      vertex   -1.982500e+02 -1.650000e+02 2.000000e+00
      vertex   -1.982500e+02 -1.650000e+02 1.000000e+00
    endloop
  endfacet
  facet normal -1.305262e-01 -9.914449e-01 0.000000e+00
    outer loop
      vertex   -1.982500e+02 -1.650000e+02 1.000000e+00
      vertex   -1.982500e+02 -1.650000e+02 2.000000e+00
      vertex   -1.984441e+02 -1.649744e+02 1.000000e+00
    endloop
  endfacet
  facet normal -1.305262e-01 -9.914449e-01 0.000000e+00
    outer loop
      vertex   -1.984441e+02 -1.649744e+02 1.000000e+00
      vertex   -1.982500e+02 -1.650000e+02 2.000000e+00
      vertex   -1.984441e+02 -1.649744e+02 2.000000e+00
    endloop
  endfacet
  facet normal -3.826834e-01 -9.238795e-01 0.000000e+00
    outer loop
      vertex   -1.984441e+02 -1.649744e+02 1.000000e+00
      vertex   -1.984441e+02 -1.649744e+02 2.000000e+00
      vertex   -1.986250e+02 -1.648995e+02 1.000000e+00
    endloop
  endfacet
  facet normal -3.826834e-01 -9.238795e-01 0.000000e+00
    outer loop
      vertex   -1.986250e+02 -1.648995e+02 1.000000e+00
      vertex   -1.984441e+02 -1.649744e+02 2.000000e+00
      vertex   -1.986250e+02 -1.648995e+02 2.000000e+00
    endloop
  endfacet
  facet normal -6.087614e-01 -7.933533e-01 0.000000e+00
    outer loop
      vertex   -1.986250e+02 -1.648995e+02 1.000000e+00
      vertex   -1.986250e+02 -1.648995e+02 2.000000e+00
      vertex   -1.987803e+02 -1.647803e+02 1.000000e+00
    endloop
  endfacet
  facet normal -6.087614e-01 -7.933533e-01 0.000000e+00
    outer loop
      vertex   -1.987803e+02 -1.647803e+02 1.000000e+00
      vertex   -1.986250e+02 -1.648995e+02 2.000000e+00
      vertex   -1.987803e+02 -1.647803e+02 2.000000e+00
    endloop
  endfacet
  facet normal -7.933533e-01 -6.087614e-01 0.000000e+00
    outer loop
      vertex   -1.987803e+02 -1.647803e+02 1.000000e+00
      vertex   -1.987803e+02 -1.647803e+02 2.000000e+00
      vertex   -1.988995e+02 -1.646250e+02 1.000000e+00
    endloop
  endfacet
  facet normal -7.933533e-01 -6.087614e-01 0.000000e+00
    outer loop
      vertex   -1.988995e+02 -1.646250e+02 1.000000e+00
      vertex   -1.987803e+02 -1.647803e+02 2.000000e+00
      vertex   -1.988995e+02 -1.646250e+02 2.000000e+00
    endloop
  endfacet
  facet normal -9.238795e-01 -3.826834e-01 0.000000e+00
    outer loop
      vertex   -1.988995e+02 -1.646250e+02 1.000000e+00
      vertex   -1.988995e+02 -1.646250e+02 2.000000e+00
      vertex   -1.989744e+02 -1.644441e+02 1.000000e+00
    endloop
  endfacet
  facet normal -9.238795e-01 -3.826834e-01 0.000000e+00
    outer loop
      vertex   -1.989744e+02 -1.644441e+02 1.000000e+00
      vertex   -1.988995e+02 -1.646250e+02 2.000000e+00
      vertex   -1.989744e+02 -1.644441e+02 2.000000e+00
    endloop
  endfacet
  facet normal -9.914449e-01 -1.305262e-01 0.000000e+00
    outer loop
      vertex   -1.989744e+02 -1.644441e+02 1.000000e+00
      vertex   -1.989744e+02 -1.644441e+02 2.000000e+00
      vertex   -1.990000e+02 -1.642500e+02 1.000000e+00
    endloop
  endfacet
  facet normal -9.914449e-01 -1.305262e-01 0.000000e+00
    outer loop
      vertex   -1.990000e+02 -1.642500e+02 1.000000e+00
      vertex   -1.989744e+02 -1.644441e+02 2.000000e+00
      vertex   -1.990000e+02 -1.642500e+02 2.000000e+00
    endloop
  endfacet
  facet normal -1.000000e+00 0.000000e+00 0.000000e+00
    outer loop
      vertex   -1.990000e+02 -1.642500e+02 2.000000e+00
      vertex   -1.990000e+02 -1.457500e+02 2.000000e+00
      vertex   -1.990000e+02 -1.642500e+02 1.000000e+00
    endloop
  endfacet
  facet normal -1.000000e+00 0.000000e+00 0.000000e+00
    outer loop
      vertex   -1.990000e+02 -1.642500e+02 1.000000e+00
      vertex   -1.990000e+02 -1.457500e+02 2.000000e+00
      vertex   -1.990000e+02 -1.457500e+02 1.000000e+00
    endloop
  endfacet
  facet normal -9.914449e-01 -1.305262e-01 0.000000e+00
    outer loop
      vertex   -1.990000e+02 -1.457500e+02 1.000000e+00
      vertex   -1.990000e+02 -1.457500e+02 2.000000e+00
      vertex   -1.990256e+02 -1.455559e+02 1.000000e+00
    endloop
  endfacet
  facet normal -9.914449e-01 -1.305262e-01 0.000000e+00
    outer loop
      vertex   -1.990256e+02 -1.455559e+02 1.000000e+00
      vertex   -1.990000e+02 -1.457500e+02 2.000000e+00
      vertex   -1.990256e+02 -1.455559e+02 2.000000e+00
    endloop
  endfacet
  facet normal -9.238795e-01 -3.826834e-01 0.000000e+00
    outer loop
      vertex   -1.990256e+02 -1.455559e+02 1.000000e+00
      vertex   -1.990256e+02 -1.455559e+02 2.000000e+00
      vertex   -1.991005e+02 -1.453750e+02 1.000000e+00
    endloop
  endfacet
  facet normal -9.238795e-01 -3.826834e-01 0.000000e+00
    outer loop
      vertex   -1.991005e+02 -1.453750e+02 1.000000e+00
      vertex   -1.990256e+02 -1.455559e+02 2.000000e+00
      vertex   -1.991005e+02 -1.453750e+02 2.000000e+00
    endloop
  endfacet
  facet normal -7.933533e-01 -6.087614e-01 0.000000e+00
    outer loop
      vertex   -1.991005e+02 -1.453750e+02 1.000000e+00
      vertex   -1.991005e+02 -1.453750e+02 2.000000e+00
      vertex   -1.992197e+02 -1.452197e+02 1.000000e+00
    endloop
  endfacet
  facet normal -7.933533e-01 -6.087614e-01 0.000000e+00
    outer loop
      vertex   -1.992197e+02 -1.452197e+02 1.000000e+00
      vertex   -1.991005e+02 -1.453750e+02 2.000000e+00
      vertex   -1.992197e+02 -1.452197e+02 2.000000e+00
    endloop
  endfacet
  facet normal -6.087614e-01 -7.933533e-01 0.000000e+00
    outer loop
      vertex   -1.992197e+02 -1.452197e+02 1.000000e+00
      vertex   -1.992197e+02 -1.452197e+02 2.000000e+00
      vertex   -1.993750e+02 -1.451005e+02 1.000000e+00
    endloop
  endfacet
  facet normal -6.087614e-01 -7.933533e-01 0.000000e+00
    outer loop
      vertex   -1.993750e+02 -1.451005e+02 1.000000e+00
      vertex   -1.992197e+02 -1.452197e+02 2.000000e+00
      vertex   -1.993750e+02 -1.451005e+02 2.000000e+00
    endloop
  endfacet
  facet normal -3.826834e-01 -9.238795e-01 0.000000e+00
    outer loop
      vertex   -1.993750e+02 -1.451005e+02 1.000000e+00
      vertex   -1.993750e+02 -1.451005e+02 2.000000e+00
      vertex   -1.995559e+02 -1.450256e+02 1.000000e+00
    endloop
  endfacet
  facet normal -3.826834e-01 -9.238795e-01 0.000000e+00
    outer loop
      vertex   -1.995559e+02 -1.450256e+02 1.000000e+00
      vertex   -1.993750e+02 -1.451005e+02 2.000000e+00
      vertex   -1.995559e+02 -1.450256e+02 2.000000e+00
    endloop
  endfacet
  facet normal -1.305262e-01 -9.914449e-01 0.000000e+00
    outer loop
      vertex   -1.995559e+02 -1.450256e+02 1.000000e+00
      vertex   -1.995559e+02 -1.450256e+02 2.000000e+00
      vertex   -1.997500e+02 -1.450000e+02 1.000000e+00
    endloop
  endfacet
  facet normal -1.305262e-01 -9.914449e-01 0.000000e+00
    outer loop
      vertex   -1.997500e+02 -1.450000e+02 1.000000e+00
      vertex   -1.995559e+02 -1.450256e+02 2.000000e+00
      vertex   -1.997500e+02 -1.450000e+02 2.000000e+00
    endloop
  endfacet
  facet normal -0.000000e+00 -1.000000e+00 -0.000000e+00
    outer loop
      vertex   -1.997500e+02 -1.450000e+02 2.000000e+00
      vertex   -2.002500e+02 -1.450000e+02 2.000000e+00
      vertex   -1.997500e+02 -1.450000e+02 1.000000e+00
    endloop
  endfacet
  facet normal 0.000000e+00 -1.000000e+00 0.000000e+00
    outer loop
      vertex   -1.997500e+02 -1.450000e+02 1.000000e+00
      vertex   -2.002500e+02 -1.450000e+02 2.000000e+00
      vertex   -2.002500e+02 -1.450000e+02 1.000000e+00
    endloop
  endfacet
  facet normal 1.305262e-01 -9.914449e-01 0.000000e+00
    outer loop
      vertex   -2.002500e+02 -1.450000e+02 1.000000e+00
      vertex   -2.002500e+02 -1.450000e+02 2.000000e+00
      vertex   -2.004441e+02 -1.450256e+02 1.000000e+00
    endloop
  endfacet
  facet normal 1.305262e-01 -9.914449e-01 0.000000e+00
    outer loop
      vertex   -2.004441e+02 -1.450256e+02 1.000000e+00
      vertex   -2.002500e+02 -1.450000e+02 2.000000e+00
      vertex   -2.004441e+02 -1.450256e+02 2.000000e+00
    endloop
  endfacet
  facet normal 3.826834e-01 -9.238795e-01 0.000000e+00
    outer loop
      vertex   -2.004441e+02 -1.450256e+02 1.000000e+00
      vertex   -2.004441e+02 -1.450256e+02 2.000000e+00
      vertex   -2.006250e+02 -1.451005e+02 1.000000e+00
    endloop
  endfacet
  facet normal 3.826834e-01 -9.238795e-01 0.000000e+00
    outer loop
      vertex   -2.006250e+02 -1.451005e+02 1.000000e+00
      vertex   -2.004441e+02 -1.450256e+02 2.000000e+00
      vertex   -2.006250e+02 -1.451005e+02 2.000000e+00
    endloop
  endfacet
  facet normal 6.087614e-01 -7.933533e-01 0.000000e+00
    outer loop
      vertex   -2.006250e+02 -1.451005e+02 1.000000e+00
      vertex   -2.006250e+02 -1.451005e+02 2.000000e+00
      vertex   -2.007803e+02 -1.452197e+02 1.000000e+00
    endloop
  endfacet
  facet normal 6.087614e-01 -7.933533e-01 0.000000e+00
    outer loop
      vertex   -2.007803e+02 -1.452197e+02 1.000000e+00
      vertex   -2.006250e+02 -1.451005e+02 2.000000e+00
      vertex   -2.007803e+02 -1.452197e+02 2.000000e+00
    endloop
  endfacet
  facet normal 7.933533e-01 -6.087614e-01 0.000000e+00
    outer loop
      vertex   -2.007803e+02 -1.452197e+02 1.000000e+00
      vertex   -2.007803e+02 -1.452197e+02 2.000000e+00
      vertex   -2.008995e+02 -1.453750e+02 1.000000e+00
    endloop
  endfacet
  facet normal 7.933533e-01 -6.087614e-01 0.000000e+00
    outer loop
      vertex   -2.008995e+02 -1.453750e+02 1.000000e+00
      vertex   -2.007803e+02 -1.452197e+02 2.000000e+00
      vertex   -2.008995e+02 -1.453750e+02 2.000000e+00
    endloop
  endfacet
  facet normal 9.238795e-01 -3.826834e-01 0.000000e+00
    outer loop
      vertex   -2.008995e+02 -1.453750e+02 1.000000e+00
      vertex   -2.008995e+02 -1.453750e+02 2.000000e+00
      vertex   -2.009744e+02 -1.455559e+02 1.000000e+00
    endloop
  endfacet
  facet normal 9.238795e-01 -3.826834e-01 0.000000e+00
    outer loop
      vertex   -2.009744e+02 -1.455559e+02 1.000000e+00
      vertex   -2.008995e+02 -1.453750e+02 2.000000e+00
      vertex   -2.009744e+02 -1.455559e+02 2.000000e+00
    endloop
  endfacet
  facet normal 9.914449e-01 -1.305262e-01 0.000000e+00
    outer loop
      vertex   -2.009744e+02 -1.455559e+02 1.000000e+00
      vertex   -2.009744e+02 -1.455559e+02 2.000000e+00
      vertex   -2.010000e+02 -1.457500e+02 1.000000e+00
    endloop
  endfacet
  facet normal 9.914449e-01 -1.305262e-01 0.000000e+00
    outer loop
      vertex   -2.010000e+02 -1.457500e+02 1.000000e+00
      vertex   -2.009744e+02 -1.455559e+02 2.000000e+00
      vertex   -2.010000e+02 -1.457500e+02 2.000000e+00
    endloop
  endfacet
  facet normal 1.000000e+00 1.536309e-15 0.000000e+00
    outer loop
      vertex   -2.010000e+02 -1.457500e+02 2.000000e+00
      vertex   -2.010000e+02 -1.642500e+02 2.000000e+00
      vertex   -2.010000e+02 -1.457500e+02 1.000000e+00
    endloop
  endfacet
  facet normal 1.000000e+00 1.536309e-15 0.000000e+00
    outer loop
      vertex   -2.010000e+02 -1.457500e+02 1.000000e+00
      vertex   -2.010000e+02 -1.642500e+02 2.000000e+00
      vertex   -2.010000e+02 -1.642500e+02 1.000000e+00
    endloop
  endfacet
  facet normal 0.000000e+00 -0.000000e+00 1.000000e+00
    outer loop
      vertex   -2.010000e+02 -1.642500e+02 1.000000e+00
      vertex   -2.002500e+02 -1.450000e+02 1.000000e+00
      vertex   -2.010000e+02 -1.457500e+02 1.000000e+00
    endloop
  endfacet
  facet normal 0.000000e+00 0.000000e+00 1.000000e+00
    outer loop
      vertex   -2.010000e+02 -1.457500e+02 1.000000e+00
      vertex   -2.002500e+02 -1.450000e+02 1.000000e+00
      vertex   -2.004441e+02 -1.450256e+02 1.000000e+00
    endloop
  endfacet
  facet normal 0.000000e+00 0.000000e+00 1.000000e+00
    outer loop
      vertex   -2.010000e+02 -1.457500e+02 1.000000e+00
      vertex   -2.004441e+02 -1.450256e+02 1.000000e+00
      vertex   -2.006250e+02 -1.451005e+02 1.000000e+00
    endloop
  endfacet
  facet normal 0.000000e+00 0.000000e+00 1.000000e+00
    outer loop
      vertex   -2.010256e+02 -1.644441e+02 1.000000e+00
      vertex   -1.989744e+02 -1.644441e+02 1.000000e+00
      vertex   -2.010000e+02 -1.642500e+02 1.000000e+00
    endloop
  endfacet
  facet normal -0.000000e+00 0.000000e+00 1.000000e+00
    outer loop
      vertex   -2.010000e+02 -1.642500e+02 1.000000e+00
      vertex   -1.989744e+02 -1.644441e+02 1.000000e+00
      vertex   -1.990000e+02 -1.642500e+02 1.000000e+00
    endloop
  endfacet
  facet normal 0.000000e+00 0.000000e+00 1.000000e+00
    outer loop
      vertex   -2.010000e+02 -1.642500e+02 1.000000e+00
      vertex   -1.990000e+02 -1.642500e+02 1.000000e+00
      vertex   -2.002500e+02 -1.450000e+02 1.000000e+00
    endloop
  endfacet
  facet normal -0.000000e+00 0.000000e+00 1.000000e+00
    outer loop
      vertex   -2.002500e+02 -1.450000e+02 1.000000e+00
      vertex   -1.990000e+02 -1.642500e+02 1.000000e+00
      vertex   -1.997500e+02 -1.450000e+02 1.000000e+00
    endloop
  endfacet
  facet normal 0.000000e+00 0.000000e+00 1.000000e+00
    outer loop
      vertex   -1.997500e+02 -1.450000e+02 1.000000e+00
      vertex   -1.990000e+02 -1.642500e+02 1.000000e+00
      vertex   -1.990000e+02 -1.457500e+02 1.000000e+00
    endloop
  endfacet
  facet normal 0.000000e+00 0.000000e+00 1.000000e+00
    outer loop
      vertex   -1.997500e+02 -1.450000e+02 1.000000e+00
      vertex   -1.990000e+02 -1.457500e+02 1.000000e+00
      vertex   -1.995559e+02 -1.450256e+02 1.000000e+00
    endloop
  endfacet
  facet normal 0.000000e+00 0.000000e+00 1.000000e+00
    outer loop
      vertex   -1.995559e+02 -1.450256e+02 1.000000e+00
      vertex   -1.990000e+02 -1.457500e+02 1.000000e+00
      vertex   -1.993750e+02 -1.451005e+02 1.000000e+00
    endloop
  endfacet
  facet normal 0.000000e+00 0.000000e+00 1.000000e+00
    outer loop
      vertex   -1.993750e+02 -1.451005e+02 1.000000e+00
      vertex   -1.990000e+02 -1.457500e+02 1.000000e+00
      vertex   -1.992197e+02 -1.452197e+02 1.000000e+00
    endloop
  endfacet
  facet normal 0.000000e+00 0.000000e+00 1.000000e+00
    outer loop
      vertex   -1.992197e+02 -1.452197e+02 1.000000e+00
      vertex   -1.990000e+02 -1.457500e+02 1.000000e+00
      vertex   -1.991005e+02 -1.453750e+02 1.000000e+00
    endloop
  endfacet
  facet normal 0.000000e+00 0.000000e+00 1.000000e+00
    outer loop
      vertex   -1.991005e+02 -1.453750e+02 1.000000e+00
      vertex   -1.990000e+02 -1.457500e+02 1.000000e+00
      vertex   -1.990256e+02 -1.455559e+02 1.000000e+00
    endloop
  endfacet
  facet normal -0.000000e+00 0.000000e+00 1.000000e+00
    outer loop
      vertex   -2.011005e+02 -1.646250e+02 1.000000e+00
      vertex   -1.996528e+02 -1.741921e+02 1.000000e+00
      vertex   -2.010256e+02 -1.644441e+02 1.000000e+00
    endloop
  endfacet
  facet normal 0.000000e+00 0.000000e+00 1.000000e+00
    outer loop
      vertex   -2.010256e+02 -1.644441e+02 1.000000e+00
      vertex   -1.996528e+02 -1.741921e+02 1.000000e+00
      vertex   -1.992997e+02 -1.733822e+02 1.000000e+00
    endloop
  endfacet
  facet normal -0.000000e+00 0.000000e+00 1.000000e+00
    outer loop
      vertex   -2.010256e+02 -1.644441e+02 1.000000e+00
      vertex   -1.992997e+02 -1.733822e+02 1.000000e+00
      vertex   -1.989744e+02 -1.644441e+02 1.000000e+00
    endloop
  endfacet
  facet normal 0.000000e+00 0.000000e+00 1.000000e+00
    outer loop
      vertex   -1.989744e+02 -1.644441e+02 1.000000e+00
      vertex   -1.992997e+02 -1.733822e+02 1.000000e+00
      vertex   -1.988995e+02 -1.646250e+02 1.000000e+00
    endloop
  endfacet
  facet normal 0.000000e+00 0.000000e+00 1.000000e+00
    outer loop
      vertex   -1.988995e+02 -1.646250e+02 1.000000e+00
      vertex   -1.992997e+02 -1.733822e+02 1.000000e+00
      vertex   -1.988096e+02 -1.726471e+02 1.000000e+00
    endloop
  endfacet
  facet normal 0.000000e+00 0.000000e+00 1.000000e+00
    outer loop
      vertex   -1.988995e+02 -1.646250e+02 1.000000e+00
      vertex   -1.988096e+02 -1.726471e+02 1.000000e+00
      vertex   -1.987803e+02 -1.647803e+02 1.000000e+00
    endloop
  endfacet
  facet normal 0.000000e+00 0.000000e+00 1.000000e+00
    outer loop
      vertex   -1.987803e+02 -1.647803e+02 1.000000e+00
      vertex   -1.988096e+02 -1.726471e+02 1.000000e+00
      vertex   -1.986250e+02 -1.648995e+02 1.000000e+00
    endloop
  endfacet
  facet normal 0.000000e+00 0.000000e+00 1.000000e+00
    outer loop
      vertex   -1.986250e+02 -1.648995e+02 1.000000e+00
      vertex   -1.988096e+02 -1.726471e+02 1.000000e+00
      vertex   -1.981977e+02 -1.720097e+02 1.000000e+00
    endloop
  endfacet
  facet normal 0.000000e+00 0.000000e+00 1.000000e+00
    outer loop
      vertex   -1.986250e+02 -1.648995e+02 1.000000e+00
      vertex   -1.981977e+02 -1.720097e+02 1.000000e+00
      vertex   -1.984441e+02 -1.649744e+02 1.000000e+00
    endloop
  endfacet
  facet normal 0.000000e+00 0.000000e+00 1.000000e+00
    outer loop
      vertex   -1.984441e+02 -1.649744e+02 1.000000e+00
      vertex   -1.981977e+02 -1.720097e+02 1.000000e+00
      vertex   -1.982500e+02 -1.650000e+02 1.000000e+00
    endloop
  endfacet
  facet normal -0.000000e+00 0.000000e+00 1.000000e+00
    outer loop
      vertex   -1.982500e+02 -1.650000e+02 1.000000e+00
      vertex   -1.981977e+02 -1.720097e+02 1.000000e+00
      vertex   -1.977500e+02 -1.650000e+02 1.000000e+00
    endloop
  endfacet
  facet normal 0.000000e+00 0.000000e+00 1.000000e+00
    outer loop
      vertex   -1.977500e+02 -1.650000e+02 1.000000e+00
      vertex   -1.981977e+02 -1.720097e+02 1.000000e+00
      vertex   -1.974832e+02 -1.714899e+02 1.000000e+00
    endloop
  endfacet
  facet normal -0.000000e+00 0.000000e+00 1.000000e+00
    outer loop
      vertex   -1.977500e+02 -1.650000e+02 1.000000e+00
      vertex   -1.974832e+02 -1.714899e+02 1.000000e+00
      vertex   -1.975559e+02 -1.649744e+02 1.000000e+00
    endloop
  endfacet
  facet normal 0.000000e+00 0.000000e+00 1.000000e+00
    outer loop
      vertex   -1.975559e+02 -1.649744e+02 1.000000e+00
      vertex   -1.974832e+02 -1.714899e+02 1.000000e+00
      vertex   -1.974275e+02 -1.714565e+02 1.000000e+00
    endloop
  endfacet
  facet normal -0.000000e+00 0.000000e+00 1.000000e+00
    outer loop
      vertex   -1.975559e+02 -1.649744e+02 1.000000e+00
      vertex   -1.974275e+02 -1.714565e+02 1.000000e+00
      vertex   -1.973750e+02 -1.648995e+02 1.000000e+00
    endloop
  endfacet
  facet normal 0.000000e+00 0.000000e+00 1.000000e+00
    outer loop
      vertex   -1.973750e+02 -1.648995e+02 1.000000e+00
      vertex   -1.974275e+02 -1.714565e+02 1.000000e+00
      vertex   -1.967327e+02 -1.709538e+02 1.000000e+00
    endloop
  endfacet
  facet normal -0.000000e+00 0.000000e+00 1.000000e+00
    outer loop
      vertex   -1.973750e+02 -1.648995e+02 1.000000e+00
      vertex   -1.967327e+02 -1.709538e+02 1.000000e+00
      vertex   -1.972197e+02 -1.647803e+02 1.000000e+00
    endloop
  endfacet
  facet normal -0.000000e+00 0.000000e+00 1.000000e+00
    outer loop
      vertex   -1.972197e+02 -1.647803e+02 1.000000e+00
      vertex   -1.967327e+02 -1.709538e+02 1.000000e+00
      vertex   -1.971005e+02 -1.646250e+02 1.000000e+00
    endloop
  endfacet
  facet normal -0.000000e+00 0.000000e+00 1.000000e+00
    outer loop
      vertex   -1.971005e+02 -1.646250e+02 1.000000e+00
      vertex   -1.967327e+02 -1.709538e+02 1.000000e+00
      vertex   -1.970256e+02 -1.644441e+02 1.000000e+00
    endloop
  endfacet
  facet normal 0.000000e+00 0.000000e+00 1.000000e+00
    outer loop
      vertex   -1.970256e+02 -1.644441e+02 1.000000e+00
      vertex   -1.967327e+02 -1.709538e+02 1.000000e+00
      vertex   -1.961340e+02 -1.703398e+02 1.000000e+00
    endloop
  endfacet
  facet normal -0.000000e+00 0.000000e+00 1.000000e+00
    outer loop
      vertex   -1.970256e+02 -1.644441e+02 1.000000e+00
      vertex   -1.961340e+02 -1.703398e+02 1.000000e+00
      vertex   -1.970000e+02 -1.642500e+02 1.000000e+00
    endloop
  endfacet
  facet normal 0.000000e+00 0.000000e+00 1.000000e+00
    outer loop
      vertex   -1.970000e+02 -1.642500e+02 1.000000e+00
      vertex   -1.961340e+02 -1.703398e+02 1.000000e+00
      vertex   -1.956490e+02 -1.696325e+02 1.000000e+00
    endloop
  endfacet
  facet normal 0.000000e+00 0.000000e+00 1.000000e+00
    outer loop
      vertex   -1.970000e+02 -1.642500e+02 1.000000e+00
      vertex   -1.956490e+02 -1.696325e+02 1.000000e+00
      vertex   -1.950000e+02 -1.650000e+02 1.000000e+00
    endloop
  endfacet
  facet normal 0.000000e+00 0.000000e+00 1.000000e+00
    outer loop
      vertex   -1.950000e+02 -1.650000e+02 1.000000e+00
      vertex   -1.956490e+02 -1.696325e+02 1.000000e+00
      vertex   -1.952920e+02 -1.688528e+02 1.000000e+00
    endloop
  endfacet
  facet normal 0.000000e+00 0.000000e+00 1.000000e+00
    outer loop
      vertex   -1.950000e+02 -1.650000e+02 1.000000e+00
      vertex   -1.952920e+02 -1.688528e+02 1.000000e+00
      vertex   -1.950000e+02 -1.671691e+02 1.000000e+00
    endloop
  endfacet
  facet normal 0.000000e+00 0.000000e+00 1.000000e+00
    outer loop
      vertex   -1.950000e+02 -1.671691e+02 1.000000e+00
      vertex   -1.952920e+02 -1.688528e+02 1.000000e+00
      vertex   -1.950735e+02 -1.680235e+02 1.000000e+00
    endloop
  endfacet
  facet normal 0.000000e+00 0.000000e+00 1.000000e+00
    outer loop
      vertex   -1.996528e+02 -1.741921e+02 1.000000e+00
      vertex   -2.011005e+02 -1.646250e+02 1.000000e+00
      vertex   -1.998578e+02 -1.750515e+02 1.000000e+00
    endloop
  endfacet
  facet normal 0.000000e+00 0.000000e+00 1.000000e+00
    outer loop
      vertex   -1.998578e+02 -1.750515e+02 1.000000e+00
      vertex   -2.011005e+02 -1.646250e+02 1.000000e+00
      vertex   -2.012197e+02 -1.647803e+02 1.000000e+00
    endloop
  endfacet
  facet normal 0.000000e+00 0.000000e+00 1.000000e+00
    outer loop
      vertex   -1.998578e+02 -1.750515e+02 1.000000e+00
      vertex   -2.012197e+02 -1.647803e+02 1.000000e+00
      vertex   -2.013750e+02 -1.648995e+02 1.000000e+00
    endloop
  endfacet
  facet normal 0.000000e+00 0.000000e+00 1.000000e+00
    outer loop
      vertex   -2.013750e+02 -1.648995e+02 1.000000e+00
      vertex   -2.015559e+02 -1.649744e+02 1.000000e+00
      vertex   -1.998578e+02 -1.750515e+02 1.000000e+00
    endloop
  endfacet
  facet normal 0.000000e+00 0.000000e+00 1.000000e+00
    outer loop
      vertex   -1.998578e+02 -1.750515e+02 1.000000e+00
      vertex   -2.015559e+02 -1.649744e+02 1.000000e+00
      vertex   -2.031406e+02 -1.753864e+02 1.000000e+00
    endloop
  endfacet
  facet normal 0.000000e+00 0.000000e+00 1.000000e+00
    outer loop
      vertex   -1.998578e+02 -1.750515e+02 1.000000e+00
      vertex   -2.031406e+02 -1.753864e+02 1.000000e+00
      vertex   -1.999083e+02 -1.759336e+02 1.000000e+00
    endloop
  endfacet
  facet normal 0.000000e+00 0.000000e+00 1.000000e+00
    outer loop
      vertex   -1.999083e+02 -1.759336e+02 1.000000e+00
      vertex   -2.031406e+02 -1.753864e+02 1.000000e+00
      vertex   -2.030999e+02 -1.761976e+02 1.000000e+00
    endloop
  endfacet
  facet normal 0.000000e+00 0.000000e+00 1.000000e+00
    outer loop
      vertex   -1.999083e+02 -1.759336e+02 1.000000e+00
      vertex   -2.030999e+02 -1.761976e+02 1.000000e+00
      vertex   -2.010635e+02 -2.050000e+02 1.000000e+00
    endloop
  endfacet
  facet normal 0.000000e+00 0.000000e+00 1.000000e+00
    outer loop
      vertex   -2.010635e+02 -2.050000e+02 1.000000e+00
      vertex   -2.030999e+02 -1.761976e+02 1.000000e+00
      vertex   -2.019365e+02 -2.050000e+02 1.000000e+00
    endloop
  endfacet
  facet normal 0.000000e+00 0.000000e+00 1.000000e+00
    outer loop
      vertex   -2.019365e+02 -2.050000e+02 1.000000e+00
      vertex   -2.030999e+02 -1.761976e+02 1.000000e+00
      vertex   -2.023903e+02 -2.049479e+02 1.000000e+00
    endloop
  endfacet
  facet normal 0.000000e+00 0.000000e+00 1.000000e+00
    outer loop
      vertex   -2.023903e+02 -2.049479e+02 1.000000e+00
      vertex   -2.030999e+02 -1.761976e+02 1.000000e+00
      vertex   -2.039355e+02 -2.029375e+02 1.000000e+00
    endloop
  endfacet
  facet normal 0.000000e+00 0.000000e+00 1.000000e+00
    outer loop
      vertex   -2.023903e+02 -2.049479e+02 1.000000e+00
      vertex   -2.039355e+02 -2.029375e+02 1.000000e+00
      vertex   -2.028203e+02 -2.047941e+02 1.000000e+00
    endloop
  endfacet
  facet normal 0.000000e+00 0.000000e+00 1.000000e+00
    outer loop
      vertex   -2.028203e+02 -2.047941e+02 1.000000e+00
      vertex   -2.039355e+02 -2.029375e+02 1.000000e+00
      vertex   -2.032043e+02 -2.045468e+02 1.000000e+00
    endloop
  endfacet
  facet normal 0.000000e+00 0.000000e+00 1.000000e+00
    outer loop
      vertex   -2.032043e+02 -2.045468e+02 1.000000e+00
      vertex   -2.039355e+02 -2.029375e+02 1.000000e+00
      vertex   -2.035222e+02 -2.042189e+02 1.000000e+00
    endloop
  endfacet
  facet normal 0.000000e+00 0.000000e+00 1.000000e+00
    outer loop
      vertex   -2.035222e+02 -2.042189e+02 1.000000e+00
      vertex   -2.039355e+02 -2.029375e+02 1.000000e+00
      vertex   -2.037574e+02 -2.038273e+02 1.000000e+00
    endloop
  endfacet
  facet normal 0.000000e+00 0.000000e+00 1.000000e+00
    outer loop
      vertex   -2.037574e+02 -2.038273e+02 1.000000e+00
      vertex   -2.039355e+02 -2.029375e+02 1.000000e+00
      vertex   -2.038976e+02 -2.033927e+02 1.000000e+00
    endloop
  endfacet
  facet normal 0.000000e+00 0.000000e+00 1.000000e+00
    outer loop
      vertex   -2.015559e+02 -1.649744e+02 1.000000e+00
      vertex   -2.017500e+02 -1.650000e+02 1.000000e+00
      vertex   -2.031406e+02 -1.753864e+02 1.000000e+00
    endloop
  endfacet
  facet normal 0.000000e+00 0.000000e+00 1.000000e+00
    outer loop
      vertex   -2.031406e+02 -1.753864e+02 1.000000e+00
      vertex   -2.017500e+02 -1.650000e+02 1.000000e+00
      vertex   -2.022500e+02 -1.650000e+02 1.000000e+00
    endloop
  endfacet
  facet normal 0.000000e+00 -0.000000e+00 1.000000e+00
    outer loop
      vertex   -2.031406e+02 -1.753864e+02 1.000000e+00
      vertex   -2.022500e+02 -1.650000e+02 1.000000e+00
      vertex   -2.033120e+02 -1.745924e+02 1.000000e+00
    endloop
  endfacet
  facet normal 0.000000e+00 0.000000e+00 1.000000e+00
    outer loop
      vertex   -2.033120e+02 -1.745924e+02 1.000000e+00
      vertex   -2.022500e+02 -1.650000e+02 1.000000e+00
      vertex   -2.024441e+02 -1.649744e+02 1.000000e+00
    endloop
  endfacet
  facet normal 0.000000e+00 0.000000e+00 1.000000e+00
    outer loop
      vertex   -2.033120e+02 -1.745924e+02 1.000000e+00
      vertex   -2.024441e+02 -1.649744e+02 1.000000e+00
      vertex   -2.026250e+02 -1.648995e+02 1.000000e+00
    endloop
  endfacet
  facet normal 0.000000e+00 -0.000000e+00 1.000000e+00
    outer loop
      vertex   -2.033120e+02 -1.745924e+02 1.000000e+00
      vertex   -2.026250e+02 -1.648995e+02 1.000000e+00
      vertex   -2.036098e+02 -1.738368e+02 1.000000e+00
    endloop
  endfacet
  facet normal 0.000000e+00 0.000000e+00 1.000000e+00
    outer loop
      vertex   -2.036098e+02 -1.738368e+02 1.000000e+00
      vertex   -2.026250e+02 -1.648995e+02 1.000000e+00
      vertex   -2.027803e+02 -1.647803e+02 1.000000e+00
    endloop
  endfacet
  facet normal 0.000000e+00 0.000000e+00 1.000000e+00
    outer loop
      vertex   -2.036098e+02 -1.738368e+02 1.000000e+00
      vertex   -2.027803e+02 -1.647803e+02 1.000000e+00
      vertex   -2.028995e+02 -1.646250e+02 1.000000e+00
    endloop
  endfacet
  facet normal 0.000000e+00 -0.000000e+00 1.000000e+00
    outer loop
      vertex   -2.036098e+02 -1.738368e+02 1.000000e+00
      vertex   -2.028995e+02 -1.646250e+02 1.000000e+00
      vertex   -2.040260e+02 -1.731392e+02 1.000000e+00
    endloop
  endfacet
  facet normal 0.000000e+00 0.000000e+00 1.000000e+00
    outer loop
      vertex   -2.040260e+02 -1.731392e+02 1.000000e+00
      vertex   -2.028995e+02 -1.646250e+02 1.000000e+00
      vertex   -2.029744e+02 -1.644441e+02 1.000000e+00
    endloop
  endfacet
  facet normal 0.000000e+00 -0.000000e+00 1.000000e+00
    outer loop
      vertex   -2.040260e+02 -1.731392e+02 1.000000e+00
      vertex   -2.029744e+02 -1.644441e+02 1.000000e+00
      vertex   -2.045496e+02 -1.725183e+02 1.000000e+00
    endloop
  endfacet
  facet normal 0.000000e+00 -0.000000e+00 1.000000e+00
    outer loop
      vertex   -2.045496e+02 -1.725183e+02 1.000000e+00
      vertex   -2.029744e+02 -1.644441e+02 1.000000e+00
      vertex   -2.050256e+02 -1.644441e+02 1.000000e+00
    endloop
  endfacet
  facet normal 0.000000e+00 0.000000e+00 1.000000e+00
    outer loop
      vertex   -2.045496e+02 -1.725183e+02 1.000000e+00
      vertex   -2.050256e+02 -1.644441e+02 1.000000e+00
      vertex   -2.051005e+02 -1.646250e+02 1.000000e+00
    endloop
  endfacet
  facet normal 0.000000e+00 0.000000e+00 1.000000e+00
    outer loop
      vertex   -2.050256e+02 -1.644441e+02 1.000000e+00
      vertex   -2.029744e+02 -1.644441e+02 1.000000e+00
      vertex   -2.050000e+02 -1.642500e+02 1.000000e+00
    endloop
  endfacet
  facet normal -0.000000e+00 0.000000e+00 1.000000e+00
    outer loop
      vertex   -2.050000e+02 -1.642500e+02 1.000000e+00
      vertex   -2.029744e+02 -1.644441e+02 1.000000e+00
      vertex   -2.030000e+02 -1.642500e+02 1.000000e+00
    endloop
  endfacet
  facet normal 0.000000e+00 0.000000e+00 1.000000e+00
    outer loop
      vertex   -2.050000e+02 -1.642500e+02 1.000000e+00
      vertex   -2.030000e+02 -1.642500e+02 1.000000e+00
      vertex   -2.042500e+02 -1.450000e+02 1.000000e+00
    endloop
  endfacet
  facet normal -0.000000e+00 0.000000e+00 1.000000e+00
    outer loop
      vertex   -2.042500e+02 -1.450000e+02 1.000000e+00
      vertex   -2.030000e+02 -1.642500e+02 1.000000e+00
      vertex   -2.037500e+02 -1.450000e+02 1.000000e+00
    endloop
  endfacet
  facet normal 0.000000e+00 0.000000e+00 1.000000e+00
    outer loop
      vertex   -2.037500e+02 -1.450000e+02 1.000000e+00
      vertex   -2.030000e+02 -1.642500e+02 1.000000e+00
      vertex   -2.030000e+02 -1.457500e+02 1.000000e+00
    endloop
  endfacet
  facet normal 0.000000e+00 0.000000e+00 1.000000e+00
    outer loop
      vertex   -2.037500e+02 -1.450000e+02 1.000000e+00
      vertex   -2.030000e+02 -1.457500e+02 1.000000e+00
      vertex   -2.035559e+02 -1.450256e+02 1.000000e+00
    endloop
  endfacet
  facet normal 0.000000e+00 0.000000e+00 1.000000e+00
    outer loop
      vertex   -2.035559e+02 -1.450256e+02 1.000000e+00
      vertex   -2.030000e+02 -1.457500e+02 1.000000e+00
      vertex   -2.033750e+02 -1.451005e+02 1.000000e+00
    endloop
  endfacet
  facet normal 0.000000e+00 0.000000e+00 1.000000e+00
    outer loop
      vertex   -2.033750e+02 -1.451005e+02 1.000000e+00
      vertex   -2.030000e+02 -1.457500e+02 1.000000e+00
      vertex   -2.032197e+02 -1.452197e+02 1.000000e+00
    endloop
  endfacet
  facet normal 0.000000e+00 0.000000e+00 1.000000e+00
    outer loop
      vertex   -2.032197e+02 -1.452197e+02 1.000000e+00
      vertex   -2.030000e+02 -1.457500e+02 1.000000e+00
      vertex   -2.031005e+02 -1.453750e+02 1.000000e+00
    endloop
  endfacet
  facet normal 0.000000e+00 0.000000e+00 1.000000e+00
    outer loop
      vertex   -2.031005e+02 -1.453750e+02 1.000000e+00
      vertex   -2.030000e+02 -1.457500e+02 1.000000e+00
      vertex   -2.030256e+02 -1.455559e+02 1.000000e+00
    endloop
  endfacet
  facet normal 0.000000e+00 0.000000e+00 1.000000e+00
    outer loop
      vertex   -2.050000e+02 -1.642500e+02 1.000000e+00
      vertex   -2.042500e+02 -1.450000e+02 1.000000e+00
      vertex   -2.050000e+02 -1.457500e+02 1.000000e+00
    endloop
  endfacet
  facet normal 0.000000e+00 0.000000e+00 1.000000e+00
    outer loop
      vertex   -2.050000e+02 -1.457500e+02 1.000000e+00
      vertex   -2.042500e+02 -1.450000e+02 1.000000e+00
      vertex   -2.044441e+02 -1.450256e+02 1.000000e+00
    endloop
  endfacet
  facet normal 0.000000e+00 0.000000e+00 1.000000e+00
    outer loop
      vertex   -2.050000e+02 -1.457500e+02 1.000000e+00
      vertex   -2.044441e+02 -1.450256e+02 1.000000e+00
      vertex   -2.046250e+02 -1.451005e+02 1.000000e+00
    endloop
  endfacet
  facet normal 0.000000e+00 0.000000e+00 1.000000e+00
    outer loop
      vertex   -2.046250e+02 -1.451005e+02 1.000000e+00
      vertex   -2.047803e+02 -1.452197e+02 1.000000e+00
      vertex   -2.050000e+02 -1.457500e+02 1.000000e+00
    endloop
  endfacet
  facet normal 0.000000e+00 0.000000e+00 1.000000e+00
    outer loop
      vertex   -2.050000e+02 -1.457500e+02 1.000000e+00
      vertex   -2.047803e+02 -1.452197e+02 1.000000e+00
      vertex   -2.048995e+02 -1.453750e+02 1.000000e+00
    endloop
  endfacet
  facet normal 0.000000e+00 0.000000e+00 1.000000e+00
    outer loop
      vertex   -2.050000e+02 -1.457500e+02 1.000000e+00
      vertex   -2.048995e+02 -1.453750e+02 1.000000e+00
      vertex   -2.049744e+02 -1.455559e+02 1.000000e+00
    endloop
  endfacet
  facet normal 0.000000e+00 0.000000e+00 1.000000e+00
    outer loop
      vertex   -2.045496e+02 -1.725183e+02 1.000000e+00
      vertex   -2.051005e+02 -1.646250e+02 1.000000e+00
      vertex   -2.051668e+02 -1.719903e+02 1.000000e+00
    endloop
  endfacet
  facet normal 0.000000e+00 -0.000000e+00 1.000000e+00
    outer loop
      vertex   -2.051668e+02 -1.719903e+02 1.000000e+00
      vertex   -2.051005e+02 -1.646250e+02 1.000000e+00
      vertex   -2.052197e+02 -1.647803e+02 1.000000e+00
    endloop
  endfacet
  facet normal 0.000000e+00 0.000000e+00 1.000000e+00
    outer loop
      vertex   -2.051668e+02 -1.719903e+02 1.000000e+00
      vertex   -2.052197e+02 -1.647803e+02 1.000000e+00
      vertex   -2.053750e+02 -1.648995e+02 1.000000e+00
    endloop
  endfacet
  facet normal 0.000000e+00 0.000000e+00 1.000000e+00
    outer loop
      vertex   -2.053750e+02 -1.648995e+02 1.000000e+00
      vertex   -2.055559e+02 -1.649744e+02 1.000000e+00
      vertex   -2.051668e+02 -1.719903e+02 1.000000e+00
    endloop
  endfacet
  facet normal 0.000000e+00 0.000000e+00 1.000000e+00
    outer loop
      vertex   -2.051668e+02 -1.719903e+02 1.000000e+00
      vertex   -2.055559e+02 -1.649744e+02 1.000000e+00
      vertex   -2.058614e+02 -1.715693e+02 1.000000e+00
    endloop
  endfacet
  facet normal 0.000000e+00 0.000000e+00 1.000000e+00
    outer loop
      vertex   -2.058614e+02 -1.715693e+02 1.000000e+00
      vertex   -2.055559e+02 -1.649744e+02 1.000000e+00
      vertex   -2.057500e+02 -1.650000e+02 1.000000e+00
    endloop
  endfacet
  facet normal 0.000000e+00 -0.000000e+00 1.000000e+00
    outer loop
      vertex   -2.058614e+02 -1.715693e+02 1.000000e+00
      vertex   -2.057500e+02 -1.650000e+02 1.000000e+00
      vertex   -2.062361e+02 -1.713820e+02 1.000000e+00
    endloop
  endfacet
  facet normal 0.000000e+00 -0.000000e+00 1.000000e+00
    outer loop
      vertex   -2.062361e+02 -1.713820e+02 1.000000e+00
      vertex   -2.057500e+02 -1.650000e+02 1.000000e+00
      vertex   -2.062500e+02 -1.650000e+02 1.000000e+00
    endloop
  endfacet
  facet normal 0.000000e+00 0.000000e+00 1.000000e+00
    outer loop
      vertex   -2.062361e+02 -1.713820e+02 1.000000e+00
      vertex   -2.062500e+02 -1.650000e+02 1.000000e+00
      vertex   -2.064441e+02 -1.649744e+02 1.000000e+00
    endloop
  endfacet
  facet normal 0.000000e+00 0.000000e+00 1.000000e+00
    outer loop
      vertex   -2.062361e+02 -1.713820e+02 1.000000e+00
      vertex   -2.064441e+02 -1.649744e+02 1.000000e+00
      vertex   -2.070187e+02 -1.708958e+02 1.000000e+00
    endloop
  endfacet
  facet normal 0.000000e+00 0.000000e+00 1.000000e+00
    outer loop
      vertex   -2.070187e+02 -1.708958e+02 1.000000e+00
      vertex   -2.064441e+02 -1.649744e+02 1.000000e+00
      vertex   -2.066250e+02 -1.648995e+02 1.000000e+00
    endloop
  endfacet
  facet normal 0.000000e+00 0.000000e+00 1.000000e+00
    outer loop
      vertex   -2.070187e+02 -1.708958e+02 1.000000e+00
      vertex   -2.066250e+02 -1.648995e+02 1.000000e+00
      vertex   -2.067803e+02 -1.647803e+02 1.000000e+00
    endloop
  endfacet
  facet normal 0.000000e+00 0.000000e+00 1.000000e+00
    outer loop
      vertex   -2.067803e+02 -1.647803e+02 1.000000e+00
      vertex   -2.068995e+02 -1.646250e+02 1.000000e+00
      vertex   -2.070187e+02 -1.708958e+02 1.000000e+00
    endloop
  endfacet
  facet normal 0.000000e+00 -0.000000e+00 1.000000e+00
    outer loop
      vertex   -2.070187e+02 -1.708958e+02 1.000000e+00
      vertex   -2.068995e+02 -1.646250e+02 1.000000e+00
      vertex   -2.076987e+02 -1.702742e+02 1.000000e+00
    endloop
  endfacet
  facet normal 0.000000e+00 0.000000e+00 1.000000e+00
    outer loop
      vertex   -2.076987e+02 -1.702742e+02 1.000000e+00
      vertex   -2.068995e+02 -1.646250e+02 1.000000e+00
      vertex   -2.069744e+02 -1.644441e+02 1.000000e+00
    endloop
  endfacet
  facet normal 0.000000e+00 -0.000000e+00 1.000000e+00
    outer loop
      vertex   -2.076987e+02 -1.702742e+02 1.000000e+00
      vertex   -2.069744e+02 -1.644441e+02 1.000000e+00
      vertex   -2.082533e+02 -1.695385e+02 1.000000e+00
    endloop
  endfacet
  facet normal 0.000000e+00 0.000000e+00 1.000000e+00
    outer loop
      vertex   -2.082533e+02 -1.695385e+02 1.000000e+00
      vertex   -2.069744e+02 -1.644441e+02 1.000000e+00
      vertex   -2.070000e+02 -1.642500e+02 1.000000e+00
    endloop
  endfacet
  facet normal 0.000000e+00 -0.000000e+00 1.000000e+00
    outer loop
      vertex   -2.082533e+02 -1.695385e+02 1.000000e+00
      vertex   -2.070000e+02 -1.642500e+02 1.000000e+00
      vertex   -2.086634e+02 -1.687135e+02 1.000000e+00
    endloop
  endfacet
  facet normal 0.000000e+00 -0.000000e+00 1.000000e+00
    outer loop
      vertex   -2.086634e+02 -1.687135e+02 1.000000e+00
      vertex   -2.070000e+02 -1.642500e+02 1.000000e+00
      vertex   -2.090000e+02 -1.669098e+02 1.000000e+00
    endloop
  endfacet
  facet normal 0.000000e+00 0.000000e+00 1.000000e+00
    outer loop
      vertex   -2.086634e+02 -1.687135e+02 1.000000e+00
      vertex   -2.090000e+02 -1.669098e+02 1.000000e+00
      vertex   -2.089151e+02 -1.678272e+02 1.000000e+00
    endloop
  endfacet
  facet normal 0.000000e+00 0.000000e+00 1.000000e+00
    outer loop
      vertex   -2.070000e+02 -1.457500e+02 1.000000e+00
      vertex   -2.077500e+02 -1.450000e+02 1.000000e+00
      vertex   -2.070000e+02 -1.642500e+02 1.000000e+00
    endloop
  endfacet
  facet normal 0.000000e+00 0.000000e+00 1.000000e+00
    outer loop
      vertex   -2.070000e+02 -1.642500e+02 1.000000e+00
      vertex   -2.077500e+02 -1.450000e+02 1.000000e+00
      vertex   -2.082500e+02 -1.450000e+02 1.000000e+00
    endloop
  endfacet
  facet normal 0.000000e+00 0.000000e+00 1.000000e+00
    outer loop
      vertex   -2.070000e+02 -1.642500e+02 1.000000e+00
      vertex   -2.082500e+02 -1.450000e+02 1.000000e+00
      vertex   -2.090000e+02 -1.457500e+02 1.000000e+00
    endloop
  endfacet
  facet normal 0.000000e+00 0.000000e+00 1.000000e+00
    outer loop
      vertex   -2.090000e+02 -1.457500e+02 1.000000e+00
      vertex   -2.082500e+02 -1.450000e+02 1.000000e+00
      vertex   -2.084441e+02 -1.450256e+02 1.000000e+00
    endloop
  endfacet
  facet normal 0.000000e+00 0.000000e+00 1.000000e+00
    outer loop
      vertex   -2.090000e+02 -1.457500e+02 1.000000e+00
      vertex   -2.084441e+02 -1.450256e+02 1.000000e+00
      vertex   -2.086250e+02 -1.451005e+02 1.000000e+00
    endloop
  endfacet
  facet normal 0.000000e+00 0.000000e+00 1.000000e+00
    outer loop
      vertex   -2.070256e+02 -1.455559e+02 1.000000e+00
      vertex   -2.071005e+02 -1.453750e+02 1.000000e+00
      vertex   -2.070000e+02 -1.457500e+02 1.000000e+00
    endloop
  endfacet
  facet normal 0.000000e+00 0.000000e+00 1.000000e+00
    outer loop
      vertex   -2.070000e+02 -1.457500e+02 1.000000e+00
      vertex   -2.071005e+02 -1.453750e+02 1.000000e+00
      vertex   -2.072197e+02 -1.452197e+02 1.000000e+00
    endloop
  endfacet
  facet normal 0.000000e+00 0.000000e+00 1.000000e+00
    outer loop
      vertex   -2.070000e+02 -1.457500e+02 1.000000e+00
      vertex   -2.072197e+02 -1.452197e+02 1.000000e+00
      vertex   -2.073750e+02 -1.451005e+02 1.000000e+00
    endloop
  endfacet
  facet normal 0.000000e+00 0.000000e+00 1.000000e+00
    outer loop
      vertex   -2.073750e+02 -1.451005e+02 1.000000e+00
      vertex   -2.075559e+02 -1.450256e+02 1.000000e+00
      vertex   -2.070000e+02 -1.457500e+02 1.000000e+00
    endloop
  endfacet
  facet normal 0.000000e+00 0.000000e+00 1.000000e+00
    outer loop
      vertex   -2.070000e+02 -1.457500e+02 1.000000e+00
      vertex   -2.075559e+02 -1.450256e+02 1.000000e+00
      vertex   -2.077500e+02 -1.450000e+02 1.000000e+00
    endloop
  endfacet
  facet normal 0.000000e+00 0.000000e+00 1.000000e+00
    outer loop
      vertex   -2.086250e+02 -1.451005e+02 1.000000e+00
      vertex   -2.087803e+02 -1.452197e+02 1.000000e+00
      vertex   -2.090000e+02 -1.457500e+02 1.000000e+00
    endloop
  endfacet
  facet normal 0.000000e+00 0.000000e+00 1.000000e+00
    outer loop
      vertex   -2.090000e+02 -1.457500e+02 1.000000e+00
      vertex   -2.087803e+02 -1.452197e+02 1.000000e+00
      vertex   -2.088995e+02 -1.453750e+02 1.000000e+00
    endloop
  endfacet
  facet normal 0.000000e+00 0.000000e+00 1.000000e+00
    outer loop
      vertex   -2.090000e+02 -1.457500e+02 1.000000e+00
      vertex   -2.088995e+02 -1.453750e+02 1.000000e+00
      vertex   -2.089744e+02 -1.455559e+02 1.000000e+00
    endloop
  endfacet
  facet normal 0.000000e+00 0.000000e+00 1.000000e+00
    outer loop
      vertex   -2.090000e+02 -1.457500e+02 1.000000e+00
      vertex   -2.090000e+02 -1.669098e+02 1.000000e+00
      vertex   -2.070000e+02 -1.642500e+02 1.000000e+00
    endloop
  endfacet
  facet normal 0.000000e+00 0.000000e+00 1.000000e+00
    outer loop
      vertex   -2.010635e+02 -2.050000e+02 1.000000e+00
      vertex   -2.006097e+02 -2.049479e+02 1.000000e+00
      vertex   -1.999083e+02 -1.759336e+02 1.000000e+00
    endloop
  endfacet
  facet normal 0.000000e+00 0.000000e+00 1.000000e+00
    outer loop
      vertex   -1.999083e+02 -1.759336e+02 1.000000e+00
      vertex   -2.006097e+02 -2.049479e+02 1.000000e+00
      vertex   -1.990645e+02 -2.029375e+02 1.000000e+00
    endloop
  endfacet
  facet normal 0.000000e+00 0.000000e+00 1.000000e+00
    outer loop
      vertex   -1.990645e+02 -2.029375e+02 1.000000e+00
      vertex   -2.006097e+02 -2.049479e+02 1.000000e+00
      vertex   -2.001797e+02 -2.047941e+02 1.000000e+00
    endloop
  endfacet
  facet normal 0.000000e+00 0.000000e+00 1.000000e+00
    outer loop
      vertex   -1.990645e+02 -2.029375e+02 1.000000e+00
      vertex   -2.001797e+02 -2.047941e+02 1.000000e+00
      vertex   -1.997957e+02 -2.045468e+02 1.000000e+00
    endloop
  endfacet
  facet normal 0.000000e+00 0.000000e+00 1.000000e+00
    outer loop
      vertex   -1.997957e+02 -2.045468e+02 1.000000e+00
      vertex   -1.994778e+02 -2.042189e+02 1.000000e+00
      vertex   -1.990645e+02 -2.029375e+02 1.000000e+00
    endloop
  endfacet
  facet normal 0.000000e+00 0.000000e+00 1.000000e+00
    outer loop
      vertex   -1.990645e+02 -2.029375e+02 1.000000e+00
      vertex   -1.994778e+02 -2.042189e+02 1.000000e+00
      vertex   -1.992426e+02 -2.038273e+02 1.000000e+00
    endloop
  endfacet
  facet normal 0.000000e+00 0.000000e+00 1.000000e+00
    outer loop
      vertex   -1.990645e+02 -2.029375e+02 1.000000e+00
      vertex   -1.992426e+02 -2.038273e+02 1.000000e+00
      vertex   -1.991024e+02 -2.033927e+02 1.000000e+00
    endloop
  endfacet
  facet normal 0.000000e+00 -0.000000e+00 1.000000e+00
    outer loop
      vertex   -1.950000e+02 -1.650000e+02 1.000000e+00
      vertex   -1.950000e+02 -1.457500e+02 1.000000e+00
      vertex   -1.970000e+02 -1.642500e+02 1.000000e+00
    endloop
  endfacet
  facet normal 0.000000e+00 0.000000e+00 1.000000e+00
    outer loop
      vertex   -1.970000e+02 -1.642500e+02 1.000000e+00
      vertex   -1.950000e+02 -1.457500e+02 1.000000e+00
      vertex   -1.957500e+02 -1.450000e+02 1.000000e+00
    endloop
  endfacet
  facet normal 0.000000e+00 0.000000e+00 1.000000e+00
    outer loop
      vertex   -1.970000e+02 -1.642500e+02 1.000000e+00
      vertex   -1.957500e+02 -1.450000e+02 1.000000e+00
      vertex   -1.962500e+02 -1.450000e+02 1.000000e+00
    endloop
  endfacet
  facet normal 0.000000e+00 0.000000e+00 1.000000e+00
    outer loop
      vertex   -1.950256e+02 -1.455559e+02 1.000000e+00
      vertex   -1.951005e+02 -1.453750e+02 1.000000e+00
      vertex   -1.950000e+02 -1.457500e+02 1.000000e+00
    endloop
  endfacet
  facet normal 0.000000e+00 0.000000e+00 1.000000e+00
    outer loop
      vertex   -1.950000e+02 -1.457500e+02 1.000000e+00
      vertex   -1.951005e+02 -1.453750e+02 1.000000e+00
      vertex   -1.952197e+02 -1.452197e+02 1.000000e+00
    endloop
  endfacet
  facet normal 0.000000e+00 0.000000e+00 1.000000e+00
    outer loop
      vertex   -1.950000e+02 -1.457500e+02 1.000000e+00
      vertex   -1.952197e+02 -1.452197e+02 1.000000e+00
      vertex   -1.953750e+02 -1.451005e+02 1.000000e+00
    endloop
  endfacet
  facet normal 0.000000e+00 0.000000e+00 1.000000e+00
    outer loop
      vertex   -1.953750e+02 -1.451005e+02 1.000000e+00
      vertex   -1.955559e+02 -1.450256e+02 1.000000e+00
      vertex   -1.950000e+02 -1.457500e+02 1.000000e+00
    endloop
  endfacet
  facet normal 0.000000e+00 0.000000e+00 1.000000e+00
    outer loop
      vertex   -1.950000e+02 -1.457500e+02 1.000000e+00
      vertex   -1.955559e+02 -1.450256e+02 1.000000e+00
      vertex   -1.957500e+02 -1.450000e+02 1.000000e+00
    endloop
  endfacet
  facet normal 0.000000e+00 0.000000e+00 1.000000e+00
    outer loop
      vertex   -1.970000e+02 -1.642500e+02 1.000000e+00
      vertex   -1.962500e+02 -1.450000e+02 1.000000e+00
      vertex   -1.970000e+02 -1.457500e+02 1.000000e+00
    endloop
  endfacet
  facet normal 0.000000e+00 0.000000e+00 1.000000e+00
    outer loop
      vertex   -1.970000e+02 -1.457500e+02 1.000000e+00
      vertex   -1.962500e+02 -1.450000e+02 1.000000e+00
      vertex   -1.964441e+02 -1.450256e+02 1.000000e+00
    endloop
  endfacet
  facet normal 0.000000e+00 0.000000e+00 1.000000e+00
    outer loop
      vertex   -1.970000e+02 -1.457500e+02 1.000000e+00
      vertex   -1.964441e+02 -1.450256e+02 1.000000e+00
      vertex   -1.966250e+02 -1.451005e+02 1.000000e+00
    endloop
  endfacet
  facet normal 0.000000e+00 0.000000e+00 1.000000e+00
    outer loop
      vertex   -1.966250e+02 -1.451005e+02 1.000000e+00
      vertex   -1.967803e+02 -1.452197e+02 1.000000e+00
      vertex   -1.970000e+02 -1.457500e+02 1.000000e+00
    endloop
  endfacet
  facet normal 0.000000e+00 0.000000e+00 1.000000e+00
    outer loop
      vertex   -1.970000e+02 -1.457500e+02 1.000000e+00
      vertex   -1.967803e+02 -1.452197e+02 1.000000e+00
      vertex   -1.968995e+02 -1.453750e+02 1.000000e+00
    endloop
  endfacet
  facet normal 0.000000e+00 0.000000e+00 1.000000e+00
    outer loop
      vertex   -1.970000e+02 -1.457500e+02 1.000000e+00
      vertex   -1.968995e+02 -1.453750e+02 1.000000e+00
      vertex   -1.969744e+02 -1.455559e+02 1.000000e+00
    endloop
  endfacet
  facet normal 0.000000e+00 0.000000e+00 1.000000e+00
    outer loop
      vertex   -2.006250e+02 -1.451005e+02 1.000000e+00
      vertex   -2.007803e+02 -1.452197e+02 1.000000e+00
      vertex   -2.010000e+02 -1.457500e+02 1.000000e+00
    endloop
  endfacet
  facet normal 0.000000e+00 0.000000e+00 1.000000e+00
    outer loop
      vertex   -2.010000e+02 -1.457500e+02 1.000000e+00
      vertex   -2.007803e+02 -1.452197e+02 1.000000e+00
      vertex   -2.008995e+02 -1.453750e+02 1.000000e+00
    endloop
  endfacet
  facet normal 0.000000e+00 0.000000e+00 1.000000e+00
    outer loop
      vertex   -2.010000e+02 -1.457500e+02 1.000000e+00
      vertex   -2.008995e+02 -1.453750e+02 1.000000e+00
      vertex   -2.009744e+02 -1.455559e+02 1.000000e+00
    endloop
  endfacet
  facet normal -8.660254e-01 -5.000000e-01 -0.000000e+00
    outer loop
      vertex   -2.192472e+02 -1.675000e+02 2.000000e+00
      vertex   -2.221340e+02 -1.625000e+02 2.000000e+00
      vertex   -2.192472e+02 -1.675000e+02 1.000000e+00
    endloop
  endfacet
  facet normal -8.660254e-01 -5.000000e-01 0.000000e+00
    outer loop
      vertex   -2.192472e+02 -1.675000e+02 1.000000e+00
      vertex   -2.221340e+02 -1.625000e+02 2.000000e+00
      vertex   -2.221340e+02 -1.625000e+02 1.000000e+00
    endloop
  endfacet
  facet normal -7.933533e-01 -6.087614e-01 0.000000e+00
    outer loop
      vertex   -2.221340e+02 -1.625000e+02 1.000000e+00
      vertex   -2.221340e+02 -1.625000e+02 2.000000e+00
      vertex   -2.222929e+02 -1.622929e+02 1.000000e+00
    endloop
  endfacet
  facet normal -7.933533e-01 -6.087614e-01 0.000000e+00
    outer loop
      vertex   -2.222929e+02 -1.622929e+02 1.000000e+00
      vertex   -2.221340e+02 -1.625000e+02 2.000000e+00
      vertex   -2.222929e+02 -1.622929e+02 2.000000e+00
    endloop
  endfacet
  facet normal -6.087614e-01 -7.933533e-01 0.000000e+00
    outer loop
      vertex   -2.222929e+02 -1.622929e+02 1.000000e+00
      vertex   -2.222929e+02 -1.622929e+02 2.000000e+00
      vertex   -2.225000e+02 -1.621340e+02 1.000000e+00
    endloop
  endfacet
  facet normal -6.087614e-01 -7.933533e-01 0.000000e+00
    outer loop
      vertex   -2.225000e+02 -1.621340e+02 1.000000e+00
      vertex   -2.222929e+02 -1.622929e+02 2.000000e+00
      vertex   -2.225000e+02 -1.621340e+02 2.000000e+00
    endloop
  endfacet
  facet normal -3.826834e-01 -9.238795e-01 0.000000e+00
    outer loop
      vertex   -2.225000e+02 -1.621340e+02 1.000000e+00
      vertex   -2.225000e+02 -1.621340e+02 2.000000e+00
      vertex   -2.227412e+02 -1.620341e+02 1.000000e+00
    endloop
  endfacet
  facet normal -3.826834e-01 -9.238795e-01 0.000000e+00
    outer loop
      vertex   -2.227412e+02 -1.620341e+02 1.000000e+00
      vertex   -2.225000e+02 -1.621340e+02 2.000000e+00
      vertex   -2.227412e+02 -1.620341e+02 2.000000e+00
    endloop
  endfacet
  facet normal -1.305262e-01 -9.914449e-01 0.000000e+00
    outer loop
      vertex   -2.227412e+02 -1.620341e+02 1.000000e+00
      vertex   -2.227412e+02 -1.620341e+02 2.000000e+00
      vertex   -2.230000e+02 -1.620000e+02 1.000000e+00
    endloop
  endfacet
  facet normal -1.305262e-01 -9.914449e-01 0.000000e+00
    outer loop
      vertex   -2.230000e+02 -1.620000e+02 1.000000e+00
      vertex   -2.227412e+02 -1.620341e+02 2.000000e+00
      vertex   -2.230000e+02 -1.620000e+02 2.000000e+00
    endloop
  endfacet
  facet normal 1.305262e-01 -9.914449e-01 0.000000e+00
    outer loop
      vertex   -2.230000e+02 -1.620000e+02 1.000000e+00
      vertex   -2.230000e+02 -1.620000e+02 2.000000e+00
      vertex   -2.232588e+02 -1.620341e+02 1.000000e+00
    endloop
  endfacet
  facet normal 1.305262e-01 -9.914449e-01 0.000000e+00
    outer loop
      vertex   -2.232588e+02 -1.620341e+02 1.000000e+00
      vertex   -2.230000e+02 -1.620000e+02 2.000000e+00
      vertex   -2.232588e+02 -1.620341e+02 2.000000e+00
    endloop
  endfacet
  facet normal 3.826834e-01 -9.238795e-01 0.000000e+00
    outer loop
      vertex   -2.232588e+02 -1.620341e+02 1.000000e+00
      vertex   -2.232588e+02 -1.620341e+02 2.000000e+00
      vertex   -2.235000e+02 -1.621340e+02 1.000000e+00
    endloop
  endfacet
  facet normal 3.826834e-01 -9.238795e-01 0.000000e+00
    outer loop
      vertex   -2.235000e+02 -1.621340e+02 1.000000e+00
      vertex   -2.232588e+02 -1.620341e+02 2.000000e+00
      vertex   -2.235000e+02 -1.621340e+02 2.000000e+00
    endloop
  endfacet
  facet normal 6.087614e-01 -7.933533e-01 0.000000e+00
    outer loop
      vertex   -2.235000e+02 -1.621340e+02 1.000000e+00
      vertex   -2.235000e+02 -1.621340e+02 2.000000e+00
      vertex   -2.237071e+02 -1.622929e+02 1.000000e+00
    endloop
  endfacet
  facet normal 6.087614e-01 -7.933533e-01 0.000000e+00
    outer loop
      vertex   -2.237071e+02 -1.622929e+02 1.000000e+00
      vertex   -2.235000e+02 -1.621340e+02 2.000000e+00
      vertex   -2.237071e+02 -1.622929e+02 2.000000e+00
    endloop
  endfacet
  facet normal 7.933533e-01 -6.087614e-01 0.000000e+00
    outer loop
      vertex   -2.237071e+02 -1.622929e+02 1.000000e+00
      vertex   -2.237071e+02 -1.622929e+02 2.000000e+00
      vertex   -2.238660e+02 -1.625000e+02 1.000000e+00
    endloop
  endfacet
  facet normal 7.933533e-01 -6.087614e-01 0.000000e+00
    outer loop
      vertex   -2.238660e+02 -1.625000e+02 1.000000e+00
      vertex   -2.237071e+02 -1.622929e+02 2.000000e+00
      vertex   -2.238660e+02 -1.625000e+02 2.000000e+00
    endloop
  endfacet
  facet normal 8.660254e-01 -5.000000e-01 0.000000e+00
    outer loop
      vertex   -2.238660e+02 -1.625000e+02 2.000000e+00
      vertex   -2.267528e+02 -1.675000e+02 2.000000e+00
      vertex   -2.238660e+02 -1.625000e+02 1.000000e+00
    endloop
  endfacet
  facet normal 8.660254e-01 -5.000000e-01 0.000000e+00
    outer loop
      vertex   -2.238660e+02 -1.625000e+02 1.000000e+00
      vertex   -2.267528e+02 -1.675000e+02 2.000000e+00
      vertex   -2.267528e+02 -1.675000e+02 1.000000e+00
    endloop
  endfacet
  facet normal 9.238795e-01 -3.826834e-01 0.000000e+00
    outer loop
      vertex   -2.267528e+02 -1.675000e+02 1.000000e+00
      vertex   -2.267528e+02 -1.675000e+02 2.000000e+00
      vertex   -2.268527e+02 -1.677412e+02 1.000000e+00
    endloop
  endfacet
  facet normal 9.238795e-01 -3.826834e-01 -1.624658e-10
    outer loop
      vertex   -2.268527e+02 -1.677412e+02 1.000000e+00
      vertex   -2.267528e+02 -1.675000e+02 2.000000e+00
      vertex   -2.268527e+02 -1.677412e+02 2.000000e+00
    endloop
  endfacet
  facet normal 9.914449e-01 -1.305262e-01 1.624522e-10
    outer loop
      vertex   -2.268527e+02 -1.677412e+02 1.000000e+00
      vertex   -2.268527e+02 -1.677412e+02 2.000000e+00
      vertex   -2.268868e+02 -1.680000e+02 1.000000e+00
    endloop
  endfacet
  facet normal 9.914449e-01 -1.305262e-01 -3.248853e-10
    outer loop
      vertex   -2.268868e+02 -1.680000e+02 1.000000e+00
      vertex   -2.268527e+02 -1.677412e+02 2.000000e+00
      vertex   -2.268868e+02 -1.680000e+02 2.000000e+00
    endloop
  endfacet
  facet normal 9.914449e-01 1.305262e-01 3.249416e-10
    outer loop
      vertex   -2.268868e+02 -1.680000e+02 1.000000e+00
      vertex   -2.268868e+02 -1.680000e+02 2.000000e+00
      vertex   -2.268527e+02 -1.682588e+02 1.000000e+00
    endloop
  endfacet
  facet normal 9.914449e-01 1.305262e-01 -4.874129e-10
    outer loop
      vertex   -2.268527e+02 -1.682588e+02 1.000000e+00
      vertex   -2.268868e+02 -1.680000e+02 2.000000e+00
      vertex   -2.268527e+02 -1.682588e+02 2.000000e+00
    endloop
  endfacet
  facet normal 9.238795e-01 3.826834e-01 4.873450e-10
    outer loop
      vertex   -2.268527e+02 -1.682588e+02 1.000000e+00
      vertex   -2.268527e+02 -1.682588e+02 2.000000e+00
      vertex   -2.267528e+02 -1.685000e+02 1.000000e+00
    endloop
  endfacet
  facet normal 9.238795e-01 3.826834e-01 -6.498535e-10
    outer loop
      vertex   -2.267528e+02 -1.685000e+02 1.000000e+00
      vertex   -2.268527e+02 -1.682588e+02 2.000000e+00
      vertex   -2.267528e+02 -1.685000e+02 2.000000e+00
    endloop
  endfacet
  facet normal 7.933533e-01 6.087614e-01 6.498422e-10
    outer loop
      vertex   -2.267528e+02 -1.685000e+02 1.000000e+00
      vertex   -2.267528e+02 -1.685000e+02 2.000000e+00
      vertex   -2.265939e+02 -1.687071e+02 1.000000e+00
    endloop
  endfacet
  facet normal 7.933533e-01 6.087614e-01 -8.123201e-10
    outer loop
      vertex   -2.265939e+02 -1.687071e+02 1.000000e+00
      vertex   -2.267528e+02 -1.685000e+02 2.000000e+00
      vertex   -2.265939e+02 -1.687071e+02 2.000000e+00
    endloop
  endfacet
  facet normal 6.087614e-01 7.933533e-01 8.122803e-10
    outer loop
      vertex   -2.265939e+02 -1.687071e+02 1.000000e+00
      vertex   -2.265939e+02 -1.687071e+02 2.000000e+00
      vertex   -2.263868e+02 -1.688660e+02 1.000000e+00
    endloop
  endfacet
  facet normal 6.087614e-01 7.933533e-01 -9.747651e-10
    outer loop
      vertex   -2.263868e+02 -1.688660e+02 1.000000e+00
      vertex   -2.265939e+02 -1.687071e+02 2.000000e+00
      vertex   -2.263868e+02 -1.688660e+02 2.000000e+00
    endloop
  endfacet
  facet normal 3.826834e-01 9.238795e-01 9.747550e-10
    outer loop
      vertex   -2.263868e+02 -1.688660e+02 1.000000e+00
      vertex   -2.263868e+02 -1.688660e+02 2.000000e+00
      vertex   -2.261456e+02 -1.689659e+02 1.000000e+00
    endloop
  endfacet
  facet normal 3.826834e-01 9.238795e-01 -1.137208e-09
    outer loop
      vertex   -2.261456e+02 -1.689659e+02 1.000000e+00
      vertex   -2.263868e+02 -1.688660e+02 2.000000e+00
      vertex   -2.261456e+02 -1.689659e+02 2.000000e+00
    endloop
  endfacet
  facet normal 1.305262e-01 9.914449e-01 1.137222e-09
    outer loop
      vertex   -2.261456e+02 -1.689659e+02 1.000000e+00
      vertex   -2.261456e+02 -1.689659e+02 2.000000e+00
      vertex   -2.258868e+02 -1.690000e+02 1.000000e+00
    endloop
  endfacet
  facet normal 1.305262e-01 9.914449e-01 -1.299640e-09
    outer loop
      vertex   -2.258868e+02 -1.690000e+02 1.000000e+00
      vertex   -2.261456e+02 -1.689659e+02 2.000000e+00
      vertex   -2.258868e+02 -1.690000e+02 2.000000e+00
    endloop
  endfacet
  facet normal -1.305262e-01 9.914449e-01 1.299697e-09
    outer loop
      vertex   -2.258868e+02 -1.690000e+02 1.000000e+00
      vertex   -2.258868e+02 -1.690000e+02 2.000000e+00
      vertex   -2.256279e+02 -1.689659e+02 1.000000e+00
    endloop
  endfacet
  facet normal -1.305262e-01 9.914449e-01 -1.462126e-09
    outer loop
      vertex   -2.256279e+02 -1.689659e+02 1.000000e+00
      vertex   -2.258868e+02 -1.690000e+02 2.000000e+00
      vertex   -2.256279e+02 -1.689659e+02 2.000000e+00
    endloop
  endfacet
  facet normal -3.826834e-01 9.238795e-01 1.462140e-09
    outer loop
      vertex   -2.256279e+02 -1.689659e+02 1.000000e+00
      vertex   -2.256279e+02 -1.689659e+02 2.000000e+00
      vertex   -2.253868e+02 -1.688660e+02 1.000000e+00
    endloop
  endfacet
  facet normal -3.826834e-01 9.238795e-01 -1.624578e-09
    outer loop
      vertex   -2.253868e+02 -1.688660e+02 1.000000e+00
      vertex   -2.256279e+02 -1.689659e+02 2.000000e+00
      vertex   -2.253868e+02 -1.688660e+02 2.000000e+00
    endloop
  endfacet
  facet normal -6.087614e-01 7.933533e-01 1.624618e-09
    outer loop
      vertex   -2.253868e+02 -1.688660e+02 1.000000e+00
      vertex   -2.253868e+02 -1.688660e+02 2.000000e+00
      vertex   -2.251796e+02 -1.687071e+02 1.000000e+00
    endloop
  endfacet
  facet normal -6.087614e-01 7.933533e-01 -1.787073e-09
    outer loop
      vertex   -2.251796e+02 -1.687071e+02 1.000000e+00
      vertex   -2.253868e+02 -1.688660e+02 2.000000e+00
      vertex   -2.251796e+02 -1.687071e+02 2.000000e+00
    endloop
  endfacet
  facet normal -7.933533e-01 6.087615e-01 1.787032e-09
    outer loop
      vertex   -2.251796e+02 -1.687071e+02 1.000000e+00
      vertex   -2.251796e+02 -1.687071e+02 2.000000e+00
      vertex   -2.250207e+02 -1.685000e+02 1.000000e+00
    endloop
  endfacet
  facet normal -7.933533e-01 6.087615e-01 0.000000e+00
    outer loop
      vertex   -2.250207e+02 -1.685000e+02 1.000000e+00
      vertex   -2.251796e+02 -1.687071e+02 2.000000e+00
      vertex   -2.250207e+02 -1.685000e+02 2.000000e+00
    endloop
  endfacet
  facet normal -8.660254e-01 5.000000e-01 0.000000e+00
    outer loop
      vertex   -2.250207e+02 -1.685000e+02 2.000000e+00
      vertex   -2.238660e+02 -1.665000e+02 2.000000e+00
      vertex   -2.250207e+02 -1.685000e+02 1.000000e+00
    endloop
  endfacet
  facet normal -8.660254e-01 5.000000e-01 0.000000e+00
    outer loop
      vertex   -2.250207e+02 -1.685000e+02 1.000000e+00
      vertex   -2.238660e+02 -1.665000e+02 2.000000e+00
      vertex   -2.238660e+02 -1.665000e+02 1.000000e+00
    endloop
  endfacet
  facet normal -7.933533e-01 6.087614e-01 0.000000e+00
    outer loop
      vertex   -2.238660e+02 -1.665000e+02 1.000000e+00
      vertex   -2.238660e+02 -1.665000e+02 2.000000e+00
      vertex   -2.237071e+02 -1.662929e+02 1.000000e+00
    endloop
  endfacet
  facet normal -7.933533e-01 6.087614e-01 0.000000e+00
    outer loop
      vertex   -2.237071e+02 -1.662929e+02 1.000000e+00
      vertex   -2.238660e+02 -1.665000e+02 2.000000e+00
      vertex   -2.237071e+02 -1.662929e+02 2.000000e+00
    endloop
  endfacet
  facet normal -6.087614e-01 7.933533e-01 0.000000e+00
    outer loop
      vertex   -2.237071e+02 -1.662929e+02 1.000000e+00
      vertex   -2.237071e+02 -1.662929e+02 2.000000e+00
      vertex   -2.235000e+02 -1.661340e+02 1.000000e+00
    endloop
  endfacet
  facet normal -6.087614e-01 7.933533e-01 0.000000e+00
    outer loop
      vertex   -2.235000e+02 -1.661340e+02 1.000000e+00
      vertex   -2.237071e+02 -1.662929e+02 2.000000e+00
      vertex   -2.235000e+02 -1.661340e+02 2.000000e+00
    endloop
  endfacet
  facet normal -3.826834e-01 9.238795e-01 0.000000e+00
    outer loop
      vertex   -2.235000e+02 -1.661340e+02 1.000000e+00
      vertex   -2.235000e+02 -1.661340e+02 2.000000e+00
      vertex   -2.232588e+02 -1.660341e+02 1.000000e+00
    endloop
  endfacet
  facet normal -3.826834e-01 9.238795e-01 0.000000e+00
    outer loop
      vertex   -2.232588e+02 -1.660341e+02 1.000000e+00
      vertex   -2.235000e+02 -1.661340e+02 2.000000e+00
      vertex   -2.232588e+02 -1.660341e+02 2.000000e+00
    endloop
  endfacet
  facet normal -1.305262e-01 9.914449e-01 0.000000e+00
    outer loop
      vertex   -2.232588e+02 -1.660341e+02 1.000000e+00
      vertex   -2.232588e+02 -1.660341e+02 2.000000e+00
      vertex   -2.230000e+02 -1.660000e+02 1.000000e+00
    endloop
  endfacet
  facet normal -1.305262e-01 9.914449e-01 0.000000e+00
    outer loop
      vertex   -2.230000e+02 -1.660000e+02 1.000000e+00
      vertex   -2.232588e+02 -1.660341e+02 2.000000e+00
      vertex   -2.230000e+02 -1.660000e+02 2.000000e+00
    endloop
  endfacet
  facet normal 1.305262e-01 9.914449e-01 -0.000000e+00
    outer loop
      vertex   -2.230000e+02 -1.660000e+02 1.000000e+00
      vertex   -2.230000e+02 -1.660000e+02 2.000000e+00
      vertex   -2.227412e+02 -1.660341e+02 1.000000e+00
    endloop
  endfacet
  facet normal 1.305262e-01 9.914449e-01 -0.000000e+00
    outer loop
      vertex   -2.227412e+02 -1.660341e+02 1.000000e+00
      vertex   -2.230000e+02 -1.660000e+02 2.000000e+00
      vertex   -2.227412e+02 -1.660341e+02 2.000000e+00
    endloop
  endfacet
  facet normal 3.826834e-01 9.238795e-01 -0.000000e+00
    outer loop
      vertex   -2.227412e+02 -1.660341e+02 1.000000e+00
      vertex   -2.227412e+02 -1.660341e+02 2.000000e+00
      vertex   -2.225000e+02 -1.661340e+02 1.000000e+00
    endloop
  endfacet
  facet normal 3.826834e-01 9.238795e-01 -0.000000e+00
    outer loop
      vertex   -2.225000e+02 -1.661340e+02 1.000000e+00
      vertex   -2.227412e+02 -1.660341e+02 2.000000e+00
      vertex   -2.225000e+02 -1.661340e+02 2.000000e+00
    endloop
  endfacet
  facet normal 6.087614e-01 7.933533e-01 -0.000000e+00
    outer loop
      vertex   -2.225000e+02 -1.661340e+02 1.000000e+00
      vertex   -2.225000e+02 -1.661340e+02 2.000000e+00
      vertex   -2.222929e+02 -1.662929e+02 1.000000e+00
    endloop
  endfacet
  facet normal 6.087614e-01 7.933533e-01 -0.000000e+00
    outer loop
      vertex   -2.222929e+02 -1.662929e+02 1.000000e+00
      vertex   -2.225000e+02 -1.661340e+02 2.000000e+00
      vertex   -2.222929e+02 -1.662929e+02 2.000000e+00
    endloop
  endfacet
  facet normal 7.933533e-01 6.087614e-01 -0.000000e+00
    outer loop
      vertex   -2.222929e+02 -1.662929e+02 1.000000e+00
      vertex   -2.222929e+02 -1.662929e+02 2.000000e+00
      vertex   -2.221340e+02 -1.665000e+02 1.000000e+00
    endloop
  endfacet
  facet normal 7.933533e-01 6.087614e-01 -0.000000e+00
    outer loop
      vertex   -2.221340e+02 -1.665000e+02 1.000000e+00
      vertex   -2.222929e+02 -1.662929e+02 2.000000e+00
      vertex   -2.221340e+02 -1.665000e+02 2.000000e+00
    endloop
  endfacet
  facet normal 8.660254e-01 5.000000e-01 0.000000e+00
    outer loop
      vertex   -2.221340e+02 -1.665000e+02 2.000000e+00
      vertex   -2.209793e+02 -1.685000e+02 2.000000e+00
      vertex   -2.221340e+02 -1.665000e+02 1.000000e+00
    endloop
  endfacet
  facet normal 8.660254e-01 5.000000e-01 0.000000e+00
    outer loop
      vertex   -2.221340e+02 -1.665000e+02 1.000000e+00
      vertex   -2.209793e+02 -1.685000e+02 2.000000e+00
      vertex   -2.209793e+02 -1.685000e+02 1.000000e+00
    endloop
  endfacet
  facet normal 7.933533e-01 6.087614e-01 0.000000e+00
    outer loop
      vertex   -2.209793e+02 -1.685000e+02 2.000000e+00
      vertex   -2.208204e+02 -1.687071e+02 2.000000e+00
      vertex   -2.209793e+02 -1.685000e+02 1.000000e+00
    endloop
  endfacet
  facet normal 7.933533e-01 6.087614e-01 2.118782e-10
    outer loop
      vertex   -2.209793e+02 -1.685000e+02 1.000000e+00
      vertex   -2.208204e+02 -1.687071e+02 2.000000e+00
      vertex   -2.208204e+02 -1.687071e+02 1.000000e+00
    endloop
  endfacet
  facet normal 6.087614e-01 7.933533e-01 -2.118383e-10
    outer loop
      vertex   -2.208204e+02 -1.687071e+02 1.000000e+00
      vertex   -2.208204e+02 -1.687071e+02 2.000000e+00
      vertex   -2.206133e+02 -1.688660e+02 2.000000e+00
    endloop
  endfacet
  facet normal 6.087614e-01 7.933533e-01 4.236595e-10
    outer loop
      vertex   -2.208204e+02 -1.687071e+02 1.000000e+00
      vertex   -2.206133e+02 -1.688660e+02 2.000000e+00
      vertex   -2.206133e+02 -1.688660e+02 1.000000e+00
    endloop
  endfacet
  facet normal 3.826834e-01 9.238795e-01 -4.237635e-10
    outer loop
      vertex   -2.206133e+02 -1.688660e+02 1.000000e+00
      vertex   -2.206133e+02 -1.688660e+02 2.000000e+00
      vertex   -2.203721e+02 -1.689659e+02 2.000000e+00
    endloop
  endfacet
  facet normal 3.826834e-01 9.238795e-01 6.356103e-10
    outer loop
      vertex   -2.206133e+02 -1.688660e+02 1.000000e+00
      vertex   -2.203721e+02 -1.689659e+02 2.000000e+00
      vertex   -2.203721e+02 -1.689659e+02 1.000000e+00
    endloop
  endfacet
  facet normal 1.305262e-01 9.914449e-01 -6.355247e-10
    outer loop
      vertex   -2.203721e+02 -1.689659e+02 1.000000e+00
      vertex   -2.203721e+02 -1.689659e+02 2.000000e+00
      vertex   -2.201133e+02 -1.690000e+02 2.000000e+00
    endloop
  endfacet
  facet normal 1.305262e-01 9.914449e-01 8.474282e-10
    outer loop
      vertex   -2.203721e+02 -1.689659e+02 1.000000e+00
      vertex   -2.201133e+02 -1.690000e+02 2.000000e+00
      vertex   -2.201133e+02 -1.690000e+02 1.000000e+00
    endloop
  endfacet
  facet normal -1.305262e-01 9.914449e-01 -8.474282e-10
    outer loop
      vertex   -2.201133e+02 -1.690000e+02 1.000000e+00
      vertex   -2.201133e+02 -1.690000e+02 2.000000e+00
      vertex   -2.198544e+02 -1.689659e+02 2.000000e+00
    endloop
  endfacet
  facet normal -1.305262e-01 9.914449e-01 1.059258e-09
    outer loop
      vertex   -2.201133e+02 -1.690000e+02 1.000000e+00
      vertex   -2.198544e+02 -1.689659e+02 2.000000e+00
      vertex   -2.198544e+02 -1.689659e+02 1.000000e+00
    endloop
  endfacet
  facet normal -3.826834e-01 9.238795e-01 -1.059316e-09
    outer loop
      vertex   -2.198544e+02 -1.689659e+02 1.000000e+00
      vertex   -2.198544e+02 -1.689659e+02 2.000000e+00
      vertex   -2.196133e+02 -1.688660e+02 2.000000e+00
    endloop
  endfacet
  facet normal -3.826834e-01 9.238795e-01 1.271116e-09
    outer loop
      vertex   -2.198544e+02 -1.689659e+02 1.000000e+00
      vertex   -2.196133e+02 -1.688660e+02 2.000000e+00
      vertex   -2.196133e+02 -1.688660e+02 1.000000e+00
    endloop
  endfacet
  facet normal -6.087614e-01 7.933533e-01 -1.271160e-09
    outer loop
      vertex   -2.196133e+02 -1.688660e+02 1.000000e+00
      vertex   -2.196133e+02 -1.688660e+02 2.000000e+00
      vertex   -2.194061e+02 -1.687071e+02 2.000000e+00
    endloop
  endfacet
  facet normal -6.087614e-01 7.933533e-01 1.483000e-09
    outer loop
      vertex   -2.196133e+02 -1.688660e+02 1.000000e+00
      vertex   -2.194061e+02 -1.687071e+02 2.000000e+00
      vertex   -2.194061e+02 -1.687071e+02 1.000000e+00
    endloop
  endfacet
  facet normal -7.933533e-01 6.087614e-01 -1.483000e-09
    outer loop
      vertex   -2.194061e+02 -1.687071e+02 1.000000e+00
      vertex   -2.194061e+02 -1.687071e+02 2.000000e+00
      vertex   -2.192472e+02 -1.685000e+02 2.000000e+00
    endloop
  endfacet
  facet normal -7.933533e-01 6.087614e-01 1.694900e-09
    outer loop
      vertex   -2.194061e+02 -1.687071e+02 1.000000e+00
      vertex   -2.192472e+02 -1.685000e+02 2.000000e+00
      vertex   -2.192472e+02 -1.685000e+02 1.000000e+00
    endloop
  endfacet
  facet normal -9.238795e-01 3.826834e-01 -1.694805e-09
    outer loop
      vertex   -2.192472e+02 -1.685000e+02 1.000000e+00
      vertex   -2.192472e+02 -1.685000e+02 2.000000e+00
      vertex   -2.191473e+02 -1.682588e+02 2.000000e+00
    endloop
  endfacet
  facet normal -9.238795e-01 3.826834e-01 1.906700e-09
    outer loop
      vertex   -2.192472e+02 -1.685000e+02 1.000000e+00
      vertex   -2.191473e+02 -1.682588e+02 2.000000e+00
      vertex   -2.191473e+02 -1.682588e+02 1.000000e+00
    endloop
  endfacet
  facet normal -9.914449e-01 1.305262e-01 -1.906715e-09
    outer loop
      vertex   -2.191473e+02 -1.682588e+02 1.000000e+00
      vertex   -2.191473e+02 -1.682588e+02 2.000000e+00
      vertex   -2.191133e+02 -1.680000e+02 2.000000e+00
    endloop
  endfacet
  facet normal -9.914449e-01 1.305262e-01 2.118569e-09
    outer loop
      vertex   -2.191473e+02 -1.682588e+02 1.000000e+00
      vertex   -2.191133e+02 -1.680000e+02 2.000000e+00
      vertex   -2.191133e+02 -1.680000e+02 1.000000e+00
    endloop
  endfacet
  facet normal -9.914449e-01 -1.305262e-01 -2.118568e-09
    outer loop
      vertex   -2.191133e+02 -1.680000e+02 1.000000e+00
      vertex   -2.191133e+02 -1.680000e+02 2.000000e+00
      vertex   -2.191473e+02 -1.677412e+02 2.000000e+00
    endloop
  endfacet
  facet normal -9.914449e-01 -1.305262e-01 2.330399e-09
    outer loop
      vertex   -2.191133e+02 -1.680000e+02 1.000000e+00
      vertex   -2.191473e+02 -1.677412e+02 2.000000e+00
      vertex   -2.191473e+02 -1.677412e+02 1.000000e+00
    endloop
  endfacet
  facet normal -9.238796e-01 -3.826833e-01 -2.330434e-09
    outer loop
      vertex   -2.191473e+02 -1.677412e+02 1.000000e+00
      vertex   -2.191473e+02 -1.677412e+02 2.000000e+00
      vertex   -2.192472e+02 -1.675000e+02 2.000000e+00
    endloop
  endfacet
  facet normal -9.238796e-01 -3.826833e-01 0.000000e+00
    outer loop
      vertex   -2.191473e+02 -1.677412e+02 1.000000e+00
      vertex   -2.192472e+02 -1.675000e+02 2.000000e+00
      vertex   -2.192472e+02 -1.675000e+02 1.000000e+00
    endloop
  endfacet
  facet normal 0.000000e+00 -0.000000e+00 1.000000e+00
    outer loop
      vertex   -2.208204e+02 -1.687071e+02 1.000000e+00
      vertex   -2.194061e+02 -1.687071e+02 1.000000e+00
      vertex   -2.209793e+02 -1.685000e+02 1.000000e+00
    endloop
  endfacet
  facet normal -0.000000e+00 0.000000e+00 1.000000e+00
    outer loop
      vertex   -2.209793e+02 -1.685000e+02 1.000000e+00
      vertex   -2.194061e+02 -1.687071e+02 1.000000e+00
      vertex   -2.192472e+02 -1.685000e+02 1.000000e+00
    endloop
  endfacet
  facet normal 0.000000e+00 0.000000e+00 1.000000e+00
    outer loop
      vertex   -2.209793e+02 -1.685000e+02 1.000000e+00
      vertex   -2.192472e+02 -1.685000e+02 1.000000e+00
      vertex   -2.191473e+02 -1.682588e+02 1.000000e+00
    endloop
  endfacet
  facet normal 0.000000e+00 0.000000e+00 1.000000e+00
    outer loop
      vertex   -2.194061e+02 -1.687071e+02 1.000000e+00
      vertex   -2.208204e+02 -1.687071e+02 1.000000e+00
      vertex   -2.196133e+02 -1.688660e+02 1.000000e+00
    endloop
  endfacet
  facet normal 0.000000e+00 0.000000e+00 1.000000e+00
    outer loop
      vertex   -2.196133e+02 -1.688660e+02 1.000000e+00
      vertex   -2.208204e+02 -1.687071e+02 1.000000e+00
      vertex   -2.206133e+02 -1.688660e+02 1.000000e+00
    endloop
  endfacet
  facet normal 0.000000e+00 0.000000e+00 1.000000e+00
    outer loop
      vertex   -2.196133e+02 -1.688660e+02 1.000000e+00
      vertex   -2.206133e+02 -1.688660e+02 1.000000e+00
      vertex   -2.198544e+02 -1.689659e+02 1.000000e+00
    endloop
  endfacet
  facet normal 0.000000e+00 0.000000e+00 1.000000e+00
    outer loop
      vertex   -2.198544e+02 -1.689659e+02 1.000000e+00
      vertex   -2.206133e+02 -1.688660e+02 1.000000e+00
      vertex   -2.203721e+02 -1.689659e+02 1.000000e+00
    endloop
  endfacet
  facet normal 0.000000e+00 0.000000e+00 1.000000e+00
    outer loop
      vertex   -2.198544e+02 -1.689659e+02 1.000000e+00
      vertex   -2.203721e+02 -1.689659e+02 1.000000e+00
      vertex   -2.201133e+02 -1.690000e+02 1.000000e+00
    endloop
  endfacet
  facet normal 0.000000e+00 -0.000000e+00 1.000000e+00
    outer loop
      vertex   -2.191473e+02 -1.682588e+02 1.000000e+00
      vertex   -2.191133e+02 -1.680000e+02 1.000000e+00
      vertex   -2.209793e+02 -1.685000e+02 1.000000e+00
    endloop
  endfacet
  facet normal 0.000000e+00 0.000000e+00 1.000000e+00
    outer loop
      vertex   -2.209793e+02 -1.685000e+02 1.000000e+00
      vertex   -2.191133e+02 -1.680000e+02 1.000000e+00
      vertex   -2.191473e+02 -1.677412e+02 1.000000e+00
    endloop
  endfacet
  facet normal 0.000000e+00 0.000000e+00 1.000000e+00
    outer loop
      vertex   -2.209793e+02 -1.685000e+02 1.000000e+00
      vertex   -2.191473e+02 -1.677412e+02 1.000000e+00
      vertex   -2.192472e+02 -1.675000e+02 1.000000e+00
    endloop
  endfacet
  facet normal 0.000000e+00 0.000000e+00 1.000000e+00
    outer loop
      vertex   -2.221340e+02 -1.625000e+02 1.000000e+00
      vertex   -2.222929e+02 -1.662929e+02 1.000000e+00
      vertex   -2.192472e+02 -1.675000e+02 1.000000e+00
    endloop
  endfacet
  facet normal 0.000000e+00 0.000000e+00 1.000000e+00
    outer loop
      vertex   -2.192472e+02 -1.675000e+02 1.000000e+00
      vertex   -2.222929e+02 -1.662929e+02 1.000000e+00
      vertex   -2.221340e+02 -1.665000e+02 1.000000e+00
    endloop
  endfacet
  facet normal 0.000000e+00 0.000000e+00 1.000000e+00
    outer loop
      vertex   -2.192472e+02 -1.675000e+02 1.000000e+00
      vertex   -2.221340e+02 -1.665000e+02 1.000000e+00
      vertex   -2.209793e+02 -1.685000e+02 1.000000e+00
    endloop
  endfacet
  facet normal 0.000000e+00 0.000000e+00 1.000000e+00
    outer loop
      vertex   -2.222929e+02 -1.622929e+02 1.000000e+00
      vertex   -2.237071e+02 -1.622929e+02 1.000000e+00
      vertex   -2.221340e+02 -1.625000e+02 1.000000e+00
    endloop
  endfacet
  facet normal 0.000000e+00 0.000000e+00 1.000000e+00
    outer loop
      vertex   -2.221340e+02 -1.625000e+02 1.000000e+00
      vertex   -2.237071e+02 -1.622929e+02 1.000000e+00
      vertex   -2.238660e+02 -1.625000e+02 1.000000e+00
    endloop
  endfacet
  facet normal 0.000000e+00 0.000000e+00 1.000000e+00
    outer loop
      vertex   -2.221340e+02 -1.625000e+02 1.000000e+00
      vertex   -2.238660e+02 -1.625000e+02 1.000000e+00
      vertex   -2.230000e+02 -1.660000e+02 1.000000e+00
    endloop
  endfacet
  facet normal 0.000000e+00 0.000000e+00 1.000000e+00
    outer loop
      vertex   -2.230000e+02 -1.660000e+02 1.000000e+00
      vertex   -2.238660e+02 -1.625000e+02 1.000000e+00
      vertex   -2.232588e+02 -1.660341e+02 1.000000e+00
    endloop
  endfacet
  facet normal 0.000000e+00 0.000000e+00 1.000000e+00
    outer loop
      vertex   -2.232588e+02 -1.660341e+02 1.000000e+00
      vertex   -2.238660e+02 -1.625000e+02 1.000000e+00
      vertex   -2.235000e+02 -1.661340e+02 1.000000e+00
    endloop
  endfacet
  facet normal 0.000000e+00 0.000000e+00 1.000000e+00
    outer loop
      vertex   -2.235000e+02 -1.661340e+02 1.000000e+00
      vertex   -2.238660e+02 -1.625000e+02 1.000000e+00
      vertex   -2.237071e+02 -1.662929e+02 1.000000e+00
    endloop
  endfacet
  facet normal 0.000000e+00 0.000000e+00 1.000000e+00
    outer loop
      vertex   -2.237071e+02 -1.662929e+02 1.000000e+00
      vertex   -2.238660e+02 -1.625000e+02 1.000000e+00
      vertex   -2.267528e+02 -1.675000e+02 1.000000e+00
    endloop
  endfacet
  facet normal 0.000000e+00 0.000000e+00 1.000000e+00
    outer loop
      vertex   -2.237071e+02 -1.662929e+02 1.000000e+00
      vertex   -2.267528e+02 -1.675000e+02 1.000000e+00
      vertex   -2.238660e+02 -1.665000e+02 1.000000e+00
    endloop
  endfacet
  facet normal 0.000000e+00 0.000000e+00 1.000000e+00
    outer loop
      vertex   -2.238660e+02 -1.665000e+02 1.000000e+00
      vertex   -2.267528e+02 -1.675000e+02 1.000000e+00
      vertex   -2.250207e+02 -1.685000e+02 1.000000e+00
    endloop
  endfacet
  facet normal 0.000000e+00 0.000000e+00 1.000000e+00
    outer loop
      vertex   -2.250207e+02 -1.685000e+02 1.000000e+00
      vertex   -2.267528e+02 -1.675000e+02 1.000000e+00
      vertex   -2.268527e+02 -1.677412e+02 1.000000e+00
    endloop
  endfacet
  facet normal 0.000000e+00 0.000000e+00 1.000000e+00
    outer loop
      vertex   -2.250207e+02 -1.685000e+02 1.000000e+00
      vertex   -2.268527e+02 -1.677412e+02 1.000000e+00
      vertex   -2.268868e+02 -1.680000e+02 1.000000e+00
    endloop
  endfacet
  facet normal 0.000000e+00 0.000000e+00 1.000000e+00
    outer loop
      vertex   -2.237071e+02 -1.622929e+02 1.000000e+00
      vertex   -2.222929e+02 -1.622929e+02 1.000000e+00
      vertex   -2.235000e+02 -1.621340e+02 1.000000e+00
    endloop
  endfacet
  facet normal -0.000000e+00 0.000000e+00 1.000000e+00
    outer loop
      vertex   -2.235000e+02 -1.621340e+02 1.000000e+00
      vertex   -2.222929e+02 -1.622929e+02 1.000000e+00
      vertex   -2.225000e+02 -1.621340e+02 1.000000e+00
    endloop
  endfacet
  facet normal 0.000000e+00 0.000000e+00 1.000000e+00
    outer loop
      vertex   -2.235000e+02 -1.621340e+02 1.000000e+00
      vertex   -2.225000e+02 -1.621340e+02 1.000000e+00
      vertex   -2.232588e+02 -1.620341e+02 1.000000e+00
    endloop
  endfacet
  facet normal -0.000000e+00 0.000000e+00 1.000000e+00
    outer loop
      vertex   -2.232588e+02 -1.620341e+02 1.000000e+00
      vertex   -2.225000e+02 -1.621340e+02 1.000000e+00
      vertex   -2.227412e+02 -1.620341e+02 1.000000e+00
    endloop
  endfacet
  facet normal 0.000000e+00 0.000000e+00 1.000000e+00
    outer loop
      vertex   -2.232588e+02 -1.620341e+02 1.000000e+00
      vertex   -2.227412e+02 -1.620341e+02 1.000000e+00
      vertex   -2.230000e+02 -1.620000e+02 1.000000e+00
    endloop
  endfacet
  facet normal 0.000000e+00 0.000000e+00 1.000000e+00
    outer loop
      vertex   -2.268868e+02 -1.680000e+02 1.000000e+00
      vertex   -2.268527e+02 -1.682588e+02 1.000000e+00
      vertex   -2.250207e+02 -1.685000e+02 1.000000e+00
    endloop
  endfacet
  facet normal 0.000000e+00 0.000000e+00 1.000000e+00
    outer loop
      vertex   -2.250207e+02 -1.685000e+02 1.000000e+00
      vertex   -2.268527e+02 -1.682588e+02 1.000000e+00
      vertex   -2.267528e+02 -1.685000e+02 1.000000e+00
    endloop
  endfacet
  facet normal 0.000000e+00 0.000000e+00 1.000000e+00
    outer loop
      vertex   -2.250207e+02 -1.685000e+02 1.000000e+00
      vertex   -2.267528e+02 -1.685000e+02 1.000000e+00
      vertex   -2.251796e+02 -1.687071e+02 1.000000e+00
    endloop
  endfacet
  facet normal 0.000000e+00 0.000000e+00 1.000000e+00
    outer loop
      vertex   -2.251796e+02 -1.687071e+02 1.000000e+00
      vertex   -2.267528e+02 -1.685000e+02 1.000000e+00
      vertex   -2.265939e+02 -1.687071e+02 1.000000e+00
    endloop
  endfacet
  facet normal 0.000000e+00 0.000000e+00 1.000000e+00
    outer loop
      vertex   -2.251796e+02 -1.687071e+02 1.000000e+00
      vertex   -2.265939e+02 -1.687071e+02 1.000000e+00
      vertex   -2.253868e+02 -1.688660e+02 1.000000e+00
    endloop
  endfacet
  facet normal 0.000000e+00 0.000000e+00 1.000000e+00
    outer loop
      vertex   -2.253868e+02 -1.688660e+02 1.000000e+00
      vertex   -2.265939e+02 -1.687071e+02 1.000000e+00
      vertex   -2.263868e+02 -1.688660e+02 1.000000e+00
    endloop
  endfacet
  facet normal 0.000000e+00 0.000000e+00 1.000000e+00
    outer loop
      vertex   -2.253868e+02 -1.688660e+02 1.000000e+00
      vertex   -2.263868e+02 -1.688660e+02 1.000000e+00
      vertex   -2.256279e+02 -1.689659e+02 1.000000e+00
    endloop
  endfacet
  facet normal 0.000000e+00 0.000000e+00 1.000000e+00
    outer loop
      vertex   -2.256279e+02 -1.689659e+02 1.000000e+00
      vertex   -2.263868e+02 -1.688660e+02 1.000000e+00
      vertex   -2.261456e+02 -1.689659e+02 1.000000e+00
    endloop
  endfacet
  facet normal 0.000000e+00 0.000000e+00 1.000000e+00
    outer loop
      vertex   -2.256279e+02 -1.689659e+02 1.000000e+00
      vertex   -2.261456e+02 -1.689659e+02 1.000000e+00
      vertex   -2.258868e+02 -1.690000e+02 1.000000e+00
    endloop
  endfacet
  facet normal -0.000000e+00 0.000000e+00 1.000000e+00
    outer loop
      vertex   -2.230000e+02 -1.660000e+02 1.000000e+00
      vertex   -2.227412e+02 -1.660341e+02 1.000000e+00
      vertex   -2.221340e+02 -1.625000e+02 1.000000e+00
    endloop
  endfacet
  facet normal 0.000000e+00 0.000000e+00 1.000000e+00
    outer loop
      vertex   -2.221340e+02 -1.625000e+02 1.000000e+00
      vertex   -2.227412e+02 -1.660341e+02 1.000000e+00
      vertex   -2.225000e+02 -1.661340e+02 1.000000e+00
    endloop
  endfacet
  facet normal 0.000000e+00 0.000000e+00 1.000000e+00
    outer loop
      vertex   -2.221340e+02 -1.625000e+02 1.000000e+00
      vertex   -2.225000e+02 -1.661340e+02 1.000000e+00
      vertex   -2.222929e+02 -1.662929e+02 1.000000e+00
    endloop
  endfacet
  facet normal -0.000000e+00 0.000000e+00 1.000000e+00
    outer loop
      vertex   -2.413053e+02 -1.250856e+02 2.000000e+00
      vertex   -2.425882e+02 -1.253407e+02 2.000000e+00
      vertex   -2.400000e+02 -1.250000e+02 2.000000e+00
    endloop
  endfacet
  facet normal 0.000000e+00 0.000000e+00 1.000000e+00
    outer loop
      vertex   -2.400000e+02 -1.250000e+02 2.000000e+00
      vertex   -2.425882e+02 -1.253407e+02 2.000000e+00
      vertex   -2.438268e+02 -1.257612e+02 2.000000e+00
    endloop
  endfacet
  facet normal 0.000000e+00 0.000000e+00 1.000000e+00
    outer loop
      vertex   -2.400000e+02 -1.250000e+02 2.000000e+00
      vertex   -2.438268e+02 -1.257612e+02 2.000000e+00
      vertex   -2.450000e+02 -1.263397e+02 2.000000e+00
    endloop
  endfacet
  facet normal -0.000000e+00 0.000000e+00 1.000000e+00
    outer loop
      vertex   -2.450000e+02 -1.263397e+02 2.000000e+00
      vertex   -2.460876e+02 -1.270665e+02 2.000000e+00
      vertex   -2.400000e+02 -1.250000e+02 2.000000e+00
    endloop
  endfacet
  facet normal 0.000000e+00 0.000000e+00 1.000000e+00
    outer loop
      vertex   -2.400000e+02 -1.250000e+02 2.000000e+00
      vertex   -2.460876e+02 -1.270665e+02 2.000000e+00
      vertex   -2.470711e+02 -1.279289e+02 2.000000e+00
    endloop
  endfacet
  facet normal 0.000000e+00 0.000000e+00 1.000000e+00
    outer loop
      vertex   -2.400000e+02 -1.250000e+02 2.000000e+00
      vertex   -2.470711e+02 -1.279289e+02 2.000000e+00
      vertex   -2.479335e+02 -1.289124e+02 2.000000e+00
    endloop
  endfacet
  facet normal -0.000000e+00 0.000000e+00 1.000000e+00
    outer loop
      vertex   -2.479335e+02 -1.289124e+02 2.000000e+00
      vertex   -2.486603e+02 -1.300000e+02 2.000000e+00
      vertex   -2.400000e+02 -1.250000e+02 2.000000e+00
    endloop
  endfacet
  facet normal 0.000000e+00 0.000000e+00 1.000000e+00
    outer loop
      vertex   -2.400000e+02 -1.250000e+02 2.000000e+00
      vertex   -2.486603e+02 -1.300000e+02 2.000000e+00
      vertex   -2.492388e+02 -1.311732e+02 2.000000e+00
    endloop
  endfacet
  facet normal 0.000000e+00 0.000000e+00 1.000000e+00
    outer loop
      vertex   -2.400000e+02 -1.250000e+02 2.000000e+00
      vertex   -2.492388e+02 -1.311732e+02 2.000000e+00
      vertex   -2.496593e+02 -1.324118e+02 2.000000e+00
    endloop
  endfacet
  facet normal -0.000000e+00 0.000000e+00 1.000000e+00
    outer loop
      vertex   -2.496593e+02 -1.324118e+02 2.000000e+00
      vertex   -2.499144e+02 -1.336947e+02 2.000000e+00
      vertex   -2.400000e+02 -1.250000e+02 2.000000e+00
    endloop
  endfacet
  facet normal 0.000000e+00 0.000000e+00 1.000000e+00
    outer loop
      vertex   -2.400000e+02 -1.250000e+02 2.000000e+00
      vertex   -2.499144e+02 -1.336947e+02 2.000000e+00
      vertex   -2.500000e+02 -1.350000e+02 2.000000e+00
    endloop
  endfacet
  facet normal 0.000000e+00 0.000000e+00 1.000000e+00
    outer loop
      vertex   -2.400000e+02 -1.250000e+02 2.000000e+00
      vertex   -2.500000e+02 -1.350000e+02 2.000000e+00
      vertex   -2.278077e+02 -1.462471e+02 2.000000e+00
    endloop
  endfacet
  facet normal 0.000000e+00 0.000000e+00 1.000000e+00
    outer loop
      vertex   -2.278077e+02 -1.462471e+02 2.000000e+00
      vertex   -2.500000e+02 -1.350000e+02 2.000000e+00
      vertex   -2.296661e+02 -1.481686e+02 2.000000e+00
    endloop
  endfacet
  facet normal 0.000000e+00 0.000000e+00 1.000000e+00
    outer loop
      vertex   -2.296661e+02 -1.481686e+02 2.000000e+00
      vertex   -2.500000e+02 -1.350000e+02 2.000000e+00
      vertex   -2.313920e+02 -1.502100e+02 2.000000e+00
    endloop
  endfacet
  facet normal 0.000000e+00 0.000000e+00 1.000000e+00
    outer loop
      vertex   -2.313920e+02 -1.502100e+02 2.000000e+00
      vertex   -2.500000e+02 -1.350000e+02 2.000000e+00
      vertex   -2.329777e+02 -1.523621e+02 2.000000e+00
    endloop
  endfacet
  facet normal 0.000000e+00 0.000000e+00 1.000000e+00
    outer loop
      vertex   -2.329777e+02 -1.523621e+02 2.000000e+00
      vertex   -2.500000e+02 -1.350000e+02 2.000000e+00
      vertex   -2.344161e+02 -1.546153e+02 2.000000e+00
    endloop
  endfacet
  facet normal 0.000000e+00 0.000000e+00 1.000000e+00
    outer loop
      vertex   -2.344161e+02 -1.546153e+02 2.000000e+00
      vertex   -2.500000e+02 -1.350000e+02 2.000000e+00
      vertex   -2.357008e+02 -1.569596e+02 2.000000e+00
    endloop
  endfacet
  facet normal 0.000000e+00 0.000000e+00 1.000000e+00
    outer loop
      vertex   -2.357008e+02 -1.569596e+02 2.000000e+00
      vertex   -2.500000e+02 -1.350000e+02 2.000000e+00
      vertex   -2.368260e+02 -1.593844e+02 2.000000e+00
    endloop
  endfacet
  facet normal 0.000000e+00 0.000000e+00 1.000000e+00
    outer loop
      vertex   -2.368260e+02 -1.593844e+02 2.000000e+00
      vertex   -2.500000e+02 -1.350000e+02 2.000000e+00
      vertex   -2.377868e+02 -1.618790e+02 2.000000e+00
    endloop
  endfacet
  facet normal 0.000000e+00 0.000000e+00 1.000000e+00
    outer loop
      vertex   -2.377868e+02 -1.618790e+02 2.000000e+00
      vertex   -2.500000e+02 -1.350000e+02 2.000000e+00
      vertex   -2.385788e+02 -1.644322e+02 2.000000e+00
    endloop
  endfacet
  facet normal 0.000000e+00 0.000000e+00 1.000000e+00
    outer loop
      vertex   -2.385788e+02 -1.644322e+02 2.000000e+00
      vertex   -2.500000e+02 -1.350000e+02 2.000000e+00
      vertex   -2.391985e+02 -1.670326e+02 2.000000e+00
    endloop
  endfacet
  facet normal 0.000000e+00 0.000000e+00 1.000000e+00
    outer loop
      vertex   -2.391985e+02 -1.670326e+02 2.000000e+00
      vertex   -2.500000e+02 -1.350000e+02 2.000000e+00
      vertex   -2.396431e+02 -1.696685e+02 2.000000e+00
    endloop
  endfacet
  facet normal 0.000000e+00 0.000000e+00 1.000000e+00
    outer loop
      vertex   -2.396431e+02 -1.696685e+02 2.000000e+00
      vertex   -2.500000e+02 -1.350000e+02 2.000000e+00
      vertex   -2.399107e+02 -1.723283e+02 2.000000e+00
    endloop
  endfacet
  facet normal 0.000000e+00 0.000000e+00 1.000000e+00
    outer loop
      vertex   -2.399107e+02 -1.723283e+02 2.000000e+00
      vertex   -2.500000e+02 -1.350000e+02 2.000000e+00
      vertex   -2.400000e+02 -1.750000e+02 2.000000e+00
    endloop
  endfacet
  facet normal 0.000000e+00 0.000000e+00 1.000000e+00
    outer loop
      vertex   -2.400000e+02 -1.750000e+02 2.000000e+00
      vertex   -2.500000e+02 -1.350000e+02 2.000000e+00
      vertex   -2.500000e+02 -2.150000e+02 2.000000e+00
    endloop
  endfacet
  facet normal 0.000000e+00 0.000000e+00 1.000000e+00
    outer loop
      vertex   -2.400000e+02 -1.750000e+02 2.000000e+00
      vertex   -2.500000e+02 -2.150000e+02 2.000000e+00
      vertex   -2.399107e+02 -1.776717e+02 2.000000e+00
    endloop
  endfacet
  facet normal 0.000000e+00 0.000000e+00 1.000000e+00
    outer loop
      vertex   -2.399107e+02 -1.776717e+02 2.000000e+00
      vertex   -2.500000e+02 -2.150000e+02 2.000000e+00
      vertex   -2.396431e+02 -1.803315e+02 2.000000e+00
    endloop
  endfacet
  facet normal 0.000000e+00 0.000000e+00 1.000000e+00
    outer loop
      vertex   -2.396431e+02 -1.803315e+02 2.000000e+00
      vertex   -2.500000e+02 -2.150000e+02 2.000000e+00
      vertex   -2.391985e+02 -1.829674e+02 2.000000e+00
    endloop
  endfacet
  facet normal 0.000000e+00 0.000000e+00 1.000000e+00
    outer loop
      vertex   -2.391985e+02 -1.829674e+02 2.000000e+00
      vertex   -2.500000e+02 -2.150000e+02 2.000000e+00
      vertex   -2.385788e+02 -1.855678e+02 2.000000e+00
    endloop
  endfacet
  facet normal 0.000000e+00 0.000000e+00 1.000000e+00
    outer loop
      vertex   -2.385788e+02 -1.855678e+02 2.000000e+00
      vertex   -2.500000e+02 -2.150000e+02 2.000000e+00
      vertex   -2.377868e+02 -1.881210e+02 2.000000e+00
    endloop
  endfacet
  facet normal 0.000000e+00 0.000000e+00 1.000000e+00
    outer loop
      vertex   -2.377868e+02 -1.881210e+02 2.000000e+00
      vertex   -2.500000e+02 -2.150000e+02 2.000000e+00
      vertex   -2.368260e+02 -1.906156e+02 2.000000e+00
    endloop
  endfacet
  facet normal 0.000000e+00 0.000000e+00 1.000000e+00
    outer loop
      vertex   -2.368260e+02 -1.906156e+02 2.000000e+00
      vertex   -2.500000e+02 -2.150000e+02 2.000000e+00
      vertex   -2.357008e+02 -1.930404e+02 2.000000e+00
    endloop
  endfacet
  facet normal 0.000000e+00 0.000000e+00 1.000000e+00
    outer loop
      vertex   -2.357008e+02 -1.930404e+02 2.000000e+00
      vertex   -2.500000e+02 -2.150000e+02 2.000000e+00
      vertex   -2.344161e+02 -1.953847e+02 2.000000e+00
    endloop
  endfacet
  facet normal 0.000000e+00 0.000000e+00 1.000000e+00
    outer loop
      vertex   -2.344161e+02 -1.953847e+02 2.000000e+00
      vertex   -2.500000e+02 -2.150000e+02 2.000000e+00
      vertex   -2.329777e+02 -1.976379e+02 2.000000e+00
    endloop
  endfacet
  facet normal 0.000000e+00 0.000000e+00 1.000000e+00
    outer loop
      vertex   -2.329777e+02 -1.976379e+02 2.000000e+00
      vertex   -2.500000e+02 -2.150000e+02 2.000000e+00
      vertex   -2.313920e+02 -1.997900e+02 2.000000e+00
    endloop
  endfacet
  facet normal 0.000000e+00 0.000000e+00 1.000000e+00
    outer loop
      vertex   -2.313920e+02 -1.997900e+02 2.000000e+00
      vertex   -2.500000e+02 -2.150000e+02 2.000000e+00
      vertex   -2.296661e+02 -2.018314e+02 2.000000e+00
    endloop
  endfacet
  facet normal 0.000000e+00 0.000000e+00 1.000000e+00
    outer loop
      vertex   -2.296661e+02 -2.018314e+02 2.000000e+00
      vertex   -2.500000e+02 -2.150000e+02 2.000000e+00
      vertex   -2.278077e+02 -2.037530e+02 2.000000e+00
    endloop
  endfacet
  facet normal 0.000000e+00 0.000000e+00 1.000000e+00
    outer loop
      vertex   -2.278077e+02 -2.037530e+02 2.000000e+00
      vertex   -2.500000e+02 -2.150000e+02 2.000000e+00
      vertex   -2.400000e+02 -2.250000e+02 2.000000e+00
    endloop
  endfacet
  facet normal 0.000000e+00 0.000000e+00 1.000000e+00
    outer loop
      vertex   -2.278077e+02 -2.037530e+02 2.000000e+00
      vertex   -2.400000e+02 -2.250000e+02 2.000000e+00
      vertex   -2.258251e+02 -2.055461e+02 2.000000e+00
    endloop
  endfacet
  facet normal 0.000000e+00 0.000000e+00 1.000000e+00
    outer loop
      vertex   -2.258251e+02 -2.055461e+02 2.000000e+00
      vertex   -2.400000e+02 -2.250000e+02 2.000000e+00
      vertex   -2.237272e+02 -2.072028e+02 2.000000e+00
    endloop
  endfacet
  facet normal 0.000000e+00 0.000000e+00 1.000000e+00
    outer loop
      vertex   -2.237272e+02 -2.072028e+02 2.000000e+00
      vertex   -2.400000e+02 -2.250000e+02 2.000000e+00
      vertex   -2.215233e+02 -2.087157e+02 2.000000e+00
    endloop
  endfacet
  facet normal 0.000000e+00 0.000000e+00 1.000000e+00
    outer loop
      vertex   -2.215233e+02 -2.087157e+02 2.000000e+00
      vertex   -2.400000e+02 -2.250000e+02 2.000000e+00
      vertex   -2.192233e+02 -2.100780e+02 2.000000e+00
    endloop
  endfacet
  facet normal 0.000000e+00 0.000000e+00 1.000000e+00
    outer loop
      vertex   -2.192233e+02 -2.100780e+02 2.000000e+00
      vertex   -2.400000e+02 -2.250000e+02 2.000000e+00
      vertex   -2.168374e+02 -2.112836e+02 2.000000e+00
    endloop
  endfacet
  facet normal 0.000000e+00 0.000000e+00 1.000000e+00
    outer loop
      vertex   -2.168374e+02 -2.112836e+02 2.000000e+00
      vertex   -2.400000e+02 -2.250000e+02 2.000000e+00
      vertex   -2.143763e+02 -2.123272e+02 2.000000e+00
    endloop
  endfacet
  facet normal 0.000000e+00 0.000000e+00 1.000000e+00
    outer loop
      vertex   -2.143763e+02 -2.123272e+02 2.000000e+00
      vertex   -2.400000e+02 -2.250000e+02 2.000000e+00
      vertex   -2.118510e+02 -2.132041e+02 2.000000e+00
    endloop
  endfacet
  facet normal 0.000000e+00 0.000000e+00 1.000000e+00
    outer loop
      vertex   -2.118510e+02 -2.132041e+02 2.000000e+00
      vertex   -2.400000e+02 -2.250000e+02 2.000000e+00
      vertex   -2.092728e+02 -2.139103e+02 2.000000e+00
    endloop
  endfacet
  facet normal 0.000000e+00 0.000000e+00 1.000000e+00
    outer loop
      vertex   -2.092728e+02 -2.139103e+02 2.000000e+00
      vertex   -2.400000e+02 -2.250000e+02 2.000000e+00
      vertex   -2.066532e+02 -2.144428e+02 2.000000e+00
    endloop
  endfacet
  facet normal 0.000000e+00 0.000000e+00 1.000000e+00
    outer loop
      vertex   -2.066532e+02 -2.144428e+02 2.000000e+00
      vertex   -2.400000e+02 -2.250000e+02 2.000000e+00
      vertex   -2.040038e+02 -2.147991e+02 2.000000e+00
    endloop
  endfacet
  facet normal 0.000000e+00 0.000000e+00 1.000000e+00
    outer loop
      vertex   -2.040038e+02 -2.147991e+02 2.000000e+00
      vertex   -2.400000e+02 -2.250000e+02 2.000000e+00
      vertex   -2.013366e+02 -2.149777e+02 2.000000e+00
    endloop
  endfacet
  facet normal -0.000000e+00 0.000000e+00 1.000000e+00
    outer loop
      vertex   -2.013366e+02 -2.149777e+02 2.000000e+00
      vertex   -2.400000e+02 -2.250000e+02 2.000000e+00
      vertex   -1.986634e+02 -2.149777e+02 2.000000e+00
    endloop
  endfacet
  facet normal 0.000000e+00 0.000000e+00 1.000000e+00
    outer loop
      vertex   -1.986634e+02 -2.149777e+02 2.000000e+00
      vertex   -2.400000e+02 -2.250000e+02 2.000000e+00
      vertex   -1.600000e+02 -2.250000e+02 2.000000e+00
    endloop
  endfacet
  facet normal -0.000000e+00 0.000000e+00 1.000000e+00
    outer loop
      vertex   -1.986634e+02 -2.149777e+02 2.000000e+00
      vertex   -1.600000e+02 -2.250000e+02 2.000000e+00
      vertex   -1.959962e+02 -2.147991e+02 2.000000e+00
    endloop
  endfacet
  facet normal -0.000000e+00 0.000000e+00 1.000000e+00
    outer loop
      vertex   -1.959962e+02 -2.147991e+02 2.000000e+00
      vertex   -1.600000e+02 -2.250000e+02 2.000000e+00
      vertex   -1.933468e+02 -2.144428e+02 2.000000e+00
    endloop
  endfacet
  facet normal -0.000000e+00 0.000000e+00 1.000000e+00
    outer loop
      vertex   -1.933468e+02 -2.144428e+02 2.000000e+00
      vertex   -1.600000e+02 -2.250000e+02 2.000000e+00
      vertex   -1.907272e+02 -2.139103e+02 2.000000e+00
    endloop
  endfacet
  facet normal -0.000000e+00 0.000000e+00 1.000000e+00
    outer loop
      vertex   -1.907272e+02 -2.139103e+02 2.000000e+00
      vertex   -1.600000e+02 -2.250000e+02 2.000000e+00
      vertex   -1.881490e+02 -2.132041e+02 2.000000e+00
    endloop
  endfacet
  facet normal -0.000000e+00 0.000000e+00 1.000000e+00
    outer loop
      vertex   -1.881490e+02 -2.132041e+02 2.000000e+00
      vertex   -1.600000e+02 -2.250000e+02 2.000000e+00
      vertex   -1.856237e+02 -2.123272e+02 2.000000e+00
    endloop
  endfacet
  facet normal -0.000000e+00 0.000000e+00 1.000000e+00
    outer loop
      vertex   -1.856237e+02 -2.123272e+02 2.000000e+00
      vertex   -1.600000e+02 -2.250000e+02 2.000000e+00
      vertex   -1.831626e+02 -2.112836e+02 2.000000e+00
    endloop
  endfacet
  facet normal -0.000000e+00 0.000000e+00 1.000000e+00
    outer loop
      vertex   -1.831626e+02 -2.112836e+02 2.000000e+00
      vertex   -1.600000e+02 -2.250000e+02 2.000000e+00
      vertex   -1.807767e+02 -2.100780e+02 2.000000e+00
    endloop
  endfacet
  facet normal -0.000000e+00 0.000000e+00 1.000000e+00
    outer loop
      vertex   -1.807767e+02 -2.100780e+02 2.000000e+00
      vertex   -1.600000e+02 -2.250000e+02 2.000000e+00
      vertex   -1.784767e+02 -2.087157e+02 2.000000e+00
    endloop
  endfacet
  facet normal -0.000000e+00 0.000000e+00 1.000000e+00
    outer loop
      vertex   -1.784767e+02 -2.087157e+02 2.000000e+00
      vertex   -1.600000e+02 -2.250000e+02 2.000000e+00
      vertex   -1.762728e+02 -2.072028e+02 2.000000e+00
    endloop
  endfacet
  facet normal -0.000000e+00 0.000000e+00 1.000000e+00
    outer loop
      vertex   -1.762728e+02 -2.072028e+02 2.000000e+00
      vertex   -1.600000e+02 -2.250000e+02 2.000000e+00
      vertex   -1.741749e+02 -2.055461e+02 2.000000e+00
    endloop
  endfacet
  facet normal -0.000000e+00 0.000000e+00 1.000000e+00
    outer loop
      vertex   -1.741749e+02 -2.055461e+02 2.000000e+00
      vertex   -1.600000e+02 -2.250000e+02 2.000000e+00
      vertex   -1.721923e+02 -2.037530e+02 2.000000e+00
    endloop
  endfacet
  facet normal 0.000000e+00 0.000000e+00 1.000000e+00
    outer loop
      vertex   -1.721923e+02 -2.037530e+02 2.000000e+00
      vertex   -1.600000e+02 -2.250000e+02 2.000000e+00
      vertex   -1.586947e+02 -2.249144e+02 2.000000e+00
    endloop
  endfacet
  facet normal 0.000000e+00 0.000000e+00 1.000000e+00
    outer loop
      vertex   -1.721923e+02 -2.037530e+02 2.000000e+00
      vertex   -1.586947e+02 -2.249144e+02 2.000000e+00
      vertex   -1.574118e+02 -2.246593e+02 2.000000e+00
    endloop
  endfacet
  facet normal -0.000000e+00 -0.000000e+00 1.000000e+00
    outer loop
      vertex   -2.499144e+02 -2.163053e+02 2.000000e+00
      vertex   -2.496593e+02 -2.175882e+02 2.000000e+00
      vertex   -2.500000e+02 -2.150000e+02 2.000000e+00
    endloop
  endfacet
  facet normal 0.000000e+00 0.000000e+00 1.000000e+00
    outer loop
      vertex   -2.500000e+02 -2.150000e+02 2.000000e+00
      vertex   -2.496593e+02 -2.175882e+02 2.000000e+00
      vertex   -2.492388e+02 -2.188268e+02 2.000000e+00
    endloop
  endfacet
  facet normal 0.000000e+00 0.000000e+00 1.000000e+00
    outer loop
      vertex   -2.500000e+02 -2.150000e+02 2.000000e+00
      vertex   -2.492388e+02 -2.188268e+02 2.000000e+00
      vertex   -2.486603e+02 -2.200000e+02 2.000000e+00
    endloop
  endfacet
  facet normal -0.000000e+00 -0.000000e+00 1.000000e+00
    outer loop
      vertex   -2.486603e+02 -2.200000e+02 2.000000e+00
      vertex   -2.479335e+02 -2.210876e+02 2.000000e+00
      vertex   -2.500000e+02 -2.150000e+02 2.000000e+00
    endloop
  endfacet
  facet normal 0.000000e+00 0.000000e+00 1.000000e+00
    outer loop
      vertex   -2.500000e+02 -2.150000e+02 2.000000e+00
      vertex   -2.479335e+02 -2.210876e+02 2.000000e+00
      vertex   -2.470711e+02 -2.220711e+02 2.000000e+00
    endloop
  endfacet
  facet normal 0.000000e+00 0.000000e+00 1.000000e+00
    outer loop
      vertex   -2.500000e+02 -2.150000e+02 2.000000e+00
      vertex   -2.470711e+02 -2.220711e+02 2.000000e+00
      vertex   -2.460876e+02 -2.229335e+02 2.000000e+00
    endloop
  endfacet
  facet normal -0.000000e+00 -0.000000e+00 1.000000e+00
    outer loop
      vertex   -2.460876e+02 -2.229335e+02 2.000000e+00
      vertex   -2.450000e+02 -2.236603e+02 2.000000e+00
      vertex   -2.500000e+02 -2.150000e+02 2.000000e+00
    endloop
  endfacet
  facet normal 0.000000e+00 0.000000e+00 1.000000e+00
    outer loop
      vertex   -2.500000e+02 -2.150000e+02 2.000000e+00
      vertex   -2.450000e+02 -2.236603e+02 2.000000e+00
      vertex   -2.438268e+02 -2.242388e+02 2.000000e+00
    endloop
  endfacet
  facet normal 0.000000e+00 0.000000e+00 1.000000e+00
    outer loop
      vertex   -2.500000e+02 -2.150000e+02 2.000000e+00
      vertex   -2.438268e+02 -2.242388e+02 2.000000e+00
      vertex   -2.425882e+02 -2.246593e+02 2.000000e+00
    endloop
  endfacet
  facet normal -0.000000e+00 -0.000000e+00 1.000000e+00
    outer loop
      vertex   -2.425882e+02 -2.246593e+02 2.000000e+00
      vertex   -2.413053e+02 -2.249144e+02 2.000000e+00
      vertex   -2.500000e+02 -2.150000e+02 2.000000e+00
    endloop
  endfacet
  facet normal 0.000000e+00 0.000000e+00 1.000000e+00
    outer loop
      vertex   -2.500000e+02 -2.150000e+02 2.000000e+00
      vertex   -2.413053e+02 -2.249144e+02 2.000000e+00
      vertex   -2.400000e+02 -2.250000e+02 2.000000e+00
    endloop
  endfacet
  facet normal 0.000000e+00 -0.000000e+00 1.000000e+00
    outer loop
      vertex   -1.574118e+02 -2.246593e+02 2.000000e+00
      vertex   -1.561732e+02 -2.242388e+02 2.000000e+00
      vertex   -1.721923e+02 -2.037530e+02 2.000000e+00
    endloop
  endfacet
  facet normal 0.000000e+00 0.000000e+00 1.000000e+00
    outer loop
      vertex   -1.721923e+02 -2.037530e+02 2.000000e+00
      vertex   -1.561732e+02 -2.242388e+02 2.000000e+00
      vertex   -1.550000e+02 -2.236603e+02 2.000000e+00
    endloop
  endfacet
  facet normal 0.000000e+00 0.000000e+00 1.000000e+00
    outer loop
      vertex   -1.721923e+02 -2.037530e+02 2.000000e+00
      vertex   -1.550000e+02 -2.236603e+02 2.000000e+00
      vertex   -1.539124e+02 -2.229335e+02 2.000000e+00
    endloop
  endfacet
  facet normal 0.000000e+00 -0.000000e+00 1.000000e+00
    outer loop
      vertex   -1.539124e+02 -2.229335e+02 2.000000e+00
      vertex   -1.529289e+02 -2.220711e+02 2.000000e+00
      vertex   -1.721923e+02 -2.037530e+02 2.000000e+00
    endloop
  endfacet
  facet normal 0.000000e+00 0.000000e+00 1.000000e+00
    outer loop
      vertex   -1.721923e+02 -2.037530e+02 2.000000e+00
      vertex   -1.529289e+02 -2.220711e+02 2.000000e+00
      vertex   -1.520665e+02 -2.210876e+02 2.000000e+00
    endloop
  endfacet
  facet normal 0.000000e+00 0.000000e+00 1.000000e+00
    outer loop
      vertex   -1.721923e+02 -2.037530e+02 2.000000e+00
      vertex   -1.520665e+02 -2.210876e+02 2.000000e+00
      vertex   -1.513397e+02 -2.200000e+02 2.000000e+00
    endloop
  endfacet
  facet normal 0.000000e+00 -0.000000e+00 1.000000e+00
    outer loop
      vertex   -1.513397e+02 -2.200000e+02 2.000000e+00
      vertex   -1.507612e+02 -2.188268e+02 2.000000e+00
      vertex   -1.721923e+02 -2.037530e+02 2.000000e+00
    endloop
  endfacet
  facet normal 0.000000e+00 0.000000e+00 1.000000e+00
    outer loop
      vertex   -1.721923e+02 -2.037530e+02 2.000000e+00
      vertex   -1.507612e+02 -2.188268e+02 2.000000e+00
      vertex   -1.503407e+02 -2.175882e+02 2.000000e+00
    endloop
  endfacet
  facet normal 0.000000e+00 0.000000e+00 1.000000e+00
    outer loop
      vertex   -1.721923e+02 -2.037530e+02 2.000000e+00
      vertex   -1.503407e+02 -2.175882e+02 2.000000e+00
      vertex   -1.500856e+02 -2.163053e+02 2.000000e+00
    endloop
  endfacet
  facet normal 0.000000e+00 -0.000000e+00 1.000000e+00
    outer loop
      vertex   -1.500856e+02 -2.163053e+02 2.000000e+00
      vertex   -1.500000e+02 -2.150000e+02 2.000000e+00
      vertex   -1.721923e+02 -2.037530e+02 2.000000e+00
    endloop
  endfacet
  facet normal -0.000000e+00 0.000000e+00 1.000000e+00
    outer loop
      vertex   -1.721923e+02 -2.037530e+02 2.000000e+00
      vertex   -1.500000e+02 -2.150000e+02 2.000000e+00
      vertex   -1.703339e+02 -2.018314e+02 2.000000e+00
    endloop
  endfacet
  facet normal -0.000000e+00 0.000000e+00 1.000000e+00
    outer loop
      vertex   -1.703339e+02 -2.018314e+02 2.000000e+00
      vertex   -1.500000e+02 -2.150000e+02 2.000000e+00
      vertex   -1.686080e+02 -1.997900e+02 2.000000e+00
    endloop
  endfacet
  facet normal -0.000000e+00 0.000000e+00 1.000000e+00
    outer loop
      vertex   -1.686080e+02 -1.997900e+02 2.000000e+00
      vertex   -1.500000e+02 -2.150000e+02 2.000000e+00
      vertex   -1.670223e+02 -1.976379e+02 2.000000e+00
    endloop
  endfacet
  facet normal -0.000000e+00 0.000000e+00 1.000000e+00
    outer loop
      vertex   -1.670223e+02 -1.976379e+02 2.000000e+00
      vertex   -1.500000e+02 -2.150000e+02 2.000000e+00
      vertex   -1.655839e+02 -1.953847e+02 2.000000e+00
    endloop
  endfacet
  facet normal -0.000000e+00 0.000000e+00 1.000000e+00
    outer loop
      vertex   -1.655839e+02 -1.953847e+02 2.000000e+00
      vertex   -1.500000e+02 -2.150000e+02 2.000000e+00
      vertex   -1.642992e+02 -1.930404e+02 2.000000e+00
    endloop
  endfacet
  facet normal -0.000000e+00 0.000000e+00 1.000000e+00
    outer loop
      vertex   -1.642992e+02 -1.930404e+02 2.000000e+00
      vertex   -1.500000e+02 -2.150000e+02 2.000000e+00
      vertex   -1.631740e+02 -1.906156e+02 2.000000e+00
    endloop
  endfacet
  facet normal -0.000000e+00 0.000000e+00 1.000000e+00
    outer loop
      vertex   -1.631740e+02 -1.906156e+02 2.000000e+00
      vertex   -1.500000e+02 -2.150000e+02 2.000000e+00
      vertex   -1.622132e+02 -1.881210e+02 2.000000e+00
    endloop
  endfacet
  facet normal -0.000000e+00 0.000000e+00 1.000000e+00
    outer loop
      vertex   -1.622132e+02 -1.881210e+02 2.000000e+00
      vertex   -1.500000e+02 -2.150000e+02 2.000000e+00
      vertex   -1.614212e+02 -1.855678e+02 2.000000e+00
    endloop
  endfacet
  facet normal -0.000000e+00 0.000000e+00 1.000000e+00
    outer loop
      vertex   -1.614212e+02 -1.855678e+02 2.000000e+00
      vertex   -1.500000e+02 -2.150000e+02 2.000000e+00
      vertex   -1.608015e+02 -1.829674e+02 2.000000e+00
    endloop
  endfacet
  facet normal -0.000000e+00 0.000000e+00 1.000000e+00
    outer loop
      vertex   -1.608015e+02 -1.829674e+02 2.000000e+00
      vertex   -1.500000e+02 -2.150000e+02 2.000000e+00
      vertex   -1.603569e+02 -1.803315e+02 2.000000e+00
    endloop
  endfacet
  facet normal -0.000000e+00 0.000000e+00 1.000000e+00
    outer loop
      vertex   -1.603569e+02 -1.803315e+02 2.000000e+00
      vertex   -1.500000e+02 -2.150000e+02 2.000000e+00
      vertex   -1.600893e+02 -1.776717e+02 2.000000e+00
    endloop
  endfacet
  facet normal -0.000000e+00 0.000000e+00 1.000000e+00
    outer loop
      vertex   -1.600893e+02 -1.776717e+02 2.000000e+00
      vertex   -1.500000e+02 -2.150000e+02 2.000000e+00
      vertex   -1.600000e+02 -1.750000e+02 2.000000e+00
    endloop
  endfacet
  facet normal -0.000000e+00 0.000000e+00 1.000000e+00
    outer loop
      vertex   -1.600000e+02 -1.750000e+02 2.000000e+00
      vertex   -1.500000e+02 -2.150000e+02 2.000000e+00
      vertex   -1.500000e+02 -1.350000e+02 2.000000e+00
    endloop
  endfacet
  facet normal 0.000000e+00 -0.000000e+00 1.000000e+00
    outer loop
      vertex   -1.600000e+02 -1.750000e+02 2.000000e+00
      vertex   -1.500000e+02 -1.350000e+02 2.000000e+00
      vertex   -1.600893e+02 -1.723283e+02 2.000000e+00
    endloop
  endfacet
  facet normal 0.000000e+00 -0.000000e+00 1.000000e+00
    outer loop
      vertex   -1.600893e+02 -1.723283e+02 2.000000e+00
      vertex   -1.500000e+02 -1.350000e+02 2.000000e+00
      vertex   -1.603569e+02 -1.696685e+02 2.000000e+00
    endloop
  endfacet
  facet normal 0.000000e+00 -0.000000e+00 1.000000e+00
    outer loop
      vertex   -1.603569e+02 -1.696685e+02 2.000000e+00
      vertex   -1.500000e+02 -1.350000e+02 2.000000e+00
      vertex   -1.608015e+02 -1.670326e+02 2.000000e+00
    endloop
  endfacet
  facet normal 0.000000e+00 -0.000000e+00 1.000000e+00
    outer loop
      vertex   -1.608015e+02 -1.670326e+02 2.000000e+00
      vertex   -1.500000e+02 -1.350000e+02 2.000000e+00
      vertex   -1.614212e+02 -1.644322e+02 2.000000e+00
    endloop
  endfacet
  facet normal 0.000000e+00 -0.000000e+00 1.000000e+00
    outer loop
      vertex   -1.614212e+02 -1.644322e+02 2.000000e+00
      vertex   -1.500000e+02 -1.350000e+02 2.000000e+00
      vertex   -1.622132e+02 -1.618790e+02 2.000000e+00
    endloop
  endfacet
  facet normal 0.000000e+00 -0.000000e+00 1.000000e+00
    outer loop
      vertex   -1.622132e+02 -1.618790e+02 2.000000e+00
      vertex   -1.500000e+02 -1.350000e+02 2.000000e+00
      vertex   -1.631740e+02 -1.593844e+02 2.000000e+00
    endloop
  endfacet
  facet normal 0.000000e+00 -0.000000e+00 1.000000e+00
    outer loop
      vertex   -1.631740e+02 -1.593844e+02 2.000000e+00
      vertex   -1.500000e+02 -1.350000e+02 2.000000e+00
      vertex   -1.642992e+02 -1.569596e+02 2.000000e+00
    endloop
  endfacet
  facet normal 0.000000e+00 -0.000000e+00 1.000000e+00
    outer loop
      vertex   -1.642992e+02 -1.569596e+02 2.000000e+00
      vertex   -1.500000e+02 -1.350000e+02 2.000000e+00
      vertex   -1.655839e+02 -1.546153e+02 2.000000e+00
    endloop
  endfacet
  facet normal 0.000000e+00 -0.000000e+00 1.000000e+00
    outer loop
      vertex   -1.655839e+02 -1.546153e+02 2.000000e+00
      vertex   -1.500000e+02 -1.350000e+02 2.000000e+00
      vertex   -1.670223e+02 -1.523621e+02 2.000000e+00
    endloop
  endfacet
  facet normal 0.000000e+00 -0.000000e+00 1.000000e+00
    outer loop
      vertex   -1.670223e+02 -1.523621e+02 2.000000e+00
      vertex   -1.500000e+02 -1.350000e+02 2.000000e+00
      vertex   -1.686080e+02 -1.502100e+02 2.000000e+00
    endloop
  endfacet
  facet normal 0.000000e+00 -0.000000e+00 1.000000e+00
    outer loop
      vertex   -1.686080e+02 -1.502100e+02 2.000000e+00
      vertex   -1.500000e+02 -1.350000e+02 2.000000e+00
      vertex   -1.703339e+02 -1.481686e+02 2.000000e+00
    endloop
  endfacet
  facet normal 0.000000e+00 -0.000000e+00 1.000000e+00
    outer loop
      vertex   -1.703339e+02 -1.481686e+02 2.000000e+00
      vertex   -1.500000e+02 -1.350000e+02 2.000000e+00
      vertex   -1.721923e+02 -1.462471e+02 2.000000e+00
    endloop
  endfacet
  facet normal 0.000000e+00 0.000000e+00 1.000000e+00
    outer loop
      vertex   -1.721923e+02 -1.462471e+02 2.000000e+00
      vertex   -1.500000e+02 -1.350000e+02 2.000000e+00
      vertex   -1.600000e+02 -1.250000e+02 2.000000e+00
    endloop
  endfacet
  facet normal 0.000000e+00 -0.000000e+00 1.000000e+00
    outer loop
      vertex   -1.721923e+02 -1.462471e+02 2.000000e+00
      vertex   -1.600000e+02 -1.250000e+02 2.000000e+00
      vertex   -1.741749e+02 -1.444539e+02 2.000000e+00
    endloop
  endfacet
  facet normal 0.000000e+00 -0.000000e+00 1.000000e+00
    outer loop
      vertex   -1.741749e+02 -1.444539e+02 2.000000e+00
      vertex   -1.600000e+02 -1.250000e+02 2.000000e+00
      vertex   -1.762728e+02 -1.427972e+02 2.000000e+00
    endloop
  endfacet
  facet normal 0.000000e+00 -0.000000e+00 1.000000e+00
    outer loop
      vertex   -1.762728e+02 -1.427972e+02 2.000000e+00
      vertex   -1.600000e+02 -1.250000e+02 2.000000e+00
      vertex   -1.784767e+02 -1.412843e+02 2.000000e+00
    endloop
  endfacet
  facet normal 0.000000e+00 -0.000000e+00 1.000000e+00
    outer loop
      vertex   -1.784767e+02 -1.412843e+02 2.000000e+00
      vertex   -1.600000e+02 -1.250000e+02 2.000000e+00
      vertex   -1.807767e+02 -1.399220e+02 2.000000e+00
    endloop
  endfacet
  facet normal 0.000000e+00 -0.000000e+00 1.000000e+00
    outer loop
      vertex   -1.807767e+02 -1.399220e+02 2.000000e+00
      vertex   -1.600000e+02 -1.250000e+02 2.000000e+00
      vertex   -1.831626e+02 -1.387164e+02 2.000000e+00
    endloop
  endfacet
  facet normal 0.000000e+00 -0.000000e+00 1.000000e+00
    outer loop
      vertex   -1.831626e+02 -1.387164e+02 2.000000e+00
      vertex   -1.600000e+02 -1.250000e+02 2.000000e+00
      vertex   -1.856237e+02 -1.376728e+02 2.000000e+00
    endloop
  endfacet
  facet normal 0.000000e+00 -0.000000e+00 1.000000e+00
    outer loop
      vertex   -1.856237e+02 -1.376728e+02 2.000000e+00
      vertex   -1.600000e+02 -1.250000e+02 2.000000e+00
      vertex   -1.881490e+02 -1.367959e+02 2.000000e+00
    endloop
  endfacet
  facet normal 0.000000e+00 -0.000000e+00 1.000000e+00
    outer loop
      vertex   -1.881490e+02 -1.367959e+02 2.000000e+00
      vertex   -1.600000e+02 -1.250000e+02 2.000000e+00
      vertex   -1.907272e+02 -1.360897e+02 2.000000e+00
    endloop
  endfacet
  facet normal 0.000000e+00 -0.000000e+00 1.000000e+00
    outer loop
      vertex   -1.907272e+02 -1.360897e+02 2.000000e+00
      vertex   -1.600000e+02 -1.250000e+02 2.000000e+00
      vertex   -1.933468e+02 -1.355572e+02 2.000000e+00
    endloop
  endfacet
  facet normal 0.000000e+00 -0.000000e+00 1.000000e+00
    outer loop
      vertex   -1.933468e+02 -1.355572e+02 2.000000e+00
      vertex   -1.600000e+02 -1.250000e+02 2.000000e+00
      vertex   -1.959962e+02 -1.352009e+02 2.000000e+00
    endloop
  endfacet
  facet normal 0.000000e+00 -0.000000e+00 1.000000e+00
    outer loop
      vertex   -1.959962e+02 -1.352009e+02 2.000000e+00
      vertex   -1.600000e+02 -1.250000e+02 2.000000e+00
      vertex   -1.986634e+02 -1.350223e+02 2.000000e+00
    endloop
  endfacet
  facet normal 0.000000e+00 -0.000000e+00 1.000000e+00
    outer loop
      vertex   -1.986634e+02 -1.350223e+02 2.000000e+00
      vertex   -1.600000e+02 -1.250000e+02 2.000000e+00
      vertex   -2.400000e+02 -1.250000e+02 2.000000e+00
    endloop
  endfacet
  facet normal 0.000000e+00 0.000000e+00 1.000000e+00
    outer loop
      vertex   -1.986634e+02 -1.350223e+02 2.000000e+00
      vertex   -2.400000e+02 -1.250000e+02 2.000000e+00
      vertex   -2.013366e+02 -1.350223e+02 2.000000e+00
    endloop
  endfacet
  facet normal 0.000000e+00 0.000000e+00 1.000000e+00
    outer loop
      vertex   -2.013366e+02 -1.350223e+02 2.000000e+00
      vertex   -2.400000e+02 -1.250000e+02 2.000000e+00
      vertex   -2.040038e+02 -1.352009e+02 2.000000e+00
    endloop
  endfacet
  facet normal 0.000000e+00 0.000000e+00 1.000000e+00
    outer loop
      vertex   -2.040038e+02 -1.352009e+02 2.000000e+00
      vertex   -2.400000e+02 -1.250000e+02 2.000000e+00
      vertex   -2.066532e+02 -1.355572e+02 2.000000e+00
    endloop
  endfacet
  facet normal 0.000000e+00 0.000000e+00 1.000000e+00
    outer loop
      vertex   -2.066532e+02 -1.355572e+02 2.000000e+00
      vertex   -2.400000e+02 -1.250000e+02 2.000000e+00
      vertex   -2.092728e+02 -1.360897e+02 2.000000e+00
    endloop
  endfacet
  facet normal 0.000000e+00 0.000000e+00 1.000000e+00
    outer loop
      vertex   -2.092728e+02 -1.360897e+02 2.000000e+00
      vertex   -2.400000e+02 -1.250000e+02 2.000000e+00
      vertex   -2.118510e+02 -1.367959e+02 2.000000e+00
    endloop
  endfacet
  facet normal 0.000000e+00 0.000000e+00 1.000000e+00
    outer loop
      vertex   -2.118510e+02 -1.367959e+02 2.000000e+00
      vertex   -2.400000e+02 -1.250000e+02 2.000000e+00
      vertex   -2.143763e+02 -1.376728e+02 2.000000e+00
    endloop
  endfacet
  facet normal 0.000000e+00 0.000000e+00 1.000000e+00
    outer loop
      vertex   -2.143763e+02 -1.376728e+02 2.000000e+00
      vertex   -2.400000e+02 -1.250000e+02 2.000000e+00
      vertex   -2.168374e+02 -1.387164e+02 2.000000e+00
    endloop
  endfacet
  facet normal 0.000000e+00 0.000000e+00 1.000000e+00
    outer loop
      vertex   -2.168374e+02 -1.387164e+02 2.000000e+00
      vertex   -2.400000e+02 -1.250000e+02 2.000000e+00
      vertex   -2.192233e+02 -1.399220e+02 2.000000e+00
    endloop
  endfacet
  facet normal 0.000000e+00 0.000000e+00 1.000000e+00
    outer loop
      vertex   -2.192233e+02 -1.399220e+02 2.000000e+00
      vertex   -2.400000e+02 -1.250000e+02 2.000000e+00
      vertex   -2.215233e+02 -1.412843e+02 2.000000e+00
    endloop
  endfacet
  facet normal 0.000000e+00 0.000000e+00 1.000000e+00
    outer loop
      vertex   -2.215233e+02 -1.412843e+02 2.000000e+00
      vertex   -2.400000e+02 -1.250000e+02 2.000000e+00
      vertex   -2.237272e+02 -1.427972e+02 2.000000e+00
    endloop
  endfacet
  facet normal 0.000000e+00 0.000000e+00 1.000000e+00
    outer loop
      vertex   -2.237272e+02 -1.427972e+02 2.000000e+00
      vertex   -2.400000e+02 -1.250000e+02 2.000000e+00
      vertex   -2.258251e+02 -1.444539e+02 2.000000e+00
    endloop
  endfacet
  facet normal 0.000000e+00 0.000000e+00 1.000000e+00
    outer loop
      vertex   -2.258251e+02 -1.444539e+02 2.000000e+00
      vertex   -2.400000e+02 -1.250000e+02 2.000000e+00
      vertex   -2.278077e+02 -1.462471e+02 2.000000e+00
    endloop
  endfacet
  facet normal 0.000000e+00 0.000000e+00 1.000000e+00
    outer loop
      vertex   -1.500000e+02 -1.350000e+02 2.000000e+00
      vertex   -1.500856e+02 -1.336947e+02 2.000000e+00
      vertex   -1.600000e+02 -1.250000e+02 2.000000e+00
    endloop
  endfacet
  facet normal 0.000000e+00 0.000000e+00 1.000000e+00
    outer loop
      vertex   -1.600000e+02 -1.250000e+02 2.000000e+00
      vertex   -1.500856e+02 -1.336947e+02 2.000000e+00
      vertex   -1.503407e+02 -1.324118e+02 2.000000e+00
    endloop
  endfacet
  facet normal 0.000000e+00 0.000000e+00 1.000000e+00
    outer loop
      vertex   -1.600000e+02 -1.250000e+02 2.000000e+00
      vertex   -1.503407e+02 -1.324118e+02 2.000000e+00
      vertex   -1.507612e+02 -1.311732e+02 2.000000e+00
    endloop
  endfacet
  facet normal 0.000000e+00 0.000000e+00 1.000000e+00
    outer loop
      vertex   -1.507612e+02 -1.311732e+02 2.000000e+00
      vertex   -1.513397e+02 -1.300000e+02 2.000000e+00
      vertex   -1.600000e+02 -1.250000e+02 2.000000e+00
    endloop
  endfacet
  facet normal 0.000000e+00 0.000000e+00 1.000000e+00
    outer loop
      vertex   -1.600000e+02 -1.250000e+02 2.000000e+00
      vertex   -1.513397e+02 -1.300000e+02 2.000000e+00
      vertex   -1.520665e+02 -1.289124e+02 2.000000e+00
    endloop
  endfacet
  facet normal 0.000000e+00 0.000000e+00 1.000000e+00
    outer loop
      vertex   -1.600000e+02 -1.250000e+02 2.000000e+00
      vertex   -1.520665e+02 -1.289124e+02 2.000000e+00
      vertex   -1.529289e+02 -1.279289e+02 2.000000e+00
    endloop
  endfacet
  facet normal 0.000000e+00 0.000000e+00 1.000000e+00
    outer loop
      vertex   -1.529289e+02 -1.279289e+02 2.000000e+00
      vertex   -1.539124e+02 -1.270665e+02 2.000000e+00
      vertex   -1.600000e+02 -1.250000e+02 2.000000e+00
    endloop
  endfacet
  facet normal 0.000000e+00 0.000000e+00 1.000000e+00
    outer loop
      vertex   -1.600000e+02 -1.250000e+02 2.000000e+00
      vertex   -1.539124e+02 -1.270665e+02 2.000000e+00
      vertex   -1.550000e+02 -1.263397e+02 2.000000e+00
    endloop
  endfacet
  facet normal 0.000000e+00 0.000000e+00 1.000000e+00
    outer loop
      vertex   -1.600000e+02 -1.250000e+02 2.000000e+00
      vertex   -1.550000e+02 -1.263397e+02 2.000000e+00
      vertex   -1.561732e+02 -1.257612e+02 2.000000e+00
    endloop
  endfacet
  facet normal 0.000000e+00 0.000000e+00 1.000000e+00
    outer loop
      vertex   -1.561732e+02 -1.257612e+02 2.000000e+00
      vertex   -1.574118e+02 -1.253407e+02 2.000000e+00
      vertex   -1.600000e+02 -1.250000e+02 2.000000e+00
    endloop
  endfacet
  facet normal 0.000000e+00 0.000000e+00 1.000000e+00
    outer loop
      vertex   -1.600000e+02 -1.250000e+02 2.000000e+00
      vertex   -1.574118e+02 -1.253407e+02 2.000000e+00
      vertex   -1.586947e+02 -1.250856e+02 2.000000e+00
    endloop
  endfacet
  facet normal 0.000000e+00 1.000000e+00 -0.000000e+00
    outer loop
      vertex   -1.600000e+02 -1.250000e+02 0.000000e+00
      vertex   -2.400000e+02 -1.250000e+02 0.000000e+00
      vertex   -1.600000e+02 -1.250000e+02 2.000000e+00
    endloop
  endfacet
  facet normal 0.000000e+00 1.000000e+00 0.000000e+00
    outer loop
      vertex   -1.600000e+02 -1.250000e+02 2.000000e+00
      vertex   -2.400000e+02 -1.250000e+02 0.000000e+00
      vertex   -2.400000e+02 -1.250000e+02 2.000000e+00
    endloop
  endfacet
  facet normal 9.978589e-01 6.540313e-02 0.000000e+00
    outer loop
      vertex   -1.500000e+02 -1.350000e+02 2.000000e+00
      vertex   -1.500000e+02 -1.350000e+02 0.000000e+00
      vertex   -1.500856e+02 -1.336947e+02 2.000000e+00
    endloop
  endfacet
  facet normal 9.978589e-01 6.540313e-02 0.000000e+00
    outer loop
      vertex   -1.500856e+02 -1.336947e+02 2.000000e+00
      vertex   -1.500000e+02 -1.350000e+02 0.000000e+00
      vertex   -1.500856e+02 -1.336947e+02 0.000000e+00
    endloop
  endfacet
  facet normal 9.807853e-01 1.950903e-01 0.000000e+00
    outer loop
      vertex   -1.500856e+02 -1.336947e+02 2.000000e+00
      vertex   -1.500856e+02 -1.336947e+02 0.000000e+00
      vertex   -1.503407e+02 -1.324118e+02 2.000000e+00
    endloop
  endfacet
  facet normal 9.807853e-01 1.950903e-01 0.000000e+00
    outer loop
      vertex   -1.503407e+02 -1.324118e+02 2.000000e+00
      vertex   -1.500856e+02 -1.336947e+02 0.000000e+00
      vertex   -1.503407e+02 -1.324118e+02 0.000000e+00
    endloop
  endfacet
  facet normal 9.469301e-01 3.214395e-01 0.000000e+00
    outer loop
      vertex   -1.503407e+02 -1.324118e+02 2.000000e+00
      vertex   -1.503407e+02 -1.324118e+02 0.000000e+00
      vertex   -1.507612e+02 -1.311732e+02 2.000000e+00
    endloop
  endfacet
  facet normal 9.469301e-01 3.214395e-01 0.000000e+00
    outer loop
      vertex   -1.507612e+02 -1.311732e+02 2.000000e+00
      vertex   -1.503407e+02 -1.324118e+02 0.000000e+00
      vertex   -1.507612e+02 -1.311732e+02 0.000000e+00
    endloop
  endfacet
  facet normal 8.968727e-01 4.422887e-01 0.000000e+00
    outer loop
      vertex   -1.507612e+02 -1.311732e+02 2.000000e+00
      vertex   -1.507612e+02 -1.311732e+02 0.000000e+00
      vertex   -1.513397e+02 -1.300000e+02 2.000000e+00
    endloop
  endfacet
  facet normal 8.968727e-01 4.422887e-01 0.000000e+00
    outer loop
      vertex   -1.513397e+02 -1.300000e+02 2.000000e+00
      vertex   -1.507612e+02 -1.311732e+02 0.000000e+00
      vertex   -1.513397e+02 -1.300000e+02 0.000000e+00
    endloop
  endfacet
  facet normal 8.314696e-01 5.555702e-01 0.000000e+00
    outer loop
      vertex   -1.513397e+02 -1.300000e+02 2.000000e+00
      vertex   -1.513397e+02 -1.300000e+02 0.000000e+00
      vertex   -1.520665e+02 -1.289124e+02 2.000000e+00
    endloop
  endfacet
  facet normal 8.314696e-01 5.555702e-01 0.000000e+00
    outer loop
      vertex   -1.520665e+02 -1.289124e+02 2.000000e+00
      vertex   -1.513397e+02 -1.300000e+02 0.000000e+00
      vertex   -1.520665e+02 -1.289124e+02 0.000000e+00
    endloop
  endfacet
  facet normal 7.518398e-01 6.593458e-01 0.000000e+00
    outer loop
      vertex   -1.520665e+02 -1.289124e+02 2.000000e+00
      vertex   -1.520665e+02 -1.289124e+02 0.000000e+00
      vertex   -1.529289e+02 -1.279289e+02 2.000000e+00
    endloop
  endfacet
  facet normal 7.518398e-01 6.593458e-01 0.000000e+00
    outer loop
      vertex   -1.529289e+02 -1.279289e+02 2.000000e+00
      vertex   -1.520665e+02 -1.289124e+02 0.000000e+00
      vertex   -1.529289e+02 -1.279289e+02 0.000000e+00
    endloop
  endfacet
  facet normal 6.593458e-01 7.518398e-01 0.000000e+00
    outer loop
      vertex   -1.529289e+02 -1.279289e+02 2.000000e+00
      vertex   -1.529289e+02 -1.279289e+02 0.000000e+00
      vertex   -1.539124e+02 -1.270665e+02 2.000000e+00
    endloop
  endfacet
  facet normal 6.593458e-01 7.518398e-01 0.000000e+00
    outer loop
      vertex   -1.539124e+02 -1.270665e+02 2.000000e+00
      vertex   -1.529289e+02 -1.279289e+02 0.000000e+00
      vertex   -1.539124e+02 -1.270665e+02 0.000000e+00
    endloop
  endfacet
  facet normal 5.555702e-01 8.314696e-01 0.000000e+00
    outer loop
      vertex   -1.539124e+02 -1.270665e+02 2.000000e+00
      vertex   -1.539124e+02 -1.270665e+02 0.000000e+00
      vertex   -1.550000e+02 -1.263397e+02 2.000000e+00
    endloop
  endfacet
  facet normal 5.555702e-01 8.314696e-01 0.000000e+00
    outer loop
      vertex   -1.550000e+02 -1.263397e+02 2.000000e+00
      vertex   -1.539124e+02 -1.270665e+02 0.000000e+00
      vertex   -1.550000e+02 -1.263397e+02 0.000000e+00
    endloop
  endfacet
  facet normal 4.422887e-01 8.968727e-01 0.000000e+00
    outer loop
      vertex   -1.550000e+02 -1.263397e+02 2.000000e+00
      vertex   -1.550000e+02 -1.263397e+02 0.000000e+00
      vertex   -1.561732e+02 -1.257612e+02 2.000000e+00
    endloop
  endfacet
  facet normal 4.422887e-01 8.968727e-01 0.000000e+00
    outer loop
      vertex   -1.561732e+02 -1.257612e+02 2.000000e+00
      vertex   -1.550000e+02 -1.263397e+02 0.000000e+00
      vertex   -1.561732e+02 -1.257612e+02 0.000000e+00
    endloop
  endfacet
  facet normal 3.214395e-01 9.469301e-01 0.000000e+00
    outer loop
      vertex   -1.561732e+02 -1.257612e+02 2.000000e+00
      vertex   -1.561732e+02 -1.257612e+02 0.000000e+00
      vertex   -1.574118e+02 -1.253407e+02 2.000000e+00
    endloop
  endfacet
  facet normal 3.214395e-01 9.469301e-01 0.000000e+00
    outer loop
      vertex   -1.574118e+02 -1.253407e+02 2.000000e+00
      vertex   -1.561732e+02 -1.257612e+02 0.000000e+00
      vertex   -1.574118e+02 -1.253407e+02 0.000000e+00
    endloop
  endfacet
  facet normal 1.950903e-01 9.807853e-01 0.000000e+00
    outer loop
      vertex   -1.574118e+02 -1.253407e+02 2.000000e+00
      vertex   -1.574118e+02 -1.253407e+02 0.000000e+00
      vertex   -1.586947e+02 -1.250856e+02 2.000000e+00
    endloop
  endfacet
  facet normal 1.950903e-01 9.807853e-01 0.000000e+00
    outer loop
      vertex   -1.586947e+02 -1.250856e+02 2.000000e+00
      vertex   -1.574118e+02 -1.253407e+02 0.000000e+00
      vertex   -1.586947e+02 -1.250856e+02 0.000000e+00
    endloop
  endfacet
  facet normal 6.540313e-02 9.978589e-01 0.000000e+00
    outer loop
      vertex   -1.586947e+02 -1.250856e+02 2.000000e+00
      vertex   -1.586947e+02 -1.250856e+02 0.000000e+00
      vertex   -1.600000e+02 -1.250000e+02 2.000000e+00
    endloop
  endfacet
  facet normal 6.540313e-02 9.978589e-01 0.000000e+00
    outer loop
      vertex   -1.600000e+02 -1.250000e+02 2.000000e+00
      vertex   -1.586947e+02 -1.250856e+02 0.000000e+00
      vertex   -1.600000e+02 -1.250000e+02 0.000000e+00
    endloop
  endfacet
  facet normal 1.000000e+00 0.000000e+00 0.000000e+00
    outer loop
      vertex   -1.500000e+02 -2.150000e+02 0.000000e+00
      vertex   -1.500000e+02 -1.350000e+02 0.000000e+00
      vertex   -1.500000e+02 -2.150000e+02 2.000000e+00
    endloop
  endfacet
  facet normal 1.000000e+00 -0.000000e+00 0.000000e+00
    outer loop
      vertex   -1.500000e+02 -2.150000e+02 2.000000e+00
      vertex   -1.500000e+02 -1.350000e+02 0.000000e+00
      vertex   -1.500000e+02 -1.350000e+02 2.000000e+00
    endloop
  endfacet
  facet normal 6.540313e-02 -9.978589e-01 0.000000e+00
    outer loop
      vertex   -1.600000e+02 -2.250000e+02 2.000000e+00
      vertex   -1.600000e+02 -2.250000e+02 0.000000e+00
      vertex   -1.586947e+02 -2.249144e+02 2.000000e+00
    endloop
  endfacet
  facet normal 6.540313e-02 -9.978589e-01 0.000000e+00
    outer loop
      vertex   -1.586947e+02 -2.249144e+02 2.000000e+00
      vertex   -1.600000e+02 -2.250000e+02 0.000000e+00
      vertex   -1.586947e+02 -2.249144e+02 0.000000e+00
    endloop
  endfacet
  facet normal 1.950903e-01 -9.807853e-01 0.000000e+00
    outer loop
      vertex   -1.586947e+02 -2.249144e+02 2.000000e+00
      vertex   -1.586947e+02 -2.249144e+02 0.000000e+00
      vertex   -1.574118e+02 -2.246593e+02 2.000000e+00
    endloop
  endfacet
  facet normal 1.950903e-01 -9.807853e-01 0.000000e+00
    outer loop
      vertex   -1.574118e+02 -2.246593e+02 2.000000e+00
      vertex   -1.586947e+02 -2.249144e+02 0.000000e+00
      vertex   -1.574118e+02 -2.246593e+02 0.000000e+00
    endloop
  endfacet
  facet normal 3.214395e-01 -9.469301e-01 0.000000e+00
    outer loop
      vertex   -1.574118e+02 -2.246593e+02 2.000000e+00
      vertex   -1.574118e+02 -2.246593e+02 0.000000e+00
      vertex   -1.561732e+02 -2.242388e+02 2.000000e+00
    endloop
  endfacet
  facet normal 3.214395e-01 -9.469301e-01 0.000000e+00
    outer loop
      vertex   -1.561732e+02 -2.242388e+02 2.000000e+00
      vertex   -1.574118e+02 -2.246593e+02 0.000000e+00
      vertex   -1.561732e+02 -2.242388e+02 0.000000e+00
    endloop
  endfacet
  facet normal 4.422887e-01 -8.968727e-01 0.000000e+00
    outer loop
      vertex   -1.561732e+02 -2.242388e+02 2.000000e+00
      vertex   -1.561732e+02 -2.242388e+02 0.000000e+00
      vertex   -1.550000e+02 -2.236603e+02 2.000000e+00
    endloop
  endfacet
  facet normal 4.422887e-01 -8.968727e-01 0.000000e+00
    outer loop
      vertex   -1.550000e+02 -2.236603e+02 2.000000e+00
      vertex   -1.561732e+02 -2.242388e+02 0.000000e+00
      vertex   -1.550000e+02 -2.236603e+02 0.000000e+00
    endloop
  endfacet
  facet normal 5.555702e-01 -8.314696e-01 0.000000e+00
    outer loop
      vertex   -1.550000e+02 -2.236603e+02 2.000000e+00
      vertex   -1.550000e+02 -2.236603e+02 0.000000e+00
      vertex   -1.539124e+02 -2.229335e+02 2.000000e+00
    endloop
  endfacet
  facet normal 5.555702e-01 -8.314696e-01 0.000000e+00
    outer loop
      vertex   -1.539124e+02 -2.229335e+02 2.000000e+00
      vertex   -1.550000e+02 -2.236603e+02 0.000000e+00
      vertex   -1.539124e+02 -2.229335e+02 0.000000e+00
    endloop
  endfacet
  facet normal 6.593458e-01 -7.518398e-01 0.000000e+00
    outer loop
      vertex   -1.539124e+02 -2.229335e+02 2.000000e+00
      vertex   -1.539124e+02 -2.229335e+02 0.000000e+00
      vertex   -1.529289e+02 -2.220711e+02 2.000000e+00
    endloop
  endfacet
  facet normal 6.593458e-01 -7.518398e-01 0.000000e+00
    outer loop
      vertex   -1.529289e+02 -2.220711e+02 2.000000e+00
      vertex   -1.539124e+02 -2.229335e+02 0.000000e+00
      vertex   -1.529289e+02 -2.220711e+02 0.000000e+00
    endloop
  endfacet
  facet normal 7.518398e-01 -6.593458e-01 0.000000e+00
    outer loop
      vertex   -1.529289e+02 -2.220711e+02 2.000000e+00
      vertex   -1.529289e+02 -2.220711e+02 0.000000e+00
      vertex   -1.520665e+02 -2.210876e+02 2.000000e+00
    endloop
  endfacet
  facet normal 7.518398e-01 -6.593458e-01 0.000000e+00
    outer loop
      vertex   -1.520665e+02 -2.210876e+02 2.000000e+00
      vertex   -1.529289e+02 -2.220711e+02 0.000000e+00
      vertex   -1.520665e+02 -2.210876e+02 0.000000e+00
    endloop
  endfacet
  facet normal 8.314696e-01 -5.555702e-01 0.000000e+00
    outer loop
      vertex   -1.520665e+02 -2.210876e+02 2.000000e+00
      vertex   -1.520665e+02 -2.210876e+02 0.000000e+00
      vertex   -1.513397e+02 -2.200000e+02 2.000000e+00
    endloop
  endfacet
  facet normal 8.314696e-01 -5.555702e-01 0.000000e+00
    outer loop
      vertex   -1.513397e+02 -2.200000e+02 2.000000e+00
      vertex   -1.520665e+02 -2.210876e+02 0.000000e+00
      vertex   -1.513397e+02 -2.200000e+02 0.000000e+00
    endloop
  endfacet
  facet normal 8.968727e-01 -4.422887e-01 0.000000e+00
    outer loop
      vertex   -1.513397e+02 -2.200000e+02 2.000000e+00
      vertex   -1.513397e+02 -2.200000e+02 0.000000e+00
      vertex   -1.507612e+02 -2.188268e+02 2.000000e+00
    endloop
  endfacet
  facet normal 8.968727e-01 -4.422887e-01 0.000000e+00
    outer loop
      vertex   -1.507612e+02 -2.188268e+02 2.000000e+00
      vertex   -1.513397e+02 -2.200000e+02 0.000000e+00
      vertex   -1.507612e+02 -2.188268e+02 0.000000e+00
    endloop
  endfacet
  facet normal 9.469301e-01 -3.214395e-01 0.000000e+00
    outer loop
      vertex   -1.507612e+02 -2.188268e+02 2.000000e+00
      vertex   -1.507612e+02 -2.188268e+02 0.000000e+00
      vertex   -1.503407e+02 -2.175882e+02 2.000000e+00
    endloop
  endfacet
  facet normal 9.469301e-01 -3.214395e-01 0.000000e+00
    outer loop
      vertex   -1.503407e+02 -2.175882e+02 2.000000e+00
      vertex   -1.507612e+02 -2.188268e+02 0.000000e+00
      vertex   -1.503407e+02 -2.175882e+02 0.000000e+00
    endloop
  endfacet
  facet normal 9.807853e-01 -1.950903e-01 0.000000e+00
    outer loop
      vertex   -1.503407e+02 -2.175882e+02 2.000000e+00
      vertex   -1.503407e+02 -2.175882e+02 0.000000e+00
      vertex   -1.500856e+02 -2.163053e+02 2.000000e+00
    endloop
  endfacet
  facet normal 9.807853e-01 -1.950903e-01 0.000000e+00
    outer loop
      vertex   -1.500856e+02 -2.163053e+02 2.000000e+00
      vertex   -1.503407e+02 -2.175882e+02 0.000000e+00
      vertex   -1.500856e+02 -2.163053e+02 0.000000e+00
    endloop
  endfacet
  facet normal 9.978589e-01 -6.540313e-02 0.000000e+00
    outer loop
      vertex   -1.500856e+02 -2.163053e+02 2.000000e+00
      vertex   -1.500856e+02 -2.163053e+02 0.000000e+00
      vertex   -1.500000e+02 -2.150000e+02 2.000000e+00
    endloop
  endfacet
  facet normal 9.978589e-01 -6.540313e-02 0.000000e+00
    outer loop
      vertex   -1.500000e+02 -2.150000e+02 2.000000e+00
      vertex   -1.500856e+02 -2.163053e+02 0.000000e+00
      vertex   -1.500000e+02 -2.150000e+02 0.000000e+00
    endloop
  endfacet
  facet normal 0.000000e+00 -1.000000e+00 0.000000e+00
    outer loop
      vertex   -2.400000e+02 -2.250000e+02 0.000000e+00
      vertex   -1.600000e+02 -2.250000e+02 0.000000e+00
      vertex   -2.400000e+02 -2.250000e+02 2.000000e+00
    endloop
  endfacet
  facet normal 0.000000e+00 -1.000000e+00 0.000000e+00
    outer loop
      vertex   -2.400000e+02 -2.250000e+02 2.000000e+00
      vertex   -1.600000e+02 -2.250000e+02 0.000000e+00
      vertex   -1.600000e+02 -2.250000e+02 2.000000e+00
    endloop
  endfacet
  facet normal -9.978589e-01 -6.540313e-02 -0.000000e+00
    outer loop
      vertex   -2.500000e+02 -2.150000e+02 2.000000e+00
      vertex   -2.500000e+02 -2.150000e+02 0.000000e+00
      vertex   -2.499144e+02 -2.163053e+02 2.000000e+00
    endloop
  endfacet
  facet normal -9.978589e-01 -6.540313e-02 -0.000000e+00
    outer loop
      vertex   -2.499144e+02 -2.163053e+02 2.000000e+00
      vertex   -2.500000e+02 -2.150000e+02 0.000000e+00
      vertex   -2.499144e+02 -2.163053e+02 0.000000e+00
    endloop
  endfacet
  facet normal -9.807853e-01 -1.950903e-01 -0.000000e+00
    outer loop
      vertex   -2.499144e+02 -2.163053e+02 2.000000e+00
      vertex   -2.499144e+02 -2.163053e+02 0.000000e+00
      vertex   -2.496593e+02 -2.175882e+02 2.000000e+00
    endloop
  endfacet
  facet normal -9.807853e-01 -1.950903e-01 -0.000000e+00
    outer loop
      vertex   -2.496593e+02 -2.175882e+02 2.000000e+00
      vertex   -2.499144e+02 -2.163053e+02 0.000000e+00
      vertex   -2.496593e+02 -2.175882e+02 0.000000e+00
    endloop
  endfacet
  facet normal -9.469301e-01 -3.214395e-01 -0.000000e+00
    outer loop
      vertex   -2.496593e+02 -2.175882e+02 2.000000e+00
      vertex   -2.496593e+02 -2.175882e+02 0.000000e+00
      vertex   -2.492388e+02 -2.188268e+02 2.000000e+00
    endloop
  endfacet
  facet normal -9.469301e-01 -3.214395e-01 -0.000000e+00
    outer loop
      vertex   -2.492388e+02 -2.188268e+02 2.000000e+00
      vertex   -2.496593e+02 -2.175882e+02 0.000000e+00
      vertex   -2.492388e+02 -2.188268e+02 0.000000e+00
    endloop
  endfacet
  facet normal -8.968727e-01 -4.422887e-01 -0.000000e+00
    outer loop
      vertex   -2.492388e+02 -2.188268e+02 2.000000e+00
      vertex   -2.492388e+02 -2.188268e+02 0.000000e+00
      vertex   -2.486603e+02 -2.200000e+02 2.000000e+00
    endloop
  endfacet
  facet normal -8.968727e-01 -4.422887e-01 -0.000000e+00
    outer loop
      vertex   -2.486603e+02 -2.200000e+02 2.000000e+00
      vertex   -2.492388e+02 -2.188268e+02 0.000000e+00
      vertex   -2.486603e+02 -2.200000e+02 0.000000e+00
    endloop
  endfacet
  facet normal -8.314696e-01 -5.555702e-01 -0.000000e+00
    outer loop
      vertex   -2.486603e+02 -2.200000e+02 2.000000e+00
      vertex   -2.486603e+02 -2.200000e+02 0.000000e+00
      vertex   -2.479335e+02 -2.210876e+02 2.000000e+00
    endloop
  endfacet
  facet normal -8.314696e-01 -5.555702e-01 -0.000000e+00
    outer loop
      vertex   -2.479335e+02 -2.210876e+02 2.000000e+00
      vertex   -2.486603e+02 -2.200000e+02 0.000000e+00
      vertex   -2.479335e+02 -2.210876e+02 0.000000e+00
    endloop
  endfacet
  facet normal -7.518398e-01 -6.593458e-01 -0.000000e+00
    outer loop
      vertex   -2.479335e+02 -2.210876e+02 2.000000e+00
      vertex   -2.479335e+02 -2.210876e+02 0.000000e+00
      vertex   -2.470711e+02 -2.220711e+02 2.000000e+00
    endloop
  endfacet
  facet normal -7.518398e-01 -6.593458e-01 -0.000000e+00
    outer loop
      vertex   -2.470711e+02 -2.220711e+02 2.000000e+00
      vertex   -2.479335e+02 -2.210876e+02 0.000000e+00
      vertex   -2.470711e+02 -2.220711e+02 0.000000e+00
    endloop
  endfacet
  facet normal -6.593458e-01 -7.518398e-01 -0.000000e+00
    outer loop
      vertex   -2.470711e+02 -2.220711e+02 2.000000e+00
      vertex   -2.470711e+02 -2.220711e+02 0.000000e+00
      vertex   -2.460876e+02 -2.229335e+02 2.000000e+00
    endloop
  endfacet
  facet normal -6.593458e-01 -7.518398e-01 -0.000000e+00
    outer loop
      vertex   -2.460876e+02 -2.229335e+02 2.000000e+00
      vertex   -2.470711e+02 -2.220711e+02 0.000000e+00
      vertex   -2.460876e+02 -2.229335e+02 0.000000e+00
    endloop
  endfacet
  facet normal -5.555702e-01 -8.314696e-01 -0.000000e+00
    outer loop
      vertex   -2.460876e+02 -2.229335e+02 2.000000e+00
      vertex   -2.460876e+02 -2.229335e+02 0.000000e+00
      vertex   -2.450000e+02 -2.236603e+02 2.000000e+00
    endloop
  endfacet
  facet normal -5.555702e-01 -8.314696e-01 -0.000000e+00
    outer loop
      vertex   -2.450000e+02 -2.236603e+02 2.000000e+00
      vertex   -2.460876e+02 -2.229335e+02 0.000000e+00
      vertex   -2.450000e+02 -2.236603e+02 0.000000e+00
    endloop
  endfacet
  facet normal -4.422887e-01 -8.968727e-01 -0.000000e+00
    outer loop
      vertex   -2.450000e+02 -2.236603e+02 2.000000e+00
      vertex   -2.450000e+02 -2.236603e+02 0.000000e+00
      vertex   -2.438268e+02 -2.242388e+02 2.000000e+00
    endloop
  endfacet
  facet normal -4.422887e-01 -8.968727e-01 -0.000000e+00
    outer loop
      vertex   -2.438268e+02 -2.242388e+02 2.000000e+00
      vertex   -2.450000e+02 -2.236603e+02 0.000000e+00
      vertex   -2.438268e+02 -2.242388e+02 0.000000e+00
    endloop
  endfacet
  facet normal -3.214395e-01 -9.469301e-01 -0.000000e+00
    outer loop
      vertex   -2.438268e+02 -2.242388e+02 2.000000e+00
      vertex   -2.438268e+02 -2.242388e+02 0.000000e+00
      vertex   -2.425882e+02 -2.246593e+02 2.000000e+00
    endloop
  endfacet
  facet normal -3.214395e-01 -9.469301e-01 -0.000000e+00
    outer loop
      vertex   -2.425882e+02 -2.246593e+02 2.000000e+00
      vertex   -2.438268e+02 -2.242388e+02 0.000000e+00
      vertex   -2.425882e+02 -2.246593e+02 0.000000e+00
    endloop
  endfacet
  facet normal -1.950903e-01 -9.807853e-01 -0.000000e+00
    outer loop
      vertex   -2.425882e+02 -2.246593e+02 2.000000e+00
      vertex   -2.425882e+02 -2.246593e+02 0.000000e+00
      vertex   -2.413053e+02 -2.249144e+02 2.000000e+00
    endloop
  endfacet
  facet normal -1.950903e-01 -9.807853e-01 -0.000000e+00
    outer loop
      vertex   -2.413053e+02 -2.249144e+02 2.000000e+00
      vertex   -2.425882e+02 -2.246593e+02 0.000000e+00
      vertex   -2.413053e+02 -2.249144e+02 0.000000e+00
    endloop
  endfacet
  facet normal -6.540313e-02 -9.978589e-01 -0.000000e+00
    outer loop
      vertex   -2.413053e+02 -2.249144e+02 2.000000e+00
      vertex   -2.413053e+02 -2.249144e+02 0.000000e+00
      vertex   -2.400000e+02 -2.250000e+02 2.000000e+00
    endloop
  endfacet
  facet normal -6.540313e-02 -9.978589e-01 -0.000000e+00
    outer loop
      vertex   -2.400000e+02 -2.250000e+02 2.000000e+00
      vertex   -2.413053e+02 -2.249144e+02 0.000000e+00
      vertex   -2.400000e+02 -2.250000e+02 0.000000e+00
    endloop
  endfacet
  facet normal -1.000000e+00 0.000000e+00 0.000000e+00
    outer loop
      vertex   -2.500000e+02 -1.350000e+02 0.000000e+00
      vertex   -2.500000e+02 -2.150000e+02 0.000000e+00
      vertex   -2.500000e+02 -1.350000e+02 2.000000e+00
    endloop
  endfacet
  facet normal -1.000000e+00 -0.000000e+00 0.000000e+00
    outer loop
      vertex   -2.500000e+02 -1.350000e+02 2.000000e+00
      vertex   -2.500000e+02 -2.150000e+02 0.000000e+00
      vertex   -2.500000e+02 -2.150000e+02 2.000000e+00
    endloop
  endfacet
  facet normal -6.540313e-02 9.978589e-01 0.000000e+00
    outer loop
      vertex   -2.400000e+02 -1.250000e+02 2.000000e+00
      vertex   -2.400000e+02 -1.250000e+02 0.000000e+00
      vertex   -2.413053e+02 -1.250856e+02 2.000000e+00
    endloop
  endfacet
  facet normal -6.540313e-02 9.978589e-01 0.000000e+00
    outer loop
      vertex   -2.413053e+02 -1.250856e+02 2.000000e+00
      vertex   -2.400000e+02 -1.250000e+02 0.000000e+00
      vertex   -2.413053e+02 -1.250856e+02 0.000000e+00
    endloop
  endfacet
  facet normal -1.950903e-01 9.807853e-01 0.000000e+00
    outer loop
      vertex   -2.413053e+02 -1.250856e+02 2.000000e+00
      vertex   -2.413053e+02 -1.250856e+02 0.000000e+00
      vertex   -2.425882e+02 -1.253407e+02 2.000000e+00
    endloop
  endfacet
  facet normal -1.950903e-01 9.807853e-01 0.000000e+00
    outer loop
      vertex   -2.425882e+02 -1.253407e+02 2.000000e+00
      vertex   -2.413053e+02 -1.250856e+02 0.000000e+00
      vertex   -2.425882e+02 -1.253407e+02 0.000000e+00
    endloop
  endfacet
  facet normal -3.214395e-01 9.469301e-01 0.000000e+00
    outer loop
      vertex   -2.425882e+02 -1.253407e+02 2.000000e+00
      vertex   -2.425882e+02 -1.253407e+02 0.000000e+00
      vertex   -2.438268e+02 -1.257612e+02 2.000000e+00
    endloop
  endfacet
  facet normal -3.214395e-01 9.469301e-01 0.000000e+00
    outer loop
      vertex   -2.438268e+02 -1.257612e+02 2.000000e+00
      vertex   -2.425882e+02 -1.253407e+02 0.000000e+00
      vertex   -2.438268e+02 -1.257612e+02 0.000000e+00
    endloop
  endfacet
  facet normal -4.422887e-01 8.968727e-01 0.000000e+00
    outer loop
      vertex   -2.438268e+02 -1.257612e+02 2.000000e+00
      vertex   -2.438268e+02 -1.257612e+02 0.000000e+00
      vertex   -2.450000e+02 -1.263397e+02 2.000000e+00
    endloop
  endfacet
  facet normal -4.422887e-01 8.968727e-01 0.000000e+00
    outer loop
      vertex   -2.450000e+02 -1.263397e+02 2.000000e+00
      vertex   -2.438268e+02 -1.257612e+02 0.000000e+00
      vertex   -2.450000e+02 -1.263397e+02 0.000000e+00
    endloop
  endfacet
  facet normal -5.555702e-01 8.314696e-01 0.000000e+00
    outer loop
      vertex   -2.450000e+02 -1.263397e+02 2.000000e+00
      vertex   -2.450000e+02 -1.263397e+02 0.000000e+00
      vertex   -2.460876e+02 -1.270665e+02 2.000000e+00
    endloop
  endfacet
  facet normal -5.555702e-01 8.314696e-01 0.000000e+00
    outer loop
      vertex   -2.460876e+02 -1.270665e+02 2.000000e+00
      vertex   -2.450000e+02 -1.263397e+02 0.000000e+00
      vertex   -2.460876e+02 -1.270665e+02 0.000000e+00
    endloop
  endfacet
  facet normal -6.593458e-01 7.518398e-01 0.000000e+00
    outer loop
      vertex   -2.460876e+02 -1.270665e+02 2.000000e+00
      vertex   -2.460876e+02 -1.270665e+02 0.000000e+00
      vertex   -2.470711e+02 -1.279289e+02 2.000000e+00
    endloop
  endfacet
  facet normal -6.593458e-01 7.518398e-01 0.000000e+00
    outer loop
      vertex   -2.470711e+02 -1.279289e+02 2.000000e+00
      vertex   -2.460876e+02 -1.270665e+02 0.000000e+00
      vertex   -2.470711e+02 -1.279289e+02 0.000000e+00
    endloop
  endfacet
  facet normal -7.518398e-01 6.593458e-01 0.000000e+00
    outer loop
      vertex   -2.470711e+02 -1.279289e+02 2.000000e+00
      vertex   -2.470711e+02 -1.279289e+02 0.000000e+00
      vertex   -2.479335e+02 -1.289124e+02 2.000000e+00
    endloop
  endfacet
  facet normal -7.518398e-01 6.593458e-01 0.000000e+00
    outer loop
      vertex   -2.479335e+02 -1.289124e+02 2.000000e+00
      vertex   -2.470711e+02 -1.279289e+02 0.000000e+00
      vertex   -2.479335e+02 -1.289124e+02 0.000000e+00
    endloop
  endfacet
  facet normal -8.314696e-01 5.555702e-01 0.000000e+00
    outer loop
      vertex   -2.479335e+02 -1.289124e+02 2.000000e+00
      vertex   -2.479335e+02 -1.289124e+02 0.000000e+00
      vertex   -2.486603e+02 -1.300000e+02 2.000000e+00
    endloop
  endfacet
  facet normal -8.314696e-01 5.555702e-01 0.000000e+00
    outer loop
      vertex   -2.486603e+02 -1.300000e+02 2.000000e+00
      vertex   -2.479335e+02 -1.289124e+02 0.000000e+00
      vertex   -2.486603e+02 -1.300000e+02 0.000000e+00
    endloop
  endfacet
  facet normal -8.968727e-01 4.422887e-01 0.000000e+00
    outer loop
      vertex   -2.486603e+02 -1.300000e+02 2.000000e+00
      vertex   -2.486603e+02 -1.300000e+02 0.000000e+00
      vertex   -2.492388e+02 -1.311732e+02 2.000000e+00
    endloop
  endfacet
  facet normal -8.968727e-01 4.422887e-01 0.000000e+00
    outer loop
      vertex   -2.492388e+02 -1.311732e+02 2.000000e+00
      vertex   -2.486603e+02 -1.300000e+02 0.000000e+00
      vertex   -2.492388e+02 -1.311732e+02 0.000000e+00
    endloop
  endfacet
  facet normal -9.469301e-01 3.214395e-01 0.000000e+00
    outer loop
      vertex   -2.492388e+02 -1.311732e+02 2.000000e+00
      vertex   -2.492388e+02 -1.311732e+02 0.000000e+00
      vertex   -2.496593e+02 -1.324118e+02 2.000000e+00
    endloop
  endfacet
  facet normal -9.469301e-01 3.214395e-01 0.000000e+00
    outer loop
      vertex   -2.496593e+02 -1.324118e+02 2.000000e+00
      vertex   -2.492388e+02 -1.311732e+02 0.000000e+00
      vertex   -2.496593e+02 -1.324118e+02 0.000000e+00
    endloop
  endfacet
  facet normal -9.807853e-01 1.950903e-01 0.000000e+00
    outer loop
      vertex   -2.496593e+02 -1.324118e+02 2.000000e+00
      vertex   -2.496593e+02 -1.324118e+02 0.000000e+00
      vertex   -2.499144e+02 -1.336947e+02 2.000000e+00
    endloop
  endfacet
  facet normal -9.807853e-01 1.950903e-01 0.000000e+00
    outer loop
      vertex   -2.499144e+02 -1.336947e+02 2.000000e+00
      vertex   -2.496593e+02 -1.324118e+02 0.000000e+00
      vertex   -2.499144e+02 -1.336947e+02 0.000000e+00
    endloop
  endfacet
  facet normal -9.978589e-01 6.540313e-02 0.000000e+00
    outer loop
      vertex   -2.499144e+02 -1.336947e+02 2.000000e+00
      vertex   -2.499144e+02 -1.336947e+02 0.000000e+00
      vertex   -2.500000e+02 -1.350000e+02 2.000000e+00
    endloop
  endfacet
  facet normal -9.978589e-01 6.540313e-02 0.000000e+00
    outer loop
      vertex   -2.500000e+02 -1.350000e+02 2.000000e+00
      vertex   -2.499144e+02 -1.336947e+02 0.000000e+00
      vertex   -2.500000e+02 -1.350000e+02 0.000000e+00
    endloop
  endfacet
  facet normal -0.000000e+00 0.000000e+00 1.000000e+00
    outer loop
      vertex   -2.183812e+02 -1.820000e+02 2.000000e+00
      vertex   -2.239813e+02 -2.044770e+02 2.000000e+00
      vertex   -2.126077e+02 -1.820000e+02 2.000000e+00
    endloop
  endfacet
  facet normal 0.000000e+00 0.000000e+00 1.000000e+00
    outer loop
      vertex   -2.126077e+02 -1.820000e+02 2.000000e+00
      vertex   -2.239813e+02 -2.044770e+02 2.000000e+00
      vertex   -2.219139e+02 -2.060449e+02 2.000000e+00
    endloop
  endfacet
  facet normal 0.000000e+00 0.000000e+00 1.000000e+00
    outer loop
      vertex   -2.126077e+02 -1.820000e+02 2.000000e+00
      vertex   -2.219139e+02 -2.060449e+02 2.000000e+00
      vertex   -2.039355e+02 -2.029375e+02 2.000000e+00
    endloop
  endfacet
  facet normal 0.000000e+00 0.000000e+00 1.000000e+00
    outer loop
      vertex   -2.039355e+02 -2.029375e+02 2.000000e+00
      vertex   -2.219139e+02 -2.060449e+02 2.000000e+00
      vertex   -2.197442e+02 -2.074679e+02 2.000000e+00
    endloop
  endfacet
  facet normal 0.000000e+00 0.000000e+00 1.000000e+00
    outer loop
      vertex   -2.039355e+02 -2.029375e+02 2.000000e+00
      vertex   -2.197442e+02 -2.074679e+02 2.000000e+00
      vertex   -2.174825e+02 -2.087396e+02 2.000000e+00
    endloop
  endfacet
  facet normal 0.000000e+00 0.000000e+00 1.000000e+00
    outer loop
      vertex   -2.186400e+02 -1.819659e+02 2.000000e+00
      vertex   -2.277718e+02 -2.009370e+02 2.000000e+00
      vertex   -2.183812e+02 -1.820000e+02 2.000000e+00
    endloop
  endfacet
  facet normal 0.000000e+00 0.000000e+00 1.000000e+00
    outer loop
      vertex   -2.183812e+02 -1.820000e+02 2.000000e+00
      vertex   -2.277718e+02 -2.009370e+02 2.000000e+00
      vertex   -2.259370e+02 -2.027718e+02 2.000000e+00
    endloop
  endfacet
  facet normal 0.000000e+00 0.000000e+00 1.000000e+00
    outer loop
      vertex   -2.183812e+02 -1.820000e+02 2.000000e+00
      vertex   -2.259370e+02 -2.027718e+02 2.000000e+00
      vertex   -2.239813e+02 -2.044770e+02 2.000000e+00
    endloop
  endfacet
  facet normal 0.000000e+00 0.000000e+00 1.000000e+00
    outer loop
      vertex   -2.188812e+02 -1.818660e+02 2.000000e+00
      vertex   -2.310449e+02 -1.969139e+02 2.000000e+00
      vertex   -2.186400e+02 -1.819659e+02 2.000000e+00
    endloop
  endfacet
  facet normal 0.000000e+00 0.000000e+00 1.000000e+00
    outer loop
      vertex   -2.186400e+02 -1.819659e+02 2.000000e+00
      vertex   -2.310449e+02 -1.969139e+02 2.000000e+00
      vertex   -2.294770e+02 -1.989813e+02 2.000000e+00
    endloop
  endfacet
  facet normal 0.000000e+00 0.000000e+00 1.000000e+00
    outer loop
      vertex   -2.186400e+02 -1.819659e+02 2.000000e+00
      vertex   -2.294770e+02 -1.989813e+02 2.000000e+00
      vertex   -2.277718e+02 -2.009370e+02 2.000000e+00
    endloop
  endfacet
  facet normal 0.000000e+00 0.000000e+00 1.000000e+00
    outer loop
      vertex   -2.190883e+02 -1.817071e+02 2.000000e+00
      vertex   -2.269117e+02 -1.817071e+02 2.000000e+00
      vertex   -2.188812e+02 -1.818660e+02 2.000000e+00
    endloop
  endfacet
  facet normal 0.000000e+00 0.000000e+00 1.000000e+00
    outer loop
      vertex   -2.188812e+02 -1.818660e+02 2.000000e+00
      vertex   -2.269117e+02 -1.817071e+02 2.000000e+00
      vertex   -2.271188e+02 -1.818660e+02 2.000000e+00
    endloop
  endfacet
  facet normal 0.000000e+00 0.000000e+00 1.000000e+00
    outer loop
      vertex   -2.188812e+02 -1.818660e+02 2.000000e+00
      vertex   -2.271188e+02 -1.818660e+02 2.000000e+00
      vertex   -2.310449e+02 -1.969139e+02 2.000000e+00
    endloop
  endfacet
  facet normal 0.000000e+00 0.000000e+00 1.000000e+00
    outer loop
      vertex   -2.310449e+02 -1.969139e+02 2.000000e+00
      vertex   -2.271188e+02 -1.818660e+02 2.000000e+00
      vertex   -2.273600e+02 -1.819659e+02 2.000000e+00
    endloop
  endfacet
  facet normal 0.000000e+00 -0.000000e+00 1.000000e+00
    outer loop
      vertex   -2.310449e+02 -1.969139e+02 2.000000e+00
      vertex   -2.273600e+02 -1.819659e+02 2.000000e+00
      vertex   -2.324679e+02 -1.947442e+02 2.000000e+00
    endloop
  endfacet
  facet normal 0.000000e+00 -0.000000e+00 1.000000e+00
    outer loop
      vertex   -2.324679e+02 -1.947442e+02 2.000000e+00
      vertex   -2.273600e+02 -1.819659e+02 2.000000e+00
      vertex   -2.337396e+02 -1.924825e+02 2.000000e+00
    endloop
  endfacet
  facet normal 0.000000e+00 0.000000e+00 1.000000e+00
    outer loop
      vertex   -2.337396e+02 -1.924825e+02 2.000000e+00
      vertex   -2.273600e+02 -1.819659e+02 2.000000e+00
      vertex   -2.276188e+02 -1.820000e+02 2.000000e+00
    endloop
  endfacet
  facet normal 0.000000e+00 -0.000000e+00 1.000000e+00
    outer loop
      vertex   -2.337396e+02 -1.924825e+02 2.000000e+00
      vertex   -2.276188e+02 -1.820000e+02 2.000000e+00
      vertex   -2.348540e+02 -1.901392e+02 2.000000e+00
    endloop
  endfacet
  facet normal 0.000000e+00 -0.000000e+00 1.000000e+00
    outer loop
      vertex   -2.348540e+02 -1.901392e+02 2.000000e+00
      vertex   -2.276188e+02 -1.820000e+02 2.000000e+00
      vertex   -2.358059e+02 -1.877254e+02 2.000000e+00
    endloop
  endfacet
  facet normal 0.000000e+00 0.000000e+00 1.000000e+00
    outer loop
      vertex   -2.358059e+02 -1.877254e+02 2.000000e+00
      vertex   -2.276188e+02 -1.820000e+02 2.000000e+00
      vertex   -2.333923e+02 -1.820000e+02 2.000000e+00
    endloop
  endfacet
  facet normal 0.000000e+00 -0.000000e+00 1.000000e+00
    outer loop
      vertex   -2.358059e+02 -1.877254e+02 2.000000e+00
      vertex   -2.333923e+02 -1.820000e+02 2.000000e+00
      vertex   -2.365909e+02 -1.852523e+02 2.000000e+00
    endloop
  endfacet
  facet normal 0.000000e+00 0.000000e+00 1.000000e+00
    outer loop
      vertex   -2.365909e+02 -1.852523e+02 2.000000e+00
      vertex   -2.333923e+02 -1.820000e+02 2.000000e+00
      vertex   -2.336511e+02 -1.819659e+02 2.000000e+00
    endloop
  endfacet
  facet normal 0.000000e+00 0.000000e+00 1.000000e+00
    outer loop
      vertex   -2.365909e+02 -1.852523e+02 2.000000e+00
      vertex   -2.336511e+02 -1.819659e+02 2.000000e+00
      vertex   -2.338923e+02 -1.818660e+02 2.000000e+00
    endloop
  endfacet
  facet normal 0.000000e+00 0.000000e+00 1.000000e+00
    outer loop
      vertex   -2.269117e+02 -1.817071e+02 2.000000e+00
      vertex   -2.190883e+02 -1.817071e+02 2.000000e+00
      vertex   -2.267528e+02 -1.815000e+02 2.000000e+00
    endloop
  endfacet
  facet normal -0.000000e+00 0.000000e+00 1.000000e+00
    outer loop
      vertex   -2.267528e+02 -1.815000e+02 2.000000e+00
      vertex   -2.190883e+02 -1.817071e+02 2.000000e+00
      vertex   -2.192472e+02 -1.815000e+02 2.000000e+00
    endloop
  endfacet
  facet normal 0.000000e+00 0.000000e+00 1.000000e+00
    outer loop
      vertex   -2.267528e+02 -1.815000e+02 2.000000e+00
      vertex   -2.192472e+02 -1.815000e+02 2.000000e+00
      vertex   -2.193471e+02 -1.812588e+02 2.000000e+00
    endloop
  endfacet
  facet normal 0.000000e+00 0.000000e+00 1.000000e+00
    outer loop
      vertex   -2.267528e+02 -1.815000e+02 2.000000e+00
      vertex   -2.193471e+02 -1.812588e+02 2.000000e+00
      vertex   -2.266529e+02 -1.812588e+02 2.000000e+00
    endloop
  endfacet
  facet normal 0.000000e+00 0.000000e+00 1.000000e+00
    outer loop
      vertex   -2.266529e+02 -1.812588e+02 2.000000e+00
      vertex   -2.193471e+02 -1.812588e+02 2.000000e+00
      vertex   -2.193812e+02 -1.810000e+02 2.000000e+00
    endloop
  endfacet
  facet normal 0.000000e+00 0.000000e+00 1.000000e+00
    outer loop
      vertex   -2.266529e+02 -1.812588e+02 2.000000e+00
      vertex   -2.193812e+02 -1.810000e+02 2.000000e+00
      vertex   -2.266188e+02 -1.810000e+02 2.000000e+00
    endloop
  endfacet
  facet normal 0.000000e+00 -0.000000e+00 1.000000e+00
    outer loop
      vertex   -2.266188e+02 -1.810000e+02 2.000000e+00
      vertex   -2.193812e+02 -1.810000e+02 2.000000e+00
      vertex   -2.266529e+02 -1.807412e+02 2.000000e+00
    endloop
  endfacet
  facet normal -0.000000e+00 0.000000e+00 1.000000e+00
    outer loop
      vertex   -2.266529e+02 -1.807412e+02 2.000000e+00
      vertex   -2.193812e+02 -1.810000e+02 2.000000e+00
      vertex   -2.193471e+02 -1.807412e+02 2.000000e+00
    endloop
  endfacet
  facet normal 0.000000e+00 -0.000000e+00 1.000000e+00
    outer loop
      vertex   -2.266529e+02 -1.807412e+02 2.000000e+00
      vertex   -2.193471e+02 -1.807412e+02 2.000000e+00
      vertex   -2.267528e+02 -1.805000e+02 2.000000e+00
    endloop
  endfacet
  facet normal -0.000000e+00 0.000000e+00 1.000000e+00
    outer loop
      vertex   -2.267528e+02 -1.805000e+02 2.000000e+00
      vertex   -2.193471e+02 -1.807412e+02 2.000000e+00
      vertex   -2.192472e+02 -1.805000e+02 2.000000e+00
    endloop
  endfacet
  facet normal 0.000000e+00 -0.000000e+00 1.000000e+00
    outer loop
      vertex   -2.267528e+02 -1.805000e+02 2.000000e+00
      vertex   -2.192472e+02 -1.805000e+02 2.000000e+00
      vertex   -2.269117e+02 -1.802929e+02 2.000000e+00
    endloop
  endfacet
  facet normal -0.000000e+00 0.000000e+00 1.000000e+00
    outer loop
      vertex   -2.269117e+02 -1.802929e+02 2.000000e+00
      vertex   -2.192472e+02 -1.805000e+02 2.000000e+00
      vertex   -2.190883e+02 -1.802929e+02 2.000000e+00
    endloop
  endfacet
  facet normal 0.000000e+00 -0.000000e+00 1.000000e+00
    outer loop
      vertex   -2.269117e+02 -1.802929e+02 2.000000e+00
      vertex   -2.190883e+02 -1.802929e+02 2.000000e+00
      vertex   -2.295396e+02 -1.757412e+02 2.000000e+00
    endloop
  endfacet
  facet normal -0.000000e+00 0.000000e+00 1.000000e+00
    outer loop
      vertex   -2.295396e+02 -1.757412e+02 2.000000e+00
      vertex   -2.190883e+02 -1.802929e+02 2.000000e+00
      vertex   -2.164604e+02 -1.757412e+02 2.000000e+00
    endloop
  endfacet
  facet normal 0.000000e+00 0.000000e+00 1.000000e+00
    outer loop
      vertex   -2.295396e+02 -1.757412e+02 2.000000e+00
      vertex   -2.164604e+02 -1.757412e+02 2.000000e+00
      vertex   -2.203721e+02 -1.689659e+02 2.000000e+00
    endloop
  endfacet
  facet normal 0.000000e+00 0.000000e+00 1.000000e+00
    outer loop
      vertex   -2.203721e+02 -1.689659e+02 2.000000e+00
      vertex   -2.164604e+02 -1.757412e+02 2.000000e+00
      vertex   -2.201133e+02 -1.690000e+02 2.000000e+00
    endloop
  endfacet
  facet normal 0.000000e+00 0.000000e+00 1.000000e+00
    outer loop
      vertex   -2.201133e+02 -1.690000e+02 2.000000e+00
      vertex   -2.164604e+02 -1.757412e+02 2.000000e+00
      vertex   -2.163605e+02 -1.755000e+02 2.000000e+00
    endloop
  endfacet
  facet normal -0.000000e+00 0.000000e+00 1.000000e+00
    outer loop
      vertex   -2.201133e+02 -1.690000e+02 2.000000e+00
      vertex   -2.163605e+02 -1.755000e+02 2.000000e+00
      vertex   -2.198544e+02 -1.689659e+02 2.000000e+00
    endloop
  endfacet
  facet normal 0.000000e+00 0.000000e+00 1.000000e+00
    outer loop
      vertex   -2.198544e+02 -1.689659e+02 2.000000e+00
      vertex   -2.163605e+02 -1.755000e+02 2.000000e+00
      vertex   -2.162016e+02 -1.752929e+02 2.000000e+00
    endloop
  endfacet
  facet normal -0.000000e+00 0.000000e+00 1.000000e+00
    outer loop
      vertex   -2.198544e+02 -1.689659e+02 2.000000e+00
      vertex   -2.162016e+02 -1.752929e+02 2.000000e+00
      vertex   -2.196133e+02 -1.688660e+02 2.000000e+00
    endloop
  endfacet
  facet normal 0.000000e+00 0.000000e+00 1.000000e+00
    outer loop
      vertex   -2.196133e+02 -1.688660e+02 2.000000e+00
      vertex   -2.162016e+02 -1.752929e+02 2.000000e+00
      vertex   -2.159944e+02 -1.751340e+02 2.000000e+00
    endloop
  endfacet
  facet normal 0.000000e+00 0.000000e+00 1.000000e+00
    outer loop
      vertex   -2.196133e+02 -1.688660e+02 2.000000e+00
      vertex   -2.159944e+02 -1.751340e+02 2.000000e+00
      vertex   -2.157533e+02 -1.750341e+02 2.000000e+00
    endloop
  endfacet
  facet normal 0.000000e+00 0.000000e+00 1.000000e+00
    outer loop
      vertex   -2.190883e+02 -1.802929e+02 2.000000e+00
      vertex   -2.188812e+02 -1.801340e+02 2.000000e+00
      vertex   -2.164604e+02 -1.757412e+02 2.000000e+00
    endloop
  endfacet
  facet normal 0.000000e+00 0.000000e+00 1.000000e+00
    outer loop
      vertex   -2.164604e+02 -1.757412e+02 2.000000e+00
      vertex   -2.188812e+02 -1.801340e+02 2.000000e+00
      vertex   -2.164944e+02 -1.760000e+02 2.000000e+00
    endloop
  endfacet
  facet normal 0.000000e+00 0.000000e+00 1.000000e+00
    outer loop
      vertex   -2.164944e+02 -1.760000e+02 2.000000e+00
      vertex   -2.188812e+02 -1.801340e+02 2.000000e+00
      vertex   -2.186400e+02 -1.800341e+02 2.000000e+00
    endloop
  endfacet
  facet normal 0.000000e+00 0.000000e+00 1.000000e+00
    outer loop
      vertex   -2.164944e+02 -1.760000e+02 2.000000e+00
      vertex   -2.186400e+02 -1.800341e+02 2.000000e+00
      vertex   -2.164604e+02 -1.762588e+02 2.000000e+00
    endloop
  endfacet
  facet normal 0.000000e+00 0.000000e+00 1.000000e+00
    outer loop
      vertex   -2.164604e+02 -1.762588e+02 2.000000e+00
      vertex   -2.186400e+02 -1.800341e+02 2.000000e+00
      vertex   -2.163605e+02 -1.765000e+02 2.000000e+00
    endloop
  endfacet
  facet normal 0.000000e+00 0.000000e+00 1.000000e+00
    outer loop
      vertex   -2.163605e+02 -1.765000e+02 2.000000e+00
      vertex   -2.186400e+02 -1.800341e+02 2.000000e+00
      vertex   -2.183812e+02 -1.800000e+02 2.000000e+00
    endloop
  endfacet
  facet normal 0.000000e+00 0.000000e+00 1.000000e+00
    outer loop
      vertex   -2.163605e+02 -1.765000e+02 2.000000e+00
      vertex   -2.183812e+02 -1.800000e+02 2.000000e+00
      vertex   -2.160718e+02 -1.800000e+02 2.000000e+00
    endloop
  endfacet
  facet normal 0.000000e+00 0.000000e+00 1.000000e+00
    outer loop
      vertex   -2.163605e+02 -1.765000e+02 2.000000e+00
      vertex   -2.160718e+02 -1.800000e+02 2.000000e+00
      vertex   -2.152058e+02 -1.785000e+02 2.000000e+00
    endloop
  endfacet
  facet normal 0.000000e+00 0.000000e+00 1.000000e+00
    outer loop
      vertex   -2.152058e+02 -1.785000e+02 2.000000e+00
      vertex   -2.160718e+02 -1.800000e+02 2.000000e+00
      vertex   -2.158130e+02 -1.799659e+02 2.000000e+00
    endloop
  endfacet
  facet normal 0.000000e+00 0.000000e+00 1.000000e+00
    outer loop
      vertex   -2.152058e+02 -1.785000e+02 2.000000e+00
      vertex   -2.158130e+02 -1.799659e+02 2.000000e+00
      vertex   -2.155718e+02 -1.798660e+02 2.000000e+00
    endloop
  endfacet
  facet normal 0.000000e+00 0.000000e+00 1.000000e+00
    outer loop
      vertex   -2.155718e+02 -1.798660e+02 2.000000e+00
      vertex   -2.153647e+02 -1.797071e+02 2.000000e+00
      vertex   -2.152058e+02 -1.785000e+02 2.000000e+00
    endloop
  endfacet
  facet normal 0.000000e+00 0.000000e+00 1.000000e+00
    outer loop
      vertex   -2.152058e+02 -1.785000e+02 2.000000e+00
      vertex   -2.153647e+02 -1.797071e+02 2.000000e+00
      vertex   -2.152058e+02 -1.795000e+02 2.000000e+00
    endloop
  endfacet
  facet normal 0.000000e+00 0.000000e+00 1.000000e+00
    outer loop
      vertex   -2.152058e+02 -1.785000e+02 2.000000e+00
      vertex   -2.152058e+02 -1.795000e+02 2.000000e+00
      vertex   -2.151059e+02 -1.792588e+02 2.000000e+00
    endloop
  endfacet
  facet normal 0.000000e+00 -0.000000e+00 1.000000e+00
    outer loop
      vertex   -2.151059e+02 -1.792588e+02 2.000000e+00
      vertex   -2.150718e+02 -1.790000e+02 2.000000e+00
      vertex   -2.152058e+02 -1.785000e+02 2.000000e+00
    endloop
  endfacet
  facet normal 0.000000e+00 0.000000e+00 1.000000e+00
    outer loop
      vertex   -2.152058e+02 -1.785000e+02 2.000000e+00
      vertex   -2.150718e+02 -1.790000e+02 2.000000e+00
      vertex   -2.151059e+02 -1.787412e+02 2.000000e+00
    endloop
  endfacet
  facet normal -0.000000e+00 0.000000e+00 1.000000e+00
    outer loop
      vertex   -2.196133e+02 -1.688660e+02 2.000000e+00
      vertex   -2.157533e+02 -1.750341e+02 2.000000e+00
      vertex   -2.194061e+02 -1.687071e+02 2.000000e+00
    endloop
  endfacet
  facet normal 0.000000e+00 0.000000e+00 1.000000e+00
    outer loop
      vertex   -2.194061e+02 -1.687071e+02 2.000000e+00
      vertex   -2.157533e+02 -1.750341e+02 2.000000e+00
      vertex   -2.154944e+02 -1.750000e+02 2.000000e+00
    endloop
  endfacet
  facet normal -0.000000e+00 0.000000e+00 1.000000e+00
    outer loop
      vertex   -2.194061e+02 -1.687071e+02 2.000000e+00
      vertex   -2.154944e+02 -1.750000e+02 2.000000e+00
      vertex   -2.192472e+02 -1.685000e+02 2.000000e+00
    endloop
  endfacet
  facet normal -0.000000e+00 0.000000e+00 1.000000e+00
    outer loop
      vertex   -2.192472e+02 -1.685000e+02 2.000000e+00
      vertex   -2.154944e+02 -1.750000e+02 2.000000e+00
      vertex   -2.191473e+02 -1.682588e+02 2.000000e+00
    endloop
  endfacet
  facet normal 0.000000e+00 0.000000e+00 1.000000e+00
    outer loop
      vertex   -2.191473e+02 -1.682588e+02 2.000000e+00
      vertex   -2.154944e+02 -1.750000e+02 2.000000e+00
      vertex   -2.152356e+02 -1.750341e+02 2.000000e+00
    endloop
  endfacet
  facet normal 0.000000e+00 0.000000e+00 1.000000e+00
    outer loop
      vertex   -2.191473e+02 -1.682588e+02 2.000000e+00
      vertex   -2.152356e+02 -1.750341e+02 2.000000e+00
      vertex   -2.086634e+02 -1.687135e+02 2.000000e+00
    endloop
  endfacet
  facet normal 0.000000e+00 0.000000e+00 1.000000e+00
    outer loop
      vertex   -2.086634e+02 -1.687135e+02 2.000000e+00
      vertex   -2.152356e+02 -1.750341e+02 2.000000e+00
      vertex   -2.149944e+02 -1.751340e+02 2.000000e+00
    endloop
  endfacet
  facet normal 0.000000e+00 0.000000e+00 1.000000e+00
    outer loop
      vertex   -2.086634e+02 -1.687135e+02 2.000000e+00
      vertex   -2.149944e+02 -1.751340e+02 2.000000e+00
      vertex   -2.082533e+02 -1.695385e+02 2.000000e+00
    endloop
  endfacet
  facet normal 0.000000e+00 0.000000e+00 1.000000e+00
    outer loop
      vertex   -2.082533e+02 -1.695385e+02 2.000000e+00
      vertex   -2.149944e+02 -1.751340e+02 2.000000e+00
      vertex   -2.147873e+02 -1.752929e+02 2.000000e+00
    endloop
  endfacet
  facet normal 0.000000e+00 0.000000e+00 1.000000e+00
    outer loop
      vertex   -2.082533e+02 -1.695385e+02 2.000000e+00
      vertex   -2.147873e+02 -1.752929e+02 2.000000e+00
      vertex   -2.076987e+02 -1.702742e+02 2.000000e+00
    endloop
  endfacet
  facet normal 0.000000e+00 0.000000e+00 1.000000e+00
    outer loop
      vertex   -2.076987e+02 -1.702742e+02 2.000000e+00
      vertex   -2.147873e+02 -1.752929e+02 2.000000e+00
      vertex   -2.146284e+02 -1.755000e+02 2.000000e+00
    endloop
  endfacet
  facet normal 0.000000e+00 0.000000e+00 1.000000e+00
    outer loop
      vertex   -2.076987e+02 -1.702742e+02 2.000000e+00
      vertex   -2.146284e+02 -1.755000e+02 2.000000e+00
      vertex   -2.070187e+02 -1.708958e+02 2.000000e+00
    endloop
  endfacet
  facet normal 0.000000e+00 0.000000e+00 1.000000e+00
    outer loop
      vertex   -2.070187e+02 -1.708958e+02 2.000000e+00
      vertex   -2.146284e+02 -1.755000e+02 2.000000e+00
      vertex   -2.062361e+02 -1.713820e+02 2.000000e+00
    endloop
  endfacet
  facet normal 0.000000e+00 0.000000e+00 1.000000e+00
    outer loop
      vertex   -2.062361e+02 -1.713820e+02 2.000000e+00
      vertex   -2.146284e+02 -1.755000e+02 2.000000e+00
      vertex   -2.117417e+02 -1.805000e+02 2.000000e+00
    endloop
  endfacet
  facet normal 0.000000e+00 0.000000e+00 1.000000e+00
    outer loop
      vertex   -2.062361e+02 -1.713820e+02 2.000000e+00
      vertex   -2.117417e+02 -1.805000e+02 2.000000e+00
      vertex   -2.030999e+02 -1.761976e+02 2.000000e+00
    endloop
  endfacet
  facet normal 0.000000e+00 0.000000e+00 1.000000e+00
    outer loop
      vertex   -2.030999e+02 -1.761976e+02 2.000000e+00
      vertex   -2.117417e+02 -1.805000e+02 2.000000e+00
      vertex   -2.116418e+02 -1.807412e+02 2.000000e+00
    endloop
  endfacet
  facet normal 0.000000e+00 0.000000e+00 1.000000e+00
    outer loop
      vertex   -2.030999e+02 -1.761976e+02 2.000000e+00
      vertex   -2.116418e+02 -1.807412e+02 2.000000e+00
      vertex   -2.116077e+02 -1.810000e+02 2.000000e+00
    endloop
  endfacet
  facet normal -0.000000e+00 0.000000e+00 1.000000e+00
    outer loop
      vertex   -2.116077e+02 -1.810000e+02 2.000000e+00
      vertex   -2.116418e+02 -1.812588e+02 2.000000e+00
      vertex   -2.030999e+02 -1.761976e+02 2.000000e+00
    endloop
  endfacet
  facet normal 0.000000e+00 0.000000e+00 1.000000e+00
    outer loop
      vertex   -2.030999e+02 -1.761976e+02 2.000000e+00
      vertex   -2.116418e+02 -1.812588e+02 2.000000e+00
      vertex   -2.117417e+02 -1.815000e+02 2.000000e+00
    endloop
  endfacet
  facet normal 0.000000e+00 0.000000e+00 1.000000e+00
    outer loop
      vertex   -2.030999e+02 -1.761976e+02 2.000000e+00
      vertex   -2.117417e+02 -1.815000e+02 2.000000e+00
      vertex   -2.039355e+02 -2.029375e+02 2.000000e+00
    endloop
  endfacet
  facet normal 0.000000e+00 0.000000e+00 1.000000e+00
    outer loop
      vertex   -2.039355e+02 -2.029375e+02 2.000000e+00
      vertex   -2.117417e+02 -1.815000e+02 2.000000e+00
      vertex   -2.119006e+02 -1.817071e+02 2.000000e+00
    endloop
  endfacet
  facet normal 0.000000e+00 0.000000e+00 1.000000e+00
    outer loop
      vertex   -2.039355e+02 -2.029375e+02 2.000000e+00
      vertex   -2.119006e+02 -1.817071e+02 2.000000e+00
      vertex   -2.121077e+02 -1.818660e+02 2.000000e+00
    endloop
  endfacet
  facet normal 0.000000e+00 0.000000e+00 1.000000e+00
    outer loop
      vertex   -2.121077e+02 -1.818660e+02 2.000000e+00
      vertex   -2.123489e+02 -1.819659e+02 2.000000e+00
      vertex   -2.039355e+02 -2.029375e+02 2.000000e+00
    endloop
  endfacet
  facet normal 0.000000e+00 0.000000e+00 1.000000e+00
    outer loop
      vertex   -2.039355e+02 -2.029375e+02 2.000000e+00
      vertex   -2.123489e+02 -1.819659e+02 2.000000e+00
      vertex   -2.126077e+02 -1.820000e+02 2.000000e+00
    endloop
  endfacet
  facet normal 0.000000e+00 -0.000000e+00 1.000000e+00
    outer loop
      vertex   -1.620886e+02 -1.775932e+02 2.000000e+00
      vertex   -1.620000e+02 -1.750000e+02 2.000000e+00
      vertex   -1.840000e+02 -1.793787e+02 2.000000e+00
    endloop
  endfacet
  facet normal 0.000000e+00 0.000000e+00 1.000000e+00
    outer loop
      vertex   -1.840000e+02 -1.793787e+02 2.000000e+00
      vertex   -1.620000e+02 -1.750000e+02 2.000000e+00
      vertex   -1.620886e+02 -1.724068e+02 2.000000e+00
    endloop
  endfacet
  facet normal 0.000000e+00 0.000000e+00 1.000000e+00
    outer loop
      vertex   -1.840000e+02 -1.793787e+02 2.000000e+00
      vertex   -1.620886e+02 -1.724068e+02 2.000000e+00
      vertex   -1.623539e+02 -1.698257e+02 2.000000e+00
    endloop
  endfacet
  facet normal 0.000000e+00 0.000000e+00 1.000000e+00
    outer loop
      vertex   -1.623539e+02 -1.698257e+02 2.000000e+00
      vertex   -1.627948e+02 -1.672687e+02 2.000000e+00
      vertex   -1.840000e+02 -1.793787e+02 2.000000e+00
    endloop
  endfacet
  facet normal 0.000000e+00 0.000000e+00 1.000000e+00
    outer loop
      vertex   -1.840000e+02 -1.793787e+02 2.000000e+00
      vertex   -1.627948e+02 -1.672687e+02 2.000000e+00
      vertex   -1.634091e+02 -1.647477e+02 2.000000e+00
    endloop
  endfacet
  facet normal 0.000000e+00 0.000000e+00 1.000000e+00
    outer loop
      vertex   -1.840000e+02 -1.793787e+02 2.000000e+00
      vertex   -1.634091e+02 -1.647477e+02 2.000000e+00
      vertex   -1.641941e+02 -1.622746e+02 2.000000e+00
    endloop
  endfacet
  facet normal 0.000000e+00 0.000000e+00 1.000000e+00
    outer loop
      vertex   -1.641941e+02 -1.622746e+02 2.000000e+00
      vertex   -1.651460e+02 -1.598608e+02 2.000000e+00
      vertex   -1.840000e+02 -1.793787e+02 2.000000e+00
    endloop
  endfacet
  facet normal 0.000000e+00 0.000000e+00 1.000000e+00
    outer loop
      vertex   -1.840000e+02 -1.793787e+02 2.000000e+00
      vertex   -1.651460e+02 -1.598608e+02 2.000000e+00
      vertex   -1.662604e+02 -1.575175e+02 2.000000e+00
    endloop
  endfacet
  facet normal 0.000000e+00 0.000000e+00 1.000000e+00
    outer loop
      vertex   -1.840000e+02 -1.793787e+02 2.000000e+00
      vertex   -1.662604e+02 -1.575175e+02 2.000000e+00
      vertex   -1.675321e+02 -1.552558e+02 2.000000e+00
    endloop
  endfacet
  facet normal 0.000000e+00 0.000000e+00 1.000000e+00
    outer loop
      vertex   -1.675321e+02 -1.552558e+02 2.000000e+00
      vertex   -1.689551e+02 -1.530862e+02 2.000000e+00
      vertex   -1.840000e+02 -1.793787e+02 2.000000e+00
    endloop
  endfacet
  facet normal 0.000000e+00 0.000000e+00 1.000000e+00
    outer loop
      vertex   -1.840000e+02 -1.793787e+02 2.000000e+00
      vertex   -1.689551e+02 -1.530862e+02 2.000000e+00
      vertex   -1.840000e+02 -1.458107e+02 2.000000e+00
    endloop
  endfacet
  facet normal 0.000000e+00 0.000000e+00 1.000000e+00
    outer loop
      vertex   -1.840000e+02 -1.458107e+02 2.000000e+00
      vertex   -1.689551e+02 -1.530862e+02 2.000000e+00
      vertex   -1.705230e+02 -1.510187e+02 2.000000e+00
    endloop
  endfacet
  facet normal 0.000000e+00 0.000000e+00 1.000000e+00
    outer loop
      vertex   -1.840000e+02 -1.458107e+02 2.000000e+00
      vertex   -1.705230e+02 -1.510187e+02 2.000000e+00
      vertex   -1.722282e+02 -1.490630e+02 2.000000e+00
    endloop
  endfacet
  facet normal 0.000000e+00 0.000000e+00 1.000000e+00
    outer loop
      vertex   -1.722282e+02 -1.490630e+02 2.000000e+00
      vertex   -1.740630e+02 -1.472282e+02 2.000000e+00
      vertex   -1.840000e+02 -1.458107e+02 2.000000e+00
    endloop
  endfacet
  facet normal -0.000000e+00 0.000000e+00 1.000000e+00
    outer loop
      vertex   -1.840000e+02 -1.458107e+02 2.000000e+00
      vertex   -1.740630e+02 -1.472282e+02 2.000000e+00
      vertex   -1.760187e+02 -1.455230e+02 2.000000e+00
    endloop
  endfacet
  facet normal 0.000000e+00 0.000000e+00 1.000000e+00
    outer loop
      vertex   -1.840000e+02 -1.458107e+02 2.000000e+00
      vertex   -1.760187e+02 -1.455230e+02 2.000000e+00
      vertex   -1.780862e+02 -1.439551e+02 2.000000e+00
    endloop
  endfacet
  facet normal 0.000000e+00 0.000000e+00 1.000000e+00
    outer loop
      vertex   -1.780862e+02 -1.439551e+02 2.000000e+00
      vertex   -1.802558e+02 -1.425321e+02 2.000000e+00
      vertex   -1.840000e+02 -1.458107e+02 2.000000e+00
    endloop
  endfacet
  facet normal 0.000000e+00 -0.000000e+00 1.000000e+00
    outer loop
      vertex   -1.840000e+02 -1.458107e+02 2.000000e+00
      vertex   -1.802558e+02 -1.425321e+02 2.000000e+00
      vertex   -1.840256e+02 -1.456165e+02 2.000000e+00
    endloop
  endfacet
  facet normal 0.000000e+00 -0.000000e+00 1.000000e+00
    outer loop
      vertex   -1.840256e+02 -1.456165e+02 2.000000e+00
      vertex   -1.802558e+02 -1.425321e+02 2.000000e+00
      vertex   -1.841005e+02 -1.454357e+02 2.000000e+00
    endloop
  endfacet
  facet normal 0.000000e+00 -0.000000e+00 1.000000e+00
    outer loop
      vertex   -1.841005e+02 -1.454357e+02 2.000000e+00
      vertex   -1.802558e+02 -1.425321e+02 2.000000e+00
      vertex   -1.842197e+02 -1.452803e+02 2.000000e+00
    endloop
  endfacet
  facet normal 0.000000e+00 0.000000e+00 1.000000e+00
    outer loop
      vertex   -1.842197e+02 -1.452803e+02 2.000000e+00
      vertex   -1.802558e+02 -1.425321e+02 2.000000e+00
      vertex   -1.825175e+02 -1.412604e+02 2.000000e+00
    endloop
  endfacet
  facet normal 0.000000e+00 -0.000000e+00 1.000000e+00
    outer loop
      vertex   -1.842197e+02 -1.452803e+02 2.000000e+00
      vertex   -1.825175e+02 -1.412604e+02 2.000000e+00
      vertex   -1.843750e+02 -1.451611e+02 2.000000e+00
    endloop
  endfacet
  facet normal 0.000000e+00 -0.000000e+00 1.000000e+00
    outer loop
      vertex   -1.843750e+02 -1.451611e+02 2.000000e+00
      vertex   -1.825175e+02 -1.412604e+02 2.000000e+00
      vertex   -1.845559e+02 -1.450862e+02 2.000000e+00
    endloop
  endfacet
  facet normal 0.000000e+00 -0.000000e+00 1.000000e+00
    outer loop
      vertex   -1.845559e+02 -1.450862e+02 2.000000e+00
      vertex   -1.825175e+02 -1.412604e+02 2.000000e+00
      vertex   -1.847500e+02 -1.450607e+02 2.000000e+00
    endloop
  endfacet
  facet normal 0.000000e+00 -0.000000e+00 1.000000e+00
    outer loop
      vertex   -1.847500e+02 -1.450607e+02 2.000000e+00
      vertex   -1.825175e+02 -1.412604e+02 2.000000e+00
      vertex   -1.848608e+02 -1.401460e+02 2.000000e+00
    endloop
  endfacet
  facet normal 0.000000e+00 0.000000e+00 1.000000e+00
    outer loop
      vertex   -1.847500e+02 -1.450607e+02 2.000000e+00
      vertex   -1.848608e+02 -1.401460e+02 2.000000e+00
      vertex   -1.849441e+02 -1.450862e+02 2.000000e+00
    endloop
  endfacet
  facet normal 0.000000e+00 -0.000000e+00 1.000000e+00
    outer loop
      vertex   -1.849441e+02 -1.450862e+02 2.000000e+00
      vertex   -1.848608e+02 -1.401460e+02 2.000000e+00
      vertex   -1.851250e+02 -1.451611e+02 2.000000e+00
    endloop
  endfacet
  facet normal 0.000000e+00 -0.000000e+00 1.000000e+00
    outer loop
      vertex   -1.851250e+02 -1.451611e+02 2.000000e+00
      vertex   -1.848608e+02 -1.401460e+02 2.000000e+00
      vertex   -1.872746e+02 -1.391941e+02 2.000000e+00
    endloop
  endfacet
  facet normal 0.000000e+00 0.000000e+00 1.000000e+00
    outer loop
      vertex   -1.851250e+02 -1.451611e+02 2.000000e+00
      vertex   -1.872746e+02 -1.391941e+02 2.000000e+00
      vertex   -1.852803e+02 -1.452803e+02 2.000000e+00
    endloop
  endfacet
  facet normal 0.000000e+00 0.000000e+00 1.000000e+00
    outer loop
      vertex   -1.852803e+02 -1.452803e+02 2.000000e+00
      vertex   -1.872746e+02 -1.391941e+02 2.000000e+00
      vertex   -1.853432e+02 -1.453432e+02 2.000000e+00
    endloop
  endfacet
  facet normal 0.000000e+00 0.000000e+00 1.000000e+00
    outer loop
      vertex   -1.853432e+02 -1.453432e+02 2.000000e+00
      vertex   -1.872746e+02 -1.391941e+02 2.000000e+00
      vertex   -1.861376e+02 -1.462390e+02 2.000000e+00
    endloop
  endfacet
  facet normal 0.000000e+00 0.000000e+00 1.000000e+00
    outer loop
      vertex   -1.861376e+02 -1.462390e+02 2.000000e+00
      vertex   -1.872746e+02 -1.391941e+02 2.000000e+00
      vertex   -1.897477e+02 -1.384091e+02 2.000000e+00
    endloop
  endfacet
  facet normal 0.000000e+00 0.000000e+00 1.000000e+00
    outer loop
      vertex   -1.861376e+02 -1.462390e+02 2.000000e+00
      vertex   -1.897477e+02 -1.384091e+02 2.000000e+00
      vertex   -1.951005e+02 -1.453750e+02 2.000000e+00
    endloop
  endfacet
  facet normal 0.000000e+00 -0.000000e+00 1.000000e+00
    outer loop
      vertex   -1.951005e+02 -1.453750e+02 2.000000e+00
      vertex   -1.897477e+02 -1.384091e+02 2.000000e+00
      vertex   -1.952197e+02 -1.452197e+02 2.000000e+00
    endloop
  endfacet
  facet normal 0.000000e+00 0.000000e+00 1.000000e+00
    outer loop
      vertex   -1.952197e+02 -1.452197e+02 2.000000e+00
      vertex   -1.897477e+02 -1.384091e+02 2.000000e+00
      vertex   -1.922687e+02 -1.377948e+02 2.000000e+00
    endloop
  endfacet
  facet normal 0.000000e+00 -0.000000e+00 1.000000e+00
    outer loop
      vertex   -1.952197e+02 -1.452197e+02 2.000000e+00
      vertex   -1.922687e+02 -1.377948e+02 2.000000e+00
      vertex   -1.953750e+02 -1.451005e+02 2.000000e+00
    endloop
  endfacet
  facet normal 0.000000e+00 -0.000000e+00 1.000000e+00
    outer loop
      vertex   -1.953750e+02 -1.451005e+02 2.000000e+00
      vertex   -1.922687e+02 -1.377948e+02 2.000000e+00
      vertex   -1.955559e+02 -1.450256e+02 2.000000e+00
    endloop
  endfacet
  facet normal 0.000000e+00 0.000000e+00 1.000000e+00
    outer loop
      vertex   -1.955559e+02 -1.450256e+02 2.000000e+00
      vertex   -1.922687e+02 -1.377948e+02 2.000000e+00
      vertex   -1.948257e+02 -1.373539e+02 2.000000e+00
    endloop
  endfacet
  facet normal 0.000000e+00 -0.000000e+00 1.000000e+00
    outer loop
      vertex   -1.955559e+02 -1.450256e+02 2.000000e+00
      vertex   -1.948257e+02 -1.373539e+02 2.000000e+00
      vertex   -1.957500e+02 -1.450000e+02 2.000000e+00
    endloop
  endfacet
  facet normal 0.000000e+00 -0.000000e+00 1.000000e+00
    outer loop
      vertex   -1.957500e+02 -1.450000e+02 2.000000e+00
      vertex   -1.948257e+02 -1.373539e+02 2.000000e+00
      vertex   -1.962500e+02 -1.450000e+02 2.000000e+00
    endloop
  endfacet
  facet normal 0.000000e+00 -0.000000e+00 1.000000e+00
    outer loop
      vertex   -1.962500e+02 -1.450000e+02 2.000000e+00
      vertex   -1.948257e+02 -1.373539e+02 2.000000e+00
      vertex   -1.974068e+02 -1.370886e+02 2.000000e+00
    endloop
  endfacet
  facet normal 0.000000e+00 0.000000e+00 1.000000e+00
    outer loop
      vertex   -1.962500e+02 -1.450000e+02 2.000000e+00
      vertex   -1.974068e+02 -1.370886e+02 2.000000e+00
      vertex   -1.964441e+02 -1.450256e+02 2.000000e+00
    endloop
  endfacet
  facet normal 0.000000e+00 0.000000e+00 1.000000e+00
    outer loop
      vertex   -1.964441e+02 -1.450256e+02 2.000000e+00
      vertex   -1.974068e+02 -1.370886e+02 2.000000e+00
      vertex   -1.995559e+02 -1.450256e+02 2.000000e+00
    endloop
  endfacet
  facet normal 0.000000e+00 0.000000e+00 1.000000e+00
    outer loop
      vertex   -1.964441e+02 -1.450256e+02 2.000000e+00
      vertex   -1.995559e+02 -1.450256e+02 2.000000e+00
      vertex   -1.966250e+02 -1.451005e+02 2.000000e+00
    endloop
  endfacet
  facet normal 0.000000e+00 0.000000e+00 1.000000e+00
    outer loop
      vertex   -1.966250e+02 -1.451005e+02 2.000000e+00
      vertex   -1.995559e+02 -1.450256e+02 2.000000e+00
      vertex   -1.993750e+02 -1.451005e+02 2.000000e+00
    endloop
  endfacet
  facet normal 0.000000e+00 0.000000e+00 1.000000e+00
    outer loop
      vertex   -1.966250e+02 -1.451005e+02 2.000000e+00
      vertex   -1.993750e+02 -1.451005e+02 2.000000e+00
      vertex   -1.967803e+02 -1.452197e+02 2.000000e+00
    endloop
  endfacet
  facet normal 0.000000e+00 0.000000e+00 1.000000e+00
    outer loop
      vertex   -1.967803e+02 -1.452197e+02 2.000000e+00
      vertex   -1.993750e+02 -1.451005e+02 2.000000e+00
      vertex   -1.992197e+02 -1.452197e+02 2.000000e+00
    endloop
  endfacet
  facet normal 0.000000e+00 0.000000e+00 1.000000e+00
    outer loop
      vertex   -1.967803e+02 -1.452197e+02 2.000000e+00
      vertex   -1.992197e+02 -1.452197e+02 2.000000e+00
      vertex   -1.968995e+02 -1.453750e+02 2.000000e+00
    endloop
  endfacet
  facet normal 0.000000e+00 0.000000e+00 1.000000e+00
    outer loop
      vertex   -1.968995e+02 -1.453750e+02 2.000000e+00
      vertex   -1.992197e+02 -1.452197e+02 2.000000e+00
      vertex   -1.991005e+02 -1.453750e+02 2.000000e+00
    endloop
  endfacet
  facet normal 0.000000e+00 0.000000e+00 1.000000e+00
    outer loop
      vertex   -1.968995e+02 -1.453750e+02 2.000000e+00
      vertex   -1.991005e+02 -1.453750e+02 2.000000e+00
      vertex   -1.969744e+02 -1.455559e+02 2.000000e+00
    endloop
  endfacet
  facet normal 0.000000e+00 0.000000e+00 1.000000e+00
    outer loop
      vertex   -1.969744e+02 -1.455559e+02 2.000000e+00
      vertex   -1.991005e+02 -1.453750e+02 2.000000e+00
      vertex   -1.990256e+02 -1.455559e+02 2.000000e+00
    endloop
  endfacet
  facet normal 0.000000e+00 0.000000e+00 1.000000e+00
    outer loop
      vertex   -1.969744e+02 -1.455559e+02 2.000000e+00
      vertex   -1.990256e+02 -1.455559e+02 2.000000e+00
      vertex   -1.970000e+02 -1.457500e+02 2.000000e+00
    endloop
  endfacet
  facet normal 0.000000e+00 0.000000e+00 1.000000e+00
    outer loop
      vertex   -1.970000e+02 -1.457500e+02 2.000000e+00
      vertex   -1.990256e+02 -1.455559e+02 2.000000e+00
      vertex   -1.990000e+02 -1.457500e+02 2.000000e+00
    endloop
  endfacet
  facet normal 0.000000e+00 0.000000e+00 1.000000e+00
    outer loop
      vertex   -1.970000e+02 -1.457500e+02 2.000000e+00
      vertex   -1.990000e+02 -1.457500e+02 2.000000e+00
      vertex   -1.970000e+02 -1.642500e+02 2.000000e+00
    endloop
  endfacet
  facet normal 0.000000e+00 0.000000e+00 1.000000e+00
    outer loop
      vertex   -1.970000e+02 -1.642500e+02 2.000000e+00
      vertex   -1.990000e+02 -1.457500e+02 2.000000e+00
      vertex   -1.990000e+02 -1.642500e+02 2.000000e+00
    endloop
  endfacet
  facet normal 0.000000e+00 0.000000e+00 1.000000e+00
    outer loop
      vertex   -1.970000e+02 -1.642500e+02 2.000000e+00
      vertex   -1.990000e+02 -1.642500e+02 2.000000e+00
      vertex   -1.977500e+02 -1.650000e+02 2.000000e+00
    endloop
  endfacet
  facet normal 0.000000e+00 0.000000e+00 1.000000e+00
    outer loop
      vertex   -1.977500e+02 -1.650000e+02 2.000000e+00
      vertex   -1.990000e+02 -1.642500e+02 2.000000e+00
      vertex   -1.982500e+02 -1.650000e+02 2.000000e+00
    endloop
  endfacet
  facet normal 0.000000e+00 0.000000e+00 1.000000e+00
    outer loop
      vertex   -1.982500e+02 -1.650000e+02 2.000000e+00
      vertex   -1.990000e+02 -1.642500e+02 2.000000e+00
      vertex   -1.984441e+02 -1.649744e+02 2.000000e+00
    endloop
  endfacet
  facet normal 0.000000e+00 0.000000e+00 1.000000e+00
    outer loop
      vertex   -1.984441e+02 -1.649744e+02 2.000000e+00
      vertex   -1.990000e+02 -1.642500e+02 2.000000e+00
      vertex   -1.986250e+02 -1.648995e+02 2.000000e+00
    endloop
  endfacet
  facet normal 0.000000e+00 0.000000e+00 1.000000e+00
    outer loop
      vertex   -1.986250e+02 -1.648995e+02 2.000000e+00
      vertex   -1.990000e+02 -1.642500e+02 2.000000e+00
      vertex   -1.989744e+02 -1.644441e+02 2.000000e+00
    endloop
  endfacet
  facet normal 0.000000e+00 0.000000e+00 1.000000e+00
    outer loop
      vertex   -1.986250e+02 -1.648995e+02 2.000000e+00
      vertex   -1.989744e+02 -1.644441e+02 2.000000e+00
      vertex   -1.988995e+02 -1.646250e+02 2.000000e+00
    endloop
  endfacet
  facet normal 0.000000e+00 0.000000e+00 1.000000e+00
    outer loop
      vertex   -1.974068e+02 -1.370886e+02 2.000000e+00
      vertex   -2.000000e+02 -1.370000e+02 2.000000e+00
      vertex   -1.995559e+02 -1.450256e+02 2.000000e+00
    endloop
  endfacet
  facet normal 0.000000e+00 0.000000e+00 1.000000e+00
    outer loop
      vertex   -1.995559e+02 -1.450256e+02 2.000000e+00
      vertex   -2.000000e+02 -1.370000e+02 2.000000e+00
      vertex   -1.997500e+02 -1.450000e+02 2.000000e+00
    endloop
  endfacet
  facet normal 0.000000e+00 0.000000e+00 1.000000e+00
    outer loop
      vertex   -1.997500e+02 -1.450000e+02 2.000000e+00
      vertex   -2.000000e+02 -1.370000e+02 2.000000e+00
      vertex   -2.002500e+02 -1.450000e+02 2.000000e+00
    endloop
  endfacet
  facet normal 0.000000e+00 -0.000000e+00 1.000000e+00
    outer loop
      vertex   -2.002500e+02 -1.450000e+02 2.000000e+00
      vertex   -2.000000e+02 -1.370000e+02 2.000000e+00
      vertex   -2.004441e+02 -1.450256e+02 2.000000e+00
    endloop
  endfacet
  facet normal 0.000000e+00 -0.000000e+00 1.000000e+00
    outer loop
      vertex   -2.004441e+02 -1.450256e+02 2.000000e+00
      vertex   -2.000000e+02 -1.370000e+02 2.000000e+00
      vertex   -2.025932e+02 -1.370886e+02 2.000000e+00
    endloop
  endfacet
  facet normal 0.000000e+00 0.000000e+00 1.000000e+00
    outer loop
      vertex   -2.004441e+02 -1.450256e+02 2.000000e+00
      vertex   -2.025932e+02 -1.370886e+02 2.000000e+00
      vertex   -2.035559e+02 -1.450256e+02 2.000000e+00
    endloop
  endfacet
  facet normal 0.000000e+00 -0.000000e+00 1.000000e+00
    outer loop
      vertex   -2.035559e+02 -1.450256e+02 2.000000e+00
      vertex   -2.025932e+02 -1.370886e+02 2.000000e+00
      vertex   -2.037500e+02 -1.450000e+02 2.000000e+00
    endloop
  endfacet
  facet normal 0.000000e+00 -0.000000e+00 1.000000e+00
    outer loop
      vertex   -2.037500e+02 -1.450000e+02 2.000000e+00
      vertex   -2.025932e+02 -1.370886e+02 2.000000e+00
      vertex   -2.051743e+02 -1.373539e+02 2.000000e+00
    endloop
  endfacet
  facet normal 0.000000e+00 0.000000e+00 1.000000e+00
    outer loop
      vertex   -2.037500e+02 -1.450000e+02 2.000000e+00
      vertex   -2.051743e+02 -1.373539e+02 2.000000e+00
      vertex   -2.042500e+02 -1.450000e+02 2.000000e+00
    endloop
  endfacet
  facet normal 0.000000e+00 0.000000e+00 1.000000e+00
    outer loop
      vertex   -2.042500e+02 -1.450000e+02 2.000000e+00
      vertex   -2.051743e+02 -1.373539e+02 2.000000e+00
      vertex   -2.044441e+02 -1.450256e+02 2.000000e+00
    endloop
  endfacet
  facet normal 0.000000e+00 0.000000e+00 1.000000e+00
    outer loop
      vertex   -2.044441e+02 -1.450256e+02 2.000000e+00
      vertex   -2.051743e+02 -1.373539e+02 2.000000e+00
      vertex   -2.077313e+02 -1.377948e+02 2.000000e+00
    endloop
  endfacet
  facet normal 0.000000e+00 0.000000e+00 1.000000e+00
    outer loop
      vertex   -2.044441e+02 -1.450256e+02 2.000000e+00
      vertex   -2.077313e+02 -1.377948e+02 2.000000e+00
      vertex   -2.075559e+02 -1.450256e+02 2.000000e+00
    endloop
  endfacet
  facet normal 0.000000e+00 0.000000e+00 1.000000e+00
    outer loop
      vertex   -2.075559e+02 -1.450256e+02 2.000000e+00
      vertex   -2.077313e+02 -1.377948e+02 2.000000e+00
      vertex   -2.077500e+02 -1.450000e+02 2.000000e+00
    endloop
  endfacet
  facet normal 0.000000e+00 -0.000000e+00 1.000000e+00
    outer loop
      vertex   -2.077500e+02 -1.450000e+02 2.000000e+00
      vertex   -2.077313e+02 -1.377948e+02 2.000000e+00
      vertex   -2.082500e+02 -1.450000e+02 2.000000e+00
    endloop
  endfacet
  facet normal 0.000000e+00 -0.000000e+00 1.000000e+00
    outer loop
      vertex   -2.082500e+02 -1.450000e+02 2.000000e+00
      vertex   -2.077313e+02 -1.377948e+02 2.000000e+00
      vertex   -2.102523e+02 -1.384091e+02 2.000000e+00
    endloop
  endfacet
  facet normal 0.000000e+00 0.000000e+00 1.000000e+00
    outer loop
      vertex   -2.082500e+02 -1.450000e+02 2.000000e+00
      vertex   -2.102523e+02 -1.384091e+02 2.000000e+00
      vertex   -2.084441e+02 -1.450256e+02 2.000000e+00
    endloop
  endfacet
  facet normal 0.000000e+00 0.000000e+00 1.000000e+00
    outer loop
      vertex   -2.084441e+02 -1.450256e+02 2.000000e+00
      vertex   -2.102523e+02 -1.384091e+02 2.000000e+00
      vertex   -2.086250e+02 -1.451005e+02 2.000000e+00
    endloop
  endfacet
  facet normal 0.000000e+00 0.000000e+00 1.000000e+00
    outer loop
      vertex   -2.086250e+02 -1.451005e+02 2.000000e+00
      vertex   -2.102523e+02 -1.384091e+02 2.000000e+00
      vertex   -2.127254e+02 -1.391941e+02 2.000000e+00
    endloop
  endfacet
  facet normal 0.000000e+00 0.000000e+00 1.000000e+00
    outer loop
      vertex   -2.086250e+02 -1.451005e+02 2.000000e+00
      vertex   -2.127254e+02 -1.391941e+02 2.000000e+00
      vertex   -2.087803e+02 -1.452197e+02 2.000000e+00
    endloop
  endfacet
  facet normal 0.000000e+00 0.000000e+00 1.000000e+00
    outer loop
      vertex   -2.087803e+02 -1.452197e+02 2.000000e+00
      vertex   -2.127254e+02 -1.391941e+02 2.000000e+00
      vertex   -2.088995e+02 -1.453750e+02 2.000000e+00
    endloop
  endfacet
  facet normal 0.000000e+00 0.000000e+00 1.000000e+00
    outer loop
      vertex   -2.088995e+02 -1.453750e+02 2.000000e+00
      vertex   -2.127254e+02 -1.391941e+02 2.000000e+00
      vertex   -2.151392e+02 -1.401460e+02 2.000000e+00
    endloop
  endfacet
  facet normal 0.000000e+00 0.000000e+00 1.000000e+00
    outer loop
      vertex   -2.088995e+02 -1.453750e+02 2.000000e+00
      vertex   -2.151392e+02 -1.401460e+02 2.000000e+00
      vertex   -2.089744e+02 -1.455559e+02 2.000000e+00
    endloop
  endfacet
  facet normal 0.000000e+00 0.000000e+00 1.000000e+00
    outer loop
      vertex   -2.089744e+02 -1.455559e+02 2.000000e+00
      vertex   -2.151392e+02 -1.401460e+02 2.000000e+00
      vertex   -2.090000e+02 -1.457500e+02 2.000000e+00
    endloop
  endfacet
  facet normal 0.000000e+00 0.000000e+00 1.000000e+00
    outer loop
      vertex   -2.090000e+02 -1.457500e+02 2.000000e+00
      vertex   -2.151392e+02 -1.401460e+02 2.000000e+00
      vertex   -2.174825e+02 -1.412604e+02 2.000000e+00
    endloop
  endfacet
  facet normal 0.000000e+00 0.000000e+00 1.000000e+00
    outer loop
      vertex   -2.090000e+02 -1.457500e+02 2.000000e+00
      vertex   -2.174825e+02 -1.412604e+02 2.000000e+00
      vertex   -2.197442e+02 -1.425321e+02 2.000000e+00
    endloop
  endfacet
  facet normal 0.000000e+00 0.000000e+00 1.000000e+00
    outer loop
      vertex   -2.197442e+02 -1.425321e+02 2.000000e+00
      vertex   -2.219139e+02 -1.439551e+02 2.000000e+00
      vertex   -2.090000e+02 -1.457500e+02 2.000000e+00
    endloop
  endfacet
  facet normal 0.000000e+00 0.000000e+00 1.000000e+00
    outer loop
      vertex   -2.090000e+02 -1.457500e+02 2.000000e+00
      vertex   -2.219139e+02 -1.439551e+02 2.000000e+00
      vertex   -2.239813e+02 -1.455230e+02 2.000000e+00
    endloop
  endfacet
  facet normal 0.000000e+00 0.000000e+00 1.000000e+00
    outer loop
      vertex   -2.090000e+02 -1.457500e+02 2.000000e+00
      vertex   -2.239813e+02 -1.455230e+02 2.000000e+00
      vertex   -2.225000e+02 -1.621340e+02 2.000000e+00
    endloop
  endfacet
  facet normal 0.000000e+00 0.000000e+00 1.000000e+00
    outer loop
      vertex   -2.225000e+02 -1.621340e+02 2.000000e+00
      vertex   -2.239813e+02 -1.455230e+02 2.000000e+00
      vertex   -2.259370e+02 -1.472282e+02 2.000000e+00
    endloop
  endfacet
  facet normal 0.000000e+00 0.000000e+00 1.000000e+00
    outer loop
      vertex   -2.225000e+02 -1.621340e+02 2.000000e+00
      vertex   -2.259370e+02 -1.472282e+02 2.000000e+00
      vertex   -2.227412e+02 -1.620341e+02 2.000000e+00
    endloop
  endfacet
  facet normal 0.000000e+00 0.000000e+00 1.000000e+00
    outer loop
      vertex   -2.227412e+02 -1.620341e+02 2.000000e+00
      vertex   -2.259370e+02 -1.472282e+02 2.000000e+00
      vertex   -2.277718e+02 -1.490630e+02 2.000000e+00
    endloop
  endfacet
  facet normal 0.000000e+00 0.000000e+00 1.000000e+00
    outer loop
      vertex   -2.227412e+02 -1.620341e+02 2.000000e+00
      vertex   -2.277718e+02 -1.490630e+02 2.000000e+00
      vertex   -2.230000e+02 -1.620000e+02 2.000000e+00
    endloop
  endfacet
  facet normal 0.000000e+00 0.000000e+00 1.000000e+00
    outer loop
      vertex   -2.230000e+02 -1.620000e+02 2.000000e+00
      vertex   -2.277718e+02 -1.490630e+02 2.000000e+00
      vertex   -2.294770e+02 -1.510187e+02 2.000000e+00
    endloop
  endfacet
  facet normal 0.000000e+00 0.000000e+00 1.000000e+00
    outer loop
      vertex   -2.230000e+02 -1.620000e+02 2.000000e+00
      vertex   -2.294770e+02 -1.510187e+02 2.000000e+00
      vertex   -2.232588e+02 -1.620341e+02 2.000000e+00
    endloop
  endfacet
  facet normal 0.000000e+00 0.000000e+00 1.000000e+00
    outer loop
      vertex   -2.232588e+02 -1.620341e+02 2.000000e+00
      vertex   -2.294770e+02 -1.510187e+02 2.000000e+00
      vertex   -2.310449e+02 -1.530862e+02 2.000000e+00
    endloop
  endfacet
  facet normal 0.000000e+00 0.000000e+00 1.000000e+00
    outer loop
      vertex   -2.232588e+02 -1.620341e+02 2.000000e+00
      vertex   -2.310449e+02 -1.530862e+02 2.000000e+00
      vertex   -2.235000e+02 -1.621340e+02 2.000000e+00
    endloop
  endfacet
  facet normal 0.000000e+00 0.000000e+00 1.000000e+00
    outer loop
      vertex   -2.235000e+02 -1.621340e+02 2.000000e+00
      vertex   -2.310449e+02 -1.530862e+02 2.000000e+00
      vertex   -2.324679e+02 -1.552558e+02 2.000000e+00
    endloop
  endfacet
  facet normal 0.000000e+00 0.000000e+00 1.000000e+00
    outer loop
      vertex   -2.235000e+02 -1.621340e+02 2.000000e+00
      vertex   -2.324679e+02 -1.552558e+02 2.000000e+00
      vertex   -2.237071e+02 -1.622929e+02 2.000000e+00
    endloop
  endfacet
  facet normal 0.000000e+00 0.000000e+00 1.000000e+00
    outer loop
      vertex   -2.237071e+02 -1.622929e+02 2.000000e+00
      vertex   -2.324679e+02 -1.552558e+02 2.000000e+00
      vertex   -2.238660e+02 -1.625000e+02 2.000000e+00
    endloop
  endfacet
  facet normal 0.000000e+00 0.000000e+00 1.000000e+00
    outer loop
      vertex   -2.238660e+02 -1.625000e+02 2.000000e+00
      vertex   -2.324679e+02 -1.552558e+02 2.000000e+00
      vertex   -2.337396e+02 -1.575175e+02 2.000000e+00
    endloop
  endfacet
  facet normal 0.000000e+00 0.000000e+00 1.000000e+00
    outer loop
      vertex   -2.238660e+02 -1.625000e+02 2.000000e+00
      vertex   -2.337396e+02 -1.575175e+02 2.000000e+00
      vertex   -2.348540e+02 -1.598608e+02 2.000000e+00
    endloop
  endfacet
  facet normal 0.000000e+00 0.000000e+00 1.000000e+00
    outer loop
      vertex   -2.238660e+02 -1.625000e+02 2.000000e+00
      vertex   -2.348540e+02 -1.598608e+02 2.000000e+00
      vertex   -2.267528e+02 -1.675000e+02 2.000000e+00
    endloop
  endfacet
  facet normal 0.000000e+00 0.000000e+00 1.000000e+00
    outer loop
      vertex   -2.267528e+02 -1.675000e+02 2.000000e+00
      vertex   -2.348540e+02 -1.598608e+02 2.000000e+00
      vertex   -2.358059e+02 -1.622746e+02 2.000000e+00
    endloop
  endfacet
  facet normal 0.000000e+00 0.000000e+00 1.000000e+00
    outer loop
      vertex   -2.267528e+02 -1.675000e+02 2.000000e+00
      vertex   -2.358059e+02 -1.622746e+02 2.000000e+00
      vertex   -2.365909e+02 -1.647477e+02 2.000000e+00
    endloop
  endfacet
  facet normal -0.000000e+00 0.000000e+00 1.000000e+00
    outer loop
      vertex   -2.372052e+02 -1.672687e+02 2.000000e+00
      vertex   -2.268868e+02 -1.680000e+02 2.000000e+00
      vertex   -2.365909e+02 -1.647477e+02 2.000000e+00
    endloop
  endfacet
  facet normal 0.000000e+00 0.000000e+00 1.000000e+00
    outer loop
      vertex   -2.365909e+02 -1.647477e+02 2.000000e+00
      vertex   -2.268868e+02 -1.680000e+02 2.000000e+00
      vertex   -2.268527e+02 -1.677412e+02 2.000000e+00
    endloop
  endfacet
  facet normal 0.000000e+00 0.000000e+00 1.000000e+00
    outer loop
      vertex   -2.365909e+02 -1.647477e+02 2.000000e+00
      vertex   -2.268527e+02 -1.677412e+02 2.000000e+00
      vertex   -2.267528e+02 -1.675000e+02 2.000000e+00
    endloop
  endfacet
  facet normal 0.000000e+00 0.000000e+00 1.000000e+00
    outer loop
      vertex   -2.268868e+02 -1.680000e+02 2.000000e+00
      vertex   -2.372052e+02 -1.672687e+02 2.000000e+00
      vertex   -2.268527e+02 -1.682588e+02 2.000000e+00
    endloop
  endfacet
  facet normal 0.000000e+00 0.000000e+00 1.000000e+00
    outer loop
      vertex   -2.268527e+02 -1.682588e+02 2.000000e+00
      vertex   -2.372052e+02 -1.672687e+02 2.000000e+00
      vertex   -2.376461e+02 -1.698257e+02 2.000000e+00
    endloop
  endfacet
  facet normal 0.000000e+00 0.000000e+00 1.000000e+00
    outer loop
      vertex   -2.268527e+02 -1.682588e+02 2.000000e+00
      vertex   -2.376461e+02 -1.698257e+02 2.000000e+00
      vertex   -2.307644e+02 -1.750341e+02 2.000000e+00
    endloop
  endfacet
  facet normal 0.000000e+00 0.000000e+00 1.000000e+00
    outer loop
      vertex   -2.307644e+02 -1.750341e+02 2.000000e+00
      vertex   -2.376461e+02 -1.698257e+02 2.000000e+00
      vertex   -2.310056e+02 -1.751340e+02 2.000000e+00
    endloop
  endfacet
  facet normal 0.000000e+00 0.000000e+00 1.000000e+00
    outer loop
      vertex   -2.310056e+02 -1.751340e+02 2.000000e+00
      vertex   -2.376461e+02 -1.698257e+02 2.000000e+00
      vertex   -2.379114e+02 -1.724068e+02 2.000000e+00
    endloop
  endfacet
  facet normal 0.000000e+00 0.000000e+00 1.000000e+00
    outer loop
      vertex   -2.310056e+02 -1.751340e+02 2.000000e+00
      vertex   -2.379114e+02 -1.724068e+02 2.000000e+00
      vertex   -2.312127e+02 -1.752929e+02 2.000000e+00
    endloop
  endfacet
  facet normal 0.000000e+00 0.000000e+00 1.000000e+00
    outer loop
      vertex   -2.312127e+02 -1.752929e+02 2.000000e+00
      vertex   -2.379114e+02 -1.724068e+02 2.000000e+00
      vertex   -2.313716e+02 -1.755000e+02 2.000000e+00
    endloop
  endfacet
  facet normal 0.000000e+00 0.000000e+00 1.000000e+00
    outer loop
      vertex   -2.313716e+02 -1.755000e+02 2.000000e+00
      vertex   -2.379114e+02 -1.724068e+02 2.000000e+00
      vertex   -2.380000e+02 -1.750000e+02 2.000000e+00
    endloop
  endfacet
  facet normal 0.000000e+00 0.000000e+00 1.000000e+00
    outer loop
      vertex   -2.313716e+02 -1.755000e+02 2.000000e+00
      vertex   -2.380000e+02 -1.750000e+02 2.000000e+00
      vertex   -2.379114e+02 -1.775932e+02 2.000000e+00
    endloop
  endfacet
  facet normal 0.000000e+00 0.000000e+00 1.000000e+00
    outer loop
      vertex   -2.313716e+02 -1.755000e+02 2.000000e+00
      vertex   -2.379114e+02 -1.775932e+02 2.000000e+00
      vertex   -2.342583e+02 -1.805000e+02 2.000000e+00
    endloop
  endfacet
  facet normal 0.000000e+00 0.000000e+00 1.000000e+00
    outer loop
      vertex   -2.342583e+02 -1.805000e+02 2.000000e+00
      vertex   -2.379114e+02 -1.775932e+02 2.000000e+00
      vertex   -2.376461e+02 -1.801743e+02 2.000000e+00
    endloop
  endfacet
  facet normal 0.000000e+00 0.000000e+00 1.000000e+00
    outer loop
      vertex   -2.342583e+02 -1.805000e+02 2.000000e+00
      vertex   -2.376461e+02 -1.801743e+02 2.000000e+00
      vertex   -2.343582e+02 -1.807412e+02 2.000000e+00
    endloop
  endfacet
  facet normal 0.000000e+00 0.000000e+00 1.000000e+00
    outer loop
      vertex   -2.343582e+02 -1.807412e+02 2.000000e+00
      vertex   -2.376461e+02 -1.801743e+02 2.000000e+00
      vertex   -2.343923e+02 -1.810000e+02 2.000000e+00
    endloop
  endfacet
  facet normal 0.000000e+00 0.000000e+00 1.000000e+00
    outer loop
      vertex   -2.343923e+02 -1.810000e+02 2.000000e+00
      vertex   -2.376461e+02 -1.801743e+02 2.000000e+00
      vertex   -2.372052e+02 -1.827313e+02 2.000000e+00
    endloop
  endfacet
  facet normal 0.000000e+00 0.000000e+00 1.000000e+00
    outer loop
      vertex   -2.343923e+02 -1.810000e+02 2.000000e+00
      vertex   -2.372052e+02 -1.827313e+02 2.000000e+00
      vertex   -2.343582e+02 -1.812588e+02 2.000000e+00
    endloop
  endfacet
  facet normal 0.000000e+00 0.000000e+00 1.000000e+00
    outer loop
      vertex   -2.343582e+02 -1.812588e+02 2.000000e+00
      vertex   -2.372052e+02 -1.827313e+02 2.000000e+00
      vertex   -2.342583e+02 -1.815000e+02 2.000000e+00
    endloop
  endfacet
  facet normal 0.000000e+00 0.000000e+00 1.000000e+00
    outer loop
      vertex   -2.342583e+02 -1.815000e+02 2.000000e+00
      vertex   -2.372052e+02 -1.827313e+02 2.000000e+00
      vertex   -2.340994e+02 -1.817071e+02 2.000000e+00
    endloop
  endfacet
  facet normal 0.000000e+00 0.000000e+00 1.000000e+00
    outer loop
      vertex   -2.340994e+02 -1.817071e+02 2.000000e+00
      vertex   -2.372052e+02 -1.827313e+02 2.000000e+00
      vertex   -2.338923e+02 -1.818660e+02 2.000000e+00
    endloop
  endfacet
  facet normal 0.000000e+00 0.000000e+00 1.000000e+00
    outer loop
      vertex   -2.338923e+02 -1.818660e+02 2.000000e+00
      vertex   -2.372052e+02 -1.827313e+02 2.000000e+00
      vertex   -2.365909e+02 -1.852523e+02 2.000000e+00
    endloop
  endfacet
  facet normal -0.000000e+00 0.000000e+00 1.000000e+00
    outer loop
      vertex   -2.174825e+02 -2.087396e+02 2.000000e+00
      vertex   -2.151392e+02 -2.098540e+02 2.000000e+00
      vertex   -2.039355e+02 -2.029375e+02 2.000000e+00
    endloop
  endfacet
  facet normal 0.000000e+00 0.000000e+00 1.000000e+00
    outer loop
      vertex   -2.039355e+02 -2.029375e+02 2.000000e+00
      vertex   -2.151392e+02 -2.098540e+02 2.000000e+00
      vertex   -2.127254e+02 -2.108059e+02 2.000000e+00
    endloop
  endfacet
  facet normal 0.000000e+00 0.000000e+00 1.000000e+00
    outer loop
      vertex   -2.039355e+02 -2.029375e+02 2.000000e+00
      vertex   -2.127254e+02 -2.108059e+02 2.000000e+00
      vertex   -2.038976e+02 -2.033927e+02 2.000000e+00
    endloop
  endfacet
  facet normal 0.000000e+00 0.000000e+00 1.000000e+00
    outer loop
      vertex   -2.038976e+02 -2.033927e+02 2.000000e+00
      vertex   -2.127254e+02 -2.108059e+02 2.000000e+00
      vertex   -2.102523e+02 -2.115909e+02 2.000000e+00
    endloop
  endfacet
  facet normal 0.000000e+00 0.000000e+00 1.000000e+00
    outer loop
      vertex   -2.038976e+02 -2.033927e+02 2.000000e+00
      vertex   -2.102523e+02 -2.115909e+02 2.000000e+00
      vertex   -2.037574e+02 -2.038273e+02 2.000000e+00
    endloop
  endfacet
  facet normal 0.000000e+00 0.000000e+00 1.000000e+00
    outer loop
      vertex   -2.037574e+02 -2.038273e+02 2.000000e+00
      vertex   -2.102523e+02 -2.115909e+02 2.000000e+00
      vertex   -2.035222e+02 -2.042189e+02 2.000000e+00
    endloop
  endfacet
  facet normal 0.000000e+00 0.000000e+00 1.000000e+00
    outer loop
      vertex   -2.035222e+02 -2.042189e+02 2.000000e+00
      vertex   -2.102523e+02 -2.115909e+02 2.000000e+00
      vertex   -2.077313e+02 -2.122052e+02 2.000000e+00
    endloop
  endfacet
  facet normal 0.000000e+00 0.000000e+00 1.000000e+00
    outer loop
      vertex   -2.035222e+02 -2.042189e+02 2.000000e+00
      vertex   -2.077313e+02 -2.122052e+02 2.000000e+00
      vertex   -2.032043e+02 -2.045468e+02 2.000000e+00
    endloop
  endfacet
  facet normal 0.000000e+00 0.000000e+00 1.000000e+00
    outer loop
      vertex   -2.032043e+02 -2.045468e+02 2.000000e+00
      vertex   -2.077313e+02 -2.122052e+02 2.000000e+00
      vertex   -2.051743e+02 -2.126461e+02 2.000000e+00
    endloop
  endfacet
  facet normal 0.000000e+00 0.000000e+00 1.000000e+00
    outer loop
      vertex   -2.032043e+02 -2.045468e+02 2.000000e+00
      vertex   -2.051743e+02 -2.126461e+02 2.000000e+00
      vertex   -2.028203e+02 -2.047941e+02 2.000000e+00
    endloop
  endfacet
  facet normal 0.000000e+00 0.000000e+00 1.000000e+00
    outer loop
      vertex   -2.028203e+02 -2.047941e+02 2.000000e+00
      vertex   -2.051743e+02 -2.126461e+02 2.000000e+00
      vertex   -2.023903e+02 -2.049479e+02 2.000000e+00
    endloop
  endfacet
  facet normal 0.000000e+00 0.000000e+00 1.000000e+00
    outer loop
      vertex   -2.023903e+02 -2.049479e+02 2.000000e+00
      vertex   -2.051743e+02 -2.126461e+02 2.000000e+00
      vertex   -2.025932e+02 -2.129114e+02 2.000000e+00
    endloop
  endfacet
  facet normal 0.000000e+00 0.000000e+00 1.000000e+00
    outer loop
      vertex   -2.023903e+02 -2.049479e+02 2.000000e+00
      vertex   -2.025932e+02 -2.129114e+02 2.000000e+00
      vertex   -2.019365e+02 -2.050000e+02 2.000000e+00
    endloop
  endfacet
  facet normal -0.000000e+00 0.000000e+00 1.000000e+00
    outer loop
      vertex   -2.019365e+02 -2.050000e+02 2.000000e+00
      vertex   -2.025932e+02 -2.129114e+02 2.000000e+00
      vertex   -2.010635e+02 -2.050000e+02 2.000000e+00
    endloop
  endfacet
  facet normal 0.000000e+00 0.000000e+00 1.000000e+00
    outer loop
      vertex   -2.010635e+02 -2.050000e+02 2.000000e+00
      vertex   -2.025932e+02 -2.129114e+02 2.000000e+00
      vertex   -2.000000e+02 -2.130000e+02 2.000000e+00
    endloop
  endfacet
  facet normal -0.000000e+00 0.000000e+00 1.000000e+00
    outer loop
      vertex   -2.010635e+02 -2.050000e+02 2.000000e+00
      vertex   -2.000000e+02 -2.130000e+02 2.000000e+00
      vertex   -2.006097e+02 -2.049479e+02 2.000000e+00
    endloop
  endfacet
  facet normal -0.000000e+00 0.000000e+00 1.000000e+00
    outer loop
      vertex   -2.006097e+02 -2.049479e+02 2.000000e+00
      vertex   -2.000000e+02 -2.130000e+02 2.000000e+00
      vertex   -2.001797e+02 -2.047941e+02 2.000000e+00
    endloop
  endfacet
  facet normal 0.000000e+00 0.000000e+00 1.000000e+00
    outer loop
      vertex   -2.001797e+02 -2.047941e+02 2.000000e+00
      vertex   -2.000000e+02 -2.130000e+02 2.000000e+00
      vertex   -1.974068e+02 -2.129114e+02 2.000000e+00
    endloop
  endfacet
  facet normal -0.000000e+00 0.000000e+00 1.000000e+00
    outer loop
      vertex   -2.001797e+02 -2.047941e+02 2.000000e+00
      vertex   -1.974068e+02 -2.129114e+02 2.000000e+00
      vertex   -1.997957e+02 -2.045468e+02 2.000000e+00
    endloop
  endfacet
  facet normal 0.000000e+00 0.000000e+00 1.000000e+00
    outer loop
      vertex   -1.997957e+02 -2.045468e+02 2.000000e+00
      vertex   -1.974068e+02 -2.129114e+02 2.000000e+00
      vertex   -1.948257e+02 -2.126461e+02 2.000000e+00
    endloop
  endfacet
  facet normal -0.000000e+00 0.000000e+00 1.000000e+00
    outer loop
      vertex   -1.997957e+02 -2.045468e+02 2.000000e+00
      vertex   -1.948257e+02 -2.126461e+02 2.000000e+00
      vertex   -1.994778e+02 -2.042189e+02 2.000000e+00
    endloop
  endfacet
  facet normal 0.000000e+00 0.000000e+00 1.000000e+00
    outer loop
      vertex   -1.994778e+02 -2.042189e+02 2.000000e+00
      vertex   -1.948257e+02 -2.126461e+02 2.000000e+00
      vertex   -1.922687e+02 -2.122052e+02 2.000000e+00
    endloop
  endfacet
  facet normal -0.000000e+00 0.000000e+00 1.000000e+00
    outer loop
      vertex   -1.994778e+02 -2.042189e+02 2.000000e+00
      vertex   -1.922687e+02 -2.122052e+02 2.000000e+00
      vertex   -1.992426e+02 -2.038273e+02 2.000000e+00
    endloop
  endfacet
  facet normal -0.000000e+00 0.000000e+00 1.000000e+00
    outer loop
      vertex   -1.992426e+02 -2.038273e+02 2.000000e+00
      vertex   -1.922687e+02 -2.122052e+02 2.000000e+00
      vertex   -1.887419e+02 -2.038138e+02 2.000000e+00
    endloop
  endfacet
  facet normal 0.000000e+00 0.000000e+00 1.000000e+00
    outer loop
      vertex   -1.992426e+02 -2.038273e+02 2.000000e+00
      vertex   -1.887419e+02 -2.038138e+02 2.000000e+00
      vertex   -1.991024e+02 -2.033927e+02 2.000000e+00
    endloop
  endfacet
  facet normal -0.000000e+00 0.000000e+00 1.000000e+00
    outer loop
      vertex   -1.991024e+02 -2.033927e+02 2.000000e+00
      vertex   -1.887419e+02 -2.038138e+02 2.000000e+00
      vertex   -1.888794e+02 -2.033752e+02 2.000000e+00
    endloop
  endfacet
  facet normal 0.000000e+00 0.000000e+00 1.000000e+00
    outer loop
      vertex   -1.991024e+02 -2.033927e+02 2.000000e+00
      vertex   -1.888794e+02 -2.033752e+02 2.000000e+00
      vertex   -1.990645e+02 -2.029375e+02 2.000000e+00
    endloop
  endfacet
  facet normal -0.000000e+00 0.000000e+00 1.000000e+00
    outer loop
      vertex   -1.990645e+02 -2.029375e+02 2.000000e+00
      vertex   -1.888794e+02 -2.033752e+02 2.000000e+00
      vertex   -1.889132e+02 -2.029167e+02 2.000000e+00
    endloop
  endfacet
  facet normal 0.000000e+00 0.000000e+00 1.000000e+00
    outer loop
      vertex   -1.990645e+02 -2.029375e+02 2.000000e+00
      vertex   -1.889132e+02 -2.029167e+02 2.000000e+00
      vertex   -1.880678e+02 -1.826269e+02 2.000000e+00
    endloop
  endfacet
  facet normal 0.000000e+00 0.000000e+00 1.000000e+00
    outer loop
      vertex   -1.887419e+02 -2.038138e+02 2.000000e+00
      vertex   -1.922687e+02 -2.122052e+02 2.000000e+00
      vertex   -1.885078e+02 -2.042094e+02 2.000000e+00
    endloop
  endfacet
  facet normal 0.000000e+00 0.000000e+00 1.000000e+00
    outer loop
      vertex   -1.885078e+02 -2.042094e+02 2.000000e+00
      vertex   -1.922687e+02 -2.122052e+02 2.000000e+00
      vertex   -1.897477e+02 -2.115909e+02 2.000000e+00
    endloop
  endfacet
  facet normal 0.000000e+00 0.000000e+00 1.000000e+00
    outer loop
      vertex   -1.885078e+02 -2.042094e+02 2.000000e+00
      vertex   -1.897477e+02 -2.115909e+02 2.000000e+00
      vertex   -1.881896e+02 -2.045412e+02 2.000000e+00
    endloop
  endfacet
  facet normal 0.000000e+00 0.000000e+00 1.000000e+00
    outer loop
      vertex   -1.881896e+02 -2.045412e+02 2.000000e+00
      vertex   -1.897477e+02 -2.115909e+02 2.000000e+00
      vertex   -1.878041e+02 -2.047915e+02 2.000000e+00
    endloop
  endfacet
  facet normal 0.000000e+00 0.000000e+00 1.000000e+00
    outer loop
      vertex   -1.878041e+02 -2.047915e+02 2.000000e+00
      vertex   -1.897477e+02 -2.115909e+02 2.000000e+00
      vertex   -1.872746e+02 -2.108059e+02 2.000000e+00
    endloop
  endfacet
  facet normal 0.000000e+00 0.000000e+00 1.000000e+00
    outer loop
      vertex   -1.878041e+02 -2.047915e+02 2.000000e+00
      vertex   -1.872746e+02 -2.108059e+02 2.000000e+00
      vertex   -1.873716e+02 -2.049472e+02 2.000000e+00
    endloop
  endfacet
  facet normal 0.000000e+00 0.000000e+00 1.000000e+00
    outer loop
      vertex   -1.873716e+02 -2.049472e+02 2.000000e+00
      vertex   -1.872746e+02 -2.108059e+02 2.000000e+00
      vertex   -1.869149e+02 -2.050000e+02 2.000000e+00
    endloop
  endfacet
  facet normal 0.000000e+00 0.000000e+00 1.000000e+00
    outer loop
      vertex   -1.869149e+02 -2.050000e+02 2.000000e+00
      vertex   -1.872746e+02 -2.108059e+02 2.000000e+00
      vertex   -1.848608e+02 -2.098540e+02 2.000000e+00
    endloop
  endfacet
  facet normal -0.000000e+00 0.000000e+00 1.000000e+00
    outer loop
      vertex   -1.869149e+02 -2.050000e+02 2.000000e+00
      vertex   -1.848608e+02 -2.098540e+02 2.000000e+00
      vertex   -1.860851e+02 -2.050000e+02 2.000000e+00
    endloop
  endfacet
  facet normal -0.000000e+00 0.000000e+00 1.000000e+00
    outer loop
      vertex   -1.860851e+02 -2.050000e+02 2.000000e+00
      vertex   -1.848608e+02 -2.098540e+02 2.000000e+00
      vertex   -1.856284e+02 -2.049472e+02 2.000000e+00
    endloop
  endfacet
  facet normal 0.000000e+00 0.000000e+00 1.000000e+00
    outer loop
      vertex   -1.856284e+02 -2.049472e+02 2.000000e+00
      vertex   -1.848608e+02 -2.098540e+02 2.000000e+00
      vertex   -1.825175e+02 -2.087396e+02 2.000000e+00
    endloop
  endfacet
  facet normal -0.000000e+00 0.000000e+00 1.000000e+00
    outer loop
      vertex   -1.856284e+02 -2.049472e+02 2.000000e+00
      vertex   -1.825175e+02 -2.087396e+02 2.000000e+00
      vertex   -1.851959e+02 -2.047915e+02 2.000000e+00
    endloop
  endfacet
  facet normal -0.000000e+00 0.000000e+00 1.000000e+00
    outer loop
      vertex   -1.851959e+02 -2.047915e+02 2.000000e+00
      vertex   -1.825175e+02 -2.087396e+02 2.000000e+00
      vertex   -1.848104e+02 -2.045412e+02 2.000000e+00
    endloop
  endfacet
  facet normal -0.000000e+00 0.000000e+00 1.000000e+00
    outer loop
      vertex   -1.848104e+02 -2.045412e+02 2.000000e+00
      vertex   -1.825175e+02 -2.087396e+02 2.000000e+00
      vertex   -1.844922e+02 -2.042094e+02 2.000000e+00
    endloop
  endfacet
  facet normal 0.000000e+00 0.000000e+00 1.000000e+00
    outer loop
      vertex   -1.844922e+02 -2.042094e+02 2.000000e+00
      vertex   -1.825175e+02 -2.087396e+02 2.000000e+00
      vertex   -1.802558e+02 -2.074679e+02 2.000000e+00
    endloop
  endfacet
  facet normal -0.000000e+00 0.000000e+00 1.000000e+00
    outer loop
      vertex   -1.844922e+02 -2.042094e+02 2.000000e+00
      vertex   -1.802558e+02 -2.074679e+02 2.000000e+00
      vertex   -1.842581e+02 -2.038138e+02 2.000000e+00
    endloop
  endfacet
  facet normal -0.000000e+00 0.000000e+00 1.000000e+00
    outer loop
      vertex   -1.842581e+02 -2.038138e+02 2.000000e+00
      vertex   -1.802558e+02 -2.074679e+02 2.000000e+00
      vertex   -1.841206e+02 -2.033752e+02 2.000000e+00
    endloop
  endfacet
  facet normal 0.000000e+00 0.000000e+00 1.000000e+00
    outer loop
      vertex   -1.841206e+02 -2.033752e+02 2.000000e+00
      vertex   -1.802558e+02 -2.074679e+02 2.000000e+00
      vertex   -1.780862e+02 -2.060449e+02 2.000000e+00
    endloop
  endfacet
  facet normal -0.000000e+00 0.000000e+00 1.000000e+00
    outer loop
      vertex   -1.841206e+02 -2.033752e+02 2.000000e+00
      vertex   -1.780862e+02 -2.060449e+02 2.000000e+00
      vertex   -1.840868e+02 -2.029167e+02 2.000000e+00
    endloop
  endfacet
  facet normal 0.000000e+00 0.000000e+00 1.000000e+00
    outer loop
      vertex   -1.840868e+02 -2.029167e+02 2.000000e+00
      vertex   -1.780862e+02 -2.060449e+02 2.000000e+00
      vertex   -1.760187e+02 -2.044770e+02 2.000000e+00
    endloop
  endfacet
  facet normal -0.000000e+00 0.000000e+00 1.000000e+00
    outer loop
      vertex   -1.840868e+02 -2.029167e+02 2.000000e+00
      vertex   -1.760187e+02 -2.044770e+02 2.000000e+00
      vertex   -1.740630e+02 -2.027718e+02 2.000000e+00
    endloop
  endfacet
  facet normal 0.000000e+00 -0.000000e+00 1.000000e+00
    outer loop
      vertex   -1.740630e+02 -2.027718e+02 2.000000e+00
      vertex   -1.722282e+02 -2.009370e+02 2.000000e+00
      vertex   -1.840868e+02 -2.029167e+02 2.000000e+00
    endloop
  endfacet
  facet normal 0.000000e+00 0.000000e+00 1.000000e+00
    outer loop
      vertex   -1.840868e+02 -2.029167e+02 2.000000e+00
      vertex   -1.722282e+02 -2.009370e+02 2.000000e+00
      vertex   -1.705230e+02 -1.989813e+02 2.000000e+00
    endloop
  endfacet
  facet normal 0.000000e+00 -0.000000e+00 1.000000e+00
    outer loop
      vertex   -1.840868e+02 -2.029167e+02 2.000000e+00
      vertex   -1.705230e+02 -1.989813e+02 2.000000e+00
      vertex   -1.849726e+02 -1.816577e+02 2.000000e+00
    endloop
  endfacet
  facet normal 0.000000e+00 0.000000e+00 1.000000e+00
    outer loop
      vertex   -1.849726e+02 -1.816577e+02 2.000000e+00
      vertex   -1.705230e+02 -1.989813e+02 2.000000e+00
      vertex   -1.689551e+02 -1.969139e+02 2.000000e+00
    endloop
  endfacet
  facet normal 0.000000e+00 0.000000e+00 1.000000e+00
    outer loop
      vertex   -1.849726e+02 -1.816577e+02 2.000000e+00
      vertex   -1.689551e+02 -1.969139e+02 2.000000e+00
      vertex   -1.675321e+02 -1.947442e+02 2.000000e+00
    endloop
  endfacet
  facet normal 0.000000e+00 -0.000000e+00 1.000000e+00
    outer loop
      vertex   -1.675321e+02 -1.947442e+02 2.000000e+00
      vertex   -1.662604e+02 -1.924825e+02 2.000000e+00
      vertex   -1.849726e+02 -1.816577e+02 2.000000e+00
    endloop
  endfacet
  facet normal 0.000000e+00 0.000000e+00 1.000000e+00
    outer loop
      vertex   -1.849726e+02 -1.816577e+02 2.000000e+00
      vertex   -1.662604e+02 -1.924825e+02 2.000000e+00
      vertex   -1.651460e+02 -1.901392e+02 2.000000e+00
    endloop
  endfacet
  facet normal -0.000000e+00 0.000000e+00 1.000000e+00
    outer loop
      vertex   -1.849726e+02 -1.816577e+02 2.000000e+00
      vertex   -1.651460e+02 -1.901392e+02 2.000000e+00
      vertex   -1.842010e+02 -1.801287e+02 2.000000e+00
    endloop
  endfacet
  facet normal 0.000000e+00 0.000000e+00 1.000000e+00
    outer loop
      vertex   -1.842010e+02 -1.801287e+02 2.000000e+00
      vertex   -1.651460e+02 -1.901392e+02 2.000000e+00
      vertex   -1.641941e+02 -1.877254e+02 2.000000e+00
    endloop
  endfacet
  facet normal -0.000000e+00 0.000000e+00 1.000000e+00
    outer loop
      vertex   -1.842010e+02 -1.801287e+02 2.000000e+00
      vertex   -1.641941e+02 -1.877254e+02 2.000000e+00
      vertex   -1.840511e+02 -1.797669e+02 2.000000e+00
    endloop
  endfacet
  facet normal 0.000000e+00 0.000000e+00 1.000000e+00
    outer loop
      vertex   -1.840511e+02 -1.797669e+02 2.000000e+00
      vertex   -1.641941e+02 -1.877254e+02 2.000000e+00
      vertex   -1.634091e+02 -1.852523e+02 2.000000e+00
    endloop
  endfacet
  facet normal 0.000000e+00 0.000000e+00 1.000000e+00
    outer loop
      vertex   -1.840511e+02 -1.797669e+02 2.000000e+00
      vertex   -1.634091e+02 -1.852523e+02 2.000000e+00
      vertex   -1.627948e+02 -1.827313e+02 2.000000e+00
    endloop
  endfacet
  facet normal -0.000000e+00 0.000000e+00 1.000000e+00
    outer loop
      vertex   -1.840511e+02 -1.797669e+02 2.000000e+00
      vertex   -1.627948e+02 -1.827313e+02 2.000000e+00
      vertex   -1.840000e+02 -1.793787e+02 2.000000e+00
    endloop
  endfacet
  facet normal 0.000000e+00 0.000000e+00 1.000000e+00
    outer loop
      vertex   -1.840000e+02 -1.793787e+02 2.000000e+00
      vertex   -1.627948e+02 -1.827313e+02 2.000000e+00
      vertex   -1.623539e+02 -1.801743e+02 2.000000e+00
    endloop
  endfacet
  facet normal -0.000000e+00 0.000000e+00 1.000000e+00
    outer loop
      vertex   -1.840000e+02 -1.793787e+02 2.000000e+00
      vertex   -1.623539e+02 -1.801743e+02 2.000000e+00
      vertex   -1.620886e+02 -1.775932e+02 2.000000e+00
    endloop
  endfacet
  facet normal 0.000000e+00 0.000000e+00 1.000000e+00
    outer loop
      vertex   -2.268527e+02 -1.682588e+02 2.000000e+00
      vertex   -2.307644e+02 -1.750341e+02 2.000000e+00
      vertex   -2.267528e+02 -1.685000e+02 2.000000e+00
    endloop
  endfacet
  facet normal 0.000000e+00 0.000000e+00 1.000000e+00
    outer loop
      vertex   -2.267528e+02 -1.685000e+02 2.000000e+00
      vertex   -2.307644e+02 -1.750341e+02 2.000000e+00
      vertex   -2.305056e+02 -1.750000e+02 2.000000e+00
    endloop
  endfacet
  facet normal 0.000000e+00 0.000000e+00 1.000000e+00
    outer loop
      vertex   -2.267528e+02 -1.685000e+02 2.000000e+00
      vertex   -2.305056e+02 -1.750000e+02 2.000000e+00
      vertex   -2.302467e+02 -1.750341e+02 2.000000e+00
    endloop
  endfacet
  facet normal 0.000000e+00 0.000000e+00 1.000000e+00
    outer loop
      vertex   -2.267528e+02 -1.685000e+02 2.000000e+00
      vertex   -2.302467e+02 -1.750341e+02 2.000000e+00
      vertex   -2.265939e+02 -1.687071e+02 2.000000e+00
    endloop
  endfacet
  facet normal 0.000000e+00 0.000000e+00 1.000000e+00
    outer loop
      vertex   -2.265939e+02 -1.687071e+02 2.000000e+00
      vertex   -2.302467e+02 -1.750341e+02 2.000000e+00
      vertex   -2.300056e+02 -1.751340e+02 2.000000e+00
    endloop
  endfacet
  facet normal 0.000000e+00 0.000000e+00 1.000000e+00
    outer loop
      vertex   -2.265939e+02 -1.687071e+02 2.000000e+00
      vertex   -2.300056e+02 -1.751340e+02 2.000000e+00
      vertex   -2.263868e+02 -1.688660e+02 2.000000e+00
    endloop
  endfacet
  facet normal 0.000000e+00 0.000000e+00 1.000000e+00
    outer loop
      vertex   -2.263868e+02 -1.688660e+02 2.000000e+00
      vertex   -2.300056e+02 -1.751340e+02 2.000000e+00
      vertex   -2.261456e+02 -1.689659e+02 2.000000e+00
    endloop
  endfacet
  facet normal 0.000000e+00 0.000000e+00 1.000000e+00
    outer loop
      vertex   -2.261456e+02 -1.689659e+02 2.000000e+00
      vertex   -2.300056e+02 -1.751340e+02 2.000000e+00
      vertex   -2.297985e+02 -1.752929e+02 2.000000e+00
    endloop
  endfacet
  facet normal 0.000000e+00 0.000000e+00 1.000000e+00
    outer loop
      vertex   -2.261456e+02 -1.689659e+02 2.000000e+00
      vertex   -2.297985e+02 -1.752929e+02 2.000000e+00
      vertex   -2.258868e+02 -1.690000e+02 2.000000e+00
    endloop
  endfacet
  facet normal 0.000000e+00 0.000000e+00 1.000000e+00
    outer loop
      vertex   -2.258868e+02 -1.690000e+02 2.000000e+00
      vertex   -2.297985e+02 -1.752929e+02 2.000000e+00
      vertex   -2.296395e+02 -1.755000e+02 2.000000e+00
    endloop
  endfacet
  facet normal -0.000000e+00 0.000000e+00 1.000000e+00
    outer loop
      vertex   -2.258868e+02 -1.690000e+02 2.000000e+00
      vertex   -2.296395e+02 -1.755000e+02 2.000000e+00
      vertex   -2.256279e+02 -1.689659e+02 2.000000e+00
    endloop
  endfacet
  facet normal 0.000000e+00 0.000000e+00 1.000000e+00
    outer loop
      vertex   -2.256279e+02 -1.689659e+02 2.000000e+00
      vertex   -2.296395e+02 -1.755000e+02 2.000000e+00
      vertex   -2.295396e+02 -1.757412e+02 2.000000e+00
    endloop
  endfacet
  facet normal 0.000000e+00 0.000000e+00 1.000000e+00
    outer loop
      vertex   -2.256279e+02 -1.689659e+02 2.000000e+00
      vertex   -2.295396e+02 -1.757412e+02 2.000000e+00
      vertex   -2.203721e+02 -1.689659e+02 2.000000e+00
    endloop
  endfacet
  facet normal 0.000000e+00 0.000000e+00 1.000000e+00
    outer loop
      vertex   -2.295396e+02 -1.757412e+02 2.000000e+00
      vertex   -2.295056e+02 -1.760000e+02 2.000000e+00
      vertex   -2.269117e+02 -1.802929e+02 2.000000e+00
    endloop
  endfacet
  facet normal 0.000000e+00 0.000000e+00 1.000000e+00
    outer loop
      vertex   -2.269117e+02 -1.802929e+02 2.000000e+00
      vertex   -2.295056e+02 -1.760000e+02 2.000000e+00
      vertex   -2.271188e+02 -1.801340e+02 2.000000e+00
    endloop
  endfacet
  facet normal 0.000000e+00 0.000000e+00 1.000000e+00
    outer loop
      vertex   -2.271188e+02 -1.801340e+02 2.000000e+00
      vertex   -2.295056e+02 -1.760000e+02 2.000000e+00
      vertex   -2.295396e+02 -1.762588e+02 2.000000e+00
    endloop
  endfacet
  facet normal 0.000000e+00 0.000000e+00 1.000000e+00
    outer loop
      vertex   -2.271188e+02 -1.801340e+02 2.000000e+00
      vertex   -2.295396e+02 -1.762588e+02 2.000000e+00
      vertex   -2.273600e+02 -1.800341e+02 2.000000e+00
    endloop
  endfacet
  facet normal 0.000000e+00 0.000000e+00 1.000000e+00
    outer loop
      vertex   -2.273600e+02 -1.800341e+02 2.000000e+00
      vertex   -2.295396e+02 -1.762588e+02 2.000000e+00
      vertex   -2.276188e+02 -1.800000e+02 2.000000e+00
    endloop
  endfacet
  facet normal 0.000000e+00 0.000000e+00 1.000000e+00
    outer loop
      vertex   -2.276188e+02 -1.800000e+02 2.000000e+00
      vertex   -2.295396e+02 -1.762588e+02 2.000000e+00
      vertex   -2.296395e+02 -1.765000e+02 2.000000e+00
    endloop
  endfacet
  facet normal 0.000000e+00 0.000000e+00 1.000000e+00
    outer loop
      vertex   -2.276188e+02 -1.800000e+02 2.000000e+00
      vertex   -2.296395e+02 -1.765000e+02 2.000000e+00
      vertex   -2.307942e+02 -1.785000e+02 2.000000e+00
    endloop
  endfacet
  facet normal -0.000000e+00 0.000000e+00 1.000000e+00
    outer loop
      vertex   -2.308941e+02 -1.787412e+02 2.000000e+00
      vertex   -2.309282e+02 -1.790000e+02 2.000000e+00
      vertex   -2.307942e+02 -1.785000e+02 2.000000e+00
    endloop
  endfacet
  facet normal 0.000000e+00 0.000000e+00 1.000000e+00
    outer loop
      vertex   -2.307942e+02 -1.785000e+02 2.000000e+00
      vertex   -2.309282e+02 -1.790000e+02 2.000000e+00
      vertex   -2.308941e+02 -1.792588e+02 2.000000e+00
    endloop
  endfacet
  facet normal 0.000000e+00 0.000000e+00 1.000000e+00
    outer loop
      vertex   -2.307942e+02 -1.785000e+02 2.000000e+00
      vertex   -2.308941e+02 -1.792588e+02 2.000000e+00
      vertex   -2.307942e+02 -1.795000e+02 2.000000e+00
    endloop
  endfacet
  facet normal -0.000000e+00 -0.000000e+00 1.000000e+00
    outer loop
      vertex   -2.307942e+02 -1.795000e+02 2.000000e+00
      vertex   -2.306353e+02 -1.797071e+02 2.000000e+00
      vertex   -2.307942e+02 -1.785000e+02 2.000000e+00
    endloop
  endfacet
  facet normal 0.000000e+00 0.000000e+00 1.000000e+00
    outer loop
      vertex   -2.307942e+02 -1.785000e+02 2.000000e+00
      vertex   -2.306353e+02 -1.797071e+02 2.000000e+00
      vertex   -2.304282e+02 -1.798660e+02 2.000000e+00
    endloop
  endfacet
  facet normal 0.000000e+00 0.000000e+00 1.000000e+00
    outer loop
      vertex   -2.307942e+02 -1.785000e+02 2.000000e+00
      vertex   -2.304282e+02 -1.798660e+02 2.000000e+00
      vertex   -2.301870e+02 -1.799659e+02 2.000000e+00
    endloop
  endfacet
  facet normal -0.000000e+00 -0.000000e+00 1.000000e+00
    outer loop
      vertex   -2.301870e+02 -1.799659e+02 2.000000e+00
      vertex   -2.299282e+02 -1.800000e+02 2.000000e+00
      vertex   -2.307942e+02 -1.785000e+02 2.000000e+00
    endloop
  endfacet
  facet normal 0.000000e+00 0.000000e+00 1.000000e+00
    outer loop
      vertex   -2.307942e+02 -1.785000e+02 2.000000e+00
      vertex   -2.299282e+02 -1.800000e+02 2.000000e+00
      vertex   -2.276188e+02 -1.800000e+02 2.000000e+00
    endloop
  endfacet
  facet normal 0.000000e+00 0.000000e+00 1.000000e+00
    outer loop
      vertex   -1.892467e+02 -1.791299e+02 2.000000e+00
      vertex   -1.880678e+02 -1.826269e+02 2.000000e+00
      vertex   -1.889032e+02 -1.796452e+02 2.000000e+00
    endloop
  endfacet
  facet normal 0.000000e+00 0.000000e+00 1.000000e+00
    outer loop
      vertex   -1.889032e+02 -1.796452e+02 2.000000e+00
      vertex   -1.880678e+02 -1.826269e+02 2.000000e+00
      vertex   -1.880969e+02 -1.818412e+02 2.000000e+00
    endloop
  endfacet
  facet normal 0.000000e+00 0.000000e+00 1.000000e+00
    outer loop
      vertex   -1.889032e+02 -1.796452e+02 2.000000e+00
      vertex   -1.880969e+02 -1.818412e+02 2.000000e+00
      vertex   -1.882489e+02 -1.810697e+02 2.000000e+00
    endloop
  endfacet
  facet normal 0.000000e+00 0.000000e+00 1.000000e+00
    outer loop
      vertex   -1.880678e+02 -1.826269e+02 2.000000e+00
      vertex   -1.892467e+02 -1.791299e+02 2.000000e+00
      vertex   -1.999083e+02 -1.759336e+02 2.000000e+00
    endloop
  endfacet
  facet normal 0.000000e+00 0.000000e+00 1.000000e+00
    outer loop
      vertex   -1.999083e+02 -1.759336e+02 2.000000e+00
      vertex   -1.892467e+02 -1.791299e+02 2.000000e+00
      vertex   -1.895637e+02 -1.785581e+02 2.000000e+00
    endloop
  endfacet
  facet normal 0.000000e+00 0.000000e+00 1.000000e+00
    outer loop
      vertex   -1.999083e+02 -1.759336e+02 2.000000e+00
      vertex   -1.895637e+02 -1.785581e+02 2.000000e+00
      vertex   -1.897834e+02 -1.779422e+02 2.000000e+00
    endloop
  endfacet
  facet normal 0.000000e+00 0.000000e+00 1.000000e+00
    outer loop
      vertex   -1.897834e+02 -1.779422e+02 2.000000e+00
      vertex   -1.898997e+02 -1.772988e+02 2.000000e+00
      vertex   -1.999083e+02 -1.759336e+02 2.000000e+00
    endloop
  endfacet
  facet normal 0.000000e+00 0.000000e+00 1.000000e+00
    outer loop
      vertex   -1.999083e+02 -1.759336e+02 2.000000e+00
      vertex   -1.898997e+02 -1.772988e+02 2.000000e+00
      vertex   -1.899097e+02 -1.766450e+02 2.000000e+00
    endloop
  endfacet
  facet normal -0.000000e+00 0.000000e+00 1.000000e+00
    outer loop
      vertex   -1.999083e+02 -1.759336e+02 2.000000e+00
      vertex   -1.899097e+02 -1.766450e+02 2.000000e+00
      vertex   -1.998578e+02 -1.750515e+02 2.000000e+00
    endloop
  endfacet
  facet normal -0.000000e+00 0.000000e+00 1.000000e+00
    outer loop
      vertex   -1.998578e+02 -1.750515e+02 2.000000e+00
      vertex   -1.899097e+02 -1.766450e+02 2.000000e+00
      vertex   -1.996528e+02 -1.741921e+02 2.000000e+00
    endloop
  endfacet
  facet normal -0.000000e+00 0.000000e+00 1.000000e+00
    outer loop
      vertex   -1.996528e+02 -1.741921e+02 2.000000e+00
      vertex   -1.899097e+02 -1.766450e+02 2.000000e+00
      vertex   -1.992997e+02 -1.733822e+02 2.000000e+00
    endloop
  endfacet
  facet normal -0.000000e+00 0.000000e+00 1.000000e+00
    outer loop
      vertex   -1.992997e+02 -1.733822e+02 2.000000e+00
      vertex   -1.899097e+02 -1.766450e+02 2.000000e+00
      vertex   -1.988096e+02 -1.726471e+02 2.000000e+00
    endloop
  endfacet
  facet normal -0.000000e+00 0.000000e+00 1.000000e+00
    outer loop
      vertex   -1.988096e+02 -1.726471e+02 2.000000e+00
      vertex   -1.899097e+02 -1.766450e+02 2.000000e+00
      vertex   -1.981977e+02 -1.720097e+02 2.000000e+00
    endloop
  endfacet
  facet normal -0.000000e+00 0.000000e+00 1.000000e+00
    outer loop
      vertex   -1.981977e+02 -1.720097e+02 2.000000e+00
      vertex   -1.899097e+02 -1.766450e+02 2.000000e+00
      vertex   -1.974832e+02 -1.714899e+02 2.000000e+00
    endloop
  endfacet
  facet normal -0.000000e+00 0.000000e+00 1.000000e+00
    outer loop
      vertex   -1.974832e+02 -1.714899e+02 2.000000e+00
      vertex   -1.899097e+02 -1.766450e+02 2.000000e+00
      vertex   -1.974275e+02 -1.714565e+02 2.000000e+00
    endloop
  endfacet
  facet normal -0.000000e+00 0.000000e+00 1.000000e+00
    outer loop
      vertex   -1.974275e+02 -1.714565e+02 2.000000e+00
      vertex   -1.899097e+02 -1.766450e+02 2.000000e+00
      vertex   -1.967327e+02 -1.709538e+02 2.000000e+00
    endloop
  endfacet
  facet normal -0.000000e+00 0.000000e+00 1.000000e+00
    outer loop
      vertex   -1.967327e+02 -1.709538e+02 2.000000e+00
      vertex   -1.899097e+02 -1.766450e+02 2.000000e+00
      vertex   -1.961340e+02 -1.703398e+02 2.000000e+00
    endloop
  endfacet
  facet normal -0.000000e+00 0.000000e+00 1.000000e+00
    outer loop
      vertex   -1.961340e+02 -1.703398e+02 2.000000e+00
      vertex   -1.899097e+02 -1.766450e+02 2.000000e+00
      vertex   -1.956490e+02 -1.696325e+02 2.000000e+00
    endloop
  endfacet
  facet normal -0.000000e+00 0.000000e+00 1.000000e+00
    outer loop
      vertex   -1.956490e+02 -1.696325e+02 2.000000e+00
      vertex   -1.899097e+02 -1.766450e+02 2.000000e+00
      vertex   -1.952920e+02 -1.688528e+02 2.000000e+00
    endloop
  endfacet
  facet normal -0.000000e+00 0.000000e+00 1.000000e+00
    outer loop
      vertex   -1.952920e+02 -1.688528e+02 2.000000e+00
      vertex   -1.899097e+02 -1.766450e+02 2.000000e+00
      vertex   -1.950735e+02 -1.680235e+02 2.000000e+00
    endloop
  endfacet
  facet normal -0.000000e+00 0.000000e+00 1.000000e+00
    outer loop
      vertex   -1.950735e+02 -1.680235e+02 2.000000e+00
      vertex   -1.899097e+02 -1.766450e+02 2.000000e+00
      vertex   -1.950000e+02 -1.671691e+02 2.000000e+00
    endloop
  endfacet
  facet normal -0.000000e+00 -0.000000e+00 1.000000e+00
    outer loop
      vertex   -1.950000e+02 -1.671691e+02 2.000000e+00
      vertex   -1.899097e+02 -1.766450e+02 2.000000e+00
      vertex   -1.950000e+02 -1.650000e+02 2.000000e+00
    endloop
  endfacet
  facet normal -0.000000e+00 0.000000e+00 1.000000e+00
    outer loop
      vertex   -1.950000e+02 -1.650000e+02 2.000000e+00
      vertex   -1.899097e+02 -1.766450e+02 2.000000e+00
      vertex   -1.882499e+02 -1.517490e+02 2.000000e+00
    endloop
  endfacet
  facet normal 0.000000e+00 0.000000e+00 1.000000e+00
    outer loop
      vertex   -1.950000e+02 -1.650000e+02 2.000000e+00
      vertex   -1.882499e+02 -1.517490e+02 2.000000e+00
      vertex   -1.950000e+02 -1.457500e+02 2.000000e+00
    endloop
  endfacet
  facet normal 0.000000e+00 0.000000e+00 1.000000e+00
    outer loop
      vertex   -1.950000e+02 -1.457500e+02 2.000000e+00
      vertex   -1.882499e+02 -1.517490e+02 2.000000e+00
      vertex   -1.880989e+02 -1.505613e+02 2.000000e+00
    endloop
  endfacet
  facet normal 0.000000e+00 0.000000e+00 1.000000e+00
    outer loop
      vertex   -1.950000e+02 -1.457500e+02 2.000000e+00
      vertex   -1.880989e+02 -1.505613e+02 2.000000e+00
      vertex   -1.878070e+02 -1.494001e+02 2.000000e+00
    endloop
  endfacet
  facet normal 0.000000e+00 -0.000000e+00 1.000000e+00
    outer loop
      vertex   -1.878070e+02 -1.494001e+02 2.000000e+00
      vertex   -1.873784e+02 -1.482821e+02 2.000000e+00
      vertex   -1.950000e+02 -1.457500e+02 2.000000e+00
    endloop
  endfacet
  facet normal 0.000000e+00 0.000000e+00 1.000000e+00
    outer loop
      vertex   -1.950000e+02 -1.457500e+02 2.000000e+00
      vertex   -1.873784e+02 -1.482821e+02 2.000000e+00
      vertex   -1.868193e+02 -1.472233e+02 2.000000e+00
    endloop
  endfacet
  facet normal -0.000000e+00 -0.000000e+00 1.000000e+00
    outer loop
      vertex   -1.950000e+02 -1.457500e+02 2.000000e+00
      vertex   -1.868193e+02 -1.472233e+02 2.000000e+00
      vertex   -1.950256e+02 -1.455559e+02 2.000000e+00
    endloop
  endfacet
  facet normal 0.000000e+00 0.000000e+00 1.000000e+00
    outer loop
      vertex   -1.950256e+02 -1.455559e+02 2.000000e+00
      vertex   -1.868193e+02 -1.472233e+02 2.000000e+00
      vertex   -1.861376e+02 -1.462390e+02 2.000000e+00
    endloop
  endfacet
  facet normal -0.000000e+00 -0.000000e+00 1.000000e+00
    outer loop
      vertex   -1.950256e+02 -1.455559e+02 2.000000e+00
      vertex   -1.861376e+02 -1.462390e+02 2.000000e+00
      vertex   -1.951005e+02 -1.453750e+02 2.000000e+00
    endloop
  endfacet
  facet normal 0.000000e+00 0.000000e+00 1.000000e+00
    outer loop
      vertex   -1.842010e+02 -1.801287e+02 2.000000e+00
      vertex   -1.844393e+02 -1.804393e+02 2.000000e+00
      vertex   -1.849726e+02 -1.816577e+02 2.000000e+00
    endloop
  endfacet
  facet normal 0.000000e+00 0.000000e+00 1.000000e+00
    outer loop
      vertex   -1.849726e+02 -1.816577e+02 2.000000e+00
      vertex   -1.844393e+02 -1.804393e+02 2.000000e+00
      vertex   -1.845346e+02 -1.805346e+02 2.000000e+00
    endloop
  endfacet
  facet normal 0.000000e+00 0.000000e+00 1.000000e+00
    outer loop
      vertex   -1.849726e+02 -1.816577e+02 2.000000e+00
      vertex   -1.845346e+02 -1.805346e+02 2.000000e+00
      vertex   -1.849535e+02 -1.813487e+02 2.000000e+00
    endloop
  endfacet
  facet normal 0.000000e+00 0.000000e+00 1.000000e+00
    outer loop
      vertex   -1.849535e+02 -1.813487e+02 2.000000e+00
      vertex   -1.845346e+02 -1.805346e+02 2.000000e+00
      vertex   -1.848714e+02 -1.810502e+02 2.000000e+00
    endloop
  endfacet
  facet normal 0.000000e+00 0.000000e+00 1.000000e+00
    outer loop
      vertex   -1.848714e+02 -1.810502e+02 2.000000e+00
      vertex   -1.845346e+02 -1.805346e+02 2.000000e+00
      vertex   -1.847297e+02 -1.807749e+02 2.000000e+00
    endloop
  endfacet
  facet normal 0.000000e+00 0.000000e+00 1.000000e+00
    outer loop
      vertex   -1.882489e+02 -1.810697e+02 2.000000e+00
      vertex   -1.885199e+02 -1.803317e+02 2.000000e+00
      vertex   -1.889032e+02 -1.796452e+02 2.000000e+00
    endloop
  endfacet
  facet normal 0.000000e+00 -0.000000e+00 1.000000e+00
    outer loop
      vertex   -2.015559e+02 -1.649744e+02 2.000000e+00
      vertex   -2.010000e+02 -1.642500e+02 2.000000e+00
      vertex   -2.017500e+02 -1.650000e+02 2.000000e+00
    endloop
  endfacet
  facet normal 0.000000e+00 -0.000000e+00 1.000000e+00
    outer loop
      vertex   -2.017500e+02 -1.650000e+02 2.000000e+00
      vertex   -2.010000e+02 -1.642500e+02 2.000000e+00
      vertex   -2.030000e+02 -1.642500e+02 2.000000e+00
    endloop
  endfacet
  facet normal 0.000000e+00 0.000000e+00 1.000000e+00
    outer loop
      vertex   -2.017500e+02 -1.650000e+02 2.000000e+00
      vertex   -2.030000e+02 -1.642500e+02 2.000000e+00
      vertex   -2.022500e+02 -1.650000e+02 2.000000e+00
    endloop
  endfacet
  facet normal 0.000000e+00 0.000000e+00 1.000000e+00
    outer loop
      vertex   -2.022500e+02 -1.650000e+02 2.000000e+00
      vertex   -2.030000e+02 -1.642500e+02 2.000000e+00
      vertex   -2.024441e+02 -1.649744e+02 2.000000e+00
    endloop
  endfacet
  facet normal 0.000000e+00 0.000000e+00 1.000000e+00
    outer loop
      vertex   -2.024441e+02 -1.649744e+02 2.000000e+00
      vertex   -2.030000e+02 -1.642500e+02 2.000000e+00
      vertex   -2.026250e+02 -1.648995e+02 2.000000e+00
    endloop
  endfacet
  facet normal 0.000000e+00 0.000000e+00 1.000000e+00
    outer loop
      vertex   -2.026250e+02 -1.648995e+02 2.000000e+00
      vertex   -2.030000e+02 -1.642500e+02 2.000000e+00
      vertex   -2.029744e+02 -1.644441e+02 2.000000e+00
    endloop
  endfacet
  facet normal 0.000000e+00 0.000000e+00 1.000000e+00
    outer loop
      vertex   -2.026250e+02 -1.648995e+02 2.000000e+00
      vertex   -2.029744e+02 -1.644441e+02 2.000000e+00
      vertex   -2.028995e+02 -1.646250e+02 2.000000e+00
    endloop
  endfacet
  facet normal 0.000000e+00 -0.000000e+00 1.000000e+00
    outer loop
      vertex   -2.013750e+02 -1.648995e+02 2.000000e+00
      vertex   -2.012197e+02 -1.647803e+02 2.000000e+00
      vertex   -2.015559e+02 -1.649744e+02 2.000000e+00
    endloop
  endfacet
  facet normal 0.000000e+00 0.000000e+00 1.000000e+00
    outer loop
      vertex   -2.015559e+02 -1.649744e+02 2.000000e+00
      vertex   -2.012197e+02 -1.647803e+02 2.000000e+00
      vertex   -2.011005e+02 -1.646250e+02 2.000000e+00
    endloop
  endfacet
  facet normal 0.000000e+00 0.000000e+00 1.000000e+00
    outer loop
      vertex   -2.015559e+02 -1.649744e+02 2.000000e+00
      vertex   -2.011005e+02 -1.646250e+02 2.000000e+00
      vertex   -2.010256e+02 -1.644441e+02 2.000000e+00
    endloop
  endfacet
  facet normal 0.000000e+00 -0.000000e+00 1.000000e+00
    outer loop
      vertex   -2.010256e+02 -1.644441e+02 2.000000e+00
      vertex   -2.010000e+02 -1.642500e+02 2.000000e+00
      vertex   -2.015559e+02 -1.649744e+02 2.000000e+00
    endloop
  endfacet
  facet normal 0.000000e+00 0.000000e+00 1.000000e+00
    outer loop
      vertex   -2.030000e+02 -1.642500e+02 2.000000e+00
      vertex   -2.010000e+02 -1.642500e+02 2.000000e+00
      vertex   -2.030000e+02 -1.457500e+02 2.000000e+00
    endloop
  endfacet
  facet normal -0.000000e+00 0.000000e+00 1.000000e+00
    outer loop
      vertex   -2.030000e+02 -1.457500e+02 2.000000e+00
      vertex   -2.010000e+02 -1.642500e+02 2.000000e+00
      vertex   -2.010000e+02 -1.457500e+02 2.000000e+00
    endloop
  endfacet
  facet normal 0.000000e+00 -0.000000e+00 1.000000e+00
    outer loop
      vertex   -2.030000e+02 -1.457500e+02 2.000000e+00
      vertex   -2.010000e+02 -1.457500e+02 2.000000e+00
      vertex   -2.030256e+02 -1.455559e+02 2.000000e+00
    endloop
  endfacet
  facet normal -0.000000e+00 0.000000e+00 1.000000e+00
    outer loop
      vertex   -2.030256e+02 -1.455559e+02 2.000000e+00
      vertex   -2.010000e+02 -1.457500e+02 2.000000e+00
      vertex   -2.009744e+02 -1.455559e+02 2.000000e+00
    endloop
  endfacet
  facet normal 0.000000e+00 -0.000000e+00 1.000000e+00
    outer loop
      vertex   -2.030256e+02 -1.455559e+02 2.000000e+00
      vertex   -2.009744e+02 -1.455559e+02 2.000000e+00
      vertex   -2.031005e+02 -1.453750e+02 2.000000e+00
    endloop
  endfacet
  facet normal -0.000000e+00 0.000000e+00 1.000000e+00
    outer loop
      vertex   -2.031005e+02 -1.453750e+02 2.000000e+00
      vertex   -2.009744e+02 -1.455559e+02 2.000000e+00
      vertex   -2.008995e+02 -1.453750e+02 2.000000e+00
    endloop
  endfacet
  facet normal 0.000000e+00 -0.000000e+00 1.000000e+00
    outer loop
      vertex   -2.031005e+02 -1.453750e+02 2.000000e+00
      vertex   -2.008995e+02 -1.453750e+02 2.000000e+00
      vertex   -2.032197e+02 -1.452197e+02 2.000000e+00
    endloop
  endfacet
  facet normal -0.000000e+00 0.000000e+00 1.000000e+00
    outer loop
      vertex   -2.032197e+02 -1.452197e+02 2.000000e+00
      vertex   -2.008995e+02 -1.453750e+02 2.000000e+00
      vertex   -2.007803e+02 -1.452197e+02 2.000000e+00
    endloop
  endfacet
  facet normal 0.000000e+00 -0.000000e+00 1.000000e+00
    outer loop
      vertex   -2.032197e+02 -1.452197e+02 2.000000e+00
      vertex   -2.007803e+02 -1.452197e+02 2.000000e+00
      vertex   -2.033750e+02 -1.451005e+02 2.000000e+00
    endloop
  endfacet
  facet normal -0.000000e+00 0.000000e+00 1.000000e+00
    outer loop
      vertex   -2.033750e+02 -1.451005e+02 2.000000e+00
      vertex   -2.007803e+02 -1.452197e+02 2.000000e+00
      vertex   -2.006250e+02 -1.451005e+02 2.000000e+00
    endloop
  endfacet
  facet normal 0.000000e+00 -0.000000e+00 1.000000e+00
    outer loop
      vertex   -2.033750e+02 -1.451005e+02 2.000000e+00
      vertex   -2.006250e+02 -1.451005e+02 2.000000e+00
      vertex   -2.035559e+02 -1.450256e+02 2.000000e+00
    endloop
  endfacet
  facet normal -0.000000e+00 0.000000e+00 1.000000e+00
    outer loop
      vertex   -2.035559e+02 -1.450256e+02 2.000000e+00
      vertex   -2.006250e+02 -1.451005e+02 2.000000e+00
      vertex   -2.004441e+02 -1.450256e+02 2.000000e+00
    endloop
  endfacet
  facet normal 0.000000e+00 0.000000e+00 1.000000e+00
    outer loop
      vertex   -1.988995e+02 -1.646250e+02 2.000000e+00
      vertex   -1.987803e+02 -1.647803e+02 2.000000e+00
      vertex   -1.986250e+02 -1.648995e+02 2.000000e+00
    endloop
  endfacet
  facet normal 0.000000e+00 0.000000e+00 1.000000e+00
    outer loop
      vertex   -1.977500e+02 -1.650000e+02 2.000000e+00
      vertex   -1.975559e+02 -1.649744e+02 2.000000e+00
      vertex   -1.970000e+02 -1.642500e+02 2.000000e+00
    endloop
  endfacet
  facet normal 0.000000e+00 0.000000e+00 1.000000e+00
    outer loop
      vertex   -1.970000e+02 -1.642500e+02 2.000000e+00
      vertex   -1.975559e+02 -1.649744e+02 2.000000e+00
      vertex   -1.970256e+02 -1.644441e+02 2.000000e+00
    endloop
  endfacet
  facet normal 0.000000e+00 0.000000e+00 1.000000e+00
    outer loop
      vertex   -1.970256e+02 -1.644441e+02 2.000000e+00
      vertex   -1.975559e+02 -1.649744e+02 2.000000e+00
      vertex   -1.971005e+02 -1.646250e+02 2.000000e+00
    endloop
  endfacet
  facet normal 0.000000e+00 0.000000e+00 1.000000e+00
    outer loop
      vertex   -1.971005e+02 -1.646250e+02 2.000000e+00
      vertex   -1.975559e+02 -1.649744e+02 2.000000e+00
      vertex   -1.972197e+02 -1.647803e+02 2.000000e+00
    endloop
  endfacet
  facet normal 0.000000e+00 0.000000e+00 1.000000e+00
    outer loop
      vertex   -1.972197e+02 -1.647803e+02 2.000000e+00
      vertex   -1.975559e+02 -1.649744e+02 2.000000e+00
      vertex   -1.973750e+02 -1.648995e+02 2.000000e+00
    endloop
  endfacet
  facet normal 0.000000e+00 0.000000e+00 1.000000e+00
    outer loop
      vertex   -1.999083e+02 -1.759336e+02 2.000000e+00
      vertex   -1.990645e+02 -2.029375e+02 2.000000e+00
      vertex   -1.880678e+02 -1.826269e+02 2.000000e+00
    endloop
  endfacet
  facet normal 0.000000e+00 0.000000e+00 1.000000e+00
    outer loop
      vertex   -2.062361e+02 -1.713820e+02 2.000000e+00
      vertex   -2.030999e+02 -1.761976e+02 2.000000e+00
      vertex   -2.058614e+02 -1.715693e+02 2.000000e+00
    endloop
  endfacet
  facet normal 0.000000e+00 0.000000e+00 1.000000e+00
    outer loop
      vertex   -2.058614e+02 -1.715693e+02 2.000000e+00
      vertex   -2.030999e+02 -1.761976e+02 2.000000e+00
      vertex   -2.031406e+02 -1.753864e+02 2.000000e+00
    endloop
  endfacet
  facet normal 0.000000e+00 0.000000e+00 1.000000e+00
    outer loop
      vertex   -2.058614e+02 -1.715693e+02 2.000000e+00
      vertex   -2.031406e+02 -1.753864e+02 2.000000e+00
      vertex   -2.033120e+02 -1.745924e+02 2.000000e+00
    endloop
  endfacet
  facet normal 0.000000e+00 0.000000e+00 1.000000e+00
    outer loop
      vertex   -2.033120e+02 -1.745924e+02 2.000000e+00
      vertex   -2.036098e+02 -1.738368e+02 2.000000e+00
      vertex   -2.058614e+02 -1.715693e+02 2.000000e+00
    endloop
  endfacet
  facet normal 0.000000e+00 0.000000e+00 1.000000e+00
    outer loop
      vertex   -2.058614e+02 -1.715693e+02 2.000000e+00
      vertex   -2.036098e+02 -1.738368e+02 2.000000e+00
      vertex   -2.040260e+02 -1.731392e+02 2.000000e+00
    endloop
  endfacet
  facet normal 0.000000e+00 0.000000e+00 1.000000e+00
    outer loop
      vertex   -2.058614e+02 -1.715693e+02 2.000000e+00
      vertex   -2.040260e+02 -1.731392e+02 2.000000e+00
      vertex   -2.045496e+02 -1.725183e+02 2.000000e+00
    endloop
  endfacet
  facet normal 0.000000e+00 0.000000e+00 1.000000e+00
    outer loop
      vertex   -2.045496e+02 -1.725183e+02 2.000000e+00
      vertex   -2.051668e+02 -1.719903e+02 2.000000e+00
      vertex   -2.058614e+02 -1.715693e+02 2.000000e+00
    endloop
  endfacet
  facet normal 0.000000e+00 0.000000e+00 1.000000e+00
    outer loop
      vertex   -2.086634e+02 -1.687135e+02 2.000000e+00
      vertex   -2.089151e+02 -1.678272e+02 2.000000e+00
      vertex   -2.191473e+02 -1.682588e+02 2.000000e+00
    endloop
  endfacet
  facet normal 0.000000e+00 0.000000e+00 1.000000e+00
    outer loop
      vertex   -2.191473e+02 -1.682588e+02 2.000000e+00
      vertex   -2.089151e+02 -1.678272e+02 2.000000e+00
      vertex   -2.191133e+02 -1.680000e+02 2.000000e+00
    endloop
  endfacet
  facet normal 0.000000e+00 0.000000e+00 1.000000e+00
    outer loop
      vertex   -2.191133e+02 -1.680000e+02 2.000000e+00
      vertex   -2.089151e+02 -1.678272e+02 2.000000e+00
      vertex   -2.090000e+02 -1.669098e+02 2.000000e+00
    endloop
  endfacet
  facet normal 0.000000e+00 -0.000000e+00 1.000000e+00
    outer loop
      vertex   -2.191133e+02 -1.680000e+02 2.000000e+00
      vertex   -2.090000e+02 -1.669098e+02 2.000000e+00
      vertex   -2.191473e+02 -1.677412e+02 2.000000e+00
    endloop
  endfacet
  facet normal 0.000000e+00 -0.000000e+00 1.000000e+00
    outer loop
      vertex   -2.191473e+02 -1.677412e+02 2.000000e+00
      vertex   -2.090000e+02 -1.669098e+02 2.000000e+00
      vertex   -2.192472e+02 -1.675000e+02 2.000000e+00
    endloop
  endfacet
  facet normal 0.000000e+00 -0.000000e+00 1.000000e+00
    outer loop
      vertex   -2.192472e+02 -1.675000e+02 2.000000e+00
      vertex   -2.090000e+02 -1.669098e+02 2.000000e+00
      vertex   -2.221340e+02 -1.625000e+02 2.000000e+00
    endloop
  endfacet
  facet normal -0.000000e+00 0.000000e+00 1.000000e+00
    outer loop
      vertex   -2.221340e+02 -1.625000e+02 2.000000e+00
      vertex   -2.090000e+02 -1.669098e+02 2.000000e+00
      vertex   -2.090000e+02 -1.457500e+02 2.000000e+00
    endloop
  endfacet
  facet normal 0.000000e+00 -0.000000e+00 1.000000e+00
    outer loop
      vertex   -2.221340e+02 -1.625000e+02 2.000000e+00
      vertex   -2.090000e+02 -1.457500e+02 2.000000e+00
      vertex   -2.222929e+02 -1.622929e+02 2.000000e+00
    endloop
  endfacet
  facet normal 0.000000e+00 -0.000000e+00 1.000000e+00
    outer loop
      vertex   -2.222929e+02 -1.622929e+02 2.000000e+00
      vertex   -2.090000e+02 -1.457500e+02 2.000000e+00
      vertex   -2.225000e+02 -1.621340e+02 2.000000e+00
    endloop
  endfacet
  facet normal 0.000000e+00 0.000000e+00 1.000000e+00
    outer loop
      vertex   -2.044441e+02 -1.450256e+02 2.000000e+00
      vertex   -2.075559e+02 -1.450256e+02 2.000000e+00
      vertex   -2.046250e+02 -1.451005e+02 2.000000e+00
    endloop
  endfacet
  facet normal 0.000000e+00 0.000000e+00 1.000000e+00
    outer loop
      vertex   -2.046250e+02 -1.451005e+02 2.000000e+00
      vertex   -2.075559e+02 -1.450256e+02 2.000000e+00
      vertex   -2.073750e+02 -1.451005e+02 2.000000e+00
    endloop
  endfacet
  facet normal 0.000000e+00 0.000000e+00 1.000000e+00
    outer loop
      vertex   -2.046250e+02 -1.451005e+02 2.000000e+00
      vertex   -2.073750e+02 -1.451005e+02 2.000000e+00
      vertex   -2.047803e+02 -1.452197e+02 2.000000e+00
    endloop
  endfacet
  facet normal 0.000000e+00 0.000000e+00 1.000000e+00
    outer loop
      vertex   -2.047803e+02 -1.452197e+02 2.000000e+00
      vertex   -2.073750e+02 -1.451005e+02 2.000000e+00
      vertex   -2.072197e+02 -1.452197e+02 2.000000e+00
    endloop
  endfacet
  facet normal 0.000000e+00 0.000000e+00 1.000000e+00
    outer loop
      vertex   -2.047803e+02 -1.452197e+02 2.000000e+00
      vertex   -2.072197e+02 -1.452197e+02 2.000000e+00
      vertex   -2.048995e+02 -1.453750e+02 2.000000e+00
    endloop
  endfacet
  facet normal 0.000000e+00 0.000000e+00 1.000000e+00
    outer loop
      vertex   -2.048995e+02 -1.453750e+02 2.000000e+00
      vertex   -2.072197e+02 -1.452197e+02 2.000000e+00
      vertex   -2.071005e+02 -1.453750e+02 2.000000e+00
    endloop
  endfacet
  facet normal 0.000000e+00 0.000000e+00 1.000000e+00
    outer loop
      vertex   -2.048995e+02 -1.453750e+02 2.000000e+00
      vertex   -2.071005e+02 -1.453750e+02 2.000000e+00
      vertex   -2.049744e+02 -1.455559e+02 2.000000e+00
    endloop
  endfacet
  facet normal 0.000000e+00 0.000000e+00 1.000000e+00
    outer loop
      vertex   -2.049744e+02 -1.455559e+02 2.000000e+00
      vertex   -2.071005e+02 -1.453750e+02 2.000000e+00
      vertex   -2.070256e+02 -1.455559e+02 2.000000e+00
    endloop
  endfacet
  facet normal 0.000000e+00 0.000000e+00 1.000000e+00
    outer loop
      vertex   -2.049744e+02 -1.455559e+02 2.000000e+00
      vertex   -2.070256e+02 -1.455559e+02 2.000000e+00
      vertex   -2.050000e+02 -1.457500e+02 2.000000e+00
    endloop
  endfacet
  facet normal 0.000000e+00 0.000000e+00 1.000000e+00
    outer loop
      vertex   -2.050000e+02 -1.457500e+02 2.000000e+00
      vertex   -2.070256e+02 -1.455559e+02 2.000000e+00
      vertex   -2.070000e+02 -1.457500e+02 2.000000e+00
    endloop
  endfacet
  facet normal 0.000000e+00 0.000000e+00 1.000000e+00
    outer loop
      vertex   -2.050000e+02 -1.457500e+02 2.000000e+00
      vertex   -2.070000e+02 -1.457500e+02 2.000000e+00
      vertex   -2.050000e+02 -1.642500e+02 2.000000e+00
    endloop
  endfacet
  facet normal 0.000000e+00 0.000000e+00 1.000000e+00
    outer loop
      vertex   -2.050000e+02 -1.642500e+02 2.000000e+00
      vertex   -2.070000e+02 -1.457500e+02 2.000000e+00
      vertex   -2.070000e+02 -1.642500e+02 2.000000e+00
    endloop
  endfacet
  facet normal 0.000000e+00 0.000000e+00 1.000000e+00
    outer loop
      vertex   -2.050000e+02 -1.642500e+02 2.000000e+00
      vertex   -2.070000e+02 -1.642500e+02 2.000000e+00
      vertex   -2.057500e+02 -1.650000e+02 2.000000e+00
    endloop
  endfacet
  facet normal 0.000000e+00 0.000000e+00 1.000000e+00
    outer loop
      vertex   -2.057500e+02 -1.650000e+02 2.000000e+00
      vertex   -2.070000e+02 -1.642500e+02 2.000000e+00
      vertex   -2.062500e+02 -1.650000e+02 2.000000e+00
    endloop
  endfacet
  facet normal 0.000000e+00 0.000000e+00 1.000000e+00
    outer loop
      vertex   -2.062500e+02 -1.650000e+02 2.000000e+00
      vertex   -2.070000e+02 -1.642500e+02 2.000000e+00
      vertex   -2.064441e+02 -1.649744e+02 2.000000e+00
    endloop
  endfacet
  facet normal 0.000000e+00 0.000000e+00 1.000000e+00
    outer loop
      vertex   -2.064441e+02 -1.649744e+02 2.000000e+00
      vertex   -2.070000e+02 -1.642500e+02 2.000000e+00
      vertex   -2.066250e+02 -1.648995e+02 2.000000e+00
    endloop
  endfacet
  facet normal 0.000000e+00 0.000000e+00 1.000000e+00
    outer loop
      vertex   -2.066250e+02 -1.648995e+02 2.000000e+00
      vertex   -2.070000e+02 -1.642500e+02 2.000000e+00
      vertex   -2.069744e+02 -1.644441e+02 2.000000e+00
    endloop
  endfacet
  facet normal 0.000000e+00 0.000000e+00 1.000000e+00
    outer loop
      vertex   -2.066250e+02 -1.648995e+02 2.000000e+00
      vertex   -2.069744e+02 -1.644441e+02 2.000000e+00
      vertex   -2.068995e+02 -1.646250e+02 2.000000e+00
    endloop
  endfacet
  facet normal 0.000000e+00 0.000000e+00 1.000000e+00
    outer loop
      vertex   -2.068995e+02 -1.646250e+02 2.000000e+00
      vertex   -2.067803e+02 -1.647803e+02 2.000000e+00
      vertex   -2.066250e+02 -1.648995e+02 2.000000e+00
    endloop
  endfacet
  facet normal 0.000000e+00 0.000000e+00 1.000000e+00
    outer loop
      vertex   -2.057500e+02 -1.650000e+02 2.000000e+00
      vertex   -2.055559e+02 -1.649744e+02 2.000000e+00
      vertex   -2.050000e+02 -1.642500e+02 2.000000e+00
    endloop
  endfacet
  facet normal 0.000000e+00 0.000000e+00 1.000000e+00
    outer loop
      vertex   -2.050000e+02 -1.642500e+02 2.000000e+00
      vertex   -2.055559e+02 -1.649744e+02 2.000000e+00
      vertex   -2.050256e+02 -1.644441e+02 2.000000e+00
    endloop
  endfacet
  facet normal 0.000000e+00 0.000000e+00 1.000000e+00
    outer loop
      vertex   -2.050256e+02 -1.644441e+02 2.000000e+00
      vertex   -2.055559e+02 -1.649744e+02 2.000000e+00
      vertex   -2.051005e+02 -1.646250e+02 2.000000e+00
    endloop
  endfacet
  facet normal 0.000000e+00 0.000000e+00 1.000000e+00
    outer loop
      vertex   -2.051005e+02 -1.646250e+02 2.000000e+00
      vertex   -2.055559e+02 -1.649744e+02 2.000000e+00
      vertex   -2.052197e+02 -1.647803e+02 2.000000e+00
    endloop
  endfacet
  facet normal 0.000000e+00 0.000000e+00 1.000000e+00
    outer loop
      vertex   -2.052197e+02 -1.647803e+02 2.000000e+00
      vertex   -2.055559e+02 -1.649744e+02 2.000000e+00
      vertex   -2.053750e+02 -1.648995e+02 2.000000e+00
    endloop
  endfacet
  facet normal 0.000000e+00 0.000000e+00 1.000000e+00
    outer loop
      vertex   -2.028995e+02 -1.646250e+02 2.000000e+00
      vertex   -2.027803e+02 -1.647803e+02 2.000000e+00
      vertex   -2.026250e+02 -1.648995e+02 2.000000e+00
    endloop
  endfacet
  facet normal 0.000000e+00 0.000000e+00 1.000000e+00
    outer loop
      vertex   -2.203721e+02 -1.689659e+02 2.000000e+00
      vertex   -2.206133e+02 -1.688660e+02 2.000000e+00
      vertex   -2.256279e+02 -1.689659e+02 2.000000e+00
    endloop
  endfacet
  facet normal 0.000000e+00 0.000000e+00 1.000000e+00
    outer loop
      vertex   -2.256279e+02 -1.689659e+02 2.000000e+00
      vertex   -2.206133e+02 -1.688660e+02 2.000000e+00
      vertex   -2.253868e+02 -1.688660e+02 2.000000e+00
    endloop
  endfacet
  facet normal -0.000000e+00 0.000000e+00 1.000000e+00
    outer loop
      vertex   -2.253868e+02 -1.688660e+02 2.000000e+00
      vertex   -2.206133e+02 -1.688660e+02 2.000000e+00
      vertex   -2.208204e+02 -1.687071e+02 2.000000e+00
    endloop
  endfacet
  facet normal 0.000000e+00 0.000000e+00 1.000000e+00
    outer loop
      vertex   -2.253868e+02 -1.688660e+02 2.000000e+00
      vertex   -2.208204e+02 -1.687071e+02 2.000000e+00
      vertex   -2.251796e+02 -1.687071e+02 2.000000e+00
    endloop
  endfacet
  facet normal -0.000000e+00 0.000000e+00 1.000000e+00
    outer loop
      vertex   -2.251796e+02 -1.687071e+02 2.000000e+00
      vertex   -2.208204e+02 -1.687071e+02 2.000000e+00
      vertex   -2.250207e+02 -1.685000e+02 2.000000e+00
    endloop
  endfacet
  facet normal 0.000000e+00 0.000000e+00 1.000000e+00
    outer loop
      vertex   -2.250207e+02 -1.685000e+02 2.000000e+00
      vertex   -2.208204e+02 -1.687071e+02 2.000000e+00
      vertex   -2.209793e+02 -1.685000e+02 2.000000e+00
    endloop
  endfacet
  facet normal -0.000000e+00 0.000000e+00 1.000000e+00
    outer loop
      vertex   -2.250207e+02 -1.685000e+02 2.000000e+00
      vertex   -2.209793e+02 -1.685000e+02 2.000000e+00
      vertex   -2.221340e+02 -1.665000e+02 2.000000e+00
    endloop
  endfacet
  facet normal 0.000000e+00 0.000000e+00 1.000000e+00
    outer loop
      vertex   -2.222929e+02 -1.662929e+02 2.000000e+00
      vertex   -2.237071e+02 -1.662929e+02 2.000000e+00
      vertex   -2.221340e+02 -1.665000e+02 2.000000e+00
    endloop
  endfacet
  facet normal 0.000000e+00 0.000000e+00 1.000000e+00
    outer loop
      vertex   -2.221340e+02 -1.665000e+02 2.000000e+00
      vertex   -2.237071e+02 -1.662929e+02 2.000000e+00
      vertex   -2.238660e+02 -1.665000e+02 2.000000e+00
    endloop
  endfacet
  facet normal 0.000000e+00 0.000000e+00 1.000000e+00
    outer loop
      vertex   -2.221340e+02 -1.665000e+02 2.000000e+00
      vertex   -2.238660e+02 -1.665000e+02 2.000000e+00
      vertex   -2.250207e+02 -1.685000e+02 2.000000e+00
    endloop
  endfacet
  facet normal 0.000000e+00 0.000000e+00 1.000000e+00
    outer loop
      vertex   -2.237071e+02 -1.662929e+02 2.000000e+00
      vertex   -2.222929e+02 -1.662929e+02 2.000000e+00
      vertex   -2.235000e+02 -1.661340e+02 2.000000e+00
    endloop
  endfacet
  facet normal -0.000000e+00 0.000000e+00 1.000000e+00
    outer loop
      vertex   -2.235000e+02 -1.661340e+02 2.000000e+00
      vertex   -2.222929e+02 -1.662929e+02 2.000000e+00
      vertex   -2.225000e+02 -1.661340e+02 2.000000e+00
    endloop
  endfacet
  facet normal 0.000000e+00 0.000000e+00 1.000000e+00
    outer loop
      vertex   -2.235000e+02 -1.661340e+02 2.000000e+00
      vertex   -2.225000e+02 -1.661340e+02 2.000000e+00
      vertex   -2.232588e+02 -1.660341e+02 2.000000e+00
    endloop
  endfacet
  facet normal -0.000000e+00 0.000000e+00 1.000000e+00
    outer loop
      vertex   -2.232588e+02 -1.660341e+02 2.000000e+00
      vertex   -2.225000e+02 -1.661340e+02 2.000000e+00
      vertex   -2.227412e+02 -1.660341e+02 2.000000e+00
    endloop
  endfacet
  facet normal 0.000000e+00 0.000000e+00 1.000000e+00
    outer loop
      vertex   -2.232588e+02 -1.660341e+02 2.000000e+00
      vertex   -2.227412e+02 -1.660341e+02 2.000000e+00
      vertex   -2.230000e+02 -1.660000e+02 2.000000e+00
    endloop
  endfacet
  facet normal 0.000000e+00 -0.000000e+00 -1.000000e+00
    outer loop
      vertex   -2.499144e+02 -1.336947e+02 0.000000e+00
      vertex   -2.400000e+02 -1.250000e+02 0.000000e+00
      vertex   -2.500000e+02 -1.350000e+02 0.000000e+00
    endloop
  endfacet
  facet normal 0.000000e+00 0.000000e+00 -1.000000e+00
    outer loop
      vertex   -2.500000e+02 -1.350000e+02 0.000000e+00
      vertex   -2.400000e+02 -1.250000e+02 0.000000e+00
      vertex   -1.600000e+02 -1.250000e+02 0.000000e+00
    endloop
  endfacet
  facet normal 0.000000e+00 0.000000e+00 -1.000000e+00
    outer loop
      vertex   -2.500000e+02 -1.350000e+02 0.000000e+00
      vertex   -1.600000e+02 -1.250000e+02 0.000000e+00
      vertex   -2.500000e+02 -2.150000e+02 0.000000e+00
    endloop
  endfacet
  facet normal 0.000000e+00 0.000000e+00 -1.000000e+00
    outer loop
      vertex   -2.500000e+02 -2.150000e+02 0.000000e+00
      vertex   -1.600000e+02 -1.250000e+02 0.000000e+00
      vertex   -1.500000e+02 -1.350000e+02 0.000000e+00
    endloop
  endfacet
  facet normal 0.000000e+00 0.000000e+00 -1.000000e+00
    outer loop
      vertex   -2.500000e+02 -2.150000e+02 0.000000e+00
      vertex   -1.500000e+02 -1.350000e+02 0.000000e+00
      vertex   -2.400000e+02 -2.250000e+02 0.000000e+00
    endloop
  endfacet
  facet normal 0.000000e+00 0.000000e+00 -1.000000e+00
    outer loop
      vertex   -2.400000e+02 -2.250000e+02 0.000000e+00
      vertex   -1.500000e+02 -1.350000e+02 0.000000e+00
      vertex   -1.500000e+02 -2.150000e+02 0.000000e+00
    endloop
  endfacet
  facet normal 0.000000e+00 0.000000e+00 -1.000000e+00
    outer loop
      vertex   -2.400000e+02 -2.250000e+02 0.000000e+00
      vertex   -1.500000e+02 -2.150000e+02 0.000000e+00
      vertex   -1.600000e+02 -2.250000e+02 0.000000e+00
    endloop
  endfacet
  facet normal 0.000000e+00 0.000000e+00 -1.000000e+00
    outer loop
      vertex   -1.600000e+02 -2.250000e+02 0.000000e+00
      vertex   -1.500000e+02 -2.150000e+02 0.000000e+00
      vertex   -1.586947e+02 -2.249144e+02 0.000000e+00
    endloop
  endfacet
  facet normal 0.000000e+00 0.000000e+00 -1.000000e+00
    outer loop
      vertex   -1.586947e+02 -2.249144e+02 0.000000e+00
      vertex   -1.500000e+02 -2.150000e+02 0.000000e+00
      vertex   -1.574118e+02 -2.246593e+02 0.000000e+00
    endloop
  endfacet
  facet normal 0.000000e+00 0.000000e+00 -1.000000e+00
    outer loop
      vertex   -1.574118e+02 -2.246593e+02 0.000000e+00
      vertex   -1.500000e+02 -2.150000e+02 0.000000e+00
      vertex   -1.561732e+02 -2.242388e+02 0.000000e+00
    endloop
  endfacet
  facet normal 0.000000e+00 0.000000e+00 -1.000000e+00
    outer loop
      vertex   -1.561732e+02 -2.242388e+02 0.000000e+00
      vertex   -1.500000e+02 -2.150000e+02 0.000000e+00
      vertex   -1.550000e+02 -2.236603e+02 0.000000e+00
    endloop
  endfacet
  facet normal 0.000000e+00 0.000000e+00 -1.000000e+00
    outer loop
      vertex   -1.550000e+02 -2.236603e+02 0.000000e+00
      vertex   -1.500000e+02 -2.150000e+02 0.000000e+00
      vertex   -1.539124e+02 -2.229335e+02 0.000000e+00
    endloop
  endfacet
  facet normal 0.000000e+00 0.000000e+00 -1.000000e+00
    outer loop
      vertex   -1.539124e+02 -2.229335e+02 0.000000e+00
      vertex   -1.500000e+02 -2.150000e+02 0.000000e+00
      vertex   -1.529289e+02 -2.220711e+02 0.000000e+00
    endloop
  endfacet
  facet normal 0.000000e+00 0.000000e+00 -1.000000e+00
    outer loop
      vertex   -1.529289e+02 -2.220711e+02 0.000000e+00
      vertex   -1.500000e+02 -2.150000e+02 0.000000e+00
      vertex   -1.520665e+02 -2.210876e+02 0.000000e+00
    endloop
  endfacet
  facet normal 0.000000e+00 0.000000e+00 -1.000000e+00
    outer loop
      vertex   -1.520665e+02 -2.210876e+02 0.000000e+00
      vertex   -1.500000e+02 -2.150000e+02 0.000000e+00
      vertex   -1.513397e+02 -2.200000e+02 0.000000e+00
    endloop
  endfacet
  facet normal 0.000000e+00 0.000000e+00 -1.000000e+00
    outer loop
      vertex   -1.513397e+02 -2.200000e+02 0.000000e+00
      vertex   -1.500000e+02 -2.150000e+02 0.000000e+00
      vertex   -1.507612e+02 -2.188268e+02 0.000000e+00
    endloop
  endfacet
  facet normal 0.000000e+00 0.000000e+00 -1.000000e+00
    outer loop
      vertex   -1.507612e+02 -2.188268e+02 0.000000e+00
      vertex   -1.500000e+02 -2.150000e+02 0.000000e+00
      vertex   -1.503407e+02 -2.175882e+02 0.000000e+00
    endloop
  endfacet
  facet normal 0.000000e+00 0.000000e+00 -1.000000e+00
    outer loop
      vertex   -1.503407e+02 -2.175882e+02 0.000000e+00
      vertex   -1.500000e+02 -2.150000e+02 0.000000e+00
      vertex   -1.500856e+02 -2.163053e+02 0.000000e+00
    endloop
  endfacet
  facet normal 0.000000e+00 0.000000e+00 -1.000000e+00
    outer loop
      vertex   -2.499144e+02 -1.336947e+02 0.000000e+00
      vertex   -2.496593e+02 -1.324118e+02 0.000000e+00
      vertex   -2.400000e+02 -1.250000e+02 0.000000e+00
    endloop
  endfacet
  facet normal 0.000000e+00 0.000000e+00 -1.000000e+00
    outer loop
      vertex   -2.400000e+02 -1.250000e+02 0.000000e+00
      vertex   -2.496593e+02 -1.324118e+02 0.000000e+00
      vertex   -2.492388e+02 -1.311732e+02 0.000000e+00
    endloop
  endfacet
  facet normal 0.000000e+00 0.000000e+00 -1.000000e+00
    outer loop
      vertex   -2.400000e+02 -1.250000e+02 0.000000e+00
      vertex   -2.492388e+02 -1.311732e+02 0.000000e+00
      vertex   -2.486603e+02 -1.300000e+02 0.000000e+00
    endloop
  endfacet
  facet normal 0.000000e+00 0.000000e+00 -1.000000e+00
    outer loop
      vertex   -2.486603e+02 -1.300000e+02 0.000000e+00
      vertex   -2.479335e+02 -1.289124e+02 0.000000e+00
      vertex   -2.400000e+02 -1.250000e+02 0.000000e+00
    endloop
  endfacet
  facet normal 0.000000e+00 0.000000e+00 -1.000000e+00
    outer loop
      vertex   -2.400000e+02 -1.250000e+02 0.000000e+00
      vertex   -2.479335e+02 -1.289124e+02 0.000000e+00
      vertex   -2.470711e+02 -1.279289e+02 0.000000e+00
    endloop
  endfacet
  facet normal 0.000000e+00 0.000000e+00 -1.000000e+00
    outer loop
      vertex   -2.400000e+02 -1.250000e+02 0.000000e+00
      vertex   -2.470711e+02 -1.279289e+02 0.000000e+00
      vertex   -2.460876e+02 -1.270665e+02 0.000000e+00
    endloop
  endfacet
  facet normal 0.000000e+00 0.000000e+00 -1.000000e+00
    outer loop
      vertex   -2.460876e+02 -1.270665e+02 0.000000e+00
      vertex   -2.450000e+02 -1.263397e+02 0.000000e+00
      vertex   -2.400000e+02 -1.250000e+02 0.000000e+00
    endloop
  endfacet
  facet normal 0.000000e+00 0.000000e+00 -1.000000e+00
    outer loop
      vertex   -2.400000e+02 -1.250000e+02 0.000000e+00
      vertex   -2.450000e+02 -1.263397e+02 0.000000e+00
      vertex   -2.438268e+02 -1.257612e+02 0.000000e+00
    endloop
  endfacet
  facet normal 0.000000e+00 0.000000e+00 -1.000000e+00
    outer loop
      vertex   -2.400000e+02 -1.250000e+02 0.000000e+00
      vertex   -2.438268e+02 -1.257612e+02 0.000000e+00
      vertex   -2.425882e+02 -1.253407e+02 0.000000e+00
    endloop
  endfacet
  facet normal 0.000000e+00 0.000000e+00 -1.000000e+00
    outer loop
      vertex   -2.425882e+02 -1.253407e+02 0.000000e+00
      vertex   -2.413053e+02 -1.250856e+02 0.000000e+00
      vertex   -2.400000e+02 -1.250000e+02 0.000000e+00
    endloop
  endfacet
  facet normal -0.000000e+00 -0.000000e+00 -1.000000e+00
    outer loop
      vertex   -1.586947e+02 -1.250856e+02 0.000000e+00
      vertex   -1.574118e+02 -1.253407e+02 0.000000e+00
      vertex   -1.600000e+02 -1.250000e+02 0.000000e+00
    endloop
  endfacet
  facet normal 0.000000e+00 0.000000e+00 -1.000000e+00
    outer loop
      vertex   -1.600000e+02 -1.250000e+02 0.000000e+00
      vertex   -1.574118e+02 -1.253407e+02 0.000000e+00
      vertex   -1.561732e+02 -1.257612e+02 0.000000e+00
    endloop
  endfacet
  facet normal 0.000000e+00 0.000000e+00 -1.000000e+00
    outer loop
      vertex   -1.600000e+02 -1.250000e+02 0.000000e+00
      vertex   -1.561732e+02 -1.257612e+02 0.000000e+00
      vertex   -1.550000e+02 -1.263397e+02 0.000000e+00
    endloop
  endfacet
  facet normal -0.000000e+00 -0.000000e+00 -1.000000e+00
    outer loop
      vertex   -1.550000e+02 -1.263397e+02 0.000000e+00
      vertex   -1.539124e+02 -1.270665e+02 0.000000e+00
      vertex   -1.600000e+02 -1.250000e+02 0.000000e+00
    endloop
  endfacet
  facet normal 0.000000e+00 0.000000e+00 -1.000000e+00
    outer loop
      vertex   -1.600000e+02 -1.250000e+02 0.000000e+00
      vertex   -1.539124e+02 -1.270665e+02 0.000000e+00
      vertex   -1.529289e+02 -1.279289e+02 0.000000e+00
    endloop
  endfacet
  facet normal 0.000000e+00 0.000000e+00 -1.000000e+00
    outer loop
      vertex   -1.600000e+02 -1.250000e+02 0.000000e+00
      vertex   -1.529289e+02 -1.279289e+02 0.000000e+00
      vertex   -1.520665e+02 -1.289124e+02 0.000000e+00
    endloop
  endfacet
  facet normal -0.000000e+00 -0.000000e+00 -1.000000e+00
    outer loop
      vertex   -1.520665e+02 -1.289124e+02 0.000000e+00
      vertex   -1.513397e+02 -1.300000e+02 0.000000e+00
      vertex   -1.600000e+02 -1.250000e+02 0.000000e+00
    endloop
  endfacet
  facet normal 0.000000e+00 0.000000e+00 -1.000000e+00
    outer loop
      vertex   -1.600000e+02 -1.250000e+02 0.000000e+00
      vertex   -1.513397e+02 -1.300000e+02 0.000000e+00
      vertex   -1.507612e+02 -1.311732e+02 0.000000e+00
    endloop
  endfacet
  facet normal 0.000000e+00 0.000000e+00 -1.000000e+00
    outer loop
      vertex   -1.600000e+02 -1.250000e+02 0.000000e+00
      vertex   -1.507612e+02 -1.311732e+02 0.000000e+00
      vertex   -1.503407e+02 -1.324118e+02 0.000000e+00
    endloop
  endfacet
  facet normal -0.000000e+00 -0.000000e+00 -1.000000e+00
    outer loop
      vertex   -1.503407e+02 -1.324118e+02 0.000000e+00
      vertex   -1.500856e+02 -1.336947e+02 0.000000e+00
      vertex   -1.600000e+02 -1.250000e+02 0.000000e+00
    endloop
  endfacet
  facet normal 0.000000e+00 0.000000e+00 -1.000000e+00
    outer loop
      vertex   -1.600000e+02 -1.250000e+02 0.000000e+00
      vertex   -1.500856e+02 -1.336947e+02 0.000000e+00
      vertex   -1.500000e+02 -1.350000e+02 0.000000e+00
    endloop
  endfacet
  facet normal 0.000000e+00 0.000000e+00 -1.000000e+00
    outer loop
      vertex   -2.400000e+02 -2.250000e+02 0.000000e+00
      vertex   -2.413053e+02 -2.249144e+02 0.000000e+00
      vertex   -2.500000e+02 -2.150000e+02 0.000000e+00
    endloop
  endfacet
  facet normal 0.000000e+00 0.000000e+00 -1.000000e+00
    outer loop
      vertex   -2.500000e+02 -2.150000e+02 0.000000e+00
      vertex   -2.413053e+02 -2.249144e+02 0.000000e+00
      vertex   -2.425882e+02 -2.246593e+02 0.000000e+00
    endloop
  endfacet
  facet normal 0.000000e+00 0.000000e+00 -1.000000e+00
    outer loop
      vertex   -2.500000e+02 -2.150000e+02 0.000000e+00
      vertex   -2.425882e+02 -2.246593e+02 0.000000e+00
      vertex   -2.438268e+02 -2.242388e+02 0.000000e+00
    endloop
  endfacet
  facet normal 0.000000e+00 0.000000e+00 -1.000000e+00
    outer loop
      vertex   -2.438268e+02 -2.242388e+02 0.000000e+00
      vertex   -2.450000e+02 -2.236603e+02 0.000000e+00
      vertex   -2.500000e+02 -2.150000e+02 0.000000e+00
    endloop
  endfacet
  facet normal 0.000000e+00 0.000000e+00 -1.000000e+00
    outer loop
      vertex   -2.500000e+02 -2.150000e+02 0.000000e+00
      vertex   -2.450000e+02 -2.236603e+02 0.000000e+00
      vertex   -2.460876e+02 -2.229335e+02 0.000000e+00
    endloop
  endfacet
  facet normal 0.000000e+00 0.000000e+00 -1.000000e+00
    outer loop
      vertex   -2.500000e+02 -2.150000e+02 0.000000e+00
      vertex   -2.460876e+02 -2.229335e+02 0.000000e+00
      vertex   -2.470711e+02 -2.220711e+02 0.000000e+00
    endloop
  endfacet
  facet normal 0.000000e+00 0.000000e+00 -1.000000e+00
    outer loop
      vertex   -2.470711e+02 -2.220711e+02 0.000000e+00
      vertex   -2.479335e+02 -2.210876e+02 0.000000e+00
      vertex   -2.500000e+02 -2.150000e+02 0.000000e+00
    endloop
  endfacet
  facet normal 0.000000e+00 0.000000e+00 -1.000000e+00
    outer loop
      vertex   -2.500000e+02 -2.150000e+02 0.000000e+00
      vertex   -2.479335e+02 -2.210876e+02 0.000000e+00
      vertex   -2.486603e+02 -2.200000e+02 0.000000e+00
    endloop
  endfacet
  facet normal 0.000000e+00 0.000000e+00 -1.000000e+00
    outer loop
      vertex   -2.500000e+02 -2.150000e+02 0.000000e+00
      vertex   -2.486603e+02 -2.200000e+02 0.000000e+00
      vertex   -2.492388e+02 -2.188268e+02 0.000000e+00
    endloop
  endfacet
  facet normal 0.000000e+00 0.000000e+00 -1.000000e+00
    outer loop
      vertex   -2.492388e+02 -2.188268e+02 0.000000e+00
      vertex   -2.496593e+02 -2.175882e+02 0.000000e+00
      vertex   -2.500000e+02 -2.150000e+02 0.000000e+00
    endloop
  endfacet
  facet normal 0.000000e+00 0.000000e+00 -1.000000e+00
    outer loop
      vertex   -2.500000e+02 -2.150000e+02 0.000000e+00
      vertex   -2.496593e+02 -2.175882e+02 0.000000e+00
      vertex   -2.499144e+02 -2.163053e+02 0.000000e+00
    endloop
  endfacet
endsolid
